item_id,cn_ftllm_output,de_ftllm_output,es_ftllm_output
1,-2.921435459246448,-2.282835515469048,-2.599217085372473
2,-2.4523165883659,-2.436383786030893,-2.4390537983152347
3,1.4816237761690303,2.024363056299845,2.3571449071132182
4,1.317186399543231,0.8680045861218564,1.8172889683743256
5,-3.459807287584002,-3.6027268181681484,-3.674404147300719
6,-0.4422587394087204,-0.5375865367712327,-0.6982042294143305
7,2.636839909620732,2.373974360834731,2.820606129377597
8,-0.1433802047634309,0.6316036354214878,0.0648829385528352
9,-0.2555255172978757,-0.7904550146207974,-0.5964504139343406
10,-2.166199222345358,-2.311407697782736,-0.6180683057042081
11,1.612500430518414,-1.949864257860421,0.0773667311003446
12,-0.3425216827334139,0.2433448075993177,-1.3300351855647077
13,-0.8596168948329875,-2.316041023277286,-2.1569009872547347
14,0.1948168094898413,-0.7167603814858501,-0.3729677644581964
15,-2.1735605740807578,-1.163871953763198,-1.6851460572027854
16,2.6221031477271275,1.7655707346071754,2.837196180915904
17,-0.2889793431847974,-0.6307250482641251,-1.0176781675837956
18,2.582758486822277,2.483822969083728,2.6391726832690203
19,0.0503051662551583,0.132615531677769,-0.0054526972759469
20,1.5599684557964233,-0.255878076077107,0.4065247343098507
21,-1.5806380073257558,2.6020391910296,2.8686107057696244
22,3.5532450867084417,3.1500608982784035,2.912587283684131
23,-2.2204589937421955,-3.801381974049542,-3.402255999972108
24,0.4040484056280556,-0.6103791076846877,1.6351600087052711
25,0.4846376894690556,-2.1128963617241925,-1.4488287249296077
26,1.4250000992430387,-0.4203800219204856,0.8676471422528356
27,-1.2903540652978986,-2.0080994818935505,-0.3419659928564765
28,0.2415268032260716,0.1236297877531062,0.3355068843581127
29,-1.759203473067254,-1.735698809347417,0.1641620783341884
30,-0.7671390844519372,0.5582534168494966,-0.0221993164207851
31,-1.641966689331167,-1.758866300507145,-1.9804710945301944
32,2.6871216889241767,2.46826549695592,2.270029679628316
33,-2.207512977819168,-1.9349239521707449,-1.06650019716806
34,-1.2518703952547918,-0.3923574252984733,-1.894210766800091
35,0.2262310111099839,-1.1567352045760684,-0.6302035949196717
36,-0.8235851342963327,-0.2884337985584759,0.4185848464861372
37,1.3560538810086014,-0.4772050500892107,-0.0799877478446511
38,-0.0615875643822639,-0.8447961869175039,-0.7164104740069964
39,-2.578713589450164,-1.7398545515122892,-1.9718531280056573
40,3.0602012411360846,2.817359189983237,3.263734258282958
41,-1.7030524483608749,-2.005099357749584,-2.167602825073973
42,0.3751248907181737,0.5209937722415252,0.1977495297350507
43,0.5986811867114507,-0.1953315345145264,-0.1597942544916954
44,0.7613340799240522,0.8523975149604752,0.9180000191636302
45,1.0285117493699565,2.6440499745958417,0.8695566090266651
46,1.948943362882816,0.9532431488105876,1.77494588248171
47,-2.6882173972841192,-2.5290349724760204,-0.9848111389606924
48,-1.6676623890185518,-1.6146507823273375,-2.215033231758143
49,-0.7587190645458615,-0.6550341736793788,-0.8654816874619138
50,-0.2050647737703365,-1.5136069564136343,-2.0677116730796543
51,-2.0929491065733985,-0.6793569574145213,-2.710174326306168
52,-1.1190346657213726,-0.258010803249733,0.2255170872887245
53,1.0268902296629163,0.6188062257115134,1.1804397819928605
54,0.0838389899819876,-0.7634955604711327,-1.3490081925268085
55,-1.4431560441699889,-0.7055333777907511,-0.4474782534295428
56,-0.92695180656647,0.3175320554822707,-1.905830811458436
57,2.6101617984117707,1.3006268425863643,1.69896945265469
58,2.385186396583215,1.993737422210188,2.230690994675516
59,-1.121611142484688,1.0179481099836225,1.3883998383175882
60,0.3510176716908095,-0.6458913339507419,0.3591488664328287
61,-2.98544043148755,-2.280676295405032,-0.5754657347569927
62,1.4302184355619536,0.469881564377365,1.3398896165101255
63,0.8410262979407872,-1.09215464849675,-1.1790190485471312
64,2.458231059140472,2.193942618254133,2.710288478833284
65,0.2664645993022358,-0.0801796788057393,0.0657570453411026
66,0.9277212285194308,-0.1091640750175645,1.2156107857495948
67,0.4298533170547231,0.5122886486574552,0.1565558959030024
68,-0.0565859737886489,-0.0431287648071418,-1.9440237290795928
69,0.4097999947938844,1.0937063821865056,2.306384027457371
70,-0.837980081184261,-1.4682426319579132,-0.6018504633850421
71,-1.8149603217012389,2.1135674008132472,2.228904958377224
72,1.035434878715959,-0.0051654080236215,0.1176816641320159
73,-1.807102720010044,-0.7037392053963722,-2.4138483263712365
74,2.4920198259781348,2.2160162536987613,0.3639250784136357
75,-1.596627130493686,-2.798978300183273,-2.938027080761085
76,-1.6794393160163124,-1.6701623450993446,-2.164711889441131
77,-2.2293061645569834,-3.372548449029239,-1.7208661419495872
78,3.2184347909536366,3.288996254923233,3.5609348709143074
79,0.8938701095833347,1.112675396653471,1.2160973640443362
80,-0.7932618728864756,-2.281245000467407,-1.7707257175377074
81,-0.4637123067032541,-1.262226096493246,-0.5776110440263598
82,-1.246988127708215,-2.480852332123447,-2.750551145483073
83,0.7844368244523048,0.8338243506051171,1.4649755823387052
84,-1.0385698965012495,-0.6810420628680269,-2.885932734516099
85,0.1158254102951208,0.1592421465918422,0.0295019088489768
86,-1.2149785421564565,0.7213436690407921,0.8482045988969302
87,0.1480197582380691,0.0510163770099929,3.077044450069662
88,0.4679411572875521,-1.1155550089240824,-0.7311071484393368
89,-1.2747227116641306,-1.286110295310404,-1.310780384788061
90,2.60023057404845,2.0364571711945727,2.5532810029086166
91,0.2136995727891952,-0.0627472061298884,-0.2273521045884552
92,0.0191910631521878,0.7694185271911248,-0.92011397164281
93,1.4575949287684722,1.973183514964064,2.4929154031810783
94,2.0558775000329508,1.7902903661421816,3.0364083430865083
95,-2.977167105512293,-3.125856625814311,-2.933396456657228
96,-1.79333356774846,-1.3343691254386727,-2.822659650028404
97,3.0235729262259774,2.980150122242602,3.367869173854725
98,-0.7659192705971795,-0.8514180648560596,-1.2914216334091777
99,0.60457592356946,2.1648472812212955,-1.0265488549662491
100,2.210471570095588,2.325373303050925,2.7832483283679736
101,-0.4534554027155859,2.3837964882446063,2.651392025064545
102,-2.5466621029995222,-3.240928722319325,-3.494552109994024
103,2.5068675171423926,2.4180931118345934,2.968790213232086
104,1.7813806998769348,1.5002862377381032,1.8075858529893485
105,1.813285862679888,1.4892088903599436,-0.0665991051095705
106,1.7341976501656229,2.076120367304322,2.3298379097258115
107,1.1214878433260045,0.5754316703610742,1.0780866113465837
108,0.0410679317407285,-2.3946458978389256,-0.7012210651667894
109,-1.861675050529095,-1.8575610646257903,-2.113892368213288
110,-1.1880147235463487,-1.1274990867426755,-1.3163473747989864
111,1.4430812523148904,0.1235909151177631,0.4832252340930283
112,-2.634716260438909,-2.945455424441952,-3.068591598558574
113,-1.3612649656140443,-1.941319796404517,-1.5122444270251731
114,-0.996159468485296,-0.8756413925921003,-1.8144173184311176
115,0.1466557731948906,0.2871104851078506,-0.4316976648589279
116,-1.6454231362003249,-1.2347387555789149,-1.0311987147286636
117,-1.257038734514026,-2.0242023904302697,-2.3475473477398325
118,-1.4636525471756443,-1.1735654618174445,-0.927209703523176
119,-0.3867037064381675,-0.4990256618470044,-0.2457639962803876
120,-0.6477879106108324,-1.7547989886398314,-2.30020420135934
121,2.1192242021126986,0.9137866735237844,0.6495791086415251
122,-0.1596565711509248,-0.868542646394749,-0.2223143968739704
123,0.6826937919740557,2.959199882272887,1.139796984964029
124,0.1924252684645442,-0.7165111568878492,-0.6674676973271134
125,2.51224830932259,2.016220116379296,2.640582702861044
126,1.2604996029373825,0.9304005092561928,1.610762212712476
127,-1.399849604755886,-1.3336435503451902,-1.1611248895163733
128,-1.3917956571982897,-1.2731796657116083,-1.317682759294976
129,-2.3245372540997087,-1.1567660459557028,-2.0632627921326905
130,-2.2245912309441347,-3.301124679304724,-0.1698494651712516
131,-1.186666111022591,-1.0339849702932769,-1.386460394118071
132,0.9632529292348312,-1.145091443406173,-2.035648154439071
133,0.6976189699409345,1.5404363444523783,0.8144205222762049
134,1.2036556875353002,0.5430774153661535,1.076755247317816
135,1.8162098992344569,1.445571608356477,1.8284161706872384
136,-1.6622281021343344,-2.473189273898317,0.0111893951378359
137,-1.812673016010354,-1.2523366478973512,-1.6286809883545328
138,-1.2738571869287505,0.9933646847337654,-0.5940831731362121
139,-1.3624524684814636,-2.012952337013379,-1.320409894294963
140,-2.3804037970739227,-1.1359849664172204,-0.4957602470554275
141,0.9782247631489294,1.8050580700982235,1.9561480447737296
142,2.7601916254534182,2.816904802305846,1.7442592345877823
143,0.1315993293170269,-0.0713847080333886,-0.4005723770085447
144,1.250400063516265,-0.3994352135390094,1.6530492007861448
145,-1.9090002105667947,-0.3863583220654935,-0.0845007183964952
146,-1.2516668181885964,1.845066231547002,-1.595652345781631
147,0.0152179794750607,0.3101761220015079,-1.041616175818409
148,-1.4480528642313213,1.8616690445757256,2.462086627568957
149,0.9426949285846886,-1.696116443636683,0.1392193822151664
150,1.3565767033235387,-0.2813526978653717,-0.3517428656090233
151,0.5484354648049475,0.8223892349821393,0.3195474612596679
152,0.9849552241924776,-2.729615181650465,-2.796169733780633
153,0.931049183199665,0.2530501818607074,0.2339483300491397
154,-1.8983693239183683,0.194895839852686,-0.8343335831590626
155,1.576526451417828,1.2441415843698935,-0.6455867191413212
156,-1.6472015994130274,-1.3217095460770816,-2.0264161819437407
157,-0.1907837704122998,2.093216548895528,0.3133212886168133
158,-2.6525238007973986,-3.067741259406386,-2.595007592567117
159,-1.257250040776856,-1.8833490015683247,-1.143087687189643
160,0.2224677805875094,-0.3581772292893077,-1.1472121377226152
161,0.2845383140704527,-2.54631105083655,-1.3116018391347013
162,-2.014634393163136,-2.213299868267642,-2.6584276126283144
163,1.243646595609448,-0.2097924294828283,0.715237106911828
164,-0.1470089755398986,-1.0444859517301166,-0.8289090584307335
165,-0.1354072447790582,-1.897648871874128,-1.274829734697961
166,1.0878731048919856,1.854249816008996,2.100399209314588
167,-2.2334848503865588,-1.5857654566415047,-1.013462577077293
168,1.9190163093599444,1.8816755489710213,2.2838240004914057
169,-1.2146786039595072,0.3810360677165201,-1.148218087609918
170,1.861224818247261,1.4662490971445423,1.61959583572487
171,-2.286057005641064,-2.8170425772546377,-2.29699321469007
172,1.16836272441601,1.7408117107295056,1.7583933891126486
173,-1.0112684874997149,-0.4538278782313701,1.3262509105005424
174,1.9315288052733943,0.8938851118131218,2.44488255204372
175,1.1652678385124742,1.6964653197650412,2.244895578028944
176,-1.434000765905568,-2.318823299444241,-2.63035813362874
177,-1.4205949787565066,-1.1090255797165849,-1.3836548776754105
178,-1.593603485351183,-1.4879603270931776,-1.839078905864148
179,-1.816042665778845,-2.24158676562341,-1.095423219412066
180,1.143925809608156,-0.7031241124011045,-0.6586592908075237
181,-1.7291379405859868,-2.067887118791879,-0.2857885745975201
182,-2.079771863949457,-2.477748036575324,-2.787563233461549
183,-0.1850232884440454,1.527878158197078,2.1301917205858545
184,-2.860615155026107,-1.5319968309175511,0.3447255112902978
185,1.875307878094889,1.1041063612236872,2.710346010277064
186,3.4035449142374845,2.676689766756857,3.6232951997261047
187,-2.774440544347088,0.2993676081641794,-2.7228662982144733
188,-3.089738569943252,-3.3876604138917137,-2.612311315823801
189,-0.4617748985785673,-1.8380062928344203,-1.957764709449464
190,-2.0337167821583986,2.08502749358357,2.3785630587697715
191,-1.9108307555708337,-2.786676028048105,-2.696907001937608
192,-1.2207365256272948,-0.8916741063169826,-1.6322260897323784
193,2.5717496452513515,2.541381219312159,2.5679065454001813
194,0.014859431015856,-0.3157919564273951,-1.760515106761635
195,0.2886392762357688,-1.013005650508648,-1.1183224740007782
196,2.457769247926288,2.008121862405971,2.407104613316154
197,1.7464812771471596,-0.7399954481778985,0.725833195756256
198,-2.767563151558857,-3.3859496491843446,-2.0417115480480543
199,0.826710477525741,1.4494446873558813,2.1300233452553696
200,-1.034722854400604,-1.905306901220129,-1.1018945597327632
201,1.173560831275572,1.483820757493873,1.4486349073665044
202,0.0416587110378409,0.8528444374540626,1.2450933758602143
203,-2.928259038749399,-1.6567533522499729,-1.7589645013785886
204,-0.989841262609572,-0.6748897525706352,-2.182493906759293
205,1.417238961923871,1.2085292179113143,1.7584950020873071
206,-1.2875079392494932,0.7631696196902319,1.4821147746532546
207,-1.3668183365985842,-1.028552451427302,-0.5875894521002133
208,-0.3714423336288569,-0.5943625025632944,-0.5403241595871646
209,1.6341202776726858,1.0767070123100586,-0.2889029581064675
210,1.1651365982370512,0.8935009057722622,1.017459116962183
211,2.614199114901556,2.232369851129344,2.600970051938479
212,-0.8278222669444011,-0.462120409941425,-0.2364122171859639
213,-1.9008908324788765,-3.0391346956526286,0.3299962504049023
214,-0.5353237438401118,-0.4561176844609279,-0.171720300368002
215,2.0101512138556705,-0.4966600897700884,1.2899163733591117
216,-1.6005335069113646,-2.466191212497205,-1.6429431081387982
217,-0.0293676731481648,0.2727109917778028,0.3552258069178419
218,0.0840698903629901,-0.9935770963242728,0.0099543712077597
219,-0.0734695522151663,-0.4324162944852837,0.005473153091246
220,-0.7830344220036733,-2.3005391365379064,-2.104975794094269
221,-0.7134690187740551,2.04763388959485,-0.5705718183923665
222,-1.688916994876505,-2.1057359229107457,-0.4467357234837784
223,-1.6575840452849335,-1.6464590265218966,-1.4240094744004244
224,1.2560952635372151,0.5521724775007469,0.8081497153516226
225,0.4363555687206503,-0.2977986206688616,0.068450826663695
226,0.7864476253706192,1.2955316542949007,0.6073371688179678
227,-1.0550729564879733,-0.0792060317051794,1.1818603326968289
228,-2.138062432697505,-2.194696500398699,1.2238923273174742
229,-0.0519563696239707,-0.875724730605579,-0.2641983773315066
230,1.3803964390054575,0.9134698975017466,0.8789781620677612
231,2.8491362534457467,1.8753100239227145,1.5513304877428211
232,0.1623212964672211,-1.4883017830541754,-1.0338898464665451
233,-0.8095966633237748,-1.4343112252664376,-1.4376598373760978
234,1.2682403268386029,0.1910055893719966,0.5487377486000158
235,1.023283502984648,1.8144223666776973,-0.0892479431327518
236,2.2644127500252886,2.421852958933808,3.003037638505196
237,-0.2053434041684486,-0.8528774218587372,-1.8184160206420057
238,-1.4494742573715784,-1.773699077966489,-2.937595315861404
239,-0.5828453616843353,2.7292168851225425,1.301994191090155
240,-1.278005802969476,0.8638117498714557,1.5943450322279469
241,1.3701969814348147,-0.2472134596531551,-0.9562740018498056
242,-1.1012634535728063,-0.717114698658505,-0.9269262294117376
243,1.355824103967371,-0.8663625013611405,-0.2864196225848939
244,-1.1823123627939658,-1.5467853727113243,-1.6418554886311998
245,1.6483971597284266,2.3343971037972224,0.0647012938484455
246,-0.1349270562482283,0.7609945091686887,0.160729493679746
247,-0.7670213845707123,-0.5090287010023333,-0.4920225819901463
248,2.5135969643788205,2.122429311945781,1.4795035423337517
249,3.2669749962845867,1.034095359073418,1.789777667382518
250,3.1913697410490744,2.5272692849685923,2.2824807228228257
251,-1.3805743596585576,-1.0154102099647215,1.6486228398518277
252,2.1928380822819804,2.2724135934117293,1.1954305451902558
253,0.1910872504454831,-0.7270868244980124,0.2959076437700308
254,-0.3098607868007966,0.6584544085414246,1.058994417052934
255,-1.8546775875755657,-0.9010986436283046,-0.0661291610895409
256,0.5284604746082382,-2.162240151763996,-2.113445329416476
257,0.1907268332313218,1.5839661253910369,1.6848961073548463
258,-0.816891279644264,1.95444633171332,-0.5221184196742361
259,-0.6016851921689242,-0.7863988834266598,-1.473152121607892
260,3.538781171777548,2.48817815144667,3.417657429976362
261,1.5753267948986636,-0.566791330528904,1.7647921296332771
262,-2.577891330258497,-2.372986307667414,-2.480583174221774
263,-0.4625755560847767,-0.8096268321235418,-0.2085498987916037
264,-1.5078108142130489,-1.4023979905738049,-0.7788769307965733
265,-0.1216182832137635,-0.486910337569423,0.7077272715061564
266,-1.2460940883677836,-0.6977894439848304,-0.130210277144622
267,-0.7808359899911919,-1.1382783289334937,-0.6425203684023089
268,1.5758243264478358,2.173958457623761,1.437845215886918
269,-0.4068882367088904,-0.7756665057736738,-0.7981492088818949
270,0.8034460315204918,-0.2548138378319395,0.1080629424260304
271,-1.43547248446738,1.5704216231378465,-0.6488080090369586
272,-2.0944695501944497,-2.0011591231884145,-2.12124956936348
273,-1.6455964812340504,-2.9772527036750964,-2.553440563379996
274,-2.1027963524146576,-2.479550307797444,1.5680637919553528
275,0.6177402858104999,-1.926392264603356,-1.4149439258664542
276,-0.5425038150510522,-0.5404494601306017,-0.8470963478694118
277,1.3478190195330022,1.1536039583133295,0.8729234955958833
278,2.131756480933909,2.1078615795412383,2.9111925833501497
279,-0.959422228508208,0.1153001968085433,-0.9686114873495416
280,-1.4235964394351883,-0.8982172633100189,-0.4559702095738372
281,0.8463968677156246,-0.4488562943907946,-0.6396179162406195
282,-1.5934121588136465,-2.5502500626063704,-0.2473833351856685
283,-1.0248885767524023,-0.9072575887928548,-1.0783354445859874
284,0.1235643953490197,0.8037261263425807,0.7635951084627042
285,0.0619693031294846,-0.9883564011060156,0.0034869912830692
286,2.9529090641991864,1.722923482434682,2.343106117195837
287,-0.53909835241748,-1.2063818476285246,-1.8608792907464544
288,1.5689744931567522,0.7612559310026383,1.9264633715449968
289,2.897198290541545,2.5962210029818107,3.053749856732462
290,-0.3788031174693628,-1.1303310673531948,0.0861011144014258
291,3.713393023144706,3.233912421140384,2.8039466146202567
292,-1.759420814585651,-1.537086350630941,-1.7462418753025546
293,3.081479616470629,3.007402522650505,3.368724318551163
294,-1.3165228900504926,0.2498479521559403,1.0775740093082091
295,-0.311311854892682,0.7673289007197013,-0.183223161482479
296,-0.0507700798798498,-1.7020744500440308,-0.3784347648486328
297,1.277641405890776,1.2893921887086954,1.2391634583961508
298,-0.8577667794241016,-1.0567596004833153,-0.7423545192731844
299,0.5416589305151559,-0.7293435428936457,-0.5845723978439504
300,2.2561870184333386,1.7221733760792812,2.4889778694171483
301,-2.014323087630175,-2.215231494256882,-2.487957970466649
302,-0.5442124529183769,-1.2714483256654836,-1.0167158208736404
303,-2.42568154109324,-2.1629273422601982,-0.6179361614109784
304,-1.0898556103678745,-1.9649777648439897,-2.155573276678844
305,-0.2274720941329825,-0.7642778901665452,-0.3231022028154727
306,0.0353441841889536,1.0414514349735975,1.26156779765443
307,1.0331855574080149,2.7059704565899727,0.3207814174229517
308,-3.108650744053903,-2.5558192147921965,-3.381976687741372
309,0.1935197311905928,-0.4908022082005349,-0.0245944579007531
310,-1.388347313519152,-1.6883952255277548,-1.4375993751121023
311,-0.4625335441611344,-1.1117620012168414,-1.4471339624830502
312,0.1023336866292522,1.0254643493360942,-2.2561036041176776
313,2.528476008052856,2.4262252139170983,2.5064069649429763
314,-1.2369909437466349,-0.4886537408650714,-1.3110450000239564
315,-3.380582822057603,-1.1212815011370822,-0.0035332884727356
316,-0.7162643866485607,0.3102284858994992,-0.9001264205374421
317,1.8501575792242604,0.6046151632747261,0.9876966569257056
318,2.0200497581154493,2.003318540691023,1.5277020517945277
319,-1.2647439057748495,-1.8022223687463177,-0.6229399201878838
320,-2.6092708304234926,-0.095418188451212,-1.3607103000448202
321,1.9865314735876904,1.4603546942356267,0.7016828074669843
322,-0.0220559154641717,-1.437923752041827,-1.5924027172546766
323,-1.2514736217983318,-0.8087741225401572,0.5699028081307347
324,-1.684131486521554,1.01465367718531,1.337900689672222
325,-0.3692501839725246,-1.620272320143131,-1.0899267180976642
326,0.9885455642107376,1.158913332845227,0.7567374402687129
327,0.5222256472041866,-0.8450699671704638,-0.4024589330631543
328,1.0284424918835764,0.5199084229080633,0.2232342662897863
329,0.0462984821942611,-0.664045531413153,-0.5256517907922591
330,0.8015158849822845,0.2016632813301415,0.2852443827784696
331,-0.232006318325751,-1.1693998846669709,-1.4664565250583954
332,2.484455243258112,1.498330946535063,1.4058916296364778
333,-0.8068573092799451,0.9933779108832372,1.6296493057363126
334,-0.1753568566146924,-0.5000972258182654,-0.80980037870128
335,2.845343829268431,2.157037177351071,2.293835231269148
336,-1.1266164014490818,-2.173756819964896,-2.056717061336331
337,-1.94780331324357,-0.2974033594180254,1.4486287337805297
338,0.4217316581077328,-0.4998808114179189,-0.2352245944061482
339,1.3481268491292888,1.313755582313954,-0.4615502341234538
340,-1.7417665749335007,-1.3782841488299746,-1.336847177685723
341,-0.7918091639141234,-0.8581077193555093,-1.1209397988979846
342,2.3946195713714284,2.5140702323545225,2.9523814746313124
343,-0.2165280144167812,-0.6922277604033897,-1.3431701485149512
344,0.1837754581948189,-0.1862813353008778,-0.5937784196262568
345,-1.275754664625499,-1.3700872757957736,-0.9383488042643487
346,-1.7642934431891726,-1.2014353925833796,-0.6823865531663162
347,1.9908792713590504,1.6153228427967623,1.2956921384634557
348,0.1368608574958917,-2.2651238521300985,-2.473456989278597
349,-0.568659112933389,0.9807389697119792,0.9318674055250946
350,3.0608232484788886,2.8625576099691776,3.306931742571196
351,1.5178767468985537,1.2844132459423507,1.7610427582558117
352,-1.0835106252658049,-0.0994431749665871,-1.0742082977827854
353,-1.5613175944627016,1.8461836589329628,-0.9502674065043148
354,-1.7457154464269522,-2.6137545929223416,-1.7938548776979215
355,-1.7289742992426351,-1.240749925758451,-2.6345134643398014
356,-0.7066061193276293,0.284404149702146,1.1369632745334497
357,0.3900760688882001,-0.4314237147040201,-0.2776400655271194
358,1.1299548503657058,0.0622153907771697,0.2998861303240008
359,-0.4226145498365573,-0.9501344017683246,-0.165417366301777
360,-0.1484845697881082,-1.0696180600301772,1.2675892301274034
361,0.9324697816589104,0.6335345384156195,0.7827612095837386
362,-1.7082754186152684,-1.821030398760273,-1.3674563770267536
363,0.5197521133163449,0.1361531987689956,0.1430730195297672
364,0.3550889206358368,1.892908259294893,-1.3717669681693558
365,-1.6617113231976255,-1.9843121438202047,-2.864386992231444
366,1.2092626887489342,-0.3042433990648335,0.1978451158566326
367,-1.3299397691837291,-1.12569774274882,2.567744496233461
368,0.4318491058767185,-0.4989659919179374,-1.5682521615523417
369,-2.292277733552779,-2.5443726430599143,-2.134113861125505
370,1.312695657655515,-0.8017044042988617,-0.1648795932115246
371,-1.1905849068705674,-1.3419060808553858,-1.6343717413454637
372,-0.3855195795661899,-1.050936215650519,-0.9136431191544494
373,0.0353570869607547,-1.5319564103102157,-2.7647893283832947
374,0.836264739164673,-0.458089157102612,-0.5206510886849217
375,1.0860944020831569,1.3886258795006667,0.3806243833843801
376,0.6281372561203746,-0.0701726089448092,-0.7282059065791874
377,-0.323678826148018,-0.3918806089310229,-0.1444532873695922
378,1.7713319396143166,0.1795042979013787,0.9209433486172404
379,1.5127413836020351,-0.4461716006243403,0.4833989164131542
380,-2.960920552519683,-2.827841977060265,-2.475235335674192
381,1.4512188461458948,0.1176578220536878,0.5638284715636814
382,1.1881170550402145,1.0142155536683648,1.1820894659777028
383,0.4866460958632634,0.1383234210812127,0.1205823085717184
384,-3.5350810097710093,-3.4703445612723693,-3.804826430166337
385,-2.83001128805442,-1.764726441311407,-2.510224873784152
386,2.987501359077437,3.050426550358084,3.6813795661233177
387,-2.180499455258957,-1.870081703068227,-2.1551881763894207
388,-2.8078276988650632,-2.989843942195998,-1.5972077200064834
389,-0.382196400197652,-2.129273864637692,-0.8152301828745782
390,-0.5814166194591459,-0.7494331368319302,-0.8453995394531009
391,0.27024587589595,0.1688969113699547,0.1923908105714389
392,0.7008467843210681,-0.6836614618106232,0.6898441384043847
393,0.0394905063166511,-0.1589465840416244,-1.2594611897503951
394,1.6960990881262996,1.4216431265165244,1.852462684965614
395,-1.2028013126605908,-1.5131517244659074,-0.5790030939500551
396,-0.0701502994323514,2.19307900043304,-2.1035678979196604
397,-0.2276362148970036,-1.287666424164949,-0.6940926707981694
398,-1.2478105723902968,-0.3654995889737903,-1.539087217527838
399,0.5275370278035649,-1.1441022213555143,-1.7687553599680903
400,-1.0025337202596,-0.4024780209941283,-0.2035735371310553
401,2.9811194871850426,2.703104335900575,3.2246482361467264
402,-0.307845336945015,-1.4647826919184443,-1.0313882763423097
403,-2.3356827815769723,-2.616620628900193,-2.636699087125199
404,2.1189452894990564,2.3257223885351133,2.786406322825635
405,-1.9886010791586293,-3.189174627242777,-3.0602933439092466
406,-0.4309625185274188,2.081837828662765,2.515125372190497
407,1.3738199553489894,1.6441750319434418,1.171356033272334
408,-0.0243871692161432,-0.6646308927130459,0.0638877596306036
409,-1.5945378285373746,-2.3591914792991,-3.213310342202807
410,-1.2276620094333803,-1.5101479058250276,-1.3584813274727985
411,-0.8787078135688745,0.5490776908779073,-1.7869642034482098
412,-1.053243180617447,-1.6061641040501264,-2.8444005541513624
413,-0.8285036773500145,-3.323635254659284,-0.555571182598523
414,-1.6019940269557649,-1.5351741247349366,-3.204448971213852
415,1.679314297258946,1.7579813087155902,2.312029827369529
416,-0.1486154856881346,-0.5424811392164861,-1.5227002890851125
417,0.2976870492170276,-0.4629484274901598,-0.1438703607162189
418,-1.4696979840613462,-2.87441477658094,-1.3219580008598049
419,-1.2818202853807064,1.9302335063696487,1.7825790072340288
420,1.3506035259588918,-0.1672757472251436,-1.683330174713587
421,-0.791784231021754,-2.195641457019496,-2.2604437895898
422,-1.0287809635270468,-1.857206966884673,-1.9122978416565903
423,1.6013690557391222,1.0754166027869596,0.8257995651340662
424,-0.5272029844151096,-1.592689694845847,1.8117897960752256
425,-0.1668013288249665,2.2745642247635223,-0.1863571312936805
426,2.200012034816893,1.5457214805555468,1.8745726671553409
427,-0.9830339765719392,-0.095876412872224,-0.7414128072258834
428,0.4276786105149756,-0.7648230478582001,0.3678294463427592
429,-1.900217304346832,-2.11600746242614,1.812770728683576
430,0.1685944933203654,0.6125872395113705,-0.3924017115937995
431,-0.7466731488579605,-1.3328318600341074,-1.1742599112099117
432,-1.0294041550685356,1.296240934913891,-1.0301401304530915
433,0.415692621166277,-0.0447826831844147,1.443701267435393
434,-1.5584423105633918,-1.4051898067481658,-1.303360334472483
435,-2.567023620121605,-1.6005403860668268,-2.691104580467151
436,0.6717188579773136,-1.9826789801582267,-1.313126629779544
437,-0.9494694078925716,0.9185023826755584,-1.1060603675035034
438,-0.878677190022926,0.1365463813205287,-1.9034240191254923
439,-2.250123566366231,-3.14378256145391,-3.374889038556708
440,0.5761063675623777,1.1305978265551926,0.6867999650069424
441,-0.4885845520887465,-0.9492562652990776,1.5313881306024064
442,-2.006358898976304,-1.6111983100678746,-2.388588820713743
443,1.3415608018069638,1.3858945353814192,1.7896576231266033
444,-0.9311817882982554,-2.124180546213044,-0.8585213560399161
445,-2.1177174680544923,-2.3701864886278536,-1.8024197967357247
446,0.657861067499839,-0.7184032381739418,-0.3033302945021477
447,-0.3283413088009896,-2.77666863546992,-1.2584037198613212
448,-1.3263135747794523,-1.6141786520058483,-1.430616354487667
449,-1.901729656787922,-1.296791553119092,-2.416587244095913
450,-1.3643592391621708,-0.7582962477694748,-0.6605708400034097
451,0.3075488808003228,1.77047138083419,1.2743895375553478
452,-0.8664876644808344,-1.5410408343094353,-1.4816039355125457
453,-2.065409978964724,-2.49185344353708,-0.890557754109705
454,0.1764717725347304,-1.6456993926477768,-2.2082871707002862
455,0.2256581068100646,-1.2962294482966437,-1.473474090107228
456,-2.4198827435518773,-2.061167649822089,-2.976016673267228
457,-1.1210184621734096,0.162378610953555,2.916989742136263
458,0.4280673143070131,-0.165200450138164,0.3197881883354936
459,2.278382273129309,2.050095576833729,2.134574303151584
460,0.6216942935060493,0.0003697621531662,-0.0163585617500327
461,-2.036270907652711,-2.603244381472982,-2.043331653442776
462,0.4849103819784928,1.0190032299933507,1.1691792766411049
463,1.5475109838783023,1.977842710203221,2.191757695957936
464,0.9791146852987608,-0.0115808843961931,0.0704958119360203
465,1.077025420134509,2.140481944928331,0.65855478304895
466,1.5750231581295648,-0.8918542394732206,2.731191914823388
467,1.2524818279476375,0.7543631838045094,0.913106730962216
468,1.158888225315672,1.3503830611978471,1.8429581554971768
469,1.7679155512032605,0.7434922269467892,1.3488141110613077
470,0.078799805808567,-0.3687832821374232,1.4783917407102052
471,1.993839344547213,1.277349641200116,0.4499106564918071
472,1.030386495280874,-0.0708575574574535,-0.2996919877333645
473,1.4577914682355997,0.1052509966479107,0.32190174962164
474,0.7630256080545641,-0.726432238880081,-2.427749820333591
475,-0.5223946312022879,-1.045211141545522,-1.1326159394562914
476,-1.1955268187917405,-0.5709930087505979,-2.0664975505284056
477,-0.4027053048980463,-1.6441178336478728,-2.4832383312915383
478,-0.0386637774036004,-0.8977270826460382,-1.4843935521752858
479,-1.559420623989862,-1.6083561381007545,-1.656326652655414
480,0.7793375054824434,0.6694822014965371,1.374859860415774
481,-1.4849753906915326,-2.5528915580483424,-1.2775519918400318
482,-0.5417111043854387,-0.6073391139540756,0.4277403703536857
483,1.3117758400916184,0.8065996917395662,0.6700534393715515
484,0.3124456071329382,-1.0208250041915092,-0.8474483840949681
485,-1.3185115579469722,-1.6435987560427474,-2.423738042304222
486,-1.5390778676931995,-1.9959661391509496,-0.4695136943766156
487,-0.1130911942166389,-0.9050047672615458,-0.8526714448151042
488,-0.7558589774816036,-0.4515951475826397,-0.2357386915633816
489,-0.1231887790855572,-0.8448855959202917,-0.7905440779821531
490,0.6664386467844112,0.892867407359834,1.459465770025246
491,-1.94096399884134,-2.8401523263940947,-1.889834484548648
492,0.6845441278833215,0.2806610223256541,0.5220397621291757
493,-1.431603292366616,0.0270899499326791,0.5286604027943768
494,1.7472795674455437,2.588171167533792,3.009724961207927
495,1.1897603644206804,1.3274341481003578,2.594010562398733
496,0.0346146559354997,0.7765277835053954,-0.0838831371317669
497,2.6821094135441736,2.238902370269071,2.6348624141032606
498,0.2600178945693969,1.51375830763078,1.6021442104184342
499,2.801941792106572,2.259979537923805,2.7677762885429225
500,-0.0340688114949346,0.2891355486458458,0.7041126388182982
501,1.3521929398549355,1.1142157127286547,-0.2114371277279699
502,1.8860777380426643,1.4691253648663734,1.7889292144719209
503,-0.1877373538830146,-0.4174010197099034,0.3051980830432824
504,0.4424896164743646,1.0339264581263583,-0.0269290895759205
505,1.083296187225545,1.1796096341910356,1.4291278316971556
506,-0.923720358219716,2.3049935793428338,0.4010187068976067
507,0.8691205841030228,-0.1278706660944082,-0.2691243323987914
508,-0.7811287182444953,-0.0308661528516379,-0.0432086190673942
509,-0.9405725443231098,-1.1069724891758943,0.9165194334077216
510,1.6522900267501348,-1.354197151581385,-0.1555582423313684
511,-2.222609592031026,-3.190848515307292,-2.3752613074517965
512,2.276727082592613,1.5209456518247777,0.9625898419956062
513,0.0575694267791878,-2.7255275027693417,-1.8496858569359005
514,0.2815065139629511,-1.0993361414166771,-1.041955272450858
515,-0.5160466037274056,-0.9724440091046322,0.8341929038773563
516,2.444587846471692,1.964825476886676,2.13654175836128
517,1.460457938768258,1.0351644080807758,2.1628197778829352
518,3.0212645832610407,2.433575740480189,0.5156729585771335
519,0.8504180527642204,-1.1447829206719082,-1.7882571718313698
520,1.086244747424144,0.944614324971509,-0.4774000928974903
521,2.301992839745404,1.4295044548196771,0.1583935462539437
522,-1.771235198202211,-1.4720159608433243,-0.4509291195206422
523,-1.2710322092487565,-1.0457709981655503,-2.112279085590888
524,-1.766782578275936,-2.240747704743261,0.5064530595553486
525,1.9320849923450136,2.3825385094351947,2.898712039785884
526,0.9373772123057816,1.5981406236220914,-2.3722572374615383
527,1.8844937293258583,1.143389216979368,1.272826540404156
528,1.418377003714962,1.7504671733659145,0.920897841401666
529,-1.1050405575049282,0.2485928507746128,-2.262564896267791
530,-0.2021382506733109,1.9641432690550007,3.0701628267689824
531,1.0778929679192732,0.929310996904424,0.3383063052846218
532,-1.2132186100397786,0.753508603583176,1.1171805755610291
533,1.3539992279835529,0.5307324597343599,0.4182171762783873
534,0.5348931376787616,-0.216714637899381,-0.5893160816228714
535,2.2750897325894,1.292768575141635,2.975534238021896
536,0.0649032535197073,-0.2922124259788837,0.5516265680408879
537,-0.8794232230354182,-1.3033985805921364,-1.8976121119771123
538,1.8575203585614184,0.3475782225238915,-0.0881006815328018
539,2.2902904577248764,1.7487590628009515,2.451523701147101
540,-2.0773757631352345,-2.8053360878135805,1.2719574750644325
541,-0.8097127259377541,-1.8480804279962404,-0.8788404166762855
542,-0.0770415950004274,0.7736884157919186,1.0318429209279734
543,2.247371098370502,0.8257615302849886,0.1235152811210676
544,1.8900964003032432,1.2798276151942156,0.232900550597127
545,-0.3469512329649373,1.5511421496127331,1.477606571860912
546,0.3201678871558705,0.2924763812512517,0.5067529452898353
547,1.4531389905194865,0.8496079437577526,0.0888099045923173
548,-0.2067673216516598,-1.858037627892848,0.930505331003679
549,0.3263926335637083,-1.6712431800224516,1.1817563729417535
550,-0.6478015148385365,-1.3955708710963886,-1.7533663537793986
551,-1.1255447458878518,-2.3868210223216333,-2.096700993109925
552,-1.7252009724541988,-1.724087189890998,-2.286561748144437
553,-0.569005715745464,0.1510882759650417,-1.254105754023564
554,1.0801287610542702,1.6280132559683913,1.188573874126699
555,0.6687180134462486,1.607466713075848,-0.0290124188821526
556,2.3881185832786493,2.011101057659319,1.862665591384428
557,0.32967621064413,0.4745300726129938,-0.7795228023945537
558,-0.4768200914887493,-0.7029349964124834,1.0778631816608146
559,0.3162406392751092,-0.307961604225865,-1.0047064382701856
560,-0.5553671796354827,-0.8225471816137802,-0.6375878801439103
561,-2.061959612387776,1.420245161612641,-1.810603313681516
562,0.2686411975307778,1.2436458202839489,1.9641800412176829
563,-1.7148374882134592,-0.9031219796192744,-1.6186312496151751
564,-0.1183253658392419,2.5519096162897115,-1.457560898071896
565,-1.751188558081193,-0.7176985744297633,-1.6340147309876212
566,-1.1889912170151615,0.0950115692373646,0.0872730569739753
567,-0.9496965592921418,-1.0171688833493349,-2.5421380042914152
568,1.7249811940419213,2.710599747023738,1.562488921886037
569,0.3542278679007602,0.0732673316454829,0.7140544463284053
570,-0.9512316647015048,-2.004695684037835,-2.368896962169244
571,-2.113657327196407,-1.809012932931608,-2.656252331060324
572,-1.8835698007571016,0.5328047760306648,-2.0489543343404115
573,-0.6470764750826664,-0.7128966834970873,-0.8391932741561279
574,0.9634197185707296,2.104902625922331,2.4033358436854955
575,-0.2999697533428289,-0.7938892156149326,-1.811711680032292
576,2.694177264385704,2.549306157670157,3.0090753444023486
577,-1.4518074272579495,-0.7809384043776322,-1.0279412935762198
578,-1.2617481298828108,-1.9501385588303983,-0.675701298702388
579,-0.7059111134829215,-1.862996251078602,-1.3675425421409846
580,-0.4991755935820913,0.723001207938869,0.3992503702576573
581,0.4371683810118898,0.0735977859677227,0.2788470077560055
582,1.1609082259232026,0.6183720409041705,1.3499748474175308
583,-0.8783173314725716,-1.7067434628481812,-1.4522270702063884
584,-1.8428136038121472,-2.3801954743239024,-2.0972540197698835
585,1.124553086320653,0.1822943873463599,0.77899588567713
586,-0.9506959638644076,1.5980051909790882,1.5227545383609822
587,0.5002545827676276,0.7615823116618403,1.0775076248701805
588,1.125565078225463,2.057858899045575,2.001053631182113
589,0.6624950798765226,0.0394802151198198,0.7752289848696472
590,-0.3356402680815196,2.2160131459331947,2.951713163807828
591,-1.4605181420840172,-1.5821278476198446,-0.5400360779191002
592,0.4197797455479162,-0.9235462146746158,-0.3229839585734113
593,-0.3674202943374601,2.065080805694737,-1.0177552731565171
594,1.586240712007651,1.308656630982041,1.7217914011986135
595,-1.001054289343433,-0.7743720764562045,-0.2278218289094759
596,-0.5159259077345202,-0.9797991163125712,-3.0633154123192767
597,-1.287716414614149,-0.1373764019019392,-0.0837556612402694
598,-2.1672082639100188,-2.4197032391423305,-2.3421551173909427
599,-1.1909281730811048,-0.6820372433442221,-1.958910375853833
600,2.140622358330812,1.2317762948813429,2.23091146747441
601,-0.6259180398704547,2.3614648291696696,0.0207623690834551
602,0.2260038756692732,0.187489729477582,-0.795116908072385
603,2.5757720750241484,2.366295709356834,3.0250942601437423
604,-1.99132633997302,-1.2600848575289707,-0.3128843404440976
605,1.6793364233169628,2.346307251247133,1.0084133579528716
606,-1.4358330043521983,-0.6286763657532715,-0.7286366945180014
607,-0.6758157087637673,-0.6890474209203119,-0.3640924301938015
608,0.4433816113382588,-0.3348871382872347,0.1429572658757216
609,2.127230153852484,0.8915135286140856,1.4927809180776097
610,-0.7298982365023825,-0.4086627764811039,0.0352350087392772
611,-2.6477682940214784,-2.721980050843036,-2.9098262072558865
612,-0.7398101309720538,-1.1349915952366605,-1.1205724177337728
613,1.0655662671461354,0.0479160772427627,-0.9520197776446276
614,-0.5160031128013045,-2.4284457852490857,-3.335136791177027
615,0.729499805668161,0.2567493390066488,0.1302206420929405
616,2.223332911839437,1.939434225126564,2.1603500237767803
617,1.8112247143433748,0.9534594834768452,0.5861153534566969
618,-1.4424205179009155,-0.7160724742486364,0.4385390132200273
619,-0.544298533729282,-3.060518115446762,-2.7753294593034967
620,-1.176766710445108,-0.7552152589320639,-1.0764279880516123
621,2.562430448764045,1.8624098086864973,2.700211139926315
622,0.7918782001013895,0.1476485386368056,1.0636540509640064
623,0.2589176831654545,-0.4293827163499323,-0.7525000415598978
624,-0.8576859533241854,0.243015993409853,-0.3427277916861249
625,1.7877155153560276,1.6398959916927496,2.589895381951297
626,2.732128052940019,2.054969645187749,2.2469833345601296
627,3.404044320071642,3.358201457516809,2.252760784379946
628,-1.3540509146635151,-2.553671448760407,-2.6022412208955243
629,-0.9062160344827574,-1.70666870034608,-1.5117809079034048
630,-2.0296273896806585,-3.06771231893474,-2.753932490230594
631,-0.9103868834110174,-1.398963988418928,-1.1401518391131569
632,0.9210153064920164,0.1636452478459588,-0.0511109435816308
633,-0.3284561396981367,1.0762440243980058,0.1794419557711378
634,1.3916939023636288,0.6779712985844235,0.9667903697804114
635,0.1391799609773045,-0.64756548393445,-1.890593107941428
636,-1.3457345722194092,-2.1128704004187453,-1.811130233514518
637,-1.002355875519753,-0.5415767165603423,-0.8246281255970724
638,-1.4913900957675,-1.906321420610636,-0.5888690084542778
639,-0.3313794485525082,-1.963074265615773,-0.8765299011915556
640,-0.1677924925953505,1.5359160634833997,2.129775923363434
641,0.1319729574200113,-1.6781954566070096,-3.102078663448493
642,-2.6108107399114884,-3.690816081754517,-2.4504366892830927
643,1.355838752041638,1.8857140766477647,2.0152049231347067
644,-1.6466378667165575,-0.9960266314500484,1.6587176693143142
645,-1.524506663526503,-2.162881777895044,-2.0134963132938184
646,-1.2432070878076893,0.6159033105662233,1.209087736818656
647,3.213395207898633,2.614310661995927,2.002769019743204
648,1.8079219001948552,1.694435622454544,2.558967561715712
649,-1.5443114295583336,-1.2862741583287085,-1.2862598203146067
650,0.242376735323174,-1.225797490606394,-0.5961150708826245
651,-0.6683931732744617,-0.0984683348463653,-0.5379138350634484
652,0.1481004161448839,-0.778657935840545,0.1783775181629787
653,0.6179163817102861,1.484462464016746,1.609690544798929
654,2.2398310113257724,2.346790525780193,2.4684707388159177
655,1.4790324551845249,0.3142520385886019,0.4599448748983953
656,0.3173426647717038,0.4963042639019642,-0.5114263133477503
657,0.5821201403341485,0.6604627293405169,-0.0403532522742952
658,0.4377279815625824,-0.5942129808224347,0.2210012169623096
659,-0.8777533425689836,-1.1709362319926206,-1.4412045466842427
660,-0.982826590515446,-0.3364970422673395,-1.0828643315032036
661,-0.8243834245947168,-2.525463286916738,-2.9258606215547154
662,2.697131746064626,2.5961273720441325,3.056855424697184
663,-0.4026909668839448,-0.8244965871194883,-1.4459835051550425
664,0.8695614582143654,-2.1878349212890176,0.0190346500716408
665,-0.659217817940551,-1.3223406646934692,-0.0192968864266776
666,0.9783207606838936,1.4096541151215136,2.639812021959319
667,2.423032495950969,2.223379204385348,1.9648114116542543
668,0.6598147971316538,1.1136430120980254,1.2911340515243392
669,-0.4571374977940721,-2.373941026532485,-1.7978870267118252
670,-0.5854561033516843,0.40704060749273,-1.165753007277611
671,-0.5915729569166699,0.1592944012469935,-0.4844777710189117
672,0.4936989048754852,0.3133818094950484,0.128236271864656
673,-1.950482727617626,-0.4721702951876516,-0.1920815569493886
674,-0.241672345831322,0.0955828894241624,1.0337979430574231
675,1.3864630284674648,0.6578550017232405,0.5547644040410118
676,-1.9417782073189431,-2.706401899720027,-2.722892009655495
677,-0.8951246844492624,-1.2261539690746772,-1.4814634331214669
678,-0.9962104792162602,-2.027708057600306,-2.1516642567604816
679,0.3102116716315741,2.638047659109572,1.194077132024409
680,-2.6903918215135856,-3.596762048750782,-2.341202923947538
681,1.9141299525501965,1.268584358420033,2.064398715915893
682,-0.9321541711006583,-0.5741768653000452,-1.8446469193880624
683,-2.476115372513877,-1.0944203824236045,-1.85765384056847
684,0.573119713905105,0.0417797065367427,0.3072185823086604
685,-1.1243736145226215,-2.7239547382736484,-2.7225625240301325
686,0.1215188253577303,0.3392826810437811,0.5286721598609829
687,0.2250492455696671,-0.1466167234064128,0.1000333482308882
688,2.7520708762305355,2.041321629233712,2.1451324692314966
689,-0.1742454863513704,-2.321946694007073,-1.122211809576626
690,-0.6438792989885412,0.5367719358905834,0.4690866573962932
691,-0.7808850333121219,-1.9829255547522235,-1.334872957853552
692,0.4581953550795611,-0.7313925176463052,-0.402562765896184
693,1.3924351144913554,1.356980453699642,0.8789444676130829
694,0.6241927703961931,-2.009562832746615,-0.8402235963372175
695,-0.1676293779689582,2.352632133198428,1.5934135277544512
696,-1.763198497247482,-0.7645783462337191,0.064700448917997
697,-0.1287409569620595,0.936204553873687,-0.2771835442678373
698,-0.8819925358906903,-1.4201180119127257,-1.782804677819716
699,-0.5379599911008776,0.9818624432363614,0.0276438620480806
700,-0.9041887184835442,1.158217172153844,1.8253275220697232
701,0.3983592004978027,0.6150031778021978,0.5646394869324296
702,0.9773650504076784,1.569810465730285,2.142634567409477
703,-1.9083075211249123,-2.165314119573,-2.009076364411024
704,2.808067077119502,2.516700665228334,2.9102802902291485
705,0.6647044522587664,1.3468889033855196,1.1722564315719792
706,1.369165965643372,1.537354122750923,0.3614508806677396
707,0.1347155034198329,-0.5813268307233881,0.4116368950838293
708,2.0516724069432657,1.6077732385523795,1.9643856036854035
709,-0.3271804557076067,0.5579996960667178,1.5476664613729174
710,0.3530727333932383,2.077600998785092,0.1180489349316078
711,-1.3059278631405395,-2.058113140746509,-3.3185633517737285
712,-0.0050973100613379,-0.2526262035898397,-0.03876198183342
713,-0.6354435342992883,-1.432415519221456,-1.5762273368766375
714,-1.3518235902439024,-1.1184485993949684,1.2437673878054376
715,1.5563172083400456,2.3575823390036232,1.805873627206529
716,-1.8426611795965493,-1.781337749319828,-1.690098052620049
717,-1.4491627152772018,-1.1499185886907388,-0.697517018589862
718,-1.4773882366670266,-1.8504857667385664,-2.0048535632221265
719,1.749909938641956,1.365989041902413,0.6389967646967984
720,-1.616939103774362,0.2679017291799584,1.2003596261936655
721,1.371737492130077,1.1197981014870864,1.3847328536254788
722,0.4433584400833267,0.4888752979658524,0.4821283662051524
723,-0.3156899456029609,-1.0165411641676076,-0.971349023899089
724,0.9793230304454406,0.956264873419494,0.7427339421018211
725,0.809919440474227,0.7180533395723451,1.4302305737231171
726,1.354742343440358,0.0393423293620071,1.6320771167936798
727,1.1906742236912289,1.5202801280352467,2.0770795874774506
728,-0.9407971521747448,0.9855377767366142,1.6744530428139632
729,-0.2613852891656167,-3.083881554689181,-2.88826412857898
730,-1.4721065464231602,-2.761867073806075,-1.4221778489061931
731,-2.5681273118881585,-0.9250852450944564,-1.550438626263087
732,-0.6479414972682628,1.4402579151545016,-1.7099226377997452
733,0.8770163999805638,0.7652306237238771,1.78861958548084
734,0.5191067165142349,-1.0546188038534663,-0.3867437222492921
735,1.0158873664339578,0.2289137483774103,0.8009511238040041
736,0.1346584910771803,-0.7204084914693131,0.354535373589166
737,1.9118490968302693,1.6219570794400997,-0.0989499747952876
738,2.184887045792478,1.4542089667105038,1.6549247617337863
739,-0.78087334799202,-1.5928872880178744,-1.435799220283038
740,0.7170220160735769,-1.171113511842089,-0.5109513491366184
741,0.7628502048905019,-0.3433890340066804,0.1339575248239074
742,-1.666833194523221,-0.6226904554148042,0.8759639809961914
743,-1.9365444057853367,-0.86860067690443,-0.9172258828106048
744,-0.754079713865188,-1.2232025556085586,1.1611869133276604
745,-1.126495041701612,-1.0657931387326005,-0.9598766923480364
746,0.2858986412019699,0.3226534707881128,0.0004688335969182
747,-2.734328492620221,-2.1804609821052416,-3.721360324116425
748,1.7086356561744611,1.1720644788897787,1.1740335865489882
749,-1.6641040011616857,-2.0619122024115097,-1.6066075404702704
750,-0.6575461591178802,-0.2273757158518471,0.548560290086504
751,-1.4233648338388514,-2.5153538387058947,-2.7705824117232423
752,0.2554771895754427,1.894723452640953,-1.304299156664516
753,-0.3022665024415808,-2.404432246004581,-1.997361742961536
754,0.2850462575037957,-0.0604130491334781,0.0258819681241544
755,0.4060574294647849,0.3953794699236236,-1.6649544016972304
756,1.7390425633503956,0.8124559896981647,-0.4452172697443277
757,-1.246344118305894,-1.1005577846415655,-2.157162967723563
758,-1.7709890545499276,-2.362203841921314,-2.5111472560331105
759,0.8216757798382968,0.4481415283450116,0.4928301245225834
760,0.1349734847033129,0.5401013585871184,-1.765351727310143
761,1.4326356466671044,2.383919356196256,2.0886938850343832
762,-0.0423661678265847,1.0551300161594876,0.9288283067143556
763,0.1020457953905333,-1.2001705567288592,-1.3476653196695008
764,-1.6308298206087626,1.8180859649516057,0.9263615998493256
765,-0.2222289128657885,-0.6121244185967609,-1.0068668451884963
766,0.9321103744117394,-2.512354320724215,1.0867243697253224
767,-1.3856680884768595,1.4887349190915085,2.184300659189957
768,-0.441379665595525,-1.4481098838535076,-1.9581776945300549
769,1.3570901865813936,2.21162468947423,0.966129923280896
770,1.032137107555001,2.2457926836718007,-0.3128843404440976
771,1.0589442190788358,0.065509064435538,0.0631523843740538
772,-0.5238856618135331,-1.3183645907855284,-1.0702931052171247
773,-0.6968568648080282,-1.3171829243466908,-1.554159461518668
774,-0.6726187630081335,-0.9356175707047284,-1.3644912120832628
775,-2.026183670713714,-2.376020517252865,-3.089042865456517
776,-1.731234199131585,-1.0449909845948249,-0.1730627423539353
777,-1.741762087012874,-1.371404166509587,-1.4198434158112978
778,0.6442185991143543,1.78984598350761,2.725755205650424
779,-1.988028503536256,-2.032363175431669,-1.7366580746159526
780,2.0935722515543165,1.9162499386249765,2.040187721246677
781,-0.989138670604103,-1.1706351673172612,2.77347925493452
782,-0.2888883560043755,0.0463630089780196,-0.1048099363246555
783,1.9992900252447856,1.2652713049816902,2.278010913109999
784,-0.1748162613916736,-0.0719259393375128,-0.3920726439194418
785,-0.7975788720344891,1.344401546393256,1.742244685163277
786,1.3568391843479566,1.5109743249750336,1.8172711677981568
787,0.0573294476901332,0.1297145273183688,0.5219677659136133
788,-0.8767773438015654,-0.6757547142379663,-0.7706929144133436
789,-0.4653809512724665,0.6056861427901241,0.8258533743281202
790,1.5967079967871125,1.7961309463446589,2.181617196478968
791,2.353056268770558,2.742237338142622,2.6404394863087526
792,0.6604004805962587,0.5009148131908094,-0.0606331250457212
793,0.9873303630021564,1.3414816429859016,2.4384642165157486
794,-0.6065664857561056,0.1025697001810194,0.7015469834269403
795,-2.497721301455753,-2.702571301118184,-2.978442742538668
796,-1.417348550918922,0.7260749661982366,-3.353060729573837
797,-1.9994173501127093,-2.806045037400021,-2.5323058147616675
798,0.5862907143867706,0.2633876186153475,-0.2627560493367796
799,0.44870575314707,-1.4996104215685826,0.997646384954278
800,-1.0010140825751437,-1.2950183861378874,-0.8688964312126335
801,-0.0903910070381972,0.027489145494795,-1.0089808023520248
802,0.9187348553433976,-0.0809510225098765,2.367181318067644
803,1.6269541617515075,1.828973794825078,1.7216186195125345
804,-1.7708114749647172,-1.9843153357839896,-1.4688452106257557
805,2.215847446639469,2.621582006439913,2.946797151800782
806,0.973873143307182,2.3475630907253446,2.0830895653315133
807,1.8561709454416715,1.6313785770730318,2.2512041918988266
808,1.4899301222194357,0.9994203979103432,1.385332802753694
809,0.0403796565070925,-0.1917325009480419,-0.2874116692730309
810,0.2050082823875877,0.7587466066899327,1.3615834355910514
811,-1.5801665435916796,-0.8790009461046356,-1.4507361360884248
812,0.4064872716965474,-0.5752156592578446,-0.4572389625647648
813,2.1156624109386004,2.22246609816532,2.619623357709365
814,0.2267609302976054,0.7230491352908442,1.1973745812700414
815,0.6636964679231735,1.88328136664644,0.713675307112706
816,-2.081851725508742,-1.3565698435366185,-0.7244283962794473
817,1.436559599515001,1.880780198658985,1.7718899717101195
818,-0.5323782425519765,-1.3840997459751163,-1.3742270685836404
819,0.4918506764316568,0.6288105009073485,1.339639236757967
820,-2.169982931629082,0.5610234044089258,-1.4870079101546656
821,-0.0675070355850218,-1.0694285047439496,0.8450739208171041
822,-2.379054046511236,-0.7034893792743151,-1.5386643556732544
823,-0.5198190361970794,-1.1270661299239992,-0.2056888614377068
824,0.7999583322913706,-0.1433637357270095,-0.5177056509033887
825,2.699866714220532,2.677784892324186,3.136504049909343
826,-1.5499741649808974,-1.390111814312128,-1.340681731867661
827,0.3648121923726871,-0.6589473903788512,-0.7124606079421785
828,1.3606437097549038,1.5243130368509326,1.081452234934115
829,-1.6966352971268883,0.5728661463897091,1.0444214411126296
830,-0.0861645526365302,0.7094232239030367,-1.014353803315034
831,-0.014223590153623,-1.3976988934601091,-1.253546882937704
832,1.2740748110414764,2.250318101940916,2.489422576299713
833,2.1983680401580257,2.2632078900954373,2.4671198997423223
834,-0.5813496011720067,0.2472068810585576,0.0585217347039534
835,-0.0924883017515631,0.0131903840349352,0.1158259579480953
836,-0.7466101058115067,0.8789541182464309,-1.0944531819617809
837,-0.406932855733806,-0.5223555127320967,0.9825623961248136
838,-0.5353593187238261,-1.0565343297125005,-1.378615450134414
839,-0.002776404008436,-1.3454378259862445,-1.988632573201303
840,1.5911783252356173,0.5676836496428465,0.7147276325052866
841,-1.0946448069559729,-2.32881289886808,-2.5800548382574364
842,1.518880125591936,0.9434467530344252,1.4318935542163602
843,0.7908914830386286,0.9008614908384972,1.245279792257194
844,-0.5829906620950974,-0.7363044225152129,-0.5508657014104721
845,0.0569262199950269,-0.9230907141129338,-0.2903654687657114
846,-1.3393934493189388,-0.7554441664000986,-0.5710795144132366
847,2.7987033634867045,2.730521876013588,3.3358179533922607
848,-0.7803602751661771,-1.2394577258912474,-2.517609367488781
849,2.567225416761104,2.353724747905616,2.571041941459424
850,-0.4407661839860823,0.9113060591694768,-1.7404024686461517
851,2.1363991463281624,2.1201033532117406,-0.9822477068680932
852,0.3858031551287,0.8026170341601547,0.2350926403939123
853,-1.8345127193302195,-1.906013047372216,-2.1762122184269166
854,0.600910171823331,0.8477006151790466,1.059035646012092
855,0.306126547084154,0.4404684696099076,-0.5803815098367073
856,-1.3776526575368684,-0.7505953758520019,-3.9322296763046896
857,0.8335673788387126,1.3170016012247825,1.911376540006256
858,-0.4655698446238137,1.0540811617804116,0.715804482731405
859,-0.9460209534539136,-0.2636602442978524,-1.6605272284559052
860,-0.4402968317714953,-1.1462481139609246,-1.1248479119642008
861,1.935831623366394,1.0274511889182314,1.1266248817647684
862,1.7445410481056451,0.8813587043793356,0.993242752594072
863,-2.0652480950138346,1.1315472079174935,-0.7947279254308868
864,0.1287036698396316,1.2178831613829648,1.6856789666464231
865,-1.334483298403773,-0.7670844262699118,-1.420616485777659
866,3.169404415517304,3.1754704196261594,3.611113567658601
867,-0.8586931405137566,-2.4123808742207142,-1.5988170815856524
868,-2.290401030322996,-3.359323030960479,0.4949688877003552
869,-0.7710537093332834,-2.872839915788524,-2.961293962646614
870,-1.9596934274493707,0.0351951202205299,1.2027536264856975
871,-1.3093519586056248,-2.21030631599423,-0.5401373004177723
872,2.1593994822890634,1.540926068989696,1.767332060223456
873,0.837160508903529,-0.2922981129510371,1.3537619667717362
874,-1.815667716432961,-2.198243727786599,-0.6818540909013882
875,-1.1838780237702966,-1.690541448902905,0.0068512176165757
876,-0.6634041146318741,-2.514263676674699,-2.5294818960112115
877,-0.7804263012318382,-1.0913010724228904,-1.071888571753069
878,2.647994017173456,2.0921388470174955,2.825671914868387
879,-0.6075380102736463,-1.251383455866819,-0.5855084285562802
880,-0.4991362972123146,0.3691381234745201,-0.2724053580880837
881,-0.8803826438074944,1.0890849272574594,1.4951261793510948
882,-2.3309777114080066,-1.80618566881476,1.3104977777923092
883,-0.2865030296338356,-0.7941115828514911,-0.435650604818058
884,-1.6958785838434796,-2.8901414394013925,-2.245945312677045
885,1.0402470515429487,-0.2643563876800712,0.1272730909301147
886,-1.2148330950066764,-1.4606787840807276,0.7100357649384672
887,0.1796495930153188,0.4705027162422057,-0.1966441016164822
888,2.722161065546233,2.949181302904783,2.6229336319179146
889,-0.4200860504208195,-1.134715460447221,-1.0549999425816297
890,-0.0932720779322935,-0.7942301275037957,-0.8692476414274071
891,-1.9157477982818127,-1.408794665132879,-2.168626456866443
892,-0.7672169248823688,0.9641432122019384,-1.106414524934291
893,1.420441293691648,-0.2192363644940047,0.1643855559685961
894,0.4558904271307298,1.43951222199134,1.8423530603041776
895,0.4729353007702057,0.0738162916032242,2.648772157842017
896,-0.0714948146385988,0.929528419996912,1.0946474766280263
897,0.4425096194474139,-0.4049550363538652,-0.6289916594700978
898,-3.404252700800379,-3.483302781190075,-3.492895936767932
899,-1.5239840941196916,-2.0126306556924325,-1.957959295850971
900,-0.4528643802680622,0.4112659449222619,0.4059650980207209
901,0.7023705301678064,1.015636033237997,-1.1286205700475629
902,1.9062249958909163,1.2738436942091529,3.365029330092145
903,-0.5424053858641381,1.2116576616164914,1.5546262967490985
904,0.7854855396503805,-0.0504388610284512,-0.6422528108177338
905,-0.5424535119131759,0.1022046011794459,0.1465059281776674
906,1.347225896280939,-0.7643395422346229,-0.2286532208461244
907,0.438479711970101,0.765601896094012,0.8098349066333345
908,0.9820194132215554,1.0860155212445035,-0.0759925143870642
909,-1.2562394620166453,-1.3308431035756356,-0.8483708616286852
910,1.5567698150343643,3.0458015412995265,2.1943356623554027
911,0.0967772237517862,1.329925880786959,1.103466010922945
912,-1.3421345422539908,-1.7166411829762651,-2.87381658511376
913,-0.456929333573684,1.7302243444345036,-1.0484197779818758
914,2.217455396512283,0.3175818540118673,1.8087242038319784
915,2.0631798667394112,1.951028779898567,2.3273065482957525
916,0.200805776020525,-0.5198059783628083,-0.8871647822991608
917,-0.4434893580563089,-0.5422616207982229,1.1685834131077164
918,0.2481580201296393,0.8531623570469976,-0.6997556877927271
919,0.0052367678855436,2.123192171106778,1.3032847403772847
920,-1.602063414143917,-1.5536641673640224,-1.9057138767883133
921,-0.2442490676108679,-1.38275185035466,0.1644030907976391
922,1.1467986598963729,-0.1975084322099252,0.6225381324726397
923,-3.098223960800354,-3.774197212200713,-3.963554496783792
924,0.7332323931126283,0.9766309537074628,1.031277507350641
925,-1.0370181526284352,-0.7167592769530083,0.35574958941882
926,0.6299151331743671,0.6289070578118293,-1.6666584414684114
927,-1.1331187913888878,0.72055303779418,1.6773549889198267
928,-0.5194747231511476,-1.051763384580612,-0.227623454779544
929,-2.54814596214217,-0.0699197063449089,0.0415468533616242
930,-0.1569829408056824,0.7572421961418334,-1.034057715655277
931,0.0504390071080581,-0.5601648201694642,0.0487297174097768
932,0.4278447802323391,-0.5498975632590892,-0.2690975299714484
933,1.6513659566702992,2.545244306172624,2.7754676531009728
934,-1.0662597642808187,0.3572071381648393,-2.0542987169235425
935,0.0199494737473822,0.0547790121769983,-0.5048471439939557
936,0.0261304885835944,-0.7277248385109688,-0.7601776504448343
937,0.8048348635747047,0.1637906898879185,-1.13379637693777
938,2.895945551154926,2.6288356377413704,3.140152273224436
939,-1.052401689597641,-0.4772904380839053,-0.5918724857501356
940,-0.3202491319416525,-1.743559499223778,-1.3424983424056889
941,0.5319005017496472,-1.3330553777826404,-0.7447317645665967
942,-0.8024557348791703,0.4022339613250575,-3.139848845483386
943,0.9776036187563044,0.8117467333420538,2.0445141089601724
944,1.0339143458579605,1.158688068805226,1.7411914057569362
945,0.1491612317313996,-0.1660114635695042,1.4684784925683347
946,-1.761622723894116,-1.5117947338455744,-2.471603800955961
947,0.9146732590828032,1.2495296993500231,1.6321072315625624
948,2.5641878453157623,1.6941151386179727,2.3155512175331445
949,-0.2930194403262204,0.4008053523129792,1.2642475858661166
950,-0.3649393281657034,-0.5421254506402385,-0.1966391008732198
951,0.5397741822992084,-0.0349193197200446,-0.4103952864296561
952,0.6956538159292769,-0.9663857856791032,-0.031590315838427
953,0.6225722312070398,1.1145137591297114,0.8692308103437787
954,1.1245651969193642,2.077198768275043,1.2207912205004077
955,-0.5229737193443964,-1.6668421778011484,-1.5169420809080607
956,1.5897114050790593,0.630868466358001,1.4472521461990726
957,-0.5811119899051866,0.0716338577446107,-1.542019490802052
958,-0.0465402321576558,0.1243807789346957,-0.5892853863577369
959,2.9119369226972704,2.7937029136081835,3.2794840060268053
960,0.2798539925001486,1.1123361540459524,1.287504545828176
961,2.6625774613120257,2.052701496067385,2.290692400660567
962,-1.2149252363612553,-0.6680890662771606,-1.7129166998295953
963,0.7486478995073595,-0.2296265453626146,-0.1380989571228019
964,1.4076370696757388,1.0289527770063582,1.1893693890795451
965,-1.231367680207912,-1.9807854494335169,-1.3841737960941105
966,1.6995733681683016,0.5719005927652262,1.266545819556552
967,0.9270413107684644,-1.1261571312907246,-0.9396010027290622
968,0.1957498225824503,-0.6926233754508457,1.808149718453768
969,1.3243386647558149,1.3106742933895914,1.2454101250664285
970,-0.5605281147171596,-0.8094351433956375,0.1034747916602379
971,-0.5029600295272911,-1.3170697659399824,-1.4545123199537626
972,0.9118766061630856,2.8373831195412325,2.1624853707343217
973,-0.190262502453171,0.3346028108706732,2.2371565960137825
974,-2.326734554760784,-2.8362786438686727,-2.567106496491315
975,-0.5426610621632756,0.1145981690783919,1.944825249614059
976,-1.1395043571571666,-1.257279749401595,-0.839115216639968
977,0.5522294775077001,-0.0061423025648568,-0.9218273154438092
978,-0.5748819077223019,-2.308099418536482,0.3043047879429037
979,-1.95942853481964,-2.7838418435250283,-2.281689503731145
980,1.796667603817886,1.5775634850801512,2.2891392131316
981,0.3001097095265919,-2.425630750990836,-1.8846234261527088
982,-0.2192760500687503,-0.4996379613040724,0.5061216246064227
983,-2.332452824271612,0.4301835852966301,-0.0980232733526588
984,-1.6211175237683948,-0.4364682574098889,0.4921847686410999
985,-2.476336138636218,-3.0466562745753745,-3.3555370947061505
986,2.6119375625624337,3.104958882669952,2.627762377519214
987,-1.725362075569074,-0.9859117517839766,-1.9481448648993804
988,-2.8214107445363044,-2.472769567315751,-1.932776641286857
989,-0.0137380844069616,2.4797740214157464,0.1119351310987373
990,-2.989953467627496,-3.0751023005967,-3.3022119082427737
991,-1.516678375609582,-2.960412968950052,-2.9451377748334977
992,-0.462265327131733,-0.2751224529078012,-0.7176667841081461
993,2.9594326724097275,2.661340629601708,2.924516807108596
994,-1.5594190877740657,-0.683813400952073,-0.1918950837865158
995,1.456754490709747,1.6193242713493567,1.0825401317540762
996,1.4511039678443032,0.2935818173223052,1.2874422807040673
997,-0.6724918540258049,0.2053690201435016,-2.378057873181896
998,3.225547499639436,3.047408964870576,3.079119864030483
999,-2.5773612392607395,-2.778635352975702,-3.2333242493321337
1000,0.1086240589924701,1.5817507372881277,0.8139031635548607
1001,2.563025856408645,1.6547242594535905,3.0888291131288184
1002,-1.501314633575104,-1.9919277585738924,1.579577302993653
1003,0.0250070847868562,-2.0505441483025555,-1.0826179251486134
1004,-1.901028488743263,-2.236791584828766,-2.121253348507154
1005,1.0839265492333052,2.3031429745983423,1.8239683504371471
1006,0.3947567240441434,0.672148697599086,1.2475585294909746
1007,1.6893162093788476,0.5943914490204176,-0.1750100350731482
1008,1.0189839398349751,0.9551557097018922,0.7965496218534858
1009,0.7221179862555126,0.39555242741622,2.0934909628766047
1010,-2.727588674799447,-3.6989265612563926,-3.696257435761258
1011,2.1068997643424834,2.147271935086278,2.5239140857645523
1012,-0.7360544913957775,-1.980892621235092,-2.4392337494239853
1013,-0.5060167577821355,-0.7913442901358976,-0.4872535096296109
1014,0.6894549299574225,1.122067604290602,1.8386576097274188
1015,0.5546201310893859,-0.0658240497127232,0.6496952335877352
1016,2.3322500667539208,2.293630922520567,2.639700656868597
1017,0.3107999904624331,-0.1906769180865159,-2.262865437748577
1018,-1.120437870833587,-1.653463658482477,-1.9575926523475151
1019,1.0559933549588691,2.1577285956466765,1.5857524123971585
1020,-1.601065120549925,-2.122256877653241,0.0203846521395411
1021,-0.8404531122621861,-0.1417719461621868,0.0311713529897948
1022,2.060690543068364,2.2724244101450424,2.323528312516537
1023,-1.2144522292979985,1.8693513293615416,1.970423959321432
1024,-1.5072775281038833,-1.2772044428236438,-2.2214123969232173
1025,-2.656185215315036,-2.165760918615629,-3.080744702028449
1026,-2.4078646710608345,-2.8791093931934326,-3.068086417090282
1027,0.2979897968626219,-0.9637473870085826,1.9512918221707545
1028,-2.0675001873716554,-0.8088508693209959,-2.667270070753565
1029,1.851150911071352,2.6927782300313097,0.228817536137836
1030,-0.3578966702690051,-1.3291314617250207,0.1504183189537489
1031,1.5203067632652798,0.7765377495189181,1.0249693992469118
1032,0.4111048443058621,0.0991392279075371,0.162627191890477
1033,-1.452799962273976,-2.459873269139584,-1.739592426718897
1034,-0.0320657841100637,1.8119005710900755,-0.4502291647098431
1035,2.0475818914674067,1.6481865514669891,1.4793562737364108
1036,-0.1460179832996865,1.935519472188818,1.0760875133364087
1037,-0.5966433336239525,-0.7165452390345808,-1.6397581337250935
1038,-1.409101291950993,-2.2457242342181294,-1.9039318095488809
1039,0.5824513764905748,0.3908032640994689,-0.7160749750366988
1040,-0.8012265666909355,-0.8078716811652042,0.5239286755662287
1041,-0.5479096204747576,-3.252637374322781,-2.5761567392972484
1042,-1.6035632728333344,-1.6901593732339302,-1.1979884765878146
1043,-1.1086521215516172,2.168687071310631,-1.329051036235225
1044,-1.7941413566312454,-0.0013470290556081,-1.0058668960814443
1045,3.079205505019724,3.27180267169168,3.3736647885530404
1046,1.1229404844110062,-0.9120698361074108,0.1642060412644412
1047,1.2026797231886617,1.7757259164544767,1.8755341272459456
1048,-1.3311881591046606,-1.0102872485695993,-0.9698280207996102
1049,-1.6881913681703886,-0.4334100595731689,0.350821568298136
1050,2.203691701076932,2.5886702251223523,2.921056960439272
1051,1.18948048144621,0.8030449400462731,0.8608407128157132
1052,0.3850920792418471,-0.5463211910301694,-0.6322900673228102
1053,-2.007873118722681,-2.591963811288055,-1.818125737113496
1054,-1.1733182590921745,0.0120631028002305,0.0787470300812165
1055,3.031531103404116,2.908828031086433,2.961256074428192
1056,2.0767454546043664,2.594584212888033,2.4892832769659754
1057,1.244873956080801,-0.4256431616404521,0.8220710822739126
1058,2.225902132560608,1.930487161091723,3.0018304378019027
1059,2.706339325242386,2.5515361018239404,3.012502325179044
1060,0.4924310818464696,1.102623477100946,0.7106260654410119
1061,-1.4259617520850028,-1.326594200258609,-1.3498699665865417
1062,1.984568410232693,0.9779522559976084,1.1192026898479193
1063,0.9011247222968384,-0.8303097883240413,-0.627714828759049
1064,0.6234884332906783,1.2390563083558186,0.845378274563955
1065,-0.6013020983546462,1.2386240093004257,-1.0816385645846511
1066,-1.865044355824996,-2.2195107887333103,-2.3816440280507187
1067,1.693085213522194,0.6122498103148271,2.190510026271234
1068,2.1568337817990915,2.21378203327332,2.253633488325072
1069,0.1757138032797256,0.3003203631177011,0.0506184067734724
1070,-0.7834225952286965,-0.6753760284691019,-0.7465516086768643
1071,-0.2976765118284829,-0.2964123518531279,-0.075985138336681
1072,-2.294051677816089,-2.699573590981431,-2.433832757812992
1073,-1.515507854971321,0.0104349625439727,-1.2988894865371174
1074,-0.9774959045965574,-2.7481712083971783,0.4059366835981067
1075,-0.0905653951364063,-0.8152246404538375,-1.4354398126395345
1076,1.22532465965186,1.0553146841210124,1.5582533221303383
1077,-0.540194518478649,-1.5094735708012434,-0.0605395089664438
1078,0.7227118888323515,0.3994275094485406,1.0525242896879026
1079,3.215848604507773,0.6794776981873383,1.3531362758377286
1080,0.2198810513556137,-0.98037973747705,0.4768453078801734
1081,0.047859830800059,-1.4179345067926143,-0.9799057287561992
1082,-1.407890677933705,-0.1990357557612569,-0.5643856800272042
1083,0.7840185672645217,0.3247280533920371,0.1168396920376933
1084,-0.0503640345173583,-1.1506898004082031,-1.80996525870752
1085,-0.3035818050539231,-1.3913312820779111,-0.6377041920868132
1086,0.7067736677631811,1.1019206801790389,3.0919194136571924
1087,-1.303778229849373,-0.5220515095959696,0.3410833210140074
1088,-0.0854836284427024,-0.3949477757447378,-0.7629268668376761
1089,-1.1378909465167837,-1.811136879288396,-1.18517515666431
1090,2.815250791504789,2.666884697242814,3.1337823902961106
1091,1.6222758196084095,2.3293417621510804,2.805558499871984
1092,0.3426326532628129,1.6820790644589263,0.2979081651974301
1093,1.8576377698729936,1.214028875096175,0.619845387846504
1094,-0.309990218848279,0.3855592281672032,1.0123289399450115
1095,1.0299710765146637,1.4580674949904888,0.8844178274702243
1096,1.9012943764922523,3.155186226247805,2.424747107386624
1097,1.9476167283423869,0.8907183645425308,1.11686325313872
1098,-0.0464051863668182,0.2143387161561885,0.605735983670648
1099,1.083753550853818,2.1365610772036066,1.4291672457518212
1100,-2.8813731319541387,-1.8568098171281853,-2.730523215007723
1101,-2.471097361815014,-2.3652400597386194,-2.1113299602645528
1102,3.679703554689223,3.342072766731853,3.8643915143323655
1103,1.2546946895069178,0.8015714059672427,0.0365359401957259
1104,-0.0258581734059234,0.2248241383351346,0.7056387815548048
1105,0.2127751546384876,2.913804814465008,2.5281632802682568
1106,2.3124390371267007,-0.6802087399692772,2.816055804771237
1107,-1.15932215320986,-3.057084509282332,-3.379718175770446
1108,-0.4023463773512938,-1.2408330232156408,-0.8825345564128572
1109,-0.6724737512037731,-1.4399536141738452,-0.9871861399941976
1110,-1.5879996931267184,-2.0661290435806547,-2.397623815418974
1111,-1.6785308443660232,-1.548963288818828,-1.47069357045456
1112,2.4013288960435832,1.5588064090936693,1.7966022117483127
1113,-0.31998228766107,-1.4434760578435488,-1.5883432683835677
1114,-2.030788626105456,-1.2744169509777568,-2.7364430822626256
1115,-0.5264869560721018,-1.984275968230648,-0.6152994648195529
1116,2.0676916959825613,1.9750572218318272,2.016054121510852
1117,-1.271228542219248,2.1122065902264326,-2.157176985303513
1118,-1.820814064094016,-2.709722391012229,-1.533953804967049
1119,1.4580700488335017,1.0947888313465757,1.5889511698275456
1120,0.87808890427496,1.860963649829223,2.5313944100381303
1121,0.1083600859114204,0.2343503921281867,0.79432838182958
1122,-1.9460817807758024,-2.553188611038607,-2.568968616001189
1123,3.20209431956113,1.2487670661244754,2.7165681963252406
1124,1.2170151105918217,0.414085317532658,0.9817158913413544
1125,0.7230929003073194,-0.1415156360286303,0.9523487575133928
1126,-0.6373356362745959,-0.0864839969457667,-0.2643555887168152
1127,-1.4257235345360406,-0.7158049057083593,-0.6362013096188746
1128,2.197202446320026,3.3654793687994107,3.079320075156209
1129,-2.297296327242716,-2.095012113903992,-1.5347097138363088
1130,1.2999393641107102,1.3464258734492744,2.0260799464853605
1131,0.0867419704992067,-0.9462446212297886,-0.820913703170205
1132,0.3503894659206802,1.5961083882718472,0.4970812058580305
1133,-0.2194208384075802,-1.5438006378059628,-2.6076072897529725
1134,1.997835744182875,1.533998047412503,0.8285298113070716
1135,-0.0136761885016548,-1.1507961895234626,-0.8162445204162041
1136,2.018700791937543,1.2677394702294595,1.9918985231646773
1137,-0.1809148777303641,1.4461230898068629,1.738075203223438
1138,-2.728741200110135,-2.0086320070752053,-2.4763548091425647
1139,-0.5680443108206875,2.465419400517124,1.7445355076208833
1140,0.731908805595143,2.078212274004692,1.7256958313486042
1141,-1.4346602360830203,-1.6378102175757552,-0.0594135986118659
1142,-1.255586892191361,2.1526896289086346,-0.2366950203493142
1143,-0.4533477319239186,-0.0062200121816224,-0.8243629248833566
1144,0.6111195736257858,0.7525148445776096,2.58335653773998
1145,-0.6372279298818072,-1.7199984220953617,-2.600766665525946
1146,0.9931169661520688,0.367642761311144,0.6469621522584423
1147,-0.822839078714349,0.7063973049783697,-2.504772828236351
1148,0.4422532574139179,0.8958811792009951,0.6380178511143377
1149,-2.578161295688102,-1.2363793697682317,-1.1754496861311658
1150,1.954455471845114,2.144887749340883,2.05383076746922
1151,0.050009497634774,1.4633545282403746,0.5188377702907456
1152,-0.1873042293851818,-1.627867782381038,-2.3769073038981814
1153,-1.4602859302573878,-0.563812416072315,-2.718650856358701
1154,-0.4469590882781828,-0.8276791188501553,-0.3416244745632479
1155,-0.680218388845881,-0.585674356954998,-0.0808479873321604
1156,-0.3764924814854699,0.9050272997956352,2.203142579586863
1157,2.3300847214394533,0.4977937758249115,2.109568632501272
1158,0.5475519783523848,0.2819173458382903,0.3063627943731009
1159,0.2644361576404893,-0.43692590521749,0.586843944253202
1160,1.8791079639037545,3.048767693333718,2.71947830111594
1161,1.780151681223376,0.9058233274715166,-1.855888551035232
1162,-0.6013139400180784,-1.784199847366884,-1.496614745469419
1163,-1.374543534957516,0.1526880325168808,-0.905094718048864
1164,-0.972896011971116,0.4127806528256593,-1.253752275923679
1165,-0.7521460078277723,1.3772467460306463,-2.3698389777617184
1166,-1.0427151188748658,-1.1088273001766775,-2.5513228858831285
1167,-1.5105582785084417,-1.094447757422775,-1.560655157750352
1168,3.324769690125572,3.463206084401236,3.66834968422422
1169,-1.1766399715397593,-1.185873152381563,-1.1817786076376142
1170,1.420815362238121,2.292068117591446,2.3110585612330934
1171,0.9309514153454854,0.2137948745828107,-0.7704226966795986
1172,-0.6436420683602022,-2.001107129118058,-2.035705556876084
1173,-1.8007970845114325,0.9144555723248816,1.5741007783283694
1174,0.0369768104996325,-0.3497656443133067,0.1152720968612637
1175,-0.0216236102766034,0.0526913998854786,-0.2482760371937043
1176,-0.8258101679987143,-1.7264953137688088,-2.322832671020335
1177,1.12390567389788,0.6715654767790142,-0.0226576899667994
1178,-0.0038123432688455,-0.8249328083967322,-1.187877616286502
1179,3.416534701832972,3.257535153904642,3.4471133983503885
1180,1.1973309714828724,0.4750055001146404,0.3667237308642029
1181,1.209967493925907,2.2620820708566747,1.2936841679764932
1182,-0.4774755148969076,-1.1942504809893153,-1.174365876002481
1183,2.3917432089984985,1.67846938198482,3.107473549232863
1184,-2.3282510557879976,-1.6433461412460455,-1.2452888170012055
1185,-1.8392442167025105,-2.2216607183601487,-1.175768283183721
1186,-0.3284025147065572,-0.82763288571845,-2.2451464436358712
1187,-0.1899051195811579,1.3256300890681647,2.428365566793946
1188,-0.8452531324412605,-2.1980926261574893,-1.50497073680749
1189,1.3202226274557172,-0.3248164231937792,1.874007702698643
1190,1.482635956443842,0.5896722764139825,1.3940085603751586
1191,1.0423625838996209,0.3700694249668605,-0.0288016135827429
1192,-0.7365112995758222,-0.9592971549387675,-1.0818304635412437
1193,-1.7096819876311178,-1.451263606865952,-2.169284469299322
1194,-2.57637624389889,-1.1361675084623786,-0.9162866582722236
1195,-1.2595812186149409,1.6711603096841297,1.9316933774321183
1196,0.6389520227544588,0.5396155075776277,1.2206020669486926
1197,-0.7461084282819319,-0.9538602639627636,-1.4969874785280757
1198,-0.4730511108137424,-1.2801605015816298,0.0060801679200548
1199,0.2776584277311625,2.069912750795023,1.612409508012878
1200,0.3996113285645754,0.4106715894766204,-0.4266490054175548
1201,-1.752737355062966,-2.816487482167809,-2.7971456879953123
1202,2.294121141985624,2.423227789963783,2.6894854799390173
1203,-2.7021027398978577,0.519031755752935,-2.8147828633316405
1204,-1.3216619517435189,0.3121988151330008,-1.7975054424992225
1205,-1.612963865078505,-2.6696674126887143,-2.0454378246979865
1206,-1.9638092056044376,-1.6014386863866317,-2.3716647702359817
1207,-1.487566946499356,-1.90837037795459,-1.805897615314079
1208,0.9796466719098756,1.768030548206915,0.4585458737003269
1209,0.1425885740845368,-1.0637114383102195,-0.8957042218585312
1210,0.039029421511715,0.2020218786546431,0.1624008635599946
1211,1.925562489503132,2.6205137432829395,2.6445885491394128
1212,1.0166537895087986,2.0010778049372093,1.2830426433366178
1213,0.1943473967936205,1.1818585312922276,1.4931405299602016
1214,-0.8980658328413407,-3.119760904922813,-2.798241128078088
1215,0.4009970497393436,-0.2079645991432341,-0.1239867530450793
1216,0.6645856124936433,2.640972297154208,2.5233573114425414
1217,-1.4024136007454642,-1.798674792268478,-1.7360569689551308
1218,-0.6182455809004477,0.5716460990472452,-0.623251578876594
1219,-2.3136285857280265,-1.277635248796508,-1.54622926696241
1220,0.398385907197481,-0.0788038704587821,0.0560752626686066
1221,0.7072055038501578,0.2731028447096412,0.3751568960206638
1222,-1.0975268771451137,-1.6520769320530513,-1.3331720684473063
1223,-1.6579011458289494,-2.163883902666362,-1.3695684189104709
1224,1.833069271725661,-0.1880357382724443,-0.2692969587502699
1225,-1.1487205027095964,-0.5101577205410018,1.790303985187662
1226,0.5645367080020685,-0.2769529038338905,-2.431212158333101
1227,-0.8451667888841188,-1.469191627112513,-0.043014786411979
1228,2.499216585178452,1.3333535152747598,2.8295552580085954
1229,-0.1455038391597943,0.5043534877736975,1.41602045866583
1230,-3.098482572543668,0.8215889874967137,0.0050328155302948
1231,-1.8558819913682163,0.8103956814708727,0.6133777284051221
1232,-1.96279658335851,-1.2120996428234831,-0.86920705972678
1233,1.8955576214520016,1.5861106710761017,2.5559909739782403
1234,0.5635410576468942,-0.2919475564843246,1.3985440594207166
1235,-1.1681636471815018,0.239535069079112,-1.44325993377409
1236,-1.1482790893743189,-0.5797069808275581,-0.4361761109863034
1237,1.2969344852792613,0.976092330303142,2.6397876910811213
1238,0.0251762701857096,-0.0520406169870055,0.3562706197725778
1239,0.1652863545063295,1.2931525010728029,-0.660560278519808
1240,0.4492510469602534,0.4179382014308009,-0.2277171242669267
1241,1.7061693832077405,2.8291410484787387,2.421369873050441
1242,1.7714413943996064,1.2399733595511022,2.0360402963026982
1243,-2.4073286944448045,1.3940450436571363,-1.8177024412623963
1244,-1.6103285463755808,1.0365651830241571,1.018575849268041
1245,2.08067931920552,1.831511389877585,2.129686907440869
1246,1.12976854895388,0.6975290586709058,0.9701661739134184
1247,1.6892031913256795,1.655829408927115,2.480893970324581
1248,-0.3151671567631533,-0.185522850640885,0.0811771957108049
1249,-2.324388493472232,-0.5098682745655951,1.415866726108322
1250,-0.252943259025907,-0.6023814854914856,0.256192572754385
1251,-3.147592113901976,-2.8202502303516,-3.37328890867648
1252,-0.2337459931884372,-0.1228676589916039,-0.0428892651024195
1253,2.9394243538513702,2.637931032146477,3.136151891412129
1254,-0.0425049684544849,2.180820112854008,0.5995185940486485
1255,-0.7789962751899966,-1.528828828291409,-1.9100294403638
1256,-1.3894480754623857,-0.8083206188352015,-1.625081687586276
1257,-1.2485937511636602,0.4449025814972485,-2.351664403100105
1258,-0.9964438770445072,-1.149764998498648,-1.5356019821174725
1259,-1.2884915283269385,-0.7113372932285673,-1.696220064355607
1260,-0.4473623154800255,-0.6166883817731832,-1.9020372017148173
1261,-0.5490167940521561,-0.6279912448206427,-0.6291053997796184
1262,0.1232988239621503,0.7044858975063772,-1.71283413436637
1263,-2.2291174410604,-2.9579024903991806,-2.91418171522668
1264,-0.1993653305418531,-1.029450860723918,-0.7171953011256578
1265,2.581535203204551,2.3032710787448933,2.837207246390357
1266,2.732531262827359,2.6554474654078213,3.1372269448147447
1267,-0.3293286940268606,-0.1619536888938323,-1.1829885428350215
1268,-1.9559221687033712,-1.2231403480420973,-1.8959281444264893
1269,-1.4474352199400926,-0.9760856949965704,-1.9468450857154664
1270,0.2976863012302565,-0.9292366487000636,-0.4756412020052974
1271,-0.6129929566027656,-1.3666333506130766,-1.127039630201508
1272,-0.0630324384185933,-0.7650979329965719,-1.072883020165219
1273,-0.5431539013716007,-1.366084192535865,0.8952588266271727
1274,-1.5102869020349394,-1.5504223354647175,0.8536980749688275
1275,0.579977178962425,-1.6685822380413229,-1.3028654346058022
1276,-1.052486181466454,-1.3151154577480937,-0.7612028960746319
1277,-0.5441438251321304,-0.659107584212324,-1.0415079670655265
1278,0.4277154179259754,0.1471244517764312,0.1362963780838975
1279,1.7093429093591062,1.6069250273760485,1.9835465366885163
1280,-0.6413288235763608,-1.8121939329602044,-1.712308111679031
1281,-1.5227296459037818,-1.1079193763250472,-0.3719791967142116
1282,-0.1597477839638481,-0.9920021651045938,-1.7525203892632737
1283,0.9874318880463296,0.8557346542621239,0.2810860259337412
1284,-1.9868423071133765,-2.7659700240546568,-3.2400451668737533
1285,1.960877272642136,2.153665128322584,2.058440054476633
1286,1.967284363389024,1.719340498208126,1.7538788193458106
1287,-2.4791147641280338,1.556991406738606,1.9788728173382943
1288,-0.6295748844529203,0.5243509856883354,2.025353814349817
1289,2.080750666666774,1.2772860516179636,1.6534885945516549
1290,-0.987630350983426,-1.7916315473189195,-1.6310428449670131
1291,-0.1164228020440931,-0.8457762295338491,-0.3925937465822184
1292,2.810083853328045,2.5926834559182548,3.135217710011202
1293,-0.8093238974812547,0.9519104995977712,-1.6891841022423195
1294,2.662512346946285,1.810975641162537,2.532073031764572
1295,0.9318219907799274,-0.0104703907970312,-0.2120128930407253
1296,2.1173889829334835,1.4094008820534742,-0.628910211194197
1297,0.6611172532833574,1.5270253538578191,1.3134471919257666
1298,1.091355616366467,1.07360894456807,2.194862868364552
1299,1.481102438661895,1.0073350508423384,1.852983450802248
1300,-1.7992280064151416,-2.1012388147326297,-2.0560733022045854
1301,0.8735668406813344,0.8621248493922646,2.6672351863769768
1302,0.5692312200843592,0.9799785462107564,0.9926610695168714
1303,-1.1317807509053166,-1.725764354062161,-0.7656575572806346
1304,2.8105846717980723,2.3595030466712013,3.105081298809076
1305,-2.606246709849886,-2.2424632788786303,-1.7038532250623335
1306,1.222742500649677,1.24093137428162,-0.3556505273549548
1307,-0.18594729687536,-0.5316593649327384,-1.543289905865609
1308,-2.4348836347697453,1.8069708545987744,-1.7304883663623338
1309,3.502944626917291,3.2321143248316644,3.034634098807312
1310,0.9286990332132954,0.4724421927799649,0.4170833214740453
1311,-0.0857527235868202,-0.5437174103403843,-0.1229339616647852
1312,-2.769837407375942,-0.2209273917021487,-2.565117405296411
1313,-2.3736597999438427,-0.7367279915108703,-3.0600686296588187
1314,0.6641837320403526,0.3490344061179166,0.7389262313318763
1315,1.3824088430713473,1.0764683580501768,1.7535872592160593
1316,2.26407014591242,0.8945209509989919,2.0482631768238466
1317,0.1873993487815485,0.3926656231191028,-0.5003217053515442
1318,0.7316460939095577,2.321533881836882,2.3575899095458515
1319,-1.6931215046052814,-1.076029426517764,-0.6173761556091908
1320,0.584599015129291,0.6803438947157014,0.5221543712846881
1321,0.1179207889305744,-0.4578015564252514,-0.3156804082632236
1322,-1.317393870568487,-0.4124487831310104,-0.4862738515235676
1323,-1.0048921677999456,0.8424070715799168,1.6896496701582089
1324,-3.1779959845656647,-3.1154511742021795,-3.2490481556797213
1325,0.2213606861679134,-0.1967562991435069,0.23916604535115
1326,2.1013939090428884,1.0361051929061051,1.9042399422642569
1327,-0.4578660774887088,-0.6180866641303541,0.8423637374926543
1328,0.6544925341307385,-0.2180546846885059,0.3003255207167202
1329,0.92088452235287,1.3609480754263443,1.4798785498710287
1330,0.5435897494083929,0.0192186736389236,0.4498169821392432
1331,-1.487630443418949,1.2568006426238223,-1.7872494917591082
1332,1.2005139840508785,1.6409047586474408,1.9467038267000232
1333,1.611943313900564,0.8160320019163898,1.7817855533979974
1334,-0.0684559658312275,-0.5348935350664235,-0.4897051609362852
1335,-0.2616542939480623,-0.4252637770112457,-0.0910776054571515
1336,-1.0641823133795627,-1.7472218917839055,1.772424997615787
1337,2.618413369435297,1.783855232793574,2.2541123964752865
1338,0.4653744282737712,0.4338740112704902,0.37640194153718
1339,-1.5086083662474523,-1.3629539857622277,-1.273110197149629
1340,2.8754862913136257,2.711781020929981,2.9325017285255552
1341,-1.340594340139662,-1.98076629765081,-1.771828009031284
1342,0.0360854890707278,-0.6921533344478148,-0.5986600236079971
1343,0.5243077403437106,1.1963838927308763,0.4742694705796693
1344,-0.7110907767866166,-2.375491348763382,-2.568946059457112
1345,2.62045575450476,2.449339950192142,2.796406392773382
1346,-2.2732469489394047,-0.7277518221089159,-0.7594413482221254
1347,3.406686708004941,3.314352977022598,3.57345684116909
1348,-0.5606249603213371,-1.3976198473744357,-0.9946503451019724
1349,1.6217251206034822,0.927103001058097,1.550502955823363
1350,2.960730263206516,1.7982441296443648,3.187459763927153
1351,-0.4081094657073253,-0.8002267577069262,-1.7542691738120917
1352,-0.4626226766660225,1.5640744031523912,-0.0172678131912204
1353,0.3600448094799856,-0.5161706355194282,0.1465972336221129
1354,-1.6768026580323896,-0.5218207604789418,-0.0155558495125363
1355,-0.3771722101733766,-1.4586179458626691,-0.6772594718312028
1356,1.698514305469589,2.3549112184103964,1.5864628952148236
1357,1.1811043965044816,1.1538749912332715,1.4111833203623614
1358,2.732407550663479,3.296752598970178,1.7626853372051017
1359,0.4272350543597256,-0.2597934751625526,0.3365040096988813
1360,0.0733287077574518,0.7717693274284281,0.4362373056285029
1361,1.172943083740945,0.6203562004789203,1.171195225653625
1362,-1.3515785259148434,-1.9832204922059105,-2.1325699241110936
1363,-2.6386155495714503,-0.9942203326969064,-2.444017717860384
1364,-3.305547611179702,-0.5187775367612104,1.3946233620956423
1365,-0.4229621766884163,-0.9762001201024348,-1.0613447008990111
1366,-1.4563757121783882,-2.523920194797612,1.6610383540457274
1367,2.801993123034323,2.72600466681222,2.965476113470788
1368,-1.7027643007291122,0.1253050518045099,-2.100841613652904
1369,-0.8655639386114946,2.085990053722861,2.4651797115842973
1370,-0.4990831241148479,-3.251766420432129,-1.724875254731295
1371,-2.225504072133658,1.2977701174117842,-1.9969741536531505
1372,-0.0220320422197282,1.164029263057762,1.5162236961344682
1373,-1.804390203563662,-1.0056257108428237,-2.372818980371163
1374,-2.2682074260506804,-1.6192802953743204,-0.2762299734675497
1375,-1.4491185620527336,-2.908080748821741,-2.9990033393838105
1376,-1.6336872643541245,-1.6374421841514035,-1.6351505669517268
1377,-2.2832331007418607,-1.6562709002780531,-1.9439376206239485
1378,-0.8922474894114696,-2.3931858936039005,-0.9868075013486668
1379,0.0640733587504152,-0.7471787879152103,-1.198491565981335
1380,-1.4628910962124615,-2.423430633934133,1.3891090203580705
1381,-0.4161471291093364,-1.0294708524377048,1.321910332767239
1382,-1.1361136728580965,0.5685541386792998,2.733627360674592
1383,-0.9431809920799096,-0.828058098814169,0.2791773685798989
1384,-1.2811760959449858,-1.1075233563928073,-1.0269947502507148
1385,0.7530653054878497,1.0755925958139363,0.4986368612004124
1386,3.2191726866079384,2.97067313916951,3.4814930554964776
1387,-0.2173191692404649,-0.0083290378091391,0.4237324136905934
1388,1.6361906537329227,0.8546642824063921,1.5921100594643094
1389,-1.94588661669594,2.142829130341058,2.2999760069142736
1390,2.531217724498633,2.232616534780072,2.695369569258003
1391,1.3612436180381051,0.8071409423986227,-0.9800021281613448
1392,1.137936073379602,0.9693530320401536,-0.1133517945872203
1393,-1.383103926253886,-0.4165925706748286,0.154398620587949
1394,-0.9483295096897104,-0.681408435798668,-1.167962236590809
1395,0.4134999088522453,2.244718877252736,2.529134017249501
1396,-1.0676764358226438,-0.6297321418687027,0.2110156379411794
1397,-1.1226952873845524,-0.865538455893373,-2.209216952032256
1398,-2.1217161639050213,1.0881720634947003,1.7816643030432415
1399,0.7668509115228823,2.204508740086624,1.0202491061074117
1400,1.0645103364553767,0.4450581447637241,1.2738575159100562
1401,-1.4947292333780595,1.331769971389617,0.0510306199247588
1402,-0.8873053957086687,-1.2931339878469148,-3.037130649971572
1403,-0.793334308940354,-0.2968350890432495,2.4929172709637664
1404,1.3353914533784843,-0.3979184606091943,0.6402194243134246
1405,-1.012007023243932,-0.5671796090714956,-0.3821808857744986
1406,0.0892249749180354,0.3203355276552309,1.022294122457176
1407,-2.1719839819584013,-1.4979874291972173,-0.8985465014279312
1408,-2.3671057058300145,-2.5039331805610874,-3.1312445032440137
1409,2.819611865224743,2.479784335253658,3.04945645264474
1410,2.726810273930659,2.832735877862865,3.326284405529924
1411,-2.326906098858071,-2.520740687354192,-2.370259132782089
1412,-1.0114006268783509,-1.3942758566667266,-1.8538601217763704
1413,1.5559128715236312,1.3151430981197567,2.354545702208262
1414,2.8543540779128524,-0.3095055486197166,-1.8957426437072613
1415,-3.306128303206576,-0.4570945960502652,0.4223441725222284
1416,-2.656704847759907,1.3082446769556315,-1.81074570827728
1417,-0.828648563002305,-1.1090362981672257,-3.0360125721330125
1418,1.0447521759299083,-0.4360561214417761,-0.2773055907759852
1419,1.9693834291551984,1.5324535723751185,1.954228020231789
1420,1.4454622857353856,-1.1376457204467754,0.8039180225090152
1421,-2.492934336273991,-2.2360059361426106,-2.787103590676583
1422,-0.6701815283581531,2.341477625330735,2.1118550364440254
1423,1.3062636631861986,1.268987366504999,1.549688589563644
1424,0.8232582316857495,-0.2276639495939848,-1.48603810068023
1425,1.166612747032839,2.589448080383098,0.8772891576868167
1426,-1.6950497882044346,-2.5719501848980064,-2.1116328508124496
1427,1.9007535005138647,1.5648056369616747,0.1446765473880871
1428,0.8859999005789532,0.3764555742895913,0.5776834848089498
1429,-2.2871363016256447,-1.981895614437762,-1.808165218355107
1430,1.018514607635143,1.5651912734254847,2.5298517357395065
1431,-1.3953255314354749,-1.7415920446869155,-1.78905330128544
1432,0.7204039017032423,1.492495466475582,2.047657342097551
1433,2.1344306647812816,1.4753150406019515,2.778409571099396
1434,0.1946943255276868,0.2157764549943932,0.646981411581456
1435,-0.1904020420546958,-1.1130348469097542,-1.3145790623991127
1436,-1.0718534801698292,-1.063537661873498,-0.4988677194554783
1437,0.8186366465296528,0.627520210651845,0.2844696032304312
1438,-3.4375663630488087,-1.4390401659996528,-2.0143284959968315
1439,-2.0205044306784807,-2.421838949043812,-2.8778163626422937
1440,0.9016333911023816,-0.3070714187257676,-0.1475688288166944
1441,-0.1078888934190651,2.072367443489668,2.121743920215541
1442,1.6753787123114647,0.7627112536907793,1.3860504965832208
1443,-0.8700299850877276,-1.0209243806639996,-0.4462396033457575
1444,1.3572352309561897,1.2764462823027214,1.228990848102865
1445,1.3313425534315997,1.1769392166744832,0.4411230663514721
1446,-1.8479946648063907,-2.108747837546428,-2.261407234046182
1447,1.6773080246459833,1.817908472191336,2.18809101136672
1448,-1.462379036789932,0.0785527052444713,0.7144026905920258
1449,1.3199554832713252,1.2544910153353337,-0.4037177661326919
1450,-1.1428604238756968,-1.809716435836506,-2.480062429406709
1451,1.071119220143217,0.7429193758462663,0.2667797240507589
1452,0.7757577091543544,1.7741746956290163,-0.5139240001045877
1453,0.531972913037775,-0.3556214448514824,0.4169691538507776
1454,1.0221598664979683,0.8259122189324948,-0.8709690501988154
1455,1.453241421218881,1.293647674631241,1.401976363870422
1456,1.030175695172056,0.2146690453512451,1.1311124893476412
1457,-1.482653007564695,-2.396882187666338,-2.163963739121879
1458,0.2160080288983084,-0.4782479777838501,-1.2219392575812902
1459,-1.9417119823548377,-1.0769313220181822,0.8038680091328011
1460,0.1950544401140073,-0.6065223516584798,1.169379402313476
1461,0.9443529035950168,-0.842287549818258,-0.1452826844044785
1462,-2.799886554443116,-3.121661401237063,-3.268064650569164
1463,-0.5193526139237086,0.1177423757249352,0.3810904414749934
1464,0.0771392522320878,2.172306142286043,2.3792105987437
1465,-0.2568892918593753,-0.8731038567999547,-0.8022950657934222
1466,-0.4120774374281672,-0.9262737640490954,0.812290393004393
1467,-0.2534338423059126,2.657791631656615,0.3763398528274069
1468,-1.7488106156856784,-1.994651427736316,-0.9292795332749388
1469,-1.246965404425552,-0.3557450622204244,-2.034090053172322
1470,-0.6658531820290227,0.6954657583155833,0.3774769935290915
1471,0.3340709957292531,0.0766576751837463,0.2206182322588706
1472,0.3519715390294088,1.5410822430503126,1.513246536520753
1473,0.831329378042492,0.3544274675263972,0.451350891287915
1474,-2.818918988851462,-2.918967420150748,-3.616295189337022
1475,1.8138976766458927,-0.019475931999059,1.1829665954782311
1476,-1.385506913836199,-1.4015421903571137,-1.1577077462390208
1477,0.2299011193423193,0.285645921368108,1.1371906222279264
1478,-0.7747348698906957,-1.2052490031357277,-0.2534882583435087
1479,-1.536626510035824,-1.4886131094568429,-1.3208011204293064
1480,2.045242281218803,2.026119525895892,2.4289683538412903
1481,-1.247830020046345,-1.6956100565926622,-1.7499575287346667
1482,-2.879036329140101,-2.899012063848545,-2.281667664890251
1483,-0.7933637659727242,2.0035807094465303,2.316882150411057
1484,0.977746122699835,1.3271950737106584,1.424019586951712
1485,2.384989181984337,2.034806921496372,2.54949703710447
1486,2.7559582142914123,1.844796252853826,1.527075578728317
1487,-0.6838755454986114,-0.6817270781631479,-1.9859628134034588
1488,-2.6256852312499803,-3.4742550300809465,-2.543981888258216
1489,-0.025204372268021,0.0258273403018327,-1.2555422893356365
1490,-0.6386341889721885,-0.9707718554402504,-2.0220935663936737
1491,-1.4706995287869578,-1.1009980905604675,-0.8576583590542218
1492,-2.0004902124713606,-2.102676674531285,0.0395443480713721
1493,0.6413522312930996,0.5440772871517618,-0.959910567016378
1494,-0.6554741290231865,-1.52225989220906,-1.2276337513697206
1495,-0.8096494935896956,-2.474160520038568,-0.6363787425052017
1496,2.462040282064973,2.9392211690217795,3.2063834340652475
1497,-0.647458188910611,-1.2933677039985771,-1.956611064519536
1498,-1.2173140074428852,-1.400998485746297,-1.1981079855595904
1499,2.002224070086729,2.4769524750523444,2.204361820872289
1500,1.7872221372872716,1.6243132835409446,2.028875826211889
1501,0.0149471147655836,-0.2271293915273665,-0.8113247620938917
1502,-0.1278635931008447,0.2754701523378922,0.2754930675568582
1503,0.190738422003235,0.2405089577146807,-0.4318616684755118
1504,0.8824718687158433,1.5728472081013276,0.5067766862669214
1505,3.179384441439939,2.84341481483063,3.3038256020438137
1506,-0.779705283497375,-0.6121324515519799,-1.266074434430618
1507,1.1475258076051298,1.7498614780083324,1.2234117458170557
1508,2.207317668216974,0.5291877152115742,0.791367534161195
1509,1.4007093026046165,-0.9567224335442936,-2.0796514594156625
1510,-1.2506360001352337,-0.5223468792903906,-0.3351198749804202
1511,0.3265213366038109,0.1067108792686652,-0.3071963643780233
1512,1.2734712106898296,0.7667523862407344,0.380184238981233
1513,1.624930857535738,0.8131986591936569,1.2877263286803848
1514,2.276124470442588,2.1288113794546324,2.7619845973536585
1515,-2.8765762877950887,-0.1127621212794739,-0.2506312585176514
1516,-2.4412711256365327,-2.025487412652178,-1.6830020408365416
1517,-0.4511686241213254,1.239716955556467,-2.626989131259667
1518,-2.562720772776716,-2.913179982095476,-2.461953068573425
1519,-1.5203481837416593,-0.1047846428346388,-0.8260263660771765
1520,1.93404871616237,0.876358917864263,0.4674953285865885
1521,-2.013871918056088,0.3423351610559028,-1.4830883653803242
1522,-2.647917584258796,-1.2775889117891956,-2.08068965993629
1523,-0.1758899875051054,0.462382488445525,-0.974517596997567
1524,1.9048369036253543,2.052253982754022,2.551716889310569
1525,0.6300166376227139,-0.6648009179839662,-1.3395852539885924
1526,0.2173581028734253,0.5267415128507189,1.7539752147080336
1527,3.063578126022488,2.7821673636640813,3.227011353335176
1528,-0.5211550958771839,0.7998946677415986,-0.8249602682540964
1529,-1.496612351974819,-2.227618866413748,-1.24704044551291
1530,-0.5074646814004212,-1.443575818945617,-0.7672278558631244
1531,0.8198113920739609,1.1643880473789563,1.349714610353426
1532,2.2967793072001164,1.908050208276812,2.606618116713224
1533,-0.9929021315254376,-1.246282492585642,-1.338234481343113
1534,0.3353842558746908,0.4015843345791641,1.9661945959608664
1535,1.6029645009672613,1.3642492098157284,1.6917929671688412
1536,3.353069511475874,2.84413120346378,3.283990239714034
1537,2.494007140540531,3.00296490728605,3.205570263836912
1538,3.062764175257443,2.861754724678586,3.3924310461097447
1539,0.8709080351913626,-0.5212427241865818,-1.090685595446816
1540,0.927612128576688,0.7441813375315953,1.4724333651658494
1541,-0.5199316920221637,-0.3239080600248749,-0.9550573273581248
1542,-0.1043919929320383,-0.8980089489942733,-0.1457442545744654
1543,-0.8648167311053833,0.3828232092261675,0.8129051299654966
1544,-2.728607478916032,-2.4723623484340846,-2.57802681758158
1545,-1.8118332383986608,-2.117330982021347,1.1665401923160443
1546,-0.864709787982223,-0.9069266623066696,-1.6579596500472034
1547,0.6755332963979683,1.02857385405615,-1.4469766411430545
1548,-0.5932320152899835,1.6285458776003645,1.7617433725313891
1549,0.932394240333532,0.6363057679434211,0.9782820303219458
1550,-1.5074733987564986,1.0873139676001973,-1.8074225547812488
1551,-2.4876118350006373,-3.038763485032119,-2.825429478929679
1552,-0.8571688886906452,-0.5278108788339521,-0.7917849200185434
1553,0.0774488974367145,1.1840288673520176,0.8835198139605773
1554,-1.3340867971062165,-1.041921189314417,-1.7584767416160454
1555,-0.0908444565342498,-0.6605070674610134,-0.4084966111935899
1556,2.6876377997962217,0.8649021227643577,2.5841074548375915
1557,0.4932715791103218,-0.4133540772596876,0.0931777513110329
1558,-0.0713038204047566,2.1991166701096128,1.9646387008342527
1559,1.0673416374030678,-0.5885029820481694,-0.3893717095598037
1560,-0.86723066467344,-1.443023401182584,-0.9900630575886952
1561,3.1246759983230685,1.5186718568362108,2.1675452695045787
1562,2.755953420512756,2.619450068659448,1.8010520133963228
1563,1.7585274416147276,1.6599309354829967,1.741127493394497
1564,3.3350936528689323,3.220431020796329,3.478844493153116
1565,-1.2324068803496873,-1.2934206312797056,-1.3843148704819792
1566,-1.8061765655732245,-1.7822935871706829,-2.159984291356862
1567,-0.187467977127326,-0.9287846220669942,-1.450889031153702
1568,0.9083643927557684,-0.8508168429688754,0.1468269686671213
1569,1.074337750285098,0.7241917680986352,0.774676249575341
1570,-1.6118893064149598,-1.5938205922512745,0.6544313220915808
1571,1.345542623977203,1.6069348850635072,1.3116921129064525
1572,-1.6424952666493964,2.2054983675980666,-1.566096645838127
1573,2.422860342704192,1.405305911714354,1.158681809072059
1574,-0.7386743837018115,0.5096667671125015,-0.1895434432609546
1575,3.663213046220582,3.6000612631099367,3.036095449227535
1576,0.562013283866815,2.3856627050894352,-0.755164031778183
1577,-1.6940173434281107,-2.3991833678366743,-0.438474798998292
1578,1.1977703229788406,0.8505071485210518,2.4387933222018527
1579,-2.710716705349992,-1.247499439579545,-1.2281477335409128
1580,-2.4548191871187406,-3.0375783152298155,-2.8269900385449085
1581,0.634238025433467,0.4247371567835289,2.137964706525367
1582,-1.6567831647829712,-0.500154705892655,-0.3490774196364282
1583,0.3869210913459814,0.241589836451203,0.3998453527093748
1584,-0.5743472816193893,0.002945261864115,0.1321399990880554
1585,1.4738085343397758,2.168014339404281,1.834278242545251
1586,0.4665514587995295,0.3550634316488259,0.1246097134035631
1587,0.8842943245937835,2.115706435310624,1.2851865538020135
1588,-0.1890556769269558,0.2566693033291421,2.852855885044624
1589,-1.999477858662808,0.9673034271082286,0.9369097585907324
1590,-2.2377002544994378,-2.3210546536238983,-2.313576531215571
1591,0.7674984013765658,0.6376928317298407,0.4600337666212372
1592,-0.752004099893561,-0.9927762898480992,-1.0996673371376249
1593,-1.9144132108085128,-2.1635700025719222,-2.7013883994522665
1594,-2.0588012665133144,-2.1557378587559564,-1.7934212946996195
1595,-1.6399760714023237,0.2388788218099425,-2.309541333821725
1596,1.682622236555626,1.8303764781783525,1.190427191445934
1597,-2.073468289778485,-2.019483840549378,0.8817704087645838
1598,-2.121131841085758,-2.582676823670053,-2.6700293813818754
1599,1.1180552388146403,0.5924419039396449,1.7529114062378943
1600,0.0113059097434603,-1.508160321043122,-0.5072758802371421
1601,-0.8483014896157691,-2.356640887437708,-2.1553807613029754
1602,2.3246643153492363,2.4633982618109984,0.9931905741092508
1603,-1.985595100463984,-1.939958743046812,-2.3759844007692927
1604,-2.087971314578231,0.51413255038728,-0.1606492577888236
1605,0.669260874763863,0.0128812423424076,0.264270840516151
1606,-1.485092843220402,-1.166200594821648,0.8792267328695043
1607,-2.4128725230631205,-2.1810123317507264,-0.606128803196933
1608,-1.630198235140093,0.766242416826766,1.5943918879750474
1609,0.7225866359772855,1.1132301324707763,2.1474722110981146
1610,-1.8966339946094644,-3.038383441588059,-2.613773541920542
1611,-0.3021216670848596,0.0192405917902437,-0.3636143439987622
1612,0.6979802106179108,-0.7052267032146085,-0.141475307075223
1613,-0.6581083103949561,-0.4820381187271116,1.1475272705321296
1614,1.1819938909768986,1.5633823854039142,1.3427740643907131
1615,2.102857594686253,1.8842745339152869,-1.268547264530536
1616,-0.8283598639903182,-2.113473333966544,-1.9173950455549231
1617,2.03893111871702,1.4167733224412908,0.6903446229351263
1618,-0.6515521242457507,-1.6242487946476862,0.5133985976445494
1619,0.2665743107137099,2.592005162601502,-0.7146926826526273
1620,1.7813007133030203,0.8935451059871709,1.3023806270689702
1621,-1.7290102672787722,-1.0956081672378326,-1.2990052941372938
1622,0.8781481957478172,0.6719856262478461,1.2909879090409184
1623,-1.5947737106545363,-2.0825159377614604,-2.938515489189557
1624,0.9004609865785244,-2.3135471662908063,-1.173469832384106
1625,0.1854411857128111,-0.0530302330458511,-0.3683034163668884
1626,2.7260202950997594,2.4227458576031218,3.136392778279065
1627,0.1086947889281054,-0.2192950287347375,0.0054698566281825
1628,-2.113949720269694,0.4175628164986913,-2.9116743229142146
1629,-1.826089925767367,-2.024693753611312,-1.860393474625193
1630,-1.7569083336503055,-1.0808975964987562,-2.216364106709934
1631,0.0308863576614093,-1.0264139461208537,-0.697221822746275
1632,-0.348170772019065,-1.131252480898984,-0.8041516297330326
1633,-2.3852447292761307,-3.125355614394046,-2.9546560084791262
1634,-2.227314154119627,-2.2008129116682515,-0.4847839583221203
1635,-1.4065743595408928,1.2783723646821188,1.3984876642731012
1636,-1.0299176306344713,0.4810635513896156,-0.5982431609998173
1637,-1.0372446164404512,-0.8098089559061443,-1.958796021388188
1638,0.9308676258856572,1.0786003783257032,1.9213156209334208
1639,1.566334855479426,1.4291815041730065,-2.1575808869651967
1640,1.631227036181298,0.7545882234465787,0.889968343775613
1641,0.540178438839003,-3.0239258546187906,-0.0134425049679234
1642,2.655924770392395,2.518753744312963,3.050452558143086
1643,2.1620097956583013,0.7704510382978791,0.8176538629040073
1644,-1.6502200668459317,0.9412822728607482,-0.3208486222569473
1645,-1.959144190026816,-0.5274064714706408,0.2449439652285301
1646,-0.7725020320243166,-0.5701279105287981,-0.3374203709913992
1647,-0.1204801287300287,0.2445614446316967,-0.322387875449092
1648,2.4931140407350805,2.427378785713995,2.825541509786442
1649,-0.8286807317801317,1.1798855287679266,-1.6077957893860153
1650,0.5424092548020963,-0.139896465066109,-0.5543771652342402
1651,-0.5195838131536015,-2.6857836449605847,-2.584557710240768
1652,0.239253668171887,-0.1654365646289013,0.3926991338299134
1653,-1.0299179120476525,-0.6253362308270167,-0.2498671297202518
1654,-0.0005958139490627,0.8948142924707864,-1.4247146089245188
1655,-0.2079006462743068,-0.6191982513835399,0.1252292869778227
1656,1.2516978397921332,0.262869815978873,0.3785179649915099
1657,0.30974587377756,-0.0318575341123951,0.6151353774812485
1658,0.586641351441536,0.8717012986233338,1.2867819421822706
1659,-0.8275842491946901,0.2523821761472938,-0.3858457641306115
1660,1.0302268657013436,-0.5375189149052577,0.8504497198241465
1661,-0.2416461029612959,-0.0518368324291211,0.6548654041364724
1662,-0.2615434756408144,-1.665827003064852,0.9806623954055445
1663,1.3241666342179033,0.4259659344206792,1.158441004782966
1664,1.9730216320317755,0.2805712020518789,0.5763352976378324
1665,1.0218028198130389,0.3073458023919748,0.8063870864967077
1666,2.325269837531508,2.368357874230611,3.1357830526288035
1667,-1.3222651340834697,-1.4886131094568429,-1.700929782183918
1668,-1.851070131120244,-2.326061178411656,-2.8235583996580726
1669,-1.109097592264814,0.8483791993159417,1.083129835072697
1670,2.456443940032397,3.342195288602483,3.3059331392694817
1671,-0.8572887135227802,-0.1620550840768595,-1.420722740703591
1672,0.9357321826229356,1.5822351875030307,-1.4008850032914208
1673,-0.0761876557549507,0.1445711340638925,1.2154625164074104
1674,1.5791747614463505,1.5179269866766776,0.4181867207222101
1675,-0.0545747943121671,-0.7998520545153267,-1.9880475926383991
1676,-1.063590615779706,0.0412463625162814,-1.0874009632313042
1677,-2.3161710228714054,-2.678988068814091,-3.11033134883184
1678,0.7002575034256517,1.2913075059010817,1.1335531216939088
1679,-0.7299269360982867,-0.3775576813697653,-0.2984769540720359
1680,0.872472511567191,-0.4575476082164536,-0.2926839372173855
1681,2.8728953801018347,2.721425851282804,2.674669857308293
1682,-0.5550936654759,0.1763320620662511,0.3580978620003994
1683,-1.5621932374667655,-1.300396206092936,-0.8820682583759454
1684,-0.367377669300674,1.521024813186168,1.7263128784205457
1685,-1.1439018707899629,-1.396716288171835,-1.1239711399522454
1686,0.4895163936887013,1.644870608119475,-0.0974811115783696
1687,-1.8480991276655168,-1.9454583324338195,-1.5922300569750194
1688,0.8097154739883982,1.4680360863878046,-0.3224876196160129
1689,0.7031770815470969,1.1053211878738431,1.6514419350089482
1690,0.6762343580438348,0.0601121452681215,0.9451951848572226
1691,1.2628474440352204,2.0080146477923893,2.4330065716170632
1692,-0.7099781939034027,1.5968044953936051,-0.1892734778313493
1693,-0.9014386593912862,-0.4523179061212918,-0.6386990316082575
1694,2.5450945248302475,2.074259677350303,2.5599446418916547
1695,1.5003679132112893,1.6014799727099585,3.1503788949483003
1696,-2.162611528377649,-2.814317006294643,-2.717373017317452
1697,-3.1811930667641617,-3.234354606813582,-2.827290448729189
1698,3.434108401690556,2.7291802370751954,3.4568332371116406
1699,-0.5773612196608272,-0.5769920158497547,-0.786388244873562
1700,0.3849072741502548,-1.8381960628580991,-1.1446837263107323
1701,2.0389400799758333,2.0260350991764646,1.541098626770505
1702,-1.6053391147877047,-2.598254245331113,-2.296455133495665
1703,0.7746536542353215,3.1242124958539232,1.635932496293696
1704,-1.597650122196241,-1.6420079692692209,0.0648632237834454
1705,-2.6282560303448244,-1.670322432076059,0.8783917953948115
1706,-0.7275937615463856,-0.6460778160132928,-2.240986889229512
1707,-1.5421709176560745,0.6824461460205975,-1.907167393648727
1708,2.9068141847204947,2.9719991494379445,2.9911053213362697
1709,-1.2744342871483183,0.3340663515127009,-0.6527501574098753
1710,0.4760905900615596,1.1274615139884434,0.4915761573632561
1711,0.5844279529224945,-0.5823314427321085,-0.5814085457266717
1712,-0.9455242377419866,0.8051902801305254,1.2283134350427445
1713,3.607473760364515,3.2695055170038247,3.762307414288395
1714,-2.790717791144912,-3.4348520842961827,-2.6155427799630684
1715,-3.597266580358782,-2.457826976484262,-2.8320773448898287
1716,0.4582859751790921,-0.3976761927127295,-0.2387180247197605
1717,-1.2531072943537196,-1.7430085128126882,-1.0049581778139889
1718,1.7276071613597952,2.260533805344807,2.515600927797944
1719,0.3852801323458478,0.427869828059544,0.2750631188374949
1720,-0.2928963999847865,-1.601477385590054,-2.501193472849184
1721,0.5574157939785258,-0.3674196086829199,0.0297854270013313
1722,-1.0314908447785842,0.5232051770884969,0.7991247509490514
1723,-0.8993858762384106,-0.3068980147326886,0.020595565634618
1724,0.0765479081250904,-0.807545184939628,0.046547156052794
1725,0.432077062667044,-0.2553847946638922,0.1815114245244697
1726,1.262509041820921,1.3371977249243094,1.4924216584041157
1727,-0.2042495829631095,-2.017006620831159,-1.0749758416043598
1728,-1.3909132821373396,-2.285595842083036,-2.078365359168741
1729,-0.6669671945175264,-0.7199206810444355,-1.0816924601555151
1730,-1.791112786709782,0.6793390934788763,1.1461457792145562
1731,0.1933980275097151,0.1298692670816359,1.0135772092914794
1732,-0.8676943947681177,-0.923682827978918,-1.6039422221065052
1733,-2.4911967111520723,-2.3901661379823897,-2.2745612919071503
1734,-0.0137741436025507,-1.0452343124945815,-0.64939098672708
1735,-0.8095575925964251,-0.3484043010815497,1.205391180990483
1736,-0.3645973358458937,-1.073592102304436,-1.5052819028208615
1737,1.56887847421352,2.973578431973345,3.136785654817919
1738,-0.9383264011173148,0.8259753873744871,0.3444076441835041
1739,1.4156577604311686,1.3897476278718566,-0.4291753781955117
1740,-2.5279440032244658,0.4998095699341446,-1.7984385195136705
1741,-1.0239075890131062,0.7093265466128748,-1.056291800931447
1742,2.0839958951617907,0.892048120992599,0.0636354748281792
1743,2.127434540945923,1.5005188018834947,2.3123479927143884
1744,-0.6579664523923434,-1.179257397133264,0.543151247952411
1745,-0.981906026871332,-1.0456813855774152,-0.992809318487726
1746,0.6151786252354222,-0.8260620350305998,-0.6373683015800266
1747,0.2204605628807502,-0.0242397251745687,-0.2319570228123741
1748,-0.7854976337782933,-0.8467809976670281,-1.1010161783552463
1749,1.5873926178191375,0.3098032312031606,-0.0660583351404183
1750,-1.8005942385053466,-2.140967613316377,-1.1472582120962576
1751,-1.0431627841331097,0.9605042497991227,1.6782258490510649
1752,-0.4409409434635069,-2.0249977654076368,-0.3396476169214224
1753,-0.2646357545218273,-0.7734303809619334,-0.4916458749460814
1754,-2.817900184734877,-3.363727643997062,-1.852625797518107
1755,3.279468388516732,2.8591413119764275,2.9223409738127333
1756,-1.0952621610336029,-2.139151002778349,-1.6952255913923275
1757,0.7167553729283185,-0.0459664567771017,0.2053278192448023
1758,-1.0361920250834655,-2.115803094376956,-2.897419350683994
1759,-0.2391494332608317,-1.5738823284323802,-0.5812606324247034
1760,-2.329611946078884,-2.28032332314888,-2.532534110435137
1761,-0.4711651697442596,-1.0203456776298718,-2.083259403580389
1762,-0.0167286905080203,-0.4498226890926385,-1.0308963947231198
1763,3.145633780388558,2.743287085603635,2.9437122959031505
1764,0.2251190639259592,-0.0210637497231303,-1.0537340444107914
1765,1.243894317635632,0.2467975166111758,0.3703203402136391
1766,-1.326539142465587,-0.6570616750610263,0.4074523402513277
1767,-0.5187652561696009,-0.3242794401937038,0.2032307566644554
1768,-3.253018858182186,-3.366271878942986,-2.990389171442145
1769,-0.085653722095613,1.9482366077093345,1.927531189829701
1770,1.0339630211578683,-0.0354711763854632,0.5962132042152436
1771,0.4487541487862768,-1.3753423901989548,-0.8740080044031452
1772,-0.0505014938266586,-0.6836230382112771,0.2839061533669578
1773,-0.2579434657906485,-0.0740151008499351,-0.7732456757581565
1774,-0.7203111358927389,0.0646593551454378,0.626297258019557
1775,-2.412647509595512,-2.686947002237249,0.6396666889347719
1776,-0.9518026615967554,0.2442366002102401,2.5414922798644284
1777,-2.0057505541034377,-2.2667179026256123,-2.775160663622157
1778,1.6466102584214868,1.944679849113609,2.123902303374526
1779,-1.3663234447466213,-1.2370103824219163,-1.839004275465544
1780,-1.0911494045994072,2.185613099552189,-0.8735171691801176
1781,-0.1550220110540784,-0.0765742343100323,0.5086708359928112
1782,-0.5423252152580785,1.6838691033537174,-2.1081275138520805
1783,-3.121223886937657,-3.1841826189298628,-3.450925753096824
1784,1.6726499459457054,0.8456575838497422,1.6400320866407505
1785,1.5578792429643629,0.6952774572978929,0.9826365153314915
1786,0.1174491649106721,-0.7173952013354505,-1.809582546204483
1787,-0.2408755184128765,-2.6471763871566307,-0.7742451878845626
1788,0.2404254612620181,0.2570863684300246,-0.629738047001704
1789,-2.6302362320941506,-2.5591727515920657,-3.371534256137548
1790,1.076388982941818,2.536389275094108,2.884716333660587
1791,-1.326037664285673,-1.340724666720688,-1.18134918768046
1792,1.0258696204177824,0.7715040296254094,0.2472250469566245
1793,0.1176523992291095,1.932999694228439,2.390599334551821
1794,-0.1506051089385552,-1.6450683411419094,-0.4347679012252848
1795,0.8796135151158453,1.73559914729267,0.3437676806951221
1796,0.4891696436355696,-0.6164800218373495,-0.5983543111992943
1797,-0.5634941805677214,-0.1875819596313229,0.2303863161668572
1798,1.0188443009220784,0.2295161729737953,-0.2643115842790197
1799,-1.3017688420824165,-1.2437007590766016,-2.2785782301967696
1800,2.275397103766704,3.317634389803517,2.565595820806124
1801,-0.5353805438095883,-1.277474668061786,-2.210045392675348
1802,-1.164773941063047,-1.46890475730554,-2.532000487179422
1803,2.0280404793983178,1.7307230204237116,1.94281642096562
1804,-1.185202808548649,-1.456955286392368,-1.8958388256117795
1805,-1.3113043640410014,-1.2992327463193398,-0.8470916171667904
1806,-0.7553649108957959,-1.992799755016352,-1.1454968250705575
1807,0.8204371409565494,0.3784872356355074,0.1132455701259725
1808,0.2774109318307722,-2.2395492287409784,-1.451598391905408
1809,0.182454379709022,-0.0367497592401235,0.1566190034759744
1810,-0.3926225866088209,-1.2347080881213006,-0.0919671846776399
1811,2.057484479702085,1.4637390397494574,2.424008722048798
1812,-1.6880031492820844,-1.471488856305556,0.7781808802294827
1813,0.7278125741648348,1.5382776224960084,1.5845937606557088
1814,0.9871625551286608,0.8475873509940283,0.1954673017457906
1815,-0.5388259508509112,-0.6186302800953669,-0.6912580502647023
1816,0.3267693850176405,0.846430292627926,-2.426930696340755
1817,0.7693021404767799,1.1057613010356646,-0.2650601513912397
1818,-2.5101754094595266,-2.24681286152896,-2.56150899663684
1819,-0.9799152392929223,-1.687544838812105,-2.010907790416364
1820,1.8010813226792326,1.1165111672698718,1.5837216480230456
1821,0.0518367539181622,-0.5922612763646594,0.7592481260062385
1822,-0.6290618294739602,-0.0594896205493331,0.0932606359706368
1823,1.4754567184596976,1.0592649583031797,1.0679399784201002
1824,-0.4221597738797409,-1.985419525678732,-1.9463586591772748
1825,1.5719261232627868,1.0016701555219958,1.4952223319101805
1826,1.2040197883470567,0.8579895484947823,-1.894559797943124
1827,-0.5426983100048344,0.0349961397949045,-0.8846079812370262
1828,-1.8597879169371736,-2.224105345606148,1.4504078414893522
1829,-0.0056314349481194,-0.3826286106959684,-1.0841597933904723
1830,-0.1150132180846718,-1.5450229912141995,-0.6071428239295928
1831,-1.5085736923400672,1.0531954188229964,-1.467317688145395
1832,2.727456637855601,3.293416971913926,2.2656828431768807
1833,-1.5666490313848145,0.1641457782863428,-1.909895456186668
1834,0.9606395520328264,0.970321488081929,0.9019966262942044
1835,-1.6945446741017214,1.6800490053808776,-0.6435327543359868
1836,2.781626432201404,2.4846720829980526,2.885259707594801
1837,-0.1080572527747888,-0.3593626068460082,-1.1833664008188784
1838,-0.2277109531369434,-1.3447106966361382,-1.1779170762499331
1839,1.5111867240231582,1.8474290582460893,2.1109561486081105
1840,1.914328163629129,1.3135601478471473,1.428461374596168
1841,-0.99578970515112,-1.498022175175074,-1.359328004410311
1842,0.5340723357852004,-1.14771969503619,-2.044429549192932
1843,-0.912116323145172,-1.2671129154956708,-1.136053403915146
1844,-0.4939257867059323,-0.76568250779755,-0.3134275496101211
1845,-0.3274443403778503,-0.4635441168115097,0.1664552383163612
1846,0.0295294596950448,-0.5928522873391988,-1.9085982923418017
1847,3.849216625405053,3.5231442589992112,3.826384079888933
1848,1.4298377493800394,1.2276738718991258,0.6266393271411396
1849,1.349550055397714,0.8334855623501328,1.2251058863712376
1850,-0.6372833041813237,-0.2927243155911728,-0.0107924305798818
1851,-0.6113332234592083,-0.4860312014235484,-0.7202832025559194
1852,-1.3026678520475423,0.62738209711379,0.961280341557602
1853,0.3696325765125284,0.3221506719897439,0.3569751716542443
1854,1.2022551664061316,1.2041176112147292,1.789528313996545
1855,-1.3923212417696766,2.0367970540618483,-1.510471864340554
1856,1.0316812317697597,-0.0054506714784419,0.0115235481482381
1857,-2.5594081481996493,-1.8919362981397576,-1.4671701872365832
1858,-2.158591876870171,-1.893906791944898,-1.5849258679931446
1859,0.0912325344948931,-1.3775080722925848,-1.3272998691898497
1860,1.8911306275088624,1.8991578728012504,1.1951935603967647
1861,1.2690897948675617,0.3777729010258741,0.7523399047156902
1862,-0.9777576778887456,-1.3898166088664754,-3.1055950395480094
1863,-0.3540323081150121,-0.6152965388527505,-2.506214182402976
1864,0.6334941203761487,-0.7087774556227636,0.8071763175846687
1865,1.8124058278706856,1.1221406623720998,0.0027786978289116
1866,2.647095401975571,2.463991952968966,2.95311430831326
1867,-0.926966423409389,-1.640787484045226,-2.001664928388215
1868,0.060286745687133,0.37183778567876,-0.5698854276799697
1869,1.54103052070165,1.8226034545633656,1.7322435022330906
1870,-0.7629910782412597,-1.2671356228682544,0.5528143072793352
1871,-2.953446992696565,-3.5718622529992703,-3.484717486898994
1872,3.5786983902064007,3.289472225784214,3.663252475759361
1873,0.8927802667485175,1.757803622731587,1.1762315451555545
1874,0.1038243365465387,2.007740139823797,2.620296550795952
1875,0.3983253703661561,-0.1146078723114966,-1.0118574985404445
1876,1.347346225819503,1.1312840029443425,0.9632532311837728
1877,-2.057268960570135,-2.822463973158017,-2.904834872344598
1878,-2.346038250209399,-1.6331230909885148,0.6027631049884574
1879,-0.3244291572248812,-1.5655882743772596,-1.8128539844950493
1880,2.546463399945021,3.0617890105445755,0.0466648704708926
1881,-1.7183084586555604,-2.2873727197432823,-2.847901776070076
1882,-2.242780976500213,-2.774632378448513,-2.957439350628406
1883,-1.756428522249833,-0.8084159282235825,-1.237952618464525
1884,-0.522392411328153,-1.0657017806267666,-0.7244798944758244
1885,0.0717953711121058,-0.2259118559492129,-0.2167918568232674
1886,-1.6488889714617163,-3.0151955439873146,-2.547158197722826
1887,-2.1189447259323506,-2.470303650320102,-2.2706562772856
1888,0.2445223311567924,-0.5803578539828591,0.0741888513474527
1889,-1.4564628383141756,-1.277004463220256,-0.8930849543097266
1890,3.148299228790378,2.8608599108310013,3.310744862508145
1891,0.518628129645206,-1.1984041761935806,0.2073865332751703
1892,-1.3882958553709506,-0.7495774547999061,-1.5159233998896011
1893,0.4884603916827864,1.0333400044722187,0.9727019824767492
1894,-1.8644618740021168,-1.8144978634153983,-1.5653636028170062
1895,-1.713777666962846,-0.6931567294360076,0.4528317708290489
1896,-1.8550343978557868,0.4132781520795326,-2.135908332598625
1897,-0.2211430860243539,1.7105299556562146,2.158482079175366
1898,1.847523212992881,1.8172280013320168,1.9226112548068777
1899,-0.783143363177784,0.041675487046639,-0.3495202229187611
1900,-0.4997458666542295,-1.6495738673482996,-1.7654842606850614
1901,-0.9261988122051802,0.0549739879648342,-1.5580114421599245
1902,0.8866116811271854,0.9379635346681522,0.3923458982064347
1903,0.8900023006668772,1.5529967992371172,1.2282776850483583
1904,3.0672412236615663,2.7876481782796336,3.18497680785242
1905,-0.2897822102696691,-0.4119280404419476,-1.0996030721101338
1906,-0.0384335109171989,-0.5679657180811342,0.0109896531953626
1907,0.9181509595393555,2.987121401703744,0.6731549442520558
1908,0.9208015530916632,-0.248385235108773,0.4365784404335553
1909,-2.373668033453202,-0.0716607046105291,0.2303362178314354
1910,0.8965066716693221,-0.6096928336314955,-1.6213526651005188
1911,-0.2643955013199149,-1.8099789985762456,-1.2098411828441151
1912,-2.1185306033989857,-1.5011706534664406,-1.7258185110477045
1913,1.0630605254391805,0.8070687648386601,0.6911252452561276
1914,-0.8696705167661978,0.7197239070183534,-0.4791072012352378
1915,-0.5605672460991639,-1.1982726140108215,0.4450785472960049
1916,-1.7693495555514216,-2.153897349333531,-2.531139802000874
1917,-0.5823223282450575,-0.2046335646353637,0.0534325709757197
1918,-1.598139746870584,-2.149366037545071,-2.2418534009982074
1919,0.7344659711282333,0.7834984422802869,1.9791586779287085
1920,-0.5281171983756329,-1.5004982130958415,1.263589742003396
1921,1.2160432350452428,-0.3156047467556501,0.5761752737371528
1922,-2.452667394694024,-2.3808295354056965,-2.392530044997196
1923,-0.557696023708226,-0.675214207680393,-0.7909477228440047
1924,2.175135760710927,2.128488352464334,2.055857921625991
1925,0.3928259656428733,2.017556468159043,-1.0299456711368384
1926,-0.4465882455901183,-0.4365720494322812,-1.6838129060365945
1927,1.2463045666004782,0.1464591773385586,0.1620870207772959
1928,-1.9570017213377549,-3.0257247759058283,1.2007437441518078
1929,2.717345841037807,2.5750821333683143,3.006017856481581
1930,0.2938956488080519,-1.1716414226161689,-0.2119941796389873
1931,1.040413254071714,0.8121082874235039,1.0362073512565797
1932,-1.136098681748187,-2.205950614157016,-1.5919501789724733
1933,0.0460773580283253,-0.3927967428620205,-0.1658179132176899
1934,0.0850866483572847,-1.1478282488923466,-0.3725693762214238
1935,-1.8319155970783148,-0.5953644063189663,0.4970557797251946
1936,1.022782035769196,-0.0274478368902963,0.0489573490286592
1937,1.116140694153906,-0.7456112596538328,-1.7720281385044987
1938,-1.252661565127246,-2.112703932492169,-1.7943764669103976
1939,-0.1550509621224796,-1.889473155880024,-0.5220402909982235
1940,-0.8690117042846452,-0.5875233308119678,-0.3823066634428455
1941,0.0102667745422476,1.5655991755446466,2.13408570193835
1942,1.3048908539926338,0.6901201434018477,-1.066968343817002
1943,0.6092001675664303,0.5110373908714693,1.116178429803077
1944,-0.5157874596438208,-2.25945544973628,-0.2916365186520174
1945,0.214566609870479,1.0324835211389711,0.5068771663906038
1946,0.585111792580051,-1.7376431634170322,-0.567679775331273
1947,0.509969372450961,-0.6887898185846024,0.0574264366414498
1948,1.2224134099673674,-0.2002795520945246,-0.3263469108885758
1949,0.9293168629756748,1.075978610258404,1.0276975639107635
1950,-0.612840871238902,-1.1721243633822471,-1.1939701201178488
1951,0.0269304072527856,-1.2725648405418346,-0.9065035628726884
1952,-1.917646214326112,1.9539638388306235,-2.109272974646854
1953,1.4012848885362412,1.7788705837092105,1.800737663608812
1954,-1.2127798023674294,-1.0723841445899451,-1.327509262741142
1955,-1.5332230608813102,-1.434886786242359,-1.5598039538234445
1956,0.5846618388601057,0.0348829813881962,0.0213411243677801
1957,-0.382016147824489,-0.413203147167216,2.190993738328173
1958,-0.8924790827956839,-1.0060348191115516,-1.0672867078084654
1959,-0.4122806659762597,-1.4286361723258452,-2.4292831040472604
1960,-1.0848763954119591,-0.894398310413435,-0.7251666659628622
1961,1.513188010101285,0.9794328268024016,-0.5294027085904391
1962,1.0935455177119529,1.4090585747287303,0.4885070542376082
1963,2.302860095536533,2.755534343336518,3.140377127754716
1964,-0.0107302009850088,-0.7176471043852404,-0.7276443405453534
1965,0.2098242906580155,-0.108776467348636,-0.6661878794477228
1966,-0.6658850152839714,-2.502784949310508,-2.42886821835794
1967,-0.4993190685082942,-1.5891109386728368,-1.3888905571462016
1968,0.0104275293657987,-0.3509563575192334,0.2731941600658046
1969,0.9426423586211816,1.0707506547249015,0.7650115955914673
1970,2.416683071349182,2.6506277958250366,1.2827915567547912
1971,-0.7982470511514067,-0.0506090717393985,-1.2275033970123734
1972,-0.145331864534677,-0.3858142863539952,0.1469540640859739
1973,-2.709020182718392,-2.200027402116181,0.6386982697470962
1974,0.6733278622204725,0.8930129609084068,1.039933946766351
1975,-1.0458327028333807,-1.685178321531426,-1.899101363909816
1976,0.9305756714052617,0.5793644611404871,0.2137583220205546
1977,2.3834151565032333,2.4469300311770046,2.3965955918798114
1978,-0.8921148132381684,-0.7923169222672244,-1.266085883839154
1979,-0.6539024319222078,-1.768915320792735,-2.1542898361856
1980,-0.281978505631958,-2.6065514053346983,-2.946449303747684
1981,0.0687700134831854,0.0106401488856797,-0.0299295998846335
1982,-0.1630932467395717,1.8526013256143927,1.1866351062500136
1983,-0.6828951638599896,-2.769835157224256,-3.333926324481256
1984,-1.4148417225802432,0.0533567754399099,0.3706991454254849
1985,3.064289721148843,2.710889109975771,3.18425521123954
1986,-0.721817565664362,-0.1895984455634349,-1.3306459993994486
1987,0.20749689249002,2.87491872753906,-0.6531330398783279
1988,-0.6536889195438869,-1.2672882668728442,-1.2095969068703425
1989,-0.9261909373813106,-1.6000865749373825,0.7058607704225667
1990,0.5578245562291615,-0.8036087706454291,0.1031734705677559
1991,1.712051716225416,1.229267619416721,1.5621096430442458
1992,0.3440920861625572,-1.543938285731673,-2.4375401294576218
1993,-0.1256139264774878,0.4588979388702206,1.1369972311047558
1994,-0.8065542267050734,0.51481244543075,-1.046844044899478
1995,0.4017601053848965,1.6833228717782995,1.4114701257761653
1996,1.1963776245813529,-0.5706196857491949,-0.9615145931179668
1997,-2.3316586324441806,-1.7552598664384964,-1.8651551727139115
1998,-1.1347257555807089,0.6949053862554151,1.964531996430595
1999,1.6014701153252635,2.6783845285567938,2.836809855013133
2000,-0.6484882689238709,0.6130932354637755,0.1568703299372506
2001,-1.8008859538089916,-1.34842642435897,-1.2081840967284705
2002,1.0885496686592249,1.5007719100819736,-0.7933576211947193
2003,-1.7813147957232922,1.59570769479052,-2.083584597711256
2004,-1.003974406879458,0.1753612417544051,-2.064583169609872
2005,-1.2432107687917466,-0.7646070105483859,-0.3383475758609156
2006,2.3878936551711107,2.3713589033681384,1.784699803638509
2007,0.8926322660277101,-0.1349575395023701,-0.3249233805802577
2008,-0.5447541200051003,-1.180416590322665,-0.7540581469132885
2009,1.6365958071351308,1.810528141301511,-2.945502593747959
2010,-0.0556130890255107,-1.009040472281092,0.1649823811026611
2011,-0.968801210000422,-0.0195360240190156,-0.7671354414361573
2012,-2.5814876734674628,-2.4771409888422373,-2.524766170578421
2013,0.9808209054534828,1.1507571205843097,1.6302515795167107
2014,0.2114521355449372,0.0403490602091435,1.0907146560527616
2015,-1.484319749151864,-1.7415728883575736,1.041593611922977
2016,-0.6509163829718182,-1.5070148535687742,-1.176452840802899
2017,-0.6439899068770385,-1.9199879751998328,-2.777775248163062
2018,-0.8453435279340613,-1.042205409927922,-0.8665452124872817
2019,-1.7605020544704937,-1.601859737532884,-1.3945705870361604
2020,1.229913402827597,0.9753032031716704,-0.5136088726665018
2021,-1.6623507948838117,-2.2645567324651856,-1.1757768444566554
2022,2.4736800237122027,2.108732377149951,2.1016628157600663
2023,0.9422166570511236,1.2558889165757323,-0.2100006612750881
2024,1.6037686194570873,0.5697596537243838,0.5808685002954116
2025,-0.5272836423219243,-1.017762628359766,-0.1651498363666543
2026,-1.036699131814674,-1.3261436949159446,-1.3601510320233414
2027,-0.7423549980677521,-2.384229030427041,-1.9358223835772856
2028,1.2213370789953668,-0.6097409790852448,0.0908111229624205
2029,-0.8217530977337288,0.5954184563864391,0.2743709899354223
2030,-0.7482669349233652,-1.3288441062504075,-1.6437662962664166
2031,-0.7364046605959412,0.6248162499781439,0.4529517876881586
2032,0.6811741014877726,0.6207625244018231,0.5246425316355381
2033,-1.375278148972497,-2.164284342917344,-2.5185592609230145
2034,2.685140271967588,1.876017924134264,2.4407039297441133
2035,-1.980477774929058,0.9175818540871488,-2.716339281781529
2036,1.020769433616921,1.945254856823128,1.6418856813948195
2037,-0.3553304580185201,0.0720712763190926,0.4948445844885133
2038,1.700928557437709,2.7272441979827184,0.0924447774724927
2039,-0.6758795417111412,0.473990520209993,-2.3248850280193936
2040,-0.3873700365056092,1.879150742060468,-0.7653572350772126
2041,-0.4495404662946933,-0.6287022547536375,-0.6057045280821737
2042,0.4762003260185889,0.3666793880939762,0.4172011475073403
2043,2.619668568558841,2.8153025778247165,1.9966205352289803
2044,-2.8672649158611336,-3.2264033244892314,-2.0619433872878066
2045,3.123073171235604,3.33309332936474,3.669404763988792
2046,0.50037931396771,1.073295313108099,-1.8209347356211505
2047,1.6447928089872987,2.6631027658841133,2.6196360519911464
2048,-0.0710097796643851,0.179946451581433,-0.8022105432882904
2049,1.2497993801783007,1.4284952561947593,1.467936015871654
2050,-1.5578189255715154,-1.845178239324453,-2.156681319403212
2051,0.9664157174720294,-1.230173470755428,-0.2924523607905509
2052,-1.2474610689378718,0.6018940788007077,-0.5598288868496453
2053,0.6929839706482557,0.3201537980359741,0.3555352864443759
2054,-1.1808508870043195,-1.414493224968602,-1.245368461661667
2055,-0.7812214111694957,-0.9687790940176332,-0.0512378713510601
2056,-0.8360235346038545,-0.7727756432083155,0.7371551451019569
2057,-0.3191138468942996,-0.4558533726694652,-0.8980355837406752
2058,0.8112854960299287,-1.1629751594590998,-0.4304997640450443
2059,0.8333160598920313,0.9089955803503632,0.7512422521192821
2060,-0.4201348892813532,-1.1632924027316072,-0.2973288063614928
2061,1.1183895913435906,1.1562690539007117,0.974422435554608
2062,-0.5124860330329695,2.022400431208028,1.7372372066149795
2063,-2.404577181724403,-2.977552574553988,-3.080549754993969
2064,0.4287627324103599,-0.5194331560441127,-0.5555406222595876
2065,-0.6489799494861497,0.6079350577567946,-1.222964303551282
2066,1.1262316657628622,1.2774978374452,2.2115423966915086
2067,0.0773145945654468,-0.1041237150101445,-2.357971790039441
2068,-1.4609053071106337,-1.2392518307555982,-1.8004164070718829
2069,1.260102350069239,-0.7176436982793528,-0.7668713897595905
2070,0.0387864967706345,-0.3036128941383749,2.1455687118698976
2071,0.3976557719520085,0.4485002970781417,-0.5717810285727846
2072,1.6725410565070546,0.72192029729846,-0.2950121795479705
2073,1.6733987796636731,2.227115060617797,3.062110395527216
2074,2.398898575115105,2.812972956447508,2.4866228376206725
2075,-0.1115119543414804,-1.390221768367477,-1.1784230809132772
2076,-3.343968192983076,-2.578390387847057,-2.727312149462206
2077,0.7841558288461894,0.2249463642113747,0.9078674802108482
2078,-0.6256174738529425,0.7060127158880697,0.0202057734274258
2079,0.103046617301309,0.4063950209372993,0.7315014870927539
2080,0.8069083546375263,1.36764031346222,1.821094306245593
2081,-3.2132901748480087,0.8763478163354134,-3.224769278494839
2082,3.065659924802731,2.784531544840459,3.228117262387709
2083,-0.3064768086590929,0.1523649929271492,1.297345929381526
2084,-2.9011971441893354,-0.6475079221875364,-2.4925483214536537
2085,-0.8971437776290583,-1.3796082100792468,-1.0299430942689451
2086,0.1310613709980435,1.3354197105068677,-1.4344004850211198
2087,-1.7064711685982332,-0.0917625218806601,-0.2350760935458099
2088,-1.081022286014247,-0.2872104250036759,-0.0246993413248876
2089,1.0890253259134004,0.3546757873121748,-0.2297275859089413
2090,0.978115132809942,-0.2984975168594311,-0.1369471130579371
2091,-1.2936692805438983,-1.1388823383318392,-1.2653038943730426
2092,-0.5810891141647311,1.8846673721557348,0.0888173691832326
2093,-1.5191108731195715,-2.618324036822462,-2.414932955665205
2094,0.56458120410956,-0.2214341148855212,-1.2936844120716309
2095,-3.0743316006334265,-0.7974399938821817,-3.401568323057804
2096,-1.0538476783215194,-2.359861791693842,-2.48422112633268
2097,-2.646792097828385,-2.932465408624598,1.077662852300211
2098,-0.4449634445916444,-2.0179429128989788,-2.6776496117969923
2099,-2.766518107619925,-2.706330853448949,-3.081897175795965
2100,-0.921741696589387,-0.994015419687078,-1.3280342728844046
2101,-1.472067809291456,-1.4061082077585687,-2.160528295294647
2102,-0.7943902139916001,-0.0605414641698572,0.4445437585883894
2103,-0.6132914305302475,-1.2131639843345634,-1.3288974897493395
2104,2.098565648963809,2.0698049954576767,1.8376115140162992
2105,-1.5170561008535643,-2.5980037276690524,-2.722774992267837
2106,0.22127449388375,0.0307150431504729,-2.12336239472671
2107,0.9512195407770446,2.660999942494529,3.5227565799011487
2108,1.3550472573733745,1.4532592917251683,1.7919211481395076
2109,1.5878377223375646,2.328309481063177,2.427574873213881
2110,2.4574556726479093,2.5194044127057,2.469230454549075
2111,2.164143747151421,1.8461718588333165,2.36935143651772
2112,-1.1046824679581098,-0.5580458488099419,-2.3099192623338087
2113,2.151706774291436,0.2659650860861313,-0.0051850426763624
2114,1.467176458252332,3.005148958949213,3.4911112268698923
2115,1.4894509901006452,1.3008612447907844,1.5354887279241494
2116,-1.342648581632566,-1.7155974174146016,-1.1815942185296635
2117,-3.3446653093213934,-3.0056404520858626,-2.6278099566256263
2118,0.5203148503692264,-0.7799338472646364,-1.2366021567613277
2119,-1.5312143741951805,-3.0372069338439704,-1.4854808746801664
2120,-1.120334178942334,0.628210809562024,0.360071826210972
2121,-0.7669859989151027,-2.5757654155763907,-1.4784200294825658
2122,0.5091212311485794,1.3097895977185892,0.8681010762997041
2123,0.2659378469012178,-1.8509005874521327,-1.5399700912466356
2124,1.239503236808015,-1.315280344910262,-0.7484513448279491
2125,-2.372675344194181,-0.6680981693887842,-2.52472051041126
2126,-2.388432208338455,-1.9411280657798624,-2.550953172401537
2127,0.7792911445967519,1.1730715508638625,1.229788764582527
2128,-1.1685219564454628,1.492081362373941,0.035708677745969
2129,-0.4559984707548638,-1.0673784877939474,-0.380681868919079
2130,1.713816233805481,1.540954583866171,1.9454376810655087
2131,-1.4076068357764098,1.2762992666289947,1.3072632921881575
2132,-0.0221396276503017,-1.302624663612993,-0.3342023264982897
2133,1.7168234073303803,1.0211530765397794,0.9300707139411688
2134,-1.9993762108403004,0.2848179368206081,-0.5380595760717095
2135,2.692167391189404,2.388115391314865,3.135542013531706
2136,-0.3809470060413037,-0.457390827042129,-0.446230416611729
2137,-2.25349725928885,-2.023805673332923,-2.9504510605622616
2138,0.1726230965968742,-0.7448774071313067,-0.2620771619725644
2139,-3.2501796796968145,-1.4745254627803352,-2.887392313964946
2140,-1.2807250162074555,-1.151884058016403,-1.634635490395703
2141,0.5139721672871288,-0.0872158472883215,-0.6518833128877919
2142,-1.588874220795764,0.3305208468541533,-0.0243970111044787
2143,-0.6841636327618901,-0.9658435435788888,-1.4497281288545338
2144,-0.0170744942409244,-0.0161249848606403,-1.0749934071204763
2145,1.6532304679612342,1.020330003826086,0.7579839040739513
2146,-2.3758989066574725,-0.5690990998152141,-0.8460253798719195
2147,0.7835293495374145,0.8809366611010856,-0.9513126543303864
2148,-0.2295784872125728,-0.2366826785675914,-0.5988083813328415
2149,1.998738488395144,0.5675672241708776,1.3105122125965938
2150,-2.274156000755169,-1.2884737408850813,-1.946088460007794
2151,-0.0556191443248663,-0.1297818016391761,0.623396327317383
2152,-1.566963827605135,-2.317733610372517,-1.8070568181506
2153,1.7990750760722647,2.097591997946916,2.3860591282448973
2154,3.3059293993356262,2.17525252519378,1.2736876143029208
2155,1.498498167169898,0.5053653446963878,0.0662481104504399
2156,0.6677969931881427,-1.767846364822259,1.5149262408138104
2157,0.8421578491023883,1.1434863590772093,-0.6508536322276444
2158,-0.1870745752716073,-0.5212966938739747,-0.2400484943729865
2159,2.685948596338201,1.663588933160968,2.6593466961536887
2160,-0.3935278375985196,0.2762920096104605,-0.2732604783179882
2161,-1.821960391990332,-0.8144119215829445,-2.480836134919518
2162,-1.0919069417074647,-1.8395660945810448,-1.895897476968875
2163,-1.2069761257440137,0.305094040722471,0.4207540512665249
2164,0.1130022935849405,-0.0843350686568445,1.4524690918084404
2165,-1.505941661539744,-0.5235774655735348,-0.3437536685450056
2166,1.2591170125879447,0.6929824660742047,1.247948612524984
2167,-1.1431255851860442,-2.3018902352331514,-1.0138810756757115
2168,-0.7835151520489759,-0.7463507308766761,-0.8933800977206605
2169,0.2343163393446953,0.0783747537865063,0.3530592274960265
2170,-0.6187480690397834,0.7397616766892625,0.2569366688867426
2171,0.4326610836746876,-0.413060343024079,-0.923280907484188
2172,-2.2796905141043613,0.9831383775598144,-2.4809574497618336
2173,-1.028967101674402,-1.711283492599077,-1.4023123465431442
2174,2.9772735964199053,2.738394261906707,3.0099441969444864
2175,1.839792304848816,0.8337937587281643,-0.1522156134591975
2176,0.4052505388453171,0.8431652843695228,-0.0093062316222012
2177,1.8950172083281456,0.5085343263416279,1.8298826337346328
2178,0.4368098939429659,0.8497812175904254,-2.724302118343736
2179,2.155082028818565,1.812331708664008,2.064662005038122
2180,3.180175336539224,3.028941548298718,3.546076079657625
2181,-0.4490044581036992,-0.3410073854771074,-0.9218181159044988
2182,0.1009584822321018,1.0218254042229846,-0.8460989282056792
2183,0.1572812684027596,-2.01072841050546,-1.3235420184125826
2184,1.342619831165277,0.2976861765657946,-0.6829602590197341
2185,-2.305256584353981,-1.2338320464223695,-2.001621169785268
2186,0.70587773302708,0.2717951574297896,1.1821773426986637
2187,2.4259865342008307,-0.3406123131059548,2.1485988214104155
2188,-0.6515018211078745,-1.790833990635283,-1.2564031093686767
2189,-0.8594670853327022,-1.219520813020576,-1.0235514732574265
2190,-1.055574855611367,2.418760615834345,-1.1699953892990649
2191,-2.168104567340704,-1.06565922110964,0.6813748029211677
2192,-0.7025962634342044,-1.599088020181862,-0.477285765427524
2193,-0.5209269678313883,-0.9135337984298786,1.1814037474074417
2194,0.8822287106010935,-0.4429072920041977,-0.2635245677466653
2195,-1.3058002292114383,0.415305795448523,-1.9590277339375088
2196,0.9046729918155572,1.278296395944048,2.099357579514909
2197,0.2782177721116917,0.0809267838520356,0.2205480471891791
2198,1.162798673298964,1.4642205908961077,1.5157635543061656
2199,-0.2604955854116724,0.7842225243332772,-0.8288497181468946
2200,-1.6001134635488097,-2.1014601987125863,-2.199726960763131
2201,-0.1583998473396285,2.0033252271178057,1.8200263394070253
2202,1.8676133572236508,-0.3068769316138121,0.4955088057935698
2203,-2.682157566977417,-1.7146228044724043,-1.8914019515644167
2204,-1.4957659430427757,-1.842505183933539,-1.6478009861455856
2205,-2.334688546946024,-3.0257003128780458,-2.9014531681752387
2206,-1.1347536578359592,-3.271941280066711,-3.0572718990698284
2207,-2.0643366069745164,-1.3792853678779375,-2.5238085103000087
2208,2.006285679547433,1.3974783029363904,0.5335651138025053
2209,0.7613349321063043,-0.3252264043421985,2.161795583103286
2210,0.481374831622116,0.2270916496694111,0.926114114224825
2211,-2.040462376188916,-2.555612583890652,-2.103430645196533
2212,-1.7067653539232828,-1.498394067415835,-1.7546271812103325
2213,-1.1772824010873812,-1.1796575084144816,-1.1808195058633533
2214,1.9168390881021184,1.419506634397398,2.842297729910533
2215,0.8315834483112887,2.5054474522992485,2.6036437189081303
2216,-1.5093082405607885,-2.70679792734404,-2.4223854951205106
2217,0.2679333823024482,2.536693301582588,2.457923949131412
2218,2.575180350544965,2.255011682024956,2.662492530176743
2219,0.2752310067244254,-1.902726112536768,1.932755629810412
2220,0.3560932222433702,-0.8362933084992903,-0.5737141731499016
2221,-0.2850940637123841,-1.037307473270129,0.2344995970874318
2222,-0.0185329709807673,-1.293849367254652,-1.927924921963335
2223,-2.067554979068401,-2.0642813032058385,-2.271450500852444
2224,-0.999145747301616,0.0566848101742715,1.054686407176236
2225,2.5771328467529844,1.97870177405642,2.750113663340249
2226,-0.2691844045857828,-0.0247204634346402,-2.0928091208308213
2227,-0.1058122087429105,0.6355076306988543,1.0767663098859768
2228,0.1721110317778585,-0.7158046447534078,-0.1795890903949937
2229,0.8494179707302071,1.0174114503030014,-0.8625141339613748
2230,1.5292813595087111,1.3479899460121527,1.965753892161021
2231,-0.7866767983996796,-2.406657895952712,-2.7869614418893804
2232,-0.0664060293665748,-1.0028919465457973,2.0158762470922804
2233,-2.423889194349419,-2.367500089211389,-2.423939633434741
2234,0.9804671294673688,-0.1547849545436837,-0.1972698861164311
2235,-0.0990470971656755,0.0168185228076085,-0.6066903112522418
2236,-0.5118967052356793,-0.6011178512928685,-0.968833221483662
2237,-1.7923905689290722,-1.690075203815599,-2.205633064307573
2238,1.9446477764276413,2.6717371205879936,1.5685704969404288
2239,-0.1291607645373277,-0.7193185246528191,0.2129446048082525
2240,-1.54733652681764,-1.4265556335891605,-1.364610299637257
2241,-0.367877812912437,0.0031639856624248,0.2668091579911788
2242,1.3574251391367975,0.4883817429476663,1.7226849583980104
2243,-0.499490659352629,0.387089918848398,0.978842914874275
2244,-0.7645213142222702,-0.9545320695736694,-0.9685241790851012
2245,-0.790201615678612,-1.4024334003921175,-1.0078389632033948
2246,-1.5378696197289827,-1.0345999352412232,-1.42785722141218
2247,-0.1434589679921252,-0.5530923025357068,-2.060514654876933
2248,-0.0629804646311437,-0.884232521567134,0.967846230452656
2249,-0.2211612674131555,-0.8371341702944453,-1.0036376461747043
2250,-0.4808679952026707,-0.919710046993344,-0.3810148157695864
2251,1.0930234603770737,0.5696451079308544,2.061788345536702
2252,-0.0918612040352144,-0.7098273240705879,-1.4006451877662345
2253,2.0833043990680027,2.0962660414298435,0.3463469719815431
2254,-0.8485649041300793,-1.737012620345444,-1.855420172851918
2255,-1.867340553408502,0.7240751405100043,1.4028313065725555
2256,-0.6121572552094133,-0.8239356763267534,-1.7333101387447287
2257,-0.8518992844543456,-0.4777854196153693,-1.5201118061683865
2258,2.776089901508511,2.429312484698164,2.617702468375154
2259,-2.256921385239264,-3.0410070731281964,-3.2685817487022506
2260,2.0202495824684727,2.189811961378256,2.340069356462037
2261,0.1619512178182589,1.6340718281727793,0.8187212274105573
2262,-2.923915861244998,-2.6792017868651525,-3.559766951419081
2263,-1.595335074691947,-2.885006014291311,-1.992508042830844
2264,-0.8951595053406523,0.2054118630506748,-0.8420525892610573
2265,2.34540689954646,2.7545463203249905,2.7414272619668747
2266,-1.3073212032513624,-1.296096130609245,0.0066638820835847
2267,-1.048466715613715,-1.2568689889628506,-1.0906871642187876
2268,-0.3768322118779512,-1.9014644931770943,-0.6335421443636042
2269,-0.6954657444373429,-1.4719691293047763,-1.384086858660441
2270,-1.5944859017091868,-1.0630855583910863,-0.8093751029615868
2271,-0.3279625585217151,2.305151398464345,-0.6269598607781062
2272,-1.6587891867517195,-0.7418606692763277,-2.03183495183401
2273,-0.2865037087644094,2.7633587445928938,0.4847860291778008
2274,-0.0167979561221437,-1.1765053770668468,-2.0302019431618668
2275,3.3176239231725275,2.599426223909296,3.569075383993031
2276,-0.1176298355358037,-0.2058025734111512,-0.2631622148831813
2277,2.8651866716605467,2.833120977442224,2.9534698049485724
2278,0.9735227057660848,2.097965715474784,1.89403447667347
2279,-0.4132341392204856,0.803753417632938,0.9361219214010216
2280,-0.8757441254374028,-1.3285468931515176,-2.039287538300474
2281,1.7071142622113586,0.9825862144716566,2.482280129268741
2282,2.6666551640028344,2.454414903154823,2.521017645375696
2283,-0.9056161485150064,-1.9123745716287548,-1.3647411193337526
2284,1.221327240645451,1.6565479711173168,0.819420307262908
2285,-0.7210425026299053,-1.33317162614944,-1.1436756951168774
2286,-1.4919664125048624,-1.3480446274022406,-0.8381498970387773
2287,-0.4080517460614903,-0.6822737318283452,-1.4286525806787609
2288,-3.0224638398247863,-3.1648610163842426,-2.683056489513292
2289,-2.37094748191737,-3.267106635838646,-3.429873168315547
2290,-0.8448367750692369,-2.777254492418478,-0.905519516029456
2291,-0.7123173089771291,0.2732140274136052,0.1447851066377138
2292,1.2876250049037057,0.803318431314695,-0.136957886060499
2293,2.12011177585291,1.9972425354732533,-1.536458616233522
2294,-2.447600492641489,0.3308839600411016,-1.351254631368013
2295,-0.3945046135334562,-0.8224305626556523,-1.7319477165530568
2296,0.2162375310944131,1.025935270393099,1.523683506221061
2297,-1.807826590282681,-1.2523771727227009,-2.0590479280587424
2298,0.9288060242866152,0.0622015698933509,-0.1918312028129737
2299,-0.8061583612070342,0.6656779596763613,-0.3873955559275658
2300,1.0267343928570083,1.0779233705681213,1.3740019001883228
2301,1.3756711849511896,-0.4109034456262303,0.1767377441640801
2302,-0.5323400266206417,0.5785806152541078,-0.7670491380260922
2303,-0.2611194063787526,-0.5385867197486276,-0.1872216793365863
2304,-1.6308274989413705,-0.5117677778202323,-0.6467085155215948
2305,-0.998848660872869,-1.5895966448829728,-0.9291275672959478
2306,-0.6439254747073324,-2.517801567102885,-2.200649586508526
2307,0.1019834787706816,-0.6488292486619995,-1.0249294636068624
2308,-0.1485389113816999,0.0587378331997075,-1.2361791664332862
2309,-0.5372642791373594,-0.9288572947426644,-0.7795716016814183
2310,-0.4574428211124852,0.3103212270959147,0.9756554202348512
2311,-0.6370469339749527,-1.23181810588868,-2.1141861195927527
2312,1.2098403702351894,1.4353550587815276,1.0875455977721582
2313,-1.1051578158539086,-1.6394453252930636,-1.5390533819074157
2314,-0.3974678579151799,-1.5798078666743198,-1.8015706105705285
2315,-0.1213002343791379,-0.4058360635593659,-0.9757670990897868
2316,-2.5063299461637083,-2.1239135586940456,-2.419388731317592
2317,1.814381233791948,1.3826878656238497,1.345662433328749
2318,0.9842569480686918,1.4948257064370514,1.6652591231267084
2319,-1.918902562790336,-0.8821423390306551,-2.8335591888685405
2320,-0.8448205645282536,-0.5945863278733303,-2.930334226257828
2321,-1.599042471157086,-1.7948332443944934,-1.446160956358338
2322,-1.4522755890219643,-0.7031148642835413,-1.6996694451407877
2323,-0.4770496362577877,2.9558163962005564,-1.9816515839740905
2324,1.434589838663593,1.5615016803420936,-1.5409536940944113
2325,1.9210396141619648,2.180080162324755,0.1122982391150053
2326,0.2779507397177118,-0.2657318505138629,-0.0255228557785725
2327,-1.0433602509747817,-0.8998132269410649,-0.467841389348872
2328,-1.5155832939091265,-1.8659526283353631,-1.914324882629548
2329,-2.8198396861554063,-2.5477486930277693,-2.7817652765638057
2330,-0.7113801218563014,-1.331054101345604,-2.478113368997096
2331,-0.4634815592377256,-0.6883606490517273,-0.0368124568188683
2332,-2.381433054414652,-1.7469335564649755,-2.57612331510948
2333,1.5533788673190896,0.5628269266340912,1.2718811266494017
2334,-2.5104970926724905,-1.5355704149276268,0.9975672948259704
2335,-0.4037974380629062,-2.106087508729582,-2.421858881070857
2336,-0.7842203293105205,-0.3688503335922205,0.7040101871453861
2337,-2.381174202052924,-2.734694582066497,-2.820378554337859
2338,0.0054970924540764,-0.1750554062691047,0.2479078165781711
2339,2.342289429594869,2.2170012490606106,2.761607303981937
2340,-0.5157320462905302,-0.1233068330701683,-0.4623767162681314
2341,2.247135133494404,1.6877240471565795,2.53587381669509
2342,-1.1639462956168845,-1.0524722064849303,-0.7942449828341431
2343,-0.5750879030535145,0.9877172496086628,1.4669378380483549
2344,0.8014486601823482,1.483631276647265,-1.3119824279658507
2345,1.2554668232584214,1.1947213941751726,0.7149134821926866
2346,0.7350390799818298,-0.717739195396274,0.8338931665592524
2347,1.947719083981076,1.2709741374212244,1.2184394142718082
2348,-0.6756356300686108,-0.3826350924839432,-1.779578218356881
2349,-2.6570151537619497,-2.867725364531475,-2.7345684274318884
2350,-1.392857139780969,-1.818505306118838,-1.496017185807763
2351,-2.0676601537610813,-1.1773299180819212,0.5912948478696247
2352,0.5830518380778335,0.7704256981639237,0.0350675718198545
2353,-1.0299282591979857,-1.3811058042594095,-1.5374657068726
2354,-1.547716496852206,1.0925205527293609,1.834495053281268
2355,0.6817483990276423,1.7919211481395076,0.77438755794151
2356,-2.1806551141882995,-0.8241238036348442,-0.2651111192538757
2357,0.7391330300305516,-0.3638309169528801,-0.5030154102859812
2358,-1.964627488074116,-2.6033498476077046,-2.2942615181549133
2359,-2.05993023247886,-2.734545709150788,-3.367515738352289
2360,0.0306957418837768,0.0530088261728954,0.1918932668077179
2361,-0.6930622521645164,-0.287553609211738,-0.4041728390467435
2362,-0.5337820829027572,-1.4204947264026324,-1.5416236872927755
2363,-1.9687502235042769,0.1024556328115382,0.2902378721043663
2364,-2.1163239424985507,-0.94353005257308,-0.4752394084447659
2365,0.8988449209508195,2.8455061423977552,1.4572900677700529
2366,0.0709676304680822,0.3316321584010496,0.3760454195488394
2367,-1.9954570094887685,-2.6467724743002483,-2.213121907859619
2368,1.3695068496333256,-0.2376830731382271,0.6971218677094582
2369,1.8827242511281752,2.781283242325643,2.916319193301769
2370,-0.9619677455765712,-0.5474707131937427,-1.589267470734013
2371,1.2556050159491348,1.1452538089480673,1.4930155953969313
2372,-0.7389798555884861,-0.9151484425312466,-1.2931903064693695
2373,1.56767855586025,-0.7856229183568344,-1.602009470965312
2374,2.259776136012934,1.7548807342658403,2.0380696761430905
2375,0.2015930640720065,-0.0317833275914809,0.6043824443246741
2376,-2.0304983701986528,-1.849700434303176,-1.416066302246826
2377,-2.523491025702044,-2.0661698244917965,-1.814222112679908
2378,-2.126490082995964,-3.639858377562904,-3.0485366973294377
2379,0.2328843319535098,-1.776105736473408,-2.095824154777996
2380,2.568006398010053,2.359004001929722,2.7578479343660303
2381,-1.1081186169721116,0.2640524569938957,1.387191942832554
2382,2.0469075944401323,3.0326621563498235,1.8986180950935017
2383,-1.494964724546488,-1.8400652510862785,-1.807037645880348
2384,1.117511469266464,-0.2121612858769287,1.3473513187346446
2385,0.5435216541809905,2.066159028180373,2.0260420017417524
2386,0.2137153839521747,0.7058289962684601,-1.7411938110219272
2387,-2.176141786742959,-0.3687555027995969,-0.2480640518798352
2388,-0.8535981192747145,0.010617572169005,0.5864842286461505
2389,-1.7622629703546862,-1.49554407250473,-1.8132187354187088
2390,-1.2440214389690076,-1.612829598500464,-2.3710157190619165
2391,-1.512399618815487,-2.007224200232252,-1.8069858961879897
2392,-1.7129047831648,-1.4886886918847844,0.3206959823254981
2393,-2.1200972007012555,1.5665841362865558,2.207651362247236
2394,-1.0957910877392008,-0.8863166479479088,-1.3206237220534585
2395,0.4374118507058761,-2.1408057988449003,0.7074413706208311
2396,-2.7531199543309604,-2.786561323935292,-2.4717008385871133
2397,-0.2348891232815649,-0.8346705602864448,-1.748247917096953
2398,3.017987732883812,2.509268291933392,3.0060038240513283
2399,1.7096825074513984,2.1800470493046658,2.3412562009117845
2400,-1.3069540210173534,-0.628921436266839,-1.579144795984265
2401,-1.1644779883070406,-1.4689807008516251,-2.4252329443326435
2402,-1.2912696011056997,-1.4873095786023387,-1.7499293545662893
2403,0.8112465983795923,0.8041707244114447,1.415478036488788
2404,-0.8058392209858916,-2.328096432098542,1.3685303393641282
2405,1.4733763410583307,0.9949170722468934,0.2307134501423634
2406,-0.609330013747992,-2.4076503838921024,0.5229524267561618
2407,-0.751852718628604,-0.6842760579428168,-0.3876529504509921
2408,3.074312802568214,2.9493352084300715,3.325847667063899
2409,-1.6119511124167476,-3.085120797603046,-2.524501755839892
2410,0.6528618979153303,-1.7361008244714984,-0.9079145378036766
2411,-2.269566076141944,-0.161938811743754,-0.8907389163679422
2412,-1.7404960347877765,-2.9807223906291584,0.653202781483061
2413,0.0087472370766953,-1.0960866620389975,0.1206992515405241
2414,-0.9713936971435158,0.9108536001316964,-0.2896221256440117
2415,-0.7100587084962987,-2.687131923339164,-1.8557126044900527
2416,-0.5054987146109322,-0.2320958990228712,-0.1146321188248069
2417,1.168178490528302,-0.6907710366514785,0.5200713483063506
2418,-1.1093220326055695,0.224257611880888,0.4204137361196428
2419,1.496053195110562,2.4518761662827115,-0.5008002365721862
2420,2.0617537787860485,-0.9979083375941084,-2.072584840354037
2421,0.3060113529349594,-1.2471619426087317,-1.1324405298195703
2422,0.1466506619519549,-0.8160509165069565,1.5091617036997846
2423,-0.0322180949021708,0.4436650201120992,-0.2612145253631414
2424,-0.6635920680993841,1.3741877759757553,-0.6048863745648129
2425,0.2597120246397484,-1.0213219929527542,0.4198963648137918
2426,-2.118180202537574,-1.848666247145473,-1.3650353021306596
2427,2.343767158049458,1.8462075048862792,2.428988758133676
2428,1.3612042504847632,1.6336935804643171,0.6242698792245174
2429,-0.3929056372694435,-1.0958089393632615,-0.8675299840463335
2430,1.6522474241583007,1.9779272213259929,2.389145306300336
2431,1.7044206632146617,1.168755131639856,0.3467633823612335
2432,-1.180504676588686,-0.4518960868671411,-0.2276070443472189
2433,1.5483572078200354,-0.0509376481608181,0.178890294260669
2434,-1.8777270317803192,-2.321926509675888,-2.63235244035891
2435,-0.0445333854268371,0.8215361560697234,0.8113179711222398
2436,-1.592097039994229,-0.2674746759792279,0.64830615982161
2437,1.028017013688815,0.5860189861962731,1.0670691084709902
2438,1.1076888920789874,0.8036973857329175,0.5529405553035535
2439,-1.8416723686954688,-0.592204436380185,-0.5239623382185024
2440,-0.084273357357011,-0.7128457184753283,-0.4641617352041101
2441,0.409550039801544,-0.5279011024274229,-1.1072053961333694
2442,-0.8575734255170842,-1.401291659164284,-0.6497984467746846
2443,2.3800311940150527,2.4034305769929527,1.905280216394524
2444,-0.3064963021457079,-0.499952117434478,-2.214350639872519
2445,-0.6337243452642289,-0.5843148055752176,0.0786404668130399
2446,-1.09172702173893,1.838179462560726,-1.3019904140358614
2447,0.7212854837733527,-0.0714804503400868,0.0504021240403594
2448,-1.415163948055432,-1.360097802520979,0.9963574186214412
2449,-2.1801386476140925,-3.356582138453277,-3.3428572978554576
2450,-1.3731680285578791,-1.3327345727553062,-1.0734231385403812
2451,0.8828217514817358,0.3745369589963629,-2.4727342447361766
2452,-0.4200125040895571,1.852994727703171,-1.4651029909236044
2453,1.4686839744782725,-1.005149867999826,-1.3194067485579224
2454,0.9814040434245396,-0.8095083294234675,-0.2386997957456586
2455,-3.212005306429933,-2.3710026925201646,-2.6789012926346296
2456,-0.780536098471081,-1.7135431759216977,-2.053005332438252
2457,0.769437200179264,-0.3892290287786372,-0.1115162894630516
2458,0.5662131119273327,0.3762745887395006,0.9436968770567836
2459,0.3716622010709149,-0.3333317047807534,0.0541239148096285
2460,-0.0251768078570292,0.2590090212159129,-0.0082931282165636
2461,1.3588536857857207,1.6339374833233875,1.0854405201098585
2462,-2.295084303603101,-2.51315685476419,-2.62421144798203
2463,0.165149627209343,-0.6006912365304538,-0.3977434633040085
2464,-1.2161946867099056,-1.2292975611919337,-1.4947488009094054
2465,-2.029611642659322,-2.278124323874106,-1.89794100857332
2466,1.3063097086917157,1.121737498272354,1.0775001303735765
2467,-0.2686818019632881,-1.3839982691031731,-0.7276690489651485
2468,0.5500006163560854,-2.5116402247157823,0.9081747377928252
2469,2.1433141133910025,1.9886664771612743,3.280330549411131
2470,-1.5480737595141882,-1.2565406151248777,-1.9386757643799413
2471,1.9990120391703432,1.247018660520966,1.1915147997357287
2472,-2.0111162029529472,-2.2612705108402844,-2.1109466744233
2473,-1.2882509220197291,-0.0638488854898089,-0.729209852810472
2474,0.5889161671420918,1.3618707325229644,1.8471798854827752
2475,-1.2526246152489633,-1.1508956717640162,-1.0511366761051684
2476,-0.2194029659124701,-2.5358298820912286,0.3673287304251795
2477,-0.3567405120928277,-0.455899337215107,-0.58736855707046
2478,-0.6528474771617253,-2.0331564953369674,-1.0539932227387552
2479,-0.6388456768285571,1.0728033292184749,1.874606592364368
2480,-3.315356360404972,-3.170745292339069,-2.4536780760692536
2481,-2.871525479612164,-2.336750855486061,1.2508640909050743
2482,1.3599624363281508,1.6523481164059064,0.3070270887787914
2483,0.7265898106424389,-0.0701136700399964,-0.3689423372840919
2484,0.4103511229695378,2.344304392003106,0.430789051170278
2485,-2.210947330360441,-2.043092033637109,-0.77108611088537
2486,-0.8783497662769459,-1.5048579710775336,-1.2041555896389575
2487,1.812937691564376,1.4318935542163602,2.463302877889967
2488,2.0386865597649453,1.352497261439216,1.6621072405340662
2489,2.411282742754941,0.9628119704606356,0.7440475315362981
2490,-1.1275529823135395,-1.1947509017964726,-1.804744941394694
2491,3.22038314964298,2.967239742746295,3.6290666656517527
2492,-1.800163896783052,-2.191031863878257,1.3922668297733571
2493,1.7255950358447467,2.1864386393878985,1.87632695351102
2494,1.2104756378890635,0.8589804805207479,-0.5094525634402208
2495,2.338804282753534,1.7886130758293617,2.015278004096714
2496,-1.4435533397827984,-0.6382249810170222,-1.845819767292349
2497,1.5141950313468393,0.6819383876674965,-0.7145949881934532
2498,1.1774944585785008,0.9178371465536408,1.2918546546666645
2499,-2.6030856017153146,-2.9905378697437226,-2.522909004186193
2500,-1.1371222904034848,-0.9370345738299812,-0.9623561957583244
2501,0.2782265396805504,1.4455144809700544,0.8301253196112455
2502,-0.0506889322047179,0.6294378130213598,1.0378452364142432
2503,-0.402259612792698,0.0419464250105057,0.612843202061216
2504,-1.1939993082179845,-0.6835476356192606,-0.8241976011200742
2505,1.524989528100302,1.6958095229226735,1.93252416839752
2506,-3.0236205500637987,-1.4156944596574583,-1.5787053348657138
2507,1.1163698819364307,1.6319543857969423,2.476145283741756
2508,-1.0610799234656203,0.6224234345739836,0.3097291395535457
2509,-2.442230722056194,-2.539352449628504,-3.301959681688705
2510,-0.9863763734401754,-0.6478604213881367,-0.8937368065139155
2511,0.1601925521717986,0.487961428158447,0.473279511937125
2512,2.6684422251685165,2.417223593977148,2.965655818919834
2513,0.4766092871252855,0.6225757265576363,0.9049363382177966
2514,0.0162860640116065,-0.5829600017881569,-1.5594088463354214
2515,-1.4477052298052284,-0.8042317776090232,-0.5762140560343647
2516,-0.6836104203503031,-1.7819194265319969,-2.118956298983728
2517,2.425311314642149,2.307680814873793,2.550551386296108
2518,3.611246130159712,3.075316351299545,3.576131143204622
2519,1.364217145100942,-2.2886254591299013,-0.302208648097987
2520,3.022654596734319,2.6969136285393525,3.0873418708028324
2521,-1.4705543009367763,-1.5846474657476646,-2.6853311923493868
2522,-0.508948594437941,1.1838874508816497,1.4462963714993502
2523,0.361215621796136,0.9875282853526212,0.5227896898025493
2524,2.458329444277427,2.295634624586884,0.3302036188533715
2525,0.3936621044654471,-0.8448834379072889,0.3076597075069044
2526,1.4061009752663196,2.07603085822298,0.4529801436714042
2527,-0.7736455518230807,2.3593784447362056,2.202400206392256
2528,1.024551660491316,0.5992835591153173,1.2629219831796812
2529,1.3203855043480213,2.12850708584429,1.5209963104794024
2530,0.9549213404005944,0.1243855148052749,0.231953379657063
2531,-1.3224257966521975,1.1077378473488753,0.5485026179851398
2532,1.4870858130278473,1.63295167426551,1.5590834649673877
2533,-0.3617784677887976,1.2516369092595057,1.7012272324913285
2534,-0.0928071257342371,1.0663278697051144,-1.4108623372901818
2535,0.0650448543921667,0.7564871386017831,-0.762129302573907
2536,0.6844329248336967,0.4287017378845589,-1.1361750145105385
2537,-1.2340680407868467,-0.3926019336487421,-1.194950353814065
2538,-2.1112157165234526,1.869993488841239,-1.1812567182132168
2539,-0.4162233638182427,-0.971473457378614,-0.2632866483627062
2540,-0.9478538834698677,-0.4525203025524943,-1.4166293656955575
2541,1.1489081439638806,0.7428106699606132,1.176751644685444
2542,-0.378898551720828,-0.4428854676961034,-0.4685281151043475
2543,0.6849628896793845,-1.1988158248238496,-0.8998437451761454
2544,-2.3751005168650856,-2.752965052571469,-2.27128663783414
2545,-2.231175236242626,-2.495950798880315,-2.0930322767555025
2546,-1.213386822534536,-1.195198731303796,0.4761901782472475
2547,2.678785694741144,2.905291988566884,3.222175391404407
2548,-0.6537826189938116,-2.433211810450248,-0.3362753941705885
2549,2.65831923779676,2.3096214351640607,3.1936295360566973
2550,1.2687218877748894,-0.8943093916174563,2.2285929580309314
2551,1.6020754319413513,1.2493338918935757,-1.2147286505937398
2552,-2.1714759642449684,-1.8323368350903968,-1.399570151975844
2553,-1.2968332513734495,-1.6398665918069002,-1.8998101957683904
2554,1.9104074398052149,1.7728635856792976,1.3609319149854011
2555,-1.1925286575607414,-2.7665195826290137,-2.519084595583516
2556,-1.7073442237284306,-2.15626469077172,-2.023088139470285
2557,1.2171013787128917,1.0081073410173924,1.693331785874758
2558,-0.91574683194811,-2.0310180458883447,-1.0951164282777042
2559,0.7054561216903499,0.4145509374114668,0.3618816508069294
2560,0.1246480971523159,-0.3558947141841564,-0.3037609481755948
2561,0.9546254781610026,0.5043104890076812,0.2228305099057625
2562,-0.0695671177141366,0.9209062787369195,1.049279638446314
2563,-0.594839026519392,-2.824111558309445,-1.345713636811072
2564,0.0952464945355105,1.865772440582084,2.004227364956884
2565,-1.742456717394283,-2.035458594019319,-2.286534066822893
2566,-0.3324403945861859,-0.4120783975630402,-0.7802532521323469
2567,0.716602339730653,0.2891497456083189,0.2673470831484326
2568,1.5561429114327996,1.1569775499327046,1.4701355002568863
2569,-0.4527868627377714,1.13372870252063,-1.0899790809202925
2570,-0.7009958608022588,0.2114942661003164,0.3833800251569322
2571,-0.5829335020656654,-0.7478999713749515,-0.4324597565905292
2572,2.0887580220438915,1.0814409693516065,1.3045615917402285
2573,-0.399487444876094,0.2995279958116114,-0.6617553263915825
2574,-1.2523816442128244,-1.256177677076052,-1.010779797858355
2575,3.168255951566463,1.7187837496501437,3.805571597312575
2576,1.3626274764202513,2.663169079199333,2.0008702201943183
2577,0.1020710412091852,1.5055313401726398,-1.3187293882159166
2578,-0.359768841490874,-0.3909456369840374,0.0238594478663835
2579,3.3178498151773934,2.46383467265297,2.5766230992061723
2580,1.9883629191966776,2.297231340538772,2.6032509295987483
2581,-0.2694095564650275,-0.8251268836590364,0.3781855090562834
2582,0.0053850447144117,0.4244023692701281,-0.606935209653817
2583,1.7180175379735076,1.0630841255845902,1.4972663257540406
2584,-2.115262672703858,-1.8127318553392195,0.2579691979290348
2585,-0.9710041103681164,-0.9987087758592608,0.0097790909611217
2586,2.8117760197289954,2.56730649264123,3.088911891389629
2587,-0.3065910034486693,-1.0719400502067435,0.0290642429987638
2588,1.1524085063634384,1.8392632628052297,1.8154666400259247
2589,-0.3244918220275843,0.8500790612861382,-1.3219753013698436
2590,2.011056339173377,-0.0458075185591397,0.3293042630338574
2591,0.3150003411292846,-2.334034080737473,-1.2152340121142258
2592,-1.0639289408634218,-1.1635276997844537,0.746013818945473
2593,-0.7205347193001362,-1.4079882798576453,-2.168671775232443
2594,1.751147101455415,0.8541852750411333,1.2833782150865392
2595,-0.8299753135729071,-0.4892871609957137,-1.200022944230658
2596,-0.2917169557350539,-0.1086053780897874,-1.4068950455024412
2597,-1.8420120113224736,-1.5487702802728454,-1.2000941276383723
2598,-2.2551751682515624,-0.5742271368196309,-2.568455561022229
2599,0.2946002686033009,-1.8003660804428807,-2.3613371173550326
2600,1.6528048252311849,2.412509655341439,2.2409364947831336
2601,0.2375711021167513,-0.4919514952987526,-0.6906667088896639
2602,-0.4623623798550191,-1.0540184198052132,-0.5564086265497488
2603,0.3455516447171198,-0.6483936921377319,-0.0423600532986691
2604,0.4766552883117069,1.1002815918346802,1.565412178851877
2605,0.2579362287876446,-0.7316373412685754,-0.500981250255769
2606,0.9753135868786798,1.0199027428602274,1.0894813798952536
2607,-0.902965874490782,-2.19842892822958,-1.1163972311930372
2608,1.8083516424745685,1.8130388526043368,2.2292572858418644
2609,0.729263964373466,0.8338352627591643,0.7242430489150531
2610,-0.5365089994952621,-0.1110913364472102,-1.483396610473899
2611,-2.2421113818174163,-1.1344789827768291,-1.007061306290396
2612,0.5089126402800347,0.3922498693909083,-0.2765883307542773
2613,0.7226748692006324,1.5515401408599017,0.8173593979400164
2614,0.557050282699921,0.8236085268948615,0.7030240360483603
2615,-1.987077661243086,0.1981965517844848,0.280536210171863
2616,-1.0496430205895817,-0.9870457958164236,-3.273458521157121
2617,-0.5420536752461542,0.0559805547934069,-0.2078103163605394
2618,0.9320783317859828,-0.4983929461403759,-0.7790938853568632
2619,-2.1737594012308,-0.9495330791182088,0.9967614481941616
2620,-1.9820878454373745,-0.1367855122563837,-0.1908187145356646
2621,-0.9041919774912144,0.2730439529778173,0.3499580177231149
2622,0.6368513286376667,-0.525327516896558,-0.2046420799000826
2623,-1.9424344301580605,-2.4404024858919806,-3.6609562376839255
2624,0.7177402477834244,-0.4725401537164972,-1.7647871959735013
2625,0.6100756209682825,0.3072320460705398,0.7960654612120068
2626,-0.043979251893929,-1.159829875086711,-0.8728888106032693
2627,-1.0108729222113544,-2.091021544664327,-2.047787659967019
2628,1.2524005587051976,0.3019728600333005,0.2856393468960211
2629,0.4399937135924803,0.8554488671046194,0.995857395651865
2630,0.0945171463433316,0.8769957335131637,-0.3686445645604327
2631,0.032265358674639,-0.8486974630381531,-2.8678969572553927
2632,0.9825873382118188,0.4930721877725841,0.9426235260348532
2633,0.2510767097216067,-0.3270706162781495,-0.335078909225844
2634,0.2441293096387456,-0.2130816511186691,-1.7573011690504918
2635,1.1866522476135175,2.6592606776750145,2.993967803366196
2636,0.2965236661807389,-0.6299421198863256,-1.8064533681774857
2637,-1.022687621458551,-2.396698756147523,-1.289819985017391
2638,-1.9680305419866988,-2.1599940018333585,-2.273876380591381
2639,0.961306335422684,1.12284274281736,1.1803568169547285
2640,-1.9875400703966648,-1.677414295434209,-1.939597412746407
2641,-2.6169774185899985,-2.770246889194013,-2.4852414898096624
2642,-1.009288613402603,-0.4644243567321905,-0.2084360403265606
2643,-1.790682734303462,-3.1313391314556047,-2.2160996828144204
2644,-1.9121485726883536,0.9490762637048163,-1.5351212745911187
2645,1.3155406700025882,2.046406728837242,-1.078793108875392
2646,-1.005762302597955,1.6684300282078552,-1.7510326350536312
2647,-0.8766924434585166,-1.43483146167933,-1.4542870123569052
2648,-0.6078084434083013,-0.9019536495040608,-1.4994094608755877
2649,1.1131742658143886,1.0927143343361323,0.9409005083208692
2650,-1.4965774434264,0.3791702877607302,0.3431878712670654
2651,-1.7467352017248567,-3.182133284556547,-2.320625807875146
2652,2.201522894691057,1.944933369058258,2.229074506759181
2653,1.221805609294546,0.6722807590153983,1.1811167729702383
2654,0.4371383992088157,-0.0832426046475399,-0.5201615616166309
2655,-1.0189801830973264,-2.327909397743392,-2.5294565045376376
2656,1.3532903568084946,2.1337437973237328,2.741767768180793
2657,2.982952312790096,2.7055612968242886,3.2685973215074187
2658,0.0193782186287516,-0.9949034918928504,-0.2360361532805514
2659,1.4957683311076324,1.298664710423728,1.6136594158148894
2660,0.3163409733367349,-1.0686778612606307,0.9572818749235664
2661,0.6094126781945911,0.7896333863102017,0.7501503360137943
2662,0.7258434140739185,-0.4862175052651791,-1.5396117309688326
2663,-0.6353654433296276,0.7463786061881749,1.2033948685627966
2664,-1.4747237983858006,-1.3292682298282532,-1.559379658235286
2665,2.635023681763561,2.4286443435116003,2.813332367894389
2666,-1.1207321841766196,-1.2198622692617045,-0.9275225794737508
2667,1.4057363885502607,1.335343852181834,1.5113341066119228
2668,-0.7520826389261623,-1.134847831041695,0.7719932123447772
2669,2.186880221548421,0.538792389961783,3.196670197619289
2670,0.2177012680415952,-0.5552054046718219,0.028372146908123
2671,0.5756084724870518,0.7242913651578282,-0.2229607481236376
2672,1.5606201710295382,1.3999189598866366,1.319049427775615
2673,-2.614030930585699,-1.30834391281132,-2.334141810244028
2674,1.028115716380295,1.355102491492707,0.7499215658570081
2675,-1.381660018215033,-2.328464997516857,-1.3141346627469384
2676,-1.428477558044846,1.3571684055690374,1.715440429059488
2677,-0.3432345160879961,-1.7439457097265785,-1.6944753606609348
2678,1.31023561116681,-0.1166143344214472,-0.0242069296611124
2679,-0.8387157365238596,-0.2972491471715397,-1.438706450926531
2680,0.211511599898064,-0.2190954166946664,-0.0400144846866483
2681,-0.0631765505364879,2.2730515461834764,0.6637146873058438
2682,-1.2565602883368523,-1.347325166337498,0.539636092479076
2683,-2.34328342490249,-2.167003613772369,-2.2205756980179823
2684,-0.4349372578967034,-0.7940136055929559,-1.6919082700625905
2685,0.0461137912172999,-0.6722335054001474,-1.1146412516276494
2686,-0.665269604666322,-1.4915113454594076,1.4497361324161615
2687,-1.861660200443061,-2.316269340682388,-2.267717240430731
2688,1.7382962476813564,2.596683451774092,1.8926087403962388
2689,-1.036668663534708,1.3215328077352235,1.1997140955141343
2690,-0.0561967749174631,-1.3428383524286331,-0.1053370099816883
2691,2.491212754020496,2.309207203445147,2.9504497043955733
2692,3.1377107474175747,2.9594707975447103,1.757390897961207
2693,0.1956979621663221,0.7512066375867601,0.8418284450129113
2694,0.6253450614173022,1.6003507562308168,2.1626067472531103
2695,-0.2474639777071425,0.4226725902831525,-1.5333008588721433
2696,2.0557276291565407,2.214618803981681,2.3244356889405777
2697,-1.596833111428414,1.6785858439910697,2.505415335082076
2698,-0.7814331938821215,-0.2773715709118494,-0.7133013832128366
2699,1.1150554562173227,1.1185166879600168,1.8416669352433548
2700,0.7680996077553741,1.8094423616466973,1.4548760452995302
2701,0.8210275133440688,0.5327264776315705,0.0984701582554422
2702,-0.7916756482754856,-1.210803054239915,-0.8805606615853061
2703,1.1966554173205142,-0.4651834844307946,0.1069451917234987
2704,-1.4682012851316315,-1.8530458251469053,-1.8035528306865207
2705,-0.1679406996740131,-1.4442442402574471,-0.8530545700590211
2706,-1.1016162880384266,-3.081527440184544,-2.447598280127857
2707,0.8944014651546591,-1.0381135312386407,-1.8607825069677484
2708,1.0754481817059232,-0.3090002835558526,0.4584136362675483
2709,-1.347484796215089,-0.4239562511071807,1.9742358177157648
2710,-1.812043246608392,-2.112152091751702,-2.011746563501487
2711,-0.8992343045264151,-1.6838265065515374,-1.425227883053368
2712,-3.049687961119427,-1.9169687777107007,-3.727815637569692
2713,-2.656901823897013,-3.225054920347843,-2.548923291931608
2714,-0.1442625927287214,-0.8546154067790727,-0.827905053830474
2715,2.770317942905718,2.408895501147055,2.943263222296182
2716,-0.5822833787934731,0.513281213143499,1.2648213205483247
2717,1.2898843328471794,1.3885260232667276,1.7388289224638362
2718,1.373462349006334,1.896393370314432,2.3296741519798387
2719,0.7399127699137577,2.2332266999701043,2.144507293302636
2720,1.0006320515733336,-0.3931701752574819,-0.1004644390615627
2721,0.3602345717269735,-1.4642739992899898,-1.5071804828798752
2722,2.063143729016752,1.114084531485069,1.899684942715405
2723,-0.9260830172543504,-0.1771556052900364,0.3126412618694027
2724,-1.3470765201025416,1.5563903364125036,2.2510875379730417
2725,1.0340411207461375,0.7202330530688559,0.6669677384391111
2726,2.245694541285008,2.5222479285738992,2.858270240607853
2727,1.384595599490251,1.1840722849957717,0.2213914354190373
2728,-1.650768498995381,-2.5336748798816666,-1.4354330807585949
2729,2.3733816256570592,2.26222071082363,1.9269836956391864
2730,1.833217171901495,1.8579795757512128,1.5503998175020577
2731,-0.2278995685726544,0.0574146870159208,0.16279178014623
2732,-1.7743568091023656,-2.389767844644846,-1.581161593749703
2733,-0.5745236170558135,1.9959073100451543,-0.6310052566241459
2734,-1.2743080614170306,1.0432336822652866,1.38510013721885
2735,-0.1165465572246738,1.2836061206701936,1.8056214936725663
2736,2.357415537129387,2.019690527936492,2.5711925109891163
2737,-0.342887460162678,-0.3176910556370622,-0.8354597937156011
2738,0.5448603637922049,0.9402529609309064,-1.0905650505320743
2739,0.5312533416310141,-2.075950914596952,-1.1070146481708991
2740,0.1872206356772103,-0.7537934072426551,-0.8405701410173347
2741,1.0688215421850988,0.3900769966279739,0.6537249762765089
2742,-0.5845804187584109,-0.5710645806024137,-1.442161906157602
2743,2.151613053278159,1.8771748290216297,1.220319602708318
2744,-0.6293237826095934,-1.303150020394154,-1.909340109739164
2745,-0.5864182297988365,-0.8819723619512565,-0.6570728108660646
2746,0.6040578139815801,0.8120262278963687,0.5890006268556657
2747,-1.8126369940137792,-2.013243861831244,-1.6612516324813418
2748,0.0639126005408998,-1.386600888733715,-1.0098146724121124
2749,-2.58092834208529,-2.959359229348689,-3.2988887800306603
2750,-0.4644389272962649,-1.72858362097834,-2.9250810017626776
2751,-2.2094086521990577,-2.5230100844996177,-2.428458572741024
2752,0.2325783501079455,1.6561295247014285,1.63870275161213
2753,0.6240343654966185,2.312209215734218,2.5648173992820857
2754,-1.2620671620568285,0.4940999844300294,0.6577883804794271
2755,-2.2435334379367764,-2.506774265648361,-1.984255114067256
2756,-0.4251468590500463,-0.7415368483654208,-1.5898438545108144
2757,0.2389683385040182,0.8761229132254362,2.039451887208546
2758,0.4112934372212351,0.4975768466634434,2.162331194626323
2759,-1.2841838281643272,-2.113612638397432,-1.853912549713187
2760,-0.0844746638730194,-1.3401068208709777,-1.7696513025278486
2761,-1.739101498068145,-2.02339631001997,-2.0345789615765293
2762,-1.9973060327868768,-1.7954797542936298,-2.64369874732896
2763,-0.7718381196854625,-0.5640074339495047,-0.6875679004630808
2764,0.8829998782044473,1.4469669959029865,0.3510853522763156
2765,-1.8294047628580647,-2.3914095297599216,-1.0319385795596483
2766,-0.6083046401015315,1.089095397879262,0.0533373261629384
2767,-0.1051636043688443,-0.6510107130651793,-1.0633140704908313
2768,1.6095651593385445,0.7802732580742049,1.7047270915024406
2769,-1.716965434657918,1.1743687675035888,-1.6407179127832363
2770,-2.4935782467620764,1.8615456327239264,-2.7183165314641515
2771,-1.2004498783479227,-0.387363821836273,-0.9927762898480992
2772,-1.700752216314909,-2.290341818145534,-1.8506106179138784
2773,2.660227407887089,2.046528489143642,2.870588287337578
2774,-0.1215153398711552,1.7139092689108255,-1.349148810059876
2775,-2.2391004857348986,-2.068612608989562,-1.8092878394166776
2776,3.792286354942512,3.469046365109824,3.873575313263098
2777,0.868199901908608,-0.6067487722959123,0.1237487718195477
2778,0.6502996978803379,0.1712441259156729,1.0211353587881984
2779,-1.6546655987204844,1.9444514685397989,0.0018524535802853
2780,0.1454121106683288,-0.0418799287460856,-1.1330404062134685
2781,0.4054722220984972,-0.499543932095522,-0.1595893617098234
2782,-2.588439157150851,-2.0081321037680446,-2.2243306657951543
2783,1.802124685012724,-0.291205428942952,-0.3227930349500933
2784,-0.0135995198576191,0.4009441920075207,0.297946320131553
2785,0.0770409216426288,0.6824888583603641,-0.3588842104495912
2786,0.406202308655833,-0.5710517690048179,-0.3066720708364359
2787,1.8189751008694013,-0.4232723540099499,0.3614539427255583
2788,-1.6845767429702223,-0.9819899768075314,-1.1644562457743672
2789,-0.6756507823258112,-1.6416120096476463,-2.3700220434774804
2790,0.494077520848148,-0.6715119474949796,-0.3597241961175941
2791,-2.693437541396628,-1.366183888204734,1.3488141110613077
2792,0.1080909785079375,0.935317865723709,1.0863043494551636
2793,-1.3255905794915686,-1.2131417251910606,-1.4777158876295098
2794,-3.068533818843132,-2.780230924355912,-2.624994999337677
2795,-1.1133255757492615,-1.9609428829639417,-2.724206580787118
2796,1.186054494505939,1.814119014186144,-0.3839819191115059
2797,2.0117343891813606,2.21736380641216,1.3336973463019957
2798,0.0948411048588579,-0.7586898603416776,-0.7029971906587786
2799,-2.296829356740029,-3.085479680642297,2.435598546038112
2800,0.8812627011257654,-1.3157070712808254,-0.8688048483634916
2801,-1.4087670132485404,-0.94680938474616,-1.0728355359981805
2802,0.2987044242701661,-1.9716146911534025,-1.6671883029611856
2803,-0.5253731208698301,0.9289912014072046,1.0912017589905325
2804,-1.0121333769932028,-1.1093550980049565,-1.1348776592317456
2805,0.762621665907228,0.2876865282454954,0.941554005369464
2806,2.2875178862781005,1.7945261020841976,0.0201782311519372
2807,-0.5940673197160824,-0.4134182889311523,-0.0422373222911555
2808,0.5866320188119094,0.124716564206776,-1.0419994666737955
2809,-1.613992505212015,-0.1128975455265212,-3.1615697088803167
2810,1.6483950151432385,1.7718451600189224,1.5781116601307
2811,-1.3014933336217356,-2.356703703133538,-1.527364145529174
2812,0.4999306539575214,-0.3286380816338525,-1.156471229171091
2813,0.9657182840081971,-0.1481382705723006,0.285426146624076
2814,2.7421508702398727,2.2611332799810144,2.799511207210933
2815,0.9905225977892832,0.299953463578279,0.0270099384247556
2816,-2.225505581146835,-0.7239263236649607,0.8342268387841618
2817,1.3138156113486992,0.3386754631331785,0.0408325244116225
2818,0.7631034147839624,-1.8823472640579,-1.2001613379220584
2819,0.6221655770995934,1.94645208715622,1.4185496886525748
2820,1.5543804091389,0.8077684292792567,1.1368471808042662
2821,0.6779329615717502,0.0131691574757684,0.622001935756242
2822,-0.4345848314630632,1.6727578796653202,-1.4856084073559803
2823,1.3514824868518582,0.7806054301275116,1.751527162265571
2824,0.5752181737573385,1.3997498731522808,1.544213898086512
2825,1.3634008926224612,0.4513694628169348,-1.5734877360513428
2826,0.7158799392093398,-0.2732766846980283,0.0123550289426391
2827,-0.8596862207714102,-0.5186371645771712,-0.3336478189719963
2828,-0.4845528735649817,1.8765617169106683,2.282709402681644
2829,-1.45003816000755,-0.6293233045073061,-2.5692050341188266
2830,-0.0809836222666494,-0.7523595936206293,-0.4547379637007149
2831,0.1099533659215361,-0.4621668023651341,-0.3287826550543787
2832,-1.0783475963493598,-0.9043412017981391,-1.3919065411596192
2833,2.079592514166185,1.6243357002373329,-1.3012479601574092
2834,0.5826296551659418,-0.7111011996297325,-0.7850089036107561
2835,0.1177382352867447,0.377821745957446,0.0656493822173573
2836,1.262751669689398,0.6778155549305855,0.0468831339622544
2837,0.4330676717960044,-0.347857857241178,-0.9279397034259272
2838,-2.8715085170076504,-2.714708167564918,-2.191338805377843
2839,-0.6538843921762107,-1.0704610136221735,-1.5725470087723934
2840,0.4752055377357413,0.4492940578764454,-0.6426645166512235
2841,1.493606801866548,0.9765885742728372,0.1247439855655774
2842,-1.498442381410242,0.1567681467606243,0.1164979460803099
2843,2.0953904013642,1.1704058314746153,1.360144978373309
2844,-1.7856958168278898,-0.4250516334152261,-2.92089123921686
2845,-1.4942053190104292,-1.5322351091632496,-1.4696514698613816
2846,0.6521853126233613,0.3118136904582426,-0.4027561216659506
2847,-2.924576141178902,-1.8643993178985736,-2.928799712479455
2848,-1.06062655820943,-1.1625708591656627,-1.0914703978601483
2849,3.099087050665222,2.865144344622486,3.323900383712784
2850,-0.4816804460709021,-0.945597524031264,-1.5120293377956502
2851,0.6852227834557627,0.728968320515813,1.233047866003712
2852,-0.4065652711773045,-1.081791489848283,-0.9778525161055384
2853,1.2558079911832505,0.8146577655559507,1.4814888452148955
2854,0.0162900965780726,0.1083605339743611,0.1362990505772755
2855,0.2726931629761496,-0.923226914398267,0.5033558205871991
2856,0.1039025634963475,2.147006051428588,1.387816433149897
2857,2.311135864712287,1.930939994353949,2.2159117115103304
2858,-0.0655516013970811,-0.6010122620103547,-0.1992165316774365
2859,-2.32332301308978,0.1362091439275554,0.8774814189823132
2860,0.0802146951074985,0.4140433103360471,0.6609458272760009
2861,0.5990811148904998,1.0860592180901458,-0.0462090828594778
2862,-1.08506611806284,-0.8464659452177248,-2.0153190333364885
2863,-1.2275498771618578,-1.4468668292380893,-1.1281705410637743
2864,-0.8841829243865461,-2.8462246487236684,-2.4385886787827817
2865,0.6125573497096998,1.269231026987749,1.556263493425753
2866,-0.542451272713935,0.0469480392022226,0.6225673820660109
2867,2.1462748479785523,2.2313682036942666,1.1998707919870495
2868,1.9574976780893585,1.54209799781316,1.8512186024283137
2869,0.4194204625688745,0.1039937867163037,0.0401632447922093
2870,3.5380119920479545,3.416813950227508,3.5890590972270333
2871,1.0230706956941065,-0.390937979589154,-0.7956232876942401
2872,-0.2050668983920728,-2.266205781016347,-1.7004747132228382
2873,-2.123468351784282,-2.1328179427241687,-3.155105318527155
2874,2.957885166806649,2.109035814523093,1.6030393597614945
2875,-0.739711173071156,-1.1628604700567955,-0.3496839688401205
2876,-0.5938528197497648,1.162454071872567,1.7013871524238544
2877,-0.9475374230157672,-1.2855244850199656,-0.5926236312656833
2878,1.0665141739913355,1.4478256356923525,1.727963442893505
2879,1.8734005265999825,1.6477232756958962,0.8125803821312627
2880,1.303247103090268,0.8829527991536247,0.7820535695517765
2881,3.2573540500526903,3.1664413112816217,3.2032423848331253
2882,1.5936175175609306,0.8396886523175009,0.2667540819416901
2883,2.825346868774843,2.456295347057608,2.8476145727825783
2884,0.4604706678866518,0.114792989559698,0.7436467984433688
2885,3.088015958649211,2.734390603889537,3.196876818643932
2886,0.0201176356529003,1.4067707919224324,0.675128279777974
2887,-1.4860297763546892,-3.0832003463253184,-2.62684482620388
2888,2.706562114433452,3.188510934669443,2.848839670107532
2889,1.1293778983863925,1.2734672788116077,0.8154798842832656
2890,-0.9729457158866603,1.280697432394302,-1.3900230033600744
2891,0.3548557222657207,2.2181633619286125,2.35368297994077
2892,1.4759119378296512,1.6782805265879432,1.0567077164538377
2893,-1.246437221997936,-0.1895954179137571,0.4536449036031751
2894,-0.653809331694615,-1.250983994901596,-1.8739600048207667
2895,-0.4161784437360196,-1.6554127712376547,-1.7944818038887715
2896,-0.364512548124616,-2.320183592678025,-1.4102132636927995
2897,-0.5746966711643189,0.6560585635713363,0.930526165092204
2898,-1.017829564503388,0.2733351283764973,1.1345974828735317
2899,0.0164394935642923,0.2053800505818868,0.3706741819187901
2900,-1.5420493698057742,0.9320186017399188,1.530786624573997
2901,0.379466686859442,-1.142688760911734,0.4863784930134286
2902,-1.982782767572264,-0.917376171105458,-0.8176641700219072
2903,0.2528057548225329,1.113875752741199,-1.748020242997571
2904,3.153104980860404,2.641274837106565,3.2032407888233845
2905,-0.956321268040604,1.1208422487936702,1.9028660344766168
2906,0.9717501047637788,-1.668935527859987,-0.1448428102197805
2907,0.349559791920355,-0.2192593117174665,-0.1048827009095361
2908,0.965853124422336,0.8083050682893513,1.3273787123421292
2909,-1.657156977293478,-2.6117909174390563,-2.986802444375181
2910,2.153684703542422,0.9548219002045704,1.5042818377294038
2911,-2.165638261106083,-0.754757766708973,-1.05633709041459
2912,-0.042195189689787,-0.2905904076516494,0.1862629450150987
2913,3.0021371430076464,2.485122436480874,3.425993163268715
2914,-1.6380687666422988,-2.445792223140882,1.041884662233845
2915,2.278798797612316,2.4595795203947803,3.4438944299105705
2916,0.1892501915351566,3.01652384310594,2.9825607557783127
2917,-0.041929374002482,-0.9189077198287228,-1.55864820447017
2918,-0.4074847720890123,-0.7175411834202727,-1.1632693675890575
2919,-1.5575655674062108,-0.9268508849105426,-0.902426834959602
2920,-2.2799413114226,-0.4395844373731882,1.3174585535018637
2921,-1.858558772197888,0.2054983285396912,0.7197582206290367
2922,-2.11655222424536,0.7236151768686269,0.8631791649978934
2923,-2.171870688592904,-1.351995774431105,-1.304570232430291
2924,-2.0093922523628995,-1.7407193934539895,-1.21813519456342
2925,0.8238637099856725,0.7621457651335015,1.2363048907833774
2926,0.8944819026420283,-0.6468146276535456,-1.0228671162220322
2927,0.3317003161126631,0.4376072592725178,0.4728746036520053
2928,3.191461742481351,3.5899357377227386,3.635712528112792
2929,1.6033612711139185,1.3752538198197328,-0.4295378002202048
2930,-1.48427356757808,-2.1502085031865907,-2.029880831605147
2931,0.1318688188863014,2.3208912631927654,1.989999934512548
2932,-2.0150604370107272,-2.88116226079804,-2.843996848066775
2933,-1.698634419747826,1.463974704953784,2.3091600545444573
2934,-1.9938311355773657,-2.558307330897927,-2.451270922614325
2935,0.6794299377182409,0.3069278192858678,-0.2780084603775246
2936,-0.1645208648143306,0.7787341832081036,-0.5545030214845861
2937,2.3117812227474124,1.0791953419019291,1.080657691322313
2938,-0.3364578077124885,1.3012042688349783,1.1420232692771926
2939,-2.065839282059561,-2.722769706945362,-1.9563716168251808
2940,2.3802612026374765,2.4260142876562107,1.85152835806452
2941,0.904721618600116,1.0087329907056026,-0.7708664574486644
2942,0.2908679319497967,-1.1030820173165674,-0.7763576050796
2943,2.2791389413932808,2.49429415685853,2.203287006256148
2944,1.4763297204979684,0.8060540609690892,0.9699637418282948
2945,1.198135097270745,1.188530698510886,1.290518481064898
2946,-0.2724974235967979,-0.4134979550272735,0.5810688837761164
2947,-0.2762553474526346,-1.2781234349442536,-0.2011253293383387
2948,1.21229973246137,0.5525792395356764,-0.997804042159836
2949,2.435313842938376,2.1764214769660706,2.4177199345353
2950,-0.8697595853416251,-1.0685727931985716,1.1300504216596696
2951,0.8895722919257478,1.6115909614036512,1.6578178691427066
2952,2.680530109952717,1.2230990124599497,1.7217907611086982
2953,0.798244346676161,0.8360631188120093,-0.76648046187845
2954,-0.8018364252382888,-0.9433322100721296,2.646353916611117
2955,0.479861006783208,0.8246654580255843,1.183846829915139
2956,-0.3043554828397077,-0.4896071798456163,0.1607430092553519
2957,-1.0144854730657753,-1.1544036059904488,-0.3052212686315441
2958,1.2184049279460092,-0.1605791803139891,0.269481425890319
2959,-1.7645526037590722,-3.267025522504182,-3.1500363820409567
2960,1.3492002426266012,0.0255100628859046,-0.3555129326651817
2961,-0.405449152347704,-1.227595098211025,-0.7084969870153414
2962,0.8298897306206905,1.1731567035110508,1.320364941560626
2963,-0.878382881195297,-1.3077540663375526,-1.2266319777825734
2964,0.2675522138232182,0.51786835470953,0.4014102513845868
2965,0.2831065432768749,-0.7495094588342253,-1.399533103302234
2966,-0.7422004187425775,-0.6751513841739321,-2.527624470338772
2967,1.2104336001300522,1.2031713928847012,1.816033735640337
2968,1.201181955672179,1.964304527805277,1.6885213039977172
2969,-0.8417341295092821,-2.361406861568201,-1.008625999463225
2970,0.2379634665921857,1.0416156694796832,-1.4173853873233355
2971,2.878967081273065,2.535830767994129,2.263877114442803
2972,2.9595632265284726,2.594244197125052,2.7638521504368008
2973,-0.3156407866974695,2.189538386948477,-2.0029386702316603
2974,3.003238353697845,1.4866329918278056,2.089766291678396
2975,0.6757629346010963,-0.9858966135355876,-0.80615716276237
2976,1.746145853722996,2.639903278697329,3.0289516433074226
2977,1.95292901340116,2.6036689493221123,2.556310200757576
2978,-0.9480779149402054,0.5738488984492687,-1.8777174960570604
2979,1.3152445471362215,1.9125893945569248,2.406100617657357
2980,-2.154481749919216,-2.923785592218671,-2.04619901913595
2981,0.2270916496694111,0.9319266969979518,1.0335616167284134
2982,-1.2110189730878331,-1.8367160156543088,-1.3465144080440756
2983,-1.8920336266384028,-2.325988623694861,-2.579091639305908
2984,0.7622713867408395,0.164419781264001,0.7403557017095761
2985,-2.7374707536476093,-2.552937283330074,-1.9113683137014776
2986,-0.3688657787725709,0.118437535930307,-0.4072169928249659
2987,0.5604369202416433,-1.493995562935073,0.1071543357204515
2988,0.1262586001666405,-2.0153571826954377,-1.856588768044524
2989,0.7188514986752474,-1.897927131974497,-1.5232308846911495
2990,0.6529404558177659,1.5605479031570413,1.9577580171934112
2991,-2.4190373954968862,-2.11332621284717,-1.85359569410818
2992,-1.7127384169764437,-0.1449386636845895,1.61650198689503
2993,-0.9025731713606964,-0.6806520637439033,-1.2605938811310535
2994,-1.2611882664421037,-1.604895812018905,0.6557060611578042
2995,0.195398268800043,0.977841923140357,0.9299381388683928
2996,-1.7596310201138194,-0.0195401205944732,0.745654728503017
2997,-0.6641600144165956,-0.8692965891319968,0.1922692315140641
2998,1.644788456375875,0.3269902215085871,0.4163607916468405
2999,-1.543839171218861,-0.9336076582620808,-1.900117826695236
3000,0.5231512880171438,0.8795703711079363,0.6199369852563386
3001,1.7114019928708235,2.157495319248357,1.406235108729878
3002,-0.0350599257247514,0.4529534057538815,0.8554367376422384
3003,0.1246681634217855,-0.0357525958277337,0.9288610027491422
3004,-0.5424924732760582,-0.9044285020076448,0.8105724098657405
3005,0.3331622969439952,0.1206992515405241,-0.5253721747293059
3006,-0.8682678614805007,0.171250897905573,-0.5858941368477107
3007,-1.8165907110527424,-1.5795674976148988,-2.5250553111226526
3008,-1.1557765514527936,0.8580884083568057,0.031099907636339
3009,1.2273236833632484,1.3771890317433442,1.775373880952113
3010,-0.3160841546035901,-1.9036122125257868,-1.0660469197354014
3011,1.4409718510542988,2.0470451234436857,2.0228694025375566
3012,-1.0271270837720494,-2.1732996916001857,-2.327309923107184
3013,-2.0846187545574097,-3.0181789993318784,-3.459338611605331
3014,-0.0279055112975955,0.1437659085458753,0.3081954275547973
3015,0.6121342274283275,1.6463914679689435,0.8172390748981466
3016,0.9801833293831026,1.7321834023383729,2.0420351197915374
3017,0.6683661008613083,-1.5869178167160851,-0.8450645771128295
3018,-0.050812609705586,0.7381414279918559,0.4060825494636809
3019,2.0663402809600213,1.9269306176879903,1.6608664909031283
3020,-0.1595638221222049,0.078370209148108,0.5217119746272458
3021,1.522799736273295,2.169137953241514,3.231213289985752
3022,-2.0656708103938666,-1.900189644783727,-1.955650363508676
3023,-2.088616517866383,-2.2909746149538672,-2.6834577348167565
3024,-1.7113503179862293,-0.8086471927099628,0.4997561864352127
3025,-2.555501133861761,-2.240732094211546,1.6066288678920455
3026,1.2714920930024105,1.297794086309466,0.1719071732301381
3027,-0.4775802067885397,-0.3485292466330069,-0.8762854300455973
3028,0.4373215313032683,0.5226446316092092,1.008009258099796
3029,-0.8008316150013898,-2.153534955045199,-1.6317076084149846
3030,2.8144437477683737,2.4811038172302635,2.4685841393204
3031,-0.1294825689293519,-0.1676293779689582,0.7247716260879717
3032,-2.747227663902484,-0.0848467936508944,-1.2230032455094528
3033,0.5237130060472341,1.283858987744981,1.963316582167088
3034,-0.7299182946814982,1.552505312980572,-1.89089478483742
3035,0.2727920346609407,0.0773797030263694,-1.019241254806003
3036,0.8751657552446712,0.4293950232569945,0.1534826503343149
3037,-0.6371350657679677,-1.164649940997199,-2.336621546356003
3038,1.879032684815099,1.789585933440198,1.805902766193446
3039,-1.3033778510324097,-1.0181258812799028,0.937884354651474
3040,1.7853115630368652,1.3974609122439627,2.625231268853685
3041,-1.3589742143481047,-1.2395780057838468,0.369540076341829
3042,0.0517340194867643,-0.9813188083830804,-0.5875869557495438
3043,-0.8448577163128419,-1.5414970736536224,0.0965662344148634
3044,-0.6514635654926746,-0.0945439962556363,-0.633828420721904
3045,0.3856588148528108,0.0264288968041861,0.2898473399423392
3046,-0.2765761004705883,0.2440188618098036,-1.250105022728324
3047,-1.7464762762295198,-2.0117547566524023,-1.6475555005467224
3048,-1.4425161411699066,-1.965843495699333,-1.59525803976604
3049,0.7579018154578979,1.0259519750035713,0.5224378821941023
3050,-2.6962811248619025,-2.517287297009644,-2.6889702423166435
3051,0.12809969709221,-2.1689887413090063,-0.4503836501280642
3052,-1.240331832679515,2.0525519760776056,1.705152903941566
3053,-0.564148666069692,-1.076075645255688,0.7237446410288825
3054,1.3433424057259205,0.928342085931488,0.8231470286361247
3055,-0.0872484204056841,0.4845348577871414,-2.2408450270720577
3056,-0.2816439858625152,-1.5320156430252614,-1.892077899012217
3057,-1.079344254558264,-2.478797583776814,-3.322288303103228
3058,-1.596625798447601,-1.3731539667233357,-2.622475079325396
3059,-1.8122355296189328,-1.861088856184708,-2.013303518211345
3060,0.6719744695758494,0.6769598914120489,-0.4169650926896829
3061,-2.3753168410069123,-1.4196418693977977,-1.782941034077287
3062,1.9618154344461336,1.5170984849336615,2.069693170482559
3063,-1.0874821012986833,0.6192188242612632,0.0426821837421653
3064,2.1210840457467044,2.728675306132194,2.437445935927224
3065,-0.5415582179617915,2.0047053829305392,0.0784016375629468
3066,0.0729531530453327,0.975711557421966,-0.5419450244573902
3067,-2.8445306007859648,-1.7677198827929528,-2.4145907725887907
3068,-1.474190475468413,-1.6559936778815,-3.0701444556646216
3069,-0.3589732797316614,-0.3598054150144872,0.7941092576428264
3070,-1.591785715459148,1.2592738552209817,1.6558032525631847
3071,0.9966241494315426,0.8534452630827354,1.7139790860076634
3072,2.212831584636578,1.4913007744145697,2.2633877669666846
3073,-1.0931225448749304,-2.4390837248242057,-2.792326710689504
3074,-1.098106380730632,-0.9949522731178552,0.4151356826829775
3075,2.987179009796117,2.2920192147219205,2.3382427958798755
3076,-3.226685118196963,-2.4160314123534814,0.5211705112914677
3077,0.859518858837911,-0.981884207613062,-1.5599193732845895
3078,-1.849387448479349,0.3186100406665961,-0.0504205164109674
3079,-1.5337892185362998,1.481089901084646,1.4566328983119785
3080,-1.141456231528858,-1.094238256056471,0.1598562255877064
3081,0.2460155017160639,1.343045152619307,1.6288864263012317
3082,0.2875960843528584,-0.4467419227856461,0.6474987704344608
3083,2.1703664314598083,2.3043059134038244,2.871950069803828
3084,-3.553924092149176,-0.5542448197354999,-3.385744712454139
3085,-0.8080458255501084,-1.6328774631419998,-1.5872548311691002
3086,0.9149366711224562,0.2180577799782393,2.207543922890521
3087,1.3978659611009376,0.6142575559930006,-0.3339784803577205
3088,0.8248535507618187,0.3728631733328103,0.712874918211239
3089,2.046741627956876,2.2682046549787835,2.5963135432549818
3090,1.5389514084374798,-1.329149709698258,-0.6359215674038514
3091,-0.2499036764544512,-2.116302924894603,-1.267145841185917
3092,-2.012230215441451,-1.743147936688195,-1.2122204917994823
3093,-2.252446677608582,1.7461542317037182,-3.530074657045449
3094,-0.6196499372806922,0.598219906421505,-2.165221291499424
3095,-2.389629931295107,-2.665029369807393,-2.8621045965663514
3096,-1.2704243798652337,-0.9694704880158088,-0.5832756301253673
3097,-1.9127540847397648,-2.9353139684717813,-2.7282108924272497
3098,-1.423011979743614,-1.608768355512623,-1.34651210839744
3099,1.220626973452111,-0.1483366025056567,-1.3543461713135805
3100,1.956984129091845,1.0603210648102726,1.587808652371374
3101,1.152616545887567,-0.0839263908936371,0.8504834482414693
3102,2.066890061029516,2.0383613469227035,-1.385503966473356
3103,2.897060631936549,2.5292178169510167,2.866111931296372
3104,0.4562108775589506,0.6041577989644267,-1.1556986194855785
3105,2.686191822187256,1.958077857652084,2.836516718224979
3106,-2.1179274950390328,0.0404132612276432,-1.8504611872858208
3107,2.3238018252788986,1.2875089138589244,1.8324220138397536
3108,0.2573999906104339,1.0014442332966655,0.4299175452264605
3109,-2.063342543529461,-2.052694702514223,-1.2491937245944844
3110,0.0762740154981215,0.1393498798494321,1.7174855025745432
3111,0.3695564231327195,-0.803357954995126,-0.7597151708629615
3112,2.067539051977972,1.8024066343230056,2.015348679135921
3113,-0.7906634148422699,-1.3731474537584103,-1.76254973010425
3114,-1.8174042118345577,-2.3837431700244265,-3.198808608633864
3115,1.0153790470907786,0.5638552744229786,-2.013327909423395
3116,-1.0127332695990383,-1.2869787116540252,-0.8584939619736045
3117,2.216428596845832,2.286269190045609,2.8553727122878803
3118,-1.276068501449657,-1.232357221710387,-0.0614980190388727
3119,1.528598139946281,0.9574717812407458,1.2300126667396
3120,1.6438299892078074,1.4123780777237374,1.1970465405637134
3121,-0.8048751947235796,-0.6921533344478148,-0.140201350806924
3122,-1.984821368442624,-2.1138194776506665,-2.287872368474348
3123,0.1035041077783564,2.2691436813306622,2.6646336049254287
3124,0.0586124380422179,0.0306068677505259,0.1551267821790384
3125,0.9927327823032296,1.6581492365943462,2.531658641096064
3126,2.178315959910598,1.7316457937258618,1.548887650071792
3127,1.9329911395948147,1.8079939527707,2.465529895778177
3128,-0.0429536521637911,-0.7001273919754308,0.9017159565656072
3129,-0.0059837293546829,0.3611782117054198,0.5618950486515595
3130,1.4095767896305524,1.5730028798971132,1.7730298456762443
3131,-2.073349280459219,-0.9629369998881854,0.2474026375330389
3132,-1.247568349340929,-1.8350741846917893,-2.617864281571575
3133,-0.889476120054984,-0.9602448299244972,0.380337400043492
3134,0.7347243305674069,-0.5405957649936786,-0.2000667966286231
3135,0.8007669943938569,-0.1654049621878232,0.5005322103569461
3136,-2.4994241994479856,-2.4963404471144264,-0.7706834334043138
3137,-0.811039405140725,-0.8369343331621053,-1.0309472665091193
3138,-0.793148398573937,-0.3765886127947794,-1.450812956016838
3139,0.2452558568502975,-0.7961978516289694,-1.016673060963227
3140,0.729270902737311,0.5684506671164502,0.2533412777620223
3141,2.103397116082972,2.4073046263968663,2.6946905321622494
3142,0.1656397979682173,-1.2699416049543184,0.898976719644552
3143,0.9785729386716416,-0.0835681984892391,0.2911425562821478
3144,-0.5010633901238232,-0.1966579068598501,-0.6112971146295794
3145,-0.6064631037230175,1.4633700449449736,0.2563513292260859
3146,-0.1441722520245631,0.6569550686094344,0.5526563854766771
3147,0.3786148246561712,0.6832148635226905,0.0474041420109785
3148,-1.096205244984712,-2.4760777791970443,-1.6013732613548783
3149,-0.5807682154055972,-0.7793301745533012,0.2206540917848204
3150,0.7278045761363714,-1.5874886957157104,-0.6638457760208545
3151,2.6076790713203795,2.496690984822725,2.785884260619364
3152,-2.0489904226949145,1.3311594271877234,-0.4062639953463799
3153,-0.177298281332146,0.3231131968919087,-0.1441871981240842
3154,-2.6900400151444184,-1.5141222593195878,-1.0477794359708283
3155,-0.3450769321696262,0.0948922525196951,0.7218865534761458
3156,0.2871686399279446,-0.2680149822130934,-0.0710570669560146
3157,1.2129509489737744,0.8027612466316583,0.972005510246302
3158,-0.8400114065303117,-1.9582245491118515,-2.37035821870097
3159,0.2729153700366988,1.377817357995097,-0.5290845761999184
3160,2.051629759590418,2.4203856170945146,0.3431706911250494
3161,1.151526285095291,0.4919537847481051,0.8547907172059475
3162,-0.2687292991232516,-0.7822346839153844,-0.4492645081711111
3163,1.3493926083951766,0.6458824758724072,1.3136351922461618
3164,-0.5564881001441759,-1.647162953429855,-0.5693231168102806
3165,1.779587869461657,2.196562595302235,1.9259144306946383
3166,-0.0033386767315594,-0.2576292456512515,-0.4074339691469668
3167,-1.7063906452868949,-0.9480480867501548,-0.5675956035074174
3168,1.121408934946969,1.1028770436812732,1.2162141607463883
3169,0.783111407729806,2.082613467419677,-0.5129445874043784
3170,0.1182256686773988,-1.1269329182367958,-0.6600712405023978
3171,-0.0250682891520385,1.0454686202133787,0.771878124178015
3172,0.8235630805108787,1.2064213417000886,1.4206938731722063
3173,0.5253224242496731,-0.2864684287217068,-0.1174019761703445
3174,0.0765784197521274,-0.9821240506649213,-1.6396785977984354
3175,0.6164175951152796,1.2452074353661131,1.2002312824583656
3176,0.7411021209852865,0.1586636001891883,-1.0235780566599164
3177,-2.8932870323362017,-3.311726459189252,-3.396119853675268
3178,1.3097972185988778,0.5396447004658299,1.1642500822416724
3179,-2.679453586396691,-2.867336153282534,-3.1744152695508703
3180,0.6712460634402292,1.1226479427065552,0.8053963745922106
3181,-0.5620854385774011,-1.1938105023256576,-0.4637731934124431
3182,3.408854124338605,2.30383120181339,2.2176061541259893
3183,1.125411172700174,0.2388971495995997,0.6231859056647748
3184,1.0157041191092264,-0.2272462256619917,-0.5785411410582181
3185,-0.8845198802290908,-1.6985376768146667,-2.0184566053837623
3186,1.4812567684811602,0.366616059754882,0.2995811205425003
3187,-2.2968259240759923,-2.8147725382680235,-2.723465542355925
3188,1.29868867932141,-0.0873613815183492,-0.5046530067849074
3189,3.064623132420195,0.2392940594575253,-0.9224141366965872
3190,-1.332236821362736,-2.111210366453226,-2.0330485364648734
3191,2.224136791792461,2.2154204714210737,2.7460240156808253
3192,1.4501041455774837,2.1525940574644333,-1.2307932299605917
3193,-2.7442944908557214,-2.871416089245269,-2.8475465847355097
3194,0.9819405282415572,1.1936336893821855,1.989933515884348
3195,-1.1946206097765375,-0.3567205305738634,-0.3575344648452594
3196,2.6791114193856487,2.5197694967960165,3.140046609331554
3197,-1.5196697600729134,0.5352231205763576,-1.7614001006215916
3198,-1.7056239455864064,-2.263095023134717,-2.363051976372323
3199,0.4737999260199516,-0.07185153803936,0.9131601455932415
3200,-2.41357862257502,-3.060893604805844,-2.711727396171852
3201,0.6735286941284349,-2.4356020312141897,-1.9053468349340823
3202,-0.3080178359878683,1.1093162803654684,1.152629845736669
3203,1.527550463947176,0.2762443222669382,0.6741178732571333
3204,0.670837279278229,0.0345187668465081,0.3023254327548214
3205,1.0855169339139448,0.3990094902601689,0.1754424691646505
3206,-1.52338264563125,-1.4926291678767654,-2.2457917170526907
3207,2.388157556556382,2.6486999660285955,3.0430315998295026
3208,1.7705499853133917,0.8132732368225889,1.0751324762094543
3209,3.135314762846805,3.3824258272410708,3.711362401897562
3210,-2.413244460825052,2.193726949074821,2.591748587932272
3211,-1.6132849182518954,-2.3771907038533406,-2.5846533335097592
3212,-0.7135205051967979,-1.640664444362718,-1.5871196866905437
3213,0.4581443024760867,-1.5871567681883605,0.2593632891654316
3214,0.4559478355444544,0.3923556209052952,2.5704287714259406
3215,-2.110405425465057,-2.1148105401067228,0.264201380433172
3216,0.1569237238008396,-2.313712243795833,0.0463049159498265
3217,0.4824278642764986,1.7552957556506057,0.9727097915737154
3218,-0.2608889641210292,2.9776016034860566,0.6068528576328563
3219,-1.898411291237568,-1.4245467116294548,-2.2941564939756627
3220,-2.423121086451117,-2.208580869376442,-2.640303082624019
3221,1.315217631162865,0.1653428911183151,1.8452723491244123
3222,-1.3746067294162558,1.5301473512638004,-1.5510664916551269
3223,1.7416434058661896,0.53760495916,1.0079802821198696
3224,-0.0480923946604389,-0.4013149208540346,-0.216717643665278
3225,-0.4925822891490412,-1.7774350126151162,-3.1518333325111465
3226,-2.248519285368148,-1.4730931824289455,0.8910862915680895
3227,-1.2300446112192414,2.0161839407897384,0.87687992475126
3228,-1.3063272792476563,-1.4061364997328227,-1.0060947687327202
3229,2.845755239596756,2.994518792836323,3.066657950429031
3230,-0.0660073064716376,0.4164944006526431,0.2495067280025721
3231,0.9743319583854412,-0.0306802047005921,0.1619860486762002
3232,-0.7727808791157129,-0.8010798366193421,-0.0014217030682541
3233,-2.5623603997769555,-1.682693590736167,-1.7715521169615114
3234,0.930119063988226,2.390060190819728,0.9812006862878462
3235,-0.4985820165551519,-0.0014146906106839,-0.3363308695433309
3236,-0.9944946013320576,-2.066031523845163,-0.9293284262970782
3237,-0.3638893604523494,-1.301548933971719,-1.541018644035227
3238,0.3307361590426269,0.4269806765253277,0.9159013879562028
3239,0.9282160600136486,0.4235629963928509,0.2633743095719721
3240,-2.5863065120881874,-1.3404694279568956,-0.0074882213489085
3241,2.1881212556963447,1.9263467538382164,1.8020034523075763
3242,-0.2813119251888698,-2.49453351013002,-0.4021893327330971
3243,1.9711928828665524,1.0071845403524502,1.8671065344080868
3244,1.02572013021494,0.2347427727093916,0.2627346555014985
3245,0.6784723656825666,0.7795993341035397,0.6226208074676174
3246,1.412340680698988,1.030441472066454,1.12221553801255
3247,-2.030174491445285,-2.1726746080937867,-2.2233685650825765
3248,-2.126013725800678,-2.316950579322008,-2.327998643226863
3249,-0.699240845822246,-1.40156313508874,-0.5747364656803421
3250,1.9667598217377025,0.9811401332942896,-0.06397293439424
3251,2.504105070955194,2.281248652014711,2.6319212459815526
3252,-3.167987556233085,0.6439933579827996,-1.0725514183331892
3253,2.111879258462425,1.423222344539584,2.1743798185532666
3254,-1.382179119957273,-0.499001314497512,0.6286850005441778
3255,-1.7046767945140262,-1.5574686826165207,-1.561593602998405
3256,-0.751540930830885,-0.7946067564099297,-0.7518178977372143
3257,-0.6286805362817155,2.335892513729055,-1.0123794275566254
3258,0.152228753753054,0.5676126389160447,0.29176335061817
3259,-1.6828930884726978,-2.3207736415817544,-2.290993683460406
3260,-0.1151677781766035,-0.4715446003239765,-0.4131676353595366
3261,0.5981938955857385,0.2544292301188954,0.8001552743252252
3262,-0.7990448352129709,1.5207243266166786,-1.1742181265486793
3263,-1.9073287094623563,-2.590533592943108,-2.580364214132437
3264,0.4753905050140427,-0.1860863600825498,-0.4467994554347883
3265,-1.5525139540620974,-1.343399167806992,-1.2137087335166343
3266,1.4073748468968397,1.0161068069719548,2.024469728230831
3267,0.2441964894196409,1.0227685953989638,-1.2815102437100423
3268,0.817803266394866,-0.3586822969845642,0.077964704829844
3269,1.908220021731132,1.3830537745835505,1.7759563207739724
3270,0.8182366929241461,0.8897479993392993,-0.5555976218932062
3271,0.4261974300687605,0.8796461885019515,0.5657650157001577
3272,0.016538483469686,-0.5435225258937153,-1.844841709901845
3273,-0.176932565959067,-0.052874019102034,-0.4324368413715632
3274,0.9826085115715892,-0.068375302933799,-0.6053899068518159
3275,-2.4281533647510365,-3.16450375372226,-3.117905197530996
3276,1.5091112716691362,0.2010924649735866,0.6687138092387215
3277,2.4167822268761308,1.5371626982382405,2.680696393991985
3278,-2.0646005800555662,-1.527729132195845,-1.7290845211602044
3279,-1.692470756114442,-1.3770298996793364,-2.13713044118074
3280,1.1318330699709611,2.682777903145484,1.9648336057822624
3281,-2.682661128926197,-3.402946808706929,-3.5719121157975
3282,-0.1451869420977803,-0.948321655828614,-1.0408090980924145
3283,-0.0690824047520065,-0.3338991425270789,1.7567549240905993
3284,1.562681622003921,0.0787963276954125,-0.4047700389838871
3285,-1.1406781724710728,-1.486999039427879,-1.5277300357246937
3286,1.1735733837979605,0.8316091202575151,1.0798328082982638
3287,0.9632363769647364,1.9474690468179576,0.2545445012696437
3288,0.5003789939227523,0.0402225144328982,0.266753983952921
3289,3.6430642407568072,2.966192810595708,2.049221616180928
3290,-0.9695434582661476,-0.4559026016736748,-0.297851791826749
3291,-1.7512021787217429,-1.5898292687687785,-1.6959366774827
3292,-0.6498741861811972,-2.137761243357684,-1.3766497977351664
3293,0.5853898983505748,-0.2365683334425202,-1.238462458111694
3294,-1.6582564911975433,-1.7287186036931426,-3.519473727986008
3295,0.9319939360512136,0.4170833214740453,0.9818503694478776
3296,1.0355470580010837,0.697022270131713,1.0909015678122636
3297,-0.0927751528969958,-0.0276815418387173,0.2404152203782095
3298,0.508430803977916,-0.4130973489240369,0.7690705640499453
3299,-1.0961445360945528,2.161878521726882,-1.6991211064961085
3300,-0.8095239238668828,1.135902763754814,0.7968125067816796
3301,2.33146681142879,2.2497063201698424,2.653388528250028
3302,-2.7499210409704995,-1.758823354658755,0.3477942319071168
3303,0.0182103658262306,-1.26148815953103,-1.2577075268620466
3304,-1.490376947686073,-0.1624096491630361,-1.5869410425167174
3305,-0.3206445167853183,-1.6587542009953244,-0.3182526051727983
3306,2.5678120643717817,2.485217495142276,3.0639023225017983
3307,-2.089670929884681,-2.18374472742548,-2.47724650854252
3308,-1.0116873623402556,-1.282759168568096,-1.7097091274435243
3309,-2.978146757381652,-2.817678552006465,1.484979254215166
3310,-2.0457730822635787,-1.935846453096526,-1.843328717368497
3311,-1.791401979746629,-0.8767257334099825,-0.1616159728666901
3312,-0.4997081791677755,0.6239973829495626,1.0798676923489097
3313,2.945166154473897,2.599108578860511,1.3437567710573175
3314,0.6123458262222397,0.6514667776535893,0.6473947496442296
3315,-1.1125678322982175,-0.8896230199747794,-0.7535087506299307
3316,2.6402364497876345,2.2771577350875942,2.8227957264086165
3317,0.4142343881796174,-0.735686814651208,-1.3309473208299183
3318,0.3687302094118315,2.874807028181245,3.406347620668719
3319,-0.3314563334012264,-0.6880732447225414,-2.226410588135731
3320,-1.2989128258514702,-0.7314459830396953,-0.6822296786400297
3321,0.7236186506692723,0.5011833468234461,-0.1686531886395477
3322,-2.2185898273632465,-1.3885560461564912,-1.4857508833918045
3323,-0.2254533401700705,-0.5440210306372115,-1.591171655693942
3324,-0.165924314335876,-0.6130737357019425,-0.8350970283234107
3325,0.2201538259723768,-0.272353170364669,0.0576960858724239
3326,-1.3180787301951145,-2.0755957965201586,-2.4745558806256622
3327,-0.3161674480634792,-1.135117481708491,-0.8004263265305442
3328,-0.2853236384726112,1.6885397109888745,0.8127502867558969
3329,2.9919140810217355,2.7706112243252785,3.1529042710768307
3330,1.1417678054413614,1.8157225858530988,-0.2180690277692827
3331,-1.598878288060834,-1.883448982466725,-2.5794805924268687
3332,-0.9433803305544022,-1.010307818205804,-1.0305123122017366
3333,1.0822930460217326,1.3362159834587426,1.1989007499049025
3334,-1.411724100639019,-1.0625445543947158,-1.2664075596110644
3335,-1.2825106856629955,-1.414548561399058,-1.96151358713238
3336,0.5900956509598567,-0.4006187269529395,-2.706924865171606
3337,0.1824455490641284,-2.008807106148239,-0.5272493806055866
3338,0.7097028003448431,-0.1050267049447754,-0.4506713616824935
3339,1.779427205926262,1.053775957816595,0.7127336981860785
3340,-0.0515217950713838,-1.1645438018015668,0.4482482821277642
3341,0.5865363453431701,-2.1535021842170115,-0.7468755103787409
3342,2.4070600438554672,2.304301814887761,2.609347215227292
3343,0.5166452127168056,0.7120792601532966,1.5739431039836866
3344,-1.3065220486837017,-2.0871806325948348,-1.9176646399940536
3345,-0.3969888970527656,-1.543187556342433,-1.2364830607290718
3346,-0.4868879358688972,-1.0283595314660412,-1.9846010399174687
3347,-0.5198870137460792,-0.917054805035694,-1.496464580375301
3348,0.1832742253137187,-0.1815899561959242,0.1036860213322709
3349,0.9507524914116786,1.3491771818584055,0.2645927173578934
3350,2.0814644585995343,0.7981387870430924,2.21822598583029
3351,-1.3302872542629856,-2.709077812040722,-3.048733808963255
3352,1.3636405700426704,0.0474453157839471,0.0409637673225614
3353,2.4754010068840007,1.2160761379367848,3.1305197212736733
3354,-1.109505775171007,-1.0855437531576009,-1.271776377784228
3355,0.0556897468865663,-0.3789429887874534,-0.2751881465982063
3356,1.07675598482236,-0.7155298321226777,-0.42397154613263
3357,0.6344594853921921,2.1582845250338885,2.711544107342692
3358,0.4306355860402288,0.3398837107667639,-0.1520176177854754
3359,0.2849409836014566,-0.0835798675557057,-1.0027574684392744
3360,1.993810988544498,2.1669804395168555,1.4503723448781098
3361,2.517971835847839,1.828978781403552,2.216412242574885
3362,-0.1484397561352921,-0.4010030925919884,0.9884361862517226
3363,0.5768910819767888,-0.4706620364527296,1.0543939683052548
3364,0.4820554599638053,0.9715601900859238,0.9611333814024428
3365,2.513508709422291,1.5731904389233045,1.4070540438803254
3366,-1.1464746369908303,-1.0035167933677067,-0.3133687908767882
3367,0.8121830747913933,-1.190729299684491,-1.5800284379586045
3368,-2.0172000033592847,-3.301965861306876,-3.2208430158394776
3369,1.6953297666008098,0.8825298986680012,1.4173948061311297
3370,-0.5476042436787272,0.5833659805136235,-1.7212649619115463
3371,-0.0528072975659031,0.6300328102392219,0.478773732800572
3372,-2.291407109438517,-3.063466691405078,-2.452991159188866
3373,0.2138024121689878,0.196793391659193,-2.846634850914608
3374,-1.655538418699284,-0.6412772589177853,-1.9457911195790183
3375,0.6104653616955014,-1.331169530489571,-1.5659594738338156
3376,-1.485078083428223,-0.5031948616054268,-0.4024056338136177
3377,2.393060413702369,1.5241208157990618,2.6058342265771324
3378,-1.2278373608105535,-0.4132939766575504,-1.715363388660157
3379,-2.972927437723345,-2.4815603643817834,-3.1367881640012043
3380,0.2767785126728166,0.4051203891471492,-0.8896465815580685
3381,0.6989092725198223,0.6902338102876897,1.345464923513539
3382,2.6248244855889187,2.346868364657227,2.947426427434627
3383,-0.0135590974058654,0.1482314073281692,-1.2192218946773363
3384,0.7180346133848095,-0.4784969509590401,0.1410509837489788
3385,-0.8976260278200823,1.2570180811680334,-1.1506149098881189
3386,0.2647863212671412,-1.5709989511357805,0.3561604163883055
3387,-1.483982886076106,-1.2853521933082428,-1.292964069345112
3388,1.9942548109924696,3.0700408006031226,0.1960783446055314
3389,-0.3635959390941627,-0.618759846694224,-1.4597412137395087
3390,1.1512941152916534,1.768363064525846,1.84170311402135
3391,-0.4131724606762106,2.184409861799622,-0.3363871964425453
3392,0.1524403105787113,0.5663600650698308,1.6636629614066478
3393,3.030509776246133,2.383773276263743,2.826618763992978
3394,1.4293468646825422,1.031300870029202,0.9822767034650474
3395,0.6047796267880513,1.0594978868216784,1.632079206389888
3396,-0.8428445506337885,-1.4826497456829764,-0.5809525657980981
3397,2.620156677269759,2.229220020056076,2.272893346981393
3398,-0.5491142595581835,-0.4894474171614175,-0.5810676934286134
3399,-0.9541152487154844,-1.8346460999063967,-1.8165055584055536
3400,-0.6893517789437865,-1.0519511943152866,-0.2797536975359536
3401,0.3566535979847705,-0.62331214101609,-0.563698972673952
3402,-0.3768717665821617,-1.0122287265235037,-0.8821201331148377
3403,-1.438130007115552,-1.0945271287789673,-2.713037901414072
3404,2.5472552686066705,1.069780935270379,3.0008921662350008
3405,2.487052182027272,0.9900037828786056,1.3963274006246231
3406,0.6552766154270374,0.8071213650207445,0.5773110912114311
3407,1.4119900585225995,2.467578340011729,2.3091731123787285
3408,0.3233091898764623,2.168236114830041,2.6616260433066623
3409,0.6087866382529794,1.6150930209735783,-1.556020466360046
3410,-1.315251530875131,-2.39353381765641,-2.913342779186899
3411,-1.236537379661904,1.8792267645920249,-0.223327595200822
3412,-0.6671296341422532,2.0018037313897925,-1.234329272480141
3413,-0.1969374430882766,0.8479731815225549,0.2062558347451467
3414,-0.7729981163958224,-1.42961395413733,-1.5544614464376092
3415,-0.1457322244538971,-0.1628857427428281,-0.2345148882405417
3416,1.982613730819376,2.455265420410149,2.2651199376942786
3417,-2.813800324579701,-2.9708555826558105,-3.012724997212116
3418,-2.474778871862992,1.0421543831736342,-0.1764128499570344
3419,1.079214793756155,1.1579350408403932,1.2252489883235194
3420,-1.5486429978573002,-1.7850999418713622,-2.3595899347542093
3421,1.2659550318030377,0.7045494873432293,0.5016641997861727
3422,-0.0881757643995007,2.096481913666956,0.877612287971923
3423,0.8848892577554743,-0.2748924146083221,0.4201649011617472
3424,1.5212512638126885,0.8300239564230738,0.5121651457810141
3425,-0.7164767900777694,0.5307882722519095,0.6632487045769864
3426,1.3138216579783848,-0.9874340522245316,1.4509463695250098
3427,-1.7534261164933544,-1.3372178905397107,-1.6693592673838835
3428,-0.7524622981919381,-0.7943551736820593,-0.9690528411902072
3429,-1.8130623291932688,1.4020091451189416,-1.133552078008122
3430,0.6221558484332064,1.991440095555444,-1.8302927183291124
3431,-1.5455570537687506,-1.0648582440916947,-0.5929939061678564
3432,0.103951276134814,-0.0388403022815751,-0.1644916080081045
3433,0.1022360761208883,-1.315578648473658,-0.1696763845313365
3434,0.7195855885876923,-3.268312772554012,-0.5108863926736041
3435,-2.2180124662596894,1.0167877913357473,1.3167530003020746
3436,2.364345450889558,1.391532556093081,2.405694284259284
3437,-1.5666120341877128,-1.3031106994055346,-1.319135734487805
3438,-0.9193867192381672,-0.5305381019920792,-0.5254036496707482
3439,-0.3583026472591579,-0.7414730201609554,-1.2353479908039589
3440,0.5323041327709274,-1.294780651009146,-0.7423169985676565
3441,1.3547987239608448,1.2307459242441103,0.939082787007513
3442,-0.9275856199328386,-2.4963293845462653,-2.0767666140362766
3443,1.5794431767807386,1.1512447462517863,1.3674726289647414
3444,-0.7890300190661781,-1.7955191482635733,-0.2295083634527842
3445,1.215642702223282,0.6545111046000871,1.0710174278050932
3446,-2.007759646570557,-0.7272941829283759,-1.0027050313356305
3447,2.094579614372428,2.074841534424923,2.0421845873791336
3448,-0.0151233645561575,-2.5967357115229666,-1.8270374961890592
3449,0.0162869601374879,-0.3153171572363183,0.0882865461241758
3450,1.444111669080365,0.700521483358426,1.4378779119217049
3451,1.3580613246346225,1.2233297786031865,1.5114411742482854
3452,0.8726807336834637,0.6589094488451092,0.8140080680111372
3453,-0.6122932103074127,-1.3757935493722575,1.617838750674041
3454,2.8936473502469813,2.6229150863243493,3.10121505415427
3455,0.3202677725202173,0.0404083039580842,2.4377190885341213
3456,-3.2545726452473027,-2.940204644016468,-2.98405775766604
3457,-0.6742108360524615,-1.0747038304428165,-0.908617651844781
3458,2.6845731703910274,2.604000798952559,3.1518943997432345
3459,-0.959908908678125,-1.245942453579753,-1.562616696285367
3460,0.803793955573001,1.1857055064655015,0.1456834807894067
3461,2.498156619570928,2.58217162739306,2.3575770420347206
3462,-2.297177836660933,-3.0595227629382973,-2.492136671213289
3463,-2.564831872968478,-1.6089379798337182,-3.395378494215332
3464,-1.2461257985743883,0.0518958342173399,-1.7436582163686336
3465,-0.5544929608570108,2.489451117530648,2.7264398914534063
3466,-1.0894023431847195,0.1331195959502382,0.6375256192994115
3467,-0.8977947555217425,-1.7562024424917664,-0.2874254312062089
3468,-0.4165599591334419,-0.8450004573799439,-1.7285330339983065
3469,2.747747563800292,2.596849954893361,3.005932171245148
3470,0.8399922933204889,0.2585614818598728,1.725717088360201
3471,-2.6156510863493314,-0.8312536898373843,-2.8645842555933254
3472,0.3801900540151073,-1.059323678130258,-0.5424354721671789
3473,1.3111921722534032,0.7199921656913646,1.0237843267021869
3474,0.3681272984763568,1.133895908618113,0.7160729362594669
3475,1.8783308947466388,1.8804786524482733,2.0645755530636727
3476,2.124511396422111,1.9751798273917505,1.7188546686674395
3477,0.3915628224494052,-1.6566481338523396,-2.0402314993455515
3478,-2.578071727718467,-2.22138230074186,-2.112690055764479
3479,-2.365839701469432,-1.8101559397687,-1.947622009700611
3480,-0.3045869532649412,0.8694288303138586,1.2309389306382266
3481,1.2576358959542342,1.5945723783805306,2.023482420594442
3482,2.286554183588376,2.60679096074822,2.7725643681659524
3483,-2.168939076781052,-0.1597502803145176,-0.0604854563022726
3484,-2.3408946476842822,-2.38277064736566,-1.1775196411258806
3485,-2.1874532458364904,-2.330370579528767,-2.5790290577460606
3486,-1.5843918117636535,-2.1094009852959505,-2.1163203572798195
3487,-1.451640491808052,1.0648598241509653,-2.379179169805068
3488,1.0800949159064055,1.8964099685261109,1.887641856807707
3489,-1.0545822199029364,-0.3348916189166414,-1.6896735449882545
3490,0.3557850274107931,0.3220350643324874,-0.1973671878124616
3491,0.398712551361958,0.4865222248874176,1.1316214040950947
3492,1.530976306371323,-0.5582241691498404,1.0729740615204244
3493,1.430021519453217,-0.3553360908097743,2.7937661125361646
3494,2.9940402220520017,2.865716065803314,3.279757251410228
3495,-0.0543613583337777,-0.9600776774209828,-0.9864012707576943
3496,-1.262309862510536,0.7496250275715842,0.8267247359469261
3497,0.6471176227154214,0.2673314090654693,-0.2147627120673205
3498,-1.252231049542914,-1.5926334711735548,-2.4193590643419203
3499,0.9742032737875984,0.171307582035818,0.1049144729614316
3500,-0.8240115909907022,0.3528652802517052,-0.9340362624693332
3501,-0.7742976467349583,-0.8454932704410434,-1.857033550840728
3502,-0.5109443076333133,-1.332898804850119,0.0616793959234604
3503,2.914531364774733,3.36465488290596,2.105168647291109
3504,3.14593897526015,3.028626111988482,3.4025443653493577
3505,-0.4131415218810654,1.8653852798795327,2.101964185727158
3506,-1.642654476798512,0.5496426808173687,1.1619372679915028
3507,1.9551327233180047,2.074605890053647,2.1989959714822844
3508,-1.1089536685614354,-2.056745018865727,-1.90388378041146
3509,-0.2254546491469198,-0.938255000534505,-0.6002487545250166
3510,-2.786783330310206,-3.049271067366237,-2.9838170835966897
3511,0.0388838473704503,-1.289701150029167,-1.240663366637854
3512,-0.0120257225536848,1.2162329671122618,-0.1688218313452892
3513,-0.6575261883125244,-0.7306995391813047,2.037121072454672
3514,0.0488049428732708,-0.746460434677605,-0.6163546460648595
3515,0.6411032965450398,0.8741074089593381,-0.6981869010541337
3516,-0.1307265232647901,0.2921883407893885,-1.3688472936119485
3517,-0.8732318872022711,-1.135931822415189,-0.5801456750687961
3518,-0.2556570308307558,-2.168435141632425,-2.574173881062418
3519,-1.700729049986495,-2.4156468845287087,-3.0218558164220823
3520,-0.1299539283229927,-0.4514200517121376,0.5370672450017671
3521,1.9178293072010124,-0.6734872784122612,0.9582621300695991
3522,2.958317611553393,3.2132815550639298,3.5116085179011622
3523,0.3625240726967698,-0.0871505166774602,1.1250563865870378
3524,0.3919803539443954,-1.4170000580525817,-0.4365538818384078
3525,2.0101611567366904,2.092550985206569,1.543717066122218
3526,0.4951915132225796,1.0020672595007594,-0.0036922624007444
3527,0.1317178779346554,-0.0103801920670463,1.886824698008497
3528,-2.012066497178478,-0.0563814182072914,0.0130091586065007
3529,-1.6201953691912294,-0.5009262062675077,2.692050960319345
3530,2.58158542343476,2.100191958848174,1.3166403928991786
3531,2.917449263544014,2.639876864123252,2.285410236618441
3532,-2.79285657340416,-2.824370619050827,-1.5853882771467245
3533,-2.914227886884267,-1.9635029963463115,-2.5299338639701734
3534,-0.5254706679578872,-2.529622016053358,-2.1057636763661254
3535,1.5691806515324187,-0.5317992150868925,-1.845370936243775
3536,0.5308854191191246,-0.2476776601048721,-0.8246875141592325
3537,1.5536693526161292,1.3586252502161498,1.5890800228537234
3538,-0.1447997001639883,1.3761751074945323,1.6799645976685211
3539,-1.9454782868229483,-0.9853895246368044,-1.5580114421599245
3540,0.2909432622951107,0.356422143382177,-2.1631851127560497
3541,-0.1521794078151336,1.4655204331286422,-2.4586751011530987
3542,0.8536639955222767,0.6809279822042302,-0.7753138116515113
3543,2.200693489015604,2.10827974461772,2.354930272663186
3544,2.522539543947078,2.7636678718918306,2.9653618196954503
3545,0.3338065871030379,-0.915510066129864,1.3364334353132143
3546,0.8895448585987202,0.0575816438964488,-0.6239834967515199
3547,1.1516340594347014,0.8428222563641296,0.5180573906944597
3548,2.170184063928921,2.2370727290208032,2.907824125182521
3549,-1.3861752637857774,-1.0893846623245709,-0.1563158203747243
3550,-0.9738012807275972,0.599070481195065,1.375823664997443
3551,2.8859820743746853,2.4928265587008416,1.9820797406421955
3552,-1.1647666510912966,-1.0742292411709238,-2.112695991661482
3553,-2.509688102988428,-2.6545543153595044,-3.2858615510483715
3554,-0.5505997187515144,-0.8098149420293814,-0.8047191553174775
3555,-1.032192972443385,-0.0638975585324694,0.930384992551594
3556,0.2210810701403922,0.544174889569486,0.8540802594326237
3557,-1.5694316302643956,0.4150514237162021,-1.4703409747180909
3558,0.5721551849637982,-0.1452466563750048,0.163119959342041
3559,-2.090067612202277,1.1100731126614938,1.243277838131306
3560,2.6058264731996785,2.138869409619991,2.318922979560925
3561,0.0837118933655614,-0.1156633642314694,0.2409901457528445
3562,-0.3577498287366164,-0.6777177314318625,-0.5625663611209307
3563,-0.0743775277689387,-1.838095303260179,0.4320610026744984
3564,-1.4047919268568454,0.5200097835156176,0.1720069145625211
3565,-1.013780970112849,-1.3931445266754692,-1.481274572004347
3566,-0.5441924439990176,-0.7200714862284687,-1.8945356025443272
3567,1.8599054226179392,1.4200881960621805,1.7279105468449418
3568,0.6710333673481381,-0.0299306091011928,1.0844439187575774
3569,0.5851562288220791,-0.099642936769288,-0.2181356837537584
3570,0.6082553181231716,2.468994008078988,2.867216387511432
3571,0.4296367139506894,-0.7742636487521177,0.0769090296535389
3572,-0.2887173253355964,-0.5457678737078775,-1.1963142292775544
3573,-1.1012286679418115,-0.5323044797608115,0.4490905737757918
3574,-2.192196479280828,-2.7036252034675208,-2.39236098049766
3575,1.6853323916978202,2.442397714817667,1.9891074158397244
3576,-1.6783349641884484,-2.068848751081352,-1.2215183439569088
3577,1.9106927296761824,1.1173319398210757,2.756958510479706
3578,-1.4848580742183013,-2.1191891581020506,-2.1030481269092647
3579,0.715804482731405,0.1893335451842892,2.152886969460597
3580,1.4317969411210885,1.174159316213076,1.3726957853086634
3581,-1.5258400258081577,0.6865237700296062,0.0110581696753684
3582,2.173859929423138,1.2201579675733767,-0.3126856574275114
3583,-0.4508321334978633,-0.6515556880417257,-0.3070706223023415
3584,1.0009910123172554,1.8848991134030009,2.614974917228285
3585,-1.4675439533896124,-1.3696190796296004,-0.8460689237461051
3586,0.2648402602556056,-1.344543437733831,-0.1482655813114519
3587,-1.3210094950832405,0.716976689688295,0.6516880735796635
3588,1.849241844415387,2.1693500375627828,0.9293277202081076
3589,-2.8533959969335223,0.0413498353422953,-2.892418179794064
3590,0.4326307015266303,0.9701516696573852,1.5353283206858164
3591,-0.4922226350788145,-0.8845251161364884,-0.5536571572123337
3592,0.1020550479005688,2.51833666158599,2.695875263347576
3593,-0.738722384564412,-1.1869879329012525,0.4565666486183024
3594,-1.0050364873255015,-2.279773717960344,-2.2074914852630187
3595,-0.7320367091374114,-1.544538056626806,-2.5426832198310985
3596,-0.3588215630815942,-0.309628717108021,-0.4770926703345767
3597,2.839759268202979,2.630446996897555,3.0595532626930013
3598,3.3940564527174195,3.3574340230896818,3.94257135832992
3599,-0.3314233915315917,-0.6432856692892855,-0.8725001149041041
3600,-1.8082272488513187,-1.716308267749407,-1.630269947926451
3601,0.1304853722116445,2.433989873819997,2.915531499777257
3602,-0.4132364533942293,-1.509911207897505,-1.3476259171605114
3603,-1.0035845693987306,0.2616433755269495,-1.2663397930199018
3604,1.097036762889507,0.6052042324571666,1.0180902498070177
3605,0.5887100645069421,0.02000082505215,-0.6947419233154661
3606,0.5218166621935416,1.1244231496886468,0.3545443158811504
3607,-2.470807145716247,-1.4260898801470565,-1.6704825190527737
3608,1.136491390440879,0.6857280384303664,1.0782549858074335
3609,-0.3272654348510692,-0.2969868056933168,0.8392039775960023
3610,-0.9366489482725358,-0.2678817054471569,1.2526891323494875
3611,0.9995373729338588,0.1789181567678917,-0.0315325650264766
3612,0.2238179719172552,0.4675558815801449,0.4538739957621299
3613,1.7808229255247847,1.7379096333725446,1.6795807997553365
3614,-0.4633536725768554,0.310672662833039,-0.0011796693044435
3615,-1.4152254115823537,2.382877344263249,-1.6406205579763358
3616,0.2214981464882075,0.7465251730554794,-0.0444722964282818
3617,3.1714139517139595,3.3111974701643376,3.4703992238497823
3618,-1.116492922407629,-0.7349709435737746,-1.0008855819797635
3619,-0.8913600815508005,0.9251860765225396,-0.4787438781875605
3620,-0.169275094796956,-0.8112355404886264,-0.8822180302726004
3621,-1.4428826550051592,-2.004789640431525,-1.17008352707359
3622,0.6846941226944434,-0.1606520962103965,-0.6900305240011126
3623,2.657668512954052,2.436749272615963,2.7722005102979668
3624,2.7714576867743657,2.469487698477656,2.923881192601597
3625,1.7475069859555843,1.7610626177555495,2.045087598453452
3626,-1.3439373442887836,-1.207632961639619,-1.046679173607383
3627,-0.1920606810192407,-0.7127979986167502,-1.5754635041516143
3628,0.0639772112842161,-1.3980190317981311,-1.2504755245911907
3629,-1.246802661756163,-0.9749670295769066,-0.3966310235101149
3630,2.5439868564221,1.5072869202541084,2.457620615519685
3631,1.4413600396264803,1.0647186814890734,0.5224918197801008
3632,-1.073640232106475,-2.3260497092811656,-1.9729099455902768
3633,-1.8586816060314293,-1.0529616402555029,-0.7739454220535096
3634,-0.7094324452017821,-2.110701141830807,-1.6848488046834538
3635,-0.6926056730972636,-0.6068153303883219,-0.1654727796550678
3636,-1.336724507855266,-1.7375613933064928,-0.8210366223295855
3637,-0.5863345799449373,-1.6477897663440195,-1.5425460330217706
3638,-0.2819101020854965,1.737425461720122,0.808387668798286
3639,1.2415362563492374,0.7159162761285419,0.6698020836673036
3640,-2.114485199719284,-2.472456457878237,-1.4633039838577904
3641,-0.5953206906102881,-3.2172290113407245,-1.3409149040421109
3642,0.1910184636259274,0.0477963786008444,0.4828293355863502
3643,1.2560899038953623,-0.8081104096173478,-0.1104066032533742
3644,0.8656652217081005,0.1005841228429199,-0.1717022168008245
3645,-0.2498402645287239,1.9130771780363125,1.6285458776003645
3646,1.3862509519088866,0.4299092892087497,-0.2009255890394092
3647,-1.5969928627398666,0.1942441563783831,1.0999418811761483
3648,-0.8933591971982106,-0.731357831639847,-0.6822533523714313
3649,-0.7585785311399829,-0.0014577715425579,0.4632701173091266
3650,0.6280762599210156,0.2659829956500006,0.4952123161448253
3651,-0.3583653534834667,-0.7567161179043189,-0.5522387249654435
3652,-0.7598394584918547,-0.3018829613931764,0.2161678398851184
3653,2.98982926595844,2.905902564585244,3.14522363797648
3654,0.7094649354150079,-0.932298335800959,-0.7049055489632242
3655,-2.175095973657873,-2.91897339623581,-1.8897956087039067
3656,-1.4772459273125649,1.443562236064204,-1.6168189061398244
3657,0.4854419743559821,-0.3714161570743508,0.0350877261976585
3658,-1.2485529492605931,-0.4063348047607087,0.7814615181645308
3659,2.598797704394221,2.4562331593306155,1.572703453052225
3660,-1.7020979576368045,-0.8260469161874466,-0.1046147471982064
3661,-0.2645134761479558,-0.5442917864318819,0.9178016304412784
3662,0.3198436399339592,0.704618689852947,0.1856738939898874
3663,0.6226825156344913,0.0304964668828815,-0.5279292981075193
3664,-1.814329432416918,0.0965154282422832,-1.0589235391316127
3665,2.147805036546012,1.290111689921409,1.624483396066284
3666,-1.8008612474067656,-1.3589685601466002,-1.985272537804835
3667,-1.0668247013128622,-0.9453727179836338,-1.3700995529163629
3668,-2.677059455976944,-2.420518693166017,-2.602085999293504
3669,0.3091068773843585,2.518542043028088,1.6767861671853483
3670,-2.61464035517394,-2.6112131715576967,-2.690507939291007
3671,0.4366551624548469,0.585680512469752,-0.1598472219321825
3672,0.4512617871535022,-0.4432180178428072,-0.3030192029804073
3673,2.6460449434293825,2.599754702896976,2.377799471145273
3674,2.3024584273459427,2.446342684505486,2.876157924933821
3675,-3.089010898793113,-2.925582350178072,-3.20047758141707
3676,1.3638424950973815,1.140376608208473,1.2986252698482028
3677,0.3165643030199108,2.631231120073436,-0.9230965499607352
3678,1.1357923631523317,0.5125444199485422,0.5660095660352666
3679,-0.9033849614479436,-1.895538516167791,-0.6953990924641735
3680,-1.9306803723411792,-3.2046983262366644,-3.052694921857778
3681,-1.7360475343465755,-1.7204212035990183,-0.9276057158208432
3682,2.728129315661829,2.501957439079032,2.531767080531317
3683,-1.5427878802306385,-0.746822211385822,-0.9530140391074562
3684,-0.9735486239625448,1.3537425331134618,-2.317811984629469
3685,0.5793471783069097,-0.5572278746566028,-0.48640689106013
3686,-1.674367909697602,-1.1273502799291326,-1.2409423891903564
3687,-2.077684622493712,-0.4561423156525775,0.3434625503760297
3688,1.5419171862824417,1.200274475035637,1.201188611917998
3689,-0.8582275974104712,-2.217339347704811,-2.3290317094486386
3690,1.0796791550771143,1.0831197004797426,2.0172308680189635
3691,-0.3248764055132294,-0.9657560745947948,-0.4788535465131639
3692,0.7715634523262895,1.9049404000963703,1.8582465290635013
3693,-1.3437453994774624,-2.108682292339106,-2.004173531696164
3694,-1.6339345580543936,-1.4868270024705306,-1.6951353343219504
3695,0.6281411461017413,1.4303714457248058,1.47128007918198
3696,-1.748644701591478,-1.3033589282219231,-1.358704868940677
3697,1.2195910097072935,0.9823969863667932,1.1338262726755235
3698,-1.0813118667172212,-0.9476950923118173,-2.1875676729154137
3699,-0.8683281895960275,0.6156572693418144,0.8154330259179666
3700,-1.370530172492486,-1.1520301435589395,-0.0761915178522721
3701,0.9266679100699582,1.810241989538416,-0.0805532312372906
3702,-1.6955798877928954,1.4479337505795455,2.1692847127407235
3703,0.9106129278154852,1.0620251919767454,0.6954599896725476
3704,0.5764946932741518,-0.2360778616073353,-0.1023095487212626
3705,0.2028879245058467,-0.1752052513182651,0.6121226908777829
3706,0.2644370088308319,1.914595437396684,0.1604094461109546
3707,-0.8305900340342725,-1.939816766877415,-2.153014438922457
3708,3.091091890959455,2.817244708897142,3.5570213278481644
3709,-1.605898960934087,-1.375978151303816,-1.53320126088133
3710,-0.7746655564499092,1.3903139609785309,0.1327438425751246
3711,-2.1918140087118827,-2.037028618251814,-0.162242411787469
3712,-1.75787137002901,-0.5032293157213131,0.3509563139232011
3713,-0.5860373798678953,-0.538051909207306,-0.1934307175233157
3714,-0.3647428095953717,-0.5740578031408637,0.3834199326695688
3715,-1.2832541155126984,-2.825553773626944,-2.080276832620163
3716,1.9564441395363728,2.1886023194564137,-0.1130699950020308
3717,-0.7569063629702883,0.2983489374715021,-1.439979324533492
3718,-0.3204824501617613,-1.8183945575198053,-0.8769852487888002
3719,0.52426632926114,-0.3508026462377766,0.2730170741977515
3720,-3.2922264681567563,-0.7232505568015568,-2.116647059172564
3721,-2.445065935358405,-2.1078513243115564,-2.6685192413098817
3722,0.1945401918760942,0.2568771405246243,0.2664516054769562
3723,-1.2926502219925116,-0.7132474876419725,0.4077840348454111
3724,0.0747306742647533,-0.5795788880930108,-0.2596433791504893
3725,2.535440054192754,2.3947734021741365,2.961979621142908
3726,1.37317129354024,2.097972628445869,1.9957815053680688
3727,-1.1463644078414728,-1.9843166125695035,-1.6741458309176858
3728,0.0517492536267473,-0.5234843830787841,0.481936211212594
3729,-2.6815474584530405,-3.4118256436912646,-3.518945655421369
3730,-0.7575403933766806,-1.5859725129180784,-1.4597498162206488
3731,1.2561394706600146,0.4668659491129754,1.2589547058696644
3732,-2.674049806539045,-0.8468228429402356,-2.4271214217232577
3733,0.7816556759190911,2.475334953211972,2.551026952069788
3734,-0.880247282636482,-0.8276049700039827,-0.8448426411404877
3735,1.2185644328533674,2.0135765319729826,-0.629105346580222
3736,-1.0143494672619178,-2.679831902164039,-1.3351922606307938
3737,2.8524410046916087,2.573906188527679,3.0436643787283053
3738,0.2729384656760876,0.8782073610686045,0.6730953860068356
3739,-1.4370295244014533,-2.276286816722169,-2.5268323532725008
3740,1.478338640383033,1.6386895825357148,2.084789241550042
3741,-0.5163394738808773,-1.338431039673483,-0.1877296870186111
3742,-0.2063205242204018,-1.3834966193087026,-0.4912716322316181
3743,-1.421845619907038,1.0314272498576231,-1.3680793554076844
3744,-0.8614689162701787,-2.323676995797945,-2.327290747992558
3745,1.4130537872534912,1.778412006018035,2.041493191016281
3746,0.8777750463215528,-0.5909606744983207,-0.6078447040483842
3747,1.4973034468160915,1.003046093166362,0.703984804697328
3748,0.9692198326659665,0.225277181230679,-1.371447874536626
3749,-2.567958840222464,-1.5920781394839767,-2.471396667859385
3750,-1.6879160690827617,-2.880956263439137,-2.824135264921117
3751,-0.3241223621285011,0.2793524897008671,1.2009735364313832
3752,2.4800021932810994,2.55170189338484,3.0092138206313632
3753,1.1509118208926656,0.3817657506274107,0.067726359455654
3754,0.396900872516977,0.175985856983483,1.7282944495379562
3755,-1.7896409705101537,-0.845521276200563,-2.875654620772333
3756,0.5980263747281483,1.107650539084435,0.3358855510608372
3757,1.0567303793967076,0.4934060139850452,0.7590694358102638
3758,-0.2465212223186316,1.1613548659439823,1.761413308176672
3759,-0.378198346730995,-1.1821568553460762,-0.2857997996701622
3760,-2.324115248088809,-2.523467308866638,-1.6908879948167632
3761,-1.4779607144027047,1.2828449443369438,-2.5354770423912374
3762,-1.6133169629619366,-2.416686646587044,0.8334416521819467
3763,-2.6009259665074627,-2.0136413875966164,1.902458451470764
3764,0.8396833855772565,1.4870471034918389,0.686714479538049
3765,-0.2526034538072316,-0.7276880247424778,-0.7918845994498079
3766,-1.9159892401978456,-1.4223118279271942,-1.7613960040461338
3767,-1.4546821463189352,0.2681859523078121,0.3231015204024512
3768,0.92989148565411,0.4764432949052335,0.7271207668577822
3769,0.2643308494352994,0.1329331814522679,0.4937008982393355
3770,0.0255690632494293,0.2808248557736906,-1.081205542488028
3771,1.6561738485965745,1.3109362943671772,1.6305758033768234
3772,-0.8261841823166327,-0.8252933594749703,0.2906261843219929
3773,2.493767264605573,2.5809653312702268,2.5646375853222265
3774,1.650725929323179,0.5286988988665561,1.3920198694744392
3775,-1.0045067277360693,-0.8696364159531002,-1.3249547815835971
3776,0.6268474431798882,-0.9828776619359976,-1.0931820352401838
3777,-1.7970347050799145,1.977506668039381,-2.4278154582380127
3778,0.0252131397003008,2.499204349103612,2.884137913821536
3779,1.857700351432841,0.2848110179429756,1.6146125046931603
3780,-2.165490272317677,-2.2657816085270106,-2.513781373759611
3781,1.7733438589190202,2.0877269652084043,2.330495659617604
3782,-0.2983824030956391,2.3087713292283287,1.2433948960825616
3783,0.1350760460356328,-0.3819856505615885,-0.8041357650701833
3784,-0.1322435722946089,0.4080512000071411,1.0511552954507202
3785,2.2262804866678625,0.8555784608342697,1.478545946344611
3786,-1.147658385018785,-0.0447021187759463,-0.4913284792262201
3787,-2.010000365607787,-2.2931392886693707,-1.859812101842772
3788,0.7625296362486842,-0.815314627144873,-1.766238850751058
3789,0.9531097654596544,-2.266095089155883,0.8049211975834931
3790,-0.1048946385864556,-0.6756868193880399,-0.3271278403165729
3791,1.1972596793769466,1.3455831515902628,1.882684725470296
3792,-0.4064872800717702,0.0944585637467441,-1.1557881478544958
3793,2.618278549298881,2.7070124219984337,2.737384944513084
3794,-2.952337670291355,-3.549785042735462,-3.6414695917997815
3795,2.113038861440534,1.417455919427009,1.710249156776084
3796,-2.626647339149345,-3.198497952000637,-2.2078574111748464
3797,1.1499603000249086,0.4300342545909125,0.9578879224474478
3798,-0.9990137100362588,-0.7778136134293574,-2.166585338144689
3799,-0.1641733396370102,2.7254485310742806,-0.0612121502789408
3800,0.604365579445274,0.4456082002361682,1.1677672414122908
3801,-1.6629131778833517,0.2996494208685346,-2.6776781888115204
3802,-0.3371614229293825,-1.4271286911347274,-1.27071842254067
3803,-1.127141258849604,1.0822277768695832,-1.2689373241783002
3804,-1.2656696639567624,-1.03617016150871,-1.162918334185134
3805,0.6717177517204974,0.1980423675928124,0.9611360453585334
3806,-0.6884768351081136,0.2998220079199916,0.2233554353529339
3807,2.0625021000634205,1.8417699400446752,2.081051076851054
3808,0.5784921710110882,0.5357373057009659,-0.7884148226803336
3809,-0.8027812166996235,-1.5635042696311836,-1.7610101578452204
3810,1.854007734003048,2.7622829060005705,3.10800110201916
3811,-2.800237741100521,-1.885407536298892,-1.2504985088214375
3812,1.3695364789474929,0.2898296734606782,0.2848313393304623
3813,-1.6346416615256865,-1.6821506376964257,-2.399218492358998
3814,-1.7259865283151234,-1.8261134262018928,-1.7347241991332305
3815,0.879841156525996,1.0286830638808928,-0.1397689456336964
3816,1.1879636080454414,0.3197323018592628,1.1947330184407916
3817,0.1530564383370072,-2.0755582589563466,-2.5120805862436946
3818,-1.0372470487821293,-2.1131675303932567,-1.5056989015466682
3819,-0.4560287633959708,-0.8690147767162386,-0.887982049102954
3820,0.5406741903036308,-0.9547381785263804,-0.6525026346396475
3821,0.8475332466175869,0.8035692021672436,-0.4553503778695361
3822,2.365904844777693,2.48856124082951,2.560611986341473
3823,1.5922235352789995,0.9855665571232566,2.348015976656318
3824,-0.206340595198759,-0.692909979048631,-2.299941979023413
3825,-1.3485040263976242,-1.765592507778286,-1.6002280359771892
3826,-0.3169417523044451,1.5902066483963824,1.7729889141740491
3827,1.9477652610571583,1.2408628534590462,1.5097498395102196
3828,-2.029408874533007,-2.867350282314364,-2.01742859090996
3829,0.7204041141965662,-0.3975873210689117,0.3864781588291009
3830,1.72709203971846,0.96615365752404,1.4358369910134448
3831,-1.40224795349767,-1.315203918174381,-1.846522458001312
3832,0.8792144330426881,1.3724557804195183,0.7773374274900713
3833,1.575844755658085,0.37873809868012,0.9442300149384644
3834,0.3650890166492162,-0.1552929023805886,-0.5747110917287557
3835,1.4896607670743576,0.1410241792078769,-1.3685470011308372
3836,-0.3131819013972065,-1.5284588582588243,-0.9460565509024464
3837,-1.5018739494869562,-0.2447871081936136,0.3561794743354612
3838,1.9473515825506889,1.8396847289216247,2.492516014802054
3839,-0.380116531788821,-1.6121385574279588,-1.5091478340280262
3840,2.9423332861897324,3.016307453551484,3.3836414860081163
3841,-0.0553541619020225,1.5527065255320769,1.3401030728747971
3842,-0.562726065708948,-1.0813384664154253,-2.388362410730368
3843,-1.562960449239186,-2.0587988050637263,-1.852187893841203
3844,2.4517203768628506,2.2954265085481347,2.922694420466524
3845,-1.194604833277812,-1.097794178009633,1.2240285510348778
3846,-0.3578712878209471,-0.4674648932791298,-0.4019742439318239
3847,-1.134416864094172,-1.7279055770644924,-1.847090367659453
3848,2.148903215748437,2.0690017276102144,2.3771962723528777
3849,0.3753218428319679,-0.3414684569892469,0.755754708816077
3850,-0.8976276004054846,-1.3968272395428782,-0.8455778189597742
3851,-2.89301571541452,-3.068282616464235,-1.08841632691115
3852,1.4878390510021795,0.7143802999981146,0.6489203800068112
3853,2.475297923755767,1.5410508747736695,2.093341578971491
3854,-1.0025013797373592,-0.0297422640608187,1.4873142124219805
3855,2.2381072575559138,1.5630585755469872,1.0821659351896202
3856,2.455358772941882,2.797116336315781,2.809409098615993
3857,-0.2218070463499671,-0.6375008680218212,-1.2288213790913194
3858,0.1366560927320028,-0.3550977853343262,-1.41324047364825
3859,-0.7034406700504042,0.5144086767122094,-0.2224879892589866
3860,0.7757721326066405,0.6007995900990741,1.2941618951198288
3861,1.559575379586552,0.880026852372902,1.536784494332653
3862,1.3597605930162964,1.577027256937762,1.503244948114228
3863,0.6164201526766339,0.8029786875547318,1.1393278370191275
3864,0.0019552567068967,-2.40694644947883,-0.8102641871809314
3865,0.6434351214239881,0.6753091668618347,0.6737722469663243
3866,-1.9961683070213416,0.9137690785117863,1.3860841969666664
3867,0.3370395691690441,-0.3064638495870045,-0.7413874405412165
3868,-2.1852282114780404,-2.6114742481662936,-1.749471684941872
3869,-1.7501245327104873,0.4334794843583096,-0.2671810194160878
3870,-1.2320832499776349,-1.3098758097198278,-1.4607863525531315
3871,-1.477705337211042,-2.216601196014543,-2.1162671017988703
3872,3.06501876567722,2.7437795304063104,3.225522408628505
3873,0.9695405242252082,0.9137142573406782,1.017584766078249
3874,-1.811457941796392,-1.491278757698311,-1.812458835240415
3875,2.258683962984675,2.012097106164846,1.986840771383842
3876,-2.119124207144587,0.2594963884578334,-0.0167659709017732
3877,2.4433878618022367,2.0654197693678857,2.1792607321464925
3878,-1.4898314566015327,-1.850575635362668,-1.280564940338614
3879,-0.97223901199103,-0.2981548562995408,-0.8232519666797029
3880,-1.1137303686116666,-1.448317016950083,-1.071533465092576
3881,-1.285828015657778,-1.8617430280780949,-1.3110718817354663
3882,1.1525523410390135,1.5555090833317102,1.4554781944815751
3883,-1.8137064562441807,-2.062431699386728,-2.901421618687682
3884,-0.8246627544614875,-1.63119966699625,-1.235664297017501
3885,2.1579377534234507,1.278674130444552,1.0686249217156758
3886,-2.11442113770746,-2.4367795801362044,-0.0434963320816434
3887,-0.906202080522605,-1.53996790741142,-0.748536540795669
3888,1.3621222592691822,-0.8030621592939903,0.9240788548397326
3889,-0.7805722740606384,-0.0428181001017432,0.1539771070912464
3890,1.308485351024982,0.8007366926602181,2.112281202485545
3891,-0.429715633129849,1.1779410207623495,-1.5458155113107472
3892,-0.4199208624772079,-1.9412381910713887,-0.422588681960724
3893,-3.247922723745487,-3.597307143108705,0.2526253861921946
3894,0.973907271787168,0.7494275144769966,0.4060656494589268
3895,1.984095008424247,1.5074458120421976,0.7165586217286166
3896,0.7944689455749693,-0.7549190053586248,-0.8407158254820459
3897,0.3500806955312322,-0.0929240580075422,0.5710756963572259
3898,1.1036751465153691,1.4167770464942024,-0.985818487062058
3899,0.3452419288263989,-0.6257812829558089,0.6877583480688028
3900,-2.126726155190239,-2.5989533876869526,-2.384798047357279
3901,0.8972645495679907,-0.249385239242984,0.581694883577682
3902,0.6783392752488127,1.846494385866871,2.593172844801544
3903,-1.6940597293451385,-2.487292718864886,-1.541005429602271
3904,1.082643698302364,0.9666956347479954,0.8037426322761245
3905,-1.0143494672619178,0.5790228881896557,-0.8828240143287138
3906,1.8018493181961563,1.574622353877026,1.3237398523498447
3907,-2.866718233665044,-3.069023473020705,-3.1877105232506384
3908,-1.5378582171970976,-2.5277983617307536,-1.0947560730816324
3909,-1.5311018939772882,0.3779966825312842,0.0035570439299406
3910,-0.2463717875389982,-0.9044584649279046,-1.3830773727235126
3911,1.4248497739728123,2.0423478295384325,2.100289420142394
3912,0.4262931794898214,0.7787327324592996,0.4985018043172758
3913,-0.1173275514866221,-0.5850395655152754,0.2133055084252983
3914,1.7429510376228263,2.243580228669737,2.531966131218958
3915,1.1349799501582782,0.3102239308226261,0.7572964965479642
3916,0.5501511594611107,1.8576659440413712,2.42453931229878
3917,-1.810218502258876,0.5179160398982032,0.6492400267172094
3918,-0.3084396561030114,-0.3317046523736457,-0.1526088294611039
3919,-0.5418289119869514,-1.606542251298915,-2.001037859219329
3920,-0.3511874854314968,1.1596215016802534,0.1446461509038087
3921,-2.5202798226152106,-0.8742734994239787,-2.066894662311828
3922,-0.5190979749075486,0.4299429875765451,0.5408298601710201
3923,0.9256742219570524,-0.9160637475646944,0.2397396561984869
3924,3.479344145632995,3.2671156772962417,3.545289025097832
3925,3.637942526006304,3.495391955160779,3.7421901902783983
3926,1.0312786275349168,-0.0608224034178025,0.4903568415753688
3927,2.488565096081063,0.966438894682988,1.5164229045015936
3928,-0.382361327121608,0.4066773833909327,0.6969703856748692
3929,-1.8444700824459133,-0.9068800365929248,-0.7711214544881289
3930,0.27024587589595,0.5698510812445101,0.929568662507213
3931,1.901567300146692,1.3787615143487024,2.1586350798769947
3932,2.1614905429880378,2.4437401113879327,2.310344604941622
3933,-3.0999916039496105,-2.2787171145837384,-3.5866000521380537
3934,-1.5903597160539351,-1.8946263981158875,-1.9028397915201856
3935,-0.6309053481576914,-1.424135905890391,-0.3249925397955883
3936,-1.0759636060237032,-1.0145766163356786,-1.3965525292164016
3937,-0.7470318634047844,-0.68187154030341,-1.0429789352365435
3938,2.039931371155199,1.6483088100724363,2.343150123750869
3939,-1.6410890515197674,1.6309560156412437,-1.4139036528621571
3940,-0.9057647656941988,0.222089379297695,-1.9821662915826816
3941,0.456603163813851,0.1875841536764248,-0.6074948503302962
3942,2.744780743046712,2.31190555357952,2.914454897950832
3943,-2.017863232359084,1.4390679984209682,-1.9867447197922008
3944,2.760239058631704,2.505898824405383,2.301779981513972
3945,-1.2290797869659833,1.9264878432673445,-0.4474412979115229
3946,0.6167030630764057,1.162107318206779,0.9884744898171364
3947,1.7090064171079236,0.8837839763949666,1.4683551962915673
3948,1.4718860946242018,0.7673311130753786,1.4571500072471684
3949,2.939970392456104,2.483839831640644,3.0525798956066543
3950,-2.113472617586085,-1.5472856990524937,-1.3631071543128657
3951,-0.55059539804312,-2.1792972133077995,-2.2745284016655405
3952,-1.1646034465405652,-0.5652078130668012,0.4634923972563062
3953,2.0322605855866924,0.9837152718144642,1.1308432033244364
3954,-1.9101352338689213,-2.4680904754291286,-1.5979765680530194
3955,-0.4038559766013519,1.3823833065737006,-0.163691760820897
3956,2.521844906990785,1.3615718401320185,2.89034620741687
3957,2.661963063914639,1.8626578721281009,0.6632437293353974
3958,-1.4497380381635037,-2.331418205962817,-1.11361671614451
3959,-3.059383866249166,-3.2695923280938826,0.4120515591053382
3960,-2.659101308282245,0.3851113170741113,0.8007430654468402
3961,-1.0599600527212818,-1.6949428523928594,-1.992095556939537
3962,2.5453245020453865,2.200800954954562,1.0825138924610835
3963,1.604076281769384,0.953370491261862,1.7741448296294378
3964,-1.931453143702114,0.6314533838440248,-1.4355586528819972
3965,0.8630409347054899,0.4933984946912051,1.2976132747787474
3966,-0.2526000735780714,0.3482045000931801,-0.4655766358114902
3967,-0.9200722926620876,0.2899282795332388,0.2761404890525352
3968,1.4962783262055737,0.4862796241001777,0.769622156122542
3969,-2.2430701775928545,-1.979633576102488,-2.9099829181073464
3970,-0.7228834296037832,-0.3166026964326409,0.195263849344057
3971,-2.220839359361406,-2.466961612854591,-2.5672549973516534
3972,3.101959421327084,3.0557556829565016,3.2451652018505053
3973,0.050150675820815,0.003573321422898,0.3289701622761086
3974,3.06349273953212,3.099969862850445,3.2682208969211906
3975,1.8385809703961635,0.4500809809197513,-1.022589664665594
3976,0.3973693464017471,0.6645765615113335,-2.6658555695372783
3977,-0.7741730084898881,0.1019266250934015,-3.385446488960874
3978,-3.030102723336383,-3.378110467550691,-3.0398490917209737
3979,-0.1179208051984383,-0.9119473854995928,-2.200058891192045
3980,-0.7034080980451911,-0.8665056161633404,-1.4686367121846529
3981,-0.9983739487962578,1.289435086889675,1.1232994049282408
3982,0.3586172724362618,1.1165539193750489,0.0860420730442847
3983,-1.9646702545584345,0.4755675085828161,-1.6096790759375963
3984,2.1830467261202027,1.42529227395991,2.25993845821412
3985,-0.5154659499967187,-1.9389117028844087,-0.9459487924618268
3986,-1.555411405484335,-1.4953550489765297,-1.490364730568812
3987,1.4382213775044754,1.729829582375382,2.0580945511121644
3988,2.8530710936016783,2.6179142272539506,2.954261027116844
3989,-3.8566105933432806,-0.9686616546685858,-1.1498867352930866
3990,1.070739668586773,1.1133333831069443,1.3197457861459645
3991,-0.4642703417718773,0.100822823771261,1.1404583558324508
3992,-2.38018013076521,-1.8529532581971555,-0.0250205612297785
3993,-0.4302058564196984,-0.6702928398578859,-0.0255846821375014
3994,1.6741758739586767,0.6429511132702176,1.6316831752740537
3995,1.4019221286047214,-1.5466371397420646,-1.47576629453996
3996,-1.036305403770348,-1.6299530127927613,-0.418044516692131
3997,-0.2526315404386179,-0.6701558483888269,-1.3518188223442182
3998,-0.0990005626288368,0.9702975487190986,0.5357104210288386
3999,-0.4534163271119316,-2.2714893983014326,0.0686811393499345
4000,2.7865016488494985,2.7006811526028285,2.405928355085301
4001,-1.9593874644698803,-0.7122315369284853,-2.008011254792045
4002,0.0354521747790282,-0.4251999037785619,-0.3162283290537157
4003,-0.349550318065816,-1.1934397416140714,-0.9062194909682996
4004,-1.3011349232939269,1.1130232348188616,-1.7028331155120513
4005,2.292775499068008,2.070404974702164,1.855572919577872
4006,-1.3433704949807674,-1.2275436214989792,0.9825952232399888
4007,1.2955520156083402,0.840207526513867,0.5898191418917599
4008,-0.9530082224298908,0.4774660916368599,-0.5882682131118203
4009,1.5980270236641625,1.3345417252263043,1.747814073645164
4010,-1.8997291399045595,-0.0871058361938326,0.8257411507199992
4011,-0.7504553470544029,-0.090014253881414,0.4549714556943031
4012,-1.3101793403576398,-2.056249454949263,-1.0169752731481312
4013,-2.7526328637340747,0.1978812228499355,-2.6672109082487205
4014,1.465955399187538,0.2676171452036376,0.130683285714808
4015,-0.6578295773964922,1.837848932211868,0.6692410618149061
4016,-1.2273829610547415,-1.5847890579405022,-1.567740110300581
4017,0.2074191953641742,-0.3767508683165962,-1.0094917646385566
4018,1.99358694246834,0.8793147239382657,-0.1130525233444044
4019,0.2251324259206807,-0.1120926414047617,-0.1908408756606844
4020,2.3121477172319698,2.2702587252977864,2.778846018947528
4021,1.4893435602720606,1.430659217444453,1.84341678769156
4022,1.6901260250731387,0.5881580444957244,0.8552106621367095
4023,1.032227636106033,0.6047978886437777,0.6388138960354589
4024,-1.0869761467930192,-1.2911708736680532,-0.6010586481742914
4025,-0.9282463931499174,-1.1780614533821712,-1.598825839352575
4026,0.2306883713345864,-1.0189649817729023,-0.6268253093270284
4027,-1.3378975380117248,1.6561640063317415,0.8722924856690601
4028,-2.6023472868654016,-2.4629208532375912,-2.1144620482378613
4029,0.5673021042074424,-0.2422681265854979,-0.3678430253024597
4030,-0.9744080011325098,-1.2322488085424106,-1.5777519873250934
4031,-0.2821947587130218,-1.5015945431810578,-1.1369278900637552
4032,0.1794298838329538,2.745521401243701,1.9646113258350824
4033,-0.6799950911933021,-0.7272717987993235,-0.7279476439312925
4034,1.0385464958428745,1.8152298067572816,-0.736722145193906
4035,1.6951504720804078,1.3064058039530213,1.7983907831850805
4036,0.1959684840485292,-0.0882084888207354,1.2690352612512694
4037,0.6346488396491254,0.931224913033048,0.6779890140267104
4038,-1.1601076275077054,-1.7426364835482655,-1.325128094949838
4039,-2.2606041080877337,-2.468235262582404,-2.1395611488578243
4040,-2.597939943297133,-2.6696793293535097,-2.6733760490111185
4041,-0.1622794675966509,-0.1279064471206708,-0.7732433074254701
4042,2.129692915301434,0.6168831590240165,-0.3892406561020548
4043,-0.0284204282554299,-0.1172332561992595,-1.991531514710376
4044,-0.6066785083823871,0.8229777956343418,1.5522376182882252
4045,-1.2734620230221203,-2.3777288685835725,-2.3716410219939044
4046,0.4838075660875031,-0.5935003205491645,-0.2815605525679832
4047,-1.56698418246444,-2.06119914224592,-1.8597024214282727
4048,1.2164911852143372,-0.0513192149124149,-0.0658190631342492
4049,0.1308454833162408,-0.3594970574681097,0.022185039922048
4050,0.2807080227621692,0.3472271221961657,-2.150165155857257
4051,-1.1353967721530145,1.1831603461618665,2.4523621225463703
4052,2.401813190694182,2.1427875822342504,2.908047126469737
4053,3.05119801652394,2.205847552755699,2.0487645962637986
4054,1.725324540034075,1.376895944449308,1.6384954643829088
4055,-1.405624935279851,1.744892352559129,1.5927822614502871
4056,0.4395440722940387,-0.5832784821245117,-0.3396923576138015
4057,-0.1558684727954824,-0.7300103226164967,-0.6308113993559779
4058,-1.4141944282848091,-0.9461015575918076,0.8616791548167695
4059,-1.0174144723625065,-1.0174680643593748,-2.275200447082816
4060,-0.8594266693618458,2.0508836427862662,-1.9597194482112168
4061,0.7306084931345562,0.1607430092553519,0.6727182543938426
4062,-0.5909225393675216,-0.1582243827168544,1.6453267546799757
4063,1.9529043142870488,1.118427220915592,1.5603239834110498
4064,-0.7671831746003706,-1.7248447259303772,-1.234990940086813
4065,-2.337364950936415,-2.607899809476087,-2.341105573983884
4066,-1.4857561347432686,1.4030433245132206,1.995968698013936
4067,0.134847070613519,0.3556621531363967,1.2475134500254554
4068,0.3451675450750531,1.2400252821619964,1.5872723191525389
4069,1.2270900173402055,0.3180214505817249,1.304509188100549
4070,-0.2223108443749407,-1.427632767374697,-1.7297713376392692
4071,-0.8466314724698087,-0.1613982238058283,-0.0072669405459536
4072,-1.0457876980407184,-0.1874909545741749,-0.1050692949532506
4073,0.5716794653773918,-0.4630713466495404,-0.2300391223990959
4074,-1.5255200401517182,-1.8192024373560685,-0.152263425093693
4075,-2.4854732273265423,-2.649261826607237,-2.071255917370028
4076,-2.3315499241157727,-0.0253568346144744,-1.9485046940858148
4077,-0.9408864380565476,-0.9858988211968108,0.2899629713524638
4078,0.510593932844285,0.5459966659669302,0.7036064538622476
4079,2.9192905791564057,2.9889242510089127,3.1507087299761225
4080,-0.925810630871424,-1.940034500741939,-3.2230980749576057
4081,-3.125380935383393,-2.820329880842358,-3.346442514098485
4082,-1.6700536269471788,-1.4801943442602967,-1.5913925738229324
4083,-0.4931348451919267,1.846237496737738,1.2620983747073042
4084,0.376028391842862,0.168048822541974,-1.2497980392923815
4085,-1.7054757527742743,0.5295932417158432,-2.323851625489888
4086,-1.3583923209721964,0.5296274545372289,1.2466253892770354
4087,-0.9266941613152072,0.4349218208514622,0.1776410559547065
4088,3.4257350790148857,3.235513926108343,3.468799048333176
4089,-0.2443295526314698,-2.3258384853637657,-2.4771144969075567
4090,2.3989799440707547,2.125794494199734,2.919056594303453
4091,0.6677194155476638,-0.130469393496215,0.3024949179772234
4092,0.924872946927142,1.5188573858684942,1.263305177976233
4093,2.9754909910450613,2.3921138579489005,2.849688037585292
4094,-2.017786195905834,1.245410242581922,1.0795561605871566
4095,1.1004695858431448,0.4011962635493744,0.0892675789978715
4096,-0.8967955327109343,0.6666766425377959,-3.966230434490702
4097,-0.4675175046812977,-0.6082914822810468,-1.094387141175902
4098,-3.324549200038391,-3.388410456013022,-0.0870759058010862
4099,0.6297830281606658,2.644437261450462,1.7490768559855372
4100,2.388234770368145,2.304550785577453,2.299056106020497
4101,-1.4281827429868466,-1.4744173504564233,-0.8994454200154078
4102,-0.1295973042369342,0.4903327008782489,-0.2493585733603745
4103,1.8150412362682489,0.9752000613890014,1.4757682336243096
4104,-0.8924278353652932,-2.153334925314704,-2.456515944671249
4105,-0.6974621018729579,-1.4923815522325656,-0.7735493108585352
4106,1.306474436442966,1.8628871893254,0.1738942836866317
4107,0.0557270786203878,1.929612563014773,0.3811020881674626
4108,-1.98884856275072,-1.138317786337156,-0.6729377124651947
4109,-1.2008472256523874,-1.9369432510318525,-2.382518222577027
4110,0.5692818122385453,-0.9514457971532264,-1.6487886708437245
4111,2.6621969498522504,-0.2886632060976055,-1.0146665392188583
4112,0.2843642017103118,1.079500984836462,0.4685445700506597
4113,-1.7675097076260424,-2.1228955074754805,0.587145691229629
4114,1.4579680273715736,1.2127648519938234,1.1528163034602743
4115,1.9998042495115689,2.952586183243004,3.3167358135463325
4116,-3.144803594181132,-2.960437137787792,-3.3432786457689536
4117,-0.0105662032941271,-1.8448901525912875,-0.3725785222464922
4118,-2.001687053524537,1.0740599140441276,1.844914905255392
4119,-1.555902433779674,-1.260944520202376,-1.603644052180639
4120,2.129626329473637,1.1294342515730345,1.6861903507648244
4121,3.745915164398373,3.364738363238195,3.826648368548048
4122,-3.0136003953929804,-3.255415999814597,-3.312689039553281
4123,1.5772253156875191,1.1843099341637748,1.1911718498544048
4124,-1.9235616110362144,1.9076491247966545,-0.7634631392868592
4125,-2.517834514701596,2.2025000626261955,-1.5205557206098863
4126,2.272004560757492,1.1233321865880737,1.4533152203649469
4127,-0.1041805620047466,-1.5885186712813857,1.5097624617414231
4128,1.3485094467036658,1.3317645289482254,2.1648001261956336
4129,2.290221623967431,1.971260250386048,1.7520038369599642
4130,-0.1048767800778201,1.7284112111021446,-1.1384067309704933
4131,-0.68255077996727,-2.32656886775078,-2.8263405428764403
4132,-2.5743331116345045,-2.7126145524219134,-2.9403833797571086
4133,0.0495474656787323,-0.606511640731915,-0.9864603871360108
4134,1.1974310868134068,2.009244132501604,-0.2323173380155717
4135,-1.4123762242446771,-0.0925032659350849,1.526699420072973
4136,-0.5226499496061647,-0.6835019954045267,0.5614980494236793
4137,2.771359363594182,1.7321520419824066,0.1633085639010911
4138,-2.6156944950022485,-2.660531821262872,-2.68464674484452
4139,-2.048320725205875,-2.8056468591088835,-2.6967848644460006
4140,2.280508733811919,3.123165856255332,3.313521684080043
4141,-0.0553397174900179,-1.0323763344769976,-1.3215498043986604
4142,-1.9866301479205009,-1.8147818400839728,-1.064239222820714
4143,0.1939789019311822,0.1416434898885324,0.3341357404932826
4144,-0.2166258215070776,-0.3081456741374372,-0.701722469477936
4145,-1.8504484716834029,-1.1164840108943883,-1.621816162988695
4146,-0.8531343553146029,-1.081896884079034,-1.9052256199910047
4147,0.0880256454747192,1.7333706277655132,2.52055371761374
4148,2.1388871665355693,1.3202091848344817,0.8109726222252136
4149,2.3722681835228823,1.0563413795408154,1.1252873205733085
4150,-1.903867345400796,-1.7064392921204536,-1.6756898846637038
4151,-0.4628104862631265,-1.3880741736832465,-1.64088061253956
4152,0.4100789482006337,-0.8898122338414907,0.0062209439090905
4153,1.4746609075059685,0.5712740135170487,0.7742363573075683
4154,2.128274856224103,0.936859477832824,1.917293285187333
4155,-0.5707500946277599,0.6112241646592487,-0.9107929334127718
4156,1.2974194684658522,1.1121586923575513,1.477744319210674
4157,-0.7227000481804069,0.9060545472744448,-0.95517857522356
4158,-0.1902919145847768,-0.7542213073510007,-0.6073695746703067
4159,-0.7537621708547908,-1.8501503596229747,-1.1748627960576763
4160,-1.0829440132438084,-0.696755880076066,-1.8608582292962283
4161,1.9024481264071469,1.5977559907442205,1.546755339008894
4162,-1.4277683334371951,0.0648985956857832,-1.6073098516127258
4163,-2.3888970976131603,-2.5937399680649977,-2.775281382447285
4164,-2.709565714403433,-3.0812326117561084,-3.245529152668298
4165,2.9311834319379835,2.855692763549018,2.508446800920707
4166,-1.318291548737051,-0.7298648692798917,-1.7398102721357511
4167,0.7689957992896375,-0.045812611165971,1.524728967277863
4168,-0.0121970694427546,-0.3044142542842073,-0.3042433990648335
4169,0.775119023191911,0.6989711258893895,-1.2231148147642372
4170,-2.4896657653586747,-2.445835633848352,0.2203142008411689
4171,0.9348714232848154,2.165530317807753,1.6264277037291297
4172,-0.5043016473283752,-0.7370271062426116,-0.5955384573913642
4173,1.2494783340383029,0.7122834167399097,0.7041795903723638
4174,-0.8275803703503506,-1.2655690664641246,-2.0390621570745133
4175,0.1709372318372763,-1.2758427021417504,-0.4353996092538115
4176,-1.1604494574620885,-2.286124668730189,-1.3934048260718048
4177,1.0134528968701575,0.4744040651589601,0.6554749516421374
4178,-0.8728927998660485,-1.14272628491475,-0.8458033369712545
4179,1.2014600821166008,1.4041522296038471,1.1375454760815191
4180,-2.030622643988662,1.4710323827923035,-1.8983644757687288
4181,0.511104317711612,1.5044247034785394,-0.899897241597863
4182,1.068046353948246,2.4946999727681725,1.1199298330018534
4183,-1.755479140887532,-1.4279420588217464,-0.9383498284082132
4184,2.1225245690756243,2.814367951775571,2.223255324214566
4185,-1.1485371448103414,-0.5693467407258004,-2.776862832184209
4186,2.7296125734288794,2.7909990997445875,3.201323200071261
4187,0.0887953299845043,0.9342948236542836,-0.6906667088896639
4188,-0.04259583302355,-0.6279185212457529,-0.5745929890687296
4189,-2.246694120476177,-2.567156006166771,-2.8347908912240825
4190,-2.1621942312349893,-0.7659149838795141,-1.5215572748963615
4191,2.177385641240004,2.220598736659761,1.8693680975879148
4192,-0.2041425114074807,-1.795227184093929,-0.7220996641321538
4193,-2.482044435581612,-2.012181824643858,-1.1992611033573175
4194,-2.2795919178904165,-2.007392757429651,-1.8417062157355488
4195,-0.2821542160895801,-2.875936248455334,-1.9358914460482624
4196,0.1408204436149738,-1.2289702063983363,0.628749968860181
4197,0.0164191387049873,0.5408970696121215,-0.8734877250440161
4198,1.942312961318081,0.4013722019859865,0.860047422930139
4199,2.123410542219966,2.8392147958692515,2.9753987306815497
4200,-1.605145447085853,2.5940211897985783,-0.873268942310983
4201,-0.4021457358277406,0.4990301477745209,-0.1566018735292109
4202,2.875587212969553,2.693632531848733,3.0159821038754133
4203,2.336416363315697,0.3690086039503142,1.5145756050061776
4204,-0.3264947591479338,0.830261047760978,-2.709467977465345
4205,-1.3629015698503395,-2.223010293204035,-2.576742841814045
4206,1.7354786998924023,1.8392429079459247,2.3769920470974384
4207,-3.5137390375867805,-3.1833661043453505,-2.555270622616435
4208,1.8564384489295176,1.2680810900347732,2.298504569170855
4209,-2.590716849702022,-2.7583563928230888,-2.602465228586442
4210,-0.6439308361703036,-1.096026361349581,-0.9323098003556796
4211,-1.3105443805359445,-2.547895702266885,-1.774922475087659
4212,2.796445016849475,2.999518151110403,3.4857296826275443
4213,1.9804596949113304,1.4994329869635818,1.512245635993311
4214,-0.040804579673539,-0.1905747383138307,0.0287719139344684
4215,0.685354276476277,0.6297600684839422,0.8837285956362766
4216,2.657816259697712,2.254036946852558,3.0695237463915013
4217,0.7261748239669744,-1.057193498983983,-0.1358154781751585
4218,-1.0585237934563476,-3.038797826259237,-1.889314196067682
4219,2.3916068653089466,-1.477566542959338,2.3238673187719563
4220,-0.3947757989354343,-1.5618953587496274,-0.7274913180845539
4221,-0.5505566693576579,-0.9236462438786446,-0.927622494046141
4222,0.4955897428088065,1.9808152796769225,-0.7649096801659289
4223,-0.4720279568106481,1.790280322796637,1.9219794592474664
4224,2.451327978114944,2.483649590599088,2.951991328068486
4225,-0.1079325883129423,-0.4343936585108215,-0.8278460445645679
4226,0.0883527254472286,-0.5689365844111538,-0.1443613855866635
4227,-0.4787532914772801,0.1694249480403269,-0.5402854773724163
4228,0.215461830695386,-0.5913704295145682,0.4267840906667536
4229,-0.6412474870292868,-1.326024922926612,-0.525495898371869
4230,-2.533102919330714,-2.4431273413086605,-2.359362546775801
4231,0.6780109014108395,0.9342823345993624,1.2852294455057824
4232,0.4839061977684437,-0.1652468818443264,-0.246918701608895
4233,0.2642912163569176,-0.227236166638938,-0.7675290146670415
4234,-2.3254272296158622,-1.5437187377567898,-3.406256282108922
4235,-1.912225511496167,-2.062304961583508,-2.014719141067915
4236,0.2808025964861095,0.0261434182890408,-0.2765796670053374
4237,0.6653617215158858,1.6162843563238445,1.4355493359613292
4238,1.120492471027151,1.2329584454425515,1.514264521307365
4239,3.520527302616129,3.501879743084197,3.7695278601167286
4240,-1.1228592121276717,-0.1346299908186852,-1.3114074488894716
4241,-0.3859199710144402,-0.5189076761757443,-0.7952865959089184
4242,0.0165174885204657,1.3747895688639789,1.5392396776386317
4243,-0.1219968365524371,0.8966292430786464,0.3684913574468006
4244,1.9224054910390849,2.177363270268834,2.143681191906802
4245,0.7205450892805565,0.5465883330800929,0.2156062550859279
4246,-2.6478343804028137,0.8537132899962002,0.0572464001824078
4247,-0.6646173268669617,-1.3282070734836122,-1.9947585900964933
4248,2.356831519090711,1.3783468045589975,1.6657200366945144
4249,-2.2808402672486605,-2.049817583409233,-3.0646176901635065
4250,-0.5353083532875829,-1.2040232561176232,-0.9152402268523284
4251,-0.7743959822734523,1.8729121431306528,0.3433466796998183
4252,0.7291093630666113,-0.1430841019553527,0.2111697568649431
4253,0.1082980837581543,-0.4942241821203856,-0.309452517310203
4254,-1.2004152853200627,-1.2447543658024625,1.0939019821323446
4255,-1.1839053856793291,0.2257978901681408,1.446202863215045
4256,-0.3373193719373183,0.7609855716700921,-0.1393445213283745
4257,-1.7245594941323097,0.8518481723575273,-1.94124850921333
4258,-1.3401954587874196,-0.4985384310149984,-1.6130868595021384
4259,1.7758482175012746,0.5297456982435318,0.3669698216969242
4260,-1.332933000629034,-1.3269942463953308,-0.3070781118741756
4261,-1.1130388154672288,-1.0979558647222256,-0.3928233407504276
4262,2.166812152655597,0.8639323712939124,1.71351660591131
4263,-0.938226701701666,-0.7398212160414885,-1.5512097144622583
4264,1.034214787627867,-0.1868910691837692,0.416310084245803
4265,-0.8112567971124063,0.2056067221812276,-0.4373810113537293
4266,0.8481557618510276,-0.1011527278463676,-1.529362609605006
4267,0.4705250067893007,0.0776914070166235,0.5317338383236677
4268,-0.7540217273154253,0.2573408216592324,-1.5491767530041602
4269,-0.6014833078096539,-0.8243918684093532,-1.62502727994348
4270,-2.1610902027608763,-1.9427952501998529,-1.5266550540701906
4271,0.3487337825209666,-0.3435382557594283,-0.2756524989465782
4272,1.4972731978682043,1.220181056111418,1.4978649879538484
4273,0.1667117126064448,-1.230798233868759,-1.5962861735009315
4274,-0.7421000665601643,0.2590593212452169,-1.943402446375103
4275,-1.805743688229401,1.4746225972583036,1.602447340579168
4276,2.756296962309874,2.698305750836258,3.157605880767277
4277,2.9784959057517786,2.708468111844029,3.2248889102160767
4278,2.3892419340709967,2.3736909132549644,2.767097962192469
4279,-1.5516078927533965,-0.8659785348186531,-2.533543982196728
4280,0.6309534960945669,-0.891733616096243,1.1838489548926938
4281,-2.328412492198189,-0.7401303047406311,-0.9201262226719736
4282,2.656928587108711,2.3585474037564604,2.35378036933874
4283,-0.4792967359142697,-1.0366979796528264,-1.3148893779900266
4284,-0.2767046457376539,-0.1864023844933308,-0.2775029346190883
4285,2.087583858974092,2.416445653153614,2.724469396121428
4286,1.3507635497432875,1.037404953859901,-0.6865661210394464
4287,0.7735265665051512,0.8122065902448485,0.9827568514895972
4288,-2.060906947568556,-1.6526904386340695,-1.8246265938345296
4289,0.0304145910213224,-0.3176677026106473,0.048158274305555
4290,0.1972717603082879,0.3380959151700311,1.0259387517520926
4291,-1.841490065056715,-2.947435718773848,-2.47531299380293
4292,0.1659847428545276,-0.4856160941863774,-2.7425808030250254
4293,-1.4411161334214868,2.349951320609656,2.5621342145444435
4294,-0.1966119691810517,0.8581844864667187,1.00604380327851
4295,-0.3679562127366126,-2.403435714911064,-1.4017787531510777
4296,0.8944182417412256,1.0012665936841325,1.732884671594069
4297,-1.8095043939685385,-1.6459053487452042,-0.209300472771026
4298,0.1762198182620495,0.7263028599125272,0.8297503956594761
4299,-0.195527151316913,-0.3787233895717594,-0.1166310160354779
4300,2.3427159682393257,1.943556138023311,2.4646205526753526
4301,-1.3282284596409684,-2.0672225519319483,-1.804053862601893
4302,-0.9665634325372344,-2.3016015123395146,-2.093725267512855
4303,-0.5196325393906038,-0.3917485277138282,-0.8891639632417896
4304,-0.9268937792117992,-2.164632044993523,-3.0480678423599694
4305,2.2364547648321262,2.44540582130679,1.4599878689015957
4306,0.8655096082493041,0.5841736269096129,1.0842695581998112
4307,-2.312505885269811,0.707484263758889,0.9100294388037102
4308,-0.0065012603902733,-1.2166521853620702,-1.022106722106659
4309,-0.3644664710810817,-0.8447986140680894,-0.6438067971475656
4310,0.3939214234400185,-1.6704105832316043,-1.0043490262360897
4311,-0.5111730669208017,-1.1454033295684427,-1.0968981327664151
4312,-0.3537582780241137,0.0251532791058372,-0.8545157643096003
4313,0.025202356224351,0.7965964071550113,-0.5669089895066222
4314,2.821736369457473,2.544297728913823,3.174749972712973
4315,-0.5779673505947205,0.2530554265734961,0.0359165498994066
4316,3.5481170439963123,3.2718760549376222,3.1362595707889267
4317,0.7257516504512362,0.3565644539091501,1.3508909442154102
4318,1.9377316420969977,2.05317092754129,1.4458320415113537
4319,-1.1472183194684666,2.3209886470328693,-1.1261355643388251
4320,0.8707637135386059,0.6557400845257266,0.7690193074841334
4321,1.2151976336498267,-0.3185659216865995,0.5433668858996968
4322,1.842416141750853,1.40636003227205,1.9554640392459808
4323,2.5588660416939324,2.3021316934848786,2.8514591157746185
4324,-0.4371558299089417,-1.0833754533228972,-0.5547794522077741
4325,-2.11924812855218,0.9915610796677872,-0.0567321290617167
4326,-0.5634976711726529,0.9884734642772084,0.3815659117324761
4327,-2.4064265849771296,-3.24103637802763,-3.049170839703404
4328,-0.3932726736513173,0.429337989572254,-0.0152468351085754
4329,-1.0480555736545345,-1.0479783200535444,0.655308398532604
4330,-0.595136319360116,-1.90841730734778,-1.4090022038216732
4331,-0.8321090297328344,0.0946775486945712,-0.6058163532134236
4332,-1.173884517399805,-1.5959970385915667,-1.1664096288014871
4333,-0.2928070390175314,0.2669499984101686,-0.6755533368532363
4334,-0.5983857807195131,-2.7321083954432903,-2.641975211680007
4335,2.671330612017801,2.3181257575162206,3.231490712550628
4336,2.240260011258408,1.285474909697777,2.394778934911362
4337,-2.400451335470088,-3.567943645521836,-2.6797438146356147
4338,2.278770653035149,2.7504764177635184,1.0244471400454969
4339,2.16669331257232,2.2010742751760564,2.5823581631089607
4340,-2.980937719465496,-3.1759628763411936,-3.3842768168444737
4341,-1.8626725751233368,0.533080740641929,-2.426687894295548
4342,-0.7932026067034152,-0.9510042755954936,-1.4177000105856885
4343,0.942299860907106,1.4655197549376997,1.7839013314311496
4344,-1.601391703786852,-1.518031769979785,-1.9580673430286657
4345,1.3814130819913366,-0.702871984729394,-0.2637459646293555
4346,2.5432129702478705,2.556848937597829,3.006060742870662
4347,2.1130882742449857,1.978636033331184,2.316377714292187
4348,-1.1874097105584531,-0.7026986778206448,-0.5224957001956866
4349,2.885443649394917,1.5631147374845065,3.110019696201617
4350,-1.4917511240490076,-0.7645961585376395,-2.0755509342780933
4351,-0.4727853573618694,-0.8683700043216044,-2.820679219332859
4352,-0.4815119069055037,1.4974856015146027,0.9327257442087556
4353,0.4710161968163371,-1.1260533038880165,-0.6952109165569762
4354,1.927512146660036,2.6663125349809618,0.4994683814769184
4355,-0.7946441584409758,-1.9546715348221264,-1.5510656023443643
4356,2.943694373385523,2.591061414030455,2.731153029098195
4357,-2.202202826867293,-1.558520134788379,0.0641133782707705
4358,2.94785267362669,2.342204668472225,-0.4085081426563106
4359,-0.7630029365358311,-0.7590466814714152,-1.827398285033916
4360,1.3940721086833716,0.7568905535873836,1.6214692201842045
4361,1.3721018276425925,0.5316530816399202,0.6156384899548824
4362,-0.4414470030546095,-0.1175810926887573,-1.1191328555143722
4363,-0.0764717660634989,2.1546525955248703,-0.627514118975476
4364,-0.7721051577891239,1.281165817189411,-2.555779625842878
4365,-0.2423252217289505,-1.2586017511217182,-0.6304474052917949
4366,1.9936080321323943,1.2274312826515048,1.0249527839402337
4367,-0.6756871394329975,2.000608295400997,-1.6894048352418316
4368,-1.8025552840588075,-0.8940170333711888,-1.3031241592198226
4369,-0.0859819338650153,-0.1772349124305361,-0.7241331127767057
4370,-2.256060836440198,-1.893036926227344,-0.7523669488238782
4371,0.9741167399210956,0.8162148045243864,1.4667123729156355
4372,-0.2219903776878779,-1.6434445900000474,-1.845581310444884
4373,-1.3410694383440038,-1.296224390141791,-0.9433525303794106
4374,-1.682763046840052,-1.1170364632566006,-0.735486643626208
4375,2.684413590883924,2.908817686616701,3.0545129828918576
4376,-2.371811478844557,-2.517958344510576,-2.266146203742738
4377,-1.853471845913342,1.0344402578968683,1.0003432751557924
4378,-0.6374169651667188,-0.8364026392323298,-0.6930744114738066
4379,-0.4621605480912895,-1.2464669388205147,1.1338902580972776
4380,0.0462243047771546,0.8763956281166065,0.8275092410615077
4381,-0.9823912150270926,0.823161744134016,0.9385580501814378
4382,-0.4987679962442153,-1.7645126135529112,-1.159552128433304
4383,-1.3410334329744724,-1.5436168353381607,-2.094157339937465
4384,0.8583063930028318,0.9045270297471764,-0.6016878805465683
4385,-2.621630914912229,-2.7774560375128674,-2.742005914923878
4386,-0.1447521094787894,-2.6695503270676566,-0.6931352864238467
4387,-1.5207764398223178,-1.3968884518356557,-1.074539689953258
4388,-0.9930672747235724,-1.0661113914384637,-1.468537713408844
4389,1.7954988935300418,2.8814743329297228,1.4536957420060932
4390,0.3163698164621991,0.8249667722445619,0.92223260426183
4391,-2.6030679255382587,-2.6525884056536584,-2.813828040781932
4392,-1.246039338369443,-1.5791615402539316,-2.10768446778256
4393,1.7875707311017637,1.1475395813649547,1.6732511350665376
4394,0.320640082935522,-0.566617336998132,-0.756121343756849
4395,-0.3892884791041232,0.1472453618685533,0.4683687820534825
4396,-1.3478468687047631,-1.6907231792189312,-0.9989295355527824
4397,2.662581930061324,2.6217509677229054,3.0085871867409075
4398,3.517739811181374,2.6635567176520096,2.976435228586604
4399,1.7788525290461572,2.2081658103883246,2.042715352269559
4400,-0.8517719065612106,-0.0531016670803932,-1.1271759693534564
4401,-0.4334857508151143,-0.9054248389009892,-1.1030368841785636
4402,0.2907234310093439,-0.0819304527419352,-0.7397564274281643
4403,-0.8941140443129487,-1.4224146918943974,-0.7220158767182587
4404,-0.3611724810775801,0.5207489736250649,-1.2154545394412302
4405,2.55565304075004,2.450426635787988,2.750842681952423
4406,2.1330257262542345,1.9310264274894409,2.301153899658869
4407,-0.4229522450433326,0.0942484076038197,0.0659945186996609
4408,-0.8456317854138033,0.976780317758235,0.5535598029364623
4409,-0.0859246982119375,0.5537712284364418,-1.6395706383744766
4410,2.1908040056150293,1.2621229277729713,1.7672819873461745
4411,1.151457820090117,0.1646155887204487,0.8707892803627999
4412,2.3090862047948213,1.8811844389628656,2.299240540346704
4413,0.9295558256133406,0.1948179268903218,0.2251053814552347
4414,-1.2603570952986352,-2.325646067899983,-1.99304854869835
4415,0.2573338446791562,-1.933797437766024,-0.5675139920432228
4416,0.9341923809234564,-0.3321186213857889,-0.8250871340752992
4417,-0.7877277960974698,0.0416268818174262,0.3695764703794363
4418,-0.4988204755052974,-1.1705881638130828,-1.4351161869011146
4419,-1.713882126765511,-2.628705103173751,-1.2767859592639057
4420,-1.8454724474544104,-2.0874374413862387,-2.045100891485302
4421,0.6036856946474137,-0.2059047059079126,-0.0569999251098387
4422,0.7631793777520004,0.2262718904844788,0.0497828738986934
4423,-1.9421549735238093,-1.9953944279289213,-1.8995910356444643
4424,-0.2214121546426217,0.5238236457571229,-0.7432723023387866
4425,0.0198675587424361,-0.8466293636954498,-0.7063924405973356
4426,-0.269252990471757,-0.452464550720876,0.1151732029693574
4427,1.3468743991294865,-1.3884310062597975,-0.5649249510610264
4428,2.0906039395277127,0.9768519721339431,1.2327138526275068
4429,2.056186056532118,0.943813170937332,0.854445420089569
4430,-3.031235181968245,-2.847800774415132,0.6742291431478309
4431,-1.2274148431098917,1.577417989850009,1.6299495994407565
4432,-1.6951844631226036,2.126126855350224,-0.2361910661691865
4433,-0.3203838318926778,-0.7178756581714072,-0.554762556995527
4434,-0.3638596996149966,0.1384718238117157,0.8966844640521181
4435,-1.655375177920822,-1.8849446963080925,-2.7767829359811587
4436,-2.500111062013353,-2.109515749150074,0.9856245149917476
4437,3.169952076448793,2.926859496542477,2.4095946428768245
4438,3.280775196087709,3.177040688206254,3.170259063572148
4439,1.2953736130787252,0.849401462101853,1.3029169447119813
4440,0.815848264765989,2.5938586364626564,1.0987831559572003
4441,-2.077331075642252,-1.5792186367464796,-2.04051070940025
4442,-1.3755384095320384,-0.4993432639070907,-2.114123568690676
4443,2.276497401907033,2.119958866577442,0.8285682514722261
4444,-0.7601501429668783,-1.5142653656959255,-0.4497804221721923
4445,1.5473990575584335,1.0581264971220004,0.3136985676967219
4446,0.8576531308953943,-0.3889567808675185,-0.455373540713562
4447,0.7294547568469083,2.8225816803409565,3.084256582558956
4448,-1.9053621565187235,-1.4457154838148685,1.061731626243232
4449,2.3874418869563376,1.417017758833606,1.77546433275599
4450,0.7105147723037261,1.228190438038249,1.211432096175721
4451,-2.2268063822410427,-2.549223702115888,-2.09244669814752
4452,1.2012215072645516,-1.7988292303979398,-1.4501731496863293
4453,0.852336132006918,2.659572089500707,-0.6818039961361073
4454,0.5899598861002232,-1.3966585240443798,-0.7413619781343977
4455,-2.1862984534888943,0.1656467737198235,0.5902482674628927
4456,1.4256581920006304,-0.2788056218249877,-0.6311012283352662
4457,0.3998548933318229,-0.3689084120750652,-0.3660051025199521
4458,1.1882956992140403,1.5008262014551077,1.776957672784066
4459,-1.3913886277303604,-0.0600471608829848,0.0513740081849152
4460,-1.2172806586155118,0.1715594277027688,-2.0531800957876487
4461,0.0819470324693182,-2.8472925185622664,-1.7743246937761172
4462,-2.347415452739199,-1.838793174917596,-2.992492957208801
4463,-0.9270697969629812,-0.230848360390437,-1.1231114725621525
4464,3.57885406007379,3.4342889846063405,3.825010622386432
4465,-0.1296399436365634,0.9298604522449124,-0.4615257606218915
4466,1.866717999450197,1.5804194782823875,2.152132172391095
4467,-3.929748378911556,-3.249623409224088,1.7342832006927336
4468,-0.7011412128727808,1.8426896436283424,0.0024067599842126
4469,0.3550827133059244,-0.233662554813143,-2.313392119896922
4470,-0.1017161626537262,0.5362675972843622,0.6718416306830183
4471,1.6150574063073748,0.3269760646726861,2.295702081421529
4472,1.69136891250993,0.2944788716236375,-0.2482747282168548
4473,-1.5409942275815345,-0.3026869990420631,-1.473253767886434
4474,2.705745205007031,2.649103381014196,3.1013522299994647
4475,1.1692159461716711,1.2028633618201323,-0.0590919719225916
4476,2.643535907754453,2.1172651347386453,-0.22710596960099
4477,0.771517345704186,0.6629967446700695,1.002046120564059
4478,0.4156050374839031,0.9339971534993048,1.9223779141567725
4479,2.2956786736871093,2.080118337000284,2.4687944039436647
4480,1.313033309786565,1.7097743531296818,0.8010387004471275
4481,-0.1719872008483914,-0.2932644762109841,-1.16911651435087
4482,-0.4324579643387666,0.554532521022775,1.3652478765153078
4483,-1.5197744787830487,-1.3725191054017971,-1.3733546787771664
4484,-1.8639886863600577,-1.3606302808017896,-1.8374338519118136
4485,2.285683604740761,3.0231797149175903,3.439599170543267
4486,-0.6694640046773289,1.6776782030218105,2.0657940803210137
4487,-0.5076391012250913,-1.1086308781331098,-1.3440016429294626
4488,1.996611244458427,1.6407380317390976,2.0008771976576027
4489,1.427185921128653,1.1310195177913605,1.5804244709837263
4490,0.7378018419977859,0.659295768459,-1.5476895640530974
4491,-0.359628223819897,-1.6844073106813984,0.2524823398560295
4492,0.7700825432018186,0.6483969976153772,0.4370839997985078
4493,0.9494037465989608,0.991044980463948,0.2308045654363524
4494,-1.3557208785514434,-3.288375580218187,-2.139256718241995
4495,0.6201029430761056,0.3325319139448018,0.00183696598486
4496,-1.4454561151591356,-1.4423570634097511,-1.0024250577350642
4497,2.8775875443382706,3.3286061142744376,3.5926020612327125
4498,1.021467797880329,0.0600548495181899,0.2686015373807556
4499,0.4220400886049095,0.3722243392507912,0.1952167115514529
4500,-1.449845040534827,-2.230160298518035,-1.0884951247156482
4501,-1.0429728991566851,-1.5926273626149243,-0.4609419529767395
4502,3.2733478435741823,3.14949619401887,3.3078976018592594
4503,1.4424640839289369,1.2550434062388338,1.840231505565768
4504,-1.2138053563632898,0.0681604423385448,-0.4677219750714464
4505,1.6367074326696314,1.1659515065912311,2.0459455983187222
4506,1.1863796064354593,0.5534697897676969,1.4325946612005602
4507,1.7824083222107734,-0.0287520183193877,-0.9244783289125812
4508,0.5410773189322563,-0.1886446111833813,0.0238853715079512
4509,0.4921285118663351,-0.4878680794079519,-0.5919164189287094
4510,1.1855765511286085,-0.3891854584729789,-0.7813816496775919
4511,-1.4551909471448496,-1.077339680585011,-2.609542093260992
4512,-0.1311953313877829,0.0660776063849518,-0.7268032185157606
4513,-2.205450056877582,-2.233493327569964,-2.072825021155357
4514,0.0987102823760634,0.5689840870753742,1.4968664933568805
4515,0.3072725077052308,-0.2900437190045452,-0.3555024501787482
4516,-0.2681025002115927,-0.6334039820826951,-1.1789526768083989
4517,1.841667005665832,0.3328370045536649,1.564408629934012
4518,2.2687744331619832,3.0878563495166897,2.6763023096094383
4519,2.240062322301355,1.807036472143536,-0.127578623622372
4520,-2.390375574278292,-1.4352093080495802,-1.3742645925866563
4521,-1.0778983911918536,-1.4535278609321625,-0.7949341624015809
4522,-0.9247290990656104,-1.3069187223293488,-0.7424063996773055
4523,2.6054749315882137,2.474548450659169,2.917830506051721
4524,-1.756923951844238,1.237576694181091,1.7669492326476746
4525,1.3997481499839797,0.1607655273998307,0.9849543411279882
4526,1.357260472830235,2.17050326030737,2.1553614353041
4527,1.362928062644453,0.5405957792890126,0.6514573683318351
4528,2.2581544347220404,2.09389914351311,2.477134038109253
4529,-0.5512185829807502,-0.3193944019784874,-0.9104268019812478
4530,-0.8264285133302852,0.2677295407132393,1.1449313965448895
4531,-0.8755299959276175,-1.1054950997800237,-1.0983468316424612
4532,-0.5091522354167917,-1.165420155041156,0.299356948314272
4533,0.9668332679613908,-0.3035318915559524,-2.664889981448566
4534,-1.226756868331783,-2.3102448280023147,-2.4113009620360337
4535,-3.42978741095292,-3.626042286824037,-3.459741895514429
4536,-1.3983306929527477,-2.649158552099991,-2.675554506593533
4537,2.253381059478041,2.0259275288795884,2.8637339201050915
4538,-0.2633456646528924,1.2481069413948769,1.0698050308182154
4539,-0.429715633129849,-0.4011522183850194,-2.686363944482166
4540,0.921010143960208,1.015467390532255,1.27034379842731
4541,0.8287929445233162,-0.7527793428817483,2.0173043799156
4542,-0.5273357580007045,-1.7754390970207723,-1.6121439138107825
4543,0.3941418143812683,0.4345142881321575,-0.0610913467415361
4544,-0.3169225771862995,0.4910774449736267,-1.1346118725873635
4545,-0.4724305347729299,1.0824972661668115,1.6045103684319262
4546,-1.5162727149711792,-1.0559396488549493,-2.8791215319575723
4547,-1.9114673202667385,-1.8670897637964496,-1.1122696349054806
4548,-0.5195573842949555,-1.877161870507127,-1.26636533832939
4549,-0.667185393357153,-1.675513968209024,-2.7935104481469515
4550,0.5355921964214916,2.3570707847010324,1.5052813714187427
4551,1.0344440504574268,-0.3494840520363573,0.9820281177143791
4552,-0.0507872404876002,-0.1872542167611282,0.8667555716508614
4553,0.6576161731683893,0.8071643945945397,0.6528838523440094
4554,-0.5872664467972404,-1.6953886525084223,-1.0511720808123328
4555,-0.766226844021598,0.85069938459149,0.6734322394362252
4556,-0.3821401553092096,-0.9752543618420296,-2.466592405060587
4557,2.706992288356236,2.653057736995624,2.780837168606445
4558,1.2706577074113887,-0.3536513206376351,-0.7441582448084023
4559,-0.5669614024193863,-1.4443502517272864,-0.3821575224925918
4560,-1.6989962593593393,-3.1619233022021347,-2.79455139284416
4561,-0.8669765894903354,-1.5126725872001163,0.8259064790133139
4562,-0.5775905522587892,-1.1352246009231337,-0.8766600352385894
4563,0.6266549614352022,-0.3234105637713566,-0.4919758741862626
4564,2.310560165579638,2.0186028979312933,0.828210268113992
4565,1.823032899598307,1.9945464646950208,1.240274754826624
4566,0.9450097317613438,1.623981179459669,2.03993470491736
4567,-2.341805219961348,-1.7737346011020276,0.7564776125014223
4568,-1.6565951063658704,0.1712081463572788,-1.3964811274152031
4569,2.006892290762572,2.105965947028158,0.6765218563204991
4570,-1.9521986905569384,-1.6970511777716084,-1.270489281960498
4571,0.4751117598073441,1.037734601048933,-0.160291048986317
4572,-3.0683353055281546,-2.758211229516871,-2.9187757364699807
4573,1.3879804440668666,1.451721363883392,1.8499186277519848
4574,0.4855559527511447,-0.471496851765516,-0.4814194059002429
4575,-0.50624863368117,-0.0759029221240931,0.6836945359415288
4576,2.213752476370509,1.8941854098754864,1.96014526744434
4577,0.2344914679455081,0.0772689984579093,-0.0948638855380366
4578,-2.6567494062912407,-1.574448212802556,-2.223688704698456
4579,-0.9833862783411174,-0.7645187419068327,-0.4906025580648877
4580,0.6670519826256006,1.2303613990068722,1.1933593036267405
4581,0.6521191572952136,0.6289260752969992,1.383206623231553
4582,1.4045860472285716,1.0004620092473748,2.0205654949941083
4583,-1.3705200461461713,-1.208704577353652,1.097419420455145
4584,0.1463903002233884,-0.164085014865792,0.5813179605772889
4585,1.2448353959176166,2.5346565534279963,2.134478519657628
4586,0.2816416023650567,0.6777869184107161,0.4344009730228725
4587,0.4963929475162215,1.871534885938361,-0.5165586040983673
4588,-0.123096183466244,0.5126841984726547,1.188151012388364
4589,0.2323131300891575,-0.3503299185984544,0.9773806334654094
4590,-1.4332621021433678,1.5436606506652906,-1.3966929971771511
4591,-0.16785563170634,-1.1670676379981326,-0.9323333277167176
4592,2.27479353071904,2.395501886507322,0.9462328463339116
4593,-2.47935520997328,-2.5777674489258464,-2.683928200316363
4594,0.869900731358788,1.895888317372448,2.309699282696969
4595,2.289084391960492,2.14826355347389,2.216183296954479
4596,1.6257065653701055,0.930117424011317,1.2664113412374578
4597,-2.1696963657801533,1.233870265366014,2.0025383097692946
4598,2.0307151625447726,1.8783826156299503,2.3748490412239853
4599,-2.337012863734132,0.0474376550708643,-2.083403041950691
4600,-0.8993683411006934,0.7761494534477382,0.777149334753837
4601,-1.2066135803350997,-1.2029116691405664,-1.2888885098844305
4602,-0.3806067706116444,-1.3625266508194138,0.6609365415431678
4603,3.0637021113760725,3.3067626565986084,-0.1342147241528179
4604,-1.6207655877656826,-1.444260837749624,-1.25929641894351
4605,0.8728938724966968,-1.189120403227796,0.3619772745360619
4606,2.7980087331052954,2.320286786112673,3.233796547079822
4607,-1.90055309893696,-2.154414447466618,-1.1086057106456244
4608,1.4621571056304357,2.4916231896601686,2.215631268289755
4609,-0.7137945176839364,-0.9310015234864252,-0.6687820451094639
4610,0.4461198368864632,-0.1873592907604642,-0.6287939173136488
4611,1.529132507597561,2.338577177367533,2.1766269364291184
4612,2.520742378847917,3.3377948824282235,0.7763475949428924
4613,-0.0116504556581827,1.31993876650166,2.473202893054569
4614,1.9459843573720992,0.7975014088157864,1.4571055020342891
4615,1.269773835855479,1.084484859216256,-0.9933665411631668
4616,0.66230774686671,-1.3991124074888313,-0.2485764331618203
4617,-1.3207281501789676,-1.7398399520061754,-1.0365138897932002
4618,-2.1016228686817806,-2.039554373743707,-2.1989823370432964
4619,0.9772588866675797,-0.3648850381816689,-0.1441610882803747
4620,0.0595140244543048,-0.8803795020637598,-0.7705588708711129
4621,-2.7591720706914,-2.854882952070924,-3.032000814197944
4622,-2.7262542382039494,-2.477119795294493,-1.0266502920238283
4623,-1.0360848268761125,0.2175690291343131,0.6681243636920715
4624,0.9855111770384102,0.0645807881676124,0.097119294590912
4625,-1.3544031751897254,-1.6435254937620962,-1.7405660561659182
4626,-0.1797563133732749,-0.1545038227792418,0.417848938386323
4627,1.0389256851086694,2.5715363672915896,-0.3274809139138257
4628,1.5565375955263712,0.8141125369661395,1.355371161104994
4629,1.1827351713664496,1.2222787083117908,-0.2930746841304843
4630,-0.9317859122803638,-1.9356098399479416,-1.942502787372361
4631,0.6669822459271506,1.1783225046217545,1.3616786090871928
4632,-1.1098221323479014,-1.3265525312518698,-0.0710373944814306
4633,-0.0514962282471897,1.888004345746595,1.1161647859690118
4634,-0.7413394978065643,-0.3635910744108068,-1.6328545554631413
4635,3.1366080005115795,2.54704371073844,3.2445499474239656
4636,-1.4980098059625238,-0.8639983283478889,-1.089965385150803
4637,0.803144134407449,-2.367406706868971,-1.8001502930262925
4638,2.2208616990232417,2.52575201583348,3.0086230461009067
4639,1.4903028078490337,0.527438016922258,2.3704776059564985
4640,-1.666573468054726,-0.8463169322854542,-1.2230678395572836
4641,0.0916539951593224,-1.2030958820395894,-1.180382163378907
4642,-0.4161968640957514,-1.5466047437066963,-1.1701293311343914
4643,-1.0573099650495257,-2.547491303941893,-1.6234521939022664
4644,2.1059054286952543,2.340145601318836,2.5692554215633576
4645,-0.2073164686060939,-0.1297398932948359,3.0887297487363865
4646,-2.2557912172619687,-1.279786046860852,-2.1245193658514427
4647,1.877899557742277,1.3671953537106625,1.8521270037535609
4648,-1.698696748667983,-1.74827605447328,-0.9835716543958832
4649,1.995997961816634,1.9160624639520345,2.3675938305492177
4650,-0.8449219907924603,-1.277029729711217,-0.5272493806055866
4651,0.7349432967415869,1.7782677281491133,0.6975186917551817
4652,-0.1704030205435997,-1.3403288751515854,-0.9313400018740629
4653,-0.7439918196005455,-1.5045037360652291,-2.022838874732147
4654,-2.066071250644848,-0.8013580407820533,-0.5309876450833452
4655,0.2782434440579182,-0.3821401553092096,-0.8452033099083576
4656,2.134713789581305,2.1231253457196257,2.276839354363748
4657,0.2106640963297144,-0.4009317256017068,-0.0007005635605904
4658,3.461324648343048,3.55104890281002,2.440423808698344
4659,-1.9648784117988736,-2.653795153893656,-2.064666893370786
4660,-0.1121253693525284,0.0114218233007431,-0.6127787178195461
4661,-1.932060601611571,-2.924042440690076,-2.488236255514608
4662,0.3546790285881829,2.23374833196819,-0.0385237480468312
4663,-0.9644592240693048,-1.5517389049169288,-2.270635026300414
4664,0.828205522153973,0.298080618343316,0.3964495890170535
4665,0.7735904835656362,-1.1271209774746422,0.6547127406958522
4666,0.8008772454655283,1.1606082656147905,1.8302439640350368
4667,-1.7678384798958449,-1.5491750224165324,-1.3633537867146135
4668,0.8180757176854107,0.4296004114539025,-0.89448203417435
4669,-1.5596106026767087,0.1714881856952013,-0.9946457364545828
4670,-1.6380482316752851,-0.1966318125559119,0.2163326516151909
4671,0.088636315300384,0.1205516536187306,0.674318808780813
4672,2.1275353324550843,1.6920977009538851,1.5559128715236312
4673,0.6297531301200974,-0.3161502283059366,-0.3699690351424072
4674,-1.4937570999045804,-1.2303307448724825,-1.540558632171013
4675,2.9722235786019966,2.727678279638868,3.2702678833798013
4676,0.2894429725202989,-0.2983535458096474,-1.2130167633335052
4677,0.3608097845852505,-1.859586237975336,-0.7667340732314945
4678,-0.1626477721334103,-2.192474572442515,-1.189064264975709
4679,-1.1259310138928027,-0.5267875155602646,0.7578613554022136
4680,2.080420018796187,1.4272486276804512,2.1636368356948044
4681,0.146153680060464,-1.1327475258471458,-1.8105856202209345
4682,1.664338560771262,1.3634645864393522,2.307774939644806
4683,-0.394883406133673,1.4404284853493252,1.569308413479503
4684,-0.303052230419999,-0.5192738259838214,-2.315305128643535
4685,-1.2186959353128055,-0.5841904758656384,-0.5986984272774929
4686,2.5089358296159587,2.308576420559731,2.8855388761173653
4687,1.3115248738922831,1.4219868548010144,1.7648901914082935
4688,-0.4599798464158438,1.7964443199064977,0.4884233304766933
4689,-2.087437192057315,-2.423476731516712,-1.344402716724857
4690,-0.127799574164696,-0.3639144926991949,-0.1676525268737865
4691,2.458606081138749,2.232157743185448,-1.4998588627498086
4692,1.2588738283094003,2.191532981707508,2.6178923091026305
4693,-2.499714067352244,-1.9830568508625588,1.7116001597487034
4694,0.7584277446907888,0.4501391576838909,0.1533624412651468
4695,1.4675843491215617,1.5025935669106285,1.6207099592560954
4696,2.016862860528557,1.5398744216128215,1.90926807676091
4697,2.314527648178276,1.9016567753239075,2.215169268701392
4698,2.947137387068117,2.755041845655593,3.0511081385250134
4699,-0.8135142443985606,-1.7141272840745565,-1.6603035312988714
4700,0.967150098587824,-0.0458025617543016,1.032118840931902
4701,1.2662156167419387,0.7501240723130643,1.0913247725031296
4702,-1.0194591870210357,-1.5477679779995992,-0.5378915907093713
4703,-0.9486098800644032,-0.5053179511412547,1.3887847020250592
4704,1.1896258690219434,0.465564763792452,0.1482612956328969
4705,-1.9404864643664548,-1.7924025367174097,-2.413323060428234
4706,-1.0499235662269395,1.1830733802428268,1.2431716240098123
4707,3.172745368166481,-0.344196489407835,3.343591530575164
4708,-1.6561413463936936,2.451672923001255,2.9574864001222765
4709,0.6132469110893545,0.244568763252775,0.6668808401673557
4710,-0.5392547903927675,-0.7346266188293556,-1.3932672359507252
4711,-0.4534817054221619,1.3282923376337072,1.6644372692652851
4712,-1.659049012603777,1.6089129824210275,1.9190305646764367
4713,-1.38162871847626,-0.8276948533537929,-0.7706748746673466
4714,-1.0663291079092114,-0.6297491656755533,0.0345982467447419
4715,-0.7240231453786157,0.0160052071908044,1.09620898694936
4716,-0.2058201438793248,-0.4997125957881908,0.2157331849161222
4717,0.9842687272903016,1.845000772769578,2.2756220313629227
4718,0.823821057639541,-1.1550730757403185,-2.853787511988148
4719,2.732872590154713,2.4799469126090816,2.669424223629753
4720,-0.9269882324124992,-0.7486518849983974,-1.1099502536081574
4721,-1.7739150438804745,-2.6001233157286783,0.0953967309854995
4722,1.1727653916819785,-0.6468444193155342,-0.5437127078314717
4723,-1.697059654955014,0.7799720895066191,1.7621153712855393
4724,-2.2744371603970075,-2.2514876326115463,-0.8969115594566786
4725,-0.6441942101542562,-1.3210926292973102,0.101833020257529
4726,0.814427077150494,1.2975811551784446,-0.3350314145541324
4727,-0.3234967256351044,-0.5417903304816644,-0.5255082297367026
4728,-1.1959552891912482,-0.0592862924562612,-0.5228199216776888
4729,2.77112509123701,2.808279090130062,2.867774955217405
4730,-1.881091908406487,-2.558787661043248,-1.89639525061314
4731,0.5670854552938845,2.791112793733792,0.5794033637722495
4732,-1.649715084292778,-2.102242842204059,-1.9998404612962168
4733,0.5349728872379075,1.5744292840416996,2.506998371258258
4734,1.1271588834766932,2.0677075911433698,2.42264728891034
4735,-1.4502164159666682,-2.102918274258343,-1.380739664734966
4736,-0.6488727527023872,0.5314402308548912,0.6043909671674808
4737,-0.8385234310572633,-1.6490354136467904,0.2474763802447083
4738,-2.017905508666037,0.0501481327127372,0.9444866269854888
4739,-0.1923422506013104,-1.149238332516379,-1.2455422926076452
4740,0.6311328553086919,-1.103673952131604,-0.5102557506483206
4741,-1.3727825285376138,0.4864196032517462,0.949596370922068
4742,-0.7447473443472306,0.0111586338930057,-0.3013067973042345
4743,-2.7208446970411866,-2.271357679655996,-2.614042238988708
4744,-2.0102408770613835,-2.268696886178454,0.5241618988201229
4745,-1.279358882920297,-2.2659951425227387,-0.2451634945517286
4746,0.2980967278047708,-0.5187716151992727,-1.5411116437237642
4747,-1.5553958224266042,-2.0895318043452606,-1.539583880743835
4748,0.4073771323876668,0.9604828621673448,1.3961754716430286
4749,0.0604647508675146,0.0380741357078605,0.9485771768856808
4750,0.2110957334801251,-0.5750942568645888,-0.1771992594222566
4751,1.2537831780671054,0.402139337282192,0.5712476900058134
4752,-0.6423303897154622,1.1474790459081037,1.3989318401975197
4753,-0.256798536131151,1.8378189877220144,1.280923575994111
4754,-0.06095951987209,-1.0691671893087928,-1.7874941672855529
4755,2.69383084290263,2.0471024166527143,1.6854370474306164
4756,1.4447874665911689,1.0740165671151096,1.267608776685034
4757,2.25453052108032,0.5649328740311801,1.4671255951518984
4758,0.7040425498991623,1.986689548125312,0.0692042363388647
4759,0.0431885182908296,0.179272351435655,0.306850948951181
4760,0.8707119756503211,0.3333836956180852,0.9689386378290196
4761,-1.3582537733785511,-1.5001011328010514,-2.0300317050933603
4762,-0.728955586211405,-0.4304997640450443,-2.693206745062081
4763,0.507422266513915,1.0985636254379187,-0.161942942086713
4764,0.5415507229428618,0.9850911146043716,2.396793489654546
4765,-1.7571600170049826,-0.9487338790853552,-1.011528235987324
4766,-0.2150016576326839,-0.3193028691206064,-0.3033969867760601
4767,2.884755662097064,2.323446733434888,2.0656308052979564
4768,-1.97312768172554,-2.3325271669622345,-3.2343049481742816
4769,0.1879683628145236,-1.1253689125128057,-0.3584733373637474
4770,-0.2046304087538469,-0.1435688392614555,-1.7403084978241394
4771,1.5943779603289057,-0.0764685492228658,0.0597216301168928
4772,-0.3162809997888459,-1.7920866369710902,-0.8215377734662088
4773,-2.3313168304460863,-1.6861311593792694,0.539906914522219
4774,0.9732219036705444,0.8893295410998999,1.025462753354202
4775,0.2831178654251493,-1.0460358283026037,-2.372903047301274
4776,-1.964944725114094,-2.2673185924315127,-2.0651925352091904
4777,1.902861906047748,2.4026675763822927,1.2376142297831216
4778,-1.7291654343247602,-0.5030626857741797,-0.4743096644682768
4779,-1.6030169263257776,-0.3825231147106702,0.7190044534893658
4780,0.718731515349352,0.4884689528600013,0.0392758310356178
4781,-0.6669516335716117,1.917634944194441,2.3514319224053137
4782,-1.2007484529978414,-1.620318045424863,-0.7453906536070911
4783,1.0292737078722067,1.3168493356764022,1.4974208855027396
4784,-0.505675052492214,2.355933591662,2.850618382649159
4785,3.2373271728202675,2.5946384925128467,2.5434863470254383
4786,0.9700760754416192,1.5826845937166745,1.8569354918190129
4787,1.370426115074321,0.7364453296995501,-0.531427187376297
4788,1.7842150180216685,1.873682945836032,1.6417046311821764
4789,-0.4176591832813152,-0.9960732419123532,-0.8730329619371869
4790,-1.123814034894405,-0.8251789039609353,-0.9672417209388884
4791,1.393752268253275,-1.530747781928747,1.3710252159467502
4792,-1.4907248531995942,-2.333187725198864,-2.114824183940788
4793,0.1008119769417031,0.2809826785659046,-0.1104222526868019
4794,-1.7100729493043834,-2.5776410445517977,-2.4804948677728382
4795,-0.0138219212575534,0.0200405930154791,-0.18663457205352
4796,-0.6168034470714676,-0.1371895298736312,-0.0924897781017006
4797,-1.8989096631831195,-2.322593060938913,-2.5847994795867377
4798,0.9600875046913386,1.3462542625049407,-1.1266183878766636
4799,-1.813002533071706,-0.0163135756178476,0.5114231599653826
4800,-0.629578767480897,-1.0322506239393332,-0.8665452124872817
4801,-0.6848191742359077,2.4929586732593494,0.5311840251931376
4802,0.5179624970814732,0.7098688003259684,1.3016257911681255
4803,0.1022998518131366,-1.330910666809074,-1.0674289522305531
4804,-1.8558507101231283,-0.4722483626545257,-2.448499008430128
4805,2.817865070822177,2.7402397675417687,3.112970139082029
4806,-1.15349451014447,-2.588741342062995,-2.251767427715243
4807,0.2858621575191502,-0.683295107764254,2.9807376626882687
4808,-1.0112935790243929,-3.1601702858491176,-0.3680585179653132
4809,0.1024093949045804,-0.2098217256313622,0.3797185714046031
4810,-1.0139708736293451,-1.3404332554391982,-0.6385270491797168
4811,-2.010990919182692,-2.2745364471583147,-2.601287835403748
4812,-0.1047035294221929,0.2388102990133297,0.5632194856675611
4813,-1.4091022923461491,-2.1708547378794165,-1.9620602239200045
4814,-0.7672706924352499,-0.5393079178557334,-2.525072303828681
4815,-0.1124884020336175,-1.1452909504207494,-1.1883679912755194
4816,0.9179147144713672,0.8594977170409814,0.5977578460240636
4817,-1.447290915040515,-0.2670273798901225,-0.7042403579924785
4818,-0.1049696098013228,-0.2116718901532334,-1.0030981570706532
4819,-2.4216032739840823,-1.4855172776343708,-2.592660867320057
4820,2.9847845000023923,2.711256185810987,3.1421249068432493
4821,-2.883108234311462,-2.1524906306021,-3.597855354819789
4822,-2.5348980201607314,-0.3072586008020296,-3.0488718590955903
4823,0.4729867248607174,-0.5382706953378467,0.2589229153008814
4824,-1.2560052661253185,-1.6936942131430042,-1.990848662992149
4825,-1.0979177153632764,-1.1803856198644491,-0.8090798294836814
4826,-0.4441911965392757,-1.0974670920629397,-2.1136409408945767
4827,-0.1452988907845185,3.002470667650902,-0.6596531158973644
4828,-2.011741944643392,-2.1895116378699364,-3.029849513442923
4829,2.410841721322555,1.68127727410211,2.1567873851592783
4830,-1.6584310122607946,-2.2164521830822723,-2.012589177865924
4831,1.03562879808805,-0.2050937798312093,0.0026374042500123
4832,-1.5443479331533008,0.0032068702373,-1.2038841766074313
4833,2.892659743635174,2.696940015439971,3.223996437141934
4834,1.478325611136088,1.4428491842183595,1.9268728018973
4835,-0.3590324953510386,-0.8667985776486797,-0.586020550165546
4836,0.0771303003841593,0.927910772004469,1.4573452743902595
4837,0.8269394267958473,0.6416830673079617,1.310241493612204
4838,0.3492018536397464,0.2997285359820596,0.4298999095252487
4839,-0.1216897164369729,-0.1428248790407914,-0.3880103104060213
4840,2.9036030646549422,2.759358517183739,2.968867333414081
4841,-0.845786195547372,-0.645555580216679,-0.1495056777694474
4842,-2.7777285718971965,0.1876690962848327,0.4917821250854683
4843,0.6809287301910012,-0.0707525968795956,-1.7115331989753984
4844,0.0812937602234009,0.6174794167824413,0.221707006255433
4845,-0.0313920808310885,-0.6889002645307631,-0.945664132324176
4846,0.7060301506328522,0.5402950565562662,1.148075501333638
4847,-0.1903133898050067,-0.25263221648445,-1.2618295012175054
4848,1.826440845584612,1.1688822613393557,0.5842271723426784
4849,2.1252481399145657,-0.9204090042095948,-0.3713435874283669
4850,-1.3000863705053354,-2.2675960390948595,-1.9012715125901565
4851,1.198748839921935,1.0825049268087372,1.362512516271472
4852,-1.0253840693830345,-0.2358437859609101,-1.397228575048456
4853,-1.3483585739409163,0.5288252629696333,0.5574538372783477
4854,-0.8265700681770082,-1.8440304426339968,-1.7535745513321015
4855,-0.1854267227636143,-0.025432026288238,0.3381498136418998
4856,0.5245130996118115,-0.648616470964916,-0.4816522826212949
4857,2.6647556378242867,1.7362345303483475,3.2131628333417512
4858,-2.1887430352176027,-2.7095316231701663,-1.2454014645811624
4859,0.2734427888526891,0.7503083464121857,-0.0511588078694041
4860,2.504739077216213,0.7658573298074287,1.7158090062615612
4861,2.3823418415567787,1.6064039690278586,2.438791914368159
4862,0.9555843139091446,1.3554848410739428,1.5796424091252723
4863,-2.5108489138180534,-2.523909152838666,1.3427421447528682
4864,-1.5639122228861262,-1.7864081250219892,-1.0299708559773866
4865,0.9813648160823598,2.287255081259844,2.741119560585904
4866,-0.064020115268386,0.7276473886736172,0.9285072189909986
4867,3.6028589544956,2.612575582015946,3.7267480033894658
4868,-0.9302564365680218,-2.419286794267248,-1.3592647747078914
4869,-0.7672322594143155,-1.285358364438226,-1.5105832226729328
4870,-2.278992365539024,0.8285515863279072,0.4838294787620522
4871,0.8294467394961963,-0.0759139549289666,-0.4034588579581397
4872,-1.8375178045124123,-0.329284259601548,0.2573357969857448
4873,0.9669139017915414,0.5871578161297245,1.153209639217106
4874,0.9243104167758376,0.0579955070557375,-0.0922081524796582
4875,0.0671886757789358,1.833888973879337,-2.0873408612728217
4876,-0.1860186049475362,0.1327362692090674,-0.5320620934767337
4877,0.7749700214733726,1.234271952743049,1.6724540723718002
4878,0.9191636784167316,1.0183053080177953,1.4517504953128824
4879,-0.3156953863672405,-0.4161454008665651,-0.3977063306779151
4880,2.098960504942624,1.482135796104286,3.1727689424411087
4881,0.2523660009333692,-1.537353508856938,0.1961086069036447
4882,1.0294158915013147,1.008594246087011,-1.189224259216586
4883,-1.4968172384495275,1.190044554617055,-2.7753626200503483
4884,-0.6824975259933177,-2.055254221073189,-0.3580640838005066
4885,-0.6395178814911111,-0.5130864941636486,-0.4133315066167757
4886,-0.079981698994952,-0.5222556664774672,-0.3553161200044186
4887,0.5397696071511172,-0.036781617790708,0.4387535824628101
4888,1.74584751777843,1.747732210640773,1.914161419410743
4889,0.1837118169870463,-0.9549707595656618,0.691799969921868
4890,-0.610624355062602,-1.6479419362228926,-1.493568246922132
4891,-1.1413485559505276,-2.245591403387429,-2.5035350607998623
4892,-0.1873896942155115,0.1215970284704503,-0.8230280523641542
4893,-1.3546239559516555,-1.148751941678103,1.2686783468970029
4894,-2.046866140265049,-1.7420403380917155,-1.2547513909680656
4895,0.1545319235963869,1.0298337221618876,0.400160825130075
4896,-0.0457702052090856,1.3101997597497297,1.4153355524736528
4897,-1.756413019904404,-3.0741026758171945,-3.165729447233496
4898,2.455573483764867,2.068207910252629,1.1930841890821553
4899,0.1266468147002405,-0.0174821995124438,-0.0402795139160582
4900,0.5754420148308068,0.5108997143677569,-0.1997791068331956
4901,-0.4325008503630884,0.4603148059922881,0.09137312370451
4902,2.7067666274709774,2.440325359708049,1.8552034219647373
4903,2.7979331864414165,2.8583887185560544,3.447940921048126
4904,-0.0701011324627474,0.0487237559147123,0.3272469563820736
4905,1.1322689351930888,1.6838035959177848,2.725481809945448
4906,-0.2276667007273204,-0.2273693469571903,0.3705942346883752
4907,-0.90154623970218,0.1707551604029617,-0.0710143474644287
4908,-2.1716087051833144,-1.3427749833984317,-1.1065003977321688
4909,-0.3195094901452496,-0.5017141569531822,0.7301031359265623
4910,-1.126179989445325,-0.1434191862392697,-1.239553227306603
4911,-2.024945361995487,-2.3748258571508267,-0.956382138335714
4912,-1.2048622741697177,0.7884780240131728,-0.0356004886400655
4913,0.0289515871736795,-0.4035406222374496,-0.0801405053029259
4914,0.7139269815893441,-1.3483542168973388,1.306500162348616
4915,1.1294322228195195,0.7340020196138465,0.4520403636578319
4916,1.1705641523223511,0.4350342564138157,0.6810826412370887
4917,-1.3741925253400151,-0.7034163914589676,-1.0699319838315562
4918,-0.3639527483143948,-0.7681288105164084,0.4867181286951814
4919,2.3158968613294606,1.855865618560431,2.385186150748367
4920,0.844651160090272,0.2377402727711853,0.0604913124359473
4921,-0.7741421643087953,1.52302344809077,-0.8725853105184893
4922,-1.5951961985157344,-0.4488923847524992,-1.5395830080926018
4923,-1.291548974164698,-1.8577671060106409,0.857512948449558
4924,-2.0705638320684665,0.7527669198467004,-0.1394127928528241
4925,0.5881671196406653,1.4493109628400676,0.7690858713653846
4926,1.0823810840903647,-0.0052775437070525,0.772669650491149
4927,-1.4029001079096952,-1.4128599838597908,-1.800441238568924
4928,1.4414969696368272,0.1297453905379372,0.2505638151567011
4929,0.2054507682793023,-0.8257409023845909,-0.264207547852405
4930,1.5613256016987516,-0.3659473313306675,0.4067592264971692
4931,2.454849356900918,3.278343647218221,3.4131453244442875
4932,-0.4500550998232588,-1.276635504492751,-1.0818907696121385
4933,-0.4905715166138878,2.019842441115398,2.470592982458596
4934,-0.5846825703970198,-0.951387714811982,-0.4985763081739885
4935,2.481818254577134,1.4979043555071905,1.686139460621732
4936,2.031651984491784,1.667171109433617,2.5914662537284365
4937,-0.1080698197661467,-2.4613519826023347,-0.532817365048292
4938,2.7327021392886217,2.3276740674724783,3.0910390160556123
4939,1.1714787548291912,1.223707225596354,1.3201131420290877
4940,-3.3063546918190103,-2.2635064953175914,-2.475189920929025
4941,-0.0080345259506237,1.0682324080965258,2.3534242777147028
4942,-0.1525467724172688,-1.454356265300481,-1.7588224585328738
4943,-1.0364882278448129,-2.148751662314075,-1.950836606646803
4944,0.0307931599166497,0.1390905327919424,-2.166906516933592
4945,-1.5951680285872254,-1.980639257492188,-1.4882659694809253
4946,1.911162456566811,1.448470493420026,2.4767031617270803
4947,-1.035769672231691,-1.2217699771019197,-0.6878706234387704
4948,1.5158923238829545,2.347545681739698,1.9708414719596083
4949,-2.298987850359864,0.4853226316978104,0.562644283618689
4950,0.3406853804136765,-0.2971261182294303,1.8012868151646535
4951,0.7803001155313509,-1.777709381842235,-1.8748051738380784
4952,-1.86397054098317,-1.8578813656193824,-1.9580217686267
4953,-0.6188431864011898,-1.6036253615551137,-1.805947926381418
4954,-1.394979518186799,-1.547038429476445,-1.0461913107287666
4955,0.493399969498012,-0.7412610905758164,2.904737968154908
4956,-1.3897629997006895,-0.9053839175929304,-0.6521840618888268
4957,-0.073302712778756,0.4685953931899307,1.5727889664026744
4958,-0.6493597931765037,0.5717834611270397,-1.3863004951649225
4959,-0.828433662951215,-1.8032214931399968,-0.8667522911100372
4960,-0.792322906161393,-0.7279754742123674,0.4157217303181182
4961,3.20116721332788,2.8106340180188383,2.784257448827121
4962,0.1936078756868084,-1.7208802316952083,-0.1903500191973616
4963,-0.7128692580481115,-2.045446212044617,-2.128637300724058
4964,-2.0680987994603983,0.4355272600151822,-1.535354907410185
4965,2.5206429737280662,2.902155091196527,3.2251894166586728
4966,-1.812056222208398,-0.8467709961805033,-2.03445193654212
4967,-1.27009013766909,-2.5595980743178592,-2.4938159566712668
4968,-1.4379945429227885,-1.900899120445792,-1.90399843581544
4969,1.038494288813925,2.358591809285069,2.582183485687632
4970,1.34771449372756,-2.1350308423143205,0.2197250113897401
4971,-1.5819954786508028,1.5602920847393769,2.5930847920640856
4972,0.9290076642523276,1.401400363643578,-0.7989773438555694
4973,0.2252750052827763,2.2452071348958835,0.6413666708628528
4974,-1.845036048751976,0.7514973672328145,-2.687096489105037
4975,-1.3219239661586406,-1.856032273872204,-2.8153858529988973
4976,-0.8948974525293483,-1.8371187690383688,-2.159489813416143
4977,-1.1892964271416342,-2.824174419676874,-2.4078078541054704
4978,-0.986129315443256,-0.1757586569794035,-2.428528380613684
4979,-0.7429387550445385,-3.001624623955179,-2.13154104778456
4980,-1.8034505506551748,-0.8880133524434168,-0.0879157143320888
4981,0.1551177787022263,-0.2495489236813885,0.0616790219300749
4982,-2.165428637701374,-1.18312529715829,-2.0393545801175086
4983,-2.2170248170993574,-1.790595266500976,-1.5469999118949893
4984,-0.1314434954982,0.040563230718044,-1.1363147916419816
4985,1.719917595513852,2.2081843226696125,1.986845196411107
4986,-1.2624324037525168,0.5685323928131419,1.3201562346089997
4987,-0.6841782033259645,0.2604519022584778,0.7249906260813337
4988,2.4457686925874,2.1592934892890208,2.7982431266042083
4989,-0.7205295200961416,0.2996962121855383,2.2129553146531373
4990,-0.4714755636037188,-1.265177616591197,-0.7238672844962433
4991,-1.1188153543224313,-0.7851647014170937,0.186953309440169
4992,0.2158631669418891,0.9008231642950856,0.1280873548322433
4993,1.845445557557648,1.4464068807125905,2.1036856568731355
4994,2.620101517948458,2.264577736097809,2.0870694108330023
4995,0.4904619593878188,-0.0164654598945928,0.4662507012848889
4996,1.1983573609297673,0.0535577636732989,0.2057635924591055
4997,-1.343631667028336,-1.3455579822927888,-1.3843326191898455
4998,-2.288008196829796,-0.5574541836764866,0.341177618256096
4999,-0.755378185977589,0.8653002798762153,2.101893446935863
5000,-2.333322633985293,-2.1541803009696454,-1.920035010071604
5001,0.2999070570594233,0.4824610849431001,0.2665368654536677
5002,0.2673323945162633,0.391872205605638,0.8732730727497673
5003,1.1124717319646351,0.7611544361088618,0.876134590380717
5004,-0.8062727811344417,2.45623452061119,-0.2496106882720876
5005,-0.6829029133672846,-0.0876549786101367,-2.18703935982316
5006,-2.394437477582981,-1.8804118062994404,0.1270591531536255
5007,1.5115164850661411,0.8019365518468072,0.114639505009401
5008,0.7795433856605349,2.0253802917350843,0.5065931350052038
5009,1.2711328053720294,2.309341675107014,2.703461890938624
5010,2.0634458600449683,1.4594332030657713,1.830048042821398
5011,1.0772340001218752,1.4268578519953057,0.3151907499792855
5012,-0.6915638656819042,-0.1112116539555769,0.058232276315389
5013,0.7527900632489041,0.3294033712810253,-1.533517334036996
5014,-1.7595938423064814,-2.655802669258565,-1.8534417478424128
5015,1.4608701194531313,1.0141889378057605,3.350648536431374
5016,0.4495741655353167,0.7164965549102214,1.724208624596447
5017,0.2336986369834927,0.9416860462713488,-1.7625233282007076
5018,-0.3205386234245339,-3.020493039127292,-3.0877623036000204
5019,-0.4832903672490632,-0.5252896397375678,-0.315619411933777
5020,-1.8933603058413733,-2.4512046011206223,-1.5980629824803578
5021,-2.330002512887322,-3.609531672260921,-3.553331177420604
5022,-1.8438435950193224,-2.025802439158449,-1.9139827582159548
5023,-0.777620555332396,-2.112903757370905,-1.1868098061785408
5024,0.9331840472799608,0.7448923494094567,1.8036571091075173
5025,2.1050427469264203,-0.2863119124898584,-1.9827651699570945
5026,0.4170608664056015,0.3641143380565166,0.5625772790456274
5027,-1.06956075844342,-0.4788895625045322,0.8615471139148845
5028,0.1393176410152088,-0.9599919199939728,-0.7014456198190281
5029,1.124137162946163,1.4041495957031045,-0.7548731925426158
5030,1.8455300794444869,1.8564384489295176,1.8853035563495344
5031,1.74833306618301,0.0680424196924936,1.7511954065073536
5032,-0.0287796905031455,-0.702439825458917,-0.6314199931010089
5033,-0.7201884946649767,0.8000023948743354,-0.9290130928504056
5034,0.1943497011173154,0.2667468789548617,0.5416127541463641
5035,-0.631045285293589,-1.7914576864689131,0.1291751568135696
5036,1.6527626521076273,2.0668583354087424,2.1491892130975896
5037,-1.3745217232049889,-2.592241011156308,-2.076107489524865
5038,-1.967961336648965,-0.9408612707186008,-2.2385608065575773
5039,-1.1689655196504811,0.1037659685626858,-0.327522391740334
5040,-1.5510102513233044,1.542768126002069,-2.272006169097143
5041,-0.0682650737844414,1.4656796723233023,2.185548688004349
5042,-1.7228191021438484,-1.857191114776044,-0.3364865411975987
5043,0.117811159341759,-0.1863911646917646,-0.0509847401612806
5044,-1.0592138627534022,-2.3235140073236225,-2.821401913891411
5045,-1.0222082948969138,-1.5331546625809782,-0.5373257478968998
5046,-0.9264224523494332,-0.9266767684997096,-1.343782358245029
5047,1.005895687807183,0.0673810844116103,0.6311156682215577
5048,-0.3554998419595247,0.1744902828957055,0.239826670875879
5049,-0.9121354982597982,-0.4249289189892221,0.4370402004774386
5050,0.7052441879194101,1.1887837921033166,0.7838053036228454
5051,0.6139407853169309,1.6281980887267764,0.8676921300300233
5052,-2.0633518926488934,0.6480842865054343,1.3334109562925456
5053,1.1058287407345364,1.5283371766212597,2.188443160764123
5054,-1.969218694329748,-2.265513322445704,-2.045018931663546
5055,3.264689992553405,3.27595301470217,3.5989864241242464
5056,0.7567345143019105,1.0249683181639848,-0.4107940957048298
5057,-0.2300423636751039,-0.3228779937808417,-1.8602875721002543
5058,2.5294809354417507,2.201871831316425,2.1640166227864133
5059,-2.451717359115236,-2.153853938626062,0.8982884258538235
5060,-0.5463172438808215,-0.8315383598075643,-0.4711824595480922
5061,1.1747472819957674,-0.8487481517480118,-1.2795043028574744
5062,0.5132070357263925,-0.3161381807832603,-0.846702627259226
5063,-0.4080297648400829,0.1542778961168596,-1.1815928294446136
5064,1.9950391177304525,1.945237894218614,1.7858994228875016
5065,-0.6384733718164064,-2.208414827109217,-1.011666286846546
5066,0.9810382781872068,0.7661704912428222,0.7543187829104133
5067,2.0641292809224634,2.35784095726374,1.6323963333438336
5068,1.79676590107992,2.0503681173047505,2.4760482658063028
5069,-1.5999952816389793,2.6262782010042725,-0.3382081696508049
5070,0.4934829336973709,-0.2087917478475859,0.4467627449922932
5071,-0.5005518247279626,-1.246099550662461,0.6613826825485745
5072,1.5678650544909247,2.1240311208348883,0.7660901852699782
5073,1.1518879852443558,0.7135486504708916,0.3101794760553454
5074,2.9304603863697154,2.685183563636595,2.93029857163914
5075,0.6054097015035259,1.5125765513364378,-2.007824935092469
5076,-0.5655024890080924,-1.684321066671085,-2.3244914282003406
5077,2.693704853745599,2.4289999786448626,2.646513158775038
5078,1.4068854208951005,-0.3268888235118308,0.2392019947524516
5079,-1.5918631534362742,0.182056710765481,-2.0074392202159266
5080,-2.218045565762163,-2.329710145438776,-2.556115927914969
5081,0.6824746031764646,0.625533974141991,-0.1676402901230053
5082,0.272742152801994,-0.8474541828291766,-0.8707085965883098
5083,0.6463027816427233,-0.4482127955582337,-0.5477056417282811
5084,-2.2291163056917704,-3.676013308494682,-3.691137680156072
5085,-2.8941125599634083,-3.0340011385100305,-3.3548794932054378
5086,-0.5007094013401234,-1.1572075088173797,-1.0952173377479664
5087,0.8049271186642973,0.914059504801068,1.064120776334816
5088,0.2732490403319695,1.0440798171242576,1.2844336443101874
5089,-0.5571718631375633,0.5572445787464342,2.207541105338135
5090,-0.1481705978548153,-2.112697466670569,-0.9778261503180882
5091,-0.3131294201926499,0.0269620053843175,-0.9194633430247384
5092,-1.7964062605740734,1.6951373945270896,-2.0137051440849425
5093,-0.9510849498442004,-1.0782484439736908,-0.4614049700149537
5094,-2.013655823700699,0.4354006502299455,1.077693370915792
5095,-0.9375677665497588,-0.3567029388148024,-0.1175703711826768
5096,-1.228186549740062,-1.999979488904288,-2.5117190189001533
5097,-1.7982994150916751,-0.6041184640851953,-0.8311052722550842
5098,1.8745460430777567,1.889998197685877,2.6957140668863464
5099,-0.0653178416115398,1.2855062231471628,1.1382660686239006
5100,0.5027435720426019,-1.229956832215168,-0.8802379916693142
5101,0.8107517451365327,1.8931821012346828,0.7053864016317526
5102,-1.4132932677794257,-1.5438957349732392,0.7682907759120268
5103,-1.9558266757255969,-2.439455723578356,-2.250956574714353
5104,2.6832166536996547,2.436972982327661,2.8771196275797664
5105,-2.210972640966382,-0.9402184491406173,-2.569694468565782
5106,-1.04609650744823,-0.359467379930763,-0.5401828377308491
5107,0.8299900953319359,1.2512736582326005,1.2488595591172291
5108,1.5394415930323233,1.819280206828076,-0.4686630425329955
5109,0.1439069401457533,0.4021806466135028,-1.894547312677652
5110,-2.1592707011683387,-2.453831928723666,-2.7710512048043907
5111,1.8517963050610065,2.746485203057806,1.3640268037164789
5112,1.6647066532539156,-0.2520668577927166,1.7745659447240958
5113,1.7022364157397287,0.9795869340418066,-0.6034740062854413
5114,-1.4952029583330768,-1.84460827340489,-1.2293567414320754
5115,-0.6669542827650798,0.0307709915934775,-0.1443449858175753
5116,-1.663429172411593,-1.2039367850103306,-0.4917496581105686
5117,-2.100385092393622,-2.568785378916129,-2.280231530289779
5118,-0.5559372702195071,-1.2034239154142938,-0.7840785959705567
5119,0.0614361132261669,0.0575208388051831,0.3550954702229813
5120,1.30175624972835,1.215322149813643,0.6299164339745944
5121,-0.6967831919992014,-1.144104870548983,-0.3157006854048159
5122,2.172788386028193,2.544170475126859,2.802102131520468
5123,1.1411958058654603,0.5595029656595812,1.1464723347988053
5124,-0.3510493913587095,0.3122448326108938,0.2162131657708582
5125,0.6565365367321714,-0.6489133970412431,-1.155659938375867
5126,-0.1903957051645348,0.2511724031639368,-0.8066792362655222
5127,-0.3536353874184109,-0.9597878471093512,-1.748624985889081
5128,1.6395995034688973,3.086658711992912,2.6657294388603394
5129,-1.864323998634372,-1.913416462792484,-2.324651702176556
5130,-2.225307537524934,-2.0229646972745035,1.6886785614134996
5131,-0.2092664077860668,-1.3271308295294026,0.0028560332755483
5132,-0.4348282388248185,1.569193625973068,2.4799389524987694
5133,0.7574771041870643,-0.8595753940648287,-0.3267020761479847
5134,2.4658802104366058,2.1883523338101645,2.6420115373185227
5135,0.317222646933407,0.493514700351907,-0.7957695328349661
5136,0.4863228926634451,0.3817664968515872,0.4849795707548176
5137,-0.1286074413234219,0.3807506684842306,-1.46120683492306
5138,-2.142172370675662,-2.034689663618649,-2.052197291311455
5139,0.6034179160933032,-1.4433958776636464,0.7444170506428867
5140,-1.2464996110848954,-0.9410018489450832,-1.1675716598510295
5141,1.811213037188094,1.5730424593076444,2.103346085052812
5142,-0.353474033649105,1.8016267319215848,1.7147940387114626
5143,-0.2750795296660147,-0.4022891008390393,0.1303802875374103
5144,-1.1444566048134843,-1.1387788792472204,-1.6580662890270843
5145,-0.3713618801462724,2.5598553262261587,2.780605553406092
5146,-0.3980169174658262,-0.8258105459810756,-0.9252465628126428
5147,1.7252339886206671,0.4927273194692614,0.726377920394123
5148,-0.2901798661295192,0.0771951960906808,-0.1132868254608222
5149,-0.6757214731675452,-1.4002820681412838,-0.7044187983345831
5150,1.3557921012010992,2.1669430985041624,2.061027586737549
5151,1.8352427789949035,1.9518449515939924,1.387436165713351
5152,-1.0562280324867612,-1.573599747795784,-2.4773794162543656
5153,-0.8847963437910673,-0.6228292599158672,-0.4356812130722181
5154,-3.459539888788804,-0.8632229346501934,-0.3498704242884711
5155,-0.5940733304810454,-0.9357935528422514,-2.015436271269887
5156,-0.5985403781654752,-1.376008752733389,-0.614034595970553
5157,1.6690415073932126,0.9492442695861436,1.0407339909956703
5158,-0.7108784831513643,-0.3315271338374561,-0.9530334600604498
5159,0.5850530995049286,0.779584763539465,0.78174045011007
5160,0.7780439421575966,0.6098629855616857,0.3928062386845486
5161,0.289631949685857,0.8417688379254195,0.2795322269490697
5162,0.3069976014093999,-0.5129655741477789,-2.038135019761639
5163,1.3625551136689205,2.560312501327509,2.8257061799192567
5164,0.3573116978729194,-1.5616752486865706,-2.3221551488894336
5165,-1.206846168853048,-0.7646632221564814,-1.2180637446178304
5166,-2.4179716911009024,1.2008593443905022,-1.592964407980634
5167,-0.6654786861994539,-1.4423472211415282,-1.4892434983989642
5168,0.8476164263702418,-0.323134550876034,-2.6461011440678366
5169,0.1413254934268545,0.4953856589624187,-0.3918806089310229
5170,0.1771234871751488,-1.0631254080720276,-1.0372807198287717
5171,-1.1399025963561544,0.9497634170267896,2.0251297384921454
5172,1.4052477115746835,2.487668273003759,1.670680567215869
5173,-0.7655618094591028,-0.5355907210693003,-1.0038833598290038
5174,1.7674369694331729,-0.7407338528610068,0.1266881575073128
5175,2.040408283215063,1.812245486559348,2.015924941791265
5176,2.8664482524170656,2.903014691400887,3.0452524117439776
5177,0.8204380013785175,0.4064434516348879,0.7046246513480113
5178,2.848931423151451,2.728441226145369,2.884968677795281
5179,0.2439332432632834,1.4244297115387736,1.628465250184118
5180,-0.2402702101183806,-0.382525762514945,-0.2642903092980506
5181,2.1479303137487187,-0.147041138971055,-0.8592692181465336
5182,-0.8582822815752965,-1.7160891926349984,-1.8967853048857497
5183,0.5274028020011818,1.6282205238192518,1.8548586465580472
5184,-1.854799343831922,-1.4888137799989791,-0.911410004649392
5185,-0.4645027917816564,-1.4744235319078487,0.1653889692239779
5186,1.2407210718807726,1.8585627418579609,0.8859370263565103
5187,-0.6065726086811067,-0.2268550050468421,-0.0999260132508474
5188,-0.9517190425868002,-0.5403493944329013,-0.4842785218745917
5189,-1.6925655011054457,-1.005699097715799,-0.3027827058534867
5190,-0.5621960401225337,0.0712482153200481,-1.7004569755956378
5191,1.4997343847107347,0.6462807283261992,0.9811328664835788
5192,2.14956674424974,1.3126124537995327,1.9644083730270665
5193,3.653605119663781,3.654712888071749,3.8365933513273935
5194,3.033336591828654,3.032946529628495,3.2838513906870546
5195,0.8210332904629973,1.2743214062682695,-0.695927268635144
5196,0.3633005859404656,-0.1449089653950803,0.6290057426921664
5197,-1.7525981713655,1.269390492635301,-2.9813043217580733
5198,0.0841099608823559,1.0132878007433026,1.4509399717447442
5199,-2.285325155298509,-1.909722695228833,-2.552861320362036
5200,1.3386047212954144,1.7595579260275418,1.50200762495215
5201,1.41276776776963,0.570134072617115,1.7557882408314005
5202,0.6076625320507788,1.215362097163152,1.0283692950260273
5203,-0.5425498920945864,-0.4955313441245777,0.4931144801718122
5204,-1.551889710100962,-2.319979557867152,-3.4601207727473944
5205,0.0617080999158006,0.0616894002465236,0.1177945789683335
5206,-0.4136628731561387,-0.969689425167627,-1.429997840981811
5207,2.446216784739717,2.027087129240953,2.365816538328757
5208,0.0633249917036088,-0.8946343755741799,-1.4944420242610892
5209,-1.939028638149621,-0.8666937348362669,-2.5544599362764187
5210,-1.6841701931828714,-2.674142333116982,-2.445454087777312
5211,0.6204742669220809,0.0636785159416583,1.6634920118054572
5212,1.936456202264513,0.2859644868826458,0.2743614925626785
5213,0.6749303344390785,0.8051176629544283,0.6562209579126783
5214,1.321270334966363,2.706261363263183,2.387130182844021
5215,-0.1420208387602634,-1.7475726975795418,-2.2992129412505347
5216,-0.5710077490949197,-1.1360355533972537,-0.2453427114429265
5217,-1.0882546007460692,-0.8161918767263119,-1.683791732676824
5218,1.1685831672728684,1.6295924639847443,1.760270771229172
5219,-1.3060561371595558,-1.054639699977326,1.2565570244020778
5220,-1.901119695430588,-2.41642292954196,-2.2084300641924086
5221,-1.0834665981934066,-1.2087538325871403,-1.1993610540699964
5222,-1.1879000493847134,-1.897604149995264,-1.0218214288862335
5223,-1.3751181264936845,-0.8865875492135871,-1.1747772800449987
5224,-0.2462855755922417,-1.1752362522661342,-1.1779361216338473
5225,0.7365983936153502,0.3792488980445961,-0.9643356786040368
5226,1.529637716893619,2.66716465388501,3.201323200071261
5227,-1.0718181770868798,-0.7778532990041029,-0.91985186994736
5228,-0.3585378690113526,-0.6700901797550496,-0.8215330196255323
5229,0.6814588627271093,0.54678903327302,-0.0801234149021886
5230,3.932760015853672,3.7471785140547262,4.062760615325104
5231,-0.3730640415219463,-0.7129934238521105,-0.2918267566207953
5232,1.678838907452643,1.237940823411933,-0.7726738660747148
5233,0.2057507906608005,-0.1276294802143414,-0.4742225511290965
5234,1.085831538107291,0.901542674526308,1.3532312125003254
5235,0.53230280635151,0.4051489766912952,0.8830660950686242
5236,1.081793466234925,0.7526557697786949,-0.7324883188135201
5237,-0.7104568527790173,1.7838266394785929,1.898942259795138
5238,2.7463058928569035,1.5743125981054114,3.245104361756075
5239,-0.6225320763139673,-0.2219641962765638,-0.4883421719123579
5240,-1.3833017850732898,-1.1763357619565296,-0.3561332969041595
5241,0.4003412523377998,-0.0920987680171189,0.5225959501368581
5242,2.9276784730949865,2.4674329876797088,1.0410435328544354
5243,1.368813265552966,1.0823433606415227,1.9314878291432167
5244,0.5321369107286567,0.2170303913338192,-0.886706962452207
5245,-1.867990488872673,1.7677320979316096,0.3852075318296152
5246,-1.5635402426844207,-2.260550537703609,0.5364447321796151
5247,0.4282327675646722,-0.1444488720471454,-0.4320263921323896
5248,1.9572258790543304,2.090323629628375,2.199720181612057
5249,3.6656379828501335,3.5605261445285183,3.963960289377857
5250,-0.83794598526999,1.3467893587561968,2.2850281856975365
5251,2.358363110480934,2.266856988341939,2.635861241090765
5252,-1.7635378729205484,-1.857920795158162,-1.856831874194336
5253,-0.5768089684152424,0.0856203955020887,0.0727498806304734
5254,-0.7752236792455962,-1.124886426431123,-1.3823933388213607
5255,-1.9648551125259588,0.7080626638387413,-2.525022120779325
5256,1.082309123303662,2.487512276188457,0.3668936828613317
5257,-2.076947401595356,-1.3564616985111464,-2.534674795493403
5258,-1.9072001655715272,-2.661948107162198,-2.3194487953094254
5259,2.197259176188767,1.2681155513648592,2.662132382124394
5260,-0.4528080849068653,0.3676619234904625,-0.189326587852781
5261,0.2576550167782312,0.4544510751615634,0.4475998440945375
5262,-0.9483583620812224,-0.503139165466562,-2.828510078422503
5263,-0.0898592760635308,-0.5089580873812017,-0.5843524619680854
5264,1.0748498810157343,-0.0158275991316592,0.7131016461534683
5265,-0.2524506674491874,0.5466402383597916,-1.0522873747283463
5266,-1.5447602173062065,-2.242622451472684,-2.661095287546678
5267,2.31016153432516,2.147488190363236,2.447835195087413
5268,-0.9259617842244016,-0.3155633998267156,-1.855925890928289
5269,0.2877478040808968,0.6791853141056574,0.8824004035682398
5270,2.246758072760538,2.442410772651938,2.958964358403763
5271,-0.7353720231283187,-0.5904700188710293,-1.227535908671024
5272,2.6942074816428634,1.9631756366134967,1.5189081156018809
5273,-1.4202844071296268,1.1932179509822298,-0.7202866844579763
5274,-0.7771866870151158,-0.8365802019205483,-0.7854377034779143
5275,-1.639244869653978,-3.009383888608342,-2.0533956814096435
5276,0.5848066614363612,-0.3070022163424334,-0.8460210907015426
5277,-0.4529001926027085,-0.7639133567953422,0.0963028167765882
5278,-0.4805530810305165,-0.2170838683101517,-1.4309015923279926
5279,1.7467168685201309,1.9483304514445985,2.618305136418757
5280,-2.206928422851435,-2.708248253356654,-3.3262784092851487
5281,0.419687306849457,0.0299944581377325,0.554555056240302
5282,2.524878484422639,2.11365842845976,1.8339702625570489
5283,2.07738445009284,2.1228346426295763,2.5371762497198977
5284,-0.3427623494387523,-0.3286149899827891,-0.14147443442399
5285,-1.7558313183589034,-1.4371479600008763,-1.3094176333584906
5286,3.1132213808819658,2.9478092729924525,3.233406205580126
5287,1.1409687508415904,0.5906056735732216,-0.0426157295978066
5288,-0.281672883093499,-0.343301564264319,0.2776070780053291
5289,-2.469143295321734,-0.190041159360477,-0.8871007733076357
5290,-0.7949828732441315,0.4144320727142047,0.6960902300369026
5291,2.552274091432908,2.4166966957727323,2.7993656277222585
5292,-1.697595937869322,-1.8907129855704448,-0.0607697842426274
5293,-1.8535866079470784,-2.4594267210372496,-3.0836431237903734
5294,1.229576388713474,0.6640776043724216,1.42295842903171
5295,-0.4131037708741452,-1.6279504748350258,-1.06318121919997
5296,-0.934208958728468,-1.1170976256198386,-1.1999041376861794
5297,-2.446377416501372,-3.0855736970823946,-2.978659082918542
5298,1.7907905530237025,1.1467132075233364,1.5398959321620231
5299,-0.9516251330075508,-1.0321620021102222,-1.4095835125598135
5300,-0.144009988995932,2.0868933025434093,1.546749877095114
5301,-2.768992435365244,-2.073482997971277,-2.501365557242797
5302,0.3664292774395297,2.3209886470328693,2.674980616984941
5303,1.9958999220023903,1.24124095290994,1.0125327296151214
5304,2.2172429564265563,2.7212762349278914,0.8226651277290722
5305,0.3737354518201961,0.0102837062121519,-0.8456341192270966
5306,1.6809757576610138,1.3935869536108048,1.9303963527739665
5307,1.034605206198705,0.3090079194834606,-0.3416047539298161
5308,1.1710627981993325,2.380072919363468,1.8699724220822929
5309,0.7071107177073229,0.5128680000672482,1.3660561548159225
5310,1.6859604523686689,2.474813692859107,-0.7294425752258713
5311,2.2407447641584786,1.3968433773289184,1.904780361556968
5312,2.044298990575993,1.2324468650216156,1.8593334558830308
5313,-0.5658389751903738,-0.1996012166655268,-0.3763982387547328
5314,1.8390495316164888,1.76438260489715,2.12790670721392
5315,-2.2775295527437165,-2.3731648973336044,-2.1787165110213604
5316,0.5007111423022252,1.2019952680444668,0.8072073884447365
5317,-0.654984690529957,-0.6460141745288157,0.6645559000905559
5318,-0.5280610499059994,-1.208602851152785,-0.319995315097333
5319,-0.7470652726257287,-2.114564481997966,-1.5987539871015124
5320,-1.108659456434192,-1.4957307882098203,-1.527828583893789
5321,0.7763392948513519,2.6622314754914727,3.1075194983669245
5322,-0.638870926785235,-0.9765602757327094,-0.5530997200711867
5323,-0.4000184304723295,-1.742381420059328,-1.3374665107321766
5324,0.5546688972025562,-0.5758702252700532,-0.5226762657500504
5325,0.9421928237215328,-2.292922906371751,-1.5827857626744382
5326,0.1609031444924347,0.4797666450749507,0.6576900465402192
5327,2.524615041011626,2.310103583624384,2.7916336642609454
5328,2.014229969306265,1.5384327231466095,1.6382267984343175
5329,0.5743944470840375,0.3925254434276627,0.2347110827954309
5330,0.5283319125487599,1.365113073579156,-1.1801953851416365
5331,-0.6840370391597363,-1.7342651317508313,-0.4818308508762511
5332,-0.0522482456482109,0.2480710920599472,-0.4905091220507336
5333,-0.3731271217396406,-0.8835532319919326,0.1622794092080406
5334,0.1162283570019243,-1.4454200754615838,-1.593847079709631
5335,-1.3690295327982391,-2.374302578364844,-2.118093275070751
5336,-1.6196513413170333,-2.0052575588571755,-1.4989572476726551
5337,-0.6758117009305055,0.0121157822002558,-0.3273000885127671
5338,-0.4791540598721601,0.5069024062850465,-0.8756732480506508
5339,0.7692674014967793,0.9518358255851253,-1.1993558646953173
5340,-0.0905037485600232,-0.7911722531785492,-0.616639887297525
5341,-1.7935245168740284,-2.744051145826197,-2.327362176735486
5342,0.2407080502647418,-1.4682084707171943,-0.8409526205274274
5343,-1.108682441992482,-1.2621900180221264,-1.3801841075307035
5344,0.161517700883128,0.3411927985579612,0.609894958305646
5345,1.2176206405273848,1.3215897520073725,1.1337113481398362
5346,-0.8144120909194776,-2.973280836739265,-0.2790619897162785
5347,-2.778823370937553,-1.7989434897573635,-1.4450086673573
5348,-0.5971564525489128,-1.2976747364909138,-0.5352916510253305
5349,2.000857930467945,0.5229233447918593,1.870049027369166
5350,-1.1805081330742284,-0.6991047009644906,-0.8945538522628411
5351,0.5721906520031936,0.6273226376035983,0.1022490764066457
5352,-1.095836565560403,-1.4427042339061409,-0.672622295266091
5353,3.3425742685664965,1.6704018460008825,-0.4691361480539134
5354,2.194659665291742,0.2648448512319781,2.9530748679334424
5355,-0.491777894611177,-1.6963887108213556,-0.4911396748987535
5356,1.1383493189612464,0.4136852288843486,0.5396388962341424
5357,-0.5939341084274764,-1.13136228445317,-0.6096278239690848
5358,-1.6466727727658743,1.1620528950118776,0.8848691932927035
5359,-1.0826068011217405,-2.1261899893867087,-2.2954465447437533
5360,1.9224644543133147,1.5578995788480432,1.7195615839698433
5361,-0.1544675137453163,2.065714494023987,-0.0636118289794142
5362,-2.181380281519412,0.3048368974714424,-0.3078537911015634
5363,-0.5771791595346956,-1.1993232026063134,-1.283186482064031
5364,0.2032902210175822,1.9508834224066167,2.080994499479789
5365,-0.3013481121071297,0.3105502953252273,-0.4249987756979342
5366,2.728184916011813,2.812526657674097,0.6477706636257481
5367,0.9321286664618762,0.1321718361582229,-0.2635245677466653
5368,0.7801904827031332,1.2711300594124038,0.9320100835161618
5369,-1.0626765397817963,-0.9720779784429788,-0.5236674411279101
5370,-1.093101975238726,-1.4910281948347597,-1.593845957729474
5371,3.19690107650228,3.108316840708044,3.466589980770289
5372,1.2027354047817382,1.3759808763827512,1.903662058886668
5373,1.210219232142579,0.4744472091747875,0.5960492938303265
5374,-1.5130071999708732,-1.684145083067767,-1.816451875536017
5375,1.173052754205446,0.5334659227851479,0.4274930118267259
5376,0.1870897372895413,-0.056377167199214,-0.0348366053352044
5377,0.330035668358911,-1.5097100077802894,1.1324781271748514
5378,-2.036923793296828,-1.985685752235464,-2.979239594732148
5379,-0.7099593972449862,0.1122488920616351,0.4676945857810098
5380,0.4660146146606281,-0.2091357776358318,-0.0990095238876503
5381,-1.705305410278383,-2.124588340542086,-1.136545523139861
5382,-1.6745541091180816,-0.9250642501452362,-1.09066856905507
5383,0.975492677565462,0.4380560922462899,0.4256923202348333
5384,-0.5329176991099177,-1.8496093569365253,-2.332191934431626
5385,-1.750844057980942,-2.7684717571571382,-2.3423780151572333
5386,-0.8406287644889279,-1.950153445395884,-1.7472804840809737
5387,1.4695298116308402,2.01362941366589,-0.95834692252139
5388,-0.9608945009534334,-2.069924230079139,-0.7527112181677318
5389,1.5171585441512536,-1.575730118617555,-0.2366037843935631
5390,-0.3366153843246494,0.4830459635285241,0.7581989340868374
5391,1.677290273023202,2.4292512925934946,2.994698952314599
5392,-2.717896830438535,0.5040598949893976,-0.3813088912829514
5393,0.7625556332838623,1.1701316809805449,-1.3825861598307043
5394,-0.6311759202878232,-0.8452555049750247,-1.4422001865359462
5395,2.7106591977840977,2.48167559109157,2.8852833112128056
5396,2.396825903772444,-1.0671324978691612,0.0200363855898917
5397,1.5045589480744002,1.749484453323413,2.4934980759333283
5398,-0.6497612575506084,-0.736535046911678,-1.338234481343113
5399,-0.9360035673619932,-0.0017103413038133,0.3188042915883192
5400,1.1539422258093726,0.5939423130283819,-0.6575974943290834
5401,1.5476088707676936,0.4040004649661343,0.3617096845905784
5402,-2.002029624385252,-2.911160448818994,-3.3189340862747723
5403,2.964795571307332,2.857875848960018,3.5823745887828213
5404,0.9326678147633104,1.3119128963989088,1.2012258598759753
5405,-0.0947884509415243,1.300078401973807,1.1913054903334417
5406,0.4463015159662958,0.8150060345766734,0.8592425404687369
5407,-2.7694705841446425,1.0455037380981549,-2.447575909156688
5408,2.4386401348691886,2.388407349602353,2.4764355396485587
5409,0.1152067169739046,0.9339087201116502,1.1356244458772216
5410,0.172827872944354,0.0689619538575519,-0.0307388023370648
5411,-1.6897241486910393,2.52498234185978,2.441180023323905
5412,-2.342057446515416,-3.0759049513754846,-2.960885217693098
5413,-0.3367145647334215,0.7245350499680758,2.5289216141896693
5414,-0.460392369696689,-1.5427942399653072,-1.5950805098951408
5415,-1.5558591637014028,-0.947369079368056,-2.1171015230123924
5416,-0.5220496672235277,-0.3297913238447732,-0.0316930393549885
5417,0.9937775120498926,1.7376491378011565,2.4269037096287964
5418,1.2585288527140577,-0.0559368660243942,0.6164017150630324
5419,-0.111654508153602,-1.2488962751885184,0.0465144316315593
5420,-1.2625094120271827,-1.0026225369784467,-2.063301453563572
5421,-2.487721859413921,-2.8797013960766624,-2.7578596696734428
5422,-0.1485409413872604,-0.6123948841744613,-0.5714964118020011
5423,0.4950890300898131,-0.8020675965781401,-0.2651075486411397
5424,2.46786445138216,1.99277965641544,2.2169595195623915
5425,0.1439122416203385,-1.0564839950366065,-1.8349299420636929
5426,-0.858141569171797,-0.5279023792129368,-2.28470913236392
5427,-1.1809988633823227,-0.294926057146255,-3.105370980168978
5428,-0.2434552624540981,-0.948548420484713,-1.0113426579035922
5429,0.2589099697056831,-2.1120047040688497,-1.4743110749844366
5430,1.6409422623574617,-0.286447111098731,-0.5216423884266752
5431,-2.1675947043255275,-0.5267423663742573,-0.784133016061028
5432,0.7654765200306088,0.867564295909053,1.5338069717288465
5433,-1.811747559310438,-0.0163431544822505,-3.4371765942520427
5434,2.2523483072815105,1.046925155189405,1.4607669800337022
5435,1.505121172826333,0.8073183091862475,-0.1109388632144376
5436,-2.610049189907554,-2.6255806472901178,-3.0590957190973067
5437,0.4437698472426766,0.4704539293622669,0.2548333518796839
5438,-0.5492702771321842,-0.6819341458342751,-0.7058117535340545
5439,-0.7652606201192815,0.1085387725001898,1.481920150161538
5440,-1.8430165575560336,-2.1725127087420284,-2.1379133340011363
5441,1.8047992855522923,1.42073138244124,-0.7782139256623557
5442,1.717048579920038,0.5607150823721776,2.2904394336427765
5443,-1.0504371714165863,0.6246095573705833,-1.0225338752029316
5444,-0.1693177341965852,-1.915172876843476,-2.0185647164515603
5445,1.5357612358531791,1.8550986138346093,2.467851314248028
5446,0.6307971015746292,0.3200298033904338,0.624062914854782
5447,1.2031262821900897,2.167396142190722,2.740328268087056
5448,-0.1871612170725907,-1.4970523556245705,-0.7427690319063123
5449,1.4019414298714177,2.0696763203463697,0.3789659689427628
5450,0.9813157369756031,2.383691025114162,0.5746552043707844
5451,1.4222569853663969,1.1967248868017952,2.655837640881632
5452,0.6783057187982169,1.498029316935911,0.9343383461184024
5453,2.4546056450845253,-1.5901889972929566,0.3155872320965187
5454,1.5471444400370509,2.191600651339739,-0.6966902853722937
5455,-1.136175266814678,-0.5402632281373985,-0.5842846236924919
5456,-1.050355528587238,-1.2414529341650464,-0.3767430144554999
5457,0.373281244901502,-0.5332894564920178,0.1032479182565261
5458,-2.125105410402275,-3.675054503327254,-2.9656735358504864
5459,-1.7002660961613254,1.401301912343092,-0.276810325263304
5460,-2.340191560018946,-2.0169795789978764,0.9405522935338408
5461,2.264828579175986,1.0186842497366544,3.136311766898801
5462,3.1469483897167825,2.729269075839612,3.223030548900748
5463,-0.7029799078252013,-2.313318144729438,0.610368855362021
5464,-0.2089806145072835,1.537174556263476,-1.3440040397758717
5465,0.1038272038291612,-0.031732090497662,-0.1002222160121948
5466,-1.3417806866795634,-1.98292087320534,-2.0719040988158643
5467,0.8195131035990995,1.413536131703898,0.919974191653958
5468,0.832608043251932,0.2732439635183122,1.73194632218975
5469,-0.7318416269507827,-0.58346542480349,2.1723041662745786
5470,2.993949392561668,2.785815886197473,2.7187670702574014
5471,-0.4636376402365485,-1.28617686466159,-1.275230174948942
5472,-0.5963576026774002,-1.1537370241784228,-0.268260997072325
5473,0.3560334456339147,1.2328497805623035,1.9605076425127608
5474,2.041694386881161,2.636666028240362,2.457240119772519
5475,2.7494731181745773,2.682980584830558,2.750744945014336
5476,0.0311511736847015,-0.6848734276113605,-0.8633498960259615
5477,-2.2040064992031145,0.1790159882040978,-2.081130576533721
5478,-3.3973923832373507,-2.8782050034544944,-3.2531156201784763
5479,-0.8589130056917225,-0.9108534859187544,-0.0743458353091456
5480,-0.480457854110946,-1.938817935190235,-2.592436997732676
5481,0.75463621415786,0.4609337089313448,-0.9344354225404844
5482,-2.2784953796558987,-0.3927097434104997,0.1520023738636023
5483,-1.1812166649310205,-0.6123346941268444,-1.1507689797939953
5484,0.4548789001163511,-0.2973568721483083,0.3683857615037494
5485,2.24785760643106,2.9256579114973778,2.6021149870224023
5486,1.097174955549412,-0.0527832223475556,0.4505517065419315
5487,1.747425900420141,2.059952546854608,2.125316345420336
5488,0.6985144601691542,2.17393806310807,-1.2290301205420375
5489,1.0187932901911143,1.697519336675926,-0.0513266636607681
5490,0.8186975650380774,2.4462244283670067,1.4670681314962113
5491,1.0862567152124811,1.7398163896661227,-0.6689554533758924
5492,-1.091174624142068,-0.4557956426488363,-1.4363888133613882
5493,-0.0264787834797492,-0.3694441476676122,-0.7522746746681198
5494,-0.3783605250909452,-2.073911844036308,0.7192685201850998
5495,-0.2796513791630006,1.6934160872375317,-0.1103512770959916
5496,1.9940264562799024,0.9795600786186796,0.472055347457589
5497,0.1137039936235639,-0.1251351221459497,-1.4783969494532514
5498,-2.3134091629050784,-3.586789190220378,-3.655142343982357
5499,-0.2229177273483425,-0.8662542926082577,-0.7415648978693363
5500,-1.130235030502187,-0.6047673426091067,0.0300936598832469
5501,-2.0652295024795264,1.719374477277534,1.8638558121839568
5502,1.127457485426168,-0.8801408733655138,-1.9487763821613449
5503,-1.95586806432693,-2.9081931028056967,-2.286122923427723
5504,-0.200162672201754,-1.3740202348359087,-1.4421109407213588
5505,-1.8129813623881843,-1.6491218005693429,1.3174368723675292
5506,-0.9595988933248172,-0.908991464355288,-2.1675536661684816
5507,0.2911172627921311,-0.738512972128363,-1.122493128692523
5508,-0.3978840836473806,-0.6426183021593423,-0.5834522309329853
5509,-1.2267513176407072,-1.445023161255208,-0.1395060447200061
5510,-2.7965637969100494,-2.9846749017708163,-3.126311174448299
5511,0.0055507319889745,-0.3877050537700935,-0.2972352252158831
5512,2.10539829737422,1.6224059226130063,2.504888094021272
5513,-1.3886939266297549,-1.601725310034282,-1.831889292749577
5514,1.8300073331198128,2.275284578675256,2.982903582142986
5515,0.4174304131920853,-0.8795184698328941,1.318620261635904
5516,-0.339899542663113,-1.302823939076604,-1.0629626501045042
5517,1.3502496435739848,0.4366910418640666,-1.2268141310717535
5518,-1.368678956195962,-2.2689413787934107,-2.966086227478317
5519,-2.2917486892942303,0.4455448046106876,-2.121610422855845
5520,-0.5874403537215163,-1.593603485351183,-0.5493503740489207
5521,-0.9657561832704769,-1.7783253821434568,-0.8451674196444683
5522,-0.6301514595111917,-1.1480815779587348,-1.8582644731369584
5523,2.7559602327245307,1.4636407672869982,2.155261921438869
5524,-1.815868916550177,-0.0682413468536433,-1.9880322712122336
5525,-1.1166272096933598,-1.6114651637953998,-1.9039104219171028
5526,0.5484126853520469,1.135775257843696,-1.2803471817494454
5527,-0.1717641671825255,0.3771419658884314,-0.6103977296744252
5528,1.5200089442427984,1.5704115444394473,1.2417993673520054
5529,-1.7600520712600718,-1.2657389216855928,-1.098036260015581
5530,-1.7011970191147772,-1.6000325563130715,-1.2763738185530409
5531,-2.6098951244555564,0.0191631866684699,-0.4050610627509066
5532,2.2570058943120923,2.1080911892892886,2.5451961199668456
5533,1.6333125479635289,2.541905293226526,2.4851758572120195
5534,-2.714144879391297,-3.1623076740941256,-3.0563167212434266
5535,1.836372321703669,1.291407919182798,2.229130271934653
5536,-2.261306717883979,-0.5859931409244262,1.7901275759891726
5537,-0.6384633505014619,-1.252110383246024,-1.7888234728607115
5538,-1.2111951957732328,-0.0370223843778052,0.6122265134620367
5539,1.2568433262116003,-0.1864844760414567,0.1037487587165443
5540,1.1872508240270738,0.4924440424045727,0.1387511113303553
5541,1.6222149594989188,-1.2403512494817688,-1.1409897792211512
5542,-0.7033413921045488,-2.3184059608194976,-0.1305246709100155
5543,1.1404375733012275,1.1272116088827724,2.1656118483658005
5544,-0.516061970788807,-0.126248041718514,-0.4033020300651368
5545,-1.4687948788526493,-1.009091437717335,-0.8862179970292399
5546,-2.568744488972644,-1.7444112068271134,-2.3012796286990267
5547,-2.571894795601222,-2.746865482411737,-2.2496547732850827
5548,-0.7547719265130163,0.2882679360084722,1.0593857861309814
5549,-0.5505286951361557,-0.0711988618825923,-0.5719530696307827
5550,-1.2360786912286348,-1.952524164362588,-1.4083750221844402
5551,-1.2208512081807676,0.7544675824696869,1.0376792380167
5552,3.473415120766004,3.381187125237076,3.6227434893467887
5553,-0.4366234070754088,-0.5212821081319385,-0.4140085257096732
5554,-0.9788328271702263,0.4497051876290114,-1.1738779537140702
5555,-1.6930686468734584,-1.189343687771035,-1.8467497595304905
5556,0.6831220155992375,1.838813364786322,1.1371076141659262
5557,0.3160144088418836,-1.7218880332422783,-1.4099015561910508
5558,1.3738358348902542,1.4383218214202496,2.512032584625946
5559,-2.070290979402152,-2.1132179694785784,-1.910331741472904
5560,-0.144877247057221,0.4430670071449127,0.5543770431823604
5561,0.93303809673385,0.6732273410719603,1.423051591097919
5562,-0.4529602377643373,-0.0559630474357084,-0.7066346054406436
5563,3.146734528143221,2.896543937965725,3.39144898525205
5564,0.7143756291360023,-0.3937393296515707,1.0272496402107214
5565,1.2423381174179065,-0.2087461206545501,-0.0456052504697937
5566,-3.609857396905426,-3.4828782740261075,-3.739258891831137
5567,-0.6495163591490332,1.689138878405838,2.164983385637582
5568,2.9092723386766526,2.83584830173166,3.008843410543403
5569,0.0368952310399337,1.1305576289085149,0.5411233413971629
5570,-1.304552309912664,2.513810242338582,0.9400972103916516
5571,0.2646598180044824,0.4545170615158415,1.5876671539162612
5572,2.6049583340681988,-0.353624675660597,-0.5474461243942146
5573,-0.5129980550770734,-1.0495546745577589,-0.8491655940474947
5574,0.70370560379012,1.351398379036994,2.037293000605908
5575,-0.7200329528155706,-1.6253679357963766,-1.260468805377361
5576,1.105554062258784,0.9478344134018816,1.102203702032547
5577,-0.0297600842218405,-0.0530054295616352,-0.4161213334857517
5578,-0.061449079665188,-0.5197572675202576,-0.3065539422425762
5579,0.0728145876812545,0.4373531274983775,-0.6834898076279934
5580,-1.4036002597550012,-1.3466967921517572,1.771849172466518
5581,0.1347534121168406,-2.004063409863451,-0.6120279869068781
5582,-0.3436504193062654,0.939684578579682,-0.8344318217788066
5583,2.2462994195362453,1.7465996170504472,1.642960489723444
5584,0.486231201951757,1.779576125140691,1.4222940107115651
5585,0.8136664804898137,0.8113569850100923,0.7099280465243412
5586,-2.333357842913693,-1.7206744679274155,-3.361817271328487
5587,1.6337986982343622,0.803804323891806,0.8829893263654753
5588,-0.8168608615155735,-0.4466651918093796,1.7028475174989133
5589,-1.2613975027580289,-1.9127498682502155,-2.843125484260584
5590,-0.1743613570275818,-1.90260863528882,0.0348784399136794
5591,-1.132698227695771,0.9907126948228197,-1.2497666914556669
5592,-0.242703099423547,-0.6365692468261621,-1.4325711587079837
5593,-1.5977799065584133,-1.0525911036830746,1.186681774618929
5594,-0.0456899911377339,-0.7725901424890878,-0.4463597015456246
5595,0.1477254440285407,-1.42273811972292,-2.174335761031982
5596,-2.172449585912257,-2.331178571024392,-2.228270035169578
5597,1.082026395588095,-0.4792509054763376,-0.1447922111119799
5598,0.6840358967304075,-1.5275376172932018,-0.0764668372523229
5599,0.3326724474640275,2.3526434471849456,-1.3593735472835475
5600,-1.9948361804687724,-0.7167145333737683,-2.000476998038405
5601,-1.893884119028584,-2.351837601057117,-2.7382360715496
5602,2.933946092806846,2.353936055908149,0.4451253805694058
5603,1.8695283819088235,1.5716485757193723,2.251214516962444
5604,-0.6289549139571797,0.1172274204245586,0.8770110609896575
5605,-1.3879050426024595,0.086310613543978,-3.1154764951915257
5606,-0.5639026687503654,-0.4774858575350317,-0.7807048995765484
5607,1.5806689937977607,-0.1950042259987833,1.3555998153902509
5608,-0.8893755199963762,0.8549077228443558,0.8986142189574269
5609,0.6237730500614618,0.5352380825650719,2.0041136361374887
5610,0.0902688405827181,-0.1905125535785641,0.7103487769755578
5611,-0.9671689807165308,2.6338171160455603,3.070596551695557
5612,0.2661867706654099,-1.2440348598343505,-0.3199000714484821
5613,-3.254663023608492,-2.8581068302678547,-2.9528198679992665
5614,0.1439707446427587,0.369396766755851,0.3541422376963329
5615,-2.3508106421140065,1.7431741867236394,0.1440209587037313
5616,3.5428542090749984,3.34903812091324,3.621969268509905
5617,-1.3087100779661716,-1.841805635415824,-1.5579243498039703
5618,0.7114493954813113,0.5008799866209898,0.6066140464239747
5619,-0.2298622235277356,-0.2861982808328853,-0.7575973709851123
5620,-0.6293351147733087,0.0669211892137957,-0.993088754082576
5621,-0.6629278736460625,-1.4666672091375348,-1.737952970220483
5622,0.9352178049676894,0.2754112000566975,1.1430345815815548
5623,-1.2594242970820149,-0.5345166601683607,-1.76287061386046
5624,0.7004609560052145,0.8574306219807847,0.1042471241519804
5625,0.5235997918142972,0.7244780257513321,1.3065840198364571
5626,2.1164794951950263,1.9693565359447087,2.002215744050115
5627,1.024890008652472,0.2949323658353786,1.0335639574392337
5628,-0.7311949687757093,-0.780398296507143,0.2137069802893936
5629,0.2442218898037422,0.3906747076339872,1.0566184873952345
5630,-1.5900738899413411,0.6092138022579225,0.8659934248220617
5631,-0.2051703245973615,-0.4998697378623851,-0.6590768061322211
5632,-0.9559488445920872,-1.2361082633827194,-1.2280254639688897
5633,1.8996588842215147,0.5802027795269742,1.3375607000774106
5634,0.7625076596007254,0.806452755006687,1.3454287142714791
5635,1.4383485627382384,1.814812428115375,0.9211655115841564
5636,1.7712666875818022,1.5859636140008986,0.9056931434410797
5637,-0.8756046259045964,2.1002257121206696,2.005658367975421
5638,0.9012955998190209,3.2057479527973856,0.7019778090818817
5639,-2.912010385799406,0.8278726220988806,1.048068978615878
5640,0.326033159067303,-0.5637656254995101,-0.2631630470000712
5641,1.901645169333476,1.969506152299621,2.051397390024836
5642,1.1805970453727068,1.6145980436155865,2.67302338493395
5643,1.678625330679097,1.790716556734448,1.4413801980840175
5644,0.5307103883355679,0.894581066316933,-0.3836060919755806
5645,1.0594033633226148,0.5370571657729982,0.4955434651988892
5646,-0.2307173304164425,-0.6072159506952177,-1.1564534998706613
5647,2.215986383241215,1.913180046697448,2.047520924425098
5648,-1.127093075219392,-0.7451620886571447,-2.455546612434031
5649,-0.979022019561932,-1.273378384199771,-3.47124528705152
5650,-0.5902159330494647,-1.5878255101050287,-0.7573110853809112
5651,1.3045778989405707,1.3128477832279546,1.1107578943216658
5652,-0.5473779866458033,-1.9846745381085376,-2.032280549978325
5653,-1.6538648668413565,-0.5240011916763582,0.4687408216186758
5654,1.3531621170372872,-0.1153334538654269,-0.5258613634997061
5655,0.0051460991490483,0.2508248983489468,0.4137686195170464
5656,0.8104740973811783,0.0967937142848942,0.3545186157792973
5657,-2.103977212941613,0.8813959477980355,0.8528702553732173
5658,0.1943368993190103,0.6410840711652692,0.762618423441508
5659,-0.926717479096614,-1.9582589809522644,-2.1993917242194634
5660,0.1381385136847436,-0.9947350798575516,-1.3445680156825357
5661,2.6940604396698644,2.3953956664644585,2.8373825632058933
5662,-0.3178080145100654,-0.6793872348899428,-1.366633210306797
5663,0.035602987611747,2.5685204078439936,-1.1511448760232474
5664,-0.1277149892018221,1.9930225381075668,0.933214331175513
5665,1.0738188767133443,0.8600238023981338,-0.8359264588208933
5666,0.4720695448652183,-0.8103419114990836,-0.5497574360489502
5667,0.767504306509567,-0.1012217806629053,0.7126163612594332
5668,-0.6799516068975293,-0.816301492075268,-0.4471656572914625
5669,-0.0865643234823572,1.757655088446242,-2.515194259113604
5670,-0.4522530010038853,-0.0165573655983927,-2.081943944327288
5671,2.010549915928717,1.4521673503410886,-0.7240278819946383
5672,2.8142385500641742,1.571408539466696,2.442302128144986
5673,-0.3101584928017484,-0.8571686860660652,0.0476651910591393
5674,-1.0836383542365875,-1.5357992892641128,-0.6805209286672329
5675,0.0565828973104055,0.2744715055810334,0.0662239579244706
5676,-1.2361199131517129,-1.2291862004482694,-1.130651908462602
5677,1.301090954120629,0.9494716715368872,0.2266626444127414
5678,-0.8220761511139563,-0.3425348045766766,-0.1436289437044976
5679,-0.7772061040907923,-0.6510548152603401,-1.3480016133599355
5680,-1.0487269042579024,-0.6958254454844524,-0.648604518056292
5681,-1.3835637288714786,-1.8642680547757784,-1.913548577350992
5682,-2.0078242227617933,1.3856582419864096,1.6433909217170517
5683,-1.1428310324647115,-1.5494303566285828,-1.4485069956369296
5684,3.7508254482215855,3.202447424188193,3.4054575164111345
5685,-0.9687112133583377,-1.8059069606268416,-1.858056750256161
5686,0.8331168267210325,0.7796576794358725,0.6294314423418292
5687,0.127754526816307,0.6192803637324622,1.2755137176896714
5688,1.7093338654617167,0.4418738866603368,1.965754956148949
5689,2.884755662097064,2.9568989162652297,3.038643007090236
5690,-0.9926862932060148,-1.4735480812294666,0.9159498183387886
5691,-0.2814481784060674,-0.6874558305017398,-2.9574924509555776
5692,1.4794153267166985,2.015666077743812,1.884128575970402
5693,0.4304727237179763,0.8808470931314503,0.8322591187977213
5694,-2.1156390455740257,-2.061648485366426,-1.963298669888033
5695,2.8143889612829778,2.245558883938244,3.0455107598119406
5696,-2.776154341992603,-3.024405746568374,-3.1269228115501724
5697,2.7606316096053094,2.529755379490166,2.863522434222436
5698,-0.9474621484417336,-2.559292534841891,-2.922217115890339
5699,-1.0818959418470049,0.5023427563897949,0.1761112959439104
5700,-0.2062886999904084,0.8078441320203454,0.3466743647789172
5701,0.1961742831288222,0.3609961476862542,-0.569372425900406
5702,-1.8732341258105103,-3.40686862425626,-2.9384220877638336
5703,-3.025703262896222,-3.2526791363849727,-0.5223781295381146
5704,-1.083262673372399,-0.2636734271891578,-1.5874239962246912
5705,0.7596576706366938,-1.0033873817693484,-0.6102719544203071
5706,1.4725162878425335,1.054055226203945,0.1598248206609521
5707,-0.2683437975833112,-1.7897199417059169,-2.576821056097389
5708,0.0404451734726754,-1.3268237809598746,-0.9470650380532007
5709,-0.1956409997138664,1.1678235375924872,-0.0922268219129318
5710,-1.415029524961378,-2.7941474135748865,-2.5817159087170154
5711,0.936196222944355,0.6593645506075057,1.469754947912152
5712,-1.953691173494165,-2.027044989489295,-0.4900400096808051
5713,0.6320217741586258,-0.2195806688594185,-0.1309912004447465
5714,2.8665315127832054,2.606889611666889,3.143715616132788
5715,-1.1185964174051042,-2.4256553014626987,0.7209765933688994
5716,-1.9200740631744009,-2.665883645904262,-0.5223688185432458
5717,-0.8641943875824625,-1.906402101465192,0.2152840338225903
5718,0.0608091871115782,0.9832309777009616,0.584477215305794
5719,0.9637732386906652,1.2891435267599234,0.7590600461211576
5720,2.9630624859587407,0.6073555047430216,1.976473669470372
5721,0.9696411935954724,-1.021455874346527,-1.241228295118603
5722,0.0265250383094568,-0.5707212265725821,0.4764107630371684
5723,1.2629258856979422,1.951358041674584,0.7326211863339191
5724,-0.4943848110372097,-0.3400113877209434,2.5411358728765028
5725,-0.9063775496535704,0.7633323134649577,-0.5708232042796801
5726,2.693988938522419,1.9311585374743936,2.467386322319534
5727,-1.5929895128765883,-1.341926257190275,-0.8447408217629364
5728,2.6515021981701934,1.8247840035828768,2.917749217374009
5729,-0.4600419991466147,-0.2874847995458485,-2.1713675779195163
5730,-0.689073660550853,1.412411294761445,1.181250368012272
5731,1.2120317597720334,2.159154552268,2.255667407648548
5732,-1.9210943288529343,-2.4686418715883285,-2.096744434127982
5733,1.5040573173094776,0.8985510244820163,0.6652236259520344
5734,2.3541871570591955,1.9638576528754488,2.6333550328650346
5735,-0.2336391423852243,1.281867114386498,1.9353818912371683
5736,-2.015243246690523,-2.115262672703858,-1.8059645687192143
5737,1.1730449327771113,1.5796982747139454,-0.8003529060258572
5738,-1.6550718203855548,-1.2200190912909408,-1.7245836649121218
5739,-0.0632969764066317,-0.4912524339044937,0.2252220285026329
5740,-1.5698209329508517,-1.8596186976673577,-2.470156685675561
5741,2.401893822186987,2.090813969249348,2.5718205678252533
5742,-1.017349036833403,-1.981835793601696,-2.5300814618919665
5743,2.1353419821922763,2.140167474424056,2.4779202179532205
5744,-1.5474771358101111,-0.2118689654238063,1.7531104832129771
5745,0.3165951240590566,0.2179948554462909,0.2178689872185392
5746,-2.423327195403828,-1.8571210668180465,-2.112565077765022
5747,0.5389893662197214,0.1097995186851438,-0.4674483608856005
5748,-0.9236108582230348,-0.1500606838010121,1.0355024663239634
5749,-0.3781942503774715,-0.3766699280721892,-1.4689887425972648
5750,1.3327419350136518,0.757873406980216,0.9360369087655614
5751,-1.0865572156562435,-1.1861351985164903,-1.9635012693257945
5752,-2.345156440609552,-2.3365903253303046,-1.9242360471513749
5753,-1.5252174013360065,-0.1230134907844187,0.7280486784079978
5754,1.4151366281766142,-0.1095918544973836,0.9061704484256534
5755,-1.8550127643891607,-2.4672704763360924,-1.7552608497778883
5756,0.0771897180090865,-0.0555372085554604,-0.0250355303325141
5757,1.2061187071881578,2.494784977805545,-0.0024329495014785
5758,0.1005789425305637,-2.1244348134730062,-2.3160475709139887
5759,-0.135501081960634,-0.0802711796591245,0.2510882313400812
5760,-1.0008348478178264,-1.9701889298994184,-0.9934914727523888
5761,-0.2692461415096637,-0.567305578766817,-1.9577711094158872
5762,-2.606739223158585,-2.497134985343226,-2.500633952735091
5763,-1.3007453468506562,-1.541525529737095,-1.1786544581544642
5764,0.0894268690139959,2.9155134655790764,1.8295811600831944
5765,1.2151797241267157,0.5337333651733551,0.8313228181348566
5766,1.1708829522760928,0.5900203171000664,0.3624752130207259
5767,-2.2579036265152137,-1.960550960171734,-1.93209505011064
5768,1.2461792788163224,0.7896475165533382,1.724258264827673
5769,-0.9876524980944938,-0.0188616572888024,-1.8521594738489664
5770,0.3561561511698026,0.5070944457440807,1.099151047807262
5771,0.5067976001650968,0.485748974642799,0.3592462952094106
5772,2.9301014788272224,2.629027368366025,3.140256756838981
5773,2.112793584016426,1.6758333426525844,1.5145554903981289
5774,1.927170905310932,1.8620261025619969,1.7439959552178823
5775,-0.9765529984946196,-1.2800982209189748,-0.717257757217041
5776,2.9571454789005847,2.5619844335042745,3.2957566285721533
5777,2.43553902123848,2.5191927295323926,2.4686920375147032
5778,2.386054685266421,2.5778525753429395,2.955338130348446
5779,0.6757809927876446,0.8034461379192845,1.1050868219522283
5780,-0.3891394143953876,-0.8249289199972134,-0.4555735172446602
5781,-0.2219618608455076,-2.0986510780418417,-2.2653325133658795
5782,2.711215838794184,1.7294534069462044,1.994847465844088
5783,-0.2233665194109901,-0.8725537125298259,-0.2865853016546879
5784,2.8782189974519943,2.717001193582816,1.1227655114900426
5785,1.2138425121856804,0.8286438527782694,0.2525264615424801
5786,0.7057468505298571,1.5054275679553863,1.3866547876050128
5787,1.0802140825543598,0.254182958171654,1.1391478419013326
5788,0.4913591717094573,-0.0344456763169488,1.0354725700421334
5789,-2.2436340911947807,-1.7634337826708364,-1.2915042779076729
5790,-1.4129254213919633,-0.7782209666514235,2.049061053697807
5791,1.798140174127965,0.534658113208165,1.1936532761335923
5792,0.08565509066194,2.0715877073874456,2.508272612030217
5793,-1.9948396659766192,-1.6815704450791986,-2.4610370421755987
5794,-0.6182455809004477,1.1286947849278353,0.1364098518707806
5795,1.1090962965839004,-0.0150473401294074,0.1837833318205476
5796,1.9472192224524247,2.0148205466585907,2.6050150760056616
5797,-0.5498467879359936,-1.0106639845732996,-1.647892489860581
5798,0.5969574289770935,0.1303965042569004,-0.3849390171673706
5799,-2.1994602915836605,-2.360448261839845,-2.476575096283317
5800,0.9450386827996348,1.5809407582128687,1.3001957668121242
5801,-0.5400335052180942,-1.0627153396057962,-0.5399562686132924
5802,0.9363843008241064,-0.4134942310695249,0.6187722004003039
5803,-1.3971041193126394,1.581294929948975,2.419490401593994
5804,-1.2903478320748063,-1.3832231054794113,-1.6369429608476749
5805,-1.2446750987904625,0.130199761792827,-0.6919552806650805
5806,2.4624361136685646,1.0843535064839835,1.0255490860597436
5807,3.0291632290519246,2.953647590787841,3.421574128448103
5808,2.138962194366812,1.4580010018107077,1.6229679191829345
5809,1.461199649366217,1.3906548813784734,1.655917197015242
5810,0.4762487684134339,0.0584773922513804,0.2436990335266332
5811,-0.8870992370918391,-1.2968849288538324,-1.4597048566323223
5812,1.658132666875089,2.413286425472029,2.211575658586722
5813,-1.5952228433385351,-2.16637633985151,-1.0188363066615953
5814,1.471686252216768,1.1672015603858243,1.9487240150685243
5815,-0.112299870820496,-0.7956442781535609,-1.2358762947974322
5816,-3.945185998492623,-2.27073046744886,-1.948148271005268
5817,-1.4125529361346143,0.1266575819293853,-2.08294038749202
5818,0.6936473264206741,-0.1146882603067991,0.8292354472497518
5819,0.3906173619815378,0.0734433890317258,1.0134429456660707
5820,3.203220842509489,2.3216033674942347,2.10778573908043
5821,1.491199316381494,1.4233522109639232,-0.8770204389751535
5822,-0.5971103415266387,-1.3805760451830509,-0.7365226291673221
5823,0.6519145103375275,-0.3418781667431056,-0.4493849340412548
5824,0.5708744430406139,-0.757158528109263,-2.12451021555526
5825,-0.8314007075076204,-0.5749268033114214,0.3120778400024397
5826,0.6042320464565116,0.6994331956327909,0.2056326300624451
5827,-0.6990191209428215,-0.4559603377840304,-1.1191149329967451
5828,-1.985494329781127,-2.279704925702186,-1.969346864832776
5829,1.7586930968847947,2.9857221651490047,2.3097080995298955
5830,-0.7276913435129261,-1.3460922224770224,-2.621312804618892
5831,-2.061625276994469,0.3472157523344448,-0.983889175174799
5832,-0.1749282213537178,0.8786664284510035,0.0918270796045922
5833,1.0017795524600193,0.4158722560706873,0.8119276112898415
5834,-2.4772444335395627,0.449419881553818,0.7121081659303321
5835,2.787206215048701,2.0513664015365767,2.2000395740801104
5836,1.365154801345658,0.3614068147712321,0.3599749496989411
5837,3.425150804940244,3.2340639944323155,3.761959461410465
5838,0.4929458392061148,1.02681784837951,1.8867187408812327
5839,-2.553270389549141,1.261358165979917,-2.488780533868124
5840,-1.0203871892750216,0.8638195365776823,-1.6976346074530502
5841,-0.1648197248716846,0.2794058162062327,0.3666920701251022
5842,-1.4268655556022765,-1.1132033185754484,-2.116346985020294
5843,2.928706705576297,3.3808499982872435,2.9749794111955765
5844,-0.4748426429030501,0.659007352573333,-2.816773142261208
5845,-0.2107411594186307,-0.3418860612045997,-0.6731529132091035
5846,-0.9267048005980256,-1.1803982936447712,-1.1733244039553608
5847,-1.6455842026850305,0.9055398077114802,-2.767112575294267
5848,-0.2983939587788431,-1.037608349770349,-1.583619716412532
5849,1.4090196572618834,2.618002542527425,0.6952980227532917
5850,-1.4352166039487624,-0.468632159024005,-1.2945892147780595
5851,-0.6760633202761909,0.9062725549460674,0.0782772680924135
5852,0.8317277251546027,0.1595167200690592,-0.2866879628390186
5853,-1.9609003809935688,-1.679747542654466,0.75688113750863
5854,-1.0138170311800911,-0.8094497948630297,-2.359292752782932
5855,0.7269458604150885,0.6086417218961665,0.4497549226154265
5856,-2.722688543544108,-2.900986869617243,-2.942828011161437
5857,-1.154485260278426,-2.098136394830833,-1.844135795094492
5858,0.0462970791423298,0.4442445228629929,-0.29730837767265
5859,0.9832086035583892,-0.1650697394499179,-0.1628767669015752
5860,-1.5901478843355443,-0.7665892527114732,-2.4307240744644747
5861,-0.7031136405863094,1.4303210307454026,2.145055675922999
5862,-1.5459622132697517,-1.1571700341287532,-0.6555578883257052
5863,-1.5390177579412203,-0.167374295281591,-0.074215160952947
5864,2.218352590033476,2.186992194670659,2.10230731935731
5865,1.029208452279743,0.2515941397341078,0.5433222668747812
5866,0.9950101401671284,1.79470481155281,1.6463337614492752
5867,-2.562001907435167,-1.3553937557552094,-2.916202062938737
5868,0.7205303934976313,0.9527679020114072,0.7638676663776083
5869,1.21919896455362,-1.9039640139139715,0.3224108317931173
5870,-1.4546150104793352,0.7116175957912668,1.181566699823741
5871,-1.6897736856065408,-2.153365780964621,-1.081327720137351
5872,0.6381918205325197,-0.994518350601448,-0.932686616588498
5873,-2.6034211556798805,-2.2377967447929072,-2.2415067591774607
5874,0.157344654337993,-1.8565794698755909,-0.8754560331166934
5875,-1.3252178019833345,-0.4445294183951225,-1.3327709048649956
5876,2.062709338840301,1.662919556826236,2.0244535031308617
5877,0.0608591179930882,-0.0760142574634402,-0.0008384563960803
5878,1.8820580924426933,1.2436535089778074,1.7164725888711276
5879,-2.01179495429908,-1.407885353399273,-1.2070607269926403
5880,-1.1612887025789371,-1.562565047918978,-0.0520679786449716
5881,1.9296104181271825,1.998970689361818,1.8552081586301108
5882,-1.8059862258091337,2.1645857351803417,2.094039487530458
5883,-2.702098314870593,-2.658641842951297,-2.8176623269064955
5884,-0.6300639465041002,-1.436557220160142,-0.6820455555290611
5885,-2.0788585317798063,-2.391646403802356,-1.9783146486691725
5886,0.8212868691087296,-0.7556338234901735,-1.038520869074089
5887,-1.47467116842108,-2.1715963863522747,-3.2219423049766647
5888,0.1408473896589248,-1.0591800666210929,-1.941632608855397
5889,-3.0229212672302763,-1.8943405024749145,-0.7984791062554639
5890,0.3121998355457696,-1.5497940504817769,-0.2188853606399646
5891,-0.8235826560717091,-1.0412489972641437,-1.5355024583432622
5892,1.4142160658211678,1.5475178997998358,0.5208681808036837
5893,-1.1539099647538509,-0.8462155420428785,-1.0121095656483554
5894,-2.393570172239168,0.9104428101006554,1.054895858466749
5895,0.6827009199898812,1.278196215304216,1.8457103507523869
5896,1.3092679747310814,1.2250335884593773,1.3661607921310597
5897,0.4102575385743758,-0.9858424642978232,-1.2369094613317475
5898,0.0388187625944371,-0.7551014066680748,-0.9241093308057036
5899,2.0588600567900084,1.5783494190892704,1.7498988760737952
5900,-2.2868292347095767,-2.4000115889606506,-2.5956589659767384
5901,2.51185566377337,0.3536303157184138,2.504777293454553
5902,0.2324844190597347,-1.292154095462501,-0.8680864862040165
5903,2.3222194269599585,2.0432245555912387,2.647748448759635
5904,-1.1090036878571543,-0.8455410189995038,-0.4644985972253319
5905,0.5643119427659705,1.7554272301191984,0.5530547454354339
5906,-2.781843659954917,-2.541597526549201,-3.102870523235365
5907,0.1926975808674402,-1.1053635698799302,-2.4792469714972984
5908,-1.3249755308206106,-1.8591411905905804,-1.7108844605459093
5909,-0.6288230958248648,-0.7379976242935973,0.5441834716725162
5910,1.073575034870428,0.146378956119304,0.4598964955795853
5911,0.5490796684115397,-0.3094387284681669,-0.6937363797662119
5912,-0.3891526078456968,0.1522537658440012,0.5143219418762658
5913,-0.0432263439598058,-0.6755478362985118,0.2484916424933867
5914,0.5938663023509457,0.8413634689820907,1.301254759220056
5915,-2.6594919541393947,-2.712927172336522,-0.9098741483484196
5916,-1.1276998189400984,-0.475639070111548,-1.614972107464794
5917,0.1724475875296133,0.7286457561548769,1.0276877240493107
5918,2.643495263415597,2.34561205275096,2.404867242851031
5919,-1.7961736366882677,-0.3506248747151834,0.0736169842948471
5920,-1.279912816732956,-1.0518929461329989,-2.062353352381101
5921,-0.3513228130693334,0.1137549585482436,-0.0558198522680915
5922,0.0387766954814365,-0.6481140486443857,-1.1618673910511312
5923,-1.958966285305645,-2.585833479123845,-2.331405162854391
5924,-2.084494678318625,-2.0177581379615552,-2.436937897778329
5925,0.0463057744885436,0.2442813235859275,-1.7981956942594188
5926,2.457379941450334,1.7874186627240702,2.097952689854562
5927,-1.7452524243115588,-1.2083639500600922,0.3617516485451418
5928,-2.126328265561736,0.5770531893375184,1.7779806693579787
5929,0.1761131001861958,0.3182406123487346,1.4468711652493866
5930,1.7841890337669248,2.1345679192240143,2.3077685557172374
5931,0.6047739725865469,-0.6075745315504105,-0.4849205810389072
5932,-0.1002510135028814,-0.6497062631510899,-0.536058898455765
5933,-0.7241381960663729,-2.578429242684589,0.3678281919186025
5934,0.8517774703597009,1.3802409096978665,1.6225027682334867
5935,-0.9962429294161989,-1.3099494602037367,-0.8201718320720469
5936,-0.46557402381623,0.0707623583699857,-0.060754430082325
5937,-0.2775932988870562,-0.7332196943510165,-0.6198870400960861
5938,-1.0359774714646195,-2.122760397049104,-3.2234200503235786
5939,1.5297366304909772,2.1089742039478603,1.317516301670011
5940,-1.5946469591394006,0.4898176850528454,-0.5781262580957445
5941,-1.3851965439104423,1.137991968220953,-1.801662114285524
5942,-1.3565753287729398,-2.790279221568136,-2.005267603978244
5943,-0.6747097221324085,-0.8822295610345887,-1.072508706087453
5944,1.766987348029343,2.1605511166824605,1.55786719705681
5945,0.5816284552657481,-0.5258876006655958,-0.1620663816638637
5946,-2.582635333871283,-1.7997099941213262,0.962503045803098
5947,-0.1796430288144966,1.9002051434554643,-1.165633667419477
5948,-1.5097557592612003,-2.113563694952736,-2.5015986027706063
5949,-0.6336932376913622,2.8766273786531285,3.152241056139807
5950,0.1037585760429147,-0.627093999739053,-0.1883109974042014
5951,-2.027549014566339,-3.407074504434352,-1.6964920482183306
5952,0.8959377768666734,0.206954976074373,-0.4763175690430458
5953,-1.7489180764517902,-1.4010754304092232,-1.919097782647442
5954,0.7086634842376921,2.4425177956857684,0.1710833928327962
5955,1.4881670004145653,2.308622974394116,2.3367208249249463
5956,2.961417912378061,1.917127277072783,3.406467298552091
5957,-1.2931900381922632,-2.2417397430014256,-1.93780109114768
5958,0.1023795977083524,-3.114651848766327,-1.6782449508097257
5959,0.909602177837852,0.5394866901172652,0.430408846170228
5960,-0.5746426796858226,-0.2715331058570234,-2.8077251906798417
5961,-0.7948908283143183,-0.1600181899485462,0.8461379636689431
5962,0.5744235391706857,-2.628079925602377,-0.7034235156406755
5963,-2.1163647495724174,-0.1858975043456595,-0.4866900836010649
5964,1.7442823685687885,2.112438276476604,2.550893467524729
5965,-2.24930557244706,0.3533877296101513,1.4626046408121192
5966,1.1687803620538375,1.2205273103701582,0.8798575562950841
5967,-0.2858350442702826,1.1256807338969903,1.5133404795713905
5968,-0.5965123112745516,-1.1964505594119832,-1.1318385894749194
5969,1.2625147949995734,2.169838055054683,2.4764170262586087
5970,-0.03622765247591,1.5669972843898472,-1.4168335439418245
5971,1.0704962920872334,-1.277065238840953,-0.0263473847534826
5972,-2.8704483248471893,-3.5084810889182783,-2.959860370524168
5973,-0.9120186814430624,-2.3251792146464214,-1.9252849744632408
5974,-2.1690284333332213,-3.4494822223199484,-0.8579482621714554
5975,0.4650533065035453,0.6091499557987222,1.845625122131321
5976,1.1467330851208697,1.194367232425064,1.4653051958516257
5977,-0.6600408223737073,-1.3291311954841925,-1.8550329650334223
5978,-1.5006706169652049,-0.7998113757200536,1.064039638144498
5979,-0.4988191509085634,-1.1442451516507215,-0.2901822347093972
5980,1.10904110666052,0.8020284129497115,1.0133626754809344
5981,1.3025903217952728,2.875395444441161,0.0989732995088193
5982,2.37723481448036,2.606389544861769,2.7554833779002745
5983,1.901372083407964,2.91085520037346,2.91941013010878
5984,0.663922097804241,-0.0132048633375284,0.8143484395252676
5985,-2.292599777203685,-3.1602801420779705,-2.9439036838964387
5986,2.900253638276057,2.6349697409448143,3.13833370505762
5987,-0.7448739087565536,-1.0959748699460696,-1.082688479749995
5988,0.3961067552895776,1.083737467166087,1.7705268708883732
5989,-1.942967700907656,1.337894934948537,-1.9911880594071645
5990,0.4523079988079621,0.165291696011215,0.3214633228301372
5991,-0.8612500424288865,-0.7932841009405764,0.0774345161007449
5992,0.8130549663053648,0.5053745851473346,0.5524481481029699
5993,0.5625582244161644,0.7572946675983782,0.0745682030694971
5994,-0.6084520803332377,-0.1225510803721672,-1.055539431413163
5995,-1.762439734661943,-1.959231026494593,-0.6835561488151334
5996,-0.9031923498445202,-2.215425212117121,-1.797104645094176
5997,1.9112231681597305,1.4333493175203482,0.9497157817469628
5998,1.138005203090449,-0.8240428273785665,-0.3154545205321314
5999,-0.7398666509115706,-0.894553084154943,-1.006109618818754
6000,2.11565503589316,2.4423449654265883,1.7947733233964698
6001,0.761665096546911,0.4249189238029632,0.3670500766249491
6002,1.5133000651752428,0.8365943140839375,1.4499620413737888
6003,0.8867586702086807,0.0031656997987752,0.534251890322818
6004,-1.8124392062299663,-2.0110122523507106,-1.9631010101222035
6005,-0.295033444095765,0.0471032693242456,-2.0847756303432963
6006,1.0356420087193172,0.513814585444387,0.430841908902101
6007,0.3901072782248806,0.7301363690129217,0.1020870905263257
6008,-2.1194456330172056,-2.917521910971137,-1.7166664060860266
6009,-1.0437864056838235,-1.449253620595481,0.9848882396219284
6010,0.5240432271801143,0.7163341478780196,0.8539726902530863
6011,-0.0175559698751766,-0.0733044090170314,1.0824098734563226
6012,-1.5956831722416331,-2.723897717538049,-2.576635864858763
6013,0.1624499089601888,-1.6263988406474166,-0.6476079902521801
6014,0.3931579218607812,1.058135961763649,1.3401772432823087
6015,0.608575316841476,0.5805114251786629,-1.2952194048626662
6016,0.5856989350268276,2.2602290219439065,1.8010970496852805
6017,1.4097488476933375,1.301216353825141,0.8155769346742519
6018,1.209657868267126,0.9102697423676496,1.1143878916875252
6019,0.3341377071720668,-0.5574069833856669,0.2199975091171831
6020,-1.7255403846032829,-2.067696877750324,-2.5013649510215816
6021,-0.7849681564921756,2.338989543750189,-0.1492793609560307
6022,0.0730960833405396,0.616465217216408,-0.1125085556189568
6023,0.8342220450055053,-0.2900398405604873,1.883347568505596
6024,0.3989013150644914,0.6298701759174994,-0.5640762611353817
6025,-1.332997891927751,-1.1551401802729595,-0.7349172968547228
6026,0.7658606388847357,0.73574744879925,0.8719961880472902
6027,-2.812586083129736,-2.268722698837496,-3.103096743914948
6028,-0.8290283623207206,1.150787528584883,2.4363530153612065
6029,-2.06094357696091,-0.8257296663160771,-0.650376898397839
6030,-0.2876523750856613,-0.0405202837376801,-0.7556955624438079
6031,0.3717078726765838,0.6180897404966612,1.0790057553279404
6032,0.69974120690001,1.2990359515378282,0.6034595859467861
6033,0.8043550246024934,0.8416856418718661,0.74236627543772
6034,-0.7332408878987611,-1.1216156148942362,-0.6903571317101072
6035,1.0692326631477915,1.6481461540877238,1.6750049333523012
6036,-2.6521486386539284,-1.26772436051082,-1.4636092196324737
6037,2.245439739193545,1.223466785176961,2.052118818274242
6038,-1.545093177306219,-2.9191708059869805,-0.3029243246821444
6039,0.7136091389678828,0.8614508987204963,0.1427236330566548
6040,-1.0664804069925962,-2.555469801156588,-2.11501837924812
6041,0.1478339186552294,0.8219806150498412,0.9405960521367884
6042,1.903022888281817,2.5080155658826446,2.1495045277866938
6043,-1.2096393114885775,-1.4450799908096663,-0.9034218799276506
6044,-0.3106919955266941,1.287880336476842,-0.3596942070067557
6045,-0.1175438074511939,0.1427158239596888,-1.553939021973631
6046,-1.2273108020707535,-1.4004454350718158,0.5470571683409333
6047,-0.9200863079566778,-1.109059927092157,-0.9862400765865776
6048,-1.1585994368482857,1.1795482432551918,-0.8406287644889279
6049,-1.4067399342266067,1.7056143205651355,-1.594639197700204
6050,-0.7168652118339824,-1.163050576761625,-1.6572291794359184
6051,-2.3739573162764462,-2.747469496595086,-2.11426976522732
6052,1.749880082895646,1.4248940151781035,0.1054210490565516
6053,-1.1105740796892818,-1.8122788010881945,-1.899623185085063
6054,0.5402268709824304,0.3919693480702637,-0.1637336480800774
6055,2.006865457042821,2.0273593654078166,2.968658677890452
6056,-0.3924165975380487,-0.8700811919307958,-0.7126258735466526
6057,0.4439488759178398,0.5653723486664984,2.6531456339240336
6058,3.960766012332292,3.864094512611689,4.229208969278195
6059,0.9814367416663036,-0.1110083416261467,-0.0606685723731339
6060,0.4341281691716943,0.2267868978065284,0.6743138257740515
6061,0.1329471728935233,-0.3905058142924325,-0.7880645578543825
6062,0.0902785416377966,-1.154245718559308,-1.0967359131768268
6063,0.97996205439787,0.8520172400393123,2.4363246843399207
6064,-1.520955901965125,1.2877273951179058,1.4337580886211658
6065,-2.044745847097963,0.1078578552095839,-1.967471832435607
6066,-0.5435436488609187,-1.6310198017300643,-0.8549068109301463
6067,0.0904915346842809,-0.7221100112824872,-1.378294246651384
6068,-0.9490257600867098,-0.4998984778995798,0.2789069231108605
6069,-1.7117284831081598,1.04916488343799,1.699952941488046
6070,1.5101850780882016,0.084881020483333,1.1229484319914105
6071,1.8816837488555656,-0.3029241299165028,0.5813901480030508
6072,1.1963167798173668,-0.1908721109558435,-0.0165010845031721
6073,0.1323885176927465,-0.2724254757525401,0.4825394509108641
6074,0.9318435416693708,-0.2973889109150029,1.0448246683144724
6075,0.2726775040466414,-0.099167402065247,-0.5609425729372849
6076,-0.6387123535897663,0.3667082141729113,-0.1399243565053899
6077,1.1901551207377514,-0.4132477138202216,0.0349326193462853
6078,-1.4896718181766688,-1.4117741556703918,1.1731597733529513
6079,1.3448970265294398,0.5816248726640564,0.3174450293218306
6080,0.8845193798865012,0.432093651664237,-0.2002466264042784
6081,0.6400185772425925,1.2953361065815407,0.9741083815362628
6082,-0.2045412843962253,0.9831890952137516,1.034804466921157
6083,0.6097606762329897,1.2290516580380486,-0.7420784711562358
6084,0.9456306596910176,1.0402191788094095,1.95329425706342
6085,1.7777388203019966,2.5295286054544,1.931376425061844
6086,0.4116086261679186,1.209558428071102,1.996819207864964
6087,1.3278924355720958,1.3728100154318228,1.2849796644073628
6088,3.5047910482318017,3.6152119353679737,3.653192310579336
6089,0.0838250388543625,-0.5747511850418673,-0.3973751655950707
6090,0.6315453232302084,-0.5211687938013703,-1.106134805641326
6091,-2.014163799057443,-1.3012759456724576,-1.807925036111647
6092,-2.6582040110869736,-2.603500594870773,-2.0629498351555995
6093,0.3766218742557488,0.7308712678961766,0.0049663964654877
6094,1.5128489171485793,0.5893873009966824,-0.566057837507197
6095,0.5313835936431952,0.7273945168494846,-0.3405266558504867
6096,2.8754726668900754,2.484100755941668,2.7309833844032485
6097,-0.4761851753845648,-0.9607347456235988,-0.3765226700191861
6098,3.566595058016893,3.5565953173248683,3.9099415928814927
6099,-1.561138625322397,-1.1749291093728964,-1.562390641196629
6100,2.513168658880451,1.8847314242290103,2.21678630958728
6101,0.1178915055874191,-0.4889009504929131,-0.7048962177262534
6102,0.3987725289735429,-0.3952783416113832,0.2251522360370311
6103,-1.5519381758717103,-3.1441720769191672,-2.6766363583714834
6104,0.0253624390596688,-0.0874909364832556,0.7610354520424203
6105,0.1902683014645283,-0.1899038289482058,1.104323044257325
6106,1.3579981356608304,0.2868494357430133,-0.3076566652856535
6107,2.0614252696800106,1.9700315087399896,2.435055382977846
6108,-1.2268789835354552,-0.9053935531876518,-0.6484575193568307
6109,-0.5412540580324812,-1.6842468452484742,-1.16635721261644
6110,0.1863302136180637,0.9825725487796172,-1.1327653653340384
6111,0.2701397189291216,1.1341093579203991,1.1839819387820116
6112,-1.1626667244779902,-2.158775946781743,0.0857607446632065
6113,2.100468170114325,1.379657950712026,2.794471532862941
6114,0.9323504418007762,0.0111815935697291,0.7713011770969957
6115,0.9610791345912169,1.4197408314219284,2.0185315874769145
6116,1.1354550220501185,2.425586884443359,2.3419659756876223
6117,2.4999408744645883,2.556151258299149,3.017516400953534
6118,-1.397658502174471,-2.366364201610951,2.3585299784088782
6119,1.27268803747578,0.8259510106939918,3.0483320360745965
6120,-0.2816144701562428,-0.2079205382758317,-0.1566302288074965
6121,-1.214040866147693,-1.8955922310820832,0.9476218891757684
6122,0.2298206973977524,0.0161866769433685,-0.0568328533894608
6123,1.5680440941916125,1.1209007315926478,0.8644926757124132
6124,-0.589722312213844,-1.4678781519978483,0.3213599905917663
6125,0.5747137370805965,1.158363251086367,1.5249868914330604
6126,-1.7845906679905794,-2.7498913135089587,-2.084118919753427
6127,-1.2633597002290042,-2.775671030681396,-2.2475166160950413
6128,-0.8692311271075936,-0.361883698570865,-0.6760893719357416
6129,-1.6673273659569092,-1.2454569046129509,0.5152334965770023
6130,0.5397800325496648,1.6064315025308369,0.3834628100420029
6131,0.3143577123829748,1.460165422160598,-1.6636936376791611
6132,-0.1296536942121835,-0.276286426518834,-1.8182127743676324
6133,0.4810739333380076,-2.142212398523819,-0.5404343611022482
6134,-1.3928017625643545,-1.963084623820373,-1.566322073456104
6135,-2.159846957030232,-2.866122782137449,-1.9002630558277425
6136,-1.1463054373444066,-0.3437141505931865,1.871572007000412
6137,1.1244296306420114,1.640013034440029,0.9552074921636896
6138,1.1282372436855652,0.0841939140438161,0.5920852069060082
6139,0.3705674149209261,0.0646655000086242,0.3530864953264162
6140,-1.1481320109865296,-2.329527283064335,-1.8103181979277445
6141,-1.408219096281085,-1.906898555203461,-0.7028170944549663
6142,-2.310127564214124,-3.057835585556748,0.3262151400015307
6143,1.644128003677017,1.9151868018871565,2.584244542064825
6144,0.9813639270663084,0.4190180526942046,1.081645487390786
6145,2.3364680825808493,2.1880597792442464,2.574281840956086
6146,-1.389032390569273,-0.9735282936124384,1.940316707167262
6147,3.338240932463192,3.430172182307409,3.704548260695761
6148,-0.4656132037451331,-1.0208545623082708,-0.3829968999215163
6149,0.7183242899236073,0.8085334488631617,0.0371752337180012
6150,-2.4696784104908844,-2.697462856020012,-2.513882764002187
6151,-0.1111507032109349,-0.0425142251494599,0.4867532166666217
6152,2.9289564311048406,3.1112581355439253,2.236827717815326
6153,2.0677774793901,1.545596721024076,1.0364600866866425
6154,0.2997266797213054,0.3096111402195937,1.136849328721488
6155,-1.1337407230677854,-1.7172058479656052,-0.0591210551310175
6156,1.1453007776911053,1.4719083640535602,-1.4566474402197116
6157,-0.2637881504108215,1.9634437615713944,-0.8125859684383718
6158,-0.3135305436415673,-0.4310983369361495,-0.5286683441224211
6159,-0.7875412885913119,0.2773221686378653,2.070359226925589
6160,2.9633756430868994,1.6199861663210562,2.928934841541476
6161,-2.48949254795863,-2.994313806338532,-3.0224932106232503
6162,-1.7654601909540315,-2.0116533664098264,-1.9124234272979628
6163,-0.6290618294739602,-0.337251941702371,-2.0719602773784715
6164,-0.2209196440073279,-1.4931927892388643,-0.4247913438920637
6165,-1.9611715230816693,-1.3001496434575812,-1.7283020752478009
6166,1.044910397798288,0.8739349563915955,0.985258370308272
6167,-0.4325788773237575,0.4989177966642162,0.5828544514849251
6168,-1.0271820189187486,-1.146856045869796,-2.270208214344924
6169,-2.464036914013824,1.3807845229922413,-2.0607897407361246
6170,-1.341742702310528,-1.861039353653607,-3.285134421698265
6171,0.0169014464561294,0.3528652802517052,0.1949693081552788
6172,-2.3720593422577223,-1.5713572686010815,-2.2177744776945323
6173,-2.3384574410010144,-3.0126816368314646,-2.622716275766236
6174,-0.8939965967358634,1.0360693937261345,1.1457396957015191
6175,2.0381536934216498,1.7658481429195885,1.64480207804016
6176,-0.2154854179930753,-1.326411831325023,0.4140735223141216
6177,-0.5283465941729447,1.4969714508917773,2.682135687407514
6178,-0.8567858597489865,-0.4429658527474509,0.2083201080013975
6179,1.1287928304420898,0.6483860579646402,0.9682267827973908
6180,-2.119335180780654,0.1835220681289041,-3.073802185476335
6181,0.1841492022514349,-0.5209995561291634,-0.5672024496498089
6182,0.4942525653258972,2.108644847602857,-1.7941099754707737
6183,1.1044324693764085,0.718429246507365,0.8496363010530661
6184,1.1663605035508169,-2.3969707114619614,1.4034111620118817
6185,0.9225523888792596,0.7048727601683753,0.3719764840618407
6186,1.3132345742652298,2.0158086295828093,-2.6722682167988143
6187,-1.5905733809061386,-2.647857559838367,0.816882369054184
6188,1.5824005315497875,1.84571091849328,2.1997861125915623
6189,-0.8947030967950265,-2.2328822223779925,-1.7971884054076983
6190,-0.8449057802514772,-1.7174928356002208,-1.516634897563888
6191,0.3785771160664343,-1.505334434348924,1.0760372662780615
6192,-0.0517498683516341,0.4882994497322916,-1.6782647607909869
6193,-1.762411826741638,-1.7571237879157793,-2.0619708346477466
6194,-1.244840515249098,-1.3491690339762563,-1.965978226109996
6195,1.2634745210499765,1.269047541042346,0.980646374092666
6196,-0.5596576628779996,-2.0443848791028447,1.6860528618597417
6197,-0.2093294880037611,-1.8944922591549405,-1.857570136160924
6198,-0.902272740206208,-2.5280794285425108,-1.7727550113445552
6199,2.407685653419133,1.4505890741342136,2.619952658505966
6200,0.8686915716046475,0.9087995270590676,0.1402907221785918
6201,1.0047466955952868,2.2166622485948566,2.3686648407977065
6202,-0.2344861589206108,-0.7238187159493283,-0.6725504516622778
6203,0.7702956820150517,-0.7971412860050139,1.6550420249562916
6204,1.5725415076414382,2.2296264502327805,2.1632304353956746
6205,0.4023902256356527,0.5904802293964911,1.3302883788513082
6206,0.2542153047265164,-0.4900081579108032,0.0502252251689992
6207,1.331243227785555,-0.9841777059805596,0.0896954480366358
6208,-1.6894416590204948,-2.614264470571294,-1.1101743992952255
6209,0.8862062045367781,0.8454873333265917,0.8385097536930965
6210,-1.663023145330792,-1.8585558923720744,-2.367506234074576
6211,-1.0412858881293832,-0.0564712604167559,-0.3712829069044011
6212,0.1816268017822237,0.7640894372541286,-0.450175986284185
6213,-2.581583895270244,-2.7985231603119685,0.5712752472931528
6214,-0.6727020233742733,-0.9055965318681354,-0.8234929802092641
6215,0.0166381774739864,0.0657809206949415,-1.26099547135963
6216,-0.2817048914461121,0.0179892373804368,0.2637927414570512
6217,0.3481380017667909,0.9071650940720084,0.3718754459393045
6218,1.1264507618450057,1.0229199968673977,1.7091388436850028
6219,-2.352244206004363,-2.678199637144993,-3.098291696715191
6220,0.4607630581946169,-0.2907816057046968,0.3533817819924758
6221,2.808547684247381,2.784419239749092,3.2032960081156814
6222,0.6649949061317018,0.5990289351057496,0.3966760029120797
6223,0.1313668913381511,-0.915541793375446,-0.5116557232441357
6224,1.911132412431506,1.6130527029465365,0.5867953430374409
6225,-2.3672680189593387,-2.1980965989311017,-2.2507668354034225
6226,-2.7577378701880524,1.0871268966383445,-1.4062284659170343
6227,0.8686149940494894,0.5957404023437896,-1.5781641294477984
6228,0.612278256479555,1.7122252526564992,2.682321672497357
6229,1.15181303071528,1.7624290456841516,-1.619207198380064
6230,0.710869825075354,0.6714431140045249,-0.2211393912968351
6231,0.7736159274724064,0.7489411150243933,0.1940979167269797
6232,-0.2909074731468829,-0.5271731075193835,-1.5253021391606902
6233,-1.2727014244537542,-2.5340456127643014,-0.4845204848237551
6234,1.641199427227699,1.4433799879471942,1.733205033309937
6235,-1.2742157508605412,-1.895796434505315,-2.535185935294092
6236,-0.7741450027303682,-1.0419286322865415,-0.7465636818497803
6237,-1.0468590230034949,-0.7141427814064348,-1.3325826154094256
6238,-0.3872340899099656,-1.598945731534693,-0.908522775713026
6239,0.2961187655746765,0.2255882294028826,0.0484671697901546
6240,-0.6383564365511942,-1.695034854765702,-1.2381003327926072
6241,-0.2819497159731548,-0.3342874723257309,-0.4318697018162762
6242,-0.9599428776452734,-1.860144723559712,-2.471977869502434
6243,0.2810761257116897,0.4143102466733058,0.829521618880696
6244,-2.1957249822089326,-2.6508300532044298,-2.003735727071074
6245,0.8247244341182667,0.1721759190470643,0.2055627266468468
6246,-1.496129409415884,-0.539784803975068,-0.6435233608579647
6247,-0.5757012000072739,-0.7650680135257286,0.7065182302808575
6248,2.0630972662304763,1.4674603254407357,1.9980355986929648
6249,-0.7547172479230713,1.15323531529324,0.1970023264306226
6250,-0.1482829443803603,-0.2640838182923293,-1.1031556443980142
6251,-0.8078971782626247,0.7677426164329679,1.3875163191335338
6252,-0.2923137583409989,-1.3532411777408535,-1.1009179383386571
6253,-2.271037514839124,-0.6757446195073872,-1.4131783849264703
6254,0.9802426280145264,-1.0650879659910095,-1.491484426564825
6255,-1.3938310145313992,-2.863527980336386,-1.3106564812266417
6256,-0.10076330826466,0.5884302970546963,1.2328847527773032
6257,1.2014397779256525,0.8623260296526282,0.9169580239643011
6258,1.5269326061572916,0.5304281123382264,1.339696053713331
6259,2.269459838373215,2.341170701425669,-0.0707658736447823
6260,-0.3030957190768534,1.564855175529195,-0.063979598912208
6261,0.6965242109994432,1.866345979191453,1.3119781855702644
6262,-1.6985261241935432,-1.914817001854263,-1.1222360938500835
6263,0.8867586702086807,0.1328177374348841,1.0079423132837844
6264,-0.1771969550985616,-0.1308366187302133,-0.7403713618097464
6265,-2.430991644474428,-1.94134037545462,-1.849115678054864
6266,1.1054338948143951,-0.4550811036315065,-0.3502197999711209
6267,-1.5755145214558417,-0.2528744252684614,-1.8393249364802056
6268,0.8315972637952802,0.3557080713884952,1.2324921805534967
6269,1.4472186871882962,1.8010073928943424,1.801275718586816
6270,-1.858875809311717,-2.2168897485483385,-2.581691841336202
6271,-0.0062793036544796,2.069683132558145,2.2637085483361363
6272,-0.3593483950973578,-0.9417661751024132,-1.022348036595406
6273,-0.4704239159544068,1.0165076989568198,-1.1892091801315248
6274,-1.4193855928706305,-2.3630960145584927,-2.5583454578032847
6275,-0.3936697583895812,1.364468553367411,1.3342190669882783
6276,-0.0682219822733508,-1.030275451368244,0.664211134857406
6277,-1.12716304329709,-1.7089270642953631,-0.7477334570446149
6278,-1.3428587473648872,-2.4388428730839182,-1.7909589222492264
6279,0.6299976252936708,-0.7521375662140806,-0.9197721227566732
6280,1.9353900911217123,0.3793214023997315,0.6267995317073181
6281,-1.7639212867797842,-1.6562036273737024,-1.69232287714748
6282,-1.7337110899179025,0.8207076822067951,1.4089527378688544
6283,-2.2779509979957724,-0.5002090495264598,-1.0049259645474709
6284,-1.7623591493991615,-1.9350635602761297,-1.705273048359312
6285,2.365777489497209,2.2809509460137587,2.6552426146737926
6286,-2.1702840337109786,-1.7000711655715997,-2.2184164910141964
6287,0.1336573848355719,0.4912545771949036,2.1159360010187847
6288,-2.400455022992808,-3.1457272107448984,-1.937114474417161
6289,-2.1134764479426265,-2.854695126193809,-1.183070927375161
6290,1.2568191942635043,0.8042698121765315,1.4993172029736452
6291,-0.1473291138779206,-1.0784492883866676,-0.4193092586273887
6292,1.2477584528226764,1.520991084768845,2.019837888132636
6293,0.2042664757336881,1.5902570445402264,0.1786573064870641
6294,-1.1337112506021751,-1.499632765315074,-2.625570220208422
6295,-1.8130810553808048,-3.452379279364804,-3.150200536636588
6296,-1.345078522772527,-1.4951074653553025,-1.852657857706322
6297,0.6673887229642939,1.2892146959484252,1.7475496782661186
6298,-0.2654256163641588,-0.5840321618625866,-0.3336227315205771
6299,1.033650932393909,0.6850498084555516,0.6795313492334176
6300,1.7560822065796535,1.8445758651876951,1.4997014626225544
6301,-0.3867644171218112,0.2520122657055311,0.3584115706602456
6302,0.863565115710572,1.5447477793773536,-1.2631118646554176
6303,0.0718222900066884,-0.2460906796035005,-1.853363957537426
6304,0.9390571572557752,1.2795034607769862,2.629962035851838
6305,-0.8972061098599815,0.7068796948879815,-2.7602527886166985
6306,-1.794257045251839,-2.1864748791399187,-1.1205528404084129
6307,-0.3743836304718624,1.5705067898188367,-0.349127730703767
6308,3.077088830618079,3.0318800115161983,3.462163640171275
6309,0.7978760255236352,0.1624214331961993,0.1765493761622299
6310,-0.8298700967671087,-0.4762218267363476,-0.2573501763748221
6311,-0.1773038501144086,0.8645493819732543,-2.535345234896536
6312,1.9913017720871893,2.3862889690625173,2.4462692346610746
6313,-2.141955787220589,-2.0276224108288288,-1.2443744006357378
6314,0.1311997187694659,1.18694051579647,1.6674102219950129
6315,-2.550479697773504,-2.6308133399208224,-2.6827636145012987
6316,-0.0630628565472838,0.5697322064833487,2.418985385859054
6317,-2.243022936528844,-3.2093512431221134,-2.16208345965523
6318,-0.3093934451156234,-1.2851177718878148,-1.2008284275238026
6319,-1.6438809070986808,-2.696759311708352,0.3431002165306327
6320,1.0818291838852063,-0.4292539302589837,-0.1306571375179768
6321,0.6472543592462756,1.4039327288942671,-0.0867570243777214
6322,-1.781373550251969,-1.804850409485582,-1.5354482350081609
6323,0.1188378519780815,-2.239577625513092,-1.534776122533675
6324,1.9546096102948225,2.315156406767225,2.624554067256097
6325,-1.0817673506755998,0.4137148519641653,0.37846446024135
6326,-2.148798928689388,-0.4358125503397726,-2.1527429800735924
6327,2.286067015035897,1.8365014534167643,2.299534093845266
6328,0.2909098892016566,0.2511372622275895,0.1854031003628536
6329,-2.173686265363514,-2.214380414013037,-1.369205000300718
6330,1.0818860878786722,0.4525352811803044,0.3789785804612801
6331,-1.4903474022086154,-1.5396196594443847,-0.5528397323360057
6332,-1.349331643994369,-1.456143213913546,-1.7633930139324687
6333,-1.209092283829995,1.9352492512335688,-1.225872619052388
6334,-0.1204824350225728,-0.737895524099345,-0.5934585306171585
6335,0.88355765958155,2.599648735158252,2.734888295575212
6336,2.0952433684620813,1.729881281904092,2.0828316586552607
6337,-1.0027591321663614,-1.3742095828679763,-1.6919927187691934
6338,0.254358201365908,-0.6279205251210958,-0.906204266051604
6339,-0.3438334664949379,-1.9424556642057829,-0.9240143297288496
6340,-0.4788578327464005,-2.101061119974403,-1.4594599459807165
6341,1.258853539000017,-0.3240414547632133,-0.4296926478868971
6342,-1.4942143691506335,-0.804916136103746,-1.322906823568656
6343,-0.4016123054799562,-0.712754694308074,-0.5431441658820579
6344,-0.2632555719973207,0.2995685775122383,-0.3769534634636141
6345,-0.3998769986403646,-1.8822704046444283,-0.9682941492610502
6346,-1.590534041963698,-1.3893791442350611,-0.5911807204669768
6347,0.9686777668260828,-1.0353902852019816,-1.5687763111890447
6348,-0.6305637016339584,-0.732102357192579,-1.1043816785708185
6349,0.9334217251784434,0.3735378030646661,1.129396568892739
6350,0.3953553781085177,0.1339326955042573,0.8168923253655287
6351,0.104084780349365,0.0675642313733849,0.6974543248771077
6352,0.6299260846079424,0.5779292290411326,0.8255108661220794
6353,2.330625833255917,1.4496347971614416,2.39168249740558
6354,0.3333882353012022,-0.6411804687421476,-1.3201300890039047
6355,1.4516555637332242,-0.971188291400758,-1.1637105421897491
6356,0.7854670453312167,-1.0460971382085795,-1.3749961472487249
6357,-1.62940008827035,0.0641864672511469,0.3591376073605893
6358,-0.2918236996254524,1.0197418439521986,1.4888436551086124
6359,-0.1236120740049995,-0.1148107006664021,0.6714103492000933
6360,0.5944714609126154,-2.361209013208482,-1.0325112092016924
6361,-0.9077904910630537,-1.2414265156819702,-1.1426534307456266
6362,-2.169854314670006,-2.6536533622152803,-0.8965516130949631
6363,2.598999534804445,2.571645737100137,2.8364718187990947
6364,1.7747476212044504,1.3891539581610488,2.0680313641777213
6365,1.6267113153798305,0.2495878222350033,0.2102919008907351
6366,0.4343766256733801,0.3807645190034553,0.6277594228072556
6367,1.0183295227503253,0.805549013808202,1.0130117462353865
6368,-0.2900859649389518,-0.4997152201568433,-0.6017879906093136
6369,1.214888987998138,0.9651121781904046,2.080878254952896
6370,-1.3221761615852496,-0.9279368456669016,1.6054640203604669
6371,-1.6304677058776296,-1.0746737720348556,-2.6140486306947563
6372,1.2231451055340328,0.5022817369243983,0.2397171821804423
6373,0.9065005967189316,1.1113413865640898,2.276773528356367
6374,-1.3408703723614328,-0.4038390682459761,-1.298432437587837
6375,1.831278200400889,1.6832680447013737,1.146308809198344
6376,1.80789104786094,1.7613243785084105,2.122917444515152
6377,2.35972642100183,2.951470206061212,2.5454585997040047
6378,0.882060549891905,0.1349629191669419,0.6283785771663688
6379,0.1836806197054691,-0.8529879992363951,-0.8092734083742068
6380,3.396644486945354,2.630024617411685,2.643305870518969
6381,-1.5624134653007435,-2.871881916969635,-0.3405894165052664
6382,-0.1324853035733608,1.0290964642139846,-1.6743345725074448
6383,-2.032847726767854,-1.973139604715669,-1.6826578295250996
6384,1.1484479411283877,-0.4434789100752681,1.068200563359001
6385,-2.316106245771982,-2.1114851180600094,0.7275878706000858
6386,0.8798477229747397,-0.54596741333401,0.3861057896406309
6387,1.4997675047681962,0.3692325314375588,0.0646897937308527
6388,-1.7161961826986325,-2.4130624574868893,-2.3181432679182783
6389,-1.6121814434522803,-1.7552133755547197,-0.0761104991965025
6390,2.2869242411509423,2.03822738383056,2.554551119273389
6391,2.2487403032100888,2.038770968220224,3.2206904678149826
6392,1.5917180439348744,0.1967003545076351,0.3129793218933075
6393,0.2689472802580122,-0.4464654347835101,-0.0209945373084033
6394,-0.1266416074245636,0.1620471593156205,0.4540375396633487
6395,1.1896273649954856,2.9162734201384928,1.1105753857782736
6396,0.4581944527850827,0.7606577882571499,1.120274407123358
6397,-1.599771256219104,-1.5351931285682,-1.24611301117827
6398,0.7104351253398452,0.6923106578898224,0.9210586632444484
6399,2.9581985548291563,1.9767836366834044,2.248990194313003
6400,-0.1892653453346732,-0.9761521942420808,-1.3251470442022162
6401,0.3359748573426162,1.9699367093142208,-1.2147604372437877
6402,-0.6972443130581121,-1.4975263299085109,-0.8827189774132556
6403,-0.2919805587442563,-0.3675736824767398,-0.647166754458371
6404,1.7022267052632318,1.6219570794400997,1.743804261439114
6405,0.2110238371123518,0.9361425956361492,1.280647631207814
6406,-1.8955731788813608,1.2254425551062011,0.4806573661880381
6407,2.081412454077643,1.932535361786586,2.1053255472490666
6408,-1.8112929332097345,-1.0722919716421488,-1.7043464541335474
6409,0.7052764824475357,-1.1657754958488578,0.1182448983246578
6410,-0.8448575270847369,-1.2344636244345937,-1.1222044296805365
6411,-1.7948040729104215,-0.8490406237164858,0.1258206640187072
6412,-2.5212623764685684,-2.8565028416837577,0.1647404089725412
6413,0.7667299449986387,1.0761828867337813,2.1377334777654955
6414,-1.882436133355459,0.7000573471653647,-2.071831725297129
6415,-1.5731159108437132,-0.2059035598205863,-0.3246207110759015
6416,-1.3263596043680808,-0.468736833704012,-0.0148430738442168
6417,-0.2742221365018373,-0.6588050239542054,-0.6015590304466282
6418,0.6717473081531866,1.035907922844976,-0.1228445689342008
6419,-0.1754190413499591,-0.9472628244421242,-1.0513433649317638
6420,0.3983170734400354,-1.1043507090529503,-1.6389038974396988
6421,0.4969844876192689,1.8696195866374392,2.335016420799348
6422,0.0057086101665713,1.24652988786168,0.5430840008165697
6423,0.8055162574222948,1.5767083649717424,0.0745846533803191
6424,-1.3062280653107925,-1.6973303005544926,-1.8036494915137329
6425,1.1730510724406902,1.247129742355925,1.9655257731492228
6426,1.3622039227474532,1.1188831048009902,1.067325882969747
6427,2.3310951995194245,2.3656114150630847,2.400973101779276
6428,1.1500715380828552,0.8109287297276785,1.3625543781519296
6429,1.8306815773114529,1.4296181347886256,1.4458270036945564
6430,0.4482198882028179,-2.512516380114125,-2.997457084693602
6431,-0.8108515357967223,0.3761584037031892,-0.5375703927234237
6432,2.672765230970944,2.268331751595209,3.096113489388164
6433,-1.9142757194947173,-1.9594990961511,-1.9054857487425176
6434,1.06355096596098,0.4366324011826956,0.5480915858437881
6435,1.7331486816626132,0.4158252278042624,-0.8285959011922301
6436,0.9533659883559452,0.4104573370910311,-0.211021870405559
6437,-1.4357503518139942,-1.846351830568276,-1.4331140724393252
6438,-1.0499099653981816,1.34963742492012,1.7408180130476034
6439,-0.6347754498846521,-1.433907063081131,-0.7289103330117546
6440,2.311387817053676,1.346154566836072,1.4296859183026909
6441,0.221478229476653,2.0814553914179124,1.1640121922674875
6442,-0.7521054261271453,-0.2971490691132902,-0.1598260989649792
6443,-1.4076734836373246,-2.32109459449952,0.5416394458958301
6444,1.3487694170554465,0.8121941755850235,1.636077464358081
6445,2.667429877264371,2.55551184185945,2.7416783930723803
6446,0.1559183825606577,0.9214516471963414,1.0904497228368388
6447,3.386386097708925,3.608118049483058,3.496958239459419
6448,2.1253746379295166,2.275350120331631,2.7186738840509665
6449,-1.5943199320134147,1.949815171620182,2.4311774455631854
6450,-1.6446318258498198,0.5557221281302699,-3.025488198673151
6451,-0.650572206504715,-2.368827578530794,-3.3086693299977004
6452,-1.1739802400825274,-0.7519667826515019,-1.0419593907382108
6453,3.037978337722239,3.413336537356464,3.711102269356004
6454,1.2606336290543314,2.4207030193020653,1.729735941190749
6455,0.4976142990385146,0.3280767601843706,-1.889629560473684
6456,-0.2366716466703448,-0.9940661333933862,-1.281352024293522
6457,-0.7322154591093427,-0.8920367134029006,0.6189309473991857
6458,-2.7804200682754416,-2.035742309185863,-1.2726282271277565
6459,1.1996434295874905,-0.3269256999213366,-0.891229225243025
6460,-1.9031881591336208,-1.0251892452659788,-2.4428971803291755
6461,1.1927130373591746,1.2261048089014643,1.392473472509161
6462,0.0657087185525011,1.021663740274167,0.4756915580083918
6463,-2.24560254596836,-2.397813281715988,-3.327735465503575
6464,0.6456388389959411,-0.7425835311870845,0.4168022595411732
6465,1.5550912594737056,1.2881735022799758,1.6489813846113317
6466,-0.2166224433454057,-1.6315884417670306,-2.131121836540864
6467,-1.4423025657155506,-2.3216030557686413,1.565007740020973
6468,-2.007939862883919,-2.285067274542936,-1.7483467446773335
6469,0.329506378420015,0.8344500648718658,1.079846558873884
6470,0.581880759764701,-2.0277454078333244,-1.3699115699110522
6471,-0.9054245302645394,-2.085223824477852,-1.5342463484361923
6472,2.2766444338887446,0.0227291755929888,-0.3869979246032127
6473,2.3346339203687454,2.9514395195229395,2.9555718971042286
6474,0.2976192629158986,-0.2462848340768602,0.0862682767103052
6475,0.1972215517844641,-1.0360971897789637,-1.4265176618161175
6476,-1.4938935080317712,-0.0763452109084952,-1.06032544962576
6477,-0.507797480325928,-0.4927566590076043,-0.3042599314583629
6478,2.2630610348840103,-0.2274520785787366,-0.3994912854155855
6479,0.63017069813271,0.040422446517927,0.6350107380268842
6480,1.3164094000355675,0.5881894729105632,0.3784572912342992
6481,2.6892197324433167,2.7113054276264243,2.6892033326742286
6482,-0.1771753037063558,0.3487404165378237,-2.726040472288978
6483,0.7221704334824832,-0.9933489209133916,-0.9322602856682404
6484,-1.594470028025478,-1.79033061336152,-1.44086882528849
6485,0.1716824132395096,0.1890664361183948,-1.49207737094566
6486,1.0399383200679349,1.132227670501861,1.6312835091825144
6487,0.1411296335974592,-2.708806902038204,-0.0426526268832397
6488,-0.464163171587813,-0.8497955414644952,0.0405223187311666
6489,0.2029998122230326,0.6908130087306117,-0.2223338236028983
6490,-0.8822460991081551,-0.1048726969794353,-0.4953988529131558
6491,3.83700823465642,3.779975240677317,4.109274422013595
6492,0.0212739483905536,-0.2385979910252421,0.9247057525163612
6493,-0.4628314922249477,0.145784088111544,-1.276691338937364
6494,1.2487367258624926,1.4612530426341346,1.6409728803910608
6495,0.8290963602530328,0.9827912115852586,1.0383688936564357
6496,-0.3067833824726981,-0.6572855145043898,-0.1753752591997559
6497,-0.0897125612062267,0.7802378528053839,0.675804880164341
6498,2.160376010409531,2.179722077312144,2.791884765411992
6499,1.1126583728466206,-0.3766504836928019,-0.8586615932716866
6500,3.5663380017398048,3.29541594661026,3.445593239902632
6501,0.1779793979650852,-0.3374576637682813,2.352683529319116
6502,-0.3368294586957958,-3.3723299347918907,-2.473399517912922
6503,-0.8348138764184696,-0.1129008512419256,-1.6458549096598822
6504,2.3748837039375563,2.163609793861522,2.7563011415022904
6505,2.4251910192479844,2.029450966726908,2.1362091743205136
6506,-1.0466870948522584,-1.2943894743102329,-0.2673062850125026
6507,1.7250260436557023,1.150209716566721,1.2114675815008231
6508,-1.3481376964759182,-0.7311216144714215,-0.7786554596858961
6509,1.1725941914313265,0.5725762182586842,0.2530501818607074
6510,0.4835834902298319,-1.4075711034319958,-0.6648996560636997
6511,-0.055633525660836,-0.7278280810351758,0.1282650957812461
6512,0.8578624236319541,0.4759144130064814,0.5419472511110949
6513,-0.7050473110540114,0.228877813846283,0.8949965601797318
6514,-0.978818094740924,0.0495014832492505,0.503024797555758
6515,-2.0734919943998547,-2.3212334971643065,-2.4317386449905367
6516,0.1037461407628455,0.4041739988850412,0.2105674093514161
6517,0.250848737745556,-0.5601192485345126,-0.6573439194494303
6518,-0.8166777813771424,-0.8784431723549813,-1.1256183119661216
6519,1.475339101033799,0.3194181235414626,0.3576470260405621
6520,0.0654124209307312,0.5405623665954364,-0.3354468329091307
6521,-0.2531928035689323,-1.51906598029082,-1.8024435111323784
6522,-0.6377512508145292,-2.199822074313308,-2.858259247873627
6523,-2.5130163382929025,-2.928476171117634,-2.265066500073692
6524,0.089377595385451,2.3870618091272364,2.452242996997092
6525,-2.011755012688368,-1.286711339740825,-1.53961662606593
6526,2.475584349306029,2.438005785266418,2.947527047519501
6527,2.5611102388534035,2.059568552822001,2.8267856799522693
6528,-2.507989459105364,-1.715217809171482,-3.6386347024847865
6529,-0.9264756086646916,-0.8469844853582892,-1.81144464194729
6530,-0.3249861292683211,-0.7205619185285541,-0.4460040630181605
6531,1.7735736323600642,1.1027347053042698,0.904618490881372
6532,1.386667694159256,0.9298506123834596,1.0206088267984377
6533,2.23084863658564,2.1264209568306383,2.7482728487359185
6534,-0.4125487356327669,-0.0188924776182217,0.3091352333676042
6535,1.6134229226910943,1.3017732920769374,0.6309118711325493
6536,2.216159620697592,2.312047489569137,1.6293783646240676
6537,-0.7585322297844994,3.044328256689424,3.483226947644869
6538,0.1760591331660184,0.367642761311144,0.3296576867831923
6539,0.3513845582284515,-1.8570324205830675,-0.8260533078934952
6540,1.5780374546671334,-0.505792021094495,1.3987789856009816
6541,0.1487538003733583,0.1160578645844323,-0.1047803536642619
6542,1.0344131447645926,0.6987249222890978,0.6500424931705973
6543,1.7380862962646162,1.0716842499416213,1.567266562721844
6544,0.3050159922281631,0.5826816234782292,1.583547297416041
6545,-2.526573698733896,-1.8117750489339013,-2.064156101618416
6546,-1.34230071653874,1.316285862681924,1.541956603292908
6547,-0.5571313683231225,-0.4814582607377748,0.0161430914032149
6548,-0.7571718911768299,1.120634561204672,-0.9698030879072408
6549,2.502250730541072,2.921610247165482,2.877913869010923
6550,-0.127750585226307,-0.9944626707388208,-0.6457829067003458
6551,-1.661512021058866,-1.4020742330946707,-1.403360301752394
6552,1.814382462966188,1.2512308764983198,1.6643066799561874
6553,2.4526473231458663,2.18191240286106,2.872462060794859
6554,0.1377509114499482,0.2752087298641874,0.5248198383697953
6555,1.1747789429475095,-2.271343052482538,-1.73146501982897
6556,3.3119470628885246,3.2257144055418085,1.9023854737617905
6557,-0.8613551271031208,-0.0901775577359112,-1.6346919152988926
6558,3.281243342600772,3.240499755193311,3.062838186655476
6559,1.4687782460609695,0.8523796919339939,0.5839204170161526
6560,0.4509424814351926,-0.2229736574821837,1.4078168002931428
6561,-1.442712645688107,-2.065256800236682,-2.471446850908741
6562,0.3308260421196182,-0.3350219953349307,-0.392381236210686
6563,-2.921669092879919,-3.0516251523049496,-2.015512719424252
6564,-0.0428522541142372,0.7567182352866096,1.353958279896389
6565,-2.2936862113114147,-2.6201091957683333,-1.987034676130788
6566,-1.575225277254499,0.7565369317436507,1.2419773808137968
6567,-1.3015904858568124,-1.2237240597383996,-2.069572030409341
6568,-0.5322131491763308,-2.156599806737703,-1.8219487679179875
6569,1.4878571709308688,2.395183226378732,2.282922013191556
6570,2.2368954686319715,2.3035581426879115,2.4236566312696293
6571,-1.3417908209122504,0.3814279485309814,-2.0281303049722643
6572,2.4597021616225425,2.940356944567402,2.8216077195259097
6573,-1.2358445463376355,-1.961879718563904,-2.319325642009731
6574,0.6088465826735427,-0.161219798741952,-1.711832689746363
6575,-0.7438076375784783,-0.8992343045264151,-1.0737865083370446
6576,0.8524699137033492,1.468950796809646,1.2929369762343608
6577,-2.335666280612249,-0.7457487471628165,-2.2872633417842674
6578,-0.5580820775988958,0.4494010692581244,-1.1500393157465545
6579,2.484793583109608,2.057979248120268,2.0266513999914872
6580,-1.3274058242108375,-1.305165772087441,-2.21779509172447
6581,-2.5503630846965777,-1.72715498628427,1.857690596629924
6582,-0.4298993618229298,-1.2927980545270958,-2.3849873401902544
6583,0.1281088879806813,0.8808564283846236,0.5669480067357293
6584,-0.3405477863221964,-0.3918117929768875,-0.779393496522897
6585,-0.889072124534896,-1.8833638847200629,-1.7017028856179914
6586,-1.7193588275382423,-1.8073192415534245,-2.116692245056706
6587,-0.532282817513183,-1.2127491682505769,-2.0792764711701044
6588,1.124195319050391,1.0294346779134105,1.3227165422957996
6589,-1.338206419101165,-2.7250462059825007,-2.326713223816515
6590,0.6609296581674233,-1.7323760837757314,-1.0259955835674834
6591,0.6278940583266392,-0.1612472906038121,-1.164918615170295
6592,-0.4498949072732626,-0.4638241584342022,-0.2273896819820346
6593,-1.1835132271568982,-0.2358032197233783,-2.974222466055689
6594,-2.065534855295867,-0.7129268025944315,0.4034865991723956
6595,-3.0069992525755005,-2.8661913029600226,-3.198684551344696
6596,-0.0430447295304418,-1.5970316034434024,-0.3340919773548222
6597,-1.3007926777864427,-0.9590773480618704,-0.5873346323049516
6598,1.2064293192080828,1.2918379996116438,2.0807376374198285
6599,1.2173651825858192,-2.319766533934906,-1.277474668061786
6600,-0.9856728197635692,-1.349369111159132,-1.4863832527435012
6601,-0.5192909673473254,-0.5350867026500548,1.4511449824522509
6602,1.7761731852333602,0.677942148532739,-0.4372298180979433
6603,1.7868234936301404,0.91233283656973,0.1787081283157957
6604,-0.5132799969183961,0.5500186852174148,-0.9259150492231204
6605,3.1668699320796527,2.2851995993325755,2.9439025554886205
6606,-3.4376837903729305,-3.2449506763990863,-1.0822159896483636
6607,2.2539601084509817,2.2450743802474604,2.478749189212698
6608,2.384293022791768,2.8617889518670467,2.911713885837671
6609,-0.0382487612108172,-2.9702368828824626,-1.85259400719649
6610,0.2252458171826409,1.986510058981617,1.8877961603594289
6611,-0.2418655105631535,0.9042568678199348,1.2410113989487153
6612,3.6026320651750385,3.556383295132433,3.871280489849427
6613,0.7835794427068418,-0.5242751771964125,1.138035725447061
6614,2.195010524833931,2.0949117372521027,2.663525036538425
6615,-1.6921809273812605,-2.175915328617679,-1.909069639701279
6616,-1.595120153194008,-0.5506419602058819,-1.6243184401253985
6617,1.911334739992036,1.9142726234592788,2.346789461792265
6618,2.1402034011579723,2.533478694537167,2.415713971148141
6619,-1.3794258036053435,0.3116263993087714,0.8240608784379698
6620,-0.6644027737012478,0.0196128279669115,-2.9586129119591984
6621,2.7654591356329696,2.146833784857461,2.871753444834704
6622,-2.3737238114753625,-2.2686517717069985,-2.5704764418771315
6623,3.1553137851360806,3.028426753267796,3.237559888633949
6624,-0.5187914998561262,-0.8087088333688015,-0.2633825018275151
6625,-3.75295093289078,-1.966591703625963,-4.047198869824531
6626,-1.7515861452642298,-1.69177388177272,-2.1598794615074226
6627,0.6809585873296136,1.1585043834376465,-0.1109403054516831
6628,-1.2703348952950817,1.2014319688286863,1.2038832571681335
6629,-0.4176271632923606,-2.3105693212545355,-0.4470172725015282
6630,-0.8938146854510547,0.3571364570756229,-0.7794415604615323
6631,0.101930094275324,-3.3124660026936814,-0.2235000482224986
6632,-3.030480213364835,-0.5376173288933088,-0.5751106644515067
6633,-2.079006218236351,0.3592787381717085,-0.2603022333614799
6634,-0.2276571373822097,-0.3162207473130157,-0.1791541895435993
6635,-0.5561189686726484,-0.2071416890305851,0.3074332545119601
6636,-1.910625542744004,-1.332703464385425,0.6303230715370356
6637,1.89391193766837,1.794015600676265,0.9540640562324236
6638,2.8549653653693263,3.1207135437720206,3.0794062372171465
6639,-2.580821338234204,0.7116246881224058,-1.0793512022928002
6640,-0.3104092443467286,-1.5898984413309003,1.2011497700120108
6641,-0.5433689043140549,-0.1751093338444646,0.1364686744048172
6642,0.0254812387499743,0.4475839749097028,0.7013535114015488
6643,-1.723474652040755,-2.19246116619462,-2.3630665233334684
6644,-1.634298919066593,-3.341612351004593,-1.4339381095638513
6645,0.4163081280400879,0.8104383001830426,-1.6883989336483285
6646,1.480405988537455,2.366649465703135,2.0651172911766547
6647,2.977567895480836,2.662512770845993,2.9178634896774938
6648,-0.4432180178428072,-2.372876286402562,-3.1468634594124456
6649,1.6944573855116627,1.5670541448159705,1.6410502032528231
6650,-1.9842208563250063,-1.6907734524453513,-1.7847703732644815
6651,-0.8941419731169599,-0.4634125547041924,-1.333450193196013
6652,0.9105426190489516,0.7989392522494954,0.2740874444701496
6653,0.5139992758446126,1.1314024540966678,0.910489360840174
6654,2.9064086866897183,2.7900788169438377,2.952584633446788
6655,-0.1979813767609575,1.0355102877522977,1.486700608753943
6656,2.4081193462155843,2.120413906881126,2.689155531958116
6657,-0.9132464083610868,-1.636890187214273,-1.854472632958572
6658,-1.1897865542072177,-2.6589791283627795,-2.2260092627463384
6659,-0.8705187811419255,-1.8902115618703887,-0.1398343813705007
6660,1.6034175672941149,1.0979458424648452,1.660834262727909
6661,-2.710575620550717,-2.885025166074018,-2.9839392294108427
6662,0.9122095022359492,1.6622535902229507,2.2190713647490146
6663,0.9871184372026928,-0.7110889680071387,-0.8956606030868266
6664,-1.496878078460553,-0.6658342993765227,-0.4524182722200033
6665,1.4283450581033703,-0.2457896051505791,-0.307068666945258
6666,-1.2353274176813624,-1.807297217003312,-1.3504438891882506
6667,0.186549373383086,1.2277238541246165,-0.5515640395080115
6668,2.9914902218514574,3.223347670545691,3.034861736114644
6669,-0.3643985381914357,1.9358109344269288,2.352442148181145
6670,2.942502045332374,2.665342340342149,3.1418457164108995
6671,-0.2221665040990515,0.334154491894031,2.5895945839806647
6672,2.395708037543066,1.9826928054785111,2.3269538415322266
6673,0.3533157753357825,-0.1216627178625431,-0.8669371795869775
6674,0.5927898631404673,0.377419769490668,0.2124287207286364
6675,3.110019696201617,1.5129810488173776,2.7293305824161824
6676,-0.2364743833084634,-1.5973926145474282,-1.148305547417613
6677,-2.4782483517118985,-2.374650001165373,-2.3701322432377925
6678,-1.342072980043875,-3.746707162342704,-3.783895783335317
6679,-2.235049410995192,-3.040326759246929,0.0109402091650602
6680,0.4037577959194186,0.6321725963615501,0.8475118895562999
6681,1.6224794555579871,1.8710436874421248,1.6199765671574942
6682,1.420058572962994,0.9580628639234388,1.2063631896339655
6683,-1.7540980828863857,-1.4585438615440394,-1.3093629696797282
6684,-2.6550081580627167,-2.912182138447364,-3.766950888351381
6685,-0.8929793590893056,0.3334317023617291,0.5928330692097468
6686,1.875165138043788,1.0338922740510978,0.9813385876852548
6687,-0.4335704934680757,-2.78446029865168,-1.4827653375305812
6688,0.6721514432874203,-0.3497635960255778,-0.4794124001619556
6689,1.6252480698857323,1.3027348154696403,1.9818975681974496
6690,-0.6280869521776609,-1.1999343077982851,-1.3352659336516612
6691,0.7661179646078045,0.9114755622971864,0.6506952461508017
6692,-1.5954901595746724,-1.3546903316199632,-0.8652744196110533
6693,1.6343348640378932,1.3758221899883545,0.7548572535594122
6694,0.0967796696442424,-1.523106679783787,0.8585814603627163
6695,-0.9662273612515868,-1.1076730358237543,-1.4469296974877426
6696,-0.0252708124952922,0.1991774792741875,-0.4059028077206033
6697,0.176025691924128,-0.9945807730215523,0.4430420717962519
6698,1.0840447271088662,0.7893833671893046,-1.3697439315652329
6699,-0.5861008340789751,-0.8370197283184702,-0.6698636339804445
6700,2.972729729573893,2.699431662370143,3.267705912421204
6701,-1.7490721617266325,-2.385619375729922,-2.9382871038954543
6702,2.230009293597207,2.6326874576591384,2.786902055519389
6703,-0.8588794447999779,0.0545549363193272,-0.9341041361126368
6704,2.246757494702465,1.763886225928364,1.9023464486901
6705,1.4521664478757317,0.8550814169137309,-0.0586809975154146
6706,0.0851171383654608,1.0381003763697485,1.800956632324428
6707,-1.5104685247742766,-2.113921407694184,-1.9857423563932417
6708,0.097035158788839,0.8679667275552614,0.9896702190856084
6709,3.269258350567768,3.397508411665951,4.006449428580093
6710,0.8100688643806528,2.015574054606234,0.9899383963683672
6711,0.8956531405533499,1.1168071809749056,-1.436100237344996
6712,2.655553864200637,2.4070682082792287,2.3936111017614112
6713,-0.8247937808671395,0.7840452093230816,0.2245441506175422
6714,0.6094002284457395,1.876139994984716,0.1039757900369053
6715,-0.5233050469735346,1.905799874789733,1.2268518348258273
6716,-1.5277985179426583,2.053122424210078,-0.4731496324131519
6717,0.908710719604142,-0.3095237247022954,-0.7452085604916883
6718,0.0902160573897155,1.2796118565265615,-0.8196580827104865
6719,0.8138940006416562,0.1104137985116331,0.3105845162181438
6720,-1.2469988510131709,-1.374784968683697,-1.0944208239558493
6721,-1.712617184250308,-1.0418044986497512,-2.030508415974334
6722,-1.2124080381446514,-0.5223681302755769,-0.4327858824023499
6723,-1.5927931011327732,-1.4771631490517538,-1.5984274492063593
6724,1.2428493189209262,1.6823897543653008,2.1675434586888067
6725,2.705664280979233,2.861596335159366,3.109003930166492
6726,-0.422906638232546,-0.0366951353938529,-1.2044331241927575
6727,-2.092321850141244,-0.2788963611034657,-2.154060314719014
6728,-0.6064938848280753,-0.5965525024969145,-0.7215684784023266
6729,1.4239586199094032,1.1377687524129865,2.261247528779825
6730,0.9751330211828092,1.4701477919992874,1.3460358564628911
6731,-0.2051347676025693,-0.4581148164297755,-0.9893230047553172
6732,1.2421367843120243,-0.1382536033877225,0.787543897258024
6733,1.3704052988911366,-0.5272995236528397,-0.7776198139587795
6734,-3.0911546511067938,-2.2725140054132336,-3.416587884330329
6735,0.6629657852961468,0.8520947693451391,-0.1486867281182327
6736,-1.790246838843159,-2.5331827045862965,-2.398234172624175
6737,0.7260572875947363,-0.2515060175039727,1.1349356519018603
6738,-2.182311086114244,1.2668804360282515,1.099994115585662
6739,-1.410224582926041,-1.5356151346648546,0.8078731256913879
6740,2.250058063291273,1.641615928178625,2.229172193059023
6741,-2.7609297898547407,-3.0539074033398306,-2.5538753891101176
6742,0.7172045736495893,1.179003491893305,-1.9505642218697443
6743,0.6372274334123916,0.8307697248487123,0.5156984578914411
6744,1.306476868784644,1.250390782212494,0.8389232541981774
6745,0.0784628891493559,0.5962049687478349,-0.840998099974311
6746,-1.048756676146401,-0.7958837166451913,0.0783641937799392
6747,-0.4226379244231534,-2.388018169304773,-1.4879769074666032
6748,-0.5657682199931511,0.9350475063911629,-1.3547687873186467
6749,0.8157320065257804,1.69908202257749,-1.6230350428125295
6750,0.4753905050140427,0.1300574169206778,-0.2926681170737976
6751,1.0703180372333103,1.7347728592349538,-0.0420997486520441
6752,2.872559563291737,2.48843609797616,2.961130426966563
6753,2.607296578244416,2.43531775050786,2.682678747618535
6754,2.751300449856324,2.6413274455094644,1.8559506857108248
6755,1.062907616163712,0.5977832899308336,0.5135776638147692
6756,-1.816369842066756,1.3174992439547917,1.2925587285258988
6757,-1.8490236393145711,-1.8835150546315045,-2.3475548276075435
6758,2.048414650483908,1.96616779007362,2.67572726395827
6759,-1.0923456359487027,-1.8398869809058376,-0.9366438370296002
6760,0.3403436296756346,0.2269904757093441,0.5725762182586842
6761,-0.0115554789691472,-0.9166786882014925,-0.7412766409768865
6762,0.7290717716949597,1.2814789444673882,0.0586549512897773
6763,1.119767886004865,0.0276275343154852,0.3381705656573998
6764,0.6323666240621407,-0.7071232236726801,-0.682957765730497
6765,2.373772621245645,2.1917047093591133,2.0050429231939457
6766,-2.5898145283271767,-1.1822273416309863,-2.5202051341080702
6767,0.7150184454457491,-0.0168221896946989,0.6385542199614325
6768,1.9428466586519264,1.5538845496014662,2.513025680085287
