item_id,cn_ftllm_output,de_ftllm_output,es_ftllm_output
1,-2.521760290301984,-1.8679258055970551,-2.1535737765328395
2,-1.9206487234160847,-2.1977652450367047,-2.326796339848624
3,1.6654710863752291,1.5679886689188458,2.2858618498915746
4,1.2357191380616988,0.9191074953586872,2.364972630178192
5,-2.9262475289175,-2.379825170406743,-3.369068135623131
6,-0.6544730231153051,0.487359585739658,-0.3651537970617683
7,2.544095985070196,2.3665260031794224,3.001865427819074
8,0.595176526815776,1.751435183156107,1.7538492783445088
9,-0.0304824898038868,-0.8546294732353992,-0.5664484614782787
10,-1.5158493710057317,-1.5739707093616375,-0.6594029487255691
11,1.7466089932343318,-0.8082307463901863,1.040615918910139
12,-0.3459582938996571,-0.7904942805467362,-2.2031604291582574
13,-0.3073445548154286,-2.2320554719294488,-1.3847970209795517
14,0.0419541978411251,-0.7466038648814127,-0.019215930019226
15,-1.1806584634093142,0.310164765723366,-1.6614898999416663
16,2.3564886520043364,1.4641809903594027,2.3742303902585062
17,0.2679954837699091,-1.1332849445811313,-0.6267692492949438
18,2.089044007017428,2.025337774461362,2.552545454197577
19,-0.0574729277273665,0.907864575301808,0.135492247468855
20,0.7627739313902037,-0.4520246543613769,0.5681257370668877
21,-1.7666295514858958,2.219538392240807,1.6626946570764372
22,2.68948265379148,2.530029966364104,2.1812195840982267
23,-2.0043530326068737,-2.4336389204737454,-2.6854816678602287
24,0.3002514126478868,-0.4322334413083792,1.7770251927578655
25,0.63117037120232,-2.1735118047374127,-0.5620576178434994
26,1.4903175586665005,-0.791396322055135,0.6259188858529403
27,-1.5575565841032182,-2.5583251918485046,-0.544799198771124
28,-0.8262457709162117,-0.1075243510747683,-0.7441528141289526
29,-1.8126845038206776,-0.5561597371888858,0.8951799397702073
30,-1.2761695730690654,1.1947889528442417,0.4076225646663213
31,-0.9749310923782016,-1.3384522439485969,-2.1290665619933185
32,2.839484043404882,2.452924607838127,2.16196790266909
33,-2.4693006659469834,-1.913399718076596,-1.7236844432021474
34,-2.327563564211579,-0.585371897160266,-1.126447708216331
35,0.9810576404343598,-0.4648356682385993,-0.544214944559289
36,-1.507713015473648,-0.4938863963734959,-0.0249463562567035
37,1.3079760162510785,-0.260486537258554,0.1026189774631519
38,-0.2108136510349283,-0.4367094418244449,-1.518413150150998
39,-1.9172904001242816,-1.6699203578313513,-2.0599087289305573
40,2.5832302340346134,2.503507540626926,2.7619019353596457
41,-2.034387405419074,-1.9413302843354152,-1.702699221232622
42,0.5002973440466933,0.2294878162679217,1.1133975734103672
43,0.5184425442661749,-0.6475211127823025,0.3526426932396412
44,0.7641302366229625,1.2909519880157307,1.003811259744159
45,1.914345760831067,2.782290974713564,1.1714173723771473
46,2.100123086226644,-0.1800939331718845,1.3907884011498268
47,-3.327528352444704,-3.1053135490836863,0.4881141088660313
48,-1.6523404863580555,-1.872606743296346,-2.4263063918875964
49,0.0281902213646437,-0.8557901201809681,-0.3267825004462659
50,0.595461060745121,-0.8730374496566293,-2.338334389844603
51,-2.583897072266001,-0.6272147633630808,-2.1730524745280784
52,-0.7097882591139661,0.3049670802389231,1.089699374857675
53,1.3092346795418572,0.4459536921484449,1.4690699113596974
54,-1.1629930804571442,-1.7059132459555708,-0.9793376786263674
55,-2.2607132031470005,-0.4604395650513263,-0.2837928337324917
56,-0.7893037456673409,-0.281302476605074,-1.6149356982339709
57,2.361998889231116,1.3353199887342064,1.5102717562405843
58,2.3830573141782065,2.2601868969306844,2.637182627457667
59,-1.5048754497301011,0.3152479424487506,1.9326066624287528
60,1.258675049865288,-0.2596264383194198,0.0329443787954341
61,-2.427319298824913,-1.9844674235917024,-0.4188327501766133
62,0.0691448506350349,0.8859141307660382,0.6781191944645533
63,1.310266996388237,-1.7061643957770558,-2.637512439455757
64,2.586092891487521,2.259682037670708,3.0124838894527803
65,-0.1079079520330937,-0.2602071554518314,-0.264675794146159
66,0.6629838444778788,-0.7282143186438089,1.4796501220686018
67,0.0159760625589782,0.4847843525905052,0.2453026027188763
68,-0.3928548320818233,-0.5462881061474378,-2.311251979816014
69,1.4392428029492157,1.3733119944990926,2.901730088530744
70,-0.1612779496901026,-0.8565678647539865,-0.4396149274873838
71,-2.7268112291641424,2.0767095104526647,2.096794588487788
72,1.4511884781805338,0.0164838037184143,0.1608196764364351
73,-0.8664223484026883,-0.787037359657149,-1.9538043258855275
74,2.119940610217278,2.016908558304776,-0.0679032015092022
75,-2.267457155566273,-2.4977023797742715,-2.9148163975870016
76,-1.5257933247318882,-1.4373766881431638,-1.4139318295270664
77,-2.764653287925726,-3.446524692283278,-1.5540583819568572
78,1.6492309488229169,2.2108925364458982,2.428495644297056
79,0.6307395020961009,1.0542686987110892,1.692363001555509
80,-0.7162095688414627,-1.8611644996861665,-1.6216180998667955
81,-0.6547174987895871,-0.786777234843463,0.463661379008542
82,-0.6328313808012551,-2.127104391781354,-2.8969924067195656
83,0.7431350851545284,0.3987929379987883,0.7384845785882946
84,-1.3665889834146054,-0.971807222072112,-2.008001022007568
85,-0.4403026181020596,0.6956807842942297,0.2201080908808236
86,-0.8351131606541522,0.5813295802635208,0.8581572813889519
87,-0.6700248129303531,-0.3142792224394934,1.7455954217107776
88,1.0290961949614723,-0.8056050068906409,-0.7402667733946647
89,-1.5339948816334084,-1.2145282246275988,-0.3903262469028714
90,1.7163653295709285,1.6276480389158368,2.304732527408848
91,0.355794576948358,-0.267565241257037,0.3981936983776222
92,0.3405662186154392,1.1454409524306224,-0.201690611327291
93,2.2839469271253487,1.5164817197051668,2.246938306112818
94,1.5459575845179094,1.7030058284753546,2.4689933236426773
95,-2.4906963779891185,-2.987001195954411,-2.353802753902724
96,-1.6791880758556,-1.0912783351090156,-2.4420367466536264
97,2.390649382886884,2.960920066526852,3.148545889545195
98,-0.1848317595162976,-0.887648953770173,-1.2694824229062418
99,0.6913685653818117,2.067131511728891,-0.7196572940435921
100,2.327127806224523,2.5402855699325206,3.1938135044690297
101,0.2629138260514603,2.420108190188511,2.423639621875216
102,-1.9261022598500488,-1.7770763570753092,-2.437760691344941
103,2.497600325890285,2.608098501923973,3.113490890217115
104,1.7812347247456048,1.6589743556324985,2.156576971096748
105,0.9737383900906696,1.5912376300430515,-0.7740516884137767
106,2.180349048174877,2.224811910491028,1.5461054039809057
107,1.3115616382159794,0.0642199815542198,1.9049597257948847
108,0.0028844003295249,-2.393571942676468,-0.9775816533090298
109,-1.5731914379817695,-1.956478391465837,-2.855267661349067
110,-0.657477043461204,-0.8461445916301308,-1.3688585658279404
111,1.661428540083174,0.1024728914499458,0.2560620525284564
112,-1.9964743837527343,-2.412304825290033,-2.801602303071814
113,-1.2057959157936595,-1.6003591797475374,-2.0260409103861323
114,-0.92524699028673,-0.7582457179592618,-1.216603210415981
115,0.4176628051308859,0.4807400110953773,-0.3588163296457921
116,-1.7605864169694196,-0.2380109236278821,-0.2889964221926961
117,-0.8787253630208476,-2.248937448602871,-2.220306232530247
118,-0.9444448122290694,-1.1635172100832514,0.0092639639457907
119,-0.4645359589937594,-0.0259332227044752,0.3252813783630625
120,-0.6601630134366072,-0.7423942339473468,-2.954223340433419
121,1.9212150614809729,1.36499290478385,0.6666983196729698
122,0.0115686262276447,-0.7757571794257249,0.679396145684713
123,0.6058353434734789,2.7175174201068097,1.2578960165724695
124,0.0490990310591789,-0.3648146904213496,-0.6932593968372215
125,2.322603528634817,1.8877571722459463,2.4937173344999577
126,1.3703273867109929,0.6509662203930316,1.4974837982615812
127,-1.0877889828559584,-0.5209760223264591,-1.1420419233860015
128,-1.5555394933094129,-1.947008732734992,-0.9484495578456752
129,-2.181774461569092,-1.953487685021417,-1.5439795545294597
130,-2.238737303478883,-2.862205088918373,0.616105891194606
131,-1.3077768340785685,-0.6041278335732326,-0.9807712844664708
132,0.6827367063327386,-1.4021855849770766,-1.218937666966271
133,0.662470058741113,1.8455867711724023,0.7370654830910499
134,0.5195479944854328,-0.3791500980693395,0.1893872000908201
135,1.6038708802549315,1.3380066231134984,1.1185073605926372
136,-1.994827099002339,-2.890599034447711,1.2023434527309496
137,-1.0048989301294573,-1.3934785258784406,-2.1746808548535843
138,-0.8795345206186898,1.37448831826859,-1.4697274557758075
139,-1.010141238114855,-1.1896735144038049,-0.8336600642523756
140,-2.0807398399196835,-1.609177236235787,-0.8773722559929897
141,0.9276306914801004,1.9818661551940973,1.991494537162484
142,2.383695716517566,3.043997257012538,0.3748139157867288
143,0.0251237071272268,0.5902094605734498,0.0317165659603351
144,1.0379323733485155,-0.5468187350430345,1.4126587170993834
145,-1.845539788507944,-0.4532872217941947,-0.11239294293764
146,-1.6815780856834928,1.325165856364227,-1.344880677005998
147,0.5405302419928695,0.5681586722022754,-0.1349378361061929
148,-1.053667684957799,1.2789762129827802,2.649429351148546
149,0.6853092651066021,-0.6541563297149319,0.6423816695711861
150,1.5387158344055594,0.6392071512533367,-0.1679823536520778
151,1.0899928068804243,1.2782339813833254,0.2772323915304752
152,1.183212624146906,-2.607553149786535,-3.0914972434196506
153,0.8154690822263027,0.4849196314952823,0.7659542169894763
154,-2.3214705027939804,-0.0024291752202703,-0.0627651456120562
155,0.9679916112325464,1.198097993593286,-0.8515833423105834
156,-1.760985832178399,-0.7079474705223393,-1.314277820924038
157,0.2478840814638478,2.157592242091936,0.7410714696135879
158,-2.789929525307239,-3.1099724324892257,-2.240687663599396
159,-1.2042010308609752,-1.7815055998592693,-0.8908142694331835
160,-0.6876772689800087,0.7871983009298277,-1.3728176920893354
161,0.52624257730967,-2.2011293988267675,-1.0630335095363133
162,-2.815757292950603,-2.6736821123450896,-3.161091969719158
163,0.844861674758136,-0.2260198012896904,0.8113448260641491
164,0.0366051348470219,-0.4460914705279936,-1.0938662807331068
165,0.4437346451367994,-1.9580957497306868,-1.727623253728427
166,1.290228999162961,1.186759682649635,1.89223713421596
167,-1.8892051524142808,-2.334847207828433,-0.902002717380054
168,1.334992842011643,2.517124245039837,2.4799400730905123
169,-1.0676518801801709,0.8693003461718161,0.5263550711851324
170,2.02000809552435,1.737014334761257,2.2383643851138126
171,-2.075958907757956,-2.0547148991257065,-2.424110695668172
172,1.0102001063824806,1.7183737981284033,1.8792889100641763
173,-0.1921134190101815,0.2082921474027111,1.7474247878730935
174,1.5790047147354185,0.9362744988382654,2.044967514689205
175,1.4350169236861676,1.7093927268670106,2.8057099343899385
176,-0.1705100827585711,-1.260494050607312,-0.5248030524073225
177,-0.4266122684895791,-0.6205097807972331,-1.3639587317228157
178,-1.1971568289856498,-1.687428625061275,-1.4014576362806064
179,-1.7075980877475083,-2.504008756986217,-1.697219449129534
180,0.84808569889956,-0.7713391182747849,-0.2315762233537089
181,-1.5899267896473157,-2.8029124272580512,-0.799742863003043
182,-1.565411397962452,-1.809187458095342,-2.266662940798323
183,0.7515785137945916,2.4246211086233886,2.7836282453975185
184,-2.4623186960427805,-2.5693907328100343,0.3600469490487948
185,2.3544974513118704,0.8404113536157347,1.470927401969394
186,2.7167852747909085,2.6778548258776627,3.1678623085002617
187,-2.00055065199717,-0.1924147294429647,-1.4466328817470409
188,-2.486055409649211,-3.517357915234609,-2.2148255981765104
189,-0.1334035514840794,-2.019348726784846,-1.7303603573471416
190,-2.0603492908469003,1.6124242125941142,1.6717401685500148
191,-2.079729221830313,-2.848801965064491,-2.7234503164708204
192,-0.95116956411065,-0.0694003679061436,-1.7847150426567646
193,2.6083071421823245,1.5953371585516882,2.1894986176938462
194,0.3464103328169105,-0.6542224853840604,-1.6362966006581852
195,0.5084966458933917,-0.6898101262349168,-0.0360165125793502
196,2.204776106088483,1.797119928548072,1.777216052596938
197,1.7473701120486396,-1.1628640815892544,0.7225177434973584
198,-2.2967229496492143,-3.472946440106936,-1.586836330149868
199,0.7617610005221468,1.8890895566131607,2.2406143201751365
200,-0.4536106665875896,-0.6850713697033746,-0.2336367877847552
201,0.8440835109755905,1.483389674365055,0.3611133700112314
202,-0.2003206109716765,0.3190171467638196,1.17080878077511
203,-2.495698948709988,-2.1736138806752847,-2.540695497168846
204,-0.8792160831660998,0.0606151028389681,-1.281917584967723
205,1.0529029314516662,0.8407133693930591,1.9895379212886235
206,-1.540528879979218,1.370392164125567,1.8341101078401327
207,-1.2858561190923592,-0.6294076256035374,-0.4355128696970178
208,-0.3863259640481519,-1.1962455537323473,-0.4201367936196813
209,1.6041106042764346,0.9452727701601968,-0.3151881864518656
210,1.0949994655726147,1.140358064221505,0.8120006296360702
211,2.262978426184698,2.78253874000577,2.860940915266738
212,-1.144346721650533,-0.3277995367585673,-0.9855112675820727
213,-1.8986781405451745,-2.3484750833851176,0.4525060514057151
214,-0.953954348942574,-0.2620541366568295,1.2517645052867952
215,1.6731308747466505,-0.0356632656931175,1.5358214225744249
216,-0.9925064868324588,-2.214902169000788,-1.574714953989636
217,0.3189022260667555,0.849403831925639,0.8908823920119309
218,-1.1688507461566622,-0.9969114378476172,-0.5206512471514961
219,0.4802702883598752,-0.1880813540320933,0.7791900351698097
220,-1.0357310401351796,-1.403635603756119,-1.9958798743290225
221,0.2465100889487344,1.253363086451204,-0.6222812222030116
222,-1.522757212192178,-1.0903093578818692,0.1243430686856535
223,-1.8413899510595235,-1.395952767070379,-0.3906863999200691
224,1.2678797380079052,0.8372140178725531,1.0079765561624785
225,0.6106796550144904,0.4082712070468837,0.8959088237294353
226,1.6598524454862555,1.281620531511306,0.1748735441518574
227,-0.1758497752453877,0.0682037395104061,1.1603277854124767
228,-1.1648006779815792,-2.015986006770638,0.9035248581094396
229,-1.1653442702631105,-1.6564681370210252,-0.7479784230650248
230,0.4487826814055607,0.6904962493796329,0.6127167304325322
231,2.544192202017576,1.5226669963346258,1.713123693188262
232,-0.0810433187732362,-2.3387360531892,-1.4407541539317623
233,-0.5266322785558858,-0.9923116037504708,-0.7621867880154394
234,1.0518893862266834,0.496081172432099,1.0041284570866118
235,1.5759170211248197,2.424528757594549,0.743608887584849
236,2.390620908429964,2.1353520996245243,2.5217731765550657
237,-0.2003804618470425,-1.2487557695766,-2.244936231186911
238,-1.5471164928884935,-1.4834772750787797,-1.9323786099196445
239,-0.9299612538965528,2.116915534480228,1.2848057881390036
240,-1.3132138864342522,0.6855721985719775,1.0715448927552569
241,1.1976905761733407,-0.0693673133412387,-1.3739127790983077
242,-1.1924508825177085,-0.973311678564958,-1.0610816475983098
243,1.093184279562086,-0.9890014962709186,0.1924034483604399
244,-0.0084613164684576,-0.2221523531159396,0.0619848487894123
245,1.884143303742696,2.5198506080216654,-0.2649099801638112
246,-0.7272765536439684,0.5848536676046028,-0.3384935009260466
247,-0.4916905975937692,-1.2751840718322516,-0.0956419617516759
248,2.315873326877046,1.4923446901517796,2.046576494630932
249,3.092257125576617,1.6397407899942016,0.8105333919624016
250,2.7317251990272475,2.398603017338039,2.1196438850239177
251,-1.2412010434963197,-0.4015007732999225,1.7055116951712188
252,2.270508552720833,2.141486710274532,0.8226856989343156
253,0.7105271700248383,-0.2575044387124459,1.0052990100579584
254,-0.5589863391927264,0.5695698105305863,1.4631585773295603
255,-2.039298057352984,-1.4324238732747077,0.252770688962697
256,0.8914474264870733,-3.100730689008974,-2.604133194481242
257,0.1034235766471002,1.6701357593298314,2.20815166311782
258,-0.911074585842604,-0.1751209091799997,-0.5277383317020039
259,-0.2447990485415562,-0.9075408897042188,-1.6523399812929092
260,3.168299974889708,2.39632269839428,3.108721456241984
261,0.7077626526060052,-0.3699585449239874,1.7923386791877172
262,-1.60097991169817,-1.9426075553663693,-2.708813275868344
263,0.1502002444071565,-0.6703298284008485,0.2061328432447024
264,-0.9580940307005004,-1.7084823210814015,-1.5417534634250225
265,-0.3630088024728705,-0.9546506828500644,0.2429933106817215
266,-0.9326085793165504,-0.1876197978918868,-0.3661392986037869
267,-0.2033613534280116,-1.3539505220766916,0.5850070779425987
268,1.1517727304194898,2.437044705247636,1.3082336103409182
269,-1.0562119148336526,-0.1067431477988053,-1.2175501433209497
270,0.754021665761685,0.682837607096803,-0.3809459369646938
271,-1.4247703271836272,1.548368704523435,-0.5909361455625305
272,-2.04493264026206,-1.9136363583088367,-1.588424030353498
273,-1.5675914480977982,-2.517880824995959,-2.2014314822521817
274,-2.585055068452828,-2.7447152875443086,1.228864735673833
275,0.9203774815585836,-1.1351152332759562,-0.8249536716462256
276,0.661359879885868,0.4861671970562297,0.1443078183797858
277,2.084550911466293,0.4654812153066305,1.4660362418002908
278,2.1787062427786728,2.154658321065019,2.5138295836744384
279,-0.6255360480521853,0.6708479660817689,-0.977606735192334
280,-1.3990846409792788,-0.3253899385752983,0.1480736925596075
281,1.0088678609118906,0.562309609728816,-0.3864412216268074
282,-1.758803517818167,-1.8380907145253065,-0.4924868774590061
283,-1.1194677959856636,-0.8731247526661826,-0.9399166317109864
284,0.0770111478749534,0.5895057849664926,0.1057533596850442
285,0.3143663286098803,-0.5804832002027652,0.2890632813965623
286,2.2751325672887126,1.9483552463714453,1.361594900680406
287,-0.1366728998535929,-1.4666392255669232,-2.3888822396249614
288,1.4771366764885592,0.2111129130945578,1.8728866092094496
289,2.586018319091122,2.31308007342559,2.591789516066432
290,-0.5850144790554161,-0.9119058090215584,-1.1334065514471576
291,2.733775536197743,2.815532968200108,2.2254582336214086
292,-1.9520846098823688,-1.6321674363413383,-1.1146772611516331
293,2.6856995028209165,2.903004495696578,2.4219255457912
294,-1.4955356790205785,0.8854274352823301,1.421509527375031
295,-0.0082515618331808,1.0741430803963643,0.0029228566177187
296,-0.3098808961244836,-1.83712379817087,-0.5861247870571139
297,1.7489183781212236,1.1352421731444438,0.3622155212356966
298,-0.5878065696500313,-0.482221109511975,-1.2920309071023248
299,0.4259774891444092,-0.0906417082524877,-0.517419517058135
300,2.424818272024067,2.155239352072992,1.9209610174338
301,-1.965357853275438,-1.7021745318646369,-2.226619043381557
302,-0.4047813325062368,-1.111713243252101,-0.8959882949211706
303,-1.5996989147581069,-1.9398683199265576,-0.0571286646996018
304,-1.546331613736385,-2.1304516611710063,-1.6610205712656476
305,0.3247353156908444,-1.0928378294497223,-0.5492602386449719
306,0.2787625921459595,0.4742280627009957,1.4932036941425295
307,1.1627428589246758,2.872486752560362,0.0763397983321883
308,-3.390423199705596,-2.2100346012814813,-2.8414728260820894
309,0.6130187138364044,0.1715808068821281,0.5272102676743681
310,-0.5516903043042528,-1.0123826987664066,-0.9997083405583648
311,0.3118747398059028,-0.7177277992136147,-0.7598050736896218
312,0.4197026263916514,0.6932907155920627,-1.6768673427961756
313,2.3892047245794235,2.2584312988685737,2.130478621107648
314,-0.6269208517337732,0.0802706857956018,-0.8040873739714833
315,-3.660385377467138,-1.2422001106393807,0.5563986271111634
316,-0.6446884627804071,-0.1791120163558199,-1.062397687643921
317,1.0762380509585947,0.7946077256519211,1.0072284792784267
318,2.2148853138254463,2.4506931106785874,1.496781698143245
319,-0.7996764366976468,-0.8424470498568825,-0.5887689675610582
320,-2.1836764336712178,-0.7922947353464258,-1.138319564689767
321,2.504311779574513,2.3751144042519905,1.5947149814751267
322,0.1316165225531859,-0.9342253911864205,-1.1519745767010758
323,-1.0341600313271109,-0.8592349290793093,1.3136532971832184
324,-0.8607767904804804,0.5712282190723966,1.617588666504484
325,0.0311515820669798,-1.1724212817817437,-0.8959266581592928
326,0.6724894274951658,1.1139024745831458,0.6770785079367033
327,0.5822369873807651,-0.6999727363065766,0.1994751341364669
328,0.8962391293070002,0.5652316940052574,-0.5659277503516852
329,-0.0991038148866625,-0.7078685130804674,-0.5021682381004426
330,1.0087934654303723,-0.1252328607381788,0.4005991009824601
331,-0.1333742812989426,-0.8877014938658805,-1.862766174741708
332,1.653977390745726,2.0935743199468577,2.1230545383888515
333,0.019008396299353,1.2633479220012007,1.1657727668115234
334,-0.3276523825058157,-0.2675214308149752,-1.3702731911937007
335,1.870834639344815,1.7709506885923751,1.4938864219282668
336,-1.0000398862250075,-1.9875692080275555,-1.8242931592456249
337,-2.424469991858266,0.0172108705767121,1.452130946365104
338,1.1303183264416383,-0.0495083431822119,0.1779118402295502
339,1.4328706614792377,1.661220342168472,-0.3068616689369414
340,-2.196166737629812,-1.5706882406848206,-1.399982393431966
341,-1.4757574050272355,-0.5887061231648327,-1.3059155425861502
342,2.2465654828881108,2.6409167157370845,3.61639105206882
343,-0.274051271313722,-0.8554405105200016,-1.7786299654829243
344,0.319000210359487,0.6959485426095471,-0.37622228756368
345,-0.8970986159772651,-1.182672367062196,-1.1035549522546035
346,-2.585177796253825,-1.2502058692133204,-0.8007610342470801
347,1.8846885846082568,1.8217711954957685,1.075121487957648
348,0.6712014534178796,-2.015142239278577,-2.3712585113658
349,0.3456689745618188,0.5701856417460186,0.4259227630793428
350,2.615180480781073,2.510163774875887,2.7933742949207976
351,1.4475449141100745,1.4061740056166836,1.406600925262896
352,-0.8739087946743622,-0.4691629808040404,-1.0830856701276717
353,-0.8115037129598079,1.5093477122717909,-1.114656946149661
354,-2.094718133798863,-2.853896221834872,-1.4572458706169549
355,-1.1590345147040937,-1.6002121696181852,-2.1970386675287
356,-1.2048484177315903,-0.8650646865377547,1.302204598120692
357,1.267396118149465,-0.6272481664530346,-0.3043793379135059
358,1.0923068197734165,1.3421222466408842,0.5678142519899568
359,0.2081738443886907,-0.3362804931309917,0.333575357984921
360,1.4310276081534397,-1.1979749895609906,1.4777129219936247
361,1.0492588462464405,-0.326958664107551,0.6160736035172375
362,-1.9254808208727856,-1.2094656498250993,-0.8168001578509592
363,-0.617035667291545,-0.1062902506614934,-1.6751109328915763
364,0.0229272390696471,1.955222773624249,-1.063892998666793
365,-1.8686549540015147,-1.2116920595399283,-2.8286563374660214
366,1.3954364969534885,-0.0390187876073483,-0.4185939095329269
367,-1.476093146941612,-0.5890037628385753,2.1185919475269173
368,-0.0517799377177066,-0.7395206472557706,-0.9016586650123194
369,-2.386188399082214,-1.6572162734916565,-2.558751404469817
370,1.703368777125179,-1.3437054024856494,-0.0878841841737005
371,-0.2086520768103733,-0.5241681452052519,-0.3780429783097475
372,-0.5866962101156916,-0.4945460141589339,-0.4799629893801799
373,-0.1818315458613655,-1.0340187232107252,-3.6664558317342335
374,-0.2180323512401173,-0.6783376869045985,-1.1990929113847186
375,0.6845356730670739,1.0662481543753142,0.4945068929307475
376,-0.3371271834865599,0.3850777035326633,-0.715490250952632
377,-0.2303367641629822,-0.2591370487241371,0.5265944970550851
378,1.277978311793317,-0.7810623522276408,-0.3723487170095357
379,1.8134633488446408,-1.2006815907670711,0.1894110139079406
380,-2.5019065575623203,-2.5222507955087843,-1.866855382527932
381,1.5208867620609003,0.0264325352082432,1.0226196706994608
382,0.765303707675271,0.0075911114510732,0.5596113799776895
383,0.3451485314134977,-0.2599305944252718,-0.5255119684533762
384,-3.897936911886494,-3.3658434323258484,-3.109687588507432
385,-2.724660219490685,-1.4742514383336651,-1.0287121799011314
386,2.6907928988955643,2.484897110939976,2.3254575418066508
387,-1.5028994073788555,-1.377577681784243,-1.1393957525313183
388,-2.870578475524284,-1.780270035331179,-1.3286502368492616
389,-0.1987505109711297,-2.046370845087435,0.0116739415078743
390,-0.4185604850568623,-0.7581775036644464,-0.9901480789409396
391,0.8228955357728927,0.4860526439897663,-0.0718483448547637
392,-0.7966156940767563,-0.521454447994873,-0.1099941798802944
393,-0.547527049702405,-0.587594480113905,-0.9822045531197832
394,1.101658966536186,1.0551722519407365,1.912312893525352
395,-0.0958467573559226,-1.211850201765512,0.667302686883758
396,-1.6263267985886931,2.2611365834528616,-1.9708502740354663
397,-0.1507481459368995,-1.009971059703218,-0.5149882892333708
398,-1.3187100281525037,-0.8394703229904482,-1.8344048376537985
399,0.6629678666901466,-1.1096794547492106,-1.7957618516615192
400,-1.5479433902793558,1.072159172098989,-1.84459562551934
401,2.622789504708238,2.403282475867735,2.5907046949132795
402,-0.1585419263853452,-0.6641497808784386,0.1461628953644675
403,-2.573144313371839,-2.988980238552873,-2.198784894105976
404,2.386203726087359,2.435896027414801,2.891427762090434
405,-1.7876920208488578,-2.9041338362861384,-1.950297476317386
406,0.0475405833105447,0.3283428953845179,2.4167015482544016
407,1.4831091355227064,1.231574213191675,1.4620766736836344
408,0.2565031718694796,-0.4731579090638826,-0.1476012833052317
409,-1.3641914910031527,-2.801531934612278,-2.642835758059641
410,-0.8151387743402676,-1.4989115249527178,-1.4146841671276853
411,-1.5486742921555268,0.3123899764956638,-2.112654403818151
412,-2.0679806138702497,-1.2120468289031991,-2.689099051047348
413,-0.2395708991212894,-1.8633902127407749,-0.5555731269375386
414,-1.514495181740855,-2.677139876095354,-3.497343754927164
415,1.9703434823691977,1.1757001044969593,1.6495345217155315
416,0.0398538122347012,-0.7139870639809488,-1.0759431498427017
417,0.2209328894113827,-0.0538349832318171,-0.3927400297714226
418,-1.668114044768543,-2.2003686654779147,-1.2244498842313585
419,-0.4567740355507278,1.8305942574348943,2.1295197885264256
420,1.6462884182702424,0.0010797555704296,-0.7228732578615156
421,-0.4178808207098755,-1.6299344369110238,-1.493476935456651
422,-0.4126092274107384,-1.4810772195150366,-1.275350571064763
423,1.3190465660273951,0.6541818548741976,0.2032756194293021
424,-0.0499175249712753,-1.1528677710197637,1.708602289142812
425,-0.7457237274785529,1.8470049354944813,-1.0501469402982555
426,2.455904873401251,1.7634524265813374,2.1805795607693232
427,-1.094947224811601,0.0139909513917915,0.019078395337422
428,0.682357309584951,-0.2794135733896112,0.431382588088043
429,-2.038626937773529,-2.004824694156305,1.93583195563774
430,0.2617830092203944,0.0607898257893109,-0.6196426992589946
431,-0.3417482899257159,-0.4462633683782915,-0.5784145090882822
432,-1.0531123024527065,0.9136960811790276,-1.026448434172539
433,1.6833250345742294,0.2491674605555458,0.9949922519686832
434,-1.221859533373716,-1.9592164427570868,-0.7075224447970139
435,-2.0186792137323137,-1.5846687851379837,-2.799419375772689
436,0.9208845016395476,-1.653584140800051,-0.9741189262651224
437,-0.9969817126172382,1.14523838649197,-1.3714049918302793
438,-0.7579110637049604,-0.2827673733263958,-2.323445865201233
439,-1.8680663992512856,-3.005341739083261,-2.9786604633527416
440,0.8935270634901105,0.8341277286352468,0.8444886388187419
441,-0.3960699130439803,-1.0337937592694384,0.5419768459594416
442,-1.4665845519708722,-0.7537480911620305,-1.7239648030961507
443,0.3744697899755099,1.4609807137267836,1.624764113814405
444,-2.199460153565528,-2.0951419386772807,-1.2901599944441648
445,-1.601641103622452,-1.5444572336988274,-1.5902572658917529
446,0.1174770372043603,-0.4997042836570849,-0.6140128757875323
447,-0.235465721018585,-3.288080398903794,0.012266235989253
448,-1.1290933335649471,-2.132408567098178,-1.1193769357703212
449,-1.1736857356911594,-0.9355443754966256,-2.45407332267722
450,-1.0197553655066585,0.4043184530374671,0.0876682703518161
451,0.8465607289923688,1.2166565056042702,1.6957082851064795
452,0.1769085246928992,-1.6372988044140528,-0.8928517141039061
453,-3.045383296224659,-2.997621500532893,-0.7489603900478938
454,-0.3806922075559739,-1.6437923437572617,-2.4940376252148666
455,1.0131391766168771,-1.3200485246782157,-0.3635701361611505
456,-2.737462063398148,-2.8537043273666343,-3.025744558102269
457,-0.7457938890708792,0.4103891550444073,1.3469656512449062
458,0.2236331209756126,-0.1957452362033507,0.6330374173147905
459,2.0677302744302666,2.167189143096896,1.9090022876848072
460,0.6835129663589489,0.8758577870076258,0.4990363955318105
461,-1.6777642862761666,-2.619486783149763,-1.9668674198605576
462,0.3576540241017252,1.3255170690448606,1.2750227686416384
463,1.1429574563335725,1.909584540161816,1.9048731505777723
464,1.0751465464026564,-0.9798402075295374,-0.2220562710738934
465,1.0497071119578183,1.9248413140206115,-0.510329266803048
466,1.2987062641762903,-0.6557676061532469,2.361053618904026
467,1.0007769301492946,0.6781811753612106,1.8588893881866324
468,1.248092222741033,2.23588328186112,1.446955582545703
469,1.746722185706859,0.5101248604824233,1.783983759251858
470,-0.096671240133739,-0.7536781194400337,2.1315174215234545
471,2.501976096568053,1.1477135638288012,0.4894961992920849
472,0.5831010639221894,-0.4025380906773342,-1.3292700676735834
473,1.298663334847557,1.2914810278880424,0.7374193292599981
474,1.3259231388451045,-0.7755504825899971,-1.3848034461608985
475,-0.8718036691983945,-0.7553502074042878,-1.298498688652718
476,-1.648983593692018,-0.3095598389799839,-2.5473598793756933
477,0.5550282142403675,-0.9543838856711316,-2.755092839796532
478,-0.4766447283454107,-0.6745647105640922,-0.6762316882685926
479,-1.43284122494707,-2.216798554056607,-1.4886670633728367
480,1.1873214676018635,1.1444206780959694,1.5782347007279989
481,-1.429417265011553,-1.9859205915903004,-0.5910622556794192
482,-0.2060392209174401,-0.4956734113110949,0.5963610917462847
483,1.6650518572345483,0.6709031637601499,0.8810786239421992
484,0.2841347569337129,-1.2659066550385938,-0.4076030957712598
485,-1.4533477050597063,-1.6712521258009465,-2.215589262368804
486,-1.074257253055708,-1.627716172924501,-0.2391489555596641
487,-0.2679528802431979,-0.7710702257068761,-1.5148500973295853
488,-1.9735524872231904,-1.011935773867794,-0.4151674735597029
489,0.0436521983974719,-0.7051249080906975,-0.2364083367486749
490,0.2006340416309557,0.1274695714656076,1.2066295208856794
491,-1.5321849118516109,-2.9125492571183216,-1.8665761738106643
492,0.3407992999229708,-0.255815659324396,0.6671907831136885
493,-1.791648224557701,-0.0819825259249034,0.3703396288535178
494,0.82128366547854,2.2522048082745383,2.8328670691109297
495,1.411861749699618,0.9472669309051304,2.509278685950739
496,0.503009462557388,0.8073234208311386,-0.0468283459184486
497,2.4894905903326303,2.6409039220326407,2.4194449314870456
498,-0.0787170559408154,1.5491573904912412,1.847776386966303
499,2.34658327325264,1.924009714303105,2.1859746090114145
500,-0.6449439659937531,-0.1092496313255754,0.6025745451412354
501,1.6912667109871324,0.9068189411952003,0.0188327005074233
502,1.5233644724901658,1.5044860009273884,1.2336954916878933
503,-0.3391610537158986,-0.1705272372773792,0.3241577826088645
504,0.3406781431478465,0.9247066717517552,0.0019521755054804
505,1.6214754637062183,0.2328108590108901,1.2136054468742374
506,-1.046690760423013,2.335497169571664,0.3549202221280957
507,1.1535423503748974,-0.0530478896762299,-0.0037863366041471
508,-1.1720670737974386,0.140697557308251,1.5436455716038409
509,-0.1316043080022229,-1.2534759226477712,0.9615069882222744
510,1.9443461762173824,-0.4218209405008727,-1.2321227944537292
511,-1.919778288968721,-3.3773397424073,-2.468002881874641
512,2.408266333633559,1.2634631083987424,1.7270258447252207
513,0.1498267274034949,-3.0930239270153206,-2.037188129116515
514,0.5098157070536431,0.0191043402639533,-1.4620293658079393
515,-0.2887784908897651,-0.8462186209982301,1.206155209979508
516,1.8189379662954488,1.641496220063007,1.815252557706648
517,1.44374558869669,1.6798944595445504,2.089126301425164
518,2.773888453137236,1.810401552053252,0.5599008191629455
519,1.000355158811411,-0.7992813281366502,-1.301739390901852
520,1.7957009215109738,0.1716731722954032,-1.5726436692924628
521,1.8205893916717903,1.2055457804626717,0.6558332698819648
522,-1.746970427611546,-1.0119235706420169,-0.5068453587816475
523,-0.6536196662482027,-1.1979749895609906,-2.2395735749268035
524,-1.82646367017342,-1.9824743493933488,0.3646334967711963
525,1.543519328751538,2.4373582494196206,3.0603158588891684
526,1.4582348900617288,1.917904001669433,-2.9693657871466983
527,0.754415534069858,1.1551567375960252,1.3563189482690277
528,0.9992381463513887,1.4367621393540426,1.086179723424611
529,-0.7095956666865437,0.8266615727454094,-1.5273462888461924
530,-0.3909731458833156,1.2106534326868608,2.33050123087498
531,1.313198140933086,0.7315027537700997,0.7723450940324809
532,-1.920058097813908,-0.5300854008552973,1.9425863798845449
533,1.1795411726311194,0.5649015567915477,1.038014179058747
534,0.3413599491305343,0.4091989002567005,0.4438275842467671
535,2.441380136228464,1.3905429276520411,2.172663152759941
536,0.0689498429115872,-0.3182712062667803,0.2560302726733964
537,-0.9483109264746712,-0.5979617672179028,-1.1406405879679045
538,2.018579382550994,0.3194241518392526,-0.5750617493628657
539,2.3773255954558765,1.8866613115097204,2.897219057622944
540,-2.3385022685175585,-3.1203117120283217,0.4719133801627443
541,-1.230134426946203,-1.87055749064238,-1.148963575346991
542,-0.5838089238897449,1.5902510565201289,0.99022517621298
543,1.7538073851949985,0.1476184520577551,-0.1786081576375439
544,1.9015724710784787,1.3341712867154605,0.243068039704296
545,0.8652471906750161,1.148535941132181,1.6729772148080468
546,0.2557370172940869,1.2025601880020746,0.9391868658294484
547,1.2157580659665317,0.0955751171874626,0.1920029111465786
548,0.5295032425487642,-2.267263685725049,0.4650218077748256
549,0.3650454956135123,-1.019306153829802,-0.1888558756686948
550,-0.0858015503982706,-1.6544571072983545,-0.8976568341266169
551,-1.466835799490806,-1.5807992800223891,-1.9722538702511632
552,-1.0662261967825593,-0.2864058249639607,-1.5411956949935948
553,0.2631765164157392,0.228837284755949,-0.7041586457953296
554,1.8218077402149708,1.4778482810198217,1.4424257861295398
555,-0.3365346993853612,1.645386414013155,-1.3935238833475785
556,1.9401897915054385,2.255397298589982,1.8205613440354875
557,0.268153597294343,1.2249706153627733,-0.3920579712268586
558,0.2294393776396268,-0.0621762577170759,1.583784262003997
559,0.2471030096219453,0.5037249848865903,0.3571759786492612
560,-0.1608450918908776,-0.8681987412165579,-0.9089474891013668
561,-1.094866216488566,2.019651475550973,-1.2978148738403943
562,-0.1087259999131532,1.6533369238359252,1.927045071578803
563,-1.7900226382560367,-0.5893141508173791,-0.730891932009097
564,0.534105480100578,1.2519300618764408,-0.8520718680048704
565,-1.525040038614427,-0.4111191191709711,-1.1808215110601132
566,-1.5423762968616823,-1.1571219795291354,-0.0076446980061478
567,-2.06235814256868,-0.993224193813792,-1.831552116484138
568,2.221828012331309,1.9775828433619616,0.9526180899384652
569,0.6100798173885601,1.2031043490862046,0.9012756086399036
570,-1.3664486229876518,-1.8674978258930723,-1.936454769299344
571,-1.7272577707722023,-2.40162426102638,-2.1485196736506045
572,-1.795672259804186,-0.1122691424005434,-1.585944808274235
573,-1.2210881957786488,-0.4578856734661439,-1.3353562132838386
574,0.5950045259469692,1.3130501219713655,2.087701895882332
575,-0.1578661740969991,-0.8127729249072253,-1.90279889700378
576,2.322567565242324,2.4424422341401595,2.493101738224923
577,-0.3059968220156479,-0.6487056088449733,-0.7716322083432221
578,-1.3912030774728186,-1.3756240831156687,-1.1416243324292072
579,-1.305292263299327,-1.711677006633742,-1.5227491474931782
580,-0.7587820102164726,-0.419490320694671,0.5638716042517816
581,1.2914126071565752,0.5565719086750591,0.4412474929251189
582,1.1785165566905156,0.5880318032186443,0.3656955904678057
583,0.1559378267553902,-1.7909516418296572,-0.7756572083405743
584,-1.3932376949905612,-2.934866165636199,-2.1648129962286315
585,0.6637258129956964,-0.2551876250899093,0.3448337368804826
586,-0.820526374078637,1.727594051815165,1.0955853833694116
587,0.5258379632182844,0.6290749045086551,0.5771976424528601
588,1.1215098475874945,2.3356981688697265,2.4441810653623466
589,0.3154095966046517,-0.2814368402662788,0.9779148916524162
590,1.1742425735473736,1.3664377996167896,2.0625232555699307
591,-1.2751322179562032,-1.0814451510684997,-0.6615907176062372
592,1.653176554363183,-1.5677406581144486,0.1353677576665103
593,-0.532298596934265,1.4911576561693394,-1.7376679703343016
594,1.9803327297939333,1.0626480439596302,2.1058327773379366
595,-0.7750259834540936,-0.6597975587465372,-0.3668381705881181
596,-0.6161763157374096,-0.8092842323556005,-1.6448710042122614
597,-1.3156785634909594,-0.0738731020343479,-0.0027058198152309
598,-1.870311460134601,-1.9311257371452244,-2.76261481778894
599,-1.1647361249177932,-0.1622572511757919,-1.4874282755384904
600,2.603840287164058,1.1198889279183606,1.963019459320412
601,-0.9296453036083416,1.9407734919858728,0.7379079079108849
602,0.5969242075679109,0.5020300330111754,-0.4045252215998574
603,2.522760200821692,2.64073307687176,3.331507552059562
604,-2.81790436955906,-1.2266375451285811,-1.3231303170101114
605,1.6681358196336324,2.0323867487817093,0.5052496222195719
606,-1.477129405067772,-0.9365207597495936,-0.5517420754301152
607,-0.7012634168194507,-0.8862460605313153,-0.9979540589189336
608,0.9732749136292204,0.2152909386685709,1.0139596851697257
609,1.9212150614809729,0.7632259942273474,0.0745234654716961
610,-1.671112857552964,-1.007474736466818,-0.3452212523421886
611,-3.710295249181767,-3.003320515899404,-3.3783419267283907
612,-1.0717616458651955,-1.7943939617502744,-0.8660849538199448
613,1.055125399947389,0.5822782631212229,-0.5217597426297244
614,-0.1915031949071234,-1.1572553508825074,-2.5255093035872576
615,0.4986633933373497,-0.1827457420577879,0.1487441047459634
616,2.200205143984802,2.048895128342476,2.513305145818701
617,1.4379053005137417,1.184584341964772,-0.4186644377700625
618,-1.754272138683933,-1.0165247830052582,0.8569838841871911
619,-0.4711419370638796,-2.625979362020737,-1.3507955455242522
620,-1.46074207748075,-0.6366541048922466,-0.7418290351603805
621,2.257166983320208,1.6553906501482731,2.437114051598096
622,0.2009467879872831,0.8569073611836197,0.3391467780417527
623,0.1428115560358711,-0.2474977489167221,-0.1260992253122245
624,-0.606981630671235,-0.4226092914124109,0.2636492693969787
625,1.5976972643202902,1.591415400226527,1.952941935529382
626,1.7480670287922893,1.6882274560854489,1.7733107081645345
627,3.0920165087051283,2.7182230470421933,1.177805313517378
628,-1.0278477817961102,-2.4091591721511887,-2.7437977292052524
629,-1.0717817759353303,-1.8409966004774967,-1.4423891795146273
630,-1.907414269726728,-3.0053352457029887,-2.730991904790959
631,-0.9188758290997066,-1.351092272000733,-0.5925272908723953
632,0.6846898541308168,0.3805527670971,0.4401547728031645
633,0.2957617102001064,0.7806136285527019,0.4940340188993551
634,1.8973508232135208,0.6930707855727332,1.3890795384925998
635,0.2503621920666614,-1.767251000551113,-2.218193307321156
636,-1.3193936680902707,-2.7111983658886434,-1.8081101057810347
637,-1.2142241055313716,-0.0394688623681361,-0.8660575234111904
638,-2.3373558351004475,-1.5184835865715172,-0.7988930081479109
639,-1.0613159457124433,-1.3872680271824502,-1.840101150385349
640,0.0126481057402207,0.6508678464710069,1.301017216173268
641,-0.1203095014778809,-1.9960984049912995,-2.0338040839149008
642,-1.680866364752211,-1.6609697495492564,-1.221026876323844
643,1.498218189412948,2.443304304493132,2.12255742860366
644,-1.763766562622853,-0.697295833435126,1.2560386028223016
645,-0.777398219551281,-1.8004768019849418,-2.0159936755055914
646,-1.1613986105517913,-0.382467655292498,0.2528944851463173
647,2.908131992852164,2.680202646896786,1.4555457737121382
648,0.8946869027871498,1.0618962883376184,1.9659117059876887
649,-0.6822105513598273,-1.2445585117296356,-0.7955109978949139
650,-0.0392706031210464,-1.0311305044558785,-1.5052848319229235
651,-0.5175731158024557,-0.7582324182787819,-1.2841504109431634
652,0.0970654849020284,-0.7596214103661837,1.0385395207447308
653,-0.1136154651839289,0.8490489216478996,0.771058458898365
654,2.3961429029196744,1.949960638426744,2.438253239270103
655,1.264577621906912,0.4845118461978617,0.8792687465257789
656,0.2093748173824688,1.0622332192172022,-1.932764692190649
657,0.2943300784805226,0.91685664494329,0.0875984310874218
658,0.8209197269801938,-1.1102225779993806,-0.3027273996532456
659,-0.7736995077215907,-0.8051859464012892,-1.360401490095078
660,-1.4719260576505009,-0.0839040470149185,-1.0916334093789537
661,-0.6988521578326179,-2.6131860901619675,-2.83846114613797
662,2.4311700945354264,2.3088513244574176,2.494383951661918
663,-0.0203033517980545,-0.5071210094500603,-1.0973824915538488
664,-0.5021502608031589,-1.8185490198791208,-0.4855159901356777
665,-0.9712819395862544,-1.6771482116274858,1.0228480657026735
666,1.3179849307980729,0.3988319687085472,2.3895690629384707
667,1.6718503216232077,2.309073917533133,2.143819646699252
668,0.3665263766129229,0.9190811206449108,0.7370576753158463
669,-0.0259193612279371,-1.3526824098852273,-1.7544095535298605
670,-0.8548872383790882,0.8970497082493543,-0.6415722235568655
671,-1.5081933822446287,-0.1104556347956294,-0.2169061362246344
672,0.7561644404678086,-0.6762531788868142,0.0744754309301508
673,-1.8850920278699248,-1.2556966849640192,-0.2828230068053575
674,0.0469863169500062,0.3790940879642802,0.9358608156263925
675,1.4352743123333038,1.0848756222506086,0.5682220953598238
676,-2.1589328625206963,-2.199290057780188,-2.778441861543218
677,-1.4880083603883645,-1.7130789402078288,-2.0345776743148303
678,-1.270926407735083,-1.7716083277960128,-1.93844999527995
679,0.7406762811535059,2.9576738451959805,1.1279830398242097
680,-2.9880333426225643,-3.1679162159512355,-2.5489828094930687
681,1.7945076284738612,1.920486881928117,2.119643163884144
682,-0.7939145140899334,-0.2121085348748361,-1.500679941003657
683,-1.9154553955859737,-1.8665765594276285,-1.6260222913949125
684,1.3019679678403526,0.3371720630854211,0.1643278947671562
685,-0.3920116709083681,-2.099630994077109,-1.4853123619700872
686,0.0874721437505807,1.0080781680156286,0.5221737108546972
687,-0.063461896613379,-0.2026364825620622,-0.1435894107919242
688,2.53992351643944,2.4155400403123526,1.4043599508988311
689,-0.5914029777722347,-2.179305604200999,-1.3279643262264549
690,-0.8707532132295464,-0.5460874711343167,0.2430696132426544
691,-1.376844611262087,-2.393885832678804,-1.5399182909024989
692,0.2092966085305239,-0.5603129032106946,-0.0997668494151863
693,1.1162199793226597,1.4857151242872344,1.4781525061803371
694,1.1677563502480348,-1.880929386684059,-0.872931625093767
695,0.5019803931662561,2.605833667325287,1.3614795374287207
696,-2.3948283024105,-1.7083071062546968,-1.02338427189537
697,-0.0701903211778115,0.9058633780404172,-0.4692370629772739
698,-1.7878195896764464,-1.5146457899104135,-1.8058499409379607
699,-1.238783222290963,0.2036843561960749,-0.3673019533388036
700,-0.3822182752970477,0.9657249003718112,2.324211242959697
701,1.201701254647193,0.6575866200109728,1.3897774299765917
702,0.7654616262435789,0.3293023804675944,1.74865000949826
703,-1.841752726393544,-2.315355980866598,-2.380102033899469
704,2.610839479332107,2.607846958011985,3.408997122892767
705,0.6028724783245468,1.4047176428678947,1.3862775162586698
706,1.2241436519803617,1.5919764376583532,-0.7261166926737277
707,0.2735580285163556,-1.0480605336269533,1.2183158602503317
708,1.962397877973825,1.4792526454405477,1.6138420656792605
709,-0.7669906477378925,1.249401844592272,1.976745067496261
710,0.8172976891676083,1.3500161887528692,1.0121430908816926
711,-0.7252879247872228,-2.586992293804452,-3.601609897256881
712,0.6806735413402689,0.0998836889149655,0.2207419102664769
713,-0.2429441792353747,-1.2994879337362373,-2.2010878864697423
714,0.2578125306169885,0.0184125459196527,1.2343132116635034
715,1.9485917421567085,2.673557195471538,0.4149132225125113
716,-1.88118140252637,-2.128461302155779,-1.5114711171349124
717,-1.451005627674617,-1.2723359519313269,-0.9805842721694372
718,-2.188739574353632,-1.9515636094886943,-1.3737312788898233
719,2.026901241461468,1.6647643492424589,-0.3331087969160798
720,-1.803949105787772,-0.1746343770920059,-0.3177560584490179
721,2.2567707898538725,1.7243523771590323,1.492785312873119
722,0.2890664178234409,0.9168467213794425,1.178488101853054
723,-0.3147292844213902,-1.4915778112038385,-1.5444717550594766
724,1.639120592101147,1.7056465805411478,0.1837463299096792
725,0.7923260215183998,1.0313282355490374,1.3907050395878129
726,1.63509915750645,-0.6859443115899105,0.8683972130371564
727,0.6740074976206092,1.1256058834497302,2.106920044842405
728,-1.4635955757950785,0.765126786736982,2.21253871742994
729,-0.2960435811972275,-2.054743635754149,-2.006959382701742
730,-1.7093723970444672,-3.008761672604784,-1.502968818219702
731,-2.183451714205229,-1.3893830025188303,-2.176213043090388
732,0.3364557296474535,1.6058677166973525,-0.5705326785515037
733,1.1493573281255816,0.8719048275738132,1.9879558741856267
734,0.6901476656984168,-0.7465454879980198,-0.1295417408984835
735,1.9442457691187844,0.4855340481781525,1.5969963838353862
736,0.7531014870364445,-1.169731576488694,-0.0658364436203042
737,2.0887514424728004,1.5161327005612808,-0.6934138449710099
738,2.24140047169359,1.3861254379176646,1.5448190363729102
739,-0.967281169420536,-1.5647888067785871,-1.0352283780149878
740,0.1723814540761509,-0.9619828226110672,-0.8222136953067785
741,0.9953694254355736,0.0317382218094093,-0.2057693060974305
742,-2.090662059149617,-0.4311141151859323,1.0676318962424949
743,-1.1451256726572645,-0.4690733780715462,-0.8087051313607861
744,-1.2051196198589391,-1.6391286107410477,-0.2000629161636964
745,-0.6535542299555273,-0.6224067035110846,-0.7828616092684149
746,-0.4619629937377068,0.7945312586645913,0.033586221818935
747,-2.977260902936974,-0.9951030969310364,-3.794306536586984
748,1.4301491116355065,0.8828290669594033,1.0263227995109676
749,-2.1472128131750567,-1.804457307822192,-2.135230568705656
750,-0.9670257048380484,-0.7248930092740152,0.009020029239368
751,-2.124291162356431,-2.708688804281219,-3.03234530970207
752,0.6081821277685292,0.9933596239600836,-0.4219601852147813
753,-0.9325032378328046,-2.41285026923286,-2.308059281070463
754,0.4987120479201317,-0.3400488614898175,-0.1338381683521741
755,0.1591345584007954,0.1035288149255624,-1.6670051872250475
756,2.23020724384584,0.3129266231905273,-1.0599688187921268
757,-0.8877401097670201,-1.332408228874828,-2.177547125718746
758,-1.353713118584518,-0.9961217044559698,-2.266709570543341
759,1.4417310072827496,1.322427650167128,0.6078695860139638
760,0.3396669032685365,0.685742096092355,-2.1201378539143296
761,0.7083799566704894,1.4654501274640068,2.0841850287388786
762,0.2613999484880513,2.050724628077945,0.8418632538751674
763,0.2673248164348072,-0.6456826713248187,-1.0625660562482702
764,-1.6648664658691597,1.8839049570938509,0.1362634633034675
765,0.2247331010663705,-0.4825417420574852,-0.9593258114632792
766,0.8210345673295194,-3.3769690150942817,0.9482020118959976
767,-1.6095068441302438,1.4352089494100224,2.07427007031439
768,-0.3332243425119701,-1.7877971661413747,-1.6183868069560745
769,0.3286955265144293,1.5798876916602558,0.4340144336393333
770,0.3438501142465319,2.432050996895013,-0.405823805113954
771,0.4241646805747169,0.411145355926959,0.2213436882385636
772,-0.7738577186830302,-1.1314661489351494,-1.3204235912539397
773,-0.8810911986090275,-1.6747403257227282,-1.6197906539363487
774,-1.0369060297898829,-1.1909957166018708,-0.2651034458435273
775,-2.076995711661087,-1.7310985448875864,-2.472073776174594
776,-1.721720753529301,-2.500604687355462,0.1147940314179673
777,-1.3158634249904897,-0.4394868098831411,-0.7936103324201507
778,0.7670345435712315,1.834853254214323,2.2242829843160887
779,-1.68047199587845,-1.000873039815841,-1.8347045101755908
780,2.249720025193831,1.4596071831635904,1.9244095500263103
781,-0.830162214102858,-0.60369984178864,2.356867229523897
782,-0.2304293854012427,0.4831647257554415,0.110851708987801
783,1.5733305057787983,0.4854518013465715,2.064279392933956
784,0.1130750480922687,-0.4751141602267432,-2.295967988597167
785,-1.0905150662569865,1.3635556702558451,1.5448158892961932
786,1.2755652148961152,1.9829943573727664,1.6561148743582692
787,0.4612182528749508,0.9122374986690625,0.2359500222803029
788,-1.1121708968203667,-0.2065720122585264,-0.9365568416003218
789,-0.3458080169392782,0.8770502586749027,1.303998881431661
790,1.9325793455411044,2.3646659953795104,2.65282269957543
791,1.5642542722720798,1.5176061873386746,1.9005636038567937
792,-0.523948482549491,0.2175440747080128,-0.8365189433734894
793,0.8420004837241333,1.288374351809631,2.513497117498426
794,0.0183355882907384,0.6256964808174819,1.3079744260941697
795,-1.997503745225516,-2.9321805660650093,-2.728719398164805
796,-0.4645339617702929,1.4800982449602955,-2.939299150079516
797,-1.8985373040205584,-2.502443423142705,-2.6896555597020337
798,0.4223793320762072,0.2291211283592941,-1.6071780919088083
799,0.587329209109948,-1.4168677465510728,1.0361642419748969
800,-1.1477944097651098,-1.5806545274727244,0.8682808048955892
801,-0.4570933612241484,-0.8433412723509655,-0.9784782245114058
802,1.5563645540677495,-0.4282645722489279,1.509446778651125
803,1.0963136735307877,1.5077136362430987,1.3991223144855816
804,-1.629477069472817,-1.782712518183773,-1.0323057365764703
805,2.039500625064905,2.492768528598301,2.3846854900383083
806,1.3047073891925518,2.5942031062968565,2.601035759282961
807,2.0360043312788947,1.705757543368961,2.600572459219837
808,1.1843244754603013,0.5091115855714516,1.0162644671037653
809,0.6325258372403115,0.3129048963439397,0.9232343300675542
810,-0.6246874040467818,0.5084958147352586,0.3806019797668605
811,-0.8282297442774553,-0.1852541548399919,-1.4984065263287896
812,0.5251107244706203,-0.5349059702766243,-0.5865276553172889
813,2.041826335345009,2.261148393026194,3.242344574518937
814,0.0405334039451458,0.8490456749577637,1.382513887114329
815,0.7578904204289313,1.7304842311868998,0.6611304032813428
816,-1.6434001720835616,-0.9820839617954836,-1.289120742266986
817,1.5785806463989336,2.155114312878767,1.952941935529382
818,-0.3022354915476464,-1.1767162966171945,-0.8973144595338434
819,0.7127042232108098,0.9175301878754212,1.2553858331988086
820,-2.2084752397502045,0.3040595154402469,0.3151850568526439
821,0.2095691580226736,0.2221229263488238,0.2109903427173683
822,-2.3968497862009635,-1.4575487734368784,-0.7212156669594079
823,0.6685336494060521,-1.423915056523526,0.0304987869273503
824,0.2033928487974218,-0.3278644995877945,-0.9230458663886236
825,2.359330621466393,2.17176861201404,2.380330321448504
826,-1.7978310054375757,-1.6181372766047528,-1.4133307070755357
827,0.7703805257156175,-0.5330883776045474,-0.4511795826332115
828,1.736126655887306,1.1284277567393253,1.5747637706032858
829,-1.126321883321139,1.1388152467491992,1.984606114226036
830,0.3863763984674948,0.4015889882690471,-0.8099163329978238
831,0.9262341657804728,-1.0285608930943615,0.0660417666231738
832,1.0538824728279772,1.3042316320071674,2.3301422799970584
833,2.499307121770984,2.193451230003157,1.8792767661948648
834,1.0481630363044685,0.322638531797723,0.4313419430505744
835,-0.474791954541318,-0.0664821129444155,-0.8258638320174019
836,-0.0769760213166311,0.8818407219973086,-1.7471580189363558
837,-0.1522685885231187,-0.3984169002929264,1.1421432085456285
838,-0.1864744081321082,-0.5488611805929057,-1.3183788207470433
839,0.0381118112169472,-0.5982640486131393,-1.3011752510227337
840,1.5014417053807931,0.6048318506866841,0.4518404249935065
841,-1.2346336495061263,-2.019551078670639,-2.200715174208161
842,1.735730576801547,1.0051560815988312,1.624764113814405
843,1.345944367026471,1.319673826876097,1.5199626606384409
844,0.0413492473172905,0.0413234369706658,-0.1365371919156597
845,-1.6339123835526608,-0.914917668611281,-1.7483787003091826
846,-1.0352302522232515,-0.3788379239969334,-1.048473347593285
847,2.779198739924461,2.4375340007429505,2.310550643008515
848,-1.052694779838994,-1.1812661432723337,-2.812467973945277
849,2.096314024890948,2.096911028680576,2.149199004637956
850,-0.6056955910863036,0.7859145018954441,-1.5930666428843732
851,1.964847225706405,1.3899230397557567,-0.5258804435842523
852,0.0359920171023989,1.059283042603959,0.5377997569637012
853,-2.427817268823684,-2.1987948430051003,-1.817445794683431
854,2.154380246162701,1.4577532165255191,1.9030172848564224
855,0.0122816489336564,0.103784935047217,-0.4994022975552006
856,-1.427138696292671,-0.2870983598603548,-3.3806872070502187
857,1.309154207240791,1.0976244513902924,1.5277867671466807
858,-0.8363907514461251,1.1002110421149929,0.6077576119004238
859,-1.031630364003032,-0.4794270831790889,-1.4566807143629656
860,0.0428981987193343,0.1292533354931577,-0.8077778685613155
861,1.8566118001702367,0.9803866507656448,1.801334681946294
862,1.8378909124977991,0.8232818685477363,1.3576986525471462
863,-2.288531765487888,-0.0868096194271747,-0.7528181962756125
864,-0.8503710333549772,0.7800568861282025,1.3933646078697983
865,-0.6465324708280737,-1.140873220283202,-1.536473625348996
866,2.291490223272036,2.8178033334945725,2.389565294477029
867,-0.1172084328652244,-1.9917880644523256,-1.6921515486132708
868,-2.143950451449932,-2.7267349299289685,-0.3471549870723763
869,-1.528698064350244,-3.7027576999242,-2.774919228529638
870,-0.6380842439274559,0.6638456437318407,1.6578805902967584
871,-0.2960911479982785,-0.7834139362001801,0.361124202136895
872,2.194817987464986,1.277726303075927,1.5830260772822848
873,0.7694249864119769,-0.3652627161452255,0.8909474558183066
874,-1.5923742598806898,-2.2500510961469606,-0.6460433298236525
875,-1.554034648122277,-1.535384909773362,0.554386629988227
876,-0.1086509032778665,-1.872310516790224,-2.3713613555032405
877,-0.9327331834687314,-0.7069364134161951,-1.1353930340618386
878,2.3121829051252822,1.2325066625986978,2.298241261344935
879,-0.97012777258255,-1.193293300360989,-0.8201935086429692
880,-0.1692589243740923,0.6549137544921426,-0.3021840350755951
881,-0.7983767990052293,-0.421447052404188,2.082427845049668
882,-1.7468251581097034,-1.4350686265189745,1.418906102978862
883,0.7929763322467314,-0.775794925496801,0.6163439997031087
884,-1.155908740880132,-2.9190954249741994,-1.8349776518248813
885,0.67393340048796,-0.787675125497978,-0.2781508904302623
886,-0.9430881172215162,-0.7232541839238411,0.8794018350395144
887,0.8476347222239011,0.8858384662535317,0.5977854629417166
888,2.3351276800858183,2.8710644050010994,1.8960693890536555
889,0.5946705621149484,-1.01758298480442,-1.2856987443282626
890,0.370440083114894,-1.441718904157948,-0.7361944404739358
891,-1.880094378739091,-1.5254628244933783,-2.09091767145953
892,-0.0406855632695603,1.1887555974789217,-1.1022861411669584
893,1.5719294176652026,-0.407661268899072,0.851097201769956
894,-1.3496119164071536,1.2136761433258376,2.406002642873585
895,0.7715039909620202,0.2580760539743346,1.4973487007898747
896,-0.7829288302758814,0.7992950813592014,1.953569229115716
897,0.1887515984303903,0.8668161087474513,-0.6618804013171035
898,-3.674259098164802,-3.496795342349313,-3.640896842390714
899,-1.2560232466346817,-1.660319552003542,-1.7709417470962887
900,-1.2287415074092718,0.3163482103455191,0.2584671509440097
901,1.5079614480755674,0.3070737494402491,-1.1637627807803894
902,0.8472710326363111,1.997722452064001,2.9738336996134973
903,-1.0383142240508894,1.1200346930441776,1.518018148769435
904,1.523036353032069,0.2344341021378352,-0.1920234175878797
905,0.1765631759954731,0.3183028163280296,0.4844584994569764
906,1.935006913364176,-0.1032004901022692,1.043088445457064
907,-0.0319325149440602,0.7600229898433895,0.8805640239310372
908,-0.0891540914038249,0.1425317644750301,-0.2210729051262784
909,-1.3348816719228689,-0.1853417505398577,-1.1838149786274914
910,1.3055107983393843,2.680036591919252,1.1685495132948442
911,1.6730672964662991,2.6930458692224666,0.8736153362355729
912,-1.2375296235326012,-1.9424321828883304,-1.89588536054904
913,-0.2224858868044731,1.2967514726532336,-0.978825716681901
914,2.1198771428937864,0.3992492016815524,1.345667370727759
915,2.175999621768478,1.9155778391199048,2.5646917384067245
916,0.820794895476149,-0.6486800389258572,0.4262740054005711
917,-0.1739369632922218,-0.0384626551164858,2.059253908765301
918,-0.6862336489458858,0.6921114528009109,-1.380910860391399
919,0.0207455508153527,1.1886368799973113,1.3762764047602267
920,-0.7095035624077739,-1.7035631556895534,-1.5996506003148
921,0.2588247606566644,-1.605286211046267,0.1616487747793741
922,0.6741211511622711,0.1252620819084248,1.2141456921173792
923,-2.9464308036460776,-3.0155262197593937,-3.2713953865073497
924,0.2565486193851854,0.5715924006405667,1.2677312825145104
925,-0.2042397515558077,-0.6751548896555682,1.0168328658039882
926,0.0072023415912285,0.8453306822366924,-1.2715168512733772
927,-0.6521007071005425,1.0581461580005624,1.809538066526737
928,-0.5914255574930926,-1.0719032782119924,-0.2367275970710418
929,-1.973556581307992,-0.2514206560888374,0.1493090938055633
930,-0.4747782953682076,0.7711780976798275,-0.4404261235352147
931,-0.7064564588784847,-1.1544494730839288,-1.140112162066781
932,0.0659338754673836,-0.7056465067106648,-1.8909565255381828
933,1.2313172238484853,2.3241852572668944,2.000084477919112
934,-1.299989815720754,0.2064158632664318,-0.9633136875991594
935,0.502103461273985,1.003860847396735,-0.1981920735634748
936,-1.2523054326663767,-0.2514844277848345,-1.5252597279440123
937,0.5187800303678994,0.3113612150387126,-0.2958737653565678
938,2.5457453133972434,2.399716571157702,2.447054133162745
939,-1.84264832460822,-0.9929412537522904,-0.0829830312089262
940,-1.3932376949905612,-1.9449957963685056,-1.0341572887908057
941,0.2598789062979871,-1.066944783777356,-0.5808972549639053
942,-0.7468657983171134,1.23841442152778,-1.4272741624990002
943,0.8705805193075378,0.8609477812606634,2.31782052670257
944,0.4299858222989933,0.8969638564679588,0.7859924141524828
945,0.6331742929282753,-0.7570313844876074,2.0459239472170614
946,-0.4665687756797411,-1.1678893009675355,-1.9123196206438025
947,0.3002397229583874,1.1090767840552394,1.3899874701253991
948,2.3061120070249905,2.0839034275301502,2.3334670203750254
949,-0.0488108770416833,0.1733855412019183,1.5475671087202665
950,-0.027671227552262,0.4109092566202784,-0.7015469453306751
951,1.1307680563566929,-0.0576213111593934,0.7510508481027509
952,0.225503922649995,-1.543396208686297,-0.4672568491886645
953,-0.271394470279597,1.3165500255194065,-0.0920277717941267
954,0.662868893171694,2.419992928546379,0.4445798618400505
955,-0.2096552287526123,-2.31132908389038,-0.9091249666658472
956,2.3820498637536,0.5918589859769734,1.724680969586851
957,-0.5021560618738816,0.2194057064403089,-0.8885636927028624
958,0.0226227667771752,0.5710179229170501,-0.7726139030961198
959,2.310364328237976,2.7841391762498024,2.9545381471739023
960,0.6039606429691997,1.004098239067548,0.1894280699397897
961,2.468976149824997,1.5256781066342398,1.9020301998456484
962,-1.3825249829995083,-1.7796045266505045,-1.142664124098181
963,0.5639147543060913,0.165055038359475,-0.4950838179819092
964,1.0453510566204474,0.3123772342013638,0.7231265803096728
965,-1.2057704993576184,-1.969751739559312,-1.1111363525081963
966,2.417248794147512,1.1321042240621335,1.614463821817833
967,0.7692786697997667,-1.2586825702837277,-1.141241828073812
968,0.7689857066619029,-0.9762529348562166,2.391433166270326
969,1.5026018705905568,1.2982512287768893,1.5684158071969958
970,-0.1962530784061378,-0.3433307312852787,0.2417577923351726
971,-0.7517436837635461,-0.8502507708417957,-0.8657777973405368
972,0.8638618511853078,1.909204993424637,1.0853771261639529
973,0.0770171271666037,0.6682515234378142,1.832740165140412
974,-1.991756040553695,-2.843552582431487,-2.6136927950539723
975,-0.3262774366866747,0.1279063486895866,0.9583052184657078
976,-0.2495541671977257,-1.3068235782460709,-0.0847603102964418
977,0.7819724003232307,-0.0919472858659454,-1.2789220927820502
978,-0.6742765213811086,-1.8400790530221007,-2.0126439024170746
979,-2.107955473351847,-2.8081097791095564,-1.4419348025042618
980,2.015390398824368,1.4264844579561964,2.498679781150915
981,1.24822682107193,-2.1976128349362427,-1.657050586826364
982,-0.3371076555026652,-0.1684564411105309,1.44245391582951
983,-2.6510787859777976,0.2988902003397125,0.8218819535399569
984,-1.6191130421995457,0.4002523209182887,0.4113753204587534
985,-2.259655334412491,-2.8603398815660817,-2.167844698476834
986,2.40243154327772,2.0946180779649604,1.9383724005730147
987,-1.1122851823853963,-0.987008945423552,-2.1959861288748765
988,-2.233162830870067,-1.731171764373367,-1.4192868391861089
989,-0.7019663727070413,2.035941349804662,-0.1938262660632306
990,-2.397070691963185,-1.5824687600391991,-2.117725917947288
991,-1.8369475299056808,-2.893731547686832,-3.301439480099658
992,-0.0282718685577962,-0.4015859125983368,-1.0305184382106929
993,2.187810036143334,2.3405143576908696,2.316597291915461
994,-1.764158305428315,-0.5617085859903843,0.994970005052067
995,1.6747083469143924,1.600512875465334,1.5834633350519136
996,1.1073159569594144,0.3271017784982839,0.5130595530594504
997,-0.3205928737509183,0.5641447979772207,-1.9854340186029429
998,2.9361790343990064,2.5613971404957385,2.6368249126349577
999,-2.412000211733961,-2.5219239059335568,-2.8989599212227093
1000,0.1876422531461131,1.1279375448614148,1.08694911545362
1001,2.286179989145138,1.5492842711417512,2.560895323523104
1002,-1.636122061576766,-2.4108790437117213,1.3452525780749016
1003,-0.4734156572749939,-1.1639327572963682,-1.4435654378259568
1004,-1.9948241020529645,-2.000476466991133,-1.8382171338619424
1005,0.6335128329403048,2.233500061902389,1.5772881094211335
1006,0.4233771168592962,0.7738728504926022,0.912912729955732
1007,1.382324263940144,0.6775343335612625,0.1308294721651591
1008,0.6680160732901061,0.9179356955299868,0.9279964965197202
1009,0.0403724043667317,-0.3686190969887629,1.6763027136817592
1010,-2.3278325546661107,-3.280386608552289,-2.8991719320647853
1011,2.041268594661264,1.810345689998298,2.5128735865205027
1012,-0.590219788927402,-1.5144627415237557,-1.7917087765021755
1013,-0.638399585160446,-0.3095237910046122,-0.6789694216358995
1014,-0.0749214409328957,1.1475137531751372,0.9856769744290732
1015,0.6099650075102081,1.2979025318136188,0.4078634749643149
1016,2.321004079807129,2.2053042463512016,2.026422258699792
1017,0.6857013624245122,0.2437161758148074,-1.6042641666339723
1018,-0.6353685292635285,-2.124722979981013,-1.952894454405204
1019,0.5422364748518915,2.0676058840437643,1.3858976801580618
1020,-1.7927516689935672,-1.9817888155336072,-0.3379256226223495
1021,-0.5997992723816352,0.3296823005961434,0.6755459866401698
1022,2.211435865030209,2.186827401997272,1.3886734532005345
1023,-1.458778413373646,1.3261102625636831,1.167527281753428
1024,-2.153903171602778,-1.5353970801052077,-1.972436175909544
1025,-2.0482096319285703,-2.056364893346517,-2.545722282071035
1026,-1.597074052836248,-2.805857045343682,-2.7090623330028243
1027,0.4638259987038414,-0.0704279948461963,1.2545344918576284
1028,-1.882623822430585,-1.336179793575601,-3.129393554357564
1029,1.8469869583712888,2.785640175708307,-0.6759073910036573
1030,-0.9410903442956547,-1.471820340481332,-0.4924211822325426
1031,1.4473110309697186,-0.020284398424466,0.9523801993645012
1032,0.6811549400399682,-0.7534774295569813,0.5177463580245478
1033,-1.5188659850120252,-2.647845046048381,-1.0882792579964935
1034,-0.2485105505697666,1.0598707245783094,-0.2301255959315671
1035,1.5348530131390044,1.4226286322630457,0.9267222106209664
1036,1.4415113052724862,2.2366774864055543,1.2517837008722554
1037,-0.896152930704718,-0.0762759367687148,-0.6734741199156529
1038,-0.9644406337447258,-1.200356237021753,-1.5913400217228153
1039,0.1134433324109052,1.0624872402534329,-0.4249004571887052
1040,-0.1919313785579745,-0.4135569142724734,-0.2346336537346737
1041,-0.1979689007486657,-2.180761254816697,-1.2788427333989731
1042,-2.072299001333655,-2.038548943237402,-1.3673637116726651
1043,-1.24304679924178,1.4482163298869866,-1.3344128580912973
1044,-1.5564323490587806,-0.4390507288086233,-0.4594867146575401
1045,2.4361563016400583,2.3890535048788344,2.3850842381536763
1046,1.84658485071336,-0.8093294631024618,0.034986950499929
1047,0.8420997114110367,1.7653293614363594,1.7758708899763789
1048,-0.9461036955662384,-0.2441422048597539,-0.3569639062264042
1049,-2.4697676813662848,0.0503699843870475,1.2065744868795294
1050,2.071230770919407,2.868272853057737,2.826887946749205
1051,-0.0157794776446348,0.8101898671858492,-1.1518047884212923
1052,0.3576503806569548,-0.2257635611911254,-0.3099091826935764
1053,-1.02335408308438,-1.360735557188819,-0.4511553635745823
1054,-0.9989350672797124,0.6630495060359348,0.8451701710422664
1055,2.391491545448605,2.962808420684325,2.959613908927962
1056,1.8856636686384591,1.7383633534579075,1.764319444741679
1057,1.0809224381452147,-0.1171073769753141,-0.4755391387676104
1058,2.0755299504445603,1.2227503587403992,2.414520999177934
1059,2.103047206482456,2.0330458967789538,2.672879197494706
1060,-0.0257618538157065,0.7554242480673334,1.4973517621366956
1061,-1.5053015577666953,-1.3214411701862367,-1.667824775918582
1062,2.225826260046001,1.0609684046775052,1.9645783406298167
1063,1.0891845189437506,-0.5644628968383464,0.0754732075385502
1064,1.6612798506449504,1.998720989298551,1.440155465975323
1065,0.4067201124285222,1.305330076344154,-1.1035626863924102
1066,-1.3803582797202465,-2.579970306969108,-2.396131292308406
1067,1.8145891144260249,0.5729900597939798,2.77060114653722
1068,2.056727090069252,1.5696133564937176,1.7960782186771334
1069,0.3261044446567003,0.5842371098865919,0.6747874245266314
1070,-0.0232944935153107,0.102952852192812,-0.3031922360637079
1071,-0.2662811670643901,0.0172179780230078,0.2798927116019435
1072,-2.1034052213120185,-1.9837114140721828,-1.440332266081824
1073,-1.0511480084160214,-0.0279816559151353,-1.857325657193651
1074,-1.7447128851371332,-2.700065855015551,0.2696391397533993
1075,0.6146656417465578,-0.7636960537448721,-1.5396836083573784
1076,0.9302220495148408,0.8629713559994661,1.4889094829217289
1077,-1.5853716212752444,-1.2685935263482968,-0.3515788215736345
1078,-0.2197069190062698,0.5695294611550327,0.5463521600899438
1079,2.6929624449751564,1.676450999291801,0.7479035088794088
1080,0.909081290515563,-0.5861807770006577,0.3475007770375333
1081,0.259865717143396,-1.4664827085742516,-1.299019867036141
1082,-1.376461148052826,0.3976866151878307,0.8257439940261939
1083,0.976163241292761,0.3171846248746189,0.086929114971078
1084,0.3305551434786615,-2.125112860366773,-3.089093540292893
1085,0.1023315907806062,-1.0279869575743232,0.2663095365679804
1086,0.4883707616124205,1.9831241278436416,2.2120518730798606
1087,-1.503775676058349,-0.6210265931557454,0.1592709767133945
1088,0.1922363871491021,-1.243584077016581,-0.6420044039551905
1089,-0.7864603322025867,-2.408242486662729,-1.1145348498941527
1090,2.374506081108972,2.492537104525416,2.348279577993064
1091,1.800007945584606,2.046150716685072,2.348807560531944
1092,-0.5222730646900969,1.404150291282366,-0.4016593773241821
1093,1.843398927408853,0.7361715190283039,-0.3177028262406625
1094,-0.2414908439319462,0.6277375687418295,1.082842673377406
1095,1.549662076218054,1.5457373882356928,0.4793768356543656
1096,1.1308200046854833,2.481432265138233,1.8227917952405983
1097,1.8725544074882507,0.9890703556813568,1.2062600376594612
1098,0.1925776904481611,-0.3346658416575841,0.3073624407138063
1099,0.4282216219014657,2.4725381810730647,1.623826284952796
1100,-2.171534024583924,-1.274431982577798,-2.096477755120172
1101,-2.787838242147359,-3.026625410565096,-2.9107740215600435
1102,2.76977786820962,2.998670329939104,2.473812123264976
1103,1.1478120265911007,0.7843059395944092,-0.6493077895761299
1104,0.7602844903862414,0.9157934338421776,1.0086056625288216
1105,0.5269135869736944,2.679304071761285,1.6450766416847595
1106,2.150595694099282,0.8505860346258274,1.8984144081378016
1107,-1.0315339979707716,-2.863000110818817,-2.882863761832636
1108,0.1320675573134037,-0.5564142127617355,-1.3312762151457682
1109,-0.516155420011794,-0.7845152022274631,-0.3068173746411965
1110,-2.3946486037056625,-2.490115014971289,-1.808616324231181
1111,-1.6650182379062877,-1.3875054601678694,-1.070915374553302
1112,2.471728295681536,1.7600733139983864,1.6243295924362915
1113,0.0365436334825886,-1.2817505521114372,-1.2949551338053151
1114,-1.8298570237362843,0.2225220095003253,-2.3939673722471286
1115,-0.7348739355754864,-2.0239566599213723,-0.7463171985772561
1116,1.5653977560834418,1.6572223220529556,1.4070418478004827
1117,-1.4743334986049157,2.1155271463960785,-2.6723005789605976
1118,-1.1921522298053344,-2.128873311695081,-1.7038855544781348
1119,1.073715986981696,0.834107205578049,0.8661811090505378
1120,0.9818008483544916,2.5942031062968565,2.895043414701526
1121,1.1369547385122258,0.7546387037214856,1.4030865356624873
1122,-1.8692274865993184,-2.9041265637002343,-1.906576444609207
1123,2.474936040741046,1.6704652337602084,1.9475727246641648
1124,1.1869179175047644,-0.5305068269468546,0.2277423591771603
1125,0.5393779643057309,-0.7322151888908207,1.1409570900482726
1126,-1.2215599331966152,-0.1125455848296414,-0.2423893089500005
1127,-1.5984629663028995,-0.5672180733017701,-0.2961313974914752
1128,1.887529689212878,2.829566111053095,1.684569740467412
1129,0.2946468220563522,-2.122318169842206,-0.1953240610571072
1130,1.0734411446046157,1.363568168720956,2.443954140166358
1131,0.6681356208031098,-0.9373970839449814,-0.6579294922100645
1132,0.1877748673170123,0.8799996062177582,-0.096611865063595
1133,1.0019207087973854,-1.5352500154388424,-2.318697723318956
1134,1.8644906248319968,1.8806281999157108,1.4425801652034096
1135,0.1538520838064914,-1.1451188944652846,-0.681057148626889
1136,1.631715894160296,0.729918083334699,1.0291087978800335
1137,-0.2768662146170213,1.418541535758795,1.7787927259167418
1138,-2.3415164202902123,-2.3516619118098867,-1.838538047937773
1139,-1.108515645006031,2.60840367127619,1.405418784448894
1140,1.187116863153403,2.016459085138838,1.4845779854295542
1141,-1.7949265413715,-1.0311212838558923,0.9178588285595608
1142,-1.8930341278400105,1.5072493012769983,-0.2175772716463813
1143,0.2584468138548375,0.1460586998667088,-1.166266712153449
1144,0.7611356167056471,0.9987454922862588,2.457305149394845
1145,-1.2063035416613608,-1.8460546971284848,-2.240084260696811
1146,0.5310621110622793,0.0068549628424409,-0.6285634801366846
1147,-0.7273247094165468,0.1016985278852047,-2.311057134814281
1148,0.5375471921291648,0.929244153659356,0.3147293737932027
1149,-1.3745185153610435,-1.1081654647367771,-0.996843779432649
1150,2.0738940087275606,2.070160627042801,2.1235999384819486
1151,-0.2991808906191358,2.0460869957721664,0.6664053477506059
1152,-0.0483566908375023,-1.6521418095330258,-1.2636641303797655
1153,-1.6878614329730697,0.211591458418558,-3.3317173619182485
1154,-0.7405070261381452,-0.7364431876697127,-0.2635065705919668
1155,-1.0223075426397767,-0.88814849657346,-0.763704227585108
1156,-0.3004574210688346,0.665169768715409,1.4777815927158686
1157,2.2106207691820607,0.2299861221070373,1.7515048432926648
1158,-0.310237234509229,0.8562557651243327,0.3954787874346501
1159,0.7120820104137604,-0.2705233414882833,0.8336013885361305
1160,2.438557802729456,2.398610566552254,2.214661170999609
1161,1.7912309600245715,1.0958748620265315,-1.8371923523342413
1162,0.2248028238160287,-1.1093552509346898,-0.8852335446890713
1163,-2.62725880181509,0.1265446543797001,-2.095094544309774
1164,-0.8879522714792991,1.1059049847523663,-0.8205431085265892
1165,-0.406154203007161,1.4574455251654894,-2.361541340625488
1166,-1.5028871251244509,-0.1097598541001068,-1.6611455551695438
1167,-1.3004704567275456,-0.7914135996994813,-2.7550945946253766
1168,3.044579134427646,2.60598994542677,3.5367374527793327
1169,-0.9911432206689345,-0.4128177183520627,-0.8857349086309402
1170,-0.1961592918125314,1.4589204224524068,2.0341039083946937
1171,0.321344457092318,0.4023036942460283,-0.1166864970145781
1172,-1.6320992426808922,-1.3315167045013148,-1.0610064549438971
1173,-1.6685908979088633,0.5098101218340853,2.267799668019707
1174,0.3694469273096448,0.5846573697714921,1.3175732675891558
1175,0.0856944957074584,0.5864352315660719,-0.2088429294060145
1176,-0.7208989012910312,-1.69113261005078,-2.162412631669969
1177,1.3727747621555122,0.5687271568276449,-0.0291832459630033
1178,1.0130621328980332,-0.6941146193955547,-1.9652564940317256
1179,3.209702132573359,2.681976105519322,3.491025012132085
1180,0.999549809235294,0.7383137530761446,0.3668306108947492
1181,1.5764501243950766,1.9480688122071128,0.987683312437898
1182,-1.0670551326120743,-1.4867041215714882,-0.7190176473412997
1183,2.648669805641501,1.6080987792429284,2.680121780509575
1184,-2.7958062773479955,-1.1980736163918668,0.0617055689290334
1185,-1.601478662780507,-1.339033825351924,-1.2745250955676417
1186,-0.2574711964191666,0.395763122467417,-2.649890650289056
1187,-1.3134012446834653,1.231033460557904,2.8941315505725607
1188,-1.5029489673527705,-1.728395130709172,-1.2278583931068563
1189,1.5146290894993648,0.8287661990310733,1.0408441537383315
1190,1.872195688801358,0.3801355447125643,0.8611416838643524
1191,1.3118679021557396,0.9149719592621582,0.8536393613060927
1192,0.2295588648743338,-0.9455637247143324,-0.6553647600126544
1193,-0.6917774892740285,-1.2375325067641452,-2.9594533036463084
1194,-2.581354553665031,-1.8548952171429305,-1.0440435032348303
1195,-1.5044553750816356,1.5352089011919323,1.536802532810422
1196,0.2465192700376549,1.3228691313835514,1.466030622020439
1197,-0.8317626288871574,-0.6906623823955835,-2.543230022457465
1198,0.0416964140933103,-0.2881073945447188,0.4908332198671625
1199,-1.0239409551030707,1.394367700505723,1.895033798446856
1200,0.6706227891040173,0.903717209626152,0.4307615846744539
1201,-1.6281419865028626,-2.4528032161215063,-2.273684474846208
1202,1.4965547303097175,1.7378230975954416,2.105843708252704
1203,-2.273765692341103,0.7409048718784662,-2.053048995592988
1204,0.0791164183600428,0.7767729239895695,-1.8734242641664345
1205,-2.216254398188012,-2.509902408656065,-1.7175051655792908
1206,-2.1434036179089007,-2.490320709410029,-1.729671562785148
1207,-1.1795644654751714,-2.3220823307323526,-2.1176447892826653
1208,0.5185534550958495,2.018858265875455,0.211980513423178
1209,0.7831443936248796,-0.7621208633226592,-0.5904176987074952
1210,-0.1226755086053957,-0.249390598669298,0.1010451153378058
1211,1.5231190436705742,1.4237832136952984,2.095534824409262
1212,0.5869108806822056,2.1890300842500565,0.6861663539261309
1213,-0.3556145691736344,0.988294737300326,1.6022141849941018
1214,-1.2660375317865271,-2.5622915419256507,-2.0682008212372573
1215,0.6104433820033416,0.7814377217152748,0.1608196764364351
1216,-0.0702627404293666,0.672746228172336,1.7548928713392231
1217,-0.8988435909663548,-1.7143565004098371,-1.217078306604622
1218,-0.2395563360335126,1.1225934770009616,0.3542483722680138
1219,-2.665943993630376,-1.3895897535791115,-2.285376582723683
1220,0.3707565358647056,0.1735986547940194,0.1741280647502871
1221,-0.3416465423162054,0.0161755660261849,1.1641973938783543
1222,-0.8251710497263887,-1.0050890802857595,-0.864744765254408
1223,-1.535662367658699,-2.313133589610856,-2.273065485284848
1224,1.4017208165715045,-0.0784178965721158,-0.2925238911981678
1225,-0.8994848091689203,0.2186535132696298,1.7077698456930208
1226,-0.0333137964157205,-1.1076564006674798,-2.311097822020406
1227,-0.0415270523561779,-0.5977387302298718,0.5092461196973919
1228,2.4177241658996667,0.9625689227782794,2.2836262864647447
1229,0.3780303031583852,0.8103983074244346,1.2687719687425043
1230,-3.545816872446576,1.199888099549144,-0.115214427738425
1231,-1.407070689979968,0.5984297673415588,0.6931024643387182
1232,-1.8013121208590612,-1.4665799277068778,-0.835150568151813
1233,2.0072869121329893,1.6223260569924702,2.621791174400532
1234,0.6928487770318293,-0.2109182429777092,1.0401269512828115
1235,-0.5452955483904723,0.6649604717567864,-1.0925575322408618
1236,-1.1639609382966212,0.2391490681488881,-0.0316266817492611
1237,1.1185467273422471,0.8213854334113904,2.332207371305565
1238,-0.2832310475748011,-0.124558395790867,0.4878350101837486
1239,0.5523926943032844,1.6369233444329017,1.2345752442523938
1240,-0.5713056545625107,0.4008512703145545,0.5228471761070131
1241,1.2237318500085197,2.778413412461751,2.0836943552328964
1242,1.343683212447938,1.667124058431713,1.6873922289161998
1243,-3.481752110015113,0.8549187567804223,-1.2144420213587332
1244,-1.6652835238235608,1.205027697534914,1.9245050753993145
1245,1.1039429427417236,1.191482203187329,2.136684768657968
1246,2.2360477790326354,1.288160204879863,1.4667481555118718
1247,1.2778567169084627,0.3138217837982503,1.5919200468745576
1248,-0.547848637982644,-0.8744707138745502,-0.7362034133616958
1249,-2.415529083685609,-1.2297664971862583,0.8786703829564819
1250,-1.7034721772018218,-0.5588579992904892,-0.9761358652538056
1251,-2.2617788584762724,-2.0579566270055527,-3.5657069301194904
1252,0.1111920269731193,-0.1870509887737211,0.1106472203644671
1253,2.469096719403677,2.2254329459879822,2.669149517663131
1254,0.3771265803707905,2.177613356049946,0.8419299210207211
1255,-0.150782951805193,-0.3203592518057091,-1.4345369598044653
1256,-1.6080636646007411,-0.2028023826325174,-1.4616093369389251
1257,-1.1410802520708894,0.7498737715448476,-2.610368700305439
1258,-1.3555924334879297,-1.517902042933804,-1.437287639095504
1259,-0.9116648618700256,-0.4092013000752682,-1.2805000517774476
1260,0.256944728804963,-0.343523707733477,-1.8237187075596464
1261,-0.7775194877683778,-0.0711094905274699,-0.4350278418659095
1262,0.4049777496103442,0.7079945206808127,-1.7283947793059418
1263,-2.528237286003955,-1.7251442654463325,-1.795772845673527
1264,0.6738851990326749,-1.1238610395730249,-0.2414796629725326
1265,2.3986140029461933,1.9100063501442683,2.1222217106761323
1266,2.213321152902849,2.3612796559771287,2.591789516066432
1267,-0.6860411208739058,0.1678175699458852,-1.3614380891850066
1268,-2.552581908147448,-0.2502722588215474,-2.52300605321317
1269,-1.703557162585195,-0.2832434838378176,-1.8490722457593192
1270,0.116403526351867,-0.5721579335880914,-0.5839434797491094
1271,-0.0457406253966333,-1.4938051946818849,-0.6602386589756677
1272,-0.1412563162239483,0.099249937318508,0.82761775780431
1273,1.0892124715978326,-1.1532933245955577,1.8342545973190896
1274,-1.2280166240296042,-1.94144826376322,0.0899517048420974
1275,0.1750148504380247,-1.7695516051813929,-1.0999542050897069
1276,-0.6609673046242535,-1.0741638583013593,0.117891450487705
1277,-0.4003130398125004,-0.6702565123535695,-0.3991502044118052
1278,0.2516909835655662,0.4844563706277883,0.4755679891260829
1279,1.5132486485105792,0.8775062905564324,1.8856466402867071
1280,-0.9805101533732016,-1.659279913204187,-1.7173248994065111
1281,-0.8465825033981951,-1.7602671300828083,1.0242724876429894
1282,0.3641267288275483,-1.5525000916821226,-2.04530152043206
1283,0.4209709123134625,0.4116424241867613,0.2706783243960128
1284,-1.4817314996672877,-2.511976004712044,-2.7553700609475245
1285,1.5421306584884975,1.8067235837076585,0.9717839922344458
1286,2.249234395222501,2.0749448820261303,1.541340392644866
1287,-1.839403345117527,1.252161143791218,1.755105092908916
1288,-1.2138350019560582,0.8775062905564324,2.022663650328953
1289,2.2942260169331696,0.5228634400650222,1.0138775218096627
1290,-0.6574328224176463,-1.779957794224955,-0.8423087704964883
1291,0.3351999729776823,-0.329412432124777,0.634738542744403
1292,2.3936256959797024,2.3202238306653538,2.6523952202659977
1293,-0.9151308716309324,0.4884234688187326,-1.1002991329526048
1294,2.6160030144940225,1.5908088476377569,2.171017121991005
1295,0.5013045549365527,-0.1838598001531303,-1.274775411862079
1296,2.2927679754738843,0.9835733196785076,-0.2446948675323162
1297,0.63306175288107,1.2585301839551797,1.859625678105828
1298,1.0208014899916318,1.5780227651114107,2.272112841264032
1299,1.673246977775768,1.2403928426634605,2.123153390774953
1300,-0.6302328654674927,-1.9423938712091229,-1.188777416746404
1301,1.413672666231883,1.1854492851756977,2.1304557971903058
1302,0.5918373702064665,0.5957193005485266,1.3871941125307572
1303,-1.406886031791588,-1.9637870503092911,-1.3863914236959711
1304,2.4215733866015268,2.572416860230109,2.582604224705218
1305,-2.834201844674039,-2.397711082996889,-2.6198686221693586
1306,1.127161458319108,1.2829751620847902,-0.5775239253610092
1307,-0.0236371424218043,-0.5177398712090094,-1.100974912176496
1308,-2.36864922758861,1.9287070489729223,-0.7437762673267423
1309,2.78784797070261,2.443177308719825,2.214031076168565
1310,0.7421662653379704,-0.1098848546134892,0.3658394169904224
1311,0.6132322778055228,-0.1960819350813204,0.0102287701391562
1312,-3.676947236253728,0.2100791994221972,-2.1009747015279303
1313,-2.032686638311515,-0.2924052537984351,-2.5503903020926613
1314,1.183335179728102,0.8376820691538962,1.099864300616075
1315,1.4304704425139194,1.2884958920018472,1.4685401909109004
1316,1.5817194897995368,1.1604557255005865,2.10483257962037
1317,0.5115409144521406,0.760115110707784,-0.0707124606521983
1318,1.1862912331637094,2.6856266095858743,2.859624642713372
1319,-1.3957084167692348,-0.7274865706391692,-0.0312748318448795
1320,0.8216290741813912,-0.104017552835586,-0.0362063076280322
1321,0.7065935892876103,0.4113188880838415,0.5865587522302934
1322,-0.735597554765312,-0.2699923128496599,-1.0247099497599474
1323,-1.1231536064014511,1.069205510597699,1.9135350935424813
1324,-2.545098792311781,-2.7616751272437567,-2.160116142157926
1325,0.4216171007055078,-0.2864234220244971,0.0517494759659353
1326,2.144749065652706,1.1564332715319303,1.9186963415054723
1327,-0.9079876274464652,-0.7904119697594865,0.7340369011923662
1328,0.9171230612280186,0.6390906528587359,-0.0524481118827936
1329,-0.2505859879926855,1.6776556794925146,0.6025722691303955
1330,0.5926112747487768,-0.4578811280999537,-0.5187699500211933
1331,-0.8215699959830405,1.6052031292003337,-0.8411155992765925
1332,0.8396880804229758,1.4272582015905946,1.2112823539406845
1333,1.8830072357288272,0.4917756236383544,1.2261159477763168
1334,-0.3300638554669957,0.0292284698846073,-0.420972857745215
1335,-1.5875954634960645,-0.4712001618575324,-0.4353758085209064
1336,-1.4756798753680038,-1.074234336009013,1.1508944178504068
1337,2.280323205467081,1.5256267635850485,1.593505426363978
1338,1.1770815007507884,-1.1851325160384747,-0.4323328101269464
1339,-0.948489491334538,-1.720311209187522,-1.776953440852502
1340,2.2328605182230774,2.77864747862436,2.8893730504875395
1341,-1.1731825939981024,-2.6037490259743192,-1.79906623536951
1342,-0.7936469944905702,0.0339675578383747,-1.07717672470943
1343,1.0027637735436743,2.153950337143719,0.3506810354862045
1344,-0.5837159354716515,-2.476307996746948,-2.9299957377136834
1345,2.484571008748062,2.574723466728222,2.7934518457867745
1346,-1.9185272362343628,-0.6354080299370389,-0.5557492625825381
1347,3.161915709872611,2.3988948430398667,3.601169571714562
1348,-0.0125204752613936,-0.3503748787171895,-0.0949000743265107
1349,2.157294602839468,0.998716062239868,1.8402587783068785
1350,1.30206309288324,0.6351737014616202,2.0224228408789795
1351,-0.4178944571322085,-0.4086175524045712,-1.5498372259391535
1352,-0.696760260722721,0.8593257348687813,-1.78653234810049
1353,0.4228828507470789,-0.0724710225028497,0.8833993424403218
1354,-1.128469818106184,-0.3326153108629894,-0.733340020507983
1355,-1.1218232962317098,-1.4118510908207271,-0.8695531847732481
1356,1.4720959728668677,1.770991455302798,0.5285520665511942
1357,-0.1134800709171087,0.9944857384402258,0.90805099784473
1358,2.4235861388438105,2.7563926405414527,1.7284519299244347
1359,1.0874070552811033,0.0811949268836071,0.5851027792126481
1360,0.0881083400606326,1.22476075886885,0.5192746259974724
1361,0.9412262574385548,1.3937279929560369,1.5970783768651684
1362,-1.5176147813985803,-1.1574823340764666,-2.042076524224401
1363,-2.7606139229290365,-0.766509879058168,-1.3834391686647671
1364,-3.4912263443444087,-1.4411478562695184,0.0213015245312915
1365,-0.1714196150471672,-0.4939385421500201,-0.1417330242415855
1366,-1.4482055203745356,-1.7215885146441208,0.6527962653294447
1367,2.36087300013804,2.776721333764548,2.979800998049134
1368,-1.3393980204277354,-0.1381238388415182,-1.5088988262925425
1369,-0.3108653691179474,2.5063921579595028,2.441557778370987
1370,-1.302616140471759,-2.345546195212081,-1.579704750261477
1371,-2.288471644948681,1.3459552726393462,-1.7437599156448778
1372,-0.0654785798555293,1.2422715530803168,1.6622337779198182
1373,-1.1737232725633326,-1.0741336614444985,-2.528809910772804
1374,-1.5951314866038608,-1.381213327287238,-0.8780701443025625
1375,-0.7915499563260366,-1.8016367803373816,-2.405368823448571
1376,-0.9851902994393628,-1.8655397393132689,-0.9318157609104184
1377,-0.4620669080743174,0.2424738087001996,-1.652904485204192
1378,-1.4542606548300805,-2.089564605378646,-1.115826405718418
1379,-0.6379435348103254,-0.6118048401040652,-1.3082093260202443
1380,-0.7708359794641824,-1.8632177125199745,1.5376440340047215
1381,0.6703980411578094,-0.5583545431714771,0.9993300994601232
1382,-1.092791275117964,0.5709995018794571,2.1986981168102977
1383,-0.9328769157589673,-0.5116444209274637,-0.1913192881179536
1384,0.1196195610430946,-0.2560388606600823,-0.692816239333947
1385,0.8180535163292735,1.5212931261521687,1.5220343783522563
1386,2.5155629715069106,2.5522779877024138,2.4870360552086743
1387,0.5450888790526676,-0.0853137598719146,0.8315183144560028
1388,0.8494912170940903,0.6276866012291491,1.2873055664795383
1389,-1.5867859773920874,2.3564280224455825,2.3404917933383445
1390,2.260798363823774,2.187000446305993,2.513598124935243
1391,1.268334372344614,1.1538345555050922,-0.1079400452547983
1392,1.672600061186204,1.1939156071565389,-0.7171697504924722
1393,-1.4727767470359967,-0.8720859857902654,0.4784638322501998
1394,-0.5242697134011195,-0.644590986725612,-0.8074219256326136
1395,-0.5439954946098324,1.6238083735250404,2.079420577723152
1396,-1.2226388289117185,-1.0429178077955734,0.1632587347336572
1397,-0.9757324619706732,-1.5184892344910308,-2.0769772218878355
1398,-1.9687158647253928,1.0049280584203977,2.1864914567774454
1399,1.6469954677880456,2.172482546694423,0.8572289730795034
1400,1.1538667470564672,0.2414492298004703,0.552286450920774
1401,-1.846785321728456,0.1658201078542975,0.9971169958436884
1402,-0.1313700094358022,-0.484598245819953,-2.437675495482394
1403,-0.2847750974761437,0.4852168789022964,2.354452162101219
1404,1.1863875709831189,-0.1772885198201286,-0.8161428683995344
1405,-1.0306705840482984,-0.6817908924737792,-0.071138946791318
1406,-0.1818648396263761,0.934850003219062,-0.5963555694370528
1407,-1.2692088314217111,-1.541202371116266,-0.7416979818942449
1408,-2.5122524090398946,-2.48804701152999,-3.004998225494929
1409,2.472852819108134,2.489640277718584,2.454561731212625
1410,2.186349843875578,2.522973064802378,3.069340860893432
1411,-2.635040917659656,-1.8403586918763115,-2.432169899563433
1412,-0.8340287996611506,-0.7830636562081689,-1.9996292572768
1413,0.5275187307075083,0.5717318423551067,0.5847904413576723
1414,1.908826151849146,0.3342611652184729,-3.220504207360104
1415,-2.9259885241842576,-0.6203158554256876,-0.3554486019793391
1416,-2.64123334621359,0.9943125914423432,-2.053960208838116
1417,0.184657506617115,-1.0064217930229131,-2.77987255170787
1418,0.927245350484924,-0.0579385474966956,-0.0037313643749499
1419,1.1471390347498602,1.319690021158204,1.9027079193441552
1420,1.6643255360366465,0.1685039556517053,0.2430096361421899
1421,-2.4264634242614105,-1.9311333993339448,-2.4933773883814263
1422,-0.6596919788642437,1.7212321635000487,1.7445805526688036
1423,1.3092206703994826,0.5969460647434741,1.50193394286921
1424,1.4812244402157697,-0.2658964472691169,-1.7143908869178954
1425,0.7652629083794198,2.2955179357468505,0.5493146536062594
1426,0.4805650229716603,-1.035564482495939,-1.5912817475987855
1427,1.9937952432213373,1.3125338531282609,0.4700192684926054
1428,0.8230047173223964,-0.7206632639328115,1.2140545811963417
1429,-1.997041498788208,-2.209220071660193,-1.6148407905365345
1430,1.7745059622441683,2.031791469434224,2.4924771312344105
1431,-1.837348037704837,-1.7888283468987776,-1.5156457535074777
1432,0.420785908323232,1.7698877751419455,2.1700922669359173
1433,1.3317734509011514,1.6149962405509786,2.310607135160493
1434,0.3674061939731486,0.6745227896240628,1.4538245421110527
1435,0.4463514999953749,-1.3869522773030518,-1.035966373522951
1436,-1.2375910936326266,-0.5574849007705904,-0.993433668360901
1437,-0.4039328431940117,-0.7793078951720412,-1.1394155341563956
1438,-3.14030222773142,-0.8763525227619976,-1.4439501679545867
1439,-2.7181363999941093,-1.665000953154446,-3.105243693127681
1440,1.1792417529446233,-0.0963404935803803,0.3846755048450858
1441,-0.4509161535230479,1.1833382573644804,1.832441200748788
1442,0.4168279756051343,1.129814892541876,1.773280664505279
1443,-0.8994841751988603,-0.0724710225028497,0.333371075613623
1444,2.233111717666325,1.5294809795376842,0.7149947320594595
1445,1.5624504846135072,0.6165258550590276,0.7262471858046158
1446,-1.6811730408291965,-1.9478297924901544,-2.3435517360871514
1447,2.2284213609597248,1.445127247245535,2.4978044442412544
1448,-0.6856483504964196,0.3153339716060797,1.7154972099402728
1449,1.377532848637663,1.0931444886719943,-0.7275753627319685
1450,-1.4762020183779805,-2.419456914524225,-2.464609834109802
1451,1.2720179689276658,0.2219440986561399,0.7025978382342335
1452,0.6307370824636698,1.458487925534787,1.878878731396264
1453,0.2686860515226782,-0.107396100672614,0.1878592371606
1454,1.1869233543908675,0.2310491037062504,-1.331483451606737
1455,2.104877419459015,1.3382178627881685,1.1596049465934528
1456,1.4245614351604394,-0.5839970860920604,0.903180838367874
1457,-1.563435947255554,-2.333182726943596,-2.1746611992659983
1458,0.7918418989271421,-0.0710302063543519,-1.3832663943717884
1459,-2.167521004410057,-1.0310941415263564,1.369826518980541
1460,0.8270720047854623,-0.0057774498947604,1.5385185071860634
1461,0.9334683977992776,-0.7873542991206166,0.2202880428404479
1462,-2.7074357273606555,-3.1602857401868234,-3.0097332290003096
1463,-0.5157242404009638,0.4899186572909338,0.8009391967779698
1464,-0.5137478814976368,1.811067400334227,2.047248436523577
1465,-0.2014940571829259,-0.276203088224666,-0.8070429131682888
1466,0.2817477537262364,-0.350489821591692,1.2458533702457686
1467,-1.319356988415286,2.2994127573793017,0.6135268189746925
1468,-1.843343004858556,-2.021603275278028,-0.1673423911060653
1469,-1.5052852891665625,-0.5406824262461284,-1.791796445067858
1470,-0.0512593573736711,0.6749901712170482,0.2417902757139607
1471,0.6163384128764551,0.4029941057894238,0.1637527749369152
1472,0.5006682728271725,0.6555620421811639,0.9874968096121204
1473,1.7601177236943737,1.0927299649577418,1.3881297168928186
1474,-2.402706909030458,-2.519690475425356,-2.147398382125176
1475,1.7858882870974733,0.5122404336128589,-0.6392948030236176
1476,-0.5992486452383179,-1.3574146373093174,-0.0708504376706695
1477,0.1835518492538845,-0.1087778822748352,1.0273404978435074
1478,-1.087433336163822,-1.1690656016689696,-0.2609803261797535
1479,-0.9299608198249594,-1.0759946645100678,-1.113706575295976
1480,2.3056021857281097,2.437392300356064,2.790901140107801
1481,-1.160182879512345,-1.7838254604644377,-1.7791910598758782
1482,-3.048822094017828,-2.8750861602855573,-2.3140165589846213
1483,-0.7494717311135037,1.5437364886428178,2.222840820423856
1484,0.1958309178688496,0.7372770693637493,2.394272588785263
1485,1.4691017399483712,1.2103252755904128,1.330906678193243
1486,2.2607896911790952,0.665795823422383,0.2788622872766131
1487,-0.2577925216548842,-0.3948864278933661,-1.238761103457163
1488,-3.7580099706941192,-3.512826277777929,-2.603518912984776
1489,0.2226471428957573,0.0288199900459603,0.4185577592326845
1490,-0.1240528422466027,-0.5385207018471125,-1.4345210412809637
1491,-1.144027175444244,-0.3652620193882702,-1.4275075672940123
1492,-1.43786981525762,-2.675215516612771,0.2373746353805841
1493,0.7564753215650508,0.102601074527162,-0.2558238422672659
1494,-0.7076791088566854,-1.21359550136781,-0.6189998967359002
1495,-0.4726482368873854,-2.3474976126040814,-0.8704268757022748
1496,1.238850006515552,1.3723933990634745,2.298852520239023
1497,-0.8760068762460753,-1.7124254485753312,-1.0476560703827125
1498,-0.4726621897124363,-0.5321716845287796,-0.5941684161738979
1499,1.976918106296436,2.958847955079257,2.1983146840795484
1500,1.891984555429276,1.8913536486472755,1.776699357922079
1501,0.0996129115563251,-0.6747697713862851,-0.5069545515333085
1502,0.512043189544426,0.2147097709355192,1.240282728588211
1503,0.0871688178937011,0.1334527019156,0.2107869126134028
1504,0.6644230658992356,0.2295565481077997,-0.2494684563255452
1505,2.5834337547127912,1.782902012666387,2.417182147513445
1506,0.2111827270926066,-0.9443708273000102,-1.9497094815057696
1507,0.8383873433709526,2.487302256953228,0.6831930052891326
1508,2.131365883705398,0.0572115865281308,2.144251442320158
1509,0.8201128486997138,-0.8462344458548343,-1.8950891626268345
1510,-1.952908477766269,-1.0761605036997632,-1.0280643018040292
1511,0.2652961252980285,0.4851575357760972,-0.0954064873734481
1512,1.2224109644070582,0.5138273209795703,0.1366522047477749
1513,1.520240351653857,1.4896770348593704,1.1377033943795316
1514,2.3818803725368016,1.9240614429497247,2.2788895167873524
1515,-1.837685067195152,0.2241384833039446,1.1136664059355534
1516,-1.6394595620372638,-1.740729697904404,-2.218714180392186
1517,-1.988891945584289,0.9029431418594532,-2.7060779795169183
1518,-2.0023106317389647,-2.9328072607565354,-1.7200743419005928
1519,-1.3046363320081589,-0.1831336281885084,-0.7862661514802145
1520,1.822867822048264,0.7655628052120572,0.752352136018067
1521,-1.7260620120508257,-0.0612488933058623,-2.103547415376
1522,-0.8664862064778209,-1.2262889186556027,-0.7723454308565681
1523,0.9831619793434092,1.5692825068261176,-0.4836966771349272
1524,2.249337393776985,1.7988372543321047,2.7286789375926115
1525,1.1333518877866045,-0.3023853844747008,-1.2920309071023248
1526,0.3380133951008738,1.286331260653736,2.6342772539879213
1527,2.5859943434961266,2.501130963447466,2.678411063252071
1528,-1.0627206399451092,0.9151441909316328,-1.2665034392667838
1529,-1.280176345910001,-1.533982883698608,-0.9815937954455284
1530,-1.0594017455895175,-0.7793345651251511,-0.9009687246420086
1531,0.1164316514729288,1.6971945315914414,0.7739697121008882
1532,1.9662170147182405,1.596505772646184,2.227638508000245
1533,-0.7162858767926266,-1.5885623227036338,-1.1178407297582398
1534,0.1159188702278439,0.6787992440381987,1.861355679662306
1535,1.8285741114058711,1.764528903246981,2.1280573924843367
1536,2.660798334769418,2.649182136599273,2.2991379614850085
1537,2.1392255046291937,2.389133136912653,2.4659319649365066
1538,2.620107926621805,2.5967342998644387,2.810155357373367
1539,1.0353506240300403,0.504542460206606,-0.7728624003027526
1540,0.1533775368513042,0.8405292187667077,1.5297871812115094
1541,-0.3310208323280226,-0.4308963804364005,-0.006075770297221
1542,-0.0084699217107766,-1.3259090101539308,-0.071369928758368
1543,-0.3359330574628956,-0.2429005902013523,0.5579121596399614
1544,-3.0480062604482416,-1.5513670274295197,-1.42456327059091
1545,-2.6148700061724552,-2.181040385674297,1.3907950948006436
1546,-1.6037346686017244,-1.2445576593989984,-2.3959289672633832
1547,0.6724569221211816,0.4065543412734264,-1.6252840760535854
1548,-0.8410327520963643,1.3879636654775402,2.625319357592935
1549,1.0679306270832036,0.4926486123297788,0.5377367495210361
1550,-1.298023517140252,1.0761173649142497,-0.546678610409151
1551,-1.9392197075545807,-2.6812566566769016,-2.490751843476149
1552,-0.5956534201381367,-0.3582560148348321,-0.2302133010542949
1553,-0.6926460078240806,1.1825457100541492,1.3026643506248303
1554,-0.5320352883157798,-1.5883037779910452,-1.846959461135286
1555,0.131584878355393,-1.0929926789178472,-0.637727559342852
1556,2.2705041016181373,0.0090451596958712,2.1069735731080144
1557,0.7147366159558226,0.0324945345237291,0.6402360954756519
1558,-0.0259738133066149,1.4317665347802302,1.0790683658753475
1559,1.121248823005166,0.1257278196084158,0.0783631415574174
1560,-0.2487655949694552,-0.3767012467908254,-0.6393009664197526
1561,2.263726139891749,1.667976325885001,1.88984402818316
1562,2.2388038114320468,1.4387347860036022,1.3648109545197855
1563,1.984211376515001,1.1928189011494996,1.3386017695544925
1564,3.174034530365326,2.828635947052973,3.4211876701056303
1565,-0.9390480424140668,-0.8557348775720858,-0.7222700657610113
1566,-1.836949469209008,-1.4086573295765477,-1.6580268021431863
1567,-0.2651164719070341,-1.7796233574532927,-1.215251999951387
1568,1.346576554281772,-0.3394903379811135,0.4318379083951852
1569,0.7367226108662122,-0.2868295734899727,1.4813313958206078
1570,-1.539688490203558,-1.95893237313186,0.0345311601360781
1571,0.9706515702662816,1.721942796973695,1.5824178644335165
1572,-1.2439871625270178,0.8560953352684146,-0.364024150411848
1573,2.155718633253056,1.5292015446372946,1.7025195036855996
1574,-0.4726117598199063,0.8086411944312741,0.8921157703251781
1575,2.805284273426261,3.0856426352052138,2.115486012539047
1576,1.2947413904101062,1.6881810478159591,-0.1438008105586401
1577,-1.968397355459408,-2.34176431542732,-0.1353259132852896
1578,0.9272126890540136,1.8286915046687715,2.165367012786644
1579,-2.3370872473436832,-1.474379031213704,-1.4248986016949607
1580,-2.5890537486550387,-3.032419437208703,-2.8950725246681497
1581,1.1884608835895214,0.8759238789705586,2.344209389566968
1582,-0.9863092268482074,-0.5150867698238251,0.9168717126985924
1583,-0.3456004406793759,-0.255872911985367,0.3493692601946807
1584,0.2259617600312681,1.7981491279075457,0.4424868320990892
1585,1.4079366271634977,1.070521813505337,1.858908362604718
1586,0.8206901572384016,0.8005026714428314,1.4099178813415656
1587,1.190471754749744,1.942255387754105,1.4947203665487407
1588,0.5870852152826695,0.9186416688206288,2.142121970657901
1589,-1.7077816324118682,1.0365657085526758,1.221298763115794
1590,-2.968659945448693,-2.8515279107414,-2.5783299972807203
1591,0.8713088932728132,1.060072222262765,0.6962894401290964
1592,-0.811485319176046,-1.1308964466517202,-0.8555184200657032
1593,-1.917053621578184,-2.3045752159211963,-3.291219766413076
1594,-2.196060065616401,-2.112386470624467,-1.7118203309672495
1595,-1.6648916744288589,0.2130892058471652,-2.618300357202388
1596,1.7163093158931888,1.2847649525466909,-0.3864207260812076
1597,-2.151168523411572,-2.193119924817686,0.4399012090674649
1598,-1.9953007322707856,-2.5126772897813927,-2.1364825205020903
1599,0.8340570430829488,0.5295752616160172,1.6886474681957626
1600,-0.7947918331671516,-0.972455582911443,-1.5906013578591416
1601,-0.809725368533114,-1.3438570229149946,-1.8314005133565088
1602,2.3886084622129684,2.574948242273989,0.3849582504648548
1603,-1.731550398751826,-2.231684829783537,-2.2469011293985326
1604,-1.275552763888484,1.5596039778831108,0.6727676982256129
1605,0.5908503364567195,-0.9118706149004856,0.794181166673371
1606,-1.8371846517599253,-0.9229612631003818,1.5821100320973147
1607,-2.027891306559924,-2.099135368792535,-0.0231448565632507
1608,-0.6763434566588078,0.7554242480673334,1.83736122566766
1609,-0.3035485503992784,1.1013333452340508,2.6124852685489284
1610,-1.6793557887278052,-2.251168305447587,-3.042784252138263
1611,-0.2839747470289489,0.9362835895706458,0.4227927076222887
1612,0.8475097799982865,-0.133313367011609,-0.2624520315787269
1613,-0.7518326156862365,-1.0886073591253025,1.865478261327525
1614,-0.4928917997537503,1.1876293531293949,0.1821067965504428
1615,2.009113570490689,2.1720426980904826,-0.9934658981750484
1616,0.3459705553052656,-1.2309001001604665,-1.002587919253525
1617,0.708265090475138,1.056198153624128,1.0800260308982677
1618,-0.2887778806270393,-1.2137080468032115,0.7374899676809699
1619,0.294094648900159,2.1361097769069644,-0.4715657851069881
1620,2.0054281976330337,0.2435740180758141,0.4923317171800451
1621,-1.5243299147152147,-1.1183706077113804,-1.365672167240949
1622,1.245942306438694,0.4015407649185851,1.160726100742696
1623,-1.3597710553355338,-2.347737385538244,-2.932741773246178
1624,0.8221953189537212,-2.042416819669022,-2.18881350040503
1625,-0.0260652181262353,-0.2749165558271337,0.3346977920178275
1626,2.120368693243132,1.7545317100048985,2.583150467118381
1627,0.5169064734157267,0.5899415153183417,0.6843140261113868
1628,-1.045182628329119,0.9072538009385004,-3.5572817379788173
1629,-1.309234651485182,-1.7813246542555523,-1.2931505689592928
1630,-2.314054524060853,-1.6702792790222796,-2.710456964955599
1631,0.1851874088376873,-1.3297761661425125,-0.6741321473806005
1632,-1.149919408448983,-0.5856944877521068,0.6970341568864118
1633,-1.5525156210902251,-1.6453364331975529,-0.8090442996779812
1634,-1.828940361946215,-1.5861001054259158,-0.1336326317705247
1635,-0.643926579131382,1.691151513451255,1.7552060971079526
1636,-1.6719466983502422,-0.5755903081649871,-1.067117851361977
1637,-0.2914985323784368,-1.1555728797369362,-2.4681165221394807
1638,1.82043486218461,1.261062701801344,2.072705299553343
1639,1.4525595383659304,1.0650806122564356,-1.4678389529382996
1640,0.5661719671012203,0.0829215891644664,0.1632377443744558
1641,0.5166236141624583,-2.6429827087177764,-0.277824713963
1642,2.3160049377159773,2.052554488309068,2.363605917862272
1643,2.075746271263523,0.5805035072999407,1.2179530578540936
1644,-1.0274338749546286,1.1274049599746836,-0.0260636182402097
1645,-1.838542319889732,0.2216380378645334,0.933251312830632
1646,-1.0976134781157565,-0.6563462312692623,-1.0496812760025191
1647,-0.5600715353950994,0.0851533531218489,0.2540950545036244
1648,2.4885427019619715,2.574453421151346,3.4746548092267413
1649,-0.1692934596965344,1.7538888129076515,-2.520491636507173
1650,1.122955585673916,0.4105380950039454,-0.4254829892106863
1651,-0.722852403880955,-2.349359513269918,-2.347087135543135
1652,0.681460164960817,-0.27454976867087,0.634005036136212
1653,-1.476712504446285,-0.0028658165702586,-0.3987525571679843
1654,-0.6880272366960323,0.9146636202206562,-2.2326071260815827
1655,-1.0874882117665974,0.086175562377834,-0.0321297576269083
1656,0.078907734539972,-0.8733850722228048,-0.4226835919242183
1657,0.4197264137202307,-0.3881990599171581,0.0009776759880544
1658,1.14772470584699,0.6657012892905478,1.7605509603149152
1659,-1.3171735112747884,-0.0897082476956678,-1.144165656561102
1660,1.243085073864861,0.3174969165745984,1.5582129889748804
1661,0.3059801416109209,0.1728736946110537,0.7820714937501303
1662,0.4210155613191419,-1.461454325562425,1.4001385340715005
1663,0.6791182895415835,0.3816269462048268,0.8612046815964871
1664,1.4274243440428571,0.876741811484296,1.2976694816538554
1665,0.5342193827169603,2.122668791059702,0.2637876507991067
1666,2.0559082837791727,2.327045963976353,2.247330787826048
1667,-1.4279722438861082,-1.7872416900889585,-1.443963540606555
1668,-2.0813474017590603,-2.4117099589142166,-3.23328046485752
1669,-0.6547753917827916,0.9273012966407396,0.9631756221471308
1670,2.184890463307942,2.7917373784781576,2.50501739030404
1671,-1.3666688553674953,0.5811023595644847,-2.070464279981498
1672,0.9450956311483458,1.8872717271368304,-1.4648579930533647
1673,-0.1127713145808061,0.329333595815235,1.448320532767225
1674,1.2197537576523965,1.7437227947953282,0.1872036658170648
1675,-0.0419635926685583,-1.767115418771039,-1.2678187779302634
1676,-1.0197216688345687,0.1266953982027087,-0.932264650619464
1677,-2.040115414162985,-2.5052803297081097,-2.8427791943498657
1678,0.6668296471079833,1.0626154727531372,1.2409790072344868
1679,-1.3743485294526696,-0.5716342121098776,-0.0361852743471658
1680,0.7651335028775178,-0.915455889915922,-0.895374795777881
1681,2.3363672901173804,2.525677461938472,2.8013489725829293
1682,-0.4812138567686998,-0.2550241803022955,0.1353683268322392
1683,-1.606882989867228,-1.956962393506248,-1.5320785726380537
1684,-0.7936232782469628,1.6292928457628877,1.876555512824178
1685,-1.6415644237125553,-0.3753406044708905,-0.5865171638881075
1686,-1.0431748404781214,1.429537035836496,-0.9705850962989372
1687,-1.6376642969541693,-1.6974356785596014,-1.2417777899982128
1688,0.4228887870121861,1.184226042661367,-0.2836214518589724
1689,2.22600705086457,1.4326193254111652,1.8763126475938443
1690,0.6738903860604384,-0.0612774089214001,1.1347300088019754
1691,1.0675135928000334,0.8349507147462245,2.03232856284163
1692,-0.5156137841033559,0.881243865092251,-0.4956492808175542
1693,-0.4811317148548649,-0.4680839618624367,-0.2299968740980046
1694,2.2328478691411227,0.8675527069708449,2.4071694346240133
1695,1.5084977761251137,1.2596043640810926,2.149030721277851
1696,-1.9778689454730287,-2.615966249549329,-1.9153502273873804
1697,-2.622896531016333,-3.2159154066960065,-2.279833413168464
1698,3.1813348550439864,2.752261115862619,3.3597838607603565
1699,0.0853205358174709,0.0358462226185963,0.6245085411523943
1700,-0.0243215431703914,-1.9028207573982387,-0.2829639508840317
1701,1.6174350961028756,1.376930842091376,1.5689468739979635
1702,-1.3587023476892777,-2.604213692266565,-1.876469311977302
1703,-0.600726769042575,2.64302063229348,1.1766255740534228
1704,-1.610078950490086,-1.517853216564444,-0.1056553210432353
1705,-2.0918570514755697,-1.1631806968172835,1.8566957816304075
1706,-0.675135945412292,0.2216257282214161,-1.5911660534931549
1707,-1.515891155491622,0.8390046923171186,-1.9053491487510577
1708,2.765189948505257,2.460318817639558,2.298686494080773
1709,-1.404226791451514,0.6592175492525969,-0.1827959466730273
1710,-0.1147025831994036,0.8319477712690846,0.925835372172859
1711,0.3409832663956105,-0.9907134971162214,-0.3893739278533543
1712,-0.3563671830248391,0.9472515581876522,1.4226761074084608
1713,2.9189383238536686,2.729809205555977,2.4739352507388586
1714,-3.0076451572449674,-3.465401146944737,-3.2566448145583147
1715,-2.678398314847316,-1.6560669067670444,-1.9239012844093373
1716,1.0602693173037263,-0.4733526115900069,-0.8964990594508998
1717,-0.9812807213467492,-1.7091574544795145,-0.1080241826702762
1718,1.199332880486461,1.5446851533674573,2.092310188853274
1719,0.3467545764727396,-0.5392370696667558,0.0422751125123841
1720,-1.0777177113405,-1.3997537970016365,-1.7690819692819029
1721,0.852120100429467,-0.4090976017636291,-0.1607756843179165
1722,-1.4678014484402702,0.5071317368461621,1.3559484195328315
1723,-0.4427691635653041,-0.4039292018591953,-0.9089799247872382
1724,0.6897127298086828,-0.8422321609024663,0.9744660739382408
1725,0.826777916278117,0.2294810257510952,0.0145476934612441
1726,1.8607859054154143,1.192658252013056,1.15850626534128
1727,-0.660293659566856,-1.2858503637939236,-0.5866058826528209
1728,-2.0419486984468818,-2.5210902445531307,-3.097564186982019
1729,-0.3459995035715368,-0.8877547645307056,-1.311529836506035
1730,-0.9803336210101316,0.8012410663377408,0.8415395539827022
1731,-0.5555292321188621,0.4955365127535782,0.7357534747261741
1732,-0.1705617520762135,-0.8423436568572034,-1.170715699496656
1733,-1.3963066598135212,-1.507134113045938,-2.2552362739174043
1734,0.2787729019410702,-0.3565508594559256,-0.2175323586693588
1735,-0.9670234802211332,0.0187889716574967,1.4578306192512378
1736,-0.548667765210278,-1.0432778007978392,-1.429409036290965
1737,1.020643846351193,2.446444408387072,2.609596404522882
1738,-1.242565290959006,0.8334143278919092,0.7675632542441098
1739,1.4295151201471732,2.1525192136820093,-0.5014685782109798
1740,-1.992962651064902,0.7526533212636445,-2.544385226853408
1741,-0.7523405814733457,1.0189839560010694,-1.374462347171579
1742,2.8061843399522863,2.5542819621781483,0.1306252062847851
1743,1.992812898297991,-0.3415761668200279,1.2101589976996443
1744,-0.9758977322125288,-1.4741699521317482,1.0002107480030111
1745,-0.3771552905979253,-0.5065122627328191,-0.6938219868425871
1746,0.3092491875207445,-0.9176874564168164,-0.8188964481311449
1747,0.680642639447724,-0.0122254050629935,0.2201652112176346
1748,-0.9292778863358347,-1.2682642066138563,-2.0162032887993253
1749,1.744324966068137,0.5021196190492212,0.6970137897554667
1750,-2.733076673339184,-2.3554595823084146,-1.0400763264461674
1751,-0.528581079717798,1.5639267327307935,2.2595026250470345
1752,-0.1782056604684647,-2.419657539506942,-1.3482329232746384
1753,0.6095151705299409,-0.2760529610783636,-0.127273193377639
1754,-2.9213931664421646,-3.057718830344581,-1.877579983377731
1755,2.6919681477341624,2.0772363775189926,2.321198403677431
1756,-0.0711345334532239,-1.8634801976185067,-0.942689958100306
1757,1.0635663627672391,0.3112971572391386,0.9366360440589682
1758,-1.5998499479690194,-1.7804242148416884,-2.8936281922778018
1759,0.1922983010765647,-1.5622260676505224,-0.3024314582089782
1760,-3.168336089428602,-2.2646221299921265,-3.0863617668214256
1761,0.1159729017670467,-0.8041776758252664,-1.1330529599726047
1762,-0.0299048769744974,0.3173108162960101,0.4614735448286206
1763,2.549896081207123,1.834647492696963,2.146253031465042
1764,0.0026735764677606,0.3232103120081024,0.0780131048167896
1765,1.5999177028875626,0.9918729430768172,1.3871225533766391
1766,-1.3564463608296589,-1.1833922211660726,-0.1163872880051617
1767,0.0164020948063874,-0.5795449439505393,-0.4355722163144544
1768,-3.757274904189377,-2.3474796620204708,-2.059248625304357
1769,0.6315794547919327,1.7138347088869406,2.238938471679928
1770,0.4501181341591878,-1.1083834767323342,-1.3679038689828296
1771,0.2905405667155604,-1.0205082447369431,-0.3066667211546618
1772,1.2582300009373006,-0.2360591673616802,1.1638824404097337
1773,-0.4744364318244495,-0.6222953526014102,-0.3562214319041069
1774,-0.8170360639330825,-0.0268897406589991,0.6536121801866426
1775,-1.5811946013084333,-2.7956998401874062,0.0375446023746082
1776,-0.3563665346666925,0.3223352749529147,1.5036923587427684
1777,-2.160043414985102,-2.4896448104526407,-2.7680209348507745
1778,2.1192153120038366,2.189633947099806,2.3691020444130326
1779,-1.7591714388042012,-1.234351217955579,-0.9123797940688532
1780,-0.9224894167858966,0.749326492144368,1.0044987721954082
1781,-0.3142374231093833,0.0243581991756258,0.5843485164292159
1782,0.5051814430772441,1.922192067690743,-1.4949962349253525
1783,-3.225849252094793,-3.4638569031131445,-3.064833509308251
1784,1.911298939176496,-0.1951279136769498,0.9338392684182308
1785,1.5885927244191658,0.5710957058182918,-0.1183615824967066
1786,0.2369290176493056,-0.0027551488249481,-1.1532704203166024
1787,-0.5213290299221227,-2.336196137723057,0.0301589194850759
1788,-0.5968020860983727,0.0313982571324503,-1.008459588172201
1789,-3.074497497790207,-2.782815940480915,-3.572308630245982
1790,0.9765792185580964,2.189529637021922,2.6373916839998968
1791,-0.7892532048179517,-0.530801122041315,-0.9846919243714312
1792,1.2003186212240549,2.2264438312579893,-0.2327273100757811
1793,0.255695237903241,1.7743387685159442,1.873015429964101
1794,0.3248581534629893,-2.179889313060103,-0.1800591436465817
1795,1.1306743293774062,0.6498767853021816,-0.3426872483009719
1796,-0.3752613208935144,-1.758947874704613,-1.5403290552200628
1797,-0.6875247966150806,-0.4521040000399095,0.6128537875911676
1798,0.9946894841412762,0.4455500015666862,-0.5784645637798322
1799,-2.404993369641313,-2.1004100221676443,-2.314524941036769
1800,2.035598290968986,2.721517489594243,2.2860557189459287
1801,-0.8662159337087085,-1.939697435094421,-1.2802083054167093
1802,-0.8070319333327451,-1.5073689660401135,-3.0463407856806173
1803,1.5848457749130531,1.1252886710871377,2.341205007648076
1804,-1.2902680227656778,-1.7798384679357468,-2.007507573260428
1805,-1.0697399952307016,-0.8320613972306408,-0.9164700294412992
1806,-0.957165229574021,-1.2482459267352612,-0.4472738378289884
1807,0.1526578778531731,-0.5730605366263717,-0.2881186939527688
1808,0.7535426149309072,-1.279790411132825,-1.0730973538773467
1809,0.4182765912485084,0.5615890245876672,1.027971206953394
1810,-0.1685114005495722,-1.0231789402845703,0.2354728140033459
1811,1.7983479095496202,0.578367387850261,1.870644058253601
1812,-1.9177874868537303,-1.2144704742228891,1.8762074912350115
1813,1.0747173364429374,1.2697282256282512,1.3214652919771517
1814,1.5478768709057873,1.0817037534250653,0.1499578424806966
1815,-0.8152953245965997,-0.9764211242164956,-0.5820315513728227
1816,0.0385441499810327,0.7832760443317233,-1.898568360932868
1817,0.3782369944274834,1.100236039045214,-1.221246272529244
1818,-2.079931931457771,-2.22520002077375,-2.854052193035152
1819,-1.0762223723403466,-1.672417968968087,-1.1405853944632902
1820,1.3899642139206954,1.1789175182010403,0.4826692362968676
1821,0.5522710999982383,-0.0012369019481091,1.4566628675642666
1822,-0.1899655169128868,0.3122407849798307,1.2013749968383465
1823,1.5736013710052823,1.1636737209430963,0.7822911147467246
1824,-0.8443212193304264,-2.4072057710081656,-1.961595609156775
1825,1.5627671297511938,1.1351788935140024,1.7746715165604836
1826,2.151992418328489,1.1927827379781786,-2.4036509366932464
1827,-0.3843585879767561,-0.7650855259559665,-0.794526357743769
1828,-2.2313885168044743,-2.83812633492597,1.4561444870682834
1829,-0.0362706278864423,-0.6189221528044002,-0.9921752151549316
1830,0.6915275286760242,-1.655751930590401,-0.2321522591307387
1831,-2.015000570798944,0.2422485164855991,-1.666656760874258
1832,1.7693081736507503,2.7244017764705326,1.948336444992116
1833,-0.9084019487821776,0.0379453462516376,-2.6202581499553066
1834,2.293484565207009,1.063397607874289,1.1568841800349003
1835,-1.8013659180139625,1.167554923844287,0.1387909824521066
1836,2.4007522110575805,2.3612152416448327,2.551778685617111
1837,0.1952216900303798,-0.2023420796714009,-0.8552611315546763
1838,0.1583734821653976,-1.3266309291934877,-1.936388011570337
1839,1.925391640976414,0.3116788925613641,2.2427271326080858
1840,1.524571930118242,0.5885468425679612,1.332948036425249
1841,-0.674354126817593,-1.7128362694992656,-1.4365307248088235
1842,0.5034693787389872,-1.360084191321988,-1.0495224559134484
1843,-0.099074078448383,-0.798629970502894,-0.379038052122841
1844,-0.2688169839639589,-0.3952164371184541,-0.409114249755683
1845,-0.306908786849655,-1.0214284203228488,0.5834942825017072
1846,0.2592136810201247,-1.0331332745291042,-2.0362024440342936
1847,3.246062992897418,2.793702077794615,3.44479812523326
1848,1.331204261054573,1.1650445973386294,1.5926675611972223
1849,1.5483530361161608,1.33400844529407,1.3254275423364323
1850,-0.5874769137188975,-0.3181722026770072,0.1775349017412792
1851,-0.7515460692767088,0.0076116079364416,-0.8930875453783433
1852,-2.038615411045165,0.5049271693101014,0.8073787436764132
1853,0.0840782204973142,-0.1873960060764764,0.756202007570103
1854,0.9991879136866416,1.6084803163909045,2.238491167347261
1855,-1.5992214673927456,2.2769383505712613,-1.7571283148360193
1856,1.0062564310495472,0.0149712733864127,0.1767650466543031
1857,-2.397466094363767,-1.125496237383301,-1.4466218112959632
1858,-1.7703029137073052,-2.154614639602972,-0.8668007229297184
1859,0.3774720739387829,-1.4046143221460727,-0.3659266253145581
1860,1.5305738326086753,2.1546559591503525,0.6612109628255133
1861,1.622059605152223,0.3134850191829452,0.5781808229378702
1862,-1.1963676760287014,-0.8502765427479433,-2.836622948918506
1863,-0.2687888011131107,0.2252598783581044,-1.7306892555036173
1864,0.2736687624435966,-0.4836977412500512,0.7221606504900411
1865,1.612501102270148,0.2440933932696784,-1.372426218224884
1866,2.522643196187623,2.57515825585309,3.246229415934644
1867,-0.912283178501334,-1.189208196621837,-2.5116295504154578
1868,-0.1205318480037447,0.5873496580472595,-0.2639328261576401
1869,1.4330225614195533,1.2536454917215043,1.6699737131530623
1870,-0.7999448413401773,-1.409336813679663,-0.2640228357238567
1871,-2.054747669878681,-2.0556212838789967,-2.6030496563356165
1872,2.6191877977733555,2.4028305772985576,2.4699929028942007
1873,-0.011204028145204,0.4041241287729227,1.3590088363403754
1874,0.3540814738999878,1.200449283670988,2.155003169624656
1875,-1.196770249722538,-0.177510293766007,-1.902281766529638
1876,1.1452655817535948,1.064744290281067,1.5860024009329277
1877,-1.6251026672329951,-1.986153043358733,-2.321243547773009
1878,-1.758847906316543,-1.0890110526372525,0.183594878948487
1879,-0.3116675604387307,-2.047093192590788,-1.7717787870506465
1880,1.8056059128263853,2.521679906068328,-0.9989854374514092
1881,-2.9505487216852915,-1.560980075089533,-2.8881019437940205
1882,-1.5855477746607898,-2.414901768293525,-2.268204739908662
1883,-1.4585239389021305,-0.5587050337056464,-1.081598766239815
1884,-0.8665312183520795,-0.7707256312786078,0.5647592664512907
1885,0.5912363089559636,-0.0721558987582618,-1.0208740782017358
1886,-0.8969943575048873,-1.650524083523307,-1.4516351045058395
1887,-2.0075435499521945,-2.2246757938056225,-2.58719398897889
1888,0.3231645977861488,0.2437662983010528,0.3052924687814656
1889,-1.9013940900371569,-1.0310247272912514,-0.986935726531021
1890,2.5846371864986346,2.596699755081393,2.7150536787563304
1891,0.8488420804544502,-1.1948986763423828,0.4892088829903682
1892,-0.9966296884931714,0.2273803941328302,-1.2771232699210475
1893,0.7066099754902537,0.9915880211209526,1.1578609500789652
1894,-1.766947540968341,-2.050692950156248,-1.4471416525140757
1895,-1.881871033770072,-1.3222583119936318,0.0760980517539424
1896,-1.5056706718332875,0.2415798978087419,-1.7234886953471362
1897,-0.5207530839101859,1.6378774977178032,1.9822092090266743
1898,1.6397386174993254,1.6058400894461404,1.9191280700374524
1899,-1.1358321881869284,0.2339751642971324,-0.630071254888513
1900,-0.5638704207525014,-1.4780002902063725,-1.889615232326871
1901,-0.6652494993119322,0.5003899198452189,-1.2209983318923625
1902,1.5955989075709862,0.8407567910468405,1.5061600089431284
1903,0.7938650702894641,1.5184799348677984,1.286783438796535
1904,2.469039316296428,2.486288394822309,2.5898296030617103
1905,-0.7985112990678429,-1.0157616759942405,-0.7756308607111128
1906,0.1091721405680826,-0.8591041285841589,-0.7139840521893824
1907,-0.0801012172545909,1.531776792989746,1.4463783204744565
1908,0.9984267371307534,-0.3255271065355475,-0.0920454460017595
1909,-2.344341160013048,0.2254215366963066,-0.1750601585099371
1910,0.9432495103336838,-1.2723493220104176,-0.8549405622905086
1911,-0.278743226093993,-2.245155736760091,-1.3494176951816854
1912,-1.7171575493810232,-1.6002938563420035,-1.7237478011068132
1913,0.6807989113526667,0.8330484773287659,0.3999942664958358
1914,-1.4445681747512535,0.3028268770632613,-0.4506186173462977
1915,-0.906264757965524,-1.3108131459969228,0.7582421490193122
1916,-1.7017820464172508,-2.3290425476823304,-2.33556204834722
1917,-1.168968270632251,0.0554072488168705,-0.0194798731022304
1918,-0.8351088957646577,-1.1831200175357963,-1.619265911518336
1919,0.7442477050606771,1.0853801457366965,1.8432065918033456
1920,0.1162706947943119,-0.7631595445859692,1.2696352977906966
1921,0.975259830544732,-0.1047841136133321,0.8620846428527617
1922,-1.506344256522235,-1.3008685982012118,-1.971483960411515
1923,-0.1085936729672487,0.0286200515905571,0.1354177847819725
1924,1.901977354517549,2.257832658486796,1.386846687562024
1925,-0.3383015965492455,1.7915442800430506,-1.456879860109222
1926,-0.6439370108205507,-0.5861093498176686,-2.052357442041872
1927,1.6394307107380748,0.1818658103733779,-0.1170672720757867
1928,-2.0058621736359217,-3.521616915165892,1.082754634716464
1929,2.124702212875216,2.428302159223041,3.037320511606365
1930,0.0229526385562785,-0.8869184004031635,-0.3659604001914653
1931,0.8922248487105005,1.1274039858825269,1.172845068665626
1932,-0.9807746314954078,-1.1130490455036686,-1.7275084114792774
1933,0.4514337624447924,0.248667241279551,-0.1238899070304709
1934,-0.1967829383585516,-0.7024456653908476,-1.0451584117788024
1935,-2.0865990032011865,-0.7074110651024488,1.5431157934955344
1936,1.088749097117629,0.829104114540415,0.973496687547756
1937,1.080261674406041,-1.3843077608003684,-1.950838912358056
1938,-2.416219013436437,-2.2592553778762903,-1.7105674009946767
1939,0.0009118098092976,-1.257121116334174,-0.6601671149742694
1940,-1.426911589948116,-0.5895657952521164,-0.3096853051845324
1941,0.1501312924974566,0.3189617763058463,1.2134854837401785
1942,0.7096871090144721,0.584975654383727,-0.2307519321916114
1943,-0.2680628818374742,0.1726576286256195,0.5222785686458162
1944,0.4453205763071377,-2.650151673480532,0.0704217294140282
1945,0.2516771971758041,1.0976275218848572,0.5502181407400439
1946,1.0632765114608778,-1.7603236274279028,-1.1943763137874153
1947,0.6042307269624596,-0.1368900588959689,0.6609366037746749
1948,1.4856383040768109,-0.2578565934425608,-0.5864055442956163
1949,1.432714878048848,0.946690511977612,1.3918471973949993
1950,0.0140838540744614,-1.0818090205940167,0.0372674465311626
1951,1.2586730795160628,-0.915459893654457,0.7526659642445587
1952,-1.753497881720073,1.763563350802234,-2.059216221900546
1953,0.7927225409740963,1.5174069687116951,1.5216249490914713
1954,-0.8364100898704245,-1.2250126220342936,-0.2105440222475633
1955,-1.5880124137113916,-1.5320555613306994,-1.4401518711485928
1956,0.3489105792048635,-0.3294133473683492,-0.3785263097955165
1957,-0.4902132070128299,-0.4169476559549911,2.7090071411205447
1958,-0.8845119348493973,-0.5646769220680669,-0.4184700489370457
1959,-0.2705624726834781,-1.5398098625863503,-2.0452996642389865
1960,-0.6499690156314645,-0.3587889954465021,-0.4207056050615365
1961,1.6183605386534312,0.5901077213176835,-0.8480039695151022
1962,0.7831486258229134,1.4419868043985675,1.0930972394007428
1963,1.9149615713999155,2.0830155977135005,2.4809066203356083
1964,0.1460169190787101,0.0621445043721988,-0.6323338395407759
1965,0.8303978831640273,0.1276644378075627,-0.332793119148604
1966,-1.0351106004368842,-2.6971887680847457,-1.962295330620696
1967,0.0884127273145466,-1.3676656178829387,0.0235111481017716
1968,-0.3300738628414497,0.1676222739247491,0.3917463173469917
1969,0.5909885419297951,0.6656667720414084,1.1592218118931463
1970,2.027404586824649,2.7840210803049947,0.3450592877162933
1971,-1.3877402359041269,-1.1523846675998044,-1.0615205524047076
1972,-1.2702416743639575,-0.2948703730296562,-0.1200490894701186
1973,-2.881943956352481,-1.707777509991428,0.6436526878702996
1974,0.5876521880386869,0.7721839222839211,1.2544106860423463
1975,-0.4191543759288546,-1.306652138026474,-1.6177147619415926
1976,1.0415859575154522,1.2452299746945157,-0.6620401228899903
1977,2.1761110239707127,2.608295131319964,2.997838967951111
1978,-1.4743408666718214,-1.508262774641313,-1.905040379930121
1979,-0.2938169586507501,-1.35647990308646,-2.0949275503345333
1980,0.3832673587146125,-1.775635589128711,-2.175481294645356
1981,0.5020506843365922,-0.1059973723023129,0.3047370706464877
1982,0.2548314407495784,2.5273168108969686,1.7452092080096306
1983,-1.1648709725122233,-1.6515455132034809,-2.9926642728211643
1984,-0.7912880222032448,0.8353490575575966,1.2410337649301582
1985,2.55241168147886,2.49274151613637,2.68287476355206
1986,-0.2553706843121101,-1.0794700396836494,-1.3399697873383136
1987,0.0081359965419565,1.7326056488315051,-0.8067554953828424
1988,0.1074684812119139,-0.6543766005920343,-0.6032804269151258
1989,-1.4652618393627137,-1.1086237031365451,0.5293441914079903
1990,0.6014431040333974,0.0295638825326234,-0.0986899084124167
1991,2.084703612479756,1.087155462038191,1.1732244315792335
1992,0.4662318375052854,-0.2721442926378566,-1.560921571795823
1993,-0.6472606579431147,-0.4062845959543965,0.9372478097849112
1994,-1.2068695220098296,0.8394216759844243,-0.3756661113489326
1995,0.4204733034500199,1.111807839975086,1.2087140586797762
1996,1.3325479317798798,0.4129814890664008,-0.7716298315521396
1997,-1.7566393630441923,-1.1256245680801835,-1.8891242883590489
1998,-1.508165585563607,0.7946793703968065,2.393731516381166
1999,2.2518455965215907,1.998150565877388,2.2176756285511408
2000,-1.2182358900615822,-0.0211450226222514,0.1066612834480369
2001,-1.929671224406363,-0.4936265416164695,-1.2997716811846671
2002,1.2404105181216396,2.29564599871153,0.1156170075537045
2003,-1.5439756834111746,1.4981746696990208,-0.8961239124320786
2004,-0.4724918453458478,-0.0984900193601426,-2.748164496027471
2005,-2.055099330215329,-0.3683078764121866,-1.9579710873631209
2006,2.151368696772946,2.510455839420332,1.4875665050724365
2007,1.1607508058388252,0.3157803265659596,-0.563716842178554
2008,-1.2009064052426337,-0.9969517518373562,-0.7250674442968534
2009,1.555936472476838,2.2611653200813047,-1.784552099256958
2010,-0.2839914236326302,-0.7520486193687943,-0.2057827948718009
2011,-0.4442102905033297,0.0925541092963721,0.2064610435785614
2012,-0.4496290713885537,-1.6073741473504648,-2.3132519641897864
2013,1.0143975495522957,1.32450877031696,1.8201195115187927
2014,0.4802905812068574,0.1308825657206822,0.9278954371190464
2015,-1.4266814467123776,-1.457909844052658,1.5413818666201695
2016,-1.129202120590313,-0.5379105225587042,-1.2203290120618917
2017,-0.544022706779564,-2.1793804770300067,-2.404652013865701
2018,0.0334474683128586,-1.2603831070695162,-1.486676660996959
2019,-1.7653562345076577,-2.67613365878072,-1.8273601168374287
2020,0.7466429862597777,-0.6631355406265238,-1.0789160464158898
2021,-1.0235550111977638,-2.135529071322492,-1.640785385653405
2022,2.347190962371952,1.9911772398340468,1.931735856646009
2023,1.1511656396010603,1.9182495665316448,1.4745783592453328
2024,1.911471752650756,1.3083947278282375,0.3367836290014749
2025,-1.1263897355193606,-0.8536414505044645,-0.2925425259776638
2026,-1.2351025150928578,-1.7704969241520194,-0.7639227682166054
2027,-0.6215833994065774,-1.4178124684468092,-2.2764560236600686
2028,1.3166236412787322,-0.5853772211920292,0.3651329368876774
2029,0.6652133272717415,0.4745940881668801,0.8423146242422032
2030,0.042529379461312,-1.7218972747418342,-2.24309312323803
2031,-0.849472986137336,0.4969325783142526,0.4183407393258291
2032,0.9742042979426684,-0.332511387812473,0.683089397466959
2033,-0.697496002701838,-2.6718581247814783,-2.879226164081086
2034,2.632649208823182,2.1559214070300943,1.1335067788682944
2035,-1.8769372573794525,0.8944916207038539,-1.844607989035013
2036,0.5274987071702647,2.3306487162206784,1.7774270070172438
2037,-0.6303579866042335,0.3992414847162172,1.3226454182846137
2038,1.3925323972554624,2.449288900270877,0.0677400898914415
2039,-0.555739778855781,0.8834331277170941,-2.0093434487368675
2040,-0.1589813283699573,0.3981278732103105,-0.8129414841505769
2041,-0.9292892977969144,-0.1641725516483327,0.0021022584628195
2042,0.5796167411495312,0.1452328549246693,0.5001667438128591
2043,2.51369494440556,2.734559122435581,1.982926396675034
2044,-2.51468189701689,-2.471482811914399,-1.319931967028141
2045,2.443682451958814,2.230127934266259,2.1529761627776325
2046,0.3333707488679747,1.2145443220456853,-1.8637311888963068
2047,0.7825526455254452,1.89992408687767,1.874516677673296
2048,-0.052708262790183,0.6312865636070499,-0.9465371872881798
2049,1.8220567251042603,1.7168607073902122,1.703120591887494
2050,-1.2790218807791924,-2.4010152072955613,-2.207143129644244
2051,0.7603076542870929,-1.340436672065781,0.0881053639928509
2052,-1.4237819727602097,0.3793332318242689,-0.9789576691128128
2053,0.2369249762096222,0.9656821224378748,0.310020080755222
2054,-0.3047893437660978,-0.9971897606335248,-0.2934687056465532
2055,-0.8375946141300825,-0.6785944785455741,-0.7636405534911015
2056,0.2178580961175868,-0.2766973045491914,0.8613847362759421
2057,-0.4616278544140401,0.4251609276407068,-1.6606318274501164
2058,1.0110120233670332,-0.4938045029136556,-0.2062252798211547
2059,1.07620120419538,1.4082054035255072,0.7424325451613645
2060,0.8195829675879254,-0.0704990550691297,-0.6663071213033819
2061,0.9981998386414822,0.6855265348884241,-0.226960034774465
2062,-0.3761213117812965,2.258716695025192,1.4955298199735796
2063,-2.1831172678785693,-2.4593986660016385,-2.4038322820522207
2064,-0.0357995702384534,-0.7924260362343168,-0.2876347331749342
2065,-1.4438274671866294,0.3050540415626675,-1.7024781552167791
2066,0.898602954236503,0.7257220753677129,2.1808207807208126
2067,0.153888264314133,0.1711053731257557,-2.5531542206754283
2068,-1.3688229304595163,-1.517646761581246,-1.1030559195413807
2069,1.0477027872522915,-1.0075007175746755,-0.8254217302863932
2070,-0.5116009707419692,0.1013873456278861,2.0566269988715424
2071,0.7922802604067976,0.8774936933987052,0.1055061749885002
2072,1.2527553073579465,0.5026720183417241,0.5539606643682231
2073,1.50924829554198,1.8286767774278327,2.8143053319793454
2074,2.2756595490291947,2.6793655419843314,2.302534403050556
2075,-0.5998143934144642,-1.300716250303915,-0.858496887300106
2076,-2.675570241993016,-2.098928795589283,-1.5241165952978042
2077,0.4312027277816509,0.7782683234181643,0.3926493461276177
2078,-0.8546807213998888,1.018429229925733,0.0419671159798616
2079,0.0167162479176188,0.4132330066133889,0.5929105938996008
2080,0.9431403522160836,1.5331680909100935,1.9666891371278483
2081,-3.470363278001805,1.0689641564178909,-2.522993166789383
2082,2.510598935410215,2.409304176996541,2.799802508469411
2083,0.1574350014475045,0.0303572890343636,0.64538439831338
2084,-2.63950341482083,0.4161885046488134,-2.427673568427233
2085,-1.5978361563096493,-1.3024062545611346,-1.0441586696994103
2086,0.3957819008293862,-0.2564025262216155,-1.461751697130337
2087,-1.9179307717501493,0.1894055354552445,0.9979622914085524
2088,-1.1839689899314054,0.3134069799700111,0.927536263759304
2089,1.1761897871443736,0.099375705821737,-0.4293333673582695
2090,0.1813940434727977,-0.6518472806941177,0.3939225791248268
2091,-2.036229839343102,-1.901190604754448,-1.5796002039127464
2092,-0.9430955519613105,1.7539144492762664,0.229755547868399
2093,-1.8312675494860984,-2.4015685404811227,-1.8373201908518328
2094,0.8387294177066772,-0.9980984967937832,-0.7363880767038093
2095,-4.1837401357870245,-1.2192711329931103,-3.1842855109660144
2096,-1.0881429451915643,-2.6020612665740868,-1.911020907525601
2097,-2.2579836907433064,-3.003777353908192,0.9628382360772366
2098,-0.7737774968737909,-1.945450951429502,-2.245509176730284
2099,-1.965615565139796,-2.591848738889139,-2.1422095004304778
2100,-0.6959225233781041,-0.9196381657563332,0.0782971030727467
2101,-1.6845130047030992,-2.4981655605948307,-2.263869286067194
2102,-0.5418542070638737,-0.0704848089713365,0.6945165913404461
2103,0.1025903465622788,-1.4011584373178465,-0.5407033053976438
2104,1.5860640259034071,1.5259299820847292,1.0959856043726952
2105,-1.3837038992459807,-2.202226508189382,-2.226448426865267
2106,0.3402583297556881,-0.4065005934374496,-1.854896443445829
2107,1.0795353140916977,2.1024351675232933,2.321420115627889
2108,1.7282889377943418,1.757705776470403,1.4965910548736892
2109,1.9543201772714096,2.229416504917093,2.48241118959808
2110,1.484697500867214,2.340518609144883,2.075264609731547
2111,2.3147158339747618,1.9829713344318225,2.286888711427898
2112,-1.1732676612534234,-0.1788878500201638,-2.210901920734722
2113,2.026977173615064,0.6381511120308488,-0.7623028921670107
2114,0.9273229901153038,2.406385886158791,3.39543402582973
2115,1.1513579349856369,0.4502717642244624,0.8044758700838827
2116,-0.9261850345814008,-0.7785016814223333,-1.4575263543327783
2117,-3.3235494234754523,-3.0131964229602293,-1.5765565281283842
2118,0.3698242440420368,-1.283976368469809,0.3256421478645801
2119,-1.1478329553479467,-2.793744553519978,-1.4652088662019749
2120,-1.873163881020168,-0.6369905564910239,1.0925324362063162
2121,-0.4917243284789818,-2.519629301725945,-1.6631966335109525
2122,0.762810217491647,0.8269108452415012,1.159105895851429
2123,-0.3716841959079746,-1.7056286134441063,-1.5068431890235323
2124,1.3173005251804757,-1.4420233079569484,0.1326066788832868
2125,-2.258309747846904,-1.4717009736982232,-2.620181633551939
2126,-2.078613619534864,-1.7554894109972938,-2.2788412501238327
2127,0.4923229855291176,1.0924894035181687,1.210984590138164
2128,-1.0383345110928086,1.7424055820826232,-0.4663245557507605
2129,0.0258148291825639,-0.7108320127194692,-1.0775508215774805
2130,1.0542386487344024,1.570224123842078,1.7727160891171696
2131,-2.000485187450211,1.4752119071479368,1.5021305620944756
2132,-0.4541242318480342,-1.294330390570174,-0.7567709525752129
2133,1.297344734790343,1.4582592574009776,1.8864286936013064
2134,-1.8035915141040848,1.746348085571257,-0.1865677983589448
2135,2.40089306767818,2.1353552164470546,2.644998655375779
2136,0.6844189442299278,0.3114441280848198,-0.1699192130845084
2137,-1.903390865191527,-2.2032286296834536,-2.61843941002946
2138,-0.6793489378113311,-1.141673063348925,-0.5761406667373811
2139,-2.183689164553105,-1.846212803280676,-1.687775425386452
2140,0.2503552760296434,-2.308360871781608,-1.187039017746589
2141,0.6065032312396438,-0.3060614360176923,0.5400778725781012
2142,-1.4791810957496296,-0.1818857787578263,-0.5074538204990254
2143,-1.297646049875288,-0.8431888695341913,-0.7147346538933685
2144,1.0309757249600426,0.1950912504937357,0.3369718863375848
2145,1.0751509637046792,1.0497816052431606,0.4117795630200979
2146,-2.77406509255491,0.0534907878245329,-0.8700566668137378
2147,1.0436726122105435,1.0136913014966409,-0.92101472255219
2148,-0.4474713073167475,0.4023300459579922,-0.4137876026152881
2149,1.705882121848897,0.4056736210790854,0.9045715808867844
2150,-3.22274356344906,-2.521440657327404,-2.416543137252685
2151,0.8989398192611917,-0.258055939397396,0.9028280463088852
2152,-1.1593514876660658,-2.3174249526076447,-2.4284500886439333
2153,1.825988038642591,1.9100063501442683,2.107115346106292
2154,2.782258357199854,2.433223187913566,1.4069549860733197
2155,2.225597349144304,0.7053713249186326,0.7864874678474102
2156,0.1647589420709239,-1.6397113365929306,1.923076077778689
2157,0.5062280704842155,1.0859776927245015,0.6166972747294096
2158,-0.514832649319796,0.6447099634860441,0.2707254265820156
2159,2.849904909374843,0.9812539386280724,2.507156410315201
2160,0.0584906304439441,0.4802727413530031,0.3054473111653283
2161,-1.8355801055819243,-0.8134685130272,-1.7591954277760482
2162,-0.1608279913773874,-1.1916654066416383,-0.8959814726968127
2163,-1.3061594551037634,0.2398255364836029,1.7029725668862068
2164,0.3359649791873871,-0.0742804029155717,0.6957151937736908
2165,-1.6701736926410014,-1.040669843569988,-1.138704744400785
2166,0.7581889115326947,0.8432847202542807,0.8491663825833131
2167,-1.5169031099941082,-2.263523393403311,-0.4970931525615275
2168,-1.757374359005165,-0.6717897506456925,-1.2192013470369008
2169,0.6701494809117514,1.0616350489973163,1.8860890102688368
2170,0.403242981931167,0.9143884171794742,0.3920152810594538
2171,0.5843202024132199,-0.0217507367231695,-0.2161664511571297
2172,-2.039484295829189,0.955174521060026,-1.9880123668550624
2173,-0.7094987333612996,-1.7703464269137934,-1.2853684450829987
2174,2.5833390463503627,2.495653667320643,2.541744508154444
2175,1.0473755754743577,0.399977086037374,-1.022533660879529
2176,0.6113070679057432,1.078317982077215,0.6836143723963458
2177,2.225673886620636,0.904823811492063,1.6308462399611303
2178,-0.6056252374711592,0.3800349173064579,-2.759563447483859
2179,2.1951314955248025,2.050707504196612,1.778162973386589
2180,2.658283758029992,2.4850415201022216,2.35789307206214
2181,-0.0024614281058722,0.5851845366372712,-0.5490108484434462
2182,0.8767840892453687,0.8557860634150471,-0.4406000963955507
2183,-1.3160982917184942,-1.2106016261908938,-0.0943898961494318
2184,0.7595570553733897,0.0156162304922796,-1.7942504884583867
2185,-2.627148130343788,-1.0885370950941635,-2.0488002172341018
2186,0.5995416709907087,0.4464634720639763,1.3077341243077218
2187,1.6958407480003177,-0.8478419088075828,2.550447333800835
2188,-0.449638225329442,-1.560423687340869,-1.053882218169734
2189,0.0906247904083991,-0.6488155334991046,-0.8548496029224244
2190,-0.4375127050667607,2.115455004259309,-0.8023996314678448
2191,-1.6751256802061925,-0.7637782338582613,1.1421389107099342
2192,0.5548397729099681,-2.761480934806246,-0.6454008702763094
2193,-0.0756485108515113,-0.7139044582954157,0.9235497797682292
2194,0.9008265296959111,-0.2552235262571307,-0.4296040266751838
2195,-0.8494462907343541,1.1881022251647468,-2.426163052533579
2196,1.2284939647662092,0.6809267351504336,2.0473594324168283
2197,0.9009786515499456,-0.4003649186249711,0.0423914465183866
2198,0.9234416885544818,1.1302604030471244,1.5465936504543991
2199,0.2884610026601408,-0.1465012377547302,-0.546165286030039
2200,-1.2058481787134243,-2.33523417142004,-1.131194965669488
2201,0.7632066972829661,2.139597178541288,1.9901037540448483
2202,1.719638446419478,-0.0801487772589653,1.094265712940576
2203,-2.418468485468643,-1.6584645437712306,-1.845597911551493
2204,-1.516518540890088,-1.78122172695423,-1.793340858544007
2205,-2.029354216635432,-2.820669457175183,-2.2873695379492505
2206,-1.7176653995575282,-2.551445236124387,-2.52395125492654
2207,-2.480754510571469,-0.978828484823029,-1.876307515700992
2208,1.8219960127014687,1.8040739609684404,0.0626131251177748
2209,0.421848672678326,-1.272163741202251,1.388461375175067
2210,1.1871037702440113,-0.1057423441095009,1.9185240220829225
2211,-2.6375849866447987,-2.9421574305302234,-3.205284077492722
2212,-0.9671258125992308,-1.854710965714626,-1.6994564519330375
2213,-2.1025724931203755,-1.1101177921504697,-1.2445050373540063
2214,1.5493474941361898,1.4911752925175392,2.334878134142536
2215,1.4218090393098366,2.5103630160077133,2.694404084287491
2216,-1.0949789959477088,-1.7914629184504585,-1.994997450675368
2217,0.6635787951571877,2.6949696521633824,2.657414904478941
2218,2.463434972742249,2.402237562459064,2.745200415982275
2219,0.2980330381850588,-1.1546740518034735,1.4665232519222169
2220,0.7691362021777312,-0.5797181307079428,-1.5064213481507387
2221,0.5551786200474125,-0.8726066574002838,1.1706982782541666
2222,-0.9806681852905644,-2.0569646228456,-1.5351330067694176
2223,-1.3929164049832117,-1.2491922681195409,-1.0300546563881188
2224,-1.130578271779041,0.3792714283904941,1.5431271454508344
2225,2.3619650006497284,1.5184888957325733,2.240978888952954
2226,-1.2270829013985372,0.0135531494696375,-2.594321585857412
2227,-0.1297129016775601,-0.1076884057309827,0.99547740721346
2228,0.6829778263797419,0.3796376235769212,0.0083107561568783
2229,0.5924650005658469,1.264708634042341,0.1181928112653034
2230,0.5930982790221253,1.1980040865247743,1.741643323469602
2231,-1.1969795823377252,-2.595240879671856,-2.28664953684338
2232,-0.2613084851565467,-1.3349218426496685,1.264511425713708
2233,-1.7649641593410967,-2.4106243855091485,-2.862284896141986
2234,0.9503966582553324,0.5005306313957076,-0.4504952210311466
2235,0.0115414153646458,0.7604169575148729,-0.7364905032691755
2236,-0.0596387901448011,-0.3400469129067282,-0.3930885730577017
2237,-1.190440341130908,-1.4857081118636937,-2.109113324471448
2238,2.217732431847474,2.3233970157365507,1.8488267062901824
2239,-0.0362491835126122,0.0029345819766226,1.024354852929884
2240,-1.67696327987074,-1.3766756087039511,-1.4285860374475643
2241,-0.1359125432222037,0.3999234226942537,-0.1114939253722613
2242,1.716142104850763,-0.1080058372208566,2.122982212280678
2243,-1.3474043427864668,0.2435799966723138,1.0670499118410794
2244,-1.179337771585621,-0.6815996051264873,-1.1068866125780463
2245,-1.109280974193098,-0.5139710581978462,-0.4027031935898748
2246,-1.8908580187664183,-1.151824804891587,-1.9616079902306096
2247,0.2007786421022254,-0.4992509140823353,-1.5405541999879326
2248,-0.3064745820331205,-1.3041207578708354,0.7261166945164652
2249,-0.0024934846954695,-0.4720374540485992,-0.7609594193184672
2250,-0.3048435184526276,-1.5881985545042216,0.1473034551988625
2251,0.5959451590894409,0.2026548934490208,1.948336444992116
2252,-1.0064942109148314,-0.9566789770699684,-1.5634158976189745
2253,2.182808731228088,1.9839422781859983,0.5196327200939578
2254,0.2464610693095817,-1.4641987630352704,-1.041104839936857
2255,-3.92231102707208,0.4867143946164957,1.8833891270574383
2256,-0.7070752573974963,-0.6817304987600575,-1.4455748193162798
2257,-1.2093527370766473,-0.9192863102886532,-1.5108851788546782
2258,2.578249203603571,1.8343458894129128,2.095534824409262
2259,-2.3958906215543623,-2.805054203806884,-2.7260443424731613
2260,1.0169450118171353,1.670818950974647,1.7245156529586847
2261,0.7152397576488796,1.6526478463214875,0.1203656423770408
2262,-2.6122715729269843,-2.522767110979483,-3.0157890049448284
2263,-1.4067811385634823,-2.063365504261021,-2.3706409991284123
2264,-0.6891655719798258,0.5893286895901939,-1.28375891944451
2265,2.259078292581993,2.7636339411609705,2.383881339758158
2266,-1.1732552700204328,-1.279725347462502,-0.8593287244945883
2267,-0.6653963346741216,-1.4003673085755814,-1.0826603754526567
2268,-1.0077105223303346,-1.5493587136026348,-0.1110038938402613
2269,-0.3540692605693628,-0.6020224326807768,-1.298146890434018
2270,-1.4952865473095025,0.4919350593845418,-0.1852219910202265
2271,-0.1668458325298588,1.6966181415312465,-0.3529601448907642
2272,-1.495764254044022,0.223316344708968,-1.504732070797565
2273,-0.0356099487229658,2.1709344418177405,1.1861659494679206
2274,0.5077723062830435,-1.715312659506708,-2.5822829566649608
2275,2.7875893185628744,2.2169585638173395,3.212829863317623
2276,-0.2915320915384863,0.034686460060298,-0.2303750992172106
2277,2.570894690807528,2.5254571232115484,2.613595238696486
2278,1.0970045253601652,2.067088407190953,1.9905759745750269
2279,0.1280893087365657,0.5962869518518825,1.089741400796493
2280,-1.3864237726988269,-1.5595418536773955,-3.505966288490555
2281,1.440001414995921,0.6448040920889163,2.729117156431225
2282,2.1376029449867167,2.8711926571971604,2.8407936360416763
2283,0.033367024589901,-1.5054207372386228,-1.124815236460841
2284,1.2462706277852202,1.6188445647728875,0.2313935862911925
2285,0.9738001402569963,-0.5257307965827158,-0.6092294420946814
2286,-1.2904296059162477,-1.603485536307354,-1.3562116005646208
2287,-0.4794961152523559,0.0848444545791283,-0.8495353902561202
2288,-2.843429551202526,-2.3480356577286248,-2.142519355322824
2289,-2.3452654611174264,-3.254108072262861,-3.1009598294349603
2290,-0.8300836646697671,-2.3471730849477503,-0.7899762833533168
2291,0.2117544960769641,0.7537189780831854,1.2331391695444496
2292,0.6864590913300412,1.3067969909694244,-0.58462895649668
2293,2.1707436787957306,1.6777761371405089,-1.3080796265302512
2294,-2.044459881206541,1.0688597741360342,-0.2675332155657349
2295,-1.0359501814111425,-0.5937830901927229,-0.7339710093897032
2296,0.8685715258211026,1.3114312323172683,1.6054476660660573
2297,-1.8783979184349533,-1.2583363147184767,-1.7848646388540357
2298,1.2998716825701762,0.4085191037021545,0.0305098725248733
2299,-0.785748465983191,-0.409291791092977,-1.502585690730026
2300,1.1144647527661533,0.8804636051849073,1.6389726823687267
2301,1.016559407949016,-0.5293172434521494,0.6332627244326456
2302,-0.3293773837763219,1.5151573880953255,-1.2682247166024228
2303,-0.0148751912171123,-0.0512898385279503,-0.1035949266032665
2304,-1.4997375473874797,-1.275843519588057,-0.457387862366887
2305,-0.7209572352431277,-1.6471453523299813,-0.2788800110011686
2306,-0.7997005698145341,-1.4093110687636947,-1.7534545789289826
2307,0.519676330748324,-0.4178806667972476,-0.4745753903685458
2308,0.1184231687082109,0.3159987644448334,-2.1572453136374743
2309,-0.2211434269523188,-0.6535899178940684,-0.2942170662137951
2310,-1.7073639280230248,-0.1854257587054096,0.4698677571304178
2311,-1.3446846853483507,-0.8129630632885574,-1.720283847293455
2312,1.416850273406661,1.164851614076953,1.305399162158464
2313,-0.9325900495210552,-1.220991496103275,-0.861981680720894
2314,-0.7395199251150726,-1.794396951479589,-0.9919173603417026
2315,0.1349573446260935,-0.6713888156310448,-0.6664558734192294
2316,-1.838845461428473,-2.5268856537691065,-1.99161131434506
2317,2.212469513703556,1.5225412639434217,1.4688845710201968
2318,0.0004237896258166,1.304728115862745,2.046573627117378
2319,-1.7541239003199725,-0.2598345824221432,-1.9675054467273752
2320,-0.5079216166180724,-0.4499626173333739,-2.589648832543012
2321,-1.3150171970078086,-1.2586159775420944,-0.3972372021668695
2322,-1.5720482019231703,-1.8623113197680707,-2.446541371313968
2323,-0.3797321023520277,2.402787473720619,-1.4627092344568722
2324,1.2743205481855135,1.2317812221547382,-2.017112255174181
2325,1.463926545309709,1.1564628595811932,1.3859673825538334
2326,0.4994884130643173,-0.9578515290343368,0.1369264242523486
2327,-1.837002692311429,-0.6761543721232635,-0.0850268748463916
2328,-1.6725119125912715,-2.0948001613588096,-2.000792421924112
2329,-2.2549507869396863,-2.130556569547445,-2.0842808097217915
2330,-2.0780915216030587,-2.3443588585829853,-2.45185474655538
2331,-0.2081172647487791,-1.1676917257170438,0.0490853821818527
2332,-2.6142371684122003,-1.858493243797967,-2.910724110590732
2333,1.6886449384539008,0.448251244640336,1.4687936429822004
2334,-2.2136362998153545,-1.2022567910234407,-0.135061966577941
2335,-0.46450991187105,-1.3969820883176718,-1.593531166941054
2336,0.267103277964454,-0.7309594527411105,-0.2056596079947304
2337,-2.077172106074752,-2.785056643754276,-2.055064064780838
2338,-0.1302336648042183,0.6782261662427029,1.1628365787345956
2339,2.1396487675576035,2.693106334346208,2.9382283567715626
2340,-0.9108255011927312,0.0920163541181579,-0.1935300046536166
2341,2.2836755603992804,1.0192613375743849,2.501706594578903
2342,-1.3130960010549255,-0.831650798367121,-0.3096689622031121
2343,0.0384001523269545,1.094042081419194,1.5947593130101678
2344,1.0466367713788227,1.209113870566916,0.317296411977676
2345,0.2478839839361745,1.259663661941138,0.4066051648616486
2346,0.8965788792100295,-0.9913564114397538,0.5577930150130025
2347,2.164806075360094,1.4087981708160475,1.7743600490065456
2348,-0.0548905121678495,-0.2446604134541578,-1.975716553804429
2349,-2.3229554747986567,-2.611058781350895,-2.322316251351053
2350,-1.5434211503986963,-1.1851215921831415,-1.0590378460619363
2351,-1.6702187275738196,-0.183522006277611,1.3817006551520563
2352,0.2558064964072032,0.8740115532941786,0.2800906325237775
2353,0.1052577855608742,-0.9479321303747678,-0.6704279335711298
2354,-1.916994478180657,0.8099139144284656,1.960650067207004
2355,1.1796896189245971,1.8398244450649048,1.2210069860947057
2356,-1.6669367742413,-0.9406960854199724,-0.8951760169006653
2357,0.7408813294294034,-0.9026520672799306,-0.896914806694435
2358,-1.0827636313128042,-2.486499370601839,-2.4098910466102903
2359,-1.10460752250946,-2.4365986410425133,-2.207858504578227
2360,1.0496861411114196,0.143402131588262,0.5186510919270011
2361,-0.8698178674518264,-0.448489611082294,-0.6951875262137345
2362,0.175922465029349,-0.9737043480086098,-0.9077144035205238
2363,-1.7874502601317068,0.0313197692609847,-0.5739286708683362
2364,-2.868983196751851,-2.040492776006521,-0.4281903921033538
2365,0.7687233704887144,2.531909148810373,1.640046640933216
2366,-0.3230369058158006,0.8386021260147248,0.2148479358451293
2367,-1.7626402381266062,-2.6513783032438867,-2.658382230570683
2368,1.4573647210296752,-1.2718433737455344,0.8773863980804836
2369,2.007636512780328,2.6970552265486845,2.79204641825465
2370,-0.0918958238299357,-0.2647965047576168,-1.2611940085057896
2371,1.6319118047492809,1.408161117625509,1.3886763754860572
2372,-0.9774703261819836,-1.0423500728162214,-0.5574097646528855
2373,2.051303533839764,-0.8039425505256266,-1.6265660803885846
2374,1.9916229969393733,0.6817347607092844,1.9748899744644937
2375,0.1805566525659944,0.724155531131137,0.4009147236121266
2376,-1.9964756516928543,-2.04123437601604,-1.37892041849532
2377,-2.8857187819851475,-2.054757593203542,-2.263744714887588
2378,-1.5225274205366672,-3.177028329081016,-2.593949227134458
2379,0.7435161110091995,-0.6955073514894844,-1.846949855840585
2380,2.577251607619253,2.506597777869673,2.922285523672325
2381,-0.609386420605799,0.3144473654637755,1.0399120815929628
2382,1.583093041551909,2.6008358379749708,1.930521793591804
2383,-1.318904237199601,-1.8789067690629304,-1.626993298651722
2384,0.7666691617649,-0.4872228250800509,1.3113551732572015
2385,0.5098157070536431,2.1724009898382097,1.92197811202152
2386,0.5960459690045297,0.8328434828183311,-1.2212014266860296
2387,-2.0141852014889707,-0.0397033984147603,-0.0076073826679342
2388,-1.168609733848733,0.1672700520646526,0.6742222143243679
2389,-0.8664489175115657,-0.9962028717093668,-2.1009136437452165
2390,-1.6880624081207227,-1.966340465745856,-3.025909140554795
2391,-1.2873920814249091,-2.407707466545606,-1.460067149860273
2392,-2.3829154445049583,-1.0698529985008036,0.4056399663725474
2393,-1.3001591117804847,0.9558679840404994,1.5070233603434469
2394,-0.8206243150263934,-1.4703052623379198,-1.1420276931121922
2395,-0.5603967200792822,-2.8498018354157955,0.0874131740334328
2396,-2.261043096669305,-2.7617037583871142,-2.882554524505731
2397,0.0165758862205162,-0.8410612308291018,-1.5286789550237494
2398,2.5407982721182933,2.193650966380315,2.358592906619852
2399,1.8052493218636168,2.331539945354858,2.9787031679745555
2400,-1.3251483872256358,-0.2737658109269797,-1.2132081324954336
2401,-0.8738945367179483,-1.865391466621484,-2.687827442843238
2402,-1.124253436001289,-1.4871928952200146,-1.0992274120409822
2403,0.4389711977319354,0.8399188891497117,1.6420891308449177
2404,-1.299631726281496,-0.96170068523826,1.507065072587121
2405,0.9233018971063196,0.0026110901414564,-1.2253828800822952
2406,-1.053863146642887,-2.794854661811236,0.7028676843595502
2407,-0.6767990893252598,0.4967017489134706,1.1753927967809836
2408,2.392173264391849,2.957782257273314,3.1089628172616
2409,-1.4539216848926164,-2.7821787890708456,-1.6832603582447594
2410,0.5028763684052151,-1.860327714304648,-1.0439323992582086
2411,-2.112634235988887,0.6674908792248717,-1.609558443332506
2412,-1.587699707128027,-2.6997336480817697,0.9769268192890748
2413,-0.3292492008646711,-1.2545586150716057,1.0299201559661646
2414,-0.4333518053184971,1.2510281507545118,-0.3470346675857569
2415,-0.6011986972811558,-2.597789921031332,-1.543934408380914
2416,-0.9357942303690464,0.0031908679846873,-0.0188631843381446
2417,1.0457290866399187,-1.0314483313587035,0.7840224128175355
2418,0.2285314853789957,0.5675094695407338,1.0299201559661646
2419,1.5356493883515745,2.0736981095209304,-0.2091872740130562
2420,1.79404230341443,-0.1444643520137954,-0.9754894781752924
2421,-0.0818951766683167,-1.8656557110849223,-0.4692773111683217
2422,0.0481794881867475,-0.7495128669683485,0.4983256645994249
2423,-0.424347948986875,0.5617796958528862,0.4852128440336889
2424,-1.038312091606142,0.8641956402049855,-0.2811829305240808
2425,0.073891784645284,-0.3914827434622001,0.2118979760670024
2426,-2.649913512657581,-1.0922958532311036,-1.4631702921919878
2427,2.2362240401572544,2.019689069359416,2.786211321426174
2428,1.1732873908740065,1.000356499931679,0.2827221811383537
2429,-0.1835812418091816,-0.8425480495486757,-0.2150227908055758
2430,1.931591915772116,1.446629692902443,2.1722479842424787
2431,1.964478510891985,1.3441176140791526,1.1174486932453558
2432,-1.83955089823702,-0.5071292283526333,-0.19225064655664
2433,1.0113300599266062,-0.3313512695811267,-0.1609205302480326
2434,-1.3126114672237492,-2.178661745109908,-2.154208883247529
2435,-0.4003123799856134,1.0388300870757183,1.174243417546397
2436,-1.5124240951134569,0.6356883011413571,1.963737182590356
2437,1.6169510492323358,0.5694655910459246,0.5476991370236373
2438,0.9208701184732048,-0.282580067707694,0.7369460102901981
2439,-2.376876186494593,-0.3503440730527306,-0.5813888662319776
2440,-0.4567873489219873,-1.2837859828154383,-1.5929210465421924
2441,1.1510865662444882,-0.3954702633532767,-0.3027755867218117
2442,-0.1401287337134065,-1.7162997759242933,-0.9367217625048846
2443,2.114277673881426,1.3572144862685938,1.802360471835775
2444,-0.0848427983029474,-0.5708095290113817,-2.278312736860249
2445,-1.0808476090182626,-0.9870892506660212,-0.2107824520243211
2446,-0.3198621267520703,1.5028664683449915,-1.3727871984682212
2447,0.495577143438033,-0.0499163098721945,-0.2848577324197566
2448,-1.3887333746857515,-0.4275690042878225,0.7962226051962533
2449,-1.9165539794494268,-3.13377285499256,-3.1940012452228346
2450,-0.309859706511988,-1.1833599543633784,-0.4209684110642074
2451,0.6630781023298133,0.4019968219334458,-1.444405032008614
2452,-0.6432559899246768,1.0621518048864995,-0.8512484541435542
2453,1.9401980362147613,-0.6345266625298093,-1.9526397434667708
2454,0.8234976986480527,-0.0215628460749806,-0.2723492230465336
2455,-3.345403486473709,-1.941640349578396,-1.5155029604798291
2456,-0.762137241668513,-1.7149799387015838,-1.0921708015076352
2457,1.0186859535725683,0.0303044472256746,-0.655305136790087
2458,1.1341037762777408,0.4005915351036846,1.032819237351347
2459,0.3424780994154138,0.0354812946473242,0.1531785809697082
2460,0.0622628430182478,-0.2695587498489154,-0.0509753818290472
2461,1.4851315641006075,1.702311471876439,0.808540274721227
2462,-2.231541156757685,-2.4844029798700364,-2.6901252824828203
2463,1.602228332116085,0.6468870683634326,-0.0703813675420665
2464,-0.7120665940561127,-0.912495869566618,-0.7441756304351494
2465,-1.0325348377168269,-1.696737046563324,-0.6883762379340671
2466,1.118551182935542,1.0370618984943392,0.6677426246532286
2467,-0.2291389342420927,-1.487558621703312,-0.2463452652198006
2468,0.9969943461455396,-0.6355618177720761,-0.1449130472729329
2469,1.8833004188089864,1.977045619225132,2.813092492093506
2470,-2.259653115275306,-1.6725635812680346,-2.4514730807490666
2471,2.417511190425603,1.2843090458388555,0.9324135141820334
2472,-1.1135976287949787,-2.226833407932938,-1.691540407205145
2473,-1.397833630938774,-0.6120224824681259,-0.5483054500726376
2474,0.673880473074046,1.2088542652236516,1.984757013261316
2475,-0.8166476398016715,-0.3654642552358897,-0.4733102467626294
2476,1.082837284702583,-1.5220337605742855,-0.8214020831757098
2477,-0.0991871010424696,-0.5162504446666442,0.775201385620149
2478,-0.6440419744685022,-2.200223604552144,-0.5884108997433062
2479,-0.6350982307411192,1.664773600074903,2.066419690053878
2480,-2.98630716894841,-3.258662529185464,-2.504333078338685
2481,-2.2120839952410813,-2.269540092055081,0.6917849536238063
2482,0.973740720184714,0.5653634300316902,0.6291138326118578
2483,0.8434377229676648,0.24436503805961,-0.3660749875026363
2484,1.464461335898753,2.0741771091690056,1.1292264647711854
2485,-1.5048336469694945,-1.6377458299379126,-0.8811213481406632
2486,-0.5767058541094447,-1.0656739533152817,-1.090451773898936
2487,1.7505523489133823,1.952463269988824,2.470571890245932
2488,1.4932941054514746,1.6665741037303792,2.332995728772511
2489,1.873462949778353,1.11150336499115,0.603699846968421
2490,-0.7232746464789965,-2.224247436779669,-2.2538328501182225
2491,2.305587757031104,2.484770879018064,3.144445907754366
2492,-0.8442367614888802,-2.821012000326208,1.302413367750957
2493,1.3303080215003087,2.4199898580518138,1.6614512707715257
2494,1.2202823913170235,1.1029334440075305,-0.9777999944634151
2495,2.5464879680930874,1.7389098191578736,1.879268738185395
2496,-1.881523776495509,0.3953768958456264,-2.6336256274966963
2497,1.3350129781145357,0.4869149938139459,-0.6704390512700833
2498,1.6461521472944698,1.554989573722439,0.9748018789816326
2499,-2.1687941315577803,-2.803699684682197,-2.233251787534005
2500,-0.6233715351893184,-1.0451343523065109,-0.4969589858953273
2501,-0.0331468136474586,0.8727398351546287,0.8104694923756057
2502,0.6600037651520911,1.3949164666421934,1.5777486496708386
2503,-0.7474219695741136,-0.6279764883221868,0.8815351910326731
2504,-0.9302123100542716,-0.6205960488338699,0.2812302020936101
2505,1.3704641965184503,1.09782238019379,1.0419193678501455
2506,-2.67807100354133,-1.34788664298965,-1.2226333465921777
2507,1.4437497383189009,1.591855521541346,2.3876580840077017
2508,-1.2859254088520096,0.4123488390265246,1.0346192918804356
2509,-2.180619229715112,-2.342601001609396,-2.43325789893677
2510,-1.3307026565547633,-0.9121325578606478,-1.085114654666247
2511,-0.5284471172462869,0.4084535251353067,-0.618816995385074
2512,2.6140992327468213,2.5402678555725213,3.1391496810628383
2513,1.0105982019376858,0.8685259803733,1.0546559519214975
2514,-0.1310665939326263,-0.7034542149949686,-1.621511192386298
2515,-1.4283825389474691,-0.8799614299593821,-0.980453317322476
2516,-1.802105575374633,-2.127003265757836,-1.294283516577344
2517,2.5112952550299994,2.436619757433878,2.2452719937160137
2518,3.011640136339988,2.679494245263834,3.3543940508426804
2519,0.4235970468364674,-2.051900662185621,-1.2167710213983949
2520,2.62149689738958,2.486078788507137,2.3731451509013626
2521,-0.8426497678543032,-0.7896619403845716,-3.2615810728936823
2522,-0.1693314069423986,0.8840671848447661,1.7889426945175506
2523,0.5082792517964603,1.3052671962929054,-0.0997360330085853
2524,2.150722718645845,2.046147599862541,1.3558058119718353
2525,-0.2516925320549712,-1.0169752501180862,-0.0353319707692452
2526,1.5234762845917804,1.8334196495333144,1.007961087886865
2527,-1.476466389017404,1.941890201037878,2.1390557148382343
2528,0.8709415364398756,-0.4164394011986291,-0.9029685200774782
2529,1.5392072771119016,2.600469513320237,1.806272613507716
2530,0.8378337827867763,0.2427687527941856,0.2742938687675581
2531,-0.7035680131833626,1.285308220868695,0.934628674371704
2532,1.6804484729418954,1.6030691698898274,1.0815642858567998
2533,-0.3039998213921669,0.9865288299815642,1.6711036972657567
2534,0.241817658865533,0.8542458336145888,-1.1972017929365475
2535,0.1836863809348496,0.6851580762004416,-0.9804660180249404
2536,0.8982759643722875,-0.1963888941776297,-1.0740079722765508
2537,-0.9323680723629668,-0.317064123194464,-1.3620623211326175
2538,-0.6653149478178602,2.0997727037060288,-1.008585905025325
2539,0.2465939774201234,-1.3871162900699532,-0.0565009308715062
2540,-0.0036748558171981,0.120848685936508,-0.2682704924964068
2541,0.599487262758476,0.8820334065557776,0.2547445091917349
2542,-0.3863017754528349,-0.801970786685556,-0.2793118610429387
2543,0.8978167139318438,-1.0902891634753071,-0.732989690062329
2544,-2.376131970748046,-3.1263269086132497,-2.1755250141911056
2545,-2.259281897703552,-2.8155685088003137,-1.6789002380498084
2546,-0.341259785007082,-1.17934710447586,0.492447779683427
2547,2.004819096210204,2.957645029785448,2.93766523190391
2548,-0.5207917801148501,-2.979698744407446,0.5277465537869971
2549,2.526381957524132,2.640717133947761,3.2171922382334257
2550,1.5704320563170835,-0.3640499000929433,2.226498575757928
2551,1.2975497305616124,1.006389296294106,-1.0583847152476016
2552,-2.076561384658243,-0.970279275372435,-1.3010992979767726
2553,-1.3942648255114505,-0.709028588742077,-1.3043495894210475
2554,1.2667632501204562,2.069405276266315,2.2893444091404844
2555,-1.6294810754502278,-3.0625844335463848,-2.276767261281516
2556,-1.4378781730648564,-2.696727960296174,-2.017324338536224
2557,0.7604741111560026,0.8732355696621945,1.7018090476657637
2558,-0.7367178602679366,-1.4162693842786531,-1.0384737354095137
2559,-0.3040330007395724,0.3137689769677825,1.0128945397109896
2560,-1.1341917325728046,-0.4887026384284807,-1.1388975028496895
2561,1.3850270708671095,0.369103927023087,-0.5767358632997295
2562,-0.6758692281080297,-0.0764863812350171,1.6236697178861348
2563,-1.0123712696476206,-1.4663706160407013,-1.063900529171794
2564,-0.0201254991691651,1.3837313635175768,1.5283252422821492
2565,-2.5840310171240786,-2.542402056258536,-2.8624693249106774
2566,-0.0457588292740732,-0.4986040955578252,-0.8070977159867752
2567,0.3021613570774001,-0.0381715983403885,-0.3723204736427402
2568,1.5002178098904406,0.6563672221331394,1.0829324774594322
2569,-0.5672954459063146,1.3859739801396718,-0.2780298403722622
2570,-0.171606378584106,0.0930832473127241,-0.0718368019526641
2571,-0.8493607786304929,-1.295176601850233,0.0614342811552344
2572,1.8706834238854195,1.3734594211675744,1.546277394233724
2573,-0.7234528871269557,0.1992152522818348,-1.379190136475615
2574,-0.6006920181598554,-1.2671188248011238,-0.5598750512270867
2575,3.0056161368032366,2.3522760820076063,3.486918538418613
2576,0.6667451116652068,1.855525575178251,1.7421449497970674
2577,0.9483916991238244,1.334171179896529,-1.5487678010091166
2578,0.2908597846107604,0.3986082639335363,-0.7923146849830881
2579,3.089050146963109,2.408397541895631,1.739623953997851
2580,2.365287574120389,2.1343987183095168,2.473875325822833
2581,0.591634502615237,-1.7751717141740295,0.509567369679711
2582,-0.4954446559217782,0.2974696146695408,0.6789841739442105
2583,2.136915548948464,1.1089745328327998,0.6850780554589995
2584,-2.409921188741975,-2.1440078129783324,0.1179653888451368
2585,-1.3447090343790131,-0.6975732968638039,-0.0849540986973154
2586,2.23290275904638,2.2161245555008287,2.5135502405782515
2587,0.3283493001599004,0.1209988178901751,-0.5658361853946885
2588,1.4605726911448236,1.855826934939261,2.0997011528848013
2589,0.2258584859306992,0.5805698659988932,-2.3259682253445844
2590,2.1037959793473617,1.0357552952937648,0.2548993505372938
2591,0.6617931664212466,-1.5747212090908898,-1.446482090192879
2592,-0.761319448113742,-1.195141233715335,0.8329592049075688
2593,0.2570913477943558,-0.535951093253398,-0.8310186823699726
2594,1.2184342431217283,0.953805456763531,1.0426553952241848
2595,-1.3121400218666934,-0.5874025489035332,-1.2638091528619777
2596,-0.1795132813508156,0.2291474001929961,-1.8456267676268847
2597,-1.4758427426379648,-1.3466710048643122,-0.718103216602372
2598,-1.353224385301915,-1.0526268398454937,-1.9482461857405888
2599,-0.9147868292393766,-2.7980891443921982,-2.365002563817165
2600,2.034005603119565,2.392349701371802,1.5137660596889897
2601,0.6632530812968538,-0.560523981814269,-0.9910694350103638
2602,-0.3807382854669217,-0.4593045269875018,-0.2237362241916606
2603,0.9482294027884696,0.0304307434719601,-0.3770716951902904
2604,0.6862345623445849,1.1979422376991131,0.576631834842801
2605,1.0601976214963649,0.4200798575780655,0.2028854970925668
2606,1.2840133933384257,1.2644046576423222,1.0745363577679792
2607,-1.4291321874224687,-1.1385791779606809,-0.6656616861306233
2608,2.055520618050281,2.150768641261648,2.6004501728102696
2609,0.1877026344016393,0.3138844336969707,-0.2795189245796111
2610,-1.0744465134011525,0.5800975021632231,-0.5931585361317284
2611,-1.6358022654788276,-0.3039740223515224,-0.4557358178043491
2612,0.8386984427229804,0.6845674007075806,-0.4822148752531409
2613,0.847664399432159,2.318730842162922,1.0017252188911825
2614,-0.2804370588393621,0.6711127365061396,1.309015289423309
2615,-1.8690973498360968,-0.1876066415786428,-0.4090299816514578
2616,-1.6007485666466297,-0.90813189626292,-3.0979515385529703
2617,-1.505306082807792,-0.1784871423068496,-1.47158329985772
2618,1.047712218585328,-0.5394952274021052,-0.7794111535408429
2619,-1.5042312778082814,-0.9043211844925608,0.7895354605576244
2620,-2.000003634681058,0.3126571806385302,0.1489917882638414
2621,-0.4839401425068311,0.6646467918683225,-0.3701707804428824
2622,1.11343296493197,-0.9504597857528848,-0.1337162505453364
2623,-1.106438860053456,-2.4931207868141585,-3.03871811122185
2624,0.9971595101455644,-1.131697149101007,-2.125224053016279
2625,-0.0701946375453645,0.9246551240392052,0.4313971168991753
2626,-0.0498767531682111,-1.3213445259353434,-0.2727901650618845
2627,-0.2173135717574069,-1.792966808321531,-2.090809296519341
2628,0.7618056044986702,0.4458389424608948,-0.0775897705865875
2629,0.1678437269213806,0.8403515582443173,0.8796679173289103
2630,0.1258775833833322,1.62752815959459,-0.680622722753544
2631,-0.286188203297495,-1.4037361819556695,-2.5495120368116546
2632,1.0259466397685952,-0.1860791388035172,1.3800121908390175
2633,0.2237407591453585,-1.4243868824119768,-0.230438493366766
2634,0.590377452425616,0.5888597585632567,0.090848151234967
2635,1.0958983125053705,2.447824073393219,2.3731074082702657
2636,-0.3261429485834962,-0.9195231284845412,-2.1149849534368563
2637,-1.134677903702434,-2.325110676060183,-1.4279389447109274
2638,-1.9052202725800864,-1.8471480667928768,-1.2983103136320977
2639,2.037954933477721,1.2902677380168417,1.5389187878770276
2640,-1.7094442085621704,-1.4262574990930312,-2.44025460819626
2641,-3.36080562167093,-2.436718734971643,-2.930664026916748
2642,-1.7525615167848465,-0.5003212672621444,0.3550353410064553
2643,-0.7495712594162527,-2.6055507149463777,-1.1692280360824188
2644,-1.7656435899023584,0.0039662113074466,-2.592556737012204
2645,1.8963548519790565,2.190297549497681,0.0524705185591304
2646,-0.4787102064442688,0.8556667512132875,-2.289660460002176
2647,-0.1692765665147133,-1.1842350780494706,-0.5362669474942481
2648,-1.3910191668739649,0.2430062974411188,-1.299170926718548
2649,0.8443696088570956,1.2322974757953948,0.9538237285874828
2650,-1.50484334348613,0.2423289692039286,0.6198301072739938
2651,-1.052117531657751,-2.78884258359873,-2.80219775213383
2652,2.2561374919843806,2.263701212309668,2.7836282453975185
2653,1.1872915092498657,0.2328921090209177,1.495187207016499
2654,0.689716138914266,0.711090334036265,-0.0710944498655479
2655,-1.3746220381107257,-1.551426193497868,-1.6686463073996984
2656,0.8915045069015797,1.2596261593931009,2.0316438338411453
2657,2.54860693898071,2.5009649926477207,2.777742457036024
2658,-0.1357141053665067,-2.0441426311721496,-0.7628141959688082
2659,1.695041299522059,0.9466853094184914,1.54737064121666
2660,0.4201489413138774,0.0314806581280987,1.7876079150395283
2661,1.2123555786812013,0.6737558746928609,1.0907091438897152
2662,0.3482877228754529,-1.1193832804381054,-1.0407127805024186
2663,-0.1401987277578105,1.2953474581597315,1.7180138211092029
2664,-1.4942574720799158,-1.798091980862052,-1.62496969256977
2665,2.6108543473242816,2.70501022260738,3.129670011618229
2666,-1.1267381696181242,-1.000480605284415,-0.7690484907066041
2667,1.765130482005639,1.9218647818126773,2.0622641257788583
2668,-0.583837448781651,-1.6215979276324428,0.4013724534653242
2669,2.202370116328277,0.7573462537520754,2.369235649203904
2670,-0.4295304013820917,0.5672324164542152,0.4497456009029057
2671,0.7397759771975359,0.6470367549734762,-0.611701492933312
2672,1.977076774605166,1.2617466373434156,1.552129361353689
2673,-1.88477742977464,-1.6489969088651573,-2.1732657526367225
2674,0.2090279308793301,1.4304569031860082,0.4148737435590549
2675,-1.440813227719633,-2.705087056112087,-1.3781613782513067
2676,-1.953123885794396,1.6043617570998965,1.7576354997273094
2677,-0.7366782706547118,-2.485433673297432,-1.0439730799293796
2678,1.5209310976974182,0.0314951383661047,0.4707890910079232
2679,-0.4978470522838366,0.2256353103277256,-1.875312802457216
2680,1.1406166749903872,0.1385194482300069,0.6200572108250142
2681,0.2814964748814304,0.6295874348635967,0.6116622671564462
2682,-1.4547384005378043,-2.042361783462163,0.8458706776838768
2683,-2.148465580551725,-2.524245033171898,-1.835699064432116
2684,-0.9749489077041528,-0.7525910737626936,-1.9061617514745703
2685,-0.1358576126338543,-1.0459525907317917,-0.1265404043622388
2686,-1.7057151966693676,-1.889957056884327,1.3927840361790262
2687,-1.879699156553479,-3.006660904765368,-2.839653571457593
2688,1.1879074728551091,1.9610984137015268,1.7676242933873918
2689,-1.2524604955155672,1.2570599136060072,0.8343951764936756
2690,0.0586596839798252,-0.4275070286311032,0.1011068932725624
2691,2.424758800055369,2.5415789150386816,3.277764248593037
2692,2.5867748037656773,2.2597354653722443,1.8020927675458265
2693,0.4216684766984179,0.848037293373372,1.4031194431030958
2694,0.8977834268740683,1.4555943992762237,2.0633651540407256
2695,0.7837821533131937,-0.7208819412953454,-1.6189435617563177
2696,2.198951276644755,2.574938204136656,2.5366276817845828
2697,-1.957429224891584,1.2127186298208,1.9611485083171487
2698,-0.9301986367990858,-0.4395059244046715,-0.4845791680391288
2699,0.3061565374093821,0.8319467425499292,2.2428709989722826
2700,0.50579604870516,1.7816241703803102,1.3448089289214438
2701,-0.4645684477576711,0.2431158066305025,-0.3472320342541395
2702,-1.0790157046230382,-0.7296125225719853,-0.5914089514276606
2703,1.983007049955793,-0.641285868759916,-0.4064572643723526
2704,-1.019727316931467,0.0354914243205481,-0.8865948405878289
2705,-0.2751896273308011,-2.092961453265339,-0.4698510631694803
2706,-1.879138582133863,-3.062462598114835,-1.0614271516635765
2707,0.6322437401475083,-0.3592638892298501,-1.804704461578762
2708,0.9293880283295708,-0.2856284423857206,0.2967608034563965
2709,-1.31482100848005,-1.6421563393834815,1.5717857380833762
2710,-1.4212390338502368,-1.950196349385104,-2.006373026805107
2711,-0.5845944707140337,-1.3767013536199193,-1.708990281040634
2712,-2.602573943428367,-1.9392502057514347,-3.194397261107978
2713,-2.008272481122778,-3.4140367454510616,-1.9524479677251207
2714,-0.4284823723867715,-0.2894218052987787,-0.2622706743946472
2715,2.3193716645363223,2.326158001028097,2.026502972070092
2716,-0.7591007892731034,0.8793885187513514,1.817747121702848
2717,1.8119762115077056,1.6336037992884878,2.18977314141438
2718,1.0177609336214155,1.283452295667158,2.0479240078049377
2719,1.5080093370648615,1.6876291028476116,1.572664209993366
2720,0.7699605459019907,0.6526717980788714,0.3147293737932027
2721,0.2972440474676235,-0.9355904135627524,-2.412177437737601
2722,2.300506773975217,0.1668182866781185,1.6230565999043425
2723,-1.3512102637187455,0.3941299970041605,0.4781846102624666
2724,-1.0928920840006404,0.0838377729576106,1.339356533842376
2725,1.5200922951411375,0.2302560894368674,1.3062529118704216
2726,2.430771286803834,2.5747146095482223,2.956303624651476
2727,0.9763881627743972,1.2113011007776509,0.6921251738868013
2728,-1.717861306377172,-2.756231989957932,-0.7463837369779254
2729,1.858016292094648,2.7821492595797945,2.42642608315005
2730,1.6527473052413195,1.6530132937631814,1.1633140424979589
2731,0.1378212871642099,0.6991767965108415,0.1477848376852339
2732,-1.670217434704935,-1.984085383894388,-1.9176518644233376
2733,-0.1206235143110537,2.129551433160168,0.0227736896812026
2734,-1.3886876795222252,0.7434583174687559,1.990868634349632
2735,-0.0640234446126442,1.544150769217203,2.1017629561035034
2736,2.0283814166603875,1.7747072188742543,2.2537738402281984
2737,-0.0847169485884672,0.8494648875881077,-1.0205668550947062
2738,0.9436092595259016,0.5945374404052661,-0.5477886022150231
2739,0.6657137715644834,-0.9986746990435356,-0.5550932093818138
2740,0.5553863775637093,-1.5525326020078558,-0.7005504804907233
2741,0.9226120438172392,-0.4286393452842162,0.3711453795185406
2742,-1.234998253745628,-0.897489975436446,-2.009339051132065
2743,2.1077607091632222,2.190754478782864,0.8585533818581728
2744,-0.6527509142957586,-0.5306360829584464,-1.000154134311237
2745,0.0498433241608823,-0.4325072182294052,-0.0032323312969222
2746,0.7456584049074344,1.1981062733766188,1.4448651106321204
2747,-1.6490484873952016,-2.3150990640602416,-2.090594281377373
2748,0.2513817768479157,-0.736382310402409,-1.454095219333608
2749,-2.86347630244202,-2.760004454619574,-3.1038556375635835
2750,-0.3293529177888569,-1.038382689045916,-1.591315931384825
2751,-1.8052514186096849,-2.340275583462921,-1.3614708105944269
2752,0.7436270678684513,1.8454439931751296,2.6374095058719926
2753,1.0858009058041542,2.017301667078547,2.501931069988966
2754,0.2042520193495781,1.4047415572538935,0.3024534616471744
2755,-1.913736680233984,-2.8006748084164075,-2.1680918418703574
2756,0.1990598480469541,-0.4232378074076321,-0.8499357537559356
2757,-0.0624751005453853,0.5086319200679188,2.656344278421539
2758,0.8691138583905946,0.9277784302231074,2.2662547199766125
2759,-0.9470688152281316,-2.6990957440029524,-0.8482791477413065
2760,-1.012106939176864,-0.9849442593913968,-1.876436901167985
2761,-1.597714968104722,-2.1752506590411387,-1.3782697800506984
2762,-2.3151447424275378,-1.4252965426589077,-2.207892563623702
2763,-0.6713696673023901,-0.7595452630914223,-1.058409442278948
2764,1.048879928572095,1.3055582252359703,-0.4201553966452618
2765,-1.9171334129184872,-1.6525224601574346,-0.6631577370200139
2766,-1.836288897035185,0.4032334340955123,0.2656872368768518
2767,0.6722054610129589,-0.2212925390721658,-0.9457689506674634
2768,1.0926192384235696,1.743135630272078,1.5432788795068233
2769,-1.0856757502823458,-0.4798601465857331,-1.4504659655055452
2770,-2.165560108423853,1.7653023962439165,-2.2428197447373
2771,-0.9535340000960012,-1.0869210562329117,-0.2684578390945439
2772,-1.2020819968131156,-1.94508394637586,-1.3494519463382204
2773,2.493874062286328,2.013933083317022,3.2760971970979047
2774,-0.296073290246808,1.6846374992468505,-1.062514129482443
2775,-3.1182585365951714,-1.4442120828568858,-0.6313961561263048
2776,3.3783626826030067,2.792739898053324,3.50123813467076
2777,0.9214149549690476,-0.8425306920418227,-0.2400415335214626
2778,-0.2838393837511507,-0.0416713161910004,1.3866088584787108
2779,-1.751788411249589,1.985869994206352,0.0745335394538147
2780,0.2136523286444382,-0.0621994039861853,-1.3089277075094563
2781,0.1502294054921226,-0.8727016922663318,0.2720568959238638
2782,-3.0950513270580235,-2.218920857343239,-2.488241779930835
2783,1.6759702741773848,-0.0673113691624474,0.5328953283017531
2784,0.1383220957715041,0.0174379795244134,0.1441062690439848
2785,0.4243493156337953,1.0891560273800296,-0.4846815676443431
2786,1.1349828597822014,0.0245553537027231,0.7341404355171383
2787,1.3204013156065235,-0.1342373142112079,0.602256834858348
2788,-1.197498458014998,-0.7322083280502696,-0.6435803174175267
2789,0.706908019897937,-1.956581645234458,-1.973338564917868
2790,0.0010290011412106,-0.9860903049263432,-0.4667373494375632
2791,-2.759863668113608,-0.565212872897557,0.6955150308884065
2792,0.3211221263412818,0.8432217621920346,1.1685175456583663
2793,-1.584731220221005,-1.0350346104149215,-1.7834611875921955
2794,-2.490037502328143,-2.7862710497503183,-1.7770904317535918
2795,-0.6591208183257158,-1.6368752237351605,-1.974338434253516
2796,0.5030102689943237,1.592160840281723,0.3255939450914193
2797,1.774349803214226,1.857287324366869,1.7315540206074458
2798,0.5832009805739458,-1.0719117811200187,-0.1146638302581383
2799,-3.331311359818424,-3.1354723176027943,2.157828833883686
2800,1.05197762216869,-1.2581383393506134,-1.1622113104400995
2801,-2.004109609578363,-0.8568038385789717,-0.5764114329441923
2802,0.1621426602740498,-1.9062502574940765,-0.5737786227463026
2803,-1.3824989765058782,0.3989349188484332,0.6295817146175957
2804,-0.6867181678194472,-1.057360281550453,-1.2027257795979942
2805,0.631860937498564,0.66518652163651,0.9567257665419732
2806,1.7096234104696593,1.6225099905986269,1.2137271744731937
2807,-0.1312968901567743,-0.3749075461791328,0.4115063228589944
2808,0.743107124025997,0.3175226154686582,-1.141843340889798
2809,-1.1492878525067391,-1.131921290706438,-2.568235968946258
2810,1.6756546994671946,0.9334969511196524,1.495425024855181
2811,-1.4776976259886965,-2.188585001800112,-0.8054431015563734
2812,0.8350015432050357,0.4041320506968542,-1.304650421638542
2813,0.529690281538503,-0.823540209230945,0.291325805810578
2814,2.231765374022261,1.8808636832296568,2.7998767007855023
2815,1.3180156581302782,1.1792280020932449,-0.1503776635448467
2816,-1.4535450973123154,-1.6032705494602906,1.7376977529289317
2817,1.5714898641789814,0.9359524271767868,0.4353329725021746
2818,1.154899533817224,-0.4140236943111867,-0.8981870460111407
2819,1.0950017709182875,1.932490848143638,1.7295829476696087
2820,0.9701130118534302,1.2755001125835614,1.4075928486091338
2821,0.5921378720148971,0.4135897889302579,0.4501007486656463
2822,-0.1081193700701655,0.0819582888722338,-0.3816441240345914
2823,2.1465189925739923,1.4158180621291314,1.718531905220413
2824,0.7539342931606912,1.1142002610024082,1.76047985853888
2825,1.5305693075675788,-0.1097044475185538,-1.0604702155504726
2826,0.531151380141544,0.0896686398181719,0.603565629179492
2827,-0.9462811889988632,-0.0679461879502771,-0.1471561872561221
2828,-1.2644503197523662,2.1901809271713355,2.570775936865092
2829,-1.6799535351138664,-0.175750962944686,-1.9437839491545688
2830,-0.589975219831039,-1.0277528157872342,-0.7132647434828006
2831,1.124301189295695,0.0503266431753031,-0.9650946929260554
2832,-1.6357026554618217,-1.7152813614137985,-1.132470924567863
2833,1.6027572675372006,0.6908790741591362,0.0777254327463483
2834,1.1223266010284478,0.0608593252528302,-0.5082529319090467
2835,0.6311468460476537,0.1405131104711807,0.943567790848664
2836,1.3730170919361184,0.0611778890639487,-0.4176430045171225
2837,-0.0283604121314792,-1.5109475093596731,-0.7464890059530814
2838,-2.288644027466646,-3.256680085578519,-2.4240009975654715
2839,-0.2395728131271115,-1.1909947718343123,-1.180122639075782
2840,0.997534415348066,0.1375683081196499,-0.5636578397009779
2841,1.188343603462116,1.0706876003310155,0.3173514580780167
2842,-0.6926452311260658,-0.6050691226679962,0.1472227360054412
2843,1.9869934329439465,1.5446851533674573,1.7240930681125732
2844,-2.6668053158532703,-0.5799264369704875,-2.70936274501582
2845,-1.1867784098005156,-1.6887680352044527,-1.2841344891764024
2846,0.4345589958267576,-0.6285502772581862,-0.982647391772077
2847,-3.8712646582320818,-2.9371005923477886,-1.7337224104520237
2848,-1.3205270912902316,-0.6461511047721991,-1.422726031960718
2849,2.5707842932628693,2.685620468596744,3.109063499266297
2850,-0.8308042739921788,-1.6697319947993832,-1.3193203710806278
2851,1.0722240292115777,0.6674471059585755,1.9824363617036027
2852,-0.4968730393633506,-0.8805806944610194,-1.1383617130386527
2853,1.1024675333964256,0.225639145815593,1.747291348215469
2854,0.6297987824560116,0.4142018964641754,0.9298527927151606
2855,0.0285026758802971,-0.8880584789962773,0.7669800161729688
2856,0.1115148414526993,1.2782039933057632,1.2924232308787935
2857,1.8369734718419268,2.3048867261987005,1.1187529435224728
2858,0.3340644404800982,-0.4243001618587808,-0.0757527814242879
2859,-2.358315288780952,-0.0376048220737267,1.4409165975970573
2860,0.3915354474336437,0.9239421334833524,1.0848082253521192
2861,0.7099194458347342,1.1898230807212564,-1.1924295797405555
2862,-1.0830468019221426,-1.4197120923899664,-2.843905284814518
2863,-1.880249342297864,-1.6029792519088564,-1.4619014811043427
2864,-1.5060549771092753,-2.482782408505419,-1.977917709176643
2865,0.3364332372345845,0.8744632732232475,1.389116291852828
2866,-0.499911613209462,-0.1114214599993532,0.0254706205013312
2867,2.2291356964579907,2.340518609144883,0.4215268073782651
2868,2.00531593351821,1.2640033289752302,1.4681099405654736
2869,0.6871965349603746,0.703419896047652,-0.5162046665688775
2870,3.048251730881137,2.7536303223933167,3.0591544588325523
2871,0.7905914794342941,-0.6125540305771711,-0.0996376243819079
2872,-0.8663341439949162,-3.017115885331223,-2.093579372283604
2873,-1.9289105865458431,-2.552059924416358,-3.1518087953134644
2874,2.5069857168252128,1.7512775019882247,1.79152442915943
2875,0.0572827946774284,-0.4151143219541803,0.5088246862065948
2876,-1.0495109998147654,1.5692463506407586,1.4579213988271498
2877,-0.1400843227635269,-1.0760139028301647,-0.4058191944158336
2878,0.6741308336140963,0.70439705814266,1.210509408413964
2879,1.5273639623850968,1.4120435148586583,0.1705732308569073
2880,1.3746571177378877,0.7527349014817767,0.9141066037499485
2881,2.5093876519862035,2.552213697620065,2.346927302114317
2882,0.9689033969789882,1.781870139625004,1.1817994953166315
2883,2.615859119760876,1.8584262998596863,2.08799001829609
2884,1.4304053665245828,0.8371967277367698,1.774763624435819
2885,2.5894986030130283,2.4068786607791863,2.4736811585314498
2886,0.0985551265779739,1.5015135745272803,1.0066782801124683
2887,-1.4613207440457432,-2.824712070953214,-1.6833301981111046
2888,2.662520011885916,2.6806329384581087,2.9955599574434806
2889,1.310570460592282,1.5597639978883249,0.5103890919035927
2890,-0.5625148046817028,1.0155641850853443,-1.9674986188672865
2891,0.6556547000968531,1.9800380595682872,2.333082986509916
2892,1.636785091803857,1.3777573456325978,1.0433548413994536
2893,-2.0047503691198547,-0.9712210528500594,-0.7404528304553617
2894,-0.0910172789843831,-1.0912603845254047,-1.432148560243665
2895,-0.2492557408418779,-1.3724927684348112,-1.415947899876302
2896,0.4236056272846594,-1.2202535145441724,-0.8636782882264888
2897,-0.4762658406009314,-0.0413993023519022,0.2148548762732458
2898,-1.4239427194582115,0.3796122329942557,1.925540014056756
2899,-0.1183505479981588,-0.8563877794664978,0.3607435323001946
2900,-1.317172961419049,0.3948261965425998,1.5994057660710994
2901,-0.593797816930193,-1.4914928226974018,-0.3057483309346474
2902,-2.121938326562919,-0.6129774639046917,-0.8412583391371738
2903,1.1668463085098677,1.260952097738108,-2.6451099720949545
2904,3.048444840216756,2.3623034121420075,2.796252462953599
2905,-1.3688299617638182,1.281835314111888,1.7682940001143046
2906,1.457152858097771,-0.5467833633215906,1.0084565883156795
2907,0.0981867173787057,-0.0701756564730716,0.6882907135279065
2908,0.6067153156062774,0.9621776981950904,1.989189977841004
2909,-2.6524836505609377,-2.408423180757816,-2.7833484294939423
2910,2.2433542120565737,0.7211968590745114,1.4690787906118628
2911,-1.3194935205465657,0.6719956292847606,0.3251690764354049
2912,-0.3607886233805575,-0.4782993146435849,0.28880213127269
2913,2.729441765411201,2.171538482741996,2.421153781959931
2914,-2.079795339726666,-2.591068752979653,1.3906440863560965
2915,1.098889589771549,1.84526534072914,2.298673088241908
2916,0.0855497186913181,2.054047318627592,1.9013159774533448
2917,-0.1966406916649907,-1.787784716491175,-1.9699223934723256
2918,-0.148279541102822,0.1684213868243488,-0.7032583090746714
2919,-1.2373360038132066,-0.7465845561944366,-1.0865627868094427
2920,-2.164453477956054,-1.4839368943430398,0.4900353038766426
2921,-1.834465294468638,0.4959773432815538,1.162235598955672
2922,-2.378039638407293,0.1965449495210927,0.8533734459337056
2923,-1.5995034472290768,-0.9929707200400336,-1.2688318272339438
2924,-1.96459741241671,-2.0343675244059027,-1.3880426164433155
2925,0.6049640169628286,0.242681042108912,0.469794320657209
2926,0.711736554364713,-0.2535787358015563,-1.103094917063559
2927,-0.908198036042789,0.3816484986761592,0.1665480494888608
2928,2.790723496276508,2.7175765425088367,3.2821479582679527
2929,1.616933918719613,1.2441973951257244,-1.5347482766407876
2930,-1.210613223744881,-2.0874950352184354,-1.998600246402068
2931,-0.5251940212448846,2.352929784368492,1.981823608521327
2932,-1.3803552412190945,-2.921439773674148,-2.8553815078575813
2933,-1.8395029333259705,1.3287050005463634,2.1314635037855973
2934,-1.2766125229010177,-2.1732031456741887,-1.8600905123610951
2935,1.5187099614626114,1.0553525807512645,1.0097350928560425
2936,-0.629400265179912,0.649238831008331,-1.2698431508963242
2937,2.169385884103943,0.4996537351946578,1.5507976368552971
2938,-1.6623984430838823,0.705658072591433,0.3593683607975868
2939,-1.801723186657825,-3.101966811955955,-1.688635361923119
2940,2.2065386663301827,2.503009417716434,2.638981765315464
2941,0.1074940891026874,0.2432110705220535,-2.127706422172259
2942,1.3816292022198386,-0.0019914834305009,0.9450188776655352
2943,1.1077309770177106,2.25431878241131,2.005431500230422
2944,1.5046532040241118,0.9185905289823968,1.3778185918388786
2945,1.4687876286071375,1.238604479608434,1.853151517394707
2946,0.3406718034472467,0.0075993041646708,0.5411878257937355
2947,-0.1988192754349367,-0.9407771897511664,0.4525280247449342
2948,-0.0347751692117672,0.8875351915321835,-1.3146739886035328
2949,2.4093161276616386,1.9398097058152013,1.6256709214912342
2950,-0.7094532101029623,-1.249452350725407,1.5503645251381233
2951,1.9704537240413005,1.3861067394265545,2.248121671683084
2952,2.069417893974439,1.6708257696197446,1.7850896265042728
2953,0.5719672541432368,0.4127327072980412,-0.2746355135819383
2954,-1.084346336072615,-0.2129692780761878,2.4824858573248543
2955,0.3421030430191809,0.060448233268955,0.4168906614464408
2956,0.2677430846543258,-0.0196599070683235,0.3436016842454129
2957,-1.3868720744480263,-1.0911912967007045,-1.0556494559983067
2958,1.3094220570990247,-0.90258498878328,-0.1326711539776102
2959,-2.161968027872232,-2.933552753973879,-2.546049589809966
2960,1.5848376944825235,0.0313953505303144,-0.4474173670063943
2961,-1.285989670362635,-0.9634849362693304,0.0519066945288741
2962,0.8981693348305464,1.9604076792385896,1.3945731337405731
2963,-0.9612262950626558,-1.2419099489029886,-1.526923308700021
2964,0.744211810516709,0.0623567818329904,0.5856891632168424
2965,0.1874385570766198,-1.1416360993182,-1.3259913061137103
2966,-1.2698300873533943,0.2209714788424791,-2.727991802190903
2967,0.9197834621755844,1.1672315517358165,1.388273999248694
2968,0.6748014586702715,1.9828228567764183,1.6658821157312302
2969,-1.4169264277598228,-1.985010073486344,-0.8890126430080612
2970,-0.4644951268695547,0.7352694829777102,-2.046895059054417
2971,2.58407187362712,1.8860765191416329,2.0602691305041403
2972,2.692240310623101,1.9385155481843168,2.099476553522895
2973,0.1226566353023563,2.2365170047227214,-2.3569437566258475
2974,2.475029800205178,1.503109747861153,1.7623931288186288
2975,1.048452633707116,-0.7728097093220517,-0.3660629770151685
2976,1.3770738629737886,2.117600912670788,2.0586478415192464
2977,1.9710851042055628,2.6055601571171128,1.4731149341521976
2978,0.1429906105680674,1.7980809254612675,-1.5376818007962365
2979,1.0879152535878298,1.144431621401182,2.51116585052247
2980,-1.3380852409550568,-2.211194845401567,-1.102525280707941
2981,0.2673515178980258,1.932224082010258,0.2296270221512992
2982,-1.1627443274879925,-0.8760542835487013,-0.6292981326300344
2983,-1.597622702311679,-2.6776657880036376,-2.494148044179473
2984,0.3685344982733708,-0.2434305940112161,-0.1471807127396884
2985,-2.396123665505116,-2.1284733608115443,-1.5203190422898167
2986,-1.1538782336062892,0.7509583626045853,-1.2151050404963255
2987,1.6121181976021186,-1.2207055096576775,-0.1472241255390408
2988,0.0206931909294225,-2.028504348439504,-1.355193375541912
2989,1.0526661094803482,-1.7234037674117582,-0.8660858032664016
2990,0.6074592000408324,1.541442682888748,2.668235283004807
2991,-2.380518346074532,-2.497470182787779,-2.246935003921819
2992,-1.1592175765795625,-0.3360114332594512,1.8667303602168808
2993,-0.929853243109177,-1.1429816845133378,-0.8121598850549961
2994,-1.802375162190816,-2.217574661982539,-0.2778438340539739
2995,-0.1757729878914038,1.1051717185791237,0.6392607703946329
2996,-1.3830690568198014,0.910177051501062,0.7360526237484617
2997,-0.7986670621490322,-1.857680273809328,0.1324479122005801
2998,1.6780422337859906,0.9213901916025642,1.3776120387985216
2999,-1.1838505969043591,0.0309038166923982,-1.5597251247636472
3000,0.8967458692832038,0.4871946613000419,0.4308321391411565
3001,1.8874231271706143,1.5327280684147986,0.7024161700515983
3002,-0.3504898771333307,0.5051215161816349,0.7511276930861325
3003,0.9239078755265028,0.7412249113157844,1.3894560637426463
3004,-1.0678293917969652,-1.7555656432816842,1.2089271336132883
3005,1.0447792959247222,0.3172009811629747,-0.7030942518433697
3006,-0.6333855013104508,0.5948134740006179,0.5208223369326589
3007,-1.7550343013501344,-3.3598552593484343,-1.917020596411001
3008,-0.0917576471736809,1.1077141533165664,0.9140563087696466
3009,-0.0126882012064623,1.0978377115275495,1.6242472064636693
3010,-0.9580583291352184,-1.5689315369668304,-0.4639960154518455
3011,0.7131998725304307,1.5145255961499104,1.4181403714709893
3012,-1.063307881578298,-2.1788632167917497,-2.197384104296423
3013,-0.7416947618171706,-2.0838318596719323,-2.9546542996463425
3014,-0.3855113630185431,0.5032095403606192,0.170936149741711
3015,0.4145992590191815,1.3228194828168829,1.0690218062502868
3016,1.147065610288313,1.8571842228186728,2.513497117498426
3017,0.9185305644872012,-0.6046148308535428,-0.5116255997210843
3018,0.1443904686664112,0.7403589645350475,0.1722255354081539
3019,1.3181695365100687,0.9906286621080226,1.642543073173251
3020,-0.3817228089374072,-0.8412056399913477,0.1930133630281163
3021,0.1781790040837384,1.5677917805416524,2.3465929811173942
3022,-2.583443695518764,-2.405243743958016,-1.9749035419225904
3023,-1.9237345532421,-2.2545922822465667,-2.574731147594467
3024,-1.9893307740445696,-0.2748133629392725,1.304177740907987
3025,-2.9391320324249457,-2.183851154310736,1.2270132597856058
3026,1.4726874598588704,1.5163280505868273,-0.1930777076765261
3027,-0.9991633889377372,-0.2677899149656937,-0.8094764274105974
3028,1.3189188105983072,0.8910949435153085,0.6898774586161984
3029,-0.2819056992877411,-1.3437782582122983,-1.8528587692465703
3030,2.670819314471616,1.832531045788136,2.625656173336232
3031,-0.4432250298215406,-0.8461950018092685,0.4678001410107875
3032,-1.955283965748423,0.5948085390316113,-1.62254755823722
3033,0.8510909354423429,1.6266587312756469,1.6489191963855732
3034,-1.4454631106412654,1.9599711966265807,-2.021969435031701
3035,0.6602487024188897,-0.1046392098890532,-0.6278866459574227
3036,1.4027545657973894,0.8319071804792644,0.0712154247372273
3037,-0.7338050530926759,-0.5695827648995364,-1.1454494917828912
3038,1.92069324838444,2.339503508787027,3.116297662728862
3039,-1.2421688407747828,-0.7688084415680534,2.011670846677118
3040,1.4122109643646086,0.4832964680277907,1.922283199654774
3041,-1.3334024650257013,-0.3198772098269264,0.8587123092323716
3042,0.7799876079633086,-0.8220869505875231,0.304825097226878
3043,-0.4916949803897096,-1.1848389026152717,0.5436077884994431
3044,0.4252010759638426,-0.3286146940176017,-0.6480584013250061
3045,0.4361009535808276,0.4101441938234986,-0.0948528703054306
3046,-0.206352580013378,0.2424022131618697,-1.1472417519731135
3047,-1.5705033411229596,-2.228162556680894,-0.3804252872678133
3048,-0.2445202685242951,-1.3021179777726295,-1.3376038759543647
3049,0.5040824276330338,1.0152707554750364,0.4160436270614329
3050,-2.033269454574708,-2.055457721288338,-1.7913055011000358
3051,-0.3204366993408988,-2.137729123676717,0.1477218552926338
3052,-1.840483718090813,1.869349282259981,1.3962348114186314
3053,0.3804083138498608,-0.534921421135068,0.665622939591285
3054,1.5966100315478644,0.4044890597046928,0.3521898592461084
3055,-0.4469033876206164,0.0294945997024045,-1.618368015731545
3056,-1.6683437444737312,-2.484327297523568,-2.0993881267096377
3057,-1.638502057158466,-2.605665374248459,-3.659556794183617
3058,-1.2775201761631514,-1.4350571981696962,-1.6600034759533502
3059,-1.991347253630796,-2.4092957238072708,-2.273064454066474
3060,0.6300779831553325,-1.1671030561546911,-0.7146895285088755
3061,-2.9097205048488632,-1.717525187471126,-2.687573539029093
3062,1.6310316406086118,0.8149060788410312,1.9803100411209744
3063,-1.0858692165279973,0.4182629997085861,0.6971414535855889
3064,1.1920157194462342,2.9521564026545697,-2.007194408705566
3065,-1.097065578096237,1.6170205717236117,1.0050608893311976
3066,0.8211682703449181,1.4372134740425908,-0.1931558393680142
3067,-2.364986211285132,-1.0631345060291453,-2.686676701140181
3068,-1.8532421673940416,-2.49547049112,-3.412763082628929
3069,-0.7251482906731423,-0.2871679726594421,1.0664577683731338
3070,-1.747491776989316,1.5092861004216054,2.256061521448398
3071,1.6599699685030445,1.2453801238950015,1.9899121195519145
3072,2.3267272323484023,1.9503343975693688,2.647949451279452
3073,-0.5465550915843996,-2.564671992378018,-2.857768559653144
3074,-0.9331530533112103,-0.7382645631848662,0.7704788493825958
3075,2.7276687999887623,1.8972782090567577,1.951421644124119
3076,-2.398542920016452,-2.345522812215009,-0.5451279475823853
3077,1.7303587065854684,-0.3677041611821041,-1.5284920005233689
3078,-1.9154470809364963,-0.4977536676536629,-0.2958737653565678
3079,-1.2705872451309874,1.435614734339097,1.9939936532624207
3080,-1.1947818386743414,-1.0768097463887416,-1.1847315772251863
3081,0.0692336815013237,1.0086513216528878,1.4628391490428043
3082,0.5407504867092197,-0.223928106199926,1.3546257458238882
3083,1.9472953279376952,1.8405819853660783,2.621806943942226
3084,-3.5276246077173496,0.7324364793577209,-3.296028916990001
3085,-0.6447751768734862,-1.4984418102219244,-2.2799264894809763
3086,0.7644533999746097,0.7832765384522358,2.653791100039431
3087,0.7439910063667976,0.063024555352905,-0.9311068205322488
3088,0.0381219420970677,-0.7915748006641437,0.3551244792985452
3089,2.206386996557168,2.366937763636292,3.2793110367993488
3090,1.393696787536053,-2.0709273023078447,-1.327670959695526
3091,0.7434508683759593,-1.076594757715419,0.0279987224939966
3092,-1.725261692550857,-1.7358191216083625,0.0461316707736947
3093,-2.4130659078847763,1.6777522933929014,-3.0653144213476984
3094,-0.4909275750119086,0.5895087364273264,-0.9649088362599127
3095,-2.6224239874389617,-2.617733945851023,-2.3328373783977328
3096,-0.8702857966292996,-0.9687525973145926,-0.5840462128605152
3097,-1.5481792311117464,-2.055919672431872,-2.086458586809824
3098,-1.1657775968176445,-1.4243909288884686,-1.2924606847847295
3099,1.4221161439921397,0.4172867300541739,-1.027011587700972
3100,1.796165086384093,0.7393384303889848,1.548158197165041
3101,1.449852218848986,0.5957139110429011,1.4974141790823814
3102,1.719712617887215,1.5550005657935742,-0.9921974505528388
3103,2.8499469183533206,2.451798934378594,3.0669002102284715
3104,0.2064877942426909,0.4116932095418244,-1.4424415174229368
3105,2.3192741484143693,1.222829058509293,2.161079761823732
3106,-1.726397549392372,0.9837959535548976,-2.428777191112237
3107,2.305482844556058,1.5719619718696811,1.87467721273576
3108,-0.0636297401985284,0.3832571593903051,0.3850327546962353
3109,-1.478483149897766,-2.500421735806966,-1.2061763911992482
3110,0.5888316605184591,0.0204835342336722,1.3648887844565365
3111,0.7162327119965248,-1.045897843814391,-0.7662189752859037
3112,1.5617457220180244,2.25292188685141,2.4630993297714463
3113,-0.2935894736410826,-1.3522108166785562,-1.6608886188347356
3114,-0.5352407550821473,-1.3314407295795403,-3.104868797335098
3115,1.2948394180946288,0.8497780959399146,-1.2092447497729344
3116,0.0813191185166228,0.0248866304621405,0.5126227681038523
3117,2.2123091061525533,2.3997885178111136,2.350422873447923
3118,-1.2763189638533172,-1.0964075852417907,-0.7428301427431168
3119,1.895502817374065,0.658200596421495,0.7046913818749405
3120,1.8131346369306964,1.3861261268094425,0.0861203875020726
3121,-1.5367870734179316,-1.4389379019553026,-1.656842376534927
3122,-1.4446143969319902,-1.6590219355337572,-1.9052711254016987
3123,1.6258955855260016,2.4176053636098853,2.2997129688504754
3124,0.0453470644225449,-0.2611321025677442,0.0737024795097145
3125,0.3348377804207424,1.3355168680240457,1.890979159378397
3126,2.066945617015098,2.6034346663024657,2.087843842543739
3127,1.929590017201447,2.018006795638162,2.986466556652535
3128,0.1782587599676593,-1.1820239349459256,0.7102215924426675
3129,0.1054970552151555,1.0919647032353883,0.5783660518188487
3130,1.071698572826139,1.4041763707568091,2.058400938579449
3131,-1.4493841041335096,-0.9490355486585051,0.917836435005678
3132,-1.925864914318188,-1.6204006827863249,-2.581203922460208
3133,0.5375742590307977,0.5906097894802949,0.4007964322975584
3134,0.254893115305932,-0.85455530898206,-1.3292601151995558
3135,0.3280850368542573,-0.282886560952365,0.2530418578261957
3136,-1.831194909803048,-1.9105184341227628,-1.5240271978269937
3137,-0.974865549574085,-0.2020653035889875,-0.8066819669647634
3138,-0.2788238555588941,0.4051261222826559,-0.8999273929290282
3139,-0.7056658571061809,-0.5866604240232157,-1.1577845851042
3140,1.319583042441878,0.1445562242088942,-0.4039430768388492
3141,2.391013739332584,2.313009165713022,2.2731072014742906
3142,0.591771322052945,-0.5801723223676056,0.960316152357355
3143,0.7442098687716721,-0.1016507329577247,-0.3027707102742318
3144,-0.6110455490695879,0.8515201723117207,-1.0948892320013817
3145,0.0985652473471107,1.8697816778648573,0.732483641792219
3146,0.0299567941883982,0.9946750409273766,0.8643273210238992
3147,0.820651988078819,0.7225762946379006,0.3045992404538501
3148,-0.7959125581181035,-1.731091931514677,-1.0084428671427892
3149,-0.2218763134315231,-0.7506430995755595,0.3826213391158493
3150,1.0201655244252783,-0.5696641500076416,-0.494335597703312
3151,2.2369994309868924,2.7786420462108987,2.659129044540526
3152,-1.5980928289687235,0.934880311454036,-0.1217372741549657
3153,-1.2716875882186096,0.6703326713308209,0.6532076332184346
3154,-2.66233509729367,-1.5410050088299825,-1.7329054230039418
3155,0.2214638850987609,0.9743603092393776,1.9917047650078643
3156,0.3464279194791019,-0.3957431747769536,0.2107016694976159
3157,1.0779446378864463,0.7947494405319143,1.3892799398421023
3158,-0.338345763333854,-1.3776076894813345,-2.485588661297632
3159,0.4229512042462731,1.0338946791676422,0.4876628379200405
3160,1.590206085365787,0.9995006699930122,0.1638128484125108
3161,1.2250076116125863,0.9190798412744662,1.0779985917388568
3162,-0.6097774494959388,-1.0456364886473075,-0.7648178925427827
3163,1.2290638799993725,0.6928780927011867,0.5463390941017892
3164,-0.706824238192025,-0.6873595880843533,-0.0386210093502845
3165,1.9235826974500705,2.4284008874329004,2.755069736901856
3166,0.558297695739324,-0.4300222544871908,-0.2300637486095731
3167,-1.8017561760989085,-0.1749469389128196,0.7654829774177878
3168,1.0100128893803897,0.6277330417387187,0.177635158613829
3169,0.4955285291929054,1.485711109025111,-1.4454432139214202
3170,-0.1957427860928351,-0.7928597793317548,-1.574287572687728
3171,0.5173158571870666,1.1352071946276252,1.4040978515220888
3172,1.4650463415022752,1.268667561031014,1.7255817265139577
3173,0.8446533894041143,-0.3192964625977912,-0.010069747737715
3174,0.1839843982588045,-0.6704837707563069,-1.1960537263020592
3175,0.4191617922968465,1.023544231014479,1.5353485221644352
3176,1.373701292089654,0.9910283442961104,0.4429222526386357
3177,-2.5157981049570304,-2.600785966688716,-2.679850366014066
3178,1.0815596070272422,0.789370179878836,0.5524137670333085
3179,-2.5807525017467303,-2.860171004365007,-2.571214536115113
3180,0.71377701581958,1.5011842970435807,1.2554491911034744
3181,-0.4201377702891042,-1.861343587114061,-0.6947865209865584
3182,3.0115699747476614,2.557530065838968,2.801445944414755
3183,1.255886482078569,1.3843177098835464,0.7499491921726205
3184,0.3595852547836586,0.1110435351669028,0.1024476147498153
3185,-0.4121470900178663,-1.7201729377810262,-1.656778119498181
3186,1.3154655443518988,0.2300224366100656,0.9387279509804064
3187,-1.7143634124259122,-2.128938658000856,-1.9522225021574813
3188,1.1476644240600933,0.6266703769649913,-1.059354464458767
3189,2.469668448637525,1.1140361302750978,-0.7182559586254949
3190,-0.6141152609168324,-2.03790509008311,-2.031438251096457
3191,2.2706229716171324,2.4025725606892694,3.1888937243958817
3192,1.4301491116355065,2.502706147330168,-0.9579627037473236
3193,-3.0166531139073927,-2.983460084460366,-2.7222842374058103
3194,0.7099075631248701,0.9857427376110254,1.6805253208200162
3195,-0.972593105774979,-2.0262807750629444,-0.0232476321098268
3196,2.171066424168502,2.233630205691421,2.949535524531301
3197,-0.737490057084812,1.240351919647987,-2.2637422399634897
3198,-1.6066954709389645,-2.205959830627876,-2.6729185536971
3199,0.677894104316349,0.4478049411814683,-0.1262153653335961
3200,-2.839945974989796,-3.120918175105249,-2.950250633048129
3201,0.384588751519118,-1.42685302810213,-1.6675806526818353
3202,-0.0916978234534755,1.1858354918955225,0.6692030994765695
3203,1.2711349062677553,0.0406908687055435,1.290766622710644
3204,0.5908140848960168,0.1311251822240939,0.3038009169064085
3205,1.417317131328418,0.84069907608655,1.1671301595575143
3206,-0.8580798000903433,-1.3895538533892742,-1.652693417345045
3207,2.4583483955934025,2.7046701068953967,3.407971625465476
3208,1.6968026915803236,1.307770524255269,1.2134435276161677
3209,2.4728551015232294,2.736815119870734,2.4559901948342886
3210,-2.598641410422761,2.252078681805484,2.42064670462753
3211,-1.918585266671752,-2.0996496532363884,-1.8363855361132069
3212,0.0585334367132435,-1.2169843085118637,-0.8501846386075089
3213,0.6859479771642756,-0.7205096041579391,0.0246570098107739
3214,0.540017474023247,1.0461591305443232,2.6230432614071764
3215,-2.081900933152203,-2.0583370920930903,-0.0602703958536158
3216,-0.2937741570422937,-1.631284442815934,-0.805467482766889
3217,-0.267659103443914,1.0569685996393985,0.9275604973910984
3218,0.4458448912472842,2.280650038985841,-0.2858593360254791
3219,-1.5436239218120409,-1.849435117298495,-1.6921242608028453
3220,-2.522687562761282,-2.2178510606320314,-2.7360097312941685
3221,1.897346513650572,-0.6596673220327115,1.8498194375251888
3222,-1.5042360183275254,1.7703464618405662,-1.525720999474219
3223,1.4876602778112866,0.209871942238764,-0.1834488368062078
3224,-0.6334396769337581,-0.1624769352579717,-0.3910271885141198
3225,-1.3341456903168736,-1.0401061741379074,-3.034814386066068
3226,-2.0799184451855863,-2.517332004495392,-0.0619969389149191
3227,-1.8692299072122749,1.4628899764937744,0.761418543248394
3228,-1.204143986476106,-1.5584749294489044,0.3825776736203938
3229,2.2943663816486013,1.7380859807162583,2.3197720224222045
3230,0.5651172613150088,0.3050560859659125,-0.1930713995717836
3231,0.975571286448652,0.4841273553255544,0.1561957014263887
3232,-0.5067370132999075,0.7410875360849364,1.0827568203889608
3233,-2.2919631027508367,-1.781724095838808,-1.6142473590730329
3234,0.7412247409087882,1.7879688225642816,0.8657603461093152
3235,0.0227330856344864,-0.2629117494080222,0.214403613724934
3236,-1.044889415711152,-0.7057218299218171,-0.5809588177049159
3237,-0.2633590412165925,-1.0932126270596842,-0.8490487382519272
3238,0.6136084891023067,0.7936737111138474,0.7783810381731655
3239,1.3174642102576035,0.4814028228308708,-1.0280612186638631
3240,-2.12315520327623,-2.424989513783284,0.2731090044060696
3241,2.00013716057721,2.330241900027726,1.5431479479024626
3242,0.6742356115749184,-2.2543860768163784,0.0649458244947533
3243,1.5432367482935403,1.5866998847215412,1.1094338653654436
3244,0.8983296674921655,-0.4662076297852304,-0.5756117968966139
3245,0.9002519950787049,1.3739348325120078,1.4542413401497796
3246,1.3557846634874056,0.7839916148376695,0.2816918310550542
3247,-2.256539665804697,-1.2907747441779154,-1.4646893313412188
3248,-1.545642730098968,-1.5244409452719492,-1.520028274880303
3249,-0.5902872335875557,-0.8723041518169672,0.217598902379109
3250,2.024249195661243,0.3158554550158094,-0.6650440341496829
3251,2.51396158162662,2.402248584727507,3.163499063203176
3252,-2.1124990455691046,0.5096610751773145,-0.1099791188702925
3253,2.246484032148373,1.2207009696097268,2.279085534708571
3254,-1.1397099454592547,-0.6757338388746804,1.485990889562142
3255,-1.6756002858116892,-1.73103500926928,-1.0466088112786571
3256,-0.8526131685604672,-0.8566227183185664,-0.8209999318161187
3257,-0.5121915449296808,1.9806162982473603,-2.188435868236389
3258,-0.9384132874083142,-0.9871079098253008,-0.6807942293408562
3259,-1.7311384334801228,-1.7952633131758204,-2.2737684357106724
3260,-0.0200982315210039,0.0599660475263056,-0.3314090989466102
3261,0.515440603908163,-0.0414030912566798,0.7989469620726364
3262,-1.2715430049088383,0.647773142237324,-1.1812075744712294
3263,-1.9739291241383965,-2.700102632853752,-2.322072847926311
3264,0.686789256814324,-0.0628052069523578,-0.3716205077280795
3265,-1.052171967375935,-1.111926041211743,-0.9936606913401088
3266,1.760893145209797,0.8296969204169247,1.9229104066686684
3267,0.6897343391392347,0.849232014114694,-1.3542220708767252
3268,0.7628193753129139,-0.3082537848938106,-0.5042360949966218
3269,0.5053645456288809,0.9951366013988276,1.3534577011122892
3270,1.4088556346726555,0.9965981228985524,-0.1461614058747575
3271,1.1849617480761532,0.9845279803101852,0.4748410534795227
3272,0.1038390077590773,-1.3771150423730318,-1.9531332845806744
3273,-0.3865149321968972,0.1210067323889491,0.3527371528427201
3274,0.5057366284204474,-0.0707236538717228,-0.5007494093519789
3275,-2.831852090594462,-3.2855861368102777,-2.408809833480382
3276,0.9737330641614256,-0.4078270766135147,0.640554953728421
3277,2.020674387569865,1.8470748981729228,2.514878580343615
3278,-1.7617914215484756,-2.2132433612073203,-0.6425576980967366
3279,-1.559118504316086,-0.6972761971138751,-1.945137119230955
3280,1.048757432199481,2.69503885638704,1.264511425713708
3281,-2.8347158871317544,-2.779699010421776,-1.8476564814965424
3282,-0.0287066198880321,-1.0283820318203594,-0.5919906723916553
3283,-0.0828997967056116,-0.6444967537274353,1.211318795819121
3284,1.4817426087484762,-1.0097146622519837,0.117303892113551
3285,-1.355812863811085,-1.051856613560926,-1.1320298037909076
3286,1.0523635301251684,0.0597762082950273,1.1279949596477543
3287,0.8463589439286539,2.060423685992791,1.460776582026016
3288,1.313559913226046,-0.0610682600915354,0.5903908628307469
3289,2.9592065528735305,2.2083847483320502,2.166855142059071
3290,-1.3891506168763763,0.2933776361610966,-0.0565922710390031
3291,-2.8531763838449464,-1.937200817146742,-2.1298968519651664
3292,-0.195849100700016,-1.222303937345511,-0.3116150648699322
3293,0.5485456872551717,-0.2646307936930818,-1.7376978316410074
3294,-0.859607287693235,-1.2603860594681362,-3.5206905108190867
3295,1.1224792776667785,0.4014376376347819,1.8393055691638656
3296,1.567660207523625,0.984292797283598,0.6656274073162669
3297,-0.4263878505758809,0.2240095130529769,-1.46285312311959
3298,0.1838577668663824,0.9295749106821912,0.4853248913645668
3299,-0.1237358229201473,1.7139891356560533,-1.4698764609905814
3300,-0.2976501949973142,0.8357331542711754,1.457822369504244
3301,2.446439564817951,2.2167030637883007,2.4251998108461184
3302,-2.83924772832419,-2.589354710807735,1.1501281528561722
3303,-0.1674266142840595,-0.0375394417211962,-0.6705743852811588
3304,-1.125335772038397,-0.0820946910072001,-0.8004400106897971
3305,-1.3518471789697886,-1.536832140091362,-1.1408400359531397
3306,2.7302162710197315,2.4464333095968,3.0939766080048647
3307,-1.8103646370999689,-1.7967316460448326,-1.8747330272328464
3308,-0.5208663029430016,-1.151633407531791,-2.044667321131912
3309,-2.255568347310295,-1.7746839343443117,0.4226966738045599
3310,-1.4354375833806927,-1.6303164914223174,-1.0439604461805687
3311,-1.47609171731669,-0.5567874430502835,0.9003448803650098
3312,-1.2466814833594546,-0.0429386395114232,0.926670040324956
3313,2.571229882866165,2.174687753874221,1.4941188829063865
3314,1.035735319979517,0.4099610644980199,0.7715103456932892
3315,-0.5592407033731169,-0.2309678874470612,-0.2500732949876442
3316,1.9565206473697825,1.6996317446422011,2.120896609104925
3317,-0.3788683712123912,-0.6347365254223375,-1.3011395356005089
3318,0.6889208825586121,2.675840395443255,3.108866239003356
3319,-0.4469822526225853,-0.3730519296396285,-2.377923748189899
3320,-1.1885497400838114,-0.4612603481271731,-1.070915374553302
3321,1.147962430338025,-0.3665308800714931,0.3212483657779413
3322,-2.0348766041046145,-1.716369058228946,-1.1025371397192445
3323,-0.2452604295885609,-0.2668185808133873,-1.0420926727563755
3324,-0.8922622614650468,-0.6382028858899893,-0.5531652672336551
3325,0.5455022575293181,1.2003023314190182,0.3705510875638997
3326,-1.2522528220573153,-2.097862153015781,-2.180839389216456
3327,0.0311769858412015,-0.6999199474192477,-0.6032971493860211
3328,-0.2419635395147094,1.0436496843498866,-0.7360668096511425
3329,2.5948043978300785,2.411398484034619,2.797679823894246
3330,1.7170080974482194,2.4873231739041253,0.3589359979196875
3331,-1.637509567549149,-2.018973929174884,-3.579193517997932
3332,-0.7615593528261934,-0.0616316166002079,-0.3941792032672082
3333,0.1417714639526319,1.887972961454547,0.84896789195896
3334,-0.7568200790143931,-1.182573131423722,-1.5271098531455305
3335,-0.9907605767775582,-0.9842015771599468,-1.7046075939559608
3336,0.4236611354461673,-0.159478357182282,-1.0149882752296984
3337,-0.1501200034609445,-2.262890843441247,0.2582104986268628
3338,0.923455425286382,0.0307918813330097,-0.8160426115269845
3339,1.6044098978331744,0.3817922802314857,-0.5881314280912939
3340,-0.4204268334691798,-0.7493923760710146,-0.429079688164341
3341,0.3393426563996776,-1.7695222551025644,-1.8022510678644337
3342,2.3938471669339187,2.4373541160689545,2.943235613376121
3343,0.1823484431909492,0.5076456229608681,0.7324687901621129
3344,-1.3553049070791805,-2.1024080178549185,-1.5223140988048096
3345,0.1839541287003597,-0.7653314711633973,-0.8068333192755173
3346,-0.9289517060759414,-0.6168089042114093,-1.911021198572216
3347,0.0883891246716662,-1.1022458393282732,-2.5262314523498945
3348,0.2034248249802399,0.2042945340719572,1.224082287929153
3349,1.1824610018214838,1.1401786904464863,-0.2208065841799174
3350,1.854113306372417,-0.0482107246209387,2.6652796524066127
3351,-1.403767500511905,-1.8924478186613969,-1.9715907362286929
3352,1.8656279964147584,0.4966531093664344,0.4826619545933654
3353,2.6102773931438743,1.1484818790174784,2.2328009209332325
3354,-1.3568931290169637,-1.3461325801877215,-0.8837832907284815
3355,0.1247587221538508,-0.94594078537685,-1.098525660590579
3356,1.0746770195193496,-0.3130039397341411,-0.4990153195146302
3357,1.5352352434644017,1.313948233538881,2.844942428993866
3358,0.3390317571550879,0.3995646949981059,-1.0141252669067615
3359,-0.2445345542199238,-0.2743549512200158,-0.7642215372355945
3360,1.914127175818341,1.999587662271736,0.5731157745899802
3361,2.761881143388438,2.067318910533872,1.8617733543753543
3362,-0.1487964233560472,0.4151757321278292,1.5461052515728846
3363,1.0604791042029955,-0.077555988593654,1.6296926242514274
3364,-0.6574422092158494,0.1242916755454831,0.3527076084362985
3365,2.194886225696896,1.7031029694442203,1.7317369073262436
3366,-0.6443754011170268,-0.0690822572066308,-0.1829865946477216
3367,1.0232357837921204,-0.3110105414896612,-0.5780372184846985
3368,-1.1279063547720365,-2.94615311890107,-2.7602793706879707
3369,1.3195598524582943,0.7222171058217683,1.6224942785401293
3370,-0.3203892668536839,0.31372010687334,-1.4674228381313457
3371,0.6308192670563748,0.9406693484737884,1.284488230741875
3372,-2.015003372014861,-2.756537372365334,-1.8848035768180644
3373,0.2574163020245353,-0.2673499131098363,-1.885689976719334
3374,-1.5902756815724193,-2.087000160396158,-1.4953777850052234
3375,0.4947014567640416,-1.4881164927338006,-1.6987533514181856
3376,-0.8313459099006171,0.1351139219897756,0.2167294837598881
3377,2.833439369292336,2.290841076276757,1.820788715208096
3378,-1.1614164358347066,-0.4174597199716769,-2.7088257743240995
3379,-2.528821788531101,-1.5807078542421713,-2.455654519974328
3380,-0.1640063225068811,0.6312331506788649,-0.4225288934175008
3381,1.4863942015676102,1.5609308415304677,0.8207322067805478
3382,2.5280051544089184,2.575159436810423,3.1370249546966047
3383,0.3500757748396689,-0.3448008956880958,-0.3869818197384227
3384,1.313175535756142,0.8367214989372005,1.4777517956814965
3385,-0.7891733339190565,1.389470695710442,-0.8649932544880726
3386,0.3730639236432639,-0.1479069422303617,0.9384183879625334
3387,-0.9794944242522924,0.220482633558378,-1.3479368348488745
3388,1.870674631324698,2.5673655149646244,0.7027924978443008
3389,0.1520565484752882,-0.4901264497556612,-1.6247791234142137
3390,0.7122420014034425,1.2210245481317743,1.5979636965416797
3391,-0.3920396042976847,2.3399982784120605,-0.4902531304083166
3392,-0.7854010800228711,0.4459213142348909,2.178523620508471
3393,2.332372843184312,1.7344816339136406,2.4614201390954
3394,1.3284635443428854,0.9996281777831932,1.483710281814436
3395,-0.0551154713537936,0.9331353002158002,1.7011168031836628
3396,-0.5261735339126429,-1.5201062510531431,-1.0917287767718025
3397,1.2631329766320367,1.908025230658044,1.6390859706736405
3398,0.0914234426545363,-0.4009512497825261,-0.3174136397303826
3399,-0.9326843628514194,-1.6759751369216365,-1.512129303237368
3400,-0.1401735787348793,-0.7621079566015816,0.3815181998627162
3401,-1.301278767324811,-1.48876422423364,-1.7486457522477232
3402,-0.5635699807074542,-0.5696521372541389,-0.7840358529508529
3403,-1.427947208787829,-1.421557720319947,-2.6568899213876422
3404,2.8003246373104185,1.3434848365850736,2.9906249624829946
3405,1.7266464087301023,0.7729486412249486,0.827054418944835
3406,0.5070291204718214,0.9034082545928224,0.5929896563972225
3407,1.1551205261698865,2.3600284808826166,1.7189497549056485
3408,-0.9392984171038804,1.4645716321165512,2.288240540201562
3409,1.0350870340550675,1.3029288174161184,-0.811513908674389
3410,-1.2039613217073606,-1.911176514539155,-2.572609061940706
3411,-1.840936888834117,1.9088906051810288,1.2440933898464803
3412,-0.2303804534263127,2.257893962319699,-1.7530708300467106
3413,-0.7476982853842569,0.5810089371457019,-0.6403791749669469
3414,-0.7162564538090803,-0.5692564955941815,-1.4617482281748604
3415,0.3492828553709066,0.1782913062313313,0.6613417680990383
3416,0.9770875119303296,2.177983396498084,1.223533618348947
3417,-2.5624068921630663,-2.9026832151334303,-2.8372759399284813
3418,-2.599288503837902,0.7774940788025495,0.3270661276914133
3419,1.4319912547855131,1.5845888734679376,1.3070653667380805
3420,-1.315611261148477,-1.7989584475623337,-2.7680391274490623
3421,1.071182071706687,1.30691134700453,0.0880770965001981
3422,0.6034097648509964,1.66703997217492,1.841660173593538
3423,1.042706843707615,-0.0230316053405527,0.5005194780086267
3424,1.846920828083176,1.11272171887855,0.9271835440141968
3425,-0.7818203982889247,0.8445461520322599,0.7492211010902877
3426,1.7956692711667968,-0.1971173347179666,1.0099111935861105
3427,-2.372922228352104,-1.835359650927605,-2.0240988456833167
3428,-0.6696470614498051,-0.900947255805946,-1.3789364147979837
3429,-1.5633677090236433,1.6288292184114848,-1.3460273154250912
3430,0.2983180349698378,2.0530902824427217,-1.2338554849775265
3431,-1.4368668783892573,-1.5550229385304069,-0.8979040765908448
3432,0.1872705011131881,-0.1447891426361032,0.8151527011244772
3433,0.582255406219401,-0.6513286623524952,0.2758967393325034
3434,-0.0113084603041753,-3.2630356909308795,-1.154174770751752
3435,-1.4552386680489713,1.0610788423757824,1.0101034440593153
3436,1.7888927177189275,1.089246235168136,1.790875914486183
3437,-0.3263997604057292,-1.0354566017895728,-1.7768834211248925
3438,-0.7319214072934805,-0.7728615534418223,-0.7994667774236978
3439,-0.7143427456280136,-0.0642285200856327,-0.7117246895027605
3440,0.6123048361301571,-0.8798633029948171,-0.7648958427729453
3441,0.7135547804967359,1.1502355345556745,0.9207850018859316
3442,-0.9290619231483652,-1.7797096951022957,-1.7035164473374922
3443,1.4477175840233911,1.3882483105348415,1.2620847292807214
3444,-0.8528678470276345,-2.1781739096482218,-0.4336999067910124
3445,1.429920318591729,0.4923664370110008,0.3666197025268279
3446,-1.558447460371925,-0.4942329802496455,-0.9915009519808976
3447,2.2689467671080723,2.018000300372829,1.307972627764617
3448,-0.9064181865448024,-1.2818758518887785,-1.601576563117818
3449,-0.46996392090493,-0.3957018220035604,-0.3611907959081139
3450,1.3846970660842806,-0.3081419875995937,1.4698262213321047
3451,1.0548771468146612,1.189332802098186,1.1279082805425604
3452,1.3224581424949378,0.1734710621954699,0.1148950652864295
3453,-0.8303195770872396,-1.8357497748364044,1.1722575835578306
3454,2.5827725887133712,2.673386940789324,3.340923156013865
3455,0.49450987344818,0.3280065166639599,1.5388508183084253
3456,-2.582177306117188,-2.7988008188699816,-2.479467923634377
3457,-0.4793115441466651,-1.429693736482232,-0.1828148179692756
3458,2.444724789720496,2.673556604992871,3.5466349726847843
3459,-0.7738116161080111,-1.227828424636021,-0.7101235338046659
3460,1.289183803340822,0.6735216193547315,0.620463933527079
3461,1.7404162237656036,2.6972481953225,2.774820305883121
3462,-1.773727749789118,-3.030493689450572,-2.444037535856616
3463,-2.859510841402311,-1.5887985400516582,-2.9195544335292105
3464,-0.1810036007474138,0.4147588945355864,-1.1147920357566845
3465,-0.5565702354688519,2.067940886550701,2.442108867688653
3466,-1.7540280511040345,-0.8954403516478703,0.0874797120720893
3467,-1.5019351133846994,-1.883542510656199,-2.7349335517988287
3468,0.1055035184522069,-0.9971783053268783,-1.6871094197117
3469,2.6106787326341045,2.673198774920888,3.5433354875384047
3470,1.009980823913674,-0.3763433641641149,1.821208155668615
3471,-2.4173720630667286,-1.0214697831551798,-2.7986598197897865
3472,0.119750628833086,-0.9026426786523184,-0.1667802208879907
3473,0.8139382104392041,0.5733456530371802,1.76714318887747
3474,-0.1914656914886963,0.1443324323934839,0.6846918615118395
3475,2.00371204283966,1.2048298227274223,1.8203995748560744
3476,1.138405297258813,1.2021353620601896,1.8864286936013064
3477,-0.012648149205804,-1.4456883134367926,-2.0454840975393616
3478,-1.6016772755585682,-1.6712466933874852,-1.7368575554971497
3479,-2.2098612135686047,-2.6037399352419386,-2.808580036664854
3480,-0.959678889903169,-0.1117665466421228,0.5264021102107126
3481,1.5242912540080198,1.309260416435329,2.1722547902837483
3482,1.8843519026380893,2.697242526717149,2.672879197494706
3483,-2.489841365303587,-0.0810309394684688,-1.349612627944287
3484,-2.465488882387124,-1.9850468799898973,-0.8973239602215559
3485,-2.7805422002305145,-2.7576505007300307,-2.697207256716218
3486,-1.350083196826993,-1.716823350458574,-1.8618763364065904
3487,-1.5001430488121594,1.647919018460398,-3.033577280385524
3488,1.2557990552495528,1.3353263522468726,1.95305359599503
3489,-1.534697426507008,-0.7353267538885565,-1.9746292378350467
3490,-0.3099020476710302,0.5004561523239908,1.2397685279027293
3491,0.7167187521651712,0.5062927271812496,1.4233254736557843
3492,2.065276822132647,-0.300631394199283,1.1416448464684024
3493,2.111981218117584,-0.1625103390623747,1.886707122562347
3494,2.4448524743725986,3.043142242372131,3.0899272062401284
3495,-0.7131583573932412,-0.7511675374332072,-1.1315183604269252
3496,-1.276465704471735,1.4292969078453963,0.3572271798483607
3497,2.2052879455777896,1.196279241775018,0.8360408978970996
3498,-0.5261694099945987,-1.6372988044140528,-1.8201001492252484
3499,0.7622785790323362,-0.0371307320707711,0.1841580511368498
3500,-1.1415137496149688,0.1015180706078193,-1.041234713514105
3501,-0.9861044872598236,-0.940763282012568,-2.180304501600695
3502,0.246420654912748,-0.8559851628368043,-0.1731031910575712
3503,1.2458661227122938,2.821881126785984,1.907258273542256
3504,2.8031182561761767,2.007093462445944,2.170799947401393
3505,0.500978785597789,1.4849385253541796,2.180097259004297
3506,-1.2908609375906814,0.815098024276061,1.1253330420649963
3507,1.42051602193453,1.0679493578807435,2.072444607548339
3508,-1.2980125403813971,-1.9421479259491785,-2.228764023452459
3509,-0.7728364541532892,-1.032883018152293,-0.6714345275076328
3510,-2.2104334003645576,-2.697682005250188,-2.8280307042951978
3511,-0.139836576805644,-1.2006268730772958,-0.8867937291315169
3512,-0.6351568407972272,1.2287384668069017,-0.3377923214442733
3513,-0.0814982224183667,0.0145706046917076,2.189588952423428
3514,-0.6259178920078293,-0.984621608532644,-1.3665517499505722
3515,0.6091575993427171,0.4204229950461794,0.4179029150412125
3516,0.0358530870630992,0.4997347979263317,-1.199265320099611
3517,-0.4849563476996702,-0.7613944421121707,0.0078148713382431
3518,-0.1773508694232603,-2.094802995661485,-2.54604496075228
3519,-1.842917014924413,-2.591736122608076,-3.216447359560149
3520,-0.0987198447511402,-0.1124609987606454,0.2886586161447337
3521,1.815505545172193,0.2954894070762827,1.2437440130612936
3522,2.321455053494048,2.6490652455404566,2.0329776116863663
3523,0.1226547814057029,0.1034986021004527,0.7959440889068157
3524,0.9149860876542176,-0.6647521068324458,-0.1850997532774658
3525,1.8134396462484208,1.9502932608889267,0.3583634571859738
3526,-0.0959039191588526,1.4905080393901302,1.554554777879945
3527,0.1142087775408899,-0.3269562726646687,2.6836984625742093
3528,-1.677862807128695,-0.023911833465176,-0.09423872077701
3529,-1.9141162591069767,-0.202045695668962,2.198719566152481
3530,2.364550676356178,1.445737452770746,1.149453821270873
3531,2.338720019360958,1.9252224096345056,1.5590257314961409
3532,-2.082632874447854,-2.806780144283114,-1.950255237714276
3533,-1.3795253326779269,-2.0947739440590625,-1.7305347256021475
3534,-0.5075123245035069,-2.09836595031633,-0.8299755657862163
3535,2.13510833556766,0.6733817624238893,-1.0871137221051643
3536,0.5839977617802339,-0.5916341146508777,-1.2265357702504591
3537,1.402315182995718,1.6481929818794985,1.6799334014732117
3538,-0.0728628835316036,1.1215376376297088,1.9391779883669584
3539,-1.5586699908791908,-0.973646167321375,-1.5027180003759844
3540,0.6743262116598538,0.317273609227053,-1.885395562516304
3541,0.0871838475093456,0.6480991460929653,-1.983840928399879
3542,1.227567977504945,0.5132728598447018,-0.2336367877847552
3543,2.1763629179250885,2.4022302798888413,2.523556298641318
3544,2.0242440916457176,2.3406026934575856,2.860957116968644
3545,1.3107258001952349,-0.7206640906044252,1.8267208972088904
3546,1.2637890645000909,0.1829467685144097,-0.0938557275668583
3547,1.531856707176548,-1.2098764454821451,-0.736560394911747
3548,1.7342940671855764,2.3090074253191504,2.573067987094732
3549,-2.160016066840012,-0.3079836522759867,0.3254316819428368
3550,-1.158328948216385,1.1909062033960278,1.782203145517389
3551,2.766753257348179,1.7803072746837068,1.678689545870223
3552,-1.0467694469339826,-0.1113307733861434,-1.7757659106460164
3553,-1.806729334879076,-2.1008162048459225,-2.8617843666283025
3554,-0.3172841402080262,-0.7000224546993407,-1.6928729437116417
3555,-0.6212069887790321,-0.3468567088961546,0.6420039645109695
3556,0.5905338701295058,0.7550762028847677,1.0833434024862432
3557,-0.745951631686921,0.5871566467228058,-1.203828461405552
3558,0.177648685503482,-0.3089514562716323,0.0016451169377306
3559,-2.056660418663528,0.2397015531223427,1.5019994364021172
3560,2.336241031495975,1.743114659208298,2.552074983144871
3561,-0.2261922456145587,-0.495527784509935,-0.8157362211294839
3562,-0.9430976267724158,-0.5485941699666689,-1.1979039574377597
3563,0.3943583243205096,-1.5182034488362808,0.2961994228279873
3564,-0.9825643284367948,0.4949511226654187,-1.7248275175940686
3565,-0.8100017534238473,-1.0336159651868084,-0.6750908607509749
3566,0.1037527360299281,-0.2478338715915785,-0.6956966902860076
3567,2.020043002984238,1.6665759377917064,1.466860775900095
3568,-0.055538767760154,0.0575997590801958,0.1884304628792055
3569,0.7434270126512201,-0.6933730625269492,-0.3024314582089782
3570,0.9122316606445297,2.312886570693492,2.427454166707545
3571,0.9711858275435794,-0.7864594157668304,0.072309451393571
3572,-0.2887935810226234,-0.8019346493264449,-1.2337660111786026
3573,-1.2044995586108591,-0.1051520538249918,1.149836181382069
3574,-2.397222368449868,-2.2558927616528863,-1.4007568422340697
3575,1.1435364575620692,1.6663222980558114,1.4748203544539265
3576,-1.911861396796563,-2.60114258313324,-1.5386025165952102
3577,0.5907623875193075,0.9306086349483504,2.504325078736545
3578,-0.9965658882991016,-1.7324701111905818,-2.6394970717009483
3579,0.4536026043469306,-0.2769772616727374,2.609371011346452
3580,-0.0060147083059074,1.8936362423462785,1.4618797402265655
3581,-1.382587076007716,0.1691942744195614,0.1776825474074263
3582,2.1056679649577457,1.1098034633528036,-1.4305753026714023
3583,0.8266913699279006,-0.8023375926901284,-0.5491978729642284
3584,1.7450090628990256,1.8699509059283257,2.222209483255253
3585,-0.7291380338241745,-1.4135546291350198,-1.0512984708364592
3586,0.507352502836053,-2.0826087665639466,-0.7395106149676115
3587,-0.7958763861819873,0.7974298740069102,0.9632380013492507
3588,1.8695509100194827,2.3322977263103777,0.7645063379453556
3589,-2.2916813895096384,0.6708668008306282,-2.783790367780956
3590,1.0932723526885089,0.7038567641368887,0.2886366428055146
3591,-0.5899874816140239,-0.5722737772115577,-0.7587144021547829
3592,0.9019098015127878,2.69053349609263,2.635406975516492
3593,-1.1123256816390232,-1.011444531651525,1.4665195684858592
3594,-0.4333359030818748,-2.3169588864670327,-1.30273703382784
3595,-0.332306376689802,-1.1036842889222336,-1.7490935767479985
3596,-0.8170380373765278,-0.1380046869247976,-0.810482324944549
3597,2.038031812890079,2.0514894128633343,2.9145157773157875
3598,3.0649330343557195,2.755426832349495,3.759066417027284
3599,-1.2277994261734253,-0.7668193205791887,-0.8146094552692693
3600,0.0430119387114589,-0.54707088788872,-0.400893666176319
3601,1.2664981741837034,2.782216338076445,2.817905260307114
3602,-0.305088975792482,-1.4782350601542775,-1.5827634989021235
3603,0.4227645865140717,1.1245283719274368,-0.704438512276775
3604,0.929484747954102,1.058177519622078,1.0402911900173524
3605,0.4704539047989928,0.7798533694039156,-0.304359439759129
3606,0.3309012823365446,0.2292050355280799,1.2190580139240383
3607,-1.746440137816777,-1.2654148209899332,-0.5013498496329489
3608,0.7067617920299767,0.8405264182517569,1.6316841374489983
3609,-0.9190522228208527,-0.1624091125080743,0.7759525789767479
3610,-1.279858981156602,-0.4156615490576272,1.202451230697544
3611,-0.07744044402748,0.5341268998109466,-0.9630468438966836
3612,0.9706696562343397,0.951454915726957,-0.1146690090164258
3613,1.6530295093350391,1.5033127243143265,1.849399704219674
3614,0.4996897997638596,-0.108232987585493,0.2894237717061583
3615,-1.3835061319173076,2.516879077858417,-1.0272837684252911
3616,1.7032130927861808,0.7891763060499561,0.796229461327672
3617,2.460884613174412,2.5254835895575822,2.2425539118463105
3618,-1.466338691404625,0.2435978094454241,-0.6670421288533321
3619,-1.0751707787067866,1.3942977619873465,-0.5952245356852419
3620,-0.3445702904254643,-1.0508281120935192,-0.8871868998279198
3621,-1.2344181330682782,-1.5270937932826028,-0.7983732557218335
3622,1.1189842475572025,0.1467031494375238,0.0140885777335015
3623,2.518532735046752,2.367331809733162,2.968264764087289
3624,2.547297041569508,2.2297328624039325,1.1324445239901104
3625,1.4826348106505576,1.4265943183916112,2.24264187712393
3626,-0.1527700204756364,-0.513743292879207,-0.6791150887596882
3627,-0.0369494370137128,-0.0651244120633961,-0.8874495972703267
3628,-0.0942634728188498,-1.1031006887199963,-0.6759598099941837
3629,-1.0812092115028036,-0.8711211770149122,-0.4256580290039907
3630,2.1655730638653865,0.9982204375574856,2.050626651098016
3631,0.9269268859809724,0.1602418305284302,-1.5505978541514127
3632,-1.0566936510619511,-1.9456578818958985,-1.1946724785445713
3633,-2.326387800238539,-1.1985805095979625,-0.8740733900777078
3634,-0.3916611895853802,-1.5388166098107985,-1.6479941210402829
3635,0.0676364634329824,-0.3445806273888472,0.3897096622855699
3636,-1.881565896657957,-0.3048538415986545,-0.5167043945030898
3637,-0.7413730489274386,-2.019333572667359,-1.8063106650732048
3638,-0.2691265627776224,1.7133652705099334,1.001935040042956
3639,0.8453723935145987,0.1735557466775769,0.220117392670084
3640,-1.916633979344948,-1.935732363747506,-1.214427196878617
3641,-0.9549253878963172,-2.5193399666611667,-0.717434088883683
3642,0.59079927305007,0.591213089441343,1.09023059491519
3643,1.0491175538571669,0.2220721481150987,-0.4074678851933576
3644,0.7650159595480805,-0.3030732203120562,-0.7423616778947004
3645,-0.3147325028178066,1.620698574180328,1.403301684929692
3646,1.5210147817453354,-0.0856490780291475,0.905485636174156
3647,-0.858882169103375,0.0809069986513528,0.9650188092524788
3648,-0.922439712367964,-0.3674771711341736,-0.1651148039106245
3649,0.0472737193265951,-0.6169325098516152,0.1251930794034731
3650,0.4788046456254243,0.2347629191215155,1.0889025524199123
3651,0.2045893898101989,-0.7630360492406554,0.0669131478630287
3652,-0.0817670282657379,0.416609405558028,1.331136481286403
3653,2.333154645214601,3.0450525623753384,3.0209725314781064
3654,-0.2237117432056283,-1.914297882435784,-1.8311231395593504
3655,-3.07797147800866,-3.341692596406105,-2.0299912274736323
3656,-1.173682681108143,1.7749040412694748,-1.470033162893369
3657,0.1157878323441187,-0.8322634593922066,0.0351082896745558
3658,-1.1907489201717658,-0.2215293801523427,0.565253738534094
3659,2.518722355816513,2.574948242273989,0.4745330033246445
3660,-1.7112661295343794,-0.8933589480464138,0.538747305401574
3661,0.1590861566219231,-0.7416127212249389,0.8686892167982374
3662,-0.1139148519491381,0.3130582015200766,0.0428564982662802
3663,0.9446005581651432,0.3199821929398065,-0.8976769849769247
3664,-1.7497114508918674,0.4978083466505807,-1.3495621846606425
3665,1.990890219083824,1.436959027731236,2.0701423094060467
3666,-0.9631789014522972,-0.6731026799609636,-1.2183838938597096
3667,-1.2051209395127136,-1.5645658705009078,-1.478888240354834
3668,-3.3730427711187283,-1.6896403791804262,-3.0211502206745986
3669,0.0140566432114624,2.1781418534729537,1.803300324262043
3670,-2.602238425541577,-2.786331548100366,-3.6849249398880266
3671,0.6322390786940515,1.2068196494807288,0.851097201769956
3672,0.2486201550405826,-0.1093960700349018,0.0246624047994313
3673,2.095817035619883,1.020888068373215,1.9319438917711176
3674,2.044361235969245,1.899648732786421,2.3574940907706954
3675,-1.9187025247882616,-2.5217266416586845,-2.456878508025972
3676,0.7814261212231843,1.186780382107967,0.8528600695806917
3677,-0.114621634128902,2.441320609170248,-0.180613449375657
3678,1.5226617982513118,-0.2401463516673718,1.3901765195196016
3679,-1.342319597201873,-1.8428926838686344,-0.9788305496925732
3680,-1.760071187975875,-3.013431906274176,-2.7555600463758285
3681,-1.449393424509687,-1.730024698461451,-0.8693862635341831
3682,2.8060547939401226,2.4024865823225765,2.747608739907263
3683,-1.0499146737133245,-1.0338778627069765,-0.3328472523617935
3684,-0.8859731889578808,1.245412797047889,-2.558832778882066
3685,0.4165036115945221,-0.1063243799734851,0.002594801085746
3686,-1.1667508038706296,-0.7971098920466421,0.0805840051836239
3687,-2.4072849890431915,0.5714075804869428,0.7384948782416487
3688,1.7641073249963244,0.5183414068162364,1.2343324937340543
3689,-1.375493964928912,-2.7669482705593342,-2.628100153203929
3690,0.7440620742351485,0.316642564487952,1.3148738374542543
3691,0.0814115916949171,0.1280353396886849,0.1035849719907133
3692,-0.2290327054890923,1.4041507833479214,1.6259716921088834
3693,-1.6097711937305046,-1.432777103443068,-3.1551997941725176
3694,-0.7814151934256685,-1.3167046980058696,-0.8548145285342135
3695,0.590342007735899,0.9344636249480808,1.2612149695300396
3696,-1.7553837044999183,-1.3601180848581476,-0.9934156728991418
3697,1.1856758664222984,0.9573832731083256,0.5855280141461053
3698,-1.7041305020539843,-0.4817232620465403,-2.36413060849553
3699,-0.747704192832543,0.5942864063239603,1.5024147487560628
3700,-0.0078192908117911,-1.041514003914625,0.6487153382235681
3701,0.2666823144686303,2.05310346979961,-1.2180559235075794
3702,-2.128078761267366,-0.7678550586015431,0.2201055957154335
3703,1.7189668078857638,1.011758026744296,-0.4061173238891387
3704,0.1417513058954954,-1.1532019627351342,0.0907882173754793
3705,0.7066272840950327,0.9122695840961512,0.5611226166898488
3706,0.0428952882204226,2.0522968309798846,0.8433204492914347
3707,0.1033436277614531,-2.100987799576623,-2.2524143997830173
3708,3.085511495367696,2.562568276307732,3.544502660148421
3709,-1.389827225972282,-0.62054728334527,-1.5411990804270397
3710,-1.3537980824113838,0.5760893981665994,-0.2689826058452768
3711,-2.067358191983767,-1.93647043137152,-0.0400066157511122
3712,-1.6701715378595268,-0.1121456831526604,1.458860906885967
3713,0.2789189161326237,0.4895322806545821,0.0575193555191086
3714,-0.6567088563816263,-1.2117934212059702,1.2111095311413247
3715,-0.6762976955472055,-2.405716381931109,-2.1282855131727296
3716,1.5994199312880566,1.315045427993054,-1.753614597241554
3717,-0.985256462860168,0.3102109543068829,-0.9581518436027466
3718,-0.434668107451769,-1.5407573470278426,-0.5929990566074208
3719,-0.830412618406505,-0.529611788270912,0.5421669207103006
3720,-2.0846854512815085,0.3012957268999379,-3.3264672229314
3721,-1.9206487234160847,-1.5337771018832844,-1.4485782814534451
3722,1.1033830989043896,1.143875640731003,1.3264406112672698
3723,-1.6057655810684244,-0.634798738645356,0.8170198687408644
3724,-0.0569679402164541,-0.1579096736036305,-0.2000802875683114
3725,2.3159304750507506,1.932969799872482,2.560895323523104
3726,0.3997291723841861,1.2567301834109297,1.3936091231941825
3727,-1.3036104647442894,-1.326624565680821,-1.6700930654448505
3728,0.0792025419910095,-0.2472705419211482,1.008487731110581
3729,-2.946180041144168,-2.9371020094991267,-3.184383914971823
3730,0.0403981377878027,-0.3750811142337965,-0.7019910779693211
3731,0.8480566665165284,0.1796419436321506,1.6407543835415983
3732,-3.283963062170697,-0.8840523492886191,-2.628435192389493
3733,1.4753706891922165,2.6949668178607067,2.817484941869113
3734,-0.3311400721816127,-0.1023734210919747,-0.5167592883151203
3735,0.7114896518431717,1.918046453596744,-0.6255466294603393
3736,-1.6519386286979123,-2.5912619959765406,-1.9684310104774707
3737,2.557318155154392,2.640709851377539,3.344614227420294
3738,1.1920340273280108,0.6458198943581788,0.2544803750108736
3739,-1.1410473432614123,-2.159433636837845,-2.4939367362196454
3740,2.166325945816588,1.4948625764447334,2.3947014903835253
3741,-0.5213400820224813,-0.8755746343864081,0.8279193253884245
3742,0.0305264521570042,-0.8422536114490502,-0.2740870193773162
3743,-0.7145779625375324,1.3855691726106725,-1.3292499312726438
3744,-1.2288800925264776,-1.36349232219319,-1.2753663110758553
3745,1.6379116142240635,0.4087196107355352,1.4674622760838658
3746,1.61232430245016,-0.0390177542696817,0.1054725068545598
3747,0.6848073435907172,1.0511546649693178,0.2863939010624002
3748,0.3688466453047292,-0.7487573162650447,-0.8178392551454914
3749,-2.593111121006792,-2.02895291787771,-2.929801031782849
3750,-1.6357448432876314,-2.6950498486232326,-2.97663928346331
3751,-0.4953660075749847,0.3983319261648037,1.472813191010337
3752,2.52078254238434,2.6733839883959902,3.4746815593788343
3753,1.075637405622561,1.1132585539723745,-0.2116732782159622
3754,-0.0818174865191482,-0.1644352738141276,2.168840582390279
3755,-1.9173519811811663,-0.3492077629653841,-2.6155988670319146
3756,1.794245152608688,1.4468718765649276,0.7276810898646745
3757,1.0539850607104104,0.91940352808382,1.6481293563051262
3758,-0.3451706377955303,1.0684843964048123,1.9925324709675545
3759,-0.314988274194967,-1.0211568022260815,-0.0082409456115893
3760,-1.595951568750592,-2.016112360949732,-1.5787195710591897
3761,-1.7873958991972054,1.1713805780725883,-2.2694333331379752
3762,-0.8475399568149034,-2.045682950670778,1.0864962043436608
3763,-2.177519576563957,-1.7056075748324742,1.7079906931067552
3764,0.5022248953572921,1.017812524248609,1.3963828906252296
3765,0.0622559334565608,-0.5423512665777159,0.1776777284462037
3766,-1.9531205217395489,-1.869129477819604,-2.5264348086132915
3767,-1.6795299830259944,-1.0712801368521327,0.3047755905332425
3768,0.8229299323992607,0.232971410447856,0.5715704794075371
3769,1.3068319160686974,0.8329541695711387,1.339249220511538
3770,-1.3032871313981749,0.1003058347433819,-1.9877003971508425
3771,1.702009324115418,1.356037892698424,2.2276386980805403
3772,-1.4407623123421989,-0.4836334245412457,1.108038744778733
3773,1.9851880642245576,2.3643528429921408,2.2730206332481138
3774,1.0148500714124598,0.4600420478673355,1.0430751629053068
3775,0.0838724905668345,0.3183414456127416,-1.4664658828485004
3776,0.5477259063339757,-0.4917492359875245,0.417178214489537
3777,-0.8854825452161235,2.0862873867335927,-1.4571457482325687
3778,0.3560850657353952,1.3075542105849602,1.399005073296617
3779,1.4461129797939616,1.0212702000780092,1.3015847201664548
3780,-2.5089274932567367,-2.406470613029508,-2.213161597438831
3781,1.2865832318516464,2.1302213898190985,2.367158362910867
3782,0.662484871481823,2.513518539652972,1.7016593815693408
3783,0.3423851508338288,0.0618566455067303,-0.0771154024177483
3784,0.0469500166399509,0.5044296465136804,1.3290953321563923
3785,1.8000395288203217,0.8280406287195083,1.811764841284753
3786,-0.9506502327316676,-0.3464841232801013,0.2517856841819349
3787,-2.5527103544481333,-2.512962515061475,-1.3733663694622391
3788,0.8446185970852607,-1.1751282328158377,-1.3073985092122562
3789,0.6309724572763227,-2.329293322028425,1.0793701509169251
3790,0.2977566938962188,-0.8591799537532098,-0.0486502911689988
3791,0.1685008278405713,1.299354302615777,2.0637529921187707
3792,-0.9924961040216465,0.0297361054770597,-1.6745655894547924
3793,1.240028836444794,1.3844930847891856,1.99346235480448
3794,-3.5906259124005864,-3.165473113265372,-3.067696017509165
3795,2.314864298418359,1.3055186046561515,1.9873514106648047
3796,-2.96682156758452,-2.518361423662491,-1.7089853048036203
3797,1.341589382240749,0.6063424706731033,0.8314049811743898
3798,-0.4690922780163031,0.3524579083708691,-2.2765305852659155
3799,-0.4686518603631849,1.9978453925100927,-0.5354176295791784
3800,-0.8505369995656862,-0.1749881133480154,0.3083542585900901
3801,-1.159433852750876,0.5826630074015804,-3.1825458492638625
3802,-0.1273540574528326,-0.0626540055390103,-0.6749451462774432
3803,-1.346451175201195,0.6361914518120956,-1.5405547455788968
3804,-1.879792264910221,-1.6638598899474375,-1.2004692675515174
3805,0.1155391273465683,-0.0411893871859121,1.8502888015383807
3806,-0.1246536289528822,0.140690825839397,-0.348022989507391
3807,2.400528497852088,1.9829988901029325,2.201724094855978
3808,0.4195283422587987,-0.3680325499488161,-0.6644015440780049
3809,-0.52085395903207,-2.4094213816954984,-1.7709372097354423
3810,1.0107995347184608,1.595143314212485,2.334707158136089
3811,-2.724704048166513,-1.7362625770627462,-1.4744773954216783
3812,1.4437081416056885,0.3099479787212086,1.376061189485526
3813,-1.1113388146470422,-2.197659517159588,-2.19654393220712
3814,-0.5665357148257033,-1.306232322393781,-0.9528033875020094
3815,1.1166864419589544,0.6486748047759299,-0.0364798849373481
3816,1.361187125803989,0.5025372157672827,1.3701461313808094
3817,-0.610235421783396,-2.3081672391819046,-1.6582205677879007
3818,-0.926662906636648,-1.9507815352483024,-1.845855018379136
3819,0.2140463669596031,0.1250064765462961,-1.1112675375972618
3820,1.1054596974062745,-0.9967845343569508,0.597876734813832
3821,0.6134662414225669,0.1844670359838606,0.0749262925525294
3822,2.1153274678370213,2.695180807712698,2.243172104691986
3823,1.4448848482853165,0.8598380893762889,2.1350373171180426
3824,-0.4679638258766816,-1.1752228690107576,-3.4541547792673915
3825,-1.0861289375782912,-1.6754384995367857,-1.8014199919829372
3826,-0.6248106575471266,1.7184115011950276,1.9234627186324684
3827,1.722400327791215,1.231836415887048,1.449916138027751
3828,-1.025893284116982,-1.866716266930336,-0.8010864847084633
3829,-0.2100472760687325,-1.134451732080877,-0.2874908521477655
3830,1.61252168043323,-0.3126030047194934,-0.3513600997418164
3831,-0.8364597368088971,-0.1746343770920059,0.9254678459442855
3832,1.116695873291991,0.23035735670954,1.0290871570353453
3833,2.350620106805582,1.001270375398041,1.5154912977678057
3834,0.9045520931397812,0.0362512147461452,-1.467453680675696
3835,0.9742013021074688,-0.5800144184493692,-1.6286077358396782
3836,-1.1815194155541249,-2.016337846980927,-1.042687546106816
3837,-0.9980634649427518,0.5021060553172387,1.087805011766276
3838,0.9048773774141928,1.4628199778544448,1.978451751686112
3839,0.2612491025498538,-1.4938542645742836,-1.1127909565015026
3840,2.343866386886932,2.6516741078594106,2.2957054480045667
3841,-0.5252303873555044,0.977875871931063,2.342464929177531
3842,-0.0296642565199141,-0.3754029261600642,-1.0067428607883575
3843,0.1804042449768206,-2.408272439996551,-1.2726532131633057
3844,2.38804491517534,2.0398783710777755,2.4684590680439293
3845,-1.3213771742252711,-0.9619008330836502,1.0836565383065604
3846,-2.051021406274724,-0.6641678520167204,-1.7487662403277382
3847,-0.9185394787736456,-1.307432260646456,-1.5838908911341292
3848,2.136910808429219,1.526061205688366,2.5549468153531265
3849,0.2116773602023673,-0.6270077282368489,0.9066690507603627
3850,-0.2452666429584143,-0.4091764405262598,0.0485887164065935
3851,-2.6914612955911275,-3.516721409004356,-0.7702029195341922
3852,1.566629144588048,0.3802610214292249,0.423771555047296
3853,2.361989206779291,0.578678333098567,2.1051313863720766
3854,-1.592537315234551,0.6192128779930284,1.8260648440081664
3855,2.1946987690615947,1.5706774067946574,1.841594618588848
3856,1.8874979734253183,2.787177076334033,2.715625536348877
3857,-0.5804502790694307,-0.9642297230196104,-1.6923065600722194
3858,0.255480209687758,-0.439283466108362,-2.8849368451938635
3859,0.2802988770070729,0.673387911380629,-0.2305683237600808
3860,1.829469311346316,-0.7843729556619423,-0.3602505585934057
3861,0.2679796446782508,0.812788605916972,1.6649320906994465
3862,1.7184418835319175,1.915978449554692,0.7500230256427319
3863,1.0038687454838289,0.5111543465186882,1.3901864103321402
3864,-0.1706341848589432,-1.3200348236458423,-0.9260990169018204
3865,1.762352393405464,0.7620550152380544,0.8438697015505326
3866,-2.011773139106348,0.9658723232122488,1.3046305446869633
3867,0.3673369052950835,-0.5070313320908747,0.3601009801312157
3868,-1.5059709406317674,-1.6476444174792213,-0.9803993674359024
3869,-1.9195865378424235,0.3945009434736225,-1.0071998666820314
3870,-0.3966254091342126,-1.539865751123847,-1.5388094380884505
3871,-0.0702584539723837,-1.9737820427777413,-1.1134922881178124
3872,2.620024473108455,2.492612427736568,2.657648698803353
3873,0.5267537992145093,0.8879408503761642,0.8684510505281333
3874,-1.1643679319177809,-1.2894362625927012,-0.1476497688304605
3875,2.178791356646918,2.0188356308599005,1.145352945807781
3876,-2.2111713091113963,0.7508033984963587,-0.422325417103308
3877,2.339154988426211,1.6689603863725626,2.106058335518554
3878,-1.992003027290228,-0.9031310527488582,-1.117754107414805
3879,-0.595229768890974,0.1409842942622438,-0.2429750745863788
3880,-0.8164856068939517,-2.0425512443866607,-0.9625796663603868
3881,-0.9664422583578338,-1.7082593757390137,-1.9320615745654568
3882,1.6107225226503774,1.40642522246573,0.7318290533330662
3883,-0.8920851433347159,-2.586007486633925,-3.1293655052177853
3884,-0.5459867856669658,-1.4604176989614313,-0.4974921876429982
3885,1.7128653743376834,1.0966418713783743,0.7075768353502179
3886,-2.1045356196735727,-2.057079963011817,0.242968358859181
3887,-0.7330442958272236,-1.6990359406292983,-1.2789656101974425
3888,0.9544168353065918,-0.8137288862676819,0.8582769922814307
3889,-0.2375309073057911,0.5876810152425265,0.8323031787964725
3890,1.8782721258255688,1.0029345017671676,1.165714324305406
3891,-0.4645296899312117,0.8815516231244196,-2.36270210438662
3892,-0.5266752772746939,-1.3262565943838982,0.0592598123396604
3893,-2.3181337202930337,-3.226614092830611,0.5265010745338965
3894,0.4423851165535303,1.0587782193436963,-1.0916061218306337
3895,2.0937330438894137,2.410258752199669,1.4998053864181746
3896,1.1762276914609908,0.2024582485948665,-1.4842289057338518
3897,0.6733223488866962,0.7616919184408337,1.4069039620846424
3898,0.3733923184339245,0.9369949640202838,-1.7392769048617838
3899,0.461624293845588,-0.3274642918052623,1.1007208741605672
3900,-2.4071218856294188,-2.651206213200548,-1.920762974549097
3901,0.930318054326911,-0.3562058098054674,0.5330578298958324
3902,-0.1125834644113109,1.260515132830962,2.728609580255819
3903,-1.2024379734186956,-2.3319824393085544,-1.513682595279763
3904,-0.0229463594701203,0.5829027253932934,0.928477456769458
3905,-1.3978161103116618,0.8528237833350765,-0.4315174375638431
3906,2.0786101227977944,1.81197371030003,1.8224612447674728
3907,-3.079566727821352,-2.8203206737552136,-2.8634241836458
3908,-1.7529495329216502,-2.6892632616151286,-1.3735306870236932
3909,-1.36683076407176,0.6711963257893451,0.9341212118097484
3910,0.0302484176024606,-1.0560560116110396,-0.7175301497563127
3911,2.061637476352007,2.0393157846110315,2.04679862086464
3912,0.3445160218373322,0.5618768834531357,0.0837546807988316
3913,-0.901525901046216,0.0653113307339835,0.3191599347480445
3914,1.389967083669159,2.5940826484331527,2.931716892775805
3915,0.6232885344347976,0.533217172525605,1.2709149052157973
3916,0.5378789200966446,1.816503752320228,1.887411399849635
3917,-1.95288571464516,0.8596268978457848,-0.6950011641850377
3918,-0.3048746695908625,-0.4721389986131917,-0.1336607307847001
3919,0.1832914450495379,-1.121077841234199,-0.8765252148842626
3920,0.0165328710285843,0.1558464574459247,1.0655158592305425
3921,-2.8886611362796764,-1.1518114228734468,-2.73236705550906
3922,0.9686049543937428,0.8378645896717769,1.4487174331127086
3923,1.4201411358015616,-1.0205956683187205,0.6860459766117997
3924,2.692393537895501,2.813277214287994,2.407768979949854
3925,3.256385324718908,2.756878426054137,3.616491276922384
3926,1.370354948328682,-0.6944155645742869,0.2175691315953459
3927,2.605737872422154,1.3637271446674497,1.6639348733718269
3928,-0.9129244321938648,0.917637501568486,0.5382898434960511
3929,-1.9428854709190333,-0.4118548149915655,-1.5922164773680314
3930,0.2485365077962491,0.2278337644649465,0.8885989594737391
3931,2.2191562315754108,1.2918290456619117,2.222497273890051
3932,0.8565717272953564,1.1365578951645503,1.5507976368552971
3933,-3.0003396899202506,-1.9853586527258824,-3.343310661443216
3934,-0.830114926509284,-1.333011809051602,-0.5412203735767362
3935,-1.004943019865447,-0.6768559624603887,-0.9858475597459392
3936,-1.351882625125045,-0.8769224822949706,-0.9003592033193208
3937,-0.6652795264393185,0.1274790518008044,-0.431263326363695
3938,2.765651614163512,1.3756036684415032,1.3147734695625437
3939,-2.2404921483655262,1.7018020236223337,-0.5085139983177731
3940,-0.4469596274171025,-0.6279949320722126,-1.9449887215327024
3941,-0.0967170561748418,-0.1749938213084596,-0.5867684628839231
3942,2.4543012414111445,2.1240084240249946,2.266156023834691
3943,-1.0966832359669887,1.737004099797702,-2.010084429881533
3944,2.3647933278891284,2.6858793349077628,2.93792098734113
3945,-0.8350672266416246,2.0812978256847683,-0.0120687667429705
3946,0.7535676279314554,0.844960299825992,0.9515296865024092
3947,1.5584727165838117,1.1459264013922663,1.219078381777862
3948,1.5954838206932491,1.1090132873620957,1.5886401696969277
3949,2.507162126081421,2.304737897922872,2.596977127475174
3950,-1.747869825501267,-1.3000089142187636,-1.5438937380427706
3951,-0.6874488440151505,-2.022603622652026,-1.4193177381461708
3952,-1.6772944860956067,-1.0387277653966438,-0.097487046282589
3953,1.2181604833231006,0.8609572615958603,0.7162485392617322
3954,-1.9574369296623628,-3.35054782468055,-1.700247808913417
3955,-0.8787901360269295,2.170996979232159,-0.3486821680371852
3956,2.372631226189532,1.7799658553827478,2.3308270958812347
3957,2.05894340832585,2.5139656509000137,0.5218473405335986
3958,-1.5056436293257818,-2.055416190955451,-1.3670827067509366
3959,-2.478952387996471,-2.8883034741306446,1.4599535044846847
3960,-1.8298587298106723,1.015133498042136,1.3826519714853092
3961,-0.1785405217981158,-1.7933765030893682,-0.992822063094046
3962,2.391154826487751,1.80253804955955,0.7716177021855866
3963,1.0741173150313328,0.9746089471507234,1.702448466217261
3964,-1.272347593856629,0.4485796491920982,-1.2282481810373524
3965,0.3652593381711131,-0.1862260541249272,1.0729142645116585
3966,-0.5303523100898865,0.1727556972908371,-0.9787508612142796
3967,-0.2745616162530322,-0.2700538673861371,0.1880094500825509
3968,1.6266276345087216,0.0555353238690143,0.398807623702172
3969,-2.384719377493811,-1.3812914251154138,-1.2319469123817708
3970,-0.7982596940836553,0.0133162196466367,0.3007370548040008
3971,-2.5091542956641857,-2.68444193430912,-2.7723420295421755
3972,2.448247582904534,2.402989597843156,2.3103697857733803
3973,0.4609682334703211,0.8077429218518063,0.6601053662716665
3974,2.337377885191447,2.960948173361716,3.1857875844505847
3975,1.838167918450473,0.1040521758504265,-1.0640341675366614
3976,0.1991234638789485,0.7590211911350644,-1.5081508884255608
3977,-0.9193393594754732,0.8018994512300431,-3.2367825334625446
3978,-2.593953937206336,-3.296815314202395,-2.133940331565869
3979,0.0506781063944848,-0.067217423326388,-2.048230814158784
3980,-1.165103648493897,-0.9321093107737984,-0.9949336678702884
3981,-0.7121440045805862,1.3606824994770927,0.6332954088859459
3982,0.6122491082509857,1.0685265012360987,-0.1535573919348491
3983,-0.7491803647150654,0.7553040695453409,-1.0100336547743989
3984,2.237754365960487,1.6085114149340138,2.4254875435745125
3985,-0.8787382296451458,-2.47445568908856,-1.2485587019974491
3986,-1.7243526832922715,-2.1099554086783017,-1.0962002394884194
3987,1.3840159125231828,1.6891767227989938,2.182289117819205
3988,2.5034512111521483,2.3499926026535687,2.4936704956529443
3989,-3.4388282743089467,0.4014740111857826,-0.4288680065029125
3990,1.147586528709788,0.6479105834957624,1.5455562390938224
3991,0.2547192377543374,0.3243732764147721,0.8292819686131031
3992,-1.3824135195362357,-1.8098206925394429,0.9594767123960348
3993,-0.7801988449783774,-0.4231877755977524,0.1559580239412024
3994,1.9254572494497693,1.4814635115554715,1.5982012364086762
3995,1.0430249570230905,-1.5142332928320548,-2.506952568583531
3996,-1.5973698193255497,-2.180138416803782,1.2633909623005115
3997,-0.2597374257194478,-0.7488233022560417,-0.6622447475853483
3998,-0.196108478306652,0.8354324033177629,1.440464901829307
3999,-0.0934689540071986,-1.315110066948747,-0.2961627014940851
4000,2.3580642382029366,2.8682156946204507,2.932040695361028
4001,-1.9554632061280672,-0.0614205770484986,-2.8794984057318813
4002,-0.141242872251124,-0.5646981591763762,0.4776005366095838
4003,-0.8816202198120755,-1.6029436975451332,-1.2793147807389549
4004,-1.9606650641120047,0.2436982915308511,-1.1359364115981925
4005,2.2580115533371456,2.7787114866264457,1.652651432108081
4006,-0.9837105289954012,-0.83787204383168,-0.0952287633876192
4007,1.8270146560046048,-0.0125915050632708,-0.4347887464322736
4008,-2.037664455955196,-0.4130439477207304,-0.548388672666885
4009,1.983673739344022,1.9169756989500613,2.119135135785573
4010,-1.312864057661857,0.030310985665588,0.7337331821491275
4011,-0.2354116535130166,-0.5070238026096994,0.6494330813300011
4012,-2.029103234879213,-1.7635928024676486,-0.511530060249471
4013,-2.273961777455288,0.1710640743240284,-2.697543332252127
4014,1.880216938286944,1.073354777901115,0.8578494134406992
4015,-0.4186053116280001,1.0314563563781018,-0.2647958160285996
4016,-0.9965570117503612,-1.14299869032939,-2.3459588027318703
4017,0.3984189539691781,-0.2705766685512586,-0.9900938050383477
4018,1.373233235897941,0.8001301377849358,-0.3122131489394971
4019,-0.9967891776665232,-1.93907331112863,-0.2441079546428908
4020,2.225675961431741,1.5184830516903287,2.552074983144871
4021,1.4006786493247982,1.2295541146717517,2.508526759406616
4022,1.2030134898522793,0.7603680702647535,1.0224995138921862
4023,1.4268613206807566,1.2392356070643158,1.695049687780971
4024,-0.9429589707903931,-0.7008502074308708,-0.4956665488989532
4025,-0.984664909394204,-1.163428445935463,-0.6099422460154044
4026,0.8192583699266149,-0.8639995007362955,-1.4938672077554345
4027,-1.075654128618297,1.6363612932584273,1.1610891791994733
4028,-2.986001256983927,-2.9440484526335133,-2.9285969812091053
4029,0.6090534689843227,-0.6046645786812072,-0.7333382221784306
4030,-0.7065791198139241,-0.72048746120794,-1.5866196314387964
4031,0.6578317846322348,-0.7565452996112606,-1.5323358344008269
4032,0.4989970406131203,2.696987911860144,1.4989613934753483
4033,-0.3204432119424241,0.1326742105548203,-0.7846831804537193
4034,1.578873586495371,1.1333639687439174,-1.095277052999196
4035,1.1251764781571412,0.466768557213014,0.8781536566394501
4036,0.3679748438199324,1.479758131368398,2.171643585533352
4037,0.4200583364943757,0.7318840265279111,0.5779975209637233
4038,-0.6379271491092963,-0.7575773653711938,-0.4697438658108203
4039,-2.046670199708536,-2.782781576918726,-2.354228265399634
4040,-2.121446481063658,-3.1154497286160487,-2.5595905807968915
4041,0.8265970219445995,0.5829269254953139,-0.0563957723777947
4042,2.1619304582914176,-0.3318138836384531,-1.1781166369270162
4043,-1.089161562177027,-0.271992663576174,-2.007511964352376
4044,-1.2287937680899794,0.7310137775106239,1.8217716244561355
4045,-1.2485090266692966,-2.178297537216121,-2.942293456044508
4046,0.6719725689953566,-1.031164789503713,-1.263700305025004
4047,-1.4678143732114612,-2.501964763529396,-1.7840180085687978
4048,0.9319116462303586,-0.0568166092069664,0.1008101276099244
4049,0.7671923521683915,0.1603732698090688,0.2503993671327366
4050,-0.446987908923956,0.0318517413330706,-1.6749868481524566
4051,-1.3181180561856023,1.1243695670525702,2.1205528008989587
4052,2.4635093127031213,2.1398589574168314,2.7558534954598666
4053,2.624112368558132,2.474521146201669,0.8381786242790025
4054,1.6468882692142672,1.3256462806729643,2.105882689842254
4055,-0.9750321558630728,1.4649521317069834,2.1098143978656174
4056,0.6736207758840214,-0.2621602573010906,0.1533828213439066
4057,0.1923483426200873,-1.0040658970199468,-0.2107302304672869
4058,-0.8181534817777733,0.1899249808009489,0.1824551866128553
4059,-0.9678186846623936,-1.1350804934477357,-1.7086976595693295
4060,-1.00751411386028,0.0085613484872259,-1.2601117599350002
4061,1.4559998407040176,0.5647763750900517,1.708305782596681
4062,0.4844088417195062,0.5098027408507523,1.9238335117070664
4063,1.82961677859564,0.9160433997538802,1.814609283684807
4064,-0.9862093969702465,-1.6089996199347965,-1.680604320670263
4065,-1.7598121710264083,-2.619202859947398,-1.7238814055631553
4066,-1.0405726505856483,0.8932145990190279,1.6498928794064238
4067,0.6701933221426648,0.6753357304096735,1.5545454969145769
4068,0.9439454941922584,1.606315630068497,2.1477043435734355
4069,1.3928853434266828,0.6276026443665026,1.4648992479407466
4070,0.1433153775082072,-0.9190699400683237,-0.5765542051281035
4071,-0.1111698101496946,0.3144761678736205,1.1684537283408307
4072,-2.1206667059024933,-0.0772384900269867,-0.1943939635660452
4073,0.3560538889149807,-0.7176423705442598,0.3146228081219833
4074,-1.248473964301773,-1.8676259599931888,0.0321886561963815
4075,-2.2979636870021904,-2.6020513966360737,-2.572476073071506
4076,-2.65468434660983,0.4233209634069049,-2.38661973722388
4077,0.0007810754687249,-0.9710344612572634,0.6414342432361123
4078,0.8552945801502538,0.7604775947516338,1.5775637347329785
4079,2.3103428026072814,2.9588181949011663,2.908879436675804
4080,-1.2654798743409112,-1.7700057686947557,-2.2538477759265803
4081,-2.795775941589178,-2.701222315005733,-2.924692361144365
4082,-0.9869399415376244,0.3242938623740486,-0.3848189764026226
4083,-1.627422504968507,1.2290278997666657,2.340674050847712
4084,-0.1203638148604847,-0.3998622137119114,-1.4389856784477195
4085,-2.464758509592419,1.3949165239873993,-1.6500453420819137
4086,-1.6468597899043722,-0.3001070356077218,1.1656877944174873
4087,-0.9214738601857017,-0.683505831522915,-0.0775128358004212
4088,2.6581858748857243,2.6463175750891588,2.362409602297566
4089,0.0359360364913753,-1.5296609927738842,-1.3296983712360952
4090,2.46345522768811,2.4719447500130927,2.974555545652996
4091,0.4908900331703088,-0.977636201715925,0.4328743636663249
4092,1.152545435056267,1.801702256822636,1.3878418381781177
4093,2.505492364210717,1.8307310080234176,1.976671666397604
4094,-2.0284686222099504,1.5256943180396376,0.5918586990646173
4095,1.4342766751800649,-0.0529837913932477,0.206796241394759
4096,-0.9498230922020476,1.2685724648573498,-2.711373144769388
4097,-0.5310657653813287,-0.4833144386002128,-0.6330297630162891
4098,-2.7991567937227626,-2.5602896224195235,-0.0402565052752722
4099,0.5026008084447631,2.698953264573632,1.118522171723027
4100,1.9593882540169445,2.869722126492416,1.6858160844554329
4101,-1.8366807966620624,-1.607202672038604,-0.2106103378731874
4102,0.2330981090960119,1.7985723031607208,0.9225184954034378
4103,1.350529139711783,1.38528051653644,1.0949019746774722
4104,-0.3917618755576334,-2.1150486554607464,-2.5626850812297173
4105,-0.2605912048892238,-1.5352394515893135,-0.3268351947373146
4106,0.6722121891226536,2.11708843583806,0.5849859895268458
4107,-0.3689720351087519,1.839406943272103,-0.1828916100662221
4108,-1.0539059108051148,-0.1711039104194082,-1.2647783303632991
4109,-0.8122128333224545,-1.7229445404941013,-1.4345152297565107
4110,-0.0851483307203811,-0.8475638829896953,-1.2954133171186784
4111,2.186354725977385,-0.4234041974495118,-0.8774922643135316
4112,-0.1961359604643967,1.1939494568589877,1.6735068485650482
4113,-1.941424573366272,-2.2217328154438483,0.7269571752111946
4114,1.3731115602690869,0.6868902453690261,0.7858399495251132
4115,1.5647087248817717,2.0898705851756487,2.2021706391224467
4116,-2.324241546873282,-2.686305194389588,-2.734280731093352
4117,0.0087351566202724,-0.9264808765434824,0.1489112137284728
4118,-1.9834082422096813,1.3009488902550348,2.152333086093204
4119,-1.7651982324477318,-1.6829458863832494,-1.2765613245579392
4120,2.0130517471055223,1.222408133505436,2.0595823599187835
4121,3.297905591415346,2.757351191832078,3.648049876101883
4122,-2.681838860713312,-2.863842371097185,-2.363593892350067
4123,0.9015739350998322,0.8892745664830844,0.5930696749301579
4124,-1.6767806448804112,2.3487600527492254,-0.4731504981505948
4125,-3.2531491465440303,1.7000328337652868,-0.9995890779695906
4126,1.4931873649528742,0.1484604170962608,0.6822399653813503
4127,-0.4580032991316075,-1.864141536111939,1.1416592738071785
4128,1.5978525745888668,1.0858964614521158,2.930895251195932
4129,2.3274598580497528,1.6375371810975272,0.6219333379822961
4130,-0.0025589662689707,1.8584116884773343,-1.0250135969266438
4131,-0.9359033543300936,-1.9822671032535848,-2.456947743713742
4132,-2.349559627062716,-3.156405900323126,-2.33750755895215
4133,-0.5324045527433702,-0.7549398442895738,-0.5451715764510875
4134,1.7505358794594867,1.964159620065796,1.0884731530888854
4135,-1.609517044812684,-0.1747038420389378,1.323237853240605
4136,-1.205754880640686,-0.8577089079841334,-1.0296780040733138
4137,2.2176880553752523,1.5909510111850034,-0.4991942131944432
4138,-1.8840963033505311,-1.647795776844103,-2.171388071792758
4139,-2.516980508570419,-2.2653211839891365,-2.7796126520596864
4140,1.0314291127391435,2.327169430157228,2.3465618383224927
4141,0.2550064022592282,-1.3297605774777976,-2.161480669968415
4142,-1.2921605620255558,-2.3079181531146804,-0.7775277624399216
4143,-0.0853089158097727,-0.2407052397253453,0.1741493215675752
4144,0.2499801386550605,-0.0654309645460252,-1.4297832243120845
4145,-1.4264978593307451,-1.1450664718317067,-1.1385470533781534
4146,-0.4580355756635005,-0.4829515668538368,-0.992822063094046
4147,-1.320995733812744,0.9874691941974366,1.9455901042178827
4148,2.246411200534532,2.0515566125192386,-0.0824318291043902
4149,1.6889172464463098,1.0728755245599686,1.2432652183701414
4150,-2.8094955931828487,-2.2228576507949525,-2.12795635429388
4151,-0.0701829256181188,-0.9466942951020036,-1.3339298698742592
4152,-0.2185205946367647,-1.4628849689270806,-0.3122393078027436
4153,1.324853049428907,0.1469035582558623,0.7576836532093466
4154,1.1930372872516417,0.7059457293374714,1.9048294482606924
4155,-0.4699647347891672,0.9863044843817008,-0.3821179291072645
4156,0.8981295245928453,1.3528499445985247,1.4637943613530495
4157,-1.0904070659727467,0.325267383248388,-0.3135008413861807
4158,0.587582444292684,-1.6156509732536497,-1.4363055067158934
4159,-0.4915135679263561,-1.8585793291923245,-1.527975251605179
4160,-1.838663040952598,-1.0234547711425124,-1.5879235264587304
4161,2.3803356096976893,1.9882866265626813,1.991491165294573
4162,-2.09092701108132,-1.316183559087048,-2.9209118385871427
4163,-2.228520021894584,-1.770806851419162,-2.163698864208818
4164,-2.637634473661329,-3.265860478844275,-3.837753799760555
4165,2.5517608527715248,2.259632942172741,2.393795146004421
4166,-1.051222072119572,-0.9680857236113628,-1.877579983377731
4167,0.6339510570576454,0.4119764611704424,1.0854014629175843
4168,-0.0607624532946365,-0.8281125807860616,-0.5156623437861751
4169,0.4459911889400365,0.5092393257896678,-1.222829252117799
4170,-1.2661360334297305,-2.5151089308255563,-0.394882872486414
4171,0.8486777835595671,1.8285188331047284,1.5885623458042528
4172,-0.2600822446249142,-0.9249835584414704,-0.4350611008492256
4173,1.5855812948251418,1.1977750820433064,1.5988495256826842
4174,0.2649668608181985,-1.329809469198948,-1.7090318268333768
4175,-0.7851913659158595,-0.8745040785026407,-1.060467967638532
4176,-0.6836915873001593,-1.367955176313174,-0.0128528678476246
4177,1.4247125431966734,0.3146809353091108,-0.6849721488649616
4178,-0.2862815372449229,-0.6760929819688355,0.113349691823369
4179,1.237844677349065,0.9502674735886674,0.8793294857490382
4180,-1.5898790689918918,1.566673153906671,-1.085576665525516
4181,0.6136096163065721,-0.0636967919843699,-1.043063702689976
4182,1.530694648852763,2.1383157375225124,1.5163333087904198
4183,-1.8795240086656213,-1.500707611704981,-0.6948057691715968
4184,1.831973145089868,2.751952057241193,0.9588950416976376
4185,-0.3008580479352916,-0.2271369905778127,-1.657592490946527
4186,2.2722374668504983,2.561379425118958,1.6368889617554372
4187,0.4247252929513704,1.0837989591316677,-1.0460191850557448
4188,0.1266246938139071,0.2233214744793827,-0.8719233558933293
4189,-1.3533122189720432,-2.3570266790366587,-1.3852352987623209
4190,-1.8511021291660328,-1.090406980941832,-1.1670327419087032
4191,2.1762911637019857,2.3315456533153025,1.6221650780287091
4192,0.4227660712322896,-1.5835820468452968,-0.997641080240449
4193,-2.875553476379716,-2.129305840055726,-3.2162873144684694
4194,-2.32101724886229,-1.5957265807150152,-1.711462816047434
4195,-1.0434337374722895,-1.9865116607356057,-1.1416221969128637
4196,0.335452899138347,-1.0359470782802045,0.3629228791945764
4197,0.7060561543962756,0.3175145439529641,0.1925632104273082
4198,2.176317127372795,0.8160916402110467,1.462119748694727
4199,2.01877813484525,2.9599363273066044,2.8534221683182377
4200,-0.7530116976324746,2.254397440352972,-1.101595843587253
4201,-1.5039882289293678,1.2343071470804474,0.0372887138074976
4202,2.208044794737668,2.1722503107614544,2.5877709630272885
4203,2.0808587189565,1.0087454977285768,1.6975503236911034
4204,-0.3960340074642083,0.0716370008743249,-2.464795550217321
4205,-1.3719740526646786,-1.080594076886328,-1.6744952375139692
4206,1.8667066769842875,1.576842070770496,1.906786181770536
4207,-2.80941499853622,-3.216218678906801,-2.307629994673505
4208,1.7709768495956395,0.3140769300870071,2.092344675333043
4209,-3.5036555034163475,-2.4431664918049787,-3.841123473243379
4210,-0.2555400599577582,-1.2952557767076949,-1.414350296341993
4211,-1.539863498445124,-1.2785088441184935,-1.5149393394336264
4212,2.55320262156835,2.565750169277058,2.2657029743812207
4213,0.7141887505567162,0.9001801355245265,1.5061828712677017
4214,0.1385320713279541,0.7569308034471995,1.2545543784001203
4215,0.4250221025498693,0.3163235873410267,0.7317426453829339
4216,2.582945402187631,2.178410719083004,2.971916721825952
4217,-0.0219206852534249,-0.5564422066413351,-0.0727077164199468
4218,-0.9460892893458706,-2.750224983161367,-0.9850464960509332
4219,2.351690806687477,-1.3856190170927507,1.4578166393939715
4220,0.069300292501774,-1.2075468632666546,-1.0319056510731164
4221,-0.8944028594487685,-0.9779141405220296,-1.1349625938170411
4222,0.6738419738013126,2.0053847558686275,0.3503149239697638
4223,-1.228606068618427,1.5935347108596123,2.206566546758371
4224,2.391117479887854,2.2372106391248754,2.2787897573066083
4225,0.3458370194242757,0.4112258330803131,-0.6790037854326649
4226,-0.4113538925268801,-0.9341286518332772,0.3151303466923228
4227,-1.028921284241127,0.1732806820320344,-1.664326350565461
4228,-0.2239706623414883,-1.167144678722233,0.6275497728518421
4229,-0.8073682990515674,-0.6571121750575574,-0.8227369925542358
4230,-2.4393206434993893,-2.185882232930552,-2.4933569188289395
4231,0.976765847995358,0.1442735025170249,1.8606874180741149
4232,0.1160797833557952,-0.3824894767196344,-1.307237326977058
4233,1.011703302002398,0.0249408151080021,-0.6270555158786242
4234,-1.754727172763725,-1.3555946558841825,-2.687900813407581
4235,-1.7625232662546162,-2.4019128358278325,-2.044425809788669
4236,0.5837919368063216,-0.1035469995435002,-0.3540022565271682
4237,1.2953142563952362,1.4915666340415343,1.093018660560627
4238,2.0050331397335746,1.146828601104347,1.4609047843466367
4239,3.138428951884679,2.7564287116098374,3.5975896726515257
4240,-1.6426908497993409,0.3173939315634884,-1.4681782190904364
4241,0.2985975990901519,-0.5455455965940949,-0.6935159212291175
4242,-0.3911284349957841,1.3877120940828562,1.9475805619238096
4243,0.1694692261551696,0.5930407162526286,0.2117333605209694
4244,2.1614348073474834,2.4025676400337144,2.43588278755252
4245,0.8192930077636655,0.8374431730524406,1.4468805238227036
4246,-1.910067722595954,0.5015885329095806,0.4234936175115266
4247,-1.155019351779672,-1.9727073963914048,-2.032428767249596
4248,2.4158452236508885,1.7917948652503877,2.051671538374298
4249,-1.5468274289536812,-1.7658808815558398,-2.200838865291042
4250,-1.0467324802020914,-1.4439669142472065,-1.7612123009805871
4251,-1.2317187018567193,1.0712459506783445,0.4921068600207198
4252,0.2723434387822082,0.0877593810935071,0.2348403685378758
4253,-0.2883953049899066,-0.0814840291214414,-1.031744349993794
4254,-0.0986746212749428,-0.7710729812739872,0.997818888488564
4255,-0.9580906004782708,-0.6020821694392184,1.9265415712218803
4256,-0.9740652775595482,0.7683473734841626,0.6762275673656253
4257,-1.7075312327230014,1.3738206689090489,-1.7714935234752267
4258,-1.1003528817414454,-1.4548509908085083,-1.9482430118792289
4259,1.8052409934737863,1.2976607951188526,1.4989396369042185
4260,-0.9535001967706804,-1.7553970345833592,-0.421071687584386
4261,-0.8504241455159427,-1.3222251928603004,0.14601282711371
4262,1.8266461250195096,0.8244949845419693,1.6686598708549814
4263,-0.8197767588425038,-1.6525959255450131,-1.6263421552380115
4264,1.4428487062124256,0.560912762941575,0.2893838311882651
4265,-0.9860935025307578,0.2261552077534238,-1.333005948680071
4266,0.5078759892046711,0.2225101915482307,-0.6077897925453211
4267,0.7966548843552275,-0.0711137112246466,1.2495267952822076
4268,-0.9014561521835348,-0.0805019465465657,-1.693705140816316
4269,-1.2115160413792745,-1.0354776665324636,-1.6391233709996682
4270,-3.0074806404077883,-1.9462138886008813,-1.25950736139189
4271,0.1698400514617788,-0.728487266183561,-0.5044357657747436
4272,1.3639596497772073,0.9045684917797778,1.5594732467023371
4273,-0.0915532494629791,-1.460040348897634,-2.1561606911036426
4274,-1.3942463978048392,0.1217910454841629,-1.7742533561641012
4275,-2.300173130294863,1.4442391702068431,1.6015999802450946
4276,2.579234222053996,2.6733674549933246,3.4755362154986416
4277,2.548609705395517,2.364565566129843,2.7494267012003903
4278,2.478611314145724,2.5411159797640366,2.5679051285257803
4279,-1.516174771081919,-1.3408594008080217,-3.28625023617166
4280,-0.2357446677905045,-1.7291255255913804,1.3334425840282502
4281,-2.7714718088404746,-0.503629843251874,-0.1374927804646401
4282,2.1452148074451167,2.688286130262941,2.558075789416524
4283,-0.4859289384555751,-0.9966669127290172,-1.1890504833718984
4284,-0.260599700160395,0.3305505408168858,-0.501869846649414
4285,2.0559058533469696,2.345062704909189,2.5112547225331583
4286,1.5978713179185755,1.6425560944383506,0.4234474059704999
4287,0.7594994496255222,0.026312805407222,1.067929688376823
4288,-1.4672036206885135,-1.3353115140655794,-1.37174656204965
4289,-0.1542679025142893,-1.0654036171319268,-1.1410230159851027
4290,-0.3556114410543333,-0.6048266126453338,0.6990270694944655
4291,-1.8503711422044045,-3.124495007334591,-2.706331879144331
4292,0.0427271132536024,-0.4979746344554556,-2.872940585399338
4293,-1.3893456235396229,1.725308813895492,2.178097879835776
4294,-1.1317007803007673,0.8533322150103542,1.1283774901757675
4295,0.1707658678287544,-2.073724653543749,-0.4693204384549134
4296,0.6890237605674228,1.7283767962995151,1.4491784906489684
4297,-1.687188513485706,-2.12823579982148,-0.6324448488662349
4298,0.2618555472671304,0.3995366176872278,1.0399418344061564
4299,0.1973569075075039,-0.9965389338816902,-0.1691016354549209
4300,2.1687442570654865,1.5955956782324037,2.588115430409932
4301,-1.616052465284529,-1.5178951983104432,-0.9390831007673588
4302,-0.1499136573742512,-2.114862568046544,-1.395217827742938
4303,-0.9996626387623928,-1.12171602963589,-0.729435152390739
4304,-1.5851294238375038,-2.495280086311049,-2.2951515842963364
4305,2.198753212528208,2.316531434907628,1.4287952682075833
4306,0.4463396979087782,0.9902566318166484,1.3126981882460995
4307,-1.2731028447634627,0.7398888549194033,0.6883903537034407
4308,-1.0567455464658273,-0.5423728682556038,-1.442137114578914
4309,0.1942601570442126,-0.7418030285330945,0.1845980226225231
4310,-0.5444716234410155,-0.9045222916851068,-1.2981452045000623
4311,-0.701527367884837,-1.786283842509734,-1.136461091186306
4312,-0.0022402966503243,0.0229308892580933,0.5442371079200137
4313,-0.1944658011240383,0.7961272907979684,-0.6733163243930058
4314,2.6861462132893177,2.525467795125272,3.1011404489305576
4315,-0.7956299540251953,1.289526253451348,0.0595197201370713
4316,2.868032553385906,2.7187907928522725,2.8760110879211984
4317,1.093511388741356,2.3265755525026366,1.7365586275238796
4318,1.578857979483354,1.792307728941414,1.0523234350925637
4319,-1.195336476575342,2.5655888547679715,-0.2683423274555439
4320,0.3157612064845496,0.8356094817190889,0.5400293317296344
4321,0.9197140782121034,-0.107928582928638,0.0805933340181773
4322,1.4426160024273331,1.2215788998278991,2.3750060474544115
4323,2.1417862404942323,2.107519797685407,2.791931849076891
4324,0.1900887616598517,-0.7923891312515644,0.1603494995472025
4325,-2.0042875789315766,1.1270111832202965,0.4870085912079446
4326,-0.7210102413363898,-0.0097353807935074,0.3524250375481664
4327,-1.9121104893964933,-2.6979544674863902,-2.76545797762306
4328,-0.3716152151604112,-0.1111377852752637,-0.192867303118888
4329,-1.6685085852565351,-1.0338245228007568,-0.2959236690016486
4330,-0.0885812488787221,-1.4989073915946496,-0.7121353801387618
4331,-0.5332797557462317,0.4326213670363241,-0.9874601020604772
4332,-1.0959998222392744,-2.3451524633320924,-0.2724279025614113
4333,-0.043334392185015,0.1039606516570975,0.4401375762768191
4334,-0.4125387746156153,-2.701947896353514,-2.583524186110819
4335,2.0823759436038247,1.5608572120494089,3.068930957835226
4336,1.7331720554466954,0.8718504264721361,0.7895630445496347
4337,-1.828913427177783,-3.130001548004967,-1.8447718618154807
4338,2.270726243336788,2.2645555124614765,0.9883640188238256
4339,2.4174275346220955,2.10232065316351,1.228560262327492
4340,-2.339835219385488,-2.7537588372769872,-3.0104657132908823
4341,-1.377669348676479,1.18497330086304,-2.300475988098177
4342,-1.4347610996526998,-1.4497175962796125,-1.9258830430796656
4343,0.870956751721315,1.2222884196678672,0.7772626196586974
4344,-0.9131022387702308,-1.3067098529867645,-2.430497882091467
4345,1.3705862490636276,-0.795359185215503,0.0574204345218878
4346,2.4406128202325927,2.673196609832444,3.161445370854264
4347,2.152654934751241,2.020432875653158,2.673559462436065
4348,-0.9379857184043056,-0.9842142403579852,0.2721641941957018
4349,2.730128953928341,1.897848493731517,2.62336895945152
4350,-0.7844683224033386,-1.028473063244419,-1.2122140597559434
4351,-0.2420076580675198,-0.4653587100194884,-2.6209914998857093
4352,0.0361410292888433,1.6072480153765614,0.5188668638784476
4353,0.5005759968649255,-0.7948955835282134,-0.7148912073836278
4354,2.071066332853996,2.7805254403386903,0.8280034949465572
4355,-0.4440927737125988,-2.10152865216412,-0.7660743188620196
4356,2.4412167082736222,1.725052627658253,2.0807886079015345
4357,-2.379050532484752,-1.0897188461041838,0.8588543228912714
4358,2.594905571286098,1.4821624068111174,-0.0790610391906807
4359,-1.5868843961262438,-1.2586728415968125,-1.7172198197970108
4360,1.0746848844717318,-0.5221791375417831,1.3915878710314933
4361,1.889218598683037,0.685281066093061,2.010164160338208
4362,-0.1921948345633817,-0.7872670523504928,-1.2068403409111477
4363,-0.1826085744992638,1.5853424172959392,0.061620586226824
4364,-0.0545472285441836,1.4616604530851958,-2.7490782870282287
4365,-0.6676164689300013,-1.0277360972690452,-0.7387372570773101
4366,1.9849367815462384,1.7047968326219078,1.589610803674602
4367,-0.7836598650600863,1.5593427486965945,-1.885570228503784
4368,-2.0804320455921186,-1.039348241490663,-0.880015274342741
4369,-0.207886115715563,0.4875124983503831,0.7397831593390541
4370,-2.390082601647064,-1.022689739759495,-0.1734508718248453
4371,0.6864352271252105,0.0329231156671309,1.8526164019572529
4372,0.2665723667438908,-1.9090538502032768,-1.9676899346382084
4373,-0.5677517004184227,-1.568960244414746,-0.3364633747060476
4374,-1.9181575805533453,-1.0513876218481466,-0.8995574855257138
4375,1.7988718478390078,2.5945800685526823,2.322452124078283
4376,-2.5615057171982683,-2.584307208774228,-2.253482442114661
4377,-1.7462296873224563,0.8746410215777216,0.7236253440133672
4378,-0.1136893537230309,0.1509300668723119,-0.4347828085703326
4379,-1.0771896337130424,-1.2753753642914196,-0.5507862691638319
4380,0.2639120494357201,1.5757820594582477,0.1600725951026739
4381,0.1831530575997298,0.9929798770515024,1.0081325795024985
4382,-0.0283370279733918,-1.2545734951606515,-0.4889457977226082
4383,-1.4280221517458491,-1.3872697002053391,-2.4640055128335736
4384,1.0512493642742984,0.9158829789518068,0.4099042386844658
4385,-1.7505732222370107,-2.381778080183539,-2.2264868661594512
4386,0.3596503655226391,-2.4070329077270207,0.0893831091667724
4387,-1.6713577079715216,-1.7440118418965609,-0.6608551219571971
4388,-0.8180726811566013,-0.9928238756473956,-1.0020159834757263
4389,1.7561576061393769,2.167334805318876,1.989564734296798
4390,0.1010415547926801,-0.8926516436256514,0.5699824811679292
4391,-1.5891377483364806,-1.771784093612449,-1.7919537989036984
4392,-0.581106791496383,-1.8634964990911016,-1.3715471358047109
4393,1.5975973407232051,0.7592025263871546,1.9879514907573423
4394,0.7715811357222347,-0.1893435286777308,-0.3703827793570824
4395,-1.1188363174772926,0.0206546348038327,0.5559771917382524
4396,-1.873442201827716,-1.5224083208751569,-1.0599688187921268
4397,2.549973778430027,2.594578497614219,2.5290135422545745
4398,2.7689268708511445,2.565728982772648,2.2220502631382733
4399,2.1030753895247063,2.4244276674657934,2.334979742897263
4400,-0.1192764227064615,-0.7353072720454205,-0.3866853499694583
4401,-0.5439853697964258,-0.9443251738039096,-1.581465643805703
4402,0.671540300555324,0.411474377544371,-0.2304156776602363
4403,-0.7591046727631772,-1.7266472725358988,-0.8041966907052992
4404,-0.312373673406487,1.0653106036970914,-0.7161152828677098
4405,3.0481652935589296,2.6044521226592443,2.4827048001917458
4406,2.280182013194576,2.331949343897061,2.7885253219778043
4407,-0.2435932247851119,0.9928572023205052,1.1637337387201705
4408,-0.4055590318563749,1.798969932206888,1.5848596923635356
4409,0.4564199367665261,0.5522153666953701,-1.3268663409141246
4410,1.5344380184306767,0.4005580590378549,1.8723134121820624
4411,0.998690697861387,0.1737151267110138,0.6126617127877865
4412,1.8484604654621548,1.7881249454033172,2.0743737475796373
4413,1.0652785581666298,0.5036625201448351,1.1622022763126103
4414,-1.5841681514243071,-2.226808560934667,-1.810957552206064
4415,0.6339695051003567,-1.7286321479139606,-0.7349783246452135
4416,1.040277987720288,-0.8730195507132481,-0.0563265260639656
4417,-0.6018248781696189,-0.4149404087050827,-0.7341034992051001
4418,-0.1452402872263342,-1.058346926611584,-1.9070301641103984
4419,-1.4366760784477433,-2.9986938144238096,-1.7961068915086502
4420,-2.154672864008857,-2.329432065366963,-1.514930935999761
4421,1.010204890127412,0.179288810007047,0.667787127729859
4422,0.4404803353188489,0.3131475606249613,-0.0076232866449137
4423,-2.811488301176894,-1.4299952795521338,-3.0428433780826976
4424,-0.3842026515519648,0.1702217386694675,-0.4586809973271296
4425,0.0329888986068023,-0.7080579248293754,0.0485316750307125
4426,1.1736457251067192,-0.105593403771339,0.9160423037602042
4427,0.9989958149181848,-1.1527926883584518,-0.3068426764618104
4428,1.7585598893904766,-0.2597346142048635,0.9260209561760464
4429,2.236550276969655,1.0080837523226622,1.080367567435918
4430,-2.557764020064856,-3.358531240474657,0.9082560894256264
4431,-1.5576498396365923,1.3474365395176695,0.9446753783985848
4432,-1.9546665762366409,1.9802600240410104,0.252690357051345
4433,0.3944070140462188,-0.067094675954296,0.0668413881697832
4434,0.750181190405609,-0.4774728901220634,0.6084415097392866
4435,-1.447224328868171,-2.436965919430865,-2.754814305182414
4436,-1.7912247908406935,-1.5222917997516066,0.9731414797982982
4437,2.385653808057225,1.6817906379827818,2.189808395693463
4438,2.758246105228784,2.535057012462318,2.4169798224684222
4439,2.318514652521688,1.0591729701902404,2.019022339671669
4440,-0.7368128586834775,2.640916125258418,-0.3277833249354557
4441,-2.253157449577603,-1.5178951983104432,-2.2890360179191176
4442,-0.2428442613805142,-0.525953681044344,-1.641548074762981
4443,2.327157973165168,2.2596635360058204,1.228690066169809
4444,-0.2466825532898132,-0.7394236423406284,-1.7750276608537936
4445,1.148303855462669,0.845060092778641,-0.7162971389437025
4446,0.6715109235244074,0.6751255492156556,-0.4582877728255255
4447,0.8240335036330391,2.384126546749732,2.3135855371515603
4448,-1.1085680166435978,-0.9139409176920608,2.193092644102572
4449,2.2860621859812653,1.4919870732266796,2.06870895526918
4450,0.5881119315994561,1.1989064066473365,1.0896075755193118
4451,-1.7198363418931475,-2.200938477391221,-2.2275820488569007
4452,1.5893628180272308,-2.584131385139925,-1.0314411810531816
4453,1.0108999627673774,1.1289229163233978,-0.7537274824866842
4454,0.9784392288193582,-1.4215454478312333,-0.1267440126882626
4455,-1.9200520644257788,-0.2504355900532174,0.4777965499788744
4456,2.2083789528498112,0.7492406669683522,-0.507095315127576
4457,0.3446027410433897,-0.0465750446912124,0.7929724055191705
4458,1.1774371898743996,2.368500379002846,1.956969157014906
4459,-1.5989184923467572,0.3236373017867244,0.7824879856522178
4460,-1.1099224531332244,0.7540851149726233,-1.531180278312267
4461,-1.6429614971748008,-1.5347467293327095,-2.145141996655194
4462,-3.4308849555785854,-2.4097527299373653,-3.684208017538284
4463,-0.3561605298599603,-0.5930244235192033,-1.488652481991705
4464,2.6607521061447423,3.000083007089505,2.42114181982679
4465,0.419629488233367,1.6884246878224591,-1.1283042729661563
4466,1.7827850114407306,1.428337703335944,2.153243660823906
4467,-3.0531887222779024,-0.8391233348959842,1.7013490124871244
4468,-0.3505159563562526,1.3902703491514634,0.2514767756556721
4469,0.2123920295869503,0.241853141811729,-1.7653839293484583
4470,-1.0049114942633737,0.40920175734402,-0.2607101984770128
4471,1.5787215030195327,0.0330901722960564,2.226449854992954
4472,1.908793380447088,1.0376176509576156,-0.9926798070824364
4473,-1.918658275740358,-0.0197069068562636,-1.7091729008204877
4474,2.5752605895367595,2.6080931876159736,3.345693000360577
4475,0.4522493746461384,1.081454290442993,-0.656468962645228
4476,2.545737705756524,2.111213348067124,1.222845589746148
4477,1.4022873879252111,1.0955878064599252,1.0932303876593703
4478,0.0721879721743185,1.3736809053717272,1.8013678210287472
4479,2.125652545524857,1.177955385332942,2.310380677699264
4480,1.114397665581924,1.431328653303403,1.0215020163587991
4481,0.6828722420874884,-0.3082225387310343,-1.140101934067451
4482,-1.2423696331883696,0.4073687617457316,1.163642991503239
4483,-0.947624495167182,-1.961506289894688,-0.921329126759275
4484,-0.9599029871765232,-0.996068135898546,-0.2918243767868111
4485,1.61644107215444,2.317062006415215,2.352423696048932
4486,-0.7209071429018108,1.4084472685461624,1.7915942354835717
4487,-0.6341343431180115,-1.2585027380009974,-0.9020727865916234
4488,2.1907098614763147,1.2609392267945925,1.9394824582768555
4489,2.0166096120885104,1.260141454144049,2.1211020278050703
4490,0.7712680478643149,0.5581181088948577,-1.0905769578927191
4491,-0.1244504114651623,-1.0594773409952825,-0.0956419617516759
4492,1.3721792940641182,1.3274578395151118,0.5911345840888446
4493,0.4612873697413724,1.1914495521090025,-0.1273586606883442
4494,-0.0028094592960203,-3.184594282717989,-0.6724339202073133
4495,-1.02726048641961,-0.7165911385195692,-0.7375950930203026
4496,-1.92295951893404,-1.296251679810257,-0.910668142125775
4497,2.4479473873994206,2.645588508173577,3.1247749081809286
4498,0.8334033623174677,-0.2786701311786241,0.3980268240903899
4499,0.4226876811880682,-0.4046678329459944,-0.4678771913597324
4500,-1.8002230978455385,-2.7166744073598217,-1.5849758505191778
4501,-1.0875405580329724,-0.9197529421884272,-0.0865552526477765
4502,2.7942016637406053,2.6431286320603595,2.373613389910139
4503,1.0734518107729147,1.3730423989271736,1.777116457982653
4504,-1.3514161149358028,-0.0666737575462599,-0.3774892099633074
4505,1.9351380875329487,1.0873663670294174,1.7552060971079526
4506,1.1746559095742066,0.9102279773149672,1.308182442807934
4507,1.971187211655241,-0.2368505457829724,-0.8146661026501718
4508,0.8270720047854623,-0.6107838358961278,-0.1892830836606764
4509,-0.1087185964232363,-0.7355176528082278,-1.1406322164942333
4510,1.7852726371141303,0.1367556896584291,0.7493639177532798
4511,-1.454345145748983,-0.2857234356312029,-2.664534899448629
4512,-0.377316694840061,-0.8133962303963603,0.001349857207166
4513,-2.739464897317603,-2.26758725814914,-1.4349778776379631
4514,0.6714506105123783,1.3927290339749434,2.0065697590718905
4515,1.1345686469643872,0.5863431580103569,1.2391323013699267
4516,-0.4994333336676566,-0.5898991080777369,-1.0349501823140148
4517,1.5494313130806017,0.8741713160137818,0.6026612106864968
4518,1.6761173056020555,2.5228661959978087,2.213523325803858
4519,1.99074279462282,1.2604045618630169,0.7521620161073482
4520,-3.13237157388294,-1.18542137664128,-0.9437107650042212
4521,-0.6069004321538314,-1.2444200688818503,-0.8690024768442991
4522,-1.9855981924146144,-1.1167555508114313,-0.6246350969722655
4523,2.3669659870174184,2.399716571157702,2.4137786870935685
4524,-0.5173598726131052,1.84588961204013,1.6301272039475951
4525,1.3726213088191668,-0.4753306596175617,1.358595865942454
4526,1.237350641771415,1.887383673012716,1.7051633893179163
4527,1.2836369709127788,0.836947238383109,0.1460541531900571
4528,2.163217889017682,2.367661887307813,2.896929301773804
4529,0.5506190235145065,0.3009180835468978,-0.2782439467831727
4530,-0.9631312807817094,0.100623118613589,0.5400527943105141
4531,-0.4183852553246475,-1.198061074955348,-0.4714913053599098
4532,-0.3172145425180604,-0.7246647088307272,0.4670075884715108
4533,0.5246492241483064,0.3806400595266515,-2.260062578068695
4534,-0.3310463968531892,-0.859090547550506,-1.560402852696547
4535,-0.3655315398189802,-1.895654905126133,-1.2284690383855144
4536,-1.7294040979974656,-2.271601391777017,-2.893485178241263
4537,2.3102494029342937,2.3296838740793904,3.056321094579568
4538,0.5935667723123816,1.054631265509153,1.6356594842816314
4539,-0.4009499671406948,-1.1270317643035692,-2.100195417982613
4540,1.4118789879514144,0.320890212141261,1.1407132555624286
4541,-0.7065177085418991,-0.9846399133713098,1.7760685938315526
4542,-0.1222194874911666,-1.0876089610433188,-0.5897513858312713
4543,1.2263010191926913,1.1442965730186814,-0.2399749953280216
4544,-0.4619927297220556,0.6333117857680098,-1.454325630307517
4545,-0.0260918159264293,1.6074122868357887,1.9607414910963268
4546,-1.2523448052936352,0.4829538949699737,-2.4429495968295503
4547,-2.5029138791070418,-2.18221963214072,-0.756404573859699
4548,-0.5716144876658115,-0.8928558905621962,-1.1301357596401131
4549,-1.6714551594637563,-1.9410752604824912,-2.855695590813336
4550,0.5166255748359749,2.248580649038631,1.951732659585785
4551,1.9524052950367845,0.2305756570635168,1.68122139752152
4552,0.2461806428825724,-0.411528236833245,0.7778502628012505
4553,0.1867170810788185,1.2723823196679442,0.420594075321491
4554,-0.5261756783500259,-2.0274610887207403,-0.2594812687146045
4555,-0.8511690287595668,1.4617290899687916,0.4871962268168679
4556,-0.1085617498300809,-0.6595629021042045,-1.6448710042122614
4557,2.169709199866132,2.869776923010807,3.020315899645172
4558,1.2760719192930297,0.0314033219690622,-0.5618754377298363
4559,-0.2609206302899748,-1.854286748580339,-1.5523058179266185
4560,-2.1871945453847323,-2.282104493950041,-2.6991501397072524
4561,-0.6653608839575906,-1.2840677211844578,1.1511056458777458
4562,-0.9055354490967096,-1.1012932934118205,-0.7232450260308914
4563,0.9736646037792672,-0.4652688260719825,0.1488875187394363
4564,1.935770864611456,1.6249842548474895,1.0339332018016756
4565,1.9564342848115173,1.985004746133504,0.1115116206290691
4566,0.1675383838870375,1.3240241044134768,2.3003780746379308
4567,-2.0993331152813948,-1.1649462155145425,0.8148424531846477
4568,-2.1847194202931792,0.296732531310641,-1.1091171379214926
4569,1.9316045224020133,2.4025835829577136,-0.4691888999310755
4570,-1.885652864396535,-0.3474882703221097,-1.096173076928476
4571,0.4140223388295012,0.9866141451752112,-0.7773154633993868
4572,-2.6254053964337287,-2.224181685559085,-2.4304960258983934
4573,1.3912209902157326,1.2618433580126658,2.053969742166585
4574,1.2466722916157122,-0.4771372323332559,-0.036333693509263
4575,-0.7575565130157185,0.7369123632789746,0.4859089635931656
4576,2.568403591726533,1.7634933482036346,2.103998652337542
4577,-0.0920255708620047,-0.1748251165124596,1.080848633795386
4578,-2.1844512930894697,-0.4217027463544339,-1.7872432994322176
4579,-0.5795538589909129,-0.6880042250328084,-0.2675927671385974
4580,0.8289082840576414,1.277726303075927,1.2913458352384448
4581,1.4960731278770585,1.0737019199934952,1.782418564671358
4582,1.292052969150487,0.565341927294151,2.403658086969637
4583,-1.2799914963897574,-1.3767516079187312,0.1995631833177691
4584,0.2403461511263485,0.2541103975145452,0.2069200679252912
4585,1.4648140133698977,2.2585741182578483,1.9841878108029087
4586,1.1925334441515036,-0.0213474390716516,0.074586976707304
4587,0.6807189689599605,2.1206073846221885,-1.7333048772092507
4588,0.4193548700067185,0.1452337406442554,1.2160834971806596
4589,0.018577124695908,0.6337379021892892,0.9491025598256198
4590,-1.686074251705953,0.8373638454224211,-1.628693009631743
4591,0.1072840709118372,-2.179885455290004,-0.9196827112026864
4592,1.983115490713092,2.697123013621004,1.0559937862953164
4593,-2.8005065559420785,-3.1996026051228768,-1.846182010896714
4594,0.765701253374737,2.2014727632517515,1.4983571266199551
4595,2.1509494252141264,2.2960994157832046,2.4140186968536854
4596,1.3018631210624882,0.6497533750398576,0.8894524419848241
4597,-1.0263936178323945,1.5871721064003586,2.373636082797178
4598,2.083770018659912,2.1199529374333306,2.9064809044005124
4599,-2.3832750784298926,-0.9356397632528176,-0.4503427072631087
4600,-0.5319838043330869,0.7223034339574227,0.2021897871539282
4601,-0.4141881545219025,-0.772869363983567,-0.6772254589500526
4602,0.3780160754568041,-0.5440441689149691,0.1894110139079406
4603,3.003863416648855,2.6407184870650924,-0.1003986197384987
4604,-1.3114781022174202,-1.6308597661406834,-1.214462748666163
4605,0.1915557236842486,-0.8565619413578244,-0.5482529644852596
4606,3.132861772496083,2.4895822046010707,3.580194263913895
4607,-1.4067749141301662,-2.603274230008849,-0.7771079901837625
4608,0.3324839948620096,1.5414581731746777,1.9662328273894225
4609,-0.5377857723128018,-0.6266650530871942,-0.6330053167123402
4610,0.4227687361362826,0.7591104101799984,-0.3850958797202907
4611,1.5315859443272948,1.990979061868153,1.9733960836365911
4612,2.026748323656395,2.643761689982425,0.3300620071937454
4613,-0.3063829230161464,1.94914792910187,2.806330358085538
4614,2.5575624486694712,1.6279817284199227,1.9238366454085536
4615,1.3291018089754754,1.6971896225111285,-0.43571764281359
4616,0.3363225084015606,-1.5322046571940258,-0.4405968087940921
4617,-0.4578091295404744,-1.795156067101452,-0.5667452559524856
4618,-1.766184551625388,-2.204579785564727,-1.4924049206138863
4619,0.7131495007274833,-0.4731165462315517,-1.923671473708164
4620,-0.0742843372814345,-0.5652283920764064,-1.2718929212124568
4621,-2.270625313820079,-2.5189533601877048,-2.394378913177315
4622,-3.5434905509355,-2.937250338005805,-0.5568947229072457
4623,-1.525230440584903,-0.0246604436593114,0.6309888902912958
4624,1.0677947728933157,-0.11746034278184,-1.290399284230689
4625,-1.1644652659806465,-0.98884910134295,-0.8095936670531954
4626,0.3445873116194016,-0.7953816234450164,1.0309891211125906
4627,1.4437395032782971,2.3940554681040105,-0.1373208663191512
4628,1.8667743921528268,1.427789776497743,1.2358296182827997
4629,1.053713029921037,1.0864953449997652,-0.5744372401152686
4630,-0.0499438080756107,-1.86649021088416,-1.7005699776512062
4631,1.1366641135104023,1.3313780140330336,1.490934028813462
4632,-0.4190825191767386,-1.001771470926498,-0.720739350125075
4633,0.1526716145850734,2.118443280308957,0.3300708862656227
4634,-0.5963179566178565,0.030548760101244,-1.3702968060944705
4635,2.617964584023708,1.6587924439222157,2.384812408990231
4636,-1.4529574697857173,-0.5935459108533954,-0.8088071164353489
4637,1.0872180631794373,-1.90804550946688,-1.530807799404552
4638,2.312813990288149,1.6816514645658789,2.2924515415465403
4639,1.361398383651525,-0.1804834522656438,2.5314280366748325
4640,-1.2574806420088618,-1.726894732790785,-1.7053952385501931
4641,1.1180155437933752,-0.4982668161485326,1.0804825512725365
4642,-0.7876956999568434,-2.22180782297296,-1.032496117450013
4643,-1.5462557654284803,-2.347607473397604,-2.060264343339854
4644,1.4786429179284148,2.02522841761647,2.681757961591718
4645,0.0365951549653548,-0.6632550966362696,2.5928384947502456
4646,-2.028494021403941,-1.3268109256946203,-1.6106127481855823
4647,1.5357303795103103,1.0507987661614735,1.4959603974579996
4648,-1.0552046417201058,-1.3571141127573725,-0.5593244724539106
4649,1.8893154232012883,1.6198339387210348,2.067564330945287
4650,-0.9804342034030435,-1.7282795946850291,0.0914148743912881
4651,0.5029774754521303,1.2411519490925005,-0.2897927836059962
4652,0.7908804545143615,-1.1277347305079377,-1.4673861407311186
4653,-0.896449736109818,-1.867625133321575,-2.0343760039921595
4654,-2.736051330720237,-1.389875406104094,0.9946844606842444
4655,0.1097187972744019,-0.1009338315247702,0.0082404866359365
4656,1.6173937507836231,1.7253369408065196,2.2474867080442302
4657,0.0125531929815652,-0.6490610482071794,0.1183229511198125
4658,2.8274455018500952,2.9001930495120862,1.255999122357268
4659,-1.722087652543456,-3.1095267411848924,-2.175363731637377
4660,-0.398311103262258,1.0232326786290409,-0.1228353213600847
4661,-1.7673795480869163,-2.397741670936116,-1.8862278538236144
4662,0.6901228122190034,1.8981609673653348,0.8975248381242005
4663,0.0089063023696814,-0.9543535670527512,-2.1482969304817723
4664,1.221358596924493,0.5078146975932909,0.8705786429820914
4665,0.7657688401952918,-1.3599600618733,0.1054658755143351
4666,0.7170121074020166,1.2101720318159996,2.088214198520374
4667,-1.475635243570519,-1.889957056884327,-1.431450289971974
4668,0.4767489910779116,0.5885257941299502,-0.1507791426383914
4669,-1.3598742242011854,0.0864951952003062,-0.9660492005804632
4670,-1.2719305774115903,0.0323969390182448,0.2922009314252191
4671,-0.4614855330192058,0.3965713761330403,0.7965886842682035
4672,1.8281052398778013,1.305830056203826,0.6845407104435278
4673,0.6639668112939916,-0.8322621603368137,-0.7899152376550663
4674,-1.759172407950406,-0.9764338237938264,-1.4011224629246553
4675,2.74892896153734,2.4431055934596047,3.343319053960131
4676,0.7420517578592223,-0.5338885043264199,-1.6124327667424798
4677,0.2620304152773114,-1.099465336482802,-0.9098988506013764
4678,0.4256107662815315,-1.7575756042110005,-0.9633111216910856
4679,-1.308346558300442,-0.5481575909264408,1.0695755533019151
4680,2.2745151533946304,1.1572394717389567,1.931127761163047
4681,-0.7032116528326255,-1.1968073361417972,-0.910714895608416
4682,1.4281358626125762,1.2927708158275355,2.184818065873773
4683,-1.460660330765979,0.8346376658793324,1.6230549020934926
4684,-0.8830218257960736,-0.6849934647331946,-3.161835604632375
4685,-1.1205015503502005,0.3207421983520866,-0.1951825621668172
4686,1.908736310103588,2.006474670403336,2.284959740057804
4687,0.9686188446847253,0.8390366660594485,1.897715378707188
4688,-0.6434655379862957,1.6051921706635697,1.3125074073257808
4689,-1.7229591289067572,-2.6364773235503347,-0.9508705631302944
4690,0.2680682159911487,-0.3952985435447531,-0.7453558704944659
4691,2.1863239413340887,1.88758496780114,-1.8487143676938569
4692,-0.3961888308528327,1.8808076969439127,2.1958622059751693
4693,-2.121140792227464,-1.8523951896291733,1.2742104494543385
4694,0.5053432788150505,0.5849360036664486,0.5974770897737114
4695,0.8448167292418465,1.0515331617946333,1.9945279819306965
4696,2.172865923070025,1.934396984704347,2.053261874696497
4697,1.8387042507418525,1.5320116870504306,1.8412274381891656
4698,2.44723138943496,1.9061899490733687,1.869317370320438
4699,-0.4579604306201803,-1.6455398952314304,-1.681215333233228
4700,1.2854303377000984,0.5843344886618922,1.4605377737272505
4701,1.151339296125882,0.2450425385197445,0.8727365822472475
4702,-0.7458292997804857,-1.6558616378634765,-0.7208476458565485
4703,0.0956817179486723,0.4145026975486171,0.9984326112761042
4704,0.847993158178647,0.7244620284932698,-0.2736680842667491
4705,-1.0486403539339837,-2.4799914241751035,-1.83440003682925
4706,-0.7068527757048912,0.6338892299258854,1.3942024800236683
4707,1.884413546767492,-2.1959349622196145,1.8228275495911872
4708,-2.852424219008973,1.93262279363076,2.599058737841333
4709,0.7146784059775879,-0.0801127570756541,0.9311673341712666
4710,-0.5062245797737115,0.308734199013074,0.3352374285930589
4711,-0.7032395030042977,1.608755155824196,2.0811039345511166
4712,-2.1235709723682934,1.4653690192139217,1.130957076944438
4713,-1.3002502073619304,-0.8055894826263502,-1.0099455171312886
4714,-1.0860711886691912,-0.6706108890502341,-0.2019310002089782
4715,-0.99973720177181,1.0913692634816683,1.3506477738934617
4716,-0.5376851393174777,-0.074993638042132,1.014471478848853
4717,0.5201647775711582,1.2535400315974046,1.7245084344300652
4718,0.6036035418093283,-1.4779446867985973,-2.5425567724763134
4719,2.359306014950888,2.187125378942421,1.990465288639092
4720,-0.0196999922835019,-0.2031960985061447,-0.927256260608802
4721,-1.5460576332718945,-1.1086288206183226,0.0331332394640093
4722,1.2912016724080968,-0.5803923180912124,-1.1392693531996794
4723,-0.850420109218861,0.0909170936450907,0.5741570571648057
4724,-2.0691943042632683,-2.292204245529816,0.6781386779991843
4725,0.6612958577780796,-0.9718164335558068,1.1195667185901526
4726,0.9653567966618022,1.398610115371633,-1.4904872669251794
4727,0.0261780742005398,-0.1879225958943735,0.0083951260943008
4728,-1.4325508688288378,-0.3822924026283869,-0.5213944414434181
4729,1.9560186203803736,2.379246782683922,1.9523572070115127
4730,-1.3876048078884506,-2.454539813880091,-1.8011819270021576
4731,0.3701740193417853,2.4491153749537364,0.4198089055555583
4732,-1.3972885921926452,-2.0253851880632863,-1.4636572454634744
4733,0.2617889303748266,1.3243507355940425,1.498318593686082
4734,0.4241707305688294,1.406759009891554,1.986633893817024
4735,-1.6410804406908817,-3.0556476835822504,-1.2498136122668289
4736,-0.8334545797099606,-0.8138352153696318,-0.0760444632545602
4737,-0.8909275416436306,-2.104840787307279,0.1008118963347579
4738,-2.215396561999637,0.574682239920525,-0.2857105865435785
4739,0.1239280038693743,-0.4306465866789407,-1.939598130931636
4740,1.3775026339282364,-0.9985962833361832,-0.4738884567407726
4741,-1.8664233793903848,0.3102300448448818,0.5051626884824711
4742,-0.0416257762216973,-0.413398134713868,-0.6762339710234921
4743,-2.143553971658613,-2.586313591868068,-2.1067695951489127
4744,-2.058436655763128,-1.6478921232798762,1.3008832754820203
4745,0.251881403496933,-2.02756118370868,-0.6285051048479717
4746,0.7691871738047582,-0.2060022259210768,-0.6361264843560555
4747,-1.433856308245804,-1.5843311084695342,-1.044106744991798
4748,0.6074543517825147,1.1346993264235803,1.464336145999632
4749,-0.1399776404703357,0.4986764466591105,1.6317048127550482
4750,0.5521820610626824,0.5040873460867203,0.6886888669421943
4751,1.2980974223841424,-0.1865537399675792,0.5728317012667749
4752,-0.6770951261518245,1.2600036201038616,1.6852344826477472
4753,-0.6430036922217732,-0.1509298151520515,0.5776846525077655
4754,-0.5966791823571993,-1.0608910298511478,-1.6342147177344946
4755,2.1292214857525456,1.960632179629669,1.7807015831169557
4756,1.917064647710176,0.7291883094437606,1.5398802960810394
4757,1.392016082716322,1.697376381001286,0.9543109491103724
4758,1.372461233148503,0.9622057465425138,0.220734977496817
4759,-0.4427611469322232,-0.4622050334518529,-0.0128577746277481
4760,-0.0814463237335043,0.5810339904712293,0.4023498938013323
4761,-1.471861046902532,-0.3918440351405201,-0.8012613094195626
4762,-0.3462080598554942,-0.826558321217074,-2.665781059224257
4763,-0.1521909086509608,0.3129808980213024,-0.4323253920175425
4764,-0.081767316433947,0.312883759494339,2.0602681350129544
4765,-1.8857654155863937,-1.1979831475828038,-1.9552483134662075
4766,0.2444189260550053,0.218140949677093,-0.0411445940126694
4767,2.3833109066329103,2.2544037719519907,2.2662975748957983
4768,-1.7056469981440951,-1.716395620071963,-2.7421171781218416
4769,0.4538442092197656,-0.4248129451112865,-0.2958131841297691
4770,0.4063643364989429,-0.2538591186274749,-1.6442051120260064
4771,1.9652907151017087,0.6621756512822786,0.2175130096366746
4772,0.3317823218304399,-0.2551433738011892,-0.0714532167474034
4773,-2.505830826510824,-0.7905629540437907,1.0795745634940324
4774,0.7906924535747564,1.269410620564718,0.2441789591828734
4775,-0.4045425838079829,-0.8055228765134788,-2.0470612422253893
4776,-1.2313691738376145,-2.3185597699703187,-1.974338434253516
4777,1.3113211947019805,2.4243202001560187,0.4935495058489484
4778,-2.24386972396044,-1.066932501799096,-1.2297293571488863
4779,-1.3918464952211222,0.1009502437949068,0.7644191189620613
4780,1.2686561580301616,0.95885999539347,0.3300451476739031
4781,-0.4569175778198786,2.0997727037060288,2.29228640675361
4782,-2.025290514252559,-1.1681411971666134,-0.9762365717087436
4783,1.8008959228654813,0.9671904327489272,1.6194232459439717
4784,-0.7117798130418704,0.7224305763564733,2.483314504909357
4785,2.5134386251297736,1.8555079197579087,2.221874131039956
4786,1.2612453258437806,2.2606726640471058,2.877041800044319
4787,0.994633352083864,0.8156527789833681,-1.9274161195196249
4788,2.577982683645344,1.753762289318706,1.3952146270810115
4789,-0.2961067701639691,-0.8444402508431766,-1.3056588501614432
4790,-1.231075356668083,0.1263771576355905,-0.2216662556553283
4791,1.5816435046308108,-0.8822107220972398,1.5706187435680663
4792,-1.431536815809004,-1.783021886769694,-1.5806963834753742
4793,0.1935064270993144,-0.0254547569840872,-0.3543488282898898
4794,-1.7560649796157255,-2.100424126442437,-1.7157690731178294
4795,-0.0215614095134094,0.0011992754456474,-0.2779491563887866
4796,-0.5351945771416621,-1.0200699983787025,-0.233984279045797
4797,-1.7717978151087383,-2.089500320913956,-2.2974124347606995
4798,0.3214674671230454,1.0681868697207608,-1.5106686855545326
4799,-1.9103773305197915,-0.5174158799228663,-0.2619893537973221
4800,-1.1121501478876867,-1.6124362119286977,-0.9239186461658382
4801,-2.027072647966208,1.9894057753012209,0.6914536665253261
4802,1.327821824541413,0.5131879058400363,1.0732412795012138
4803,-0.2949846745260563,-1.97263272251828,-0.3609411229082709
4804,-1.3533331976176644,-0.4983067708563554,-1.9034014399080768
4805,2.502673974350284,2.795409160423985,3.4080541238336943
4806,-1.1886379195557903,-2.6048697834092223,-2.593883308074642
4807,0.1163603351835501,0.0841235668071203,3.142769914637121
4808,-1.3208618227262408,-3.314161829778422,-1.516821078060386
4809,1.0102962211656985,0.3214107137074977,1.2523124681167797
4810,0.0309909944058805,-0.6690225644272099,-0.3546169085932021
4811,-2.0115350357534094,-2.055462445117671,-2.2029795518320543
4812,-0.9386675565199872,0.1790687551460728,0.305737429414583
4813,-1.184275118922512,-2.6754559341626254,-2.3801946373094744
4814,-1.4823274484123157,-1.517740221874255,-2.149931824092267
4815,-0.8431436017702785,-2.600865445663242,-0.9665533004083012
4816,1.271053244681536,0.7373388727975241,0.1465407340529433
4817,-1.3949092564378325,-1.0046300870421243,-1.0483093615337205
4818,0.0466055131939146,-0.3797204266514791,-0.2221112887186391
4819,-2.17803293523447,-1.7796436710719672,-3.436397034613866
4820,2.548665264226228,2.403333643704276,2.6596163485819115
4821,-1.9184411497953977,-1.559706693158278,-3.383528503554479
4822,-2.207465959414716,-0.5390155899264081,-2.916954255350354
4823,0.9275804325724132,-0.8499443794333059,0.1256269636193148
4824,-0.9023674002695397,-1.287854459884609,-0.761878398206967
4825,-0.8365355908198095,-0.1520383004499191,0.2302316067618783
4826,-0.6411701131424874,-1.3273017958969917,-2.773547730065318
4827,-0.1129419348166903,2.6026677786847103,-0.6742633502038655
4828,-2.1644743140388223,-1.6209350991249316,-2.311740724835411
4829,2.403695595663396,2.0467400780354668,2.461360621487027
4830,-2.3475581229464546,-2.679567577156485,-1.7843614042874143
4831,0.9193300422838,-0.6240119566395124,-0.5685679628680436
4832,-1.5541714522301986,-0.3132840398050125,-2.4337357314408736
4833,2.5883801457327573,2.596640535453315,2.810726205821344
4834,1.785709332496011,1.1268934936899506,0.6884735826430406
4835,0.4634977898130927,-0.842010611973571,-0.4364919021094616
4836,0.4171257467043476,0.6477738508129928,1.4811207736958385
4837,1.0303229898017632,0.2144824421784256,1.5926248853321936
4838,0.8910704353083763,0.4950882565768684,1.521393888620026
4839,-0.8469526091579227,0.2157197391290522,0.7165702426819567
4840,2.3351194692782338,2.428660462319588,2.3509233748365417
4841,-1.095121487741436,-1.5184386894266533,-1.3786861842964155
4842,-2.8093977509876527,0.0488825069142234,-0.5568173019174267
4843,1.0105982019376858,0.4944067839668309,-0.4869265853872209
4844,0.5817602057565596,0.4010337199795537,0.2589268742355738
4845,-0.3767639238315404,-1.3527022500039547,-1.3212158544771109
4846,0.5972722012721651,0.9136426152989462,1.5484479530141817
4847,-0.4319966632491462,-0.8281251284577277,-0.9008245210910204
4848,1.707110353151898,1.3008474120771387,0.955342138637114
4849,1.7578942611074693,-1.0352683584802709,0.757533418092733
4850,-1.269979723089787,-1.861044653468578,-2.322260332758664
4851,1.871877988909915,1.0706888094294686,1.5190531260323752
4852,0.1686755806181581,-0.4419619463904182,-1.294734897295012
4853,-1.5048309534926514,-0.5126407665904018,1.1257815004971414
4854,-0.6696660805516046,-1.1821366600274432,-1.8566249052892507
4855,0.1876417468251249,-0.1834794721628775,0.0832657076490062
4856,0.7370635258162637,-0.1831336281885084,0.2023121389349241
4857,2.640986561426038,1.6241954401500376,2.8250283526200253
4858,-1.6271278386018608,-2.5318744111973146,-0.740924025813104
4859,0.0690608175209518,0.678447757364089,-0.4003565092873823
4860,1.979642952274262,0.082186561106775,0.7678634107037781
4861,2.36367742507416,1.5352432473677085,2.700435497597612
4862,0.8281393868331492,0.9999309986824388,1.4837353404209297
4863,-3.141503731235244,-1.9827572010379864,0.6514981198564591
4864,-1.7972157297744134,-1.3736860337186496,-1.1407146024668555
4865,0.9755014115614103,2.012045145880963,2.2428348782658643
4866,0.7444650140695219,1.0324718634075023,0.987277855183514
4867,2.7877421784583816,2.2356753929817903,2.3451469007520904
4868,-1.334788881759544,-1.2133824812260718,-1.4644614311187167
4869,-0.5780112135205622,-0.9355904135627524,-1.2278283349255137
4870,-2.3971040394947853,-0.2056212919607241,0.3133709931210623
4871,1.007648335867844,-0.7272008835087967,-0.6377749359008926
4872,-1.2589071444090605,0.2422879801431528,-0.5041755137698234
4873,0.8374001868845579,-0.1070811476289004,0.2430061097303331
4874,2.248407532467624,0.4016449962323654,-0.4814448571320532
4875,-0.148734034938781,1.769879853218014,-2.7686089355946963
4876,-0.5846306770312595,0.6307434699176718,-0.6403121716745714
4877,0.6108357040732849,1.1790333140876434,1.833925413559084
4878,0.533052063856038,0.9001490952220302,1.1560665503143726
4879,0.9314389849583866,-0.1519782720207562,0.6161216174607074
4880,2.1602188377805973,0.9640767150681304,2.919522797563192
4881,0.0605874778127256,-1.9482710066901827,-0.1834540846270279
4882,0.4761064217983173,1.689339256057141,-0.8996474075892511
4883,-1.3971937970632011,1.2492688067512647,-1.5506465438879755
4884,-0.7065227184088274,-0.9888126292822232,-0.9036032774363656
4885,-0.4191089691193388,-0.7951948221110662,-0.7339651648186576
4886,-0.663281937136061,-0.5616139164088951,-0.4727291541158688
4887,0.0490913946016382,-0.3750811142337965,0.6502038830547174
4888,2.0390363242917484,1.7440024529547036,2.176145666862131
4889,0.0165803510716671,-0.612499474968314,0.0503379852669409
4890,0.1602252510769578,-0.3783659854456674,-0.9600448962443764
4891,-1.648990667919005,-2.4096751361475817,-2.103811588302182
4892,-0.2695912343081201,0.2199086187423557,0.2005815328918412
4893,-0.9156470761989252,-1.404609678221138,1.0976357127009626
4894,-2.384677299788099,-0.4622710255249483,-0.7607876003346399
4895,-0.904749008378786,0.3173691268508504,-0.7151619944679247
4896,-0.7163852791874701,1.0548906784266612,1.454580218935684
4897,-1.6700304733909617,-2.3528416902985145,-2.8075311713891336
4898,2.079704768174194,1.3240085908851502,1.795624507836198
4899,0.3307631722897041,0.4969567479758933,0.2631675872943787
4900,1.3117674631898917,0.315279382997038,0.5852299606942681
4901,-0.3761148481184915,0.3132333480430612,0.4327998130772537
4902,2.5736966607340546,2.110154847865946,1.9665591048830269
4903,2.918968989645577,2.5229569072644566,3.222709960237644
4904,-0.0201761745696326,-0.3753951950216285,0.1149177129992309
4905,1.6016596424981198,1.303657022246462,2.9880070507054124
4906,0.3283546175369172,0.8354977892537883,1.4471505999149128
4907,-0.9349399515328176,0.0312907373932083,0.1465266705538651
4908,-1.8245034347479607,-1.3001341065904028,-1.2975099021419303
4909,0.969851390973626,-0.4064438059049695,1.0836398325688978
4910,-0.680969540674859,0.6749901712170482,-0.4846415051898506
4911,-2.9211843456330526,-2.693056267170459,0.4895384273629543
4912,-1.4936282853055676,0.9893767101634934,1.4051310292112236
4913,0.7809412632535762,-0.7757977868925116,0.427158120473712
4914,0.9067245356344078,-0.7507218318113544,0.38238960182923
4915,1.770977830034007,0.9904690936365864,1.233045844281582
4916,0.8958458981978115,0.0581161926468394,-0.2323936418113626
4917,-0.8036452786728747,-0.283566984042956,-1.107010561033091
4918,-0.4916969776131762,-0.7289581459521796,0.7047897255460904
4919,2.2415528147438417,2.083056484295968,2.3572598195188754
4920,0.8454024028920987,1.4780455026540849,-0.0832757525470894
4921,-0.758719818896862,1.8214549277144745,0.1857314039998281
4922,-1.2429157136335467,-1.242437142899316,-1.368927249142578
4923,-1.074531301156142,-0.8504626075637088,-0.0600496792270286
4924,-1.5861339829609438,-0.2529070385124337,-0.8729462543907676
4925,0.5907499386526753,1.982939218150888,1.0730481611820744
4926,1.3855116192346284,0.3439704990037042,1.3614338835518118
4927,-1.1234991682006683,-1.1593249570212534,-1.3719410064325102
4928,1.5044991452022445,0.5087193109105813,0.0335742516878514
4929,0.4175161212884218,-0.88106692796456,-0.2422106835491363
4930,1.63509915750645,-0.7161565462209232,-0.4817728795678248
4931,2.3860771797362315,2.643700646635928,2.8242776552656856
4932,-0.3809176493360654,-1.5390842224979164,-2.146394108059929
4933,-0.5805563009891103,2.1775747199746447,2.159778094987709
4934,-0.9680502528635078,-1.0161310511252697,-1.022538174210774
4935,1.8766413242967328,0.8512174509234518,0.6710784307240727
4936,2.048710942096296,2.117928282473742,2.363650038383342
4937,0.5101672146350811,-2.253487263119163,-1.5066756738466305
4938,2.5442528326087666,1.831072559825712,2.5699801779257645
4939,0.5828230615113339,1.045292595367704,1.216695690059797
4940,-2.9214954686663948,-2.698715188653749,-2.331060180565486
4941,0.8695237488511929,0.4909040652752386,2.332151331970745
4942,0.3247806348153285,-2.026174563523473,-1.5366532635897856
4943,-1.769022963547633,-1.7019208704592248,-2.1859507740390063
4944,-0.1460002984065049,0.3042598362216303,-2.824264568252518
4945,-2.077367695466078,-2.0052563740767706,-1.6890508796715746
4946,1.2974385861739872,1.4025357367901403,2.01481934549467
4947,-1.396305763094222,-0.5152604672754628,-1.0322341714184775
4948,1.048882036752421,2.5139699023540265,1.5010768728384174
4949,-2.7310694395930124,0.5818668425472051,0.3703396288535178
4950,0.6140305583677427,0.5648218849384152,1.3071477387803272
4951,0.3800753462425044,-1.58767747077073,-1.371376555744231
4952,-0.657411064579037,-1.2374274265727303,-2.2286047113238587
4953,-0.3397459155166804,-2.4938683530451,-1.8014573549826485
4954,-1.38013592827439,-1.4522935050277554,-0.9187558002640376
4955,0.3542318869374553,-0.7576062328978154,1.651134397902064
4956,-0.4182204437666031,-1.070549732876586,-0.5510283278086421
4957,0.4060517506928874,-0.0804140956101741,1.813571053025638
4958,-1.123928019197202,0.5927781888882417,-0.3916949295993063
4959,-0.5855978258530339,-1.2329266265733647,-0.962696378138296
4960,-1.3139804989970572,-0.5911202701277463,0.7445175378606185
4961,2.59301045923784,2.1845082762867696,2.272280497659371
4962,-0.3822096831059179,-0.8557873809668611,-0.7463671197860187
4963,-0.3915875440433196,-2.50148060308659,-1.6563157242917044
4964,-2.199514750547514,0.308722022861114,-1.5896447915515426
4965,1.9959407721603024,2.957609364810116,2.441595273738254
4966,-1.7437054490781831,-0.5036875753523407,-2.590131809171654
4967,-1.9472078787879776,-2.409651630110998,-2.4911540068622533
4968,-1.4126175038660325,-2.852098536446147,-1.5320831099989
4969,0.7427562784370423,1.8344471349865368,1.541521759936935
4970,0.6355399801318159,-1.484401762904826,-0.3346156889424638
4971,-0.3608129431020074,0.5638463119454008,2.6044398136082543
4972,1.2432641407269305,2.4388870987561457,-1.225463680490094
4973,0.4389051103318702,1.4967440556164544,1.390226726926728
4974,-1.310643986308618,0.4451077330453739,-2.7245540173389142
4975,-0.556660443366988,-1.9638293779271403,-3.244677993772903
4976,-1.4120944475962225,-0.9543041318757935,-1.698560529409512
4977,-1.6988917192801596,-3.098263828918424,-2.8312013178544206
4978,-1.1643769227659042,-2.594295443504289,-2.3821447454161286
4979,-0.7208706896233621,-2.488733339632145,-2.306289650881734
4980,-1.89258830480664,-0.3882931595164132,0.3297064619178367
4981,0.6904955044390562,-0.1387511872897416,-0.0065065252231087
4982,-2.546231895320018,-2.0329836273075483,-1.182079013860053
4983,-1.995673967735189,-2.1090339671826337,-1.224508004337444
4984,0.6920970692507227,0.9277438960281364,-0.2274349436622632
4985,1.5083096607618565,2.3669318588496253,1.7793049126524023
4986,-0.9685787277595548,1.236758528000637,1.4244383144763466
4987,-0.621124547832608,0.482951296859188,1.408861993283106
4988,2.2675882398591782,2.4109848060683454,2.557584877848792
4989,-1.397891034046023,-0.0818715540560592,2.062973078427985
4990,-1.1086212759360388,-1.180182143319619,-0.8219754547014636
4991,-1.510880722848431,-0.2670826029387643,1.0607157723156289
4992,-0.1172568451243502,1.7454296791427812,0.9201820562816306
4993,1.6379756363318518,0.8010039887285396,1.9653802698047107
4994,1.974515890293632,0.8978561264084729,1.8598840451124945
4995,-0.1275877618703979,-0.9476797889526892,-0.3299496717992406
4996,1.479222251593109,0.5007828906466704,0.9264318288805105
4997,-1.2771782144855413,-1.857894411256601,-1.355275220177596
4998,-1.7598177734582423,-0.1116623271574611,1.0489553446753994
4999,-1.3866614445588883,0.9676712164701634,1.8598776071077063
5000,-3.905752248864944,-2.264936568218549,-1.505637803049491
5001,-0.3371759946491202,0.2079917008530977,1.0875916676225987
5002,1.172327621861614,0.7033574160111346,0.8974453493090846
5003,0.4430363640387406,1.051532571315967,0.3805509100174605
5004,-0.6351097722864376,2.6950414544978254,-0.5004067659240053
5005,-1.087592684357052,-0.4825847998589517,-1.6890070653895826
5006,-1.9227069706805844,-1.974561553480172,0.1115327088529616
5007,2.1203283496938603,-1.39048040233937,1.5068708168332123
5008,0.6581373598226146,1.3629193151641348,0.6915395108221325
5009,1.983332421958452,2.3669318588496253,3.130970878258241
5010,1.8875170469980704,1.2293496122268726,2.1882676443972926
5011,1.010302489521126,1.7092186835026066,0.9858596939657992
5012,-0.5699115639285022,0.5698820659737062,0.7754368127749842
5013,1.01445807925596,-0.0814076332016948,-2.120706810405193
5014,-1.5615311613286964,-2.098347354683208,-1.5609503767431117
5015,0.8475490396980677,0.3343886412278976,2.493726482654313
5016,0.3231263132950445,0.5734308002133864,1.6753838085985828
5017,0.5069346012992424,1.26425890252472,-1.0094424198270011
5018,-0.5000505339952738,-3.1618110274292377,-2.299247055060875
5019,-0.6186922902601615,-0.5357063552048432,-1.0280818179705713
5020,-1.2353738923142146,-1.5893363427248934,-1.500993384311654
5021,-1.5237114411817445,-3.1081264310424745,-2.942515187907726
5022,-2.165121199898453,-1.7346990540528804,-1.3119130686959477
5023,-0.2555205870289594,-1.7254973723213072,-0.5263696749796007
5024,0.4417252734729122,0.8341277286352468,1.869380178951287
5025,1.9489049167396089,1.241976154508456,-1.7240136672945334
5026,1.4759129353633806,0.2280377161616292,1.1081674325824382
5027,-1.4754920816042472,-0.5042106171332298,1.358439242504372
5028,-0.4125369591558981,-0.4828876549968698,0.3323674383102609
5029,0.5796508049053215,1.8211582707011176,-0.5261477695267187
5030,1.4697328602167676,1.7668194921924691,2.5715669465931024
5031,2.5423241804190235,0.2203581554585686,1.9811569042031385
5032,0.2906149682321938,-0.3761131635744589,0.3348015325862744
5033,-1.8396100404915927,0.1025757520478264,-1.0865851195665372
5034,-0.7406640970922129,0.4864643143089048,-0.4618759674340523
5035,-0.4993900604925483,-1.721453294787316,-0.3477082135846586
5036,2.024033495526857,1.8325111881633056,2.4774551949240013
5037,-1.8199800007363616,-2.509475533837,-1.667606738166216
5038,-2.08051792620118,-1.1595233835025371,-1.6849110802160294
5039,-0.9130150988978952,0.4012391650875379,-1.17914913702995
5040,-1.4784707231580594,0.7689751142287883,-1.905643262423374
5041,-0.338828775934161,1.6286461050878214,1.7793833062467497
5042,-1.4406607868159833,-2.261768223389906,0.27084305239729
5043,0.6837708787193735,0.3309672790477801,-0.1240141283656533
5044,-1.1856339908918885,-1.867691267050668,-2.195976407853733
5045,-1.3873572180639606,-0.0690895297925351,-0.4163063128942089
5046,-1.066063360257194,-0.433632752731924,-0.8178045249060093
5047,1.2333725810359029,-0.4177576845727875,-0.1787641845926963
5048,-0.7417665935544175,0.0710684803909897,0.5637574050590455
5049,-0.805511380533557,0.5647457882403465,1.7075633974700897
5050,0.4674431472270223,0.917941418321408,1.0930696027483138
5051,0.9222754130813762,1.91817633890556,0.6200249731403427
5052,-2.19518814194226,1.1341655248274456,1.15938942195324
5053,1.3204576616669246,1.373817162483702,2.126330355787599
5054,-1.9202608262033147,-1.796431229186208,-1.9967433851650829
5055,2.2853600471970226,2.0599619489717926,2.384805190461611
5056,0.6296767377410069,1.09494258339528,0.1757862182540623
5057,0.3673857008881303,-0.279518291543021,-1.849153981365513
5058,1.9028428632324208,1.960632179629669,1.3518869726363358
5059,-2.2521369883156024,-1.0428626140632635,1.4216965691100911
5060,-0.3074255300821806,-1.3224633478674754,0.1182792226649835
5061,0.8347839185735371,-0.358695328853256,-1.050811890492707
5062,-0.4726233825509129,-1.6593839557315626,-1.7063516024324643
5063,-0.1459107029822476,-0.7354942977395263,-1.1978553352165346
5064,2.370402067099968,2.1205959687013,1.5466852528659776
5065,-0.8729055799056482,-2.424114564549617,-0.4920312515942366
5066,0.5089561589195937,0.5853389828461131,0.9129130436087252
5067,1.9840822859115983,2.4722641989717444,1.3880948406670297
5068,2.076766943083168,1.4586691066759518,2.1146655752005143
5069,-2.200348940382425,1.6678147531112306,-0.3771516261262046
5070,0.5648247105689495,-0.9726174407272414,0.0954400263403932
5071,-0.1662992704897246,-1.5177311755247789,1.2620847292807214
5072,1.5310066204678408,2.191253630082396,0.5639561485734919
5073,0.9309960148975224,1.064343816643102,1.0159428212251955
5074,2.4776502904133464,2.559422466626475,2.397992823518537
5075,0.8415667262133043,2.295118237065473,-1.601283660191961
5076,-0.1858159811525706,-1.3936567691669,-2.5400067151953527
5077,2.457187073124174,2.1668392797678537,2.479110514597596
5078,1.486609085190503,-0.3427198191524861,-0.2275120095300092
5079,-1.962926613337692,0.1021469964325168,-2.134051603206927
5080,-2.397719712143323,-2.201760030042738,-1.787423581969852
5081,0.8955274520117584,1.0147697536646236,0.4254569930811747
5082,-0.0050976573442965,-1.838531173410968,-1.887420506241656
5083,1.431119210447559,0.0998301087361039,-0.0693536698749769
5084,-2.74660948347418,-3.3649926691394545,-3.0985595652801896
5085,-3.651243320078384,-2.7992226224676027,-3.484658802705122
5086,-0.2695009512082147,-0.7507846552654835,-1.3014350602522615
5087,0.7448622090876011,0.9891068257552996,1.667376461573962
5088,0.8974139575714497,0.9135486279787915,1.3249759718103595
5089,-0.6187129004967675,0.6442460297017281,2.461215303292739
5090,-0.4973598583679905,-1.71383107280964,-0.6637367991359067
5091,0.1661951742308651,0.1300376384292805,-2.0416376191356456
5092,-1.5979862669264602,-0.0830920347042099,-1.593779425703028
5093,-1.0555456170971822,-1.227115715609107,-1.272483449674684
5094,-1.5700876090545692,0.8386027688843531,-0.9063533610414456
5095,-1.2689560842004797,-0.226215661713401,-0.4036988289752137
5096,-0.8252988165498172,-1.3361212250651344,-2.557794666426918
5097,-1.476847439044693,-0.566119124488632,-0.6301799051282861
5098,1.2428531232659714,1.3941524261390696,2.3064822987462312
5099,-1.128707019468398,0.8854535721888348,1.3975772764531502
5100,0.3387459753059526,-0.7446414629917928,-1.3852650957966932
5101,1.2748414947721356,1.9407604722511305,1.0789767395760166
5102,-1.9281301246957567,-1.5844862288168813,1.058407870583327
5103,-1.7720652053816666,-2.78552084373322,-2.38461900083906
5104,2.6156368848070675,2.5749332834811005,3.343465769209853
5105,-1.996684746545364,-0.9485654860217554,-2.327603417292839
5106,-2.2575566963766,0.0558475104991132,-0.4037228783509893
5107,0.7842177441569731,0.9165059717668412,1.2381998737159534
5108,1.114959955277447,0.8890384040514481,-0.3662791309273456
5109,0.7133567513034549,0.5892849451034505,-1.6229832222450442
5110,-1.791565116846202,-2.6047261498376115,-1.978745802818228
5111,1.8385853049887344,1.6746640302375335,0.503196982838148
5112,1.6035003645727628,-0.3565496747234106,2.178687605684536
5113,1.805564350915198,0.9382832900577784,-1.6007288755250262
5114,-1.069981464856277,-2.1052309524730024,-0.8508234009473843
5115,0.2563844587119221,0.062386542011082,0.1477241786794116
5116,-1.4352303977381495,-1.5667388855732436,-0.6407105137745768
5117,-2.448603308089136,-3.2099445600145606,-2.2417858795834427
5118,-0.233434352291414,-0.7380584885308695,-0.4397080123754903
5119,0.6142717250949706,0.989718366997698,1.0625209659061912
5120,1.3130564490238212,0.6515453038583956,0.1486520877586243
5121,-1.601525264661393,-2.017870809567917,-0.717020482579328
5122,0.8567024913628087,1.2585210518412095,2.1263847532925446
5123,1.924443358422936,0.7564266961136856,1.2790701889339855
5124,-0.2373866791171457,0.967279480562615,-0.4695951200638782
5125,1.8527143720948147,-0.1394780966072768,-0.0355919832527913
5126,0.0163133000361027,0.7578462065515539,0.102362410331645
5127,-0.728005475128841,-0.855319636246243,-1.384274579643555
5128,1.2289616385865838,2.907039915979168,2.2929374516444745
5129,-0.6758596498796695,-1.6633152506702658,-2.7103196066681527
5130,-1.2844660674075772,-1.9511379455399296,1.3473725193874513
5131,0.1539159770433904,-0.2756940379400652,0.4528723105559153
5132,-1.0156181076874051,0.5463149723169016,1.2504943453254134
5133,0.6163384128764551,-1.5671119756770098,0.1287493314691671
5134,2.4633813186835325,2.367309174717608,3.0562071254441805
5135,0.0523698843163626,0.6708790083855389,0.6070745577185764
5136,0.2369563179867586,0.7042005465365105,1.3556401726846536
5137,-0.0630307595683948,0.0250804037395027,-0.8938055621391237
5138,-2.298902663717456,-2.018141733342742,-3.478776944999793
5139,1.1774241012897575,-1.4237069660865294,-0.2303778577263617
5140,-0.75784275168798,-0.8564204115537506,-0.1505083704737796
5141,1.7570832760846269,0.8110317913513648,2.184109232098418
5142,-0.2740795406150329,1.8207634095710763,1.6858482197807183
5143,-0.0200459431010814,-0.4037601770381894,0.2624441479927815
5144,-0.7009254395828899,-1.626810416525008,-2.1624283345947872
5145,-1.069264877959385,2.516782002991785,2.7331402704672056
5146,-0.967815021533887,-0.9042815732153404,-0.5090474133186373
5147,1.6485142078667394,0.8141808390103087,0.7457594899231199
5148,0.8551588242594794,0.1297075670565403,0.2937225361617148
5149,-0.2356357586294907,-0.4096085539409372,-0.8908005158482432
5150,1.3219811530408896,1.8109400190766407,1.4048719770095888
5151,1.911746487288762,2.0170956870555385,0.8635998317691727
5152,-0.6233435185823573,-1.150338235203237,-2.021766450852116
5153,-0.7344703418729462,-0.6312056106155048,-0.8226756376856441
5154,-1.7552916103067395,-1.0232951054251325,0.0659376692135264
5155,-0.5812460146155294,-1.0902804243753914,-1.9545145749603448
5156,0.675058965781907,-1.3544870760226595,0.3738856327703345
5157,1.9877180236895031,1.7219700196148766,0.9025891079193936
5158,-1.2369985115055435,-0.7755495968719972,-1.5168324184743838
5159,1.6681460268878991,0.1462778859402717,0.9497215000818344
5160,2.231413862692151,0.2289565026122323,0.7627023039641897
5161,0.1362645355840092,0.5759182715463664,1.0100734356046253
5162,0.529075899470569,-0.6366541048922466,-1.7914140752467655
5163,0.6622422088306392,2.6083243108012795,2.718117821007688
5164,0.9213563449129394,-1.4717348194877804,-2.4706948491863447
5165,-1.3866094532518658,-0.4307551675140443,-0.6951538053728974
5166,-1.4247458982517265,1.1874781973767956,-1.7195414922077967
5167,-1.0173745668608138,-1.790044838344095,-0.7591119862298596
5168,1.2219107043960922,0.3147537231449965,-2.7610534531878246
5169,0.9777675665206844,0.8536653914851133,0.5925557916636531
5170,0.3980720499832954,-0.6473750755777432,-1.5827542057907933
5171,-1.1095145946162703,0.58995733463059,2.373201399338178
5172,1.3663195168750206,2.225241780872782,2.06870895526918
5173,-1.1123114491143116,-0.1223867147077466,0.4301964685809382
5174,1.1777221843444927,-1.3720540072746306,0.6631128470283381
5175,2.056022358049184,0.7296890952977171,1.8741146942546096
5176,2.3387016005223225,2.959931603468812,2.8101087698973792
5177,0.8428809274346385,0.8933796509614621,0.9454177008461612
5178,2.436030693876448,2.524301141517042,2.8787968295339863
5179,1.2618985388302633,1.6425560944383506,1.9702315340352403
5180,-0.7413653509470893,-0.7805599185295483,-0.3428614209475719
5181,1.4124884215706262,0.8891986511658175,-0.0541960843905071
5182,-0.1313060250890022,-0.5645573012253214,-1.8926584066803387
5183,1.4503690020107014,0.8580086650952745,1.996225764250755
5184,-2.2808863105080137,-0.3136998709232405,-0.5987017197599678
5185,-1.237295171689002,-1.7337277149068375,-0.3408110044255016
5186,1.7945531264040655,1.3936471158327288,1.5834633350519136
5187,0.5381802135489578,0.5577017441809435,0.1355169306555942
5188,-0.9844572607745048,-0.5602578765894228,0.0806170635386001
5189,-1.0485766806393804,0.4035365591639785,1.3516141127823629
5190,-0.7643698248683748,0.3173203615650096,-1.6584704446726382
5191,1.8380635192880304,1.1571670396891824,1.2260475894858611
5192,1.149965822445727,1.223860207296446,2.025231213732877
5193,3.380262324210912,2.829142649516555,3.6407612137379393
5194,2.447860958654355,3.086972135136131,3.069340860893432
5195,0.8432093161313615,2.0161973721773587,-0.8173987768007351
5196,0.1656784309983394,0.1265671214754404,1.4478546014531697
5197,-1.4365157405141826,-0.9203945910010396,-3.1666472942044672
5198,0.09158592502548,0.9479805124259204,3.3739000536566484
5199,-2.1428974097433144,-1.9828042420140035,-2.084157624147448
5200,0.6712577965695501,1.6488663613864334,1.2920744511420996
5201,0.7052451458833242,0.583100770504923,1.785078695589506
5202,0.9258754603604606,0.9189052564153634,0.4477193336699994
5203,-0.5952971751829697,-0.8628011811843329,0.4749522665904587
5204,-1.6063755601747731,-2.862307265772467,-3.232996764517044
5205,0.5269062738923626,-0.3608427563182358,0.945238906764292
5206,0.0789939180543621,-0.9848150411239892,-0.73926758617323
5207,2.119945936146523,1.6526994835587143,2.2150883060621496
5208,0.3678704878010286,-1.552724985208824,-1.7965863949920016
5209,-1.5603384142591503,-1.0592496885118703,-2.060102464684668
5210,-1.1895066890725303,-2.4994257291904187,-1.6884799266725996
5211,0.743164821592808,0.2306478727337666,1.260667340483781
5212,1.8951196000873325,-0.6544095493606357,-0.0939260568618474
5213,0.3388603204513163,0.8367243560245199,0.9342969637393524
5214,1.7626965830171064,2.780450803701572,2.040992686785407
5215,0.2771779079054874,-2.4980813851274486,-2.017329139360772
5216,-0.2887656476333067,-0.9484601852154028,-0.210544576322418
5217,-0.9430917481409506,-0.7571694337521848,-1.5815452706757809
5218,1.5687283327005643,1.6751059926099687,1.702533886871003
5219,-1.68796615274493,-0.8897294319748219,1.155824293789873
5220,-1.8774970028432605,-2.4974352350002684,-2.229704196354456
5221,-1.3050116990630078,-1.1455055129498208,-0.7962001092770331
5222,-1.2410112236163002,-1.809868873421059,-1.9187533947717448
5223,-0.7040746832505291,-0.9687992319765996,-1.6046197322946727
5224,-0.1275916809580415,-0.5695494119782398,-1.104075082667916
5225,1.3324458116392002,0.0890571925213961,-0.9459663945169066
5226,1.5254220821692492,2.32636254110472,2.119728605907428
5227,0.0441765726396203,-0.8398115314726852,-0.634863416880221
5228,-1.2738771654863457,-1.112988619853449,-1.865908303419151
5229,0.929828470829704,0.9884597241593842,0.0880801389704812
5230,3.3390691117081697,2.758148810663757,3.651422834359398
5231,-1.0539716452104475,-0.3700448807239835,-0.5132033932013769
5232,1.7584815234485052,0.4206876379715009,-0.0332387755321029
5233,-0.401488720134988,-0.20218943514285,-0.6718911172388857
5234,0.781754930455036,0.3992665675892548,0.8422145960599033
5235,1.30007515362949,0.4130183136129015,1.1669967198998898
5236,1.0970534132996668,0.9297015097243876,0.5318970059254121
5237,-1.4127119861082382,0.6084132096417632,1.7153594117251747
5238,3.017626085859584,2.4492564576531586,2.751302595384573
5239,-1.0168196005237025,-0.4232286416421393,-0.66192464492501
5240,-1.308715025932592,-1.5916485382169865,-1.2846430090333856
5241,0.8458279362486918,1.156148142142014,0.0291847942830169
5242,2.806750471421401,2.217301345686132,1.359766797227479
5243,1.4515133001001663,1.5184876937388996,1.7144531712053368
5244,1.2545624338771155,1.2435438007945527,-1.4657606110164885
5245,-2.480324560782949,1.879693352416614,1.5341311221599288
5246,-0.9910203143671412,-2.051013669998875,1.3178889235335056
5247,0.5849390642956975,-0.7687204010411993,-0.6932977191966411
5248,1.52365756094262,0.5809630776691594,1.2113618583396737
5249,3.215050029493148,2.7548740272186287,3.764990381844681
5250,-0.598906581588989,0.9251085736533078,1.3611701540453858
5251,2.4431186156093587,2.2965182619840734,3.0974639524543783
5252,-1.843296936086364,-1.653693290106899,-2.178014581590157
5253,-0.7607954932332496,0.8304080389364615,-0.2348331406283967
5254,-0.0304989296556389,-0.4235634341751139,-0.9854193179783406
5255,-1.2237406911407611,0.9939364355494816,-2.1121597387501683
5256,1.924269996137962,2.2645024288645925,1.480805545897922
5257,-1.6386623735036598,-2.001862024473518,-2.375501784118038
5258,-0.8098568995941438,-2.3099378367674284,-2.2634685546069706
5259,2.366776000834577,0.742576221744387,2.561240968786744
5260,-1.2896184320652713,-0.2654700028124166,-0.4172427646168394
5261,0.5900314776737923,-0.1611106631149936,-0.4410302714759906
5262,-0.6161724877257654,-0.5574318166433994,-2.54005125685884
5263,-0.5237467554512323,-0.636959869699783,-1.0002170316325625
5264,1.0482671118385245,0.2255203927746068,1.0434313727298417
5265,-1.1606583747294583,-0.2457955594842152,-1.6522815888054578
5266,-1.790404721101871,-2.31757601732806,-2.384608385128241
5267,2.3104172604111617,2.1558707705938502,2.766975714159457
5268,-0.78920312208214,-0.2361990713477008,-2.1207250385664724
5269,0.2643162930131897,0.5669339880016864,1.2182935250469904
5270,2.1667202504500813,1.6173815946292265,2.35257177900747
5271,-1.2582728844820237,-0.6408850813649349,-0.3471197510527077
5272,2.29290744888708,1.5631745206162542,1.2257211603895848
5273,-1.502172333510385,0.988517073835116,-1.0257036367017558
5274,-1.503607468571396,-1.3379557759478984,-1.0609679032541166
5275,-0.8878241163068632,-2.344937056328764,-1.496842766036793
5276,0.8219644967669097,-0.2637848327279847,-0.9440409284793894
5277,-0.6650453836745561,-0.9680152817514311,0.9186951418723576
5278,-0.9803760460711576,0.5073271875923415,-1.0088839083967642
5279,1.5143564823735736,1.339758214149945,2.452013823396287
5280,-1.3064883430147485,-2.413992584690265,-2.581882108139403
5281,0.6169511721122574,0.4077378247989937,0.4984741427323241
5282,2.361932034206609,2.161498864097159,2.106660758367866
5283,1.582674293882065,2.3645819505826253,2.055632635024628
5284,-0.2115492141007222,0.0163936260474525,0.8612722643271538
5285,-1.7628966763426694,-1.694598707332028,-1.5803086560005062
5286,2.334510759948377,2.955234455360035,2.9207101508599687
5287,1.340708048590093,0.8505774633638685,-0.694602406679436
5288,-0.3982376203689421,-0.1667725011091399,-0.6460766815919501
5289,-2.987024580764904,-0.3431568558352895,-1.3625264725228556
5290,-0.8238499027673916,0.3158972465688744,0.6920370267596246
5291,2.086947810032441,1.8560738091672613,2.661305858917951
5292,-2.2636796475264216,-1.5647775492264502,0.7619667290053591
5293,-2.004440839050781,-2.5674804131934383,-3.2742699048493265
5294,1.0611383177980915,0.5893090355442587,1.9082018452456653
5295,-1.001502081575071,-1.1270407395953743,-1.489433264849711
5296,-1.1445513826242055,-0.6343403674048209,-1.2853513268579866
5297,-2.1220082938040843,-2.7054732823706504,-2.687010645649261
5298,1.5452640553114891,0.739091708719441,1.1533320216364582
5299,-0.5670243133554191,-1.0795178685412965,-1.6448710042122614
5300,-1.0415692691920926,2.1891659015119145,1.9428272692995887
5301,-2.321173039562901,-1.292398673793835,-1.7792420816709258
5302,0.1688485468177001,0.7713904351022113,2.8902526076056936
5303,2.577817085332537,1.4376725502360932,1.470943798341544
5304,2.052563388918865,2.9577014796470653,0.8628772532552594
5305,0.4995038360677533,0.1461483937367902,-1.0917840167013235
5306,1.189561133138851,1.136465546528608,1.7032142174198188
5307,1.7467538136679062,1.2646684256812648,0.2944990435975054
5308,1.2413108798351855,2.3167290934031,1.376194406603425
5309,0.274596099585942,0.4471887274862752,1.4659158661158729
5310,1.6959692360433312,2.603280432998547,-0.7876028497506263
5311,1.7084658964074193,0.838880807612767,1.8091615214395824
5312,1.9830067497446,1.8667851141423208,1.4059339264944282
5313,0.8309116294471786,0.6673607650867015,1.116098811892372
5314,2.2745293749523627,1.742422725695223,2.053473965188091
5315,-3.1042638282624857,-2.558357421027949,-2.697756066764561
5316,0.1723016891158771,1.7813563833779034,0.2920498552334009
5317,-1.4320794942782995,-0.2928679077199435,0.4647193873934866
5318,0.2463393037561284,-1.375715471815337,-0.0488876673995448
5319,-0.3204903850782508,-0.4632498549086334,-1.8233820791313875
5320,-1.3515281635724798,-1.431090303013929,-0.8192553272724581
5321,0.708105243610941,1.72519667153594,2.369235649203904
5322,-1.2359845620982075,-1.0827556456787837,0.1604934256655814
5323,0.1280798229456466,-1.4908995710135242,-0.5598822524639089
5324,1.4044008188439534,-0.6913703184707645,-0.0718519191604645
5325,0.9136444917400162,-2.43049148475514,-2.6650471993378395
5326,-0.8087871388444198,0.0990152452043319,0.361160519964185
5327,1.836052716780268,1.9183482659117752,2.311280861790304
5328,2.260150087216328,1.5820841485561552,1.9945262959967407
5329,1.2053509653816792,0.5840560200665665,0.9844539494372436
5330,1.178608899703406,1.4226873600188965,-2.149550273293804
5331,-0.4870572610651278,-0.8432485670342915,-1.496842766036793
5332,0.2493305464703477,0.412149700651338,-2.256079702988015
5333,0.3929046707026971,-0.5065316671413425,0.3399712249047754
5334,-0.142264999084786,-1.7167915419178026,-1.7798308329156585
5335,-1.2345979213974472,-1.0275573061691834,-2.045850743640176
5336,-1.6294810754502278,-1.5932983356115746,-1.520526749353126
5337,0.1126763255840528,0.6670183836480632,0.6890696958877953
5338,-0.9714919759784156,0.309107276309129,0.0757028888729398
5339,0.8429337705652341,1.5129679529647593,-1.0482662804502756
5340,0.1120016287386431,-1.8585371806201545,-0.5161529313674971
5341,-1.1617951665109267,-3.0320928490504846,-2.578326459831053
5342,-0.6224517643973888,-1.1382235129771423,-0.0248775562283065
5343,-1.310862265671991,-0.9212085299125384,-1.058113841858762
5344,0.4487715573461983,0.3123174952393339,0.5319770723178415
5345,1.249861413664331,1.7550965801351988,1.6458978683952812
5346,-1.2057808157795036,-2.704330187707612,-1.022526715823929
5347,-2.281188052608373,-0.942774582254183,-1.143836727361124
5348,-0.3462150980089563,-1.3637820311708198,-0.2154193010120036
5349,1.5096186574966628,0.4051391256795725,1.8592839323366104
5350,-1.209736130811344,-1.1255406444505858,-1.5417554227399333
5351,0.6883224195720299,-0.1309601033164869,0.5269044046156579
5352,-0.4725915656715224,-0.8926809904679361,-0.5757061139469913
5353,2.9493881088514744,1.379999749861537,-1.1712992852196085
5354,2.3722089382235696,0.7893205841465498,2.543897625931878
5355,-1.5578557056253617,-1.2963666984277145,-0.3529202222445221
5356,1.015866631082195,0.4985506698832467,0.7052137564746389
5357,-0.1794608923704045,0.2255170162168655,-0.1403668770125976
5358,-1.677504094540361,0.5603799142893712,0.9024385452179404
5359,-1.5072594999535545,-1.5406713339687357,-1.6419146685179018
5360,1.5188679635225375,1.3125392106351232,1.584481766318297
5361,-1.3733679194531558,2.1040488120104905,0.2520960312156298
5362,-1.8323438392852829,0.3121753375003406,-0.0613832808575973
5363,-0.3008755883333731,-0.2159614692459232,-0.9934502130849204
5364,0.1533798971155922,1.1220564634647252,1.950675042021181
5365,-0.7959117814200887,0.0545845924653408,-1.0702109877085912
5366,2.593797282058098,2.357717050500287,0.7359613630628563
5367,1.305532908225386,-0.2595107042935083,0.0258686905308233
5368,0.1693486777892692,1.159048632299562,0.7327531686760586
5369,0.0582612379504106,-1.0350158135107002,0.000832121723972
5370,-1.6792134860624914,-1.642565287117358,-1.834690865726876
5371,2.391028411518088,2.959959237919897,3.148735449457488
5372,1.3382345905390771,1.3903996177461286,1.6243194768325588
5373,1.1525530845305016,-0.7725084349125858,-0.14707699970253
5374,-0.679047338964623,-2.1906208228126203,-1.910465950829289
5375,1.2651853326250349,-0.1016509101016419,0.4425142605735615
5376,-0.057583807616118,0.305875299413621,1.494919109933063
5377,0.4254083569314724,-1.0642383024474302,0.948887787339051
5378,-2.081555125345888,-2.349973829120698,-2.624059026161103
5379,-0.211708716369045,-0.5304610057202692,0.0582558637079926
5380,0.4037609378597568,-0.926478458847638,-0.9069802386911364
5381,-1.1277821940465331,-1.493856428035229,-0.6256196228183176
5382,-1.2507874750774632,-0.2389219633297603,0.3615910391210506
5383,0.4479999839696952,0.3126405854830963,-0.2958411706334293
5384,-0.3456682754757937,-1.708863174485599,-2.530426289063129
5385,-1.316566618669594,-2.587370548681351,-1.596094130685943
5386,-1.225656181863586,-1.552221561178044,-1.4768725257320665
5387,1.6834826232290938,2.404819462662488,-1.7207998942720348
5388,-1.1277839403692846,-2.1847862609032456,-1.9131668167554048
5389,1.5887995834407236,-2.056108822431418,-0.4959572601106684
5390,-0.2253623130736074,0.5962179921533965,0.5882536007479698
5391,1.1840945055855618,2.22078290650778,2.569270276650716
5392,-3.053503513407178,0.5751072180643095,-1.3570362658984876
5393,0.9997628093840544,1.0200276804705708,-2.1981312553586165
5394,0.9855287430991904,0.2257502584362267,-1.145881367402422
5395,2.51396158162662,2.4376969873480494,3.161382654111122
5396,2.1661269661200286,-0.286360348908648,0.236529863974162
5397,1.1874553925309803,1.576625618792008,1.984874388990104
5398,0.1239430335982889,-0.7904436886353424,-1.1022953190104892
5399,0.2031060637957436,0.0138423646269411,-0.548808732438288
5400,1.64914326636109,1.1273876698389005,0.8408990707799059
5401,2.026350702813513,1.4645173474574793,1.3291511623892165
5402,-1.4685040313084106,-1.9155585631949683,-2.8574919328455723
5403,3.1685456504339977,2.6018571401182897,3.278364908524038
5404,0.8576820824307703,1.0621457776912793,1.6601395772673333
5405,-1.5741170956542756,0.9144012021390322,1.4471382252944225
5406,-0.4303696954967795,-0.2468532051892761,0.9241368309003096
5407,-2.169039649548973,0.0944391831575488,-1.77232368309141
5408,2.274401978103544,1.870037256954773,2.183329259665129
5409,-0.6334436824718643,1.000991942125072,0.7180541349937041
5410,0.9009717722246722,-0.3485802896866352,0.2658255010436476
5411,-1.6756255673928424,1.6154402021314525,1.1519876161350078
5412,-1.5458599320716038,-2.726722726703191,-2.23768214199711
5413,-1.516420776539652,0.9792897729073012,1.4030154673503823
5414,0.2886136975989261,-0.5577414587775767,-0.7662091209618311
5415,-1.076371269149218,-1.8807253143772087,-2.148521736087353
5416,-1.1510190937334208,-0.1443546890284282,-0.3090169344269852
5417,0.713712005071611,1.7425693451330768,2.12753917442414
5418,1.58035984310024,-0.4237851677854463,-0.2439193502123547
5419,-0.2876838893222649,-1.361747003942926,-0.8531874280248668
5420,-0.5207425654094642,-1.151751394444284,-1.789147391884025
5421,-2.3429460528361683,-2.6032944893552967,-2.6095268556711693
5422,0.8305001252446096,0.1299158226153826,0.3502161755523436
5423,-0.1038012052199441,-1.326927741605709,-1.0531547738023628
5424,1.7263173750557448,2.0281749713116763,1.3564815803554549
5425,0.1935883132614423,-1.396946895726119,-0.8958442792410396
5426,-0.9980910714571818,0.5828729918203122,-2.7260665072846946
5427,-0.8661863637057179,-0.7614697824137924,-3.029772462406445
5428,-0.3147175467416994,-0.3707376746831151,-0.3840530640890964
5429,-0.1379640986390196,-1.524539555209278,-1.3713775673046045
5430,1.1838624741296433,-0.4634803667880712,-0.5471633521860944
5431,-2.0807664665912724,-0.0942664429877818,-1.1597603032581136
5432,1.4729786785751573,1.568608834904794,1.993183955381425
5433,-1.2039201712871035,0.4906838747502236,-3.0651868691303847
5434,2.19525367163441,2.0443004170111383,0.6025327901769391
5435,1.586605093616311,0.7616836069140858,-0.6186806608839455
5436,-1.9512270184336848,-2.5136850623995675,-2.8409826910044123
5437,0.2569515368076641,0.6824185504265714,-0.2400624953003086
5438,-0.1027916253632196,-0.3549647195990176,0.6228319224019606
5439,-0.3317069893725483,0.9436562529852444,2.9531274906625007
5440,-1.8555025146759747,-2.549367827784,-2.23133423186722
5441,1.5442803593929308,1.5535064755391177,-0.3262882819359685
5442,2.1782080573017546,0.966464376488665,2.2938248685117446
5443,-1.1148257652442166,1.2683985623155636,-0.1811711972597062
5444,0.347255102864825,-1.7336125713606505,-1.47770786172793
5445,1.795497642822348,2.191264652350839,2.8468264916950443
5446,0.665084646172525,-0.1051779635892654,0.6555178619334369
5447,1.1572105369486896,2.331939305759728,3.327403764020844
5448,-0.4475322863182286,-1.4935405495026262,-0.5776199094568251
5449,1.6631361027789566,2.5228108009742125,0.3256892272769189
5450,0.970158034156329,2.600365825080696,1.1243414758680994
5451,1.174871672966282,2.24867933329189,1.683588603534763
5452,0.4059957751096474,1.689486606558169,-0.1605420738170546
5453,2.279968806214507,-2.1614903585429945,-0.6416708803488249
5454,1.965341112794104,2.1350463912813304,0.2719857346234771
5455,-0.6335333527086161,0.2302642971050316,0.313029101681642
5456,-1.2041335085761973,-0.3949533407924112,-0.9900212873201736
5457,0.1331513291309397,-0.0602097024033169,-0.9807903234314512
5458,-1.7060819771658868,-3.258662529185464,-2.0904284332780483
5459,-1.9099359720907616,0.4262728540784407,0.8350335281039679
5460,-1.835967319812903,-1.77970831731874,1.2218555147056769
5461,2.2708271132207787,1.5033294056425115,2.1557047665958287
5462,2.584691131587374,2.316786754619913,2.7229249051765523
5463,-1.2258207900031837,-1.505360390210826,-0.1720696425859269
5464,-0.1333269015940303,0.9153863535322556,-1.091418997250961
5465,0.2116722465439925,-0.5330395535992634,-0.7250901850447129
5466,-1.127751319728017,-1.95616330239984,-1.430821206618223
5467,0.2540905837410667,1.0603251994502172,0.3349495639838943
5468,1.2353150049861592,0.2594632159998717,1.7343176531598146
5469,-0.2950670906338537,0.1250257228665333,1.641967120494911
5470,2.447958822604216,2.787228329974079,2.938195953367752
5471,-0.59504203029911,-1.5690713474536315,-1.627544851093882
5472,-0.2375388054424993,-0.6783331767380595,-0.1789078301174508
5473,0.7638916231513444,1.1868491035411677,1.830513038005279
5474,1.1430148120249373,2.3271531141136017,2.3692282244316094
5475,2.2078075707500275,1.7020613511258094,1.7480558442916867
5476,-0.4827334710663606,-1.0119021165837956,-1.600362016296324
5477,-1.47559974124716,0.6123646263385287,-1.9909151207579263
5478,-3.200318171105152,-2.895199204767427,-3.066726278021963
5479,-1.0491558483985566,0.658548104417835,0.2955666124194207
5480,-0.8228532170996894,-2.2691124139346712,-2.4378350890052185
5481,0.5933824004031685,0.7541028921544849,1.014035685963906
5482,-0.2347457736614311,-0.1866349958081363,0.3762556647350304
5483,-1.0316395734223498,-0.2703408110080333,-0.7016037531312993
5484,0.0298530713259514,-0.2623650311379535,1.2675703728931065
5485,2.111041098509803,2.5507469974764465,2.010465755654458
5486,0.8218043289661434,-0.5161761092589282,0.9293067625860092
5487,1.803416680219504,2.261132646928417,1.6247037573788006
5488,0.8487395873446569,2.043468463991971,-0.5490108484434462
5489,1.1452012933565237,1.2494877887394735,-1.450691431073185
5490,1.4429665302887005,1.980612523640253,1.0088459763737865
5491,1.176245322574036,1.3876753103687371,-1.0410973860250583
5492,-1.5752456817966043,-0.9842969164297936,0.0871152537181792
5493,-0.2072362289613267,-0.8855639407550054,0.3194579320161704
5494,-0.7812430244652083,-2.32923488160598,0.8106188836491717
5495,-0.317749229013204,1.6758789944446726,-0.230025825553861
5496,1.5173483320118375,0.7270298108125398,0.6224879151647836
5497,-0.2419299679183514,-0.0687021347255228,-1.0611069226948806
5498,-2.3889362146043576,-3.374280362465825,-3.7687786454655727
5499,1.0074431297059618,-0.1921761213777344,-1.14282610017469
5500,-0.1785269128685697,0.015964668475345,0.5999390799989714
5501,-1.9184514526994936,2.106555426200108,2.0018783065926447
5502,0.5048066862851208,-0.8657457854721654,-1.279639625679832
5503,-3.2602807754818937,-2.870193301281704,-1.594153005655364
5504,0.3413716708814219,-1.2435847855922495,-1.4557914723812466
5505,-1.4654486830285032,-1.539865751123847,0.4962556294914478
5506,-0.4191458844033126,-0.3507336490346915,-1.2887763124442964
5507,0.1967730802533352,-1.116368645255002,-1.567529287006054
5508,0.668268865734198,-0.7873096688823528,-0.1925341027072548
5509,-1.091085986770444,-0.9971635433337775,0.2027212608396445
5510,-2.2443902029328666,-2.2743111596815213,-2.092989445370784
5511,0.1106632100526741,0.123958536027857,0.7664690284272208
5512,1.7303675267643133,0.7310310195185658,2.592384050465508
5513,-1.0779471955675408,-0.7877586782293075,-1.0617956968262343
5514,2.0846625773267826,1.7279839143666806,2.715818573856221
5515,0.0853833276702298,-0.3755362352570432,1.7000382994058572
5516,-0.851897114556633,-0.3710839841399178,0.3912473714646739
5517,1.650775543087498,1.5444243656111654,-0.5939307213792109
5518,-1.1122403558142584,-1.802009254947305,-2.132601830680795
5519,-1.755429515031037,0.7800441591028697,-1.913298864665624
5520,-1.6794947922586834,-1.955514674849001,-1.0014926049029182
5521,-0.5914251136656555,-1.4035386570774444,-0.2214993570657154
5522,-1.4258115365566817,-1.691475460529128,-2.5039044192477133
5523,2.2852321557899806,0.8936474821753924,1.307900509227753
5524,-1.9972311134697835,-0.081224423778177,-1.7663074803314514
5525,-0.4763202488331641,-1.1113486637699714,-0.8161729904195381
5526,1.1694431524592228,1.4913867922770847,-1.7396793308633165
5527,-0.3404608728406204,0.3790006939218402,-0.9766519858353624
5528,1.5051848332078877,1.1294892736671998,1.2368165973887697
5529,-2.190484542158309,-1.6936975503254668,-1.772858060201109
5530,-1.5574666277042797,-1.274617551697929,-0.4050452379444263
5531,-2.5988380392934656,0.0021638903406003,-0.1130329857350344
5532,2.3515380326809305,2.3669442589016247,2.8867687398023927
5533,0.8476850740079542,1.5317557503554695,2.603738893224229
5534,-2.5750424568681103,-3.320479791507437,-2.735843086404894
5535,1.747530900968827,1.3399511974116212,2.4810187794094056
5536,-2.1641251149669523,0.2173158769336501,1.4591888705734553
5537,0.3250641920835886,-1.3368591010934503,-1.701547659674126
5538,-1.957835298867025,0.1766312909109482,1.0927502344178166
5539,1.1739670503040944,-0.2074644381798731,0.1610399142625798
5540,0.6441041207343186,0.6991413657572801,0.1503160724282276
5541,2.035808152901013,-1.6094941969814354,-1.5182995492308171
5542,-0.6327771761110539,-2.4963827284248445,-0.5353838685360471
5543,1.2885967959159583,1.8280836324630927,1.4480563610795905
5544,0.4309831703849748,0.3290480420837841,-0.8954854717184997
5545,-1.524841869663803,-0.9906597634613338,-0.869361208759451
5546,-2.6826958113184345,-1.943828075568904,-1.2944326019544992
5547,-2.588570951805729,-2.9031180118764266,-2.599961693984624
5548,-1.1667429389182475,-0.4383074247160358,1.3793334914830313
5549,0.4986687192665938,-0.3334812802831916,-0.771104656700416
5550,-1.2669431857048974,-2.313940381439726,-1.4444715187776975
5551,-0.2677189781943015,1.0603309222416384,1.2337888371202106
5552,2.69694152301329,2.7322149696602382,2.4774232437678334
5553,-0.2487655399838813,0.4068216410058495,0.0291847942830169
5554,-0.5371411119638212,0.1050708891074737,0.0468180755040374
5555,-0.1714389424764013,-0.6357367133476748,-0.5883041444886554
5556,1.3681702744102764,1.5759496376039297,1.0325586031214495
5557,-0.0758162394809137,-1.809074343411008,-1.0195944785396858
5558,1.806319288045232,1.2567355409177925,2.271912352699773
5559,-2.30682006985273,-3.108833674615328,-2.0809140282548584
5560,-0.3180533504231921,-0.2023102834510532,1.751854283277735
5561,1.427068727308955,1.259342912482802,1.722865326287475
5562,-0.4858298381757666,0.1719818257916515,-0.1108955082717683
5563,2.536742938545526,2.320159676068269,2.827813393595466
5564,0.8368853557207486,-0.5911139297932938,1.38090421995151
5565,1.6833287735932565,-0.2164720135984453,-0.2367758321830379
5566,-2.71728935533058,-2.3488585502720443,-2.914606830564236
5567,-0.6176322554473427,1.803016772181301,2.0194463766671498
5568,2.286549657536738,2.957756984741125,2.979574405675344
5569,0.5179539966880247,1.1957941438809307,1.0097350928560425
5570,-1.0810552814525258,2.248743565951856,1.173682005498146
5571,1.3435190264581882,0.8096729374486629,2.111601062622445
5572,2.4311583121999485,-0.3096329646820014,-0.8384965258951702
5573,-0.41013818288445,-0.8614289125610382,-0.3127142224505994
5574,0.6323878024736729,0.8340336069805958,1.7666999092367377
5575,-0.6234291187977256,-1.545278903000713,-0.405703156568274
5576,0.7596824444422492,0.6894019447906848,1.6267626199251757
5577,-0.3865504718085908,0.3081413421741406,-0.8698958728828079
5578,0.8583886424666072,0.2344341021378352,0.6160821217969746
5579,-0.1399024053796917,0.3810781946972973,-0.4452676888176198
5580,-1.2040144098230792,-1.5658723261789127,0.4649029557828877
5581,0.3481663915498609,-1.2075351717681189,-0.527630196319447
5582,-0.1433188644041772,1.569429853567238,0.2924620475422196
5583,2.35927719812998,1.918354499556836,1.979476351464533
5584,0.1889419525893113,1.4494312205452458,1.0096022349372464
5585,0.4447294297128394,1.0119348751049544,0.7893341600433457
5586,-2.094881552233101,-1.011919043638906,-2.3211810558210613
5587,1.885661133714032,0.4505285732378947,-0.0076413261382369
5588,-0.3878260909023684,-0.4758208875815634,0.6758319515445028
5589,-1.3388559726399984,-2.4133974019121425,-3.5496244815811617
5590,0.2681412810829661,-1.5329518543718923,-0.7157530465845615
5591,-0.3690240206536702,0.7564329297587464,-0.6846945268221086
5592,-0.3403936103409654,-0.5274786861559013,-1.456059814278594
5593,-1.832582158116369,-0.730973821055332,1.2184702155209652
5594,0.5333714776742747,-0.2765974421165258,0.2889083126752115
5595,0.3822456690784497,-1.1682515182641635,-1.743882202054445
5596,-2.587430643102336,-2.852820825780415,-2.39256533917034
5597,1.8915184262875853,0.0468865381589196,-0.0710006088464158
5598,0.5157749030311949,-0.7349217750743662,0.722097557977439
5599,0.770464873586016,2.105959989181426,-0.5443533537755898
5600,-2.0674765209388504,-0.6266569424327645,-2.7794575096242897
5601,1.3699969251132569,0.5755398367434491,-1.5344120135752477
5602,2.540643583423658,1.965780590650404,1.7479320659871531
5603,2.103872621470526,1.3150145841599237,2.0550098510214907
5604,-0.4194778486299423,-1.1375942656071605,0.8034356392198434
5605,-1.714186073910556,0.0278067164338178,-3.577065179572841
5606,-0.9949858839247484,-0.3506561782678459,0.3524308809855756
5607,0.845435636350877,-0.6788081800773599,0.2743248618534388
5608,-0.9656402188979052,0.1068664005323707,1.4333867298268816
5609,0.1758626413091435,0.7711742016516645,1.979722464513349
5610,0.4450450530177312,0.3179021717506113,0.4010373590546201
5611,-0.6654097018269945,2.2488314777690075,2.3130655968472764
5612,0.84849633116562,-1.4258777350802778,-0.558067224941001
5613,-2.4728103988813848,-2.055666750736328,-2.37773986899316
5614,0.1198041100392454,0.6514736786678699,0.3970232376901829
5615,-1.9108578273519785,1.682461979012731,-0.5807409680042568
5616,3.2562570983605186,2.7935968527253032,3.455051170418177
5617,-1.496333419474411,-1.5006932438456682,-1.3548617357127617
5618,0.9214105376670246,0.1736609994999053,0.2671259379131885
5619,-0.9267249098061224,-0.3283603857208224,-1.636638786856326
5620,0.0387934731155303,0.914562063753206,-0.8604569865873256
5621,-0.5526178286751271,-0.9586911315396508,-1.444293761294704
5622,1.3206340864983788,0.3202149100538976,1.4463517150404015
5623,-1.3413358329353169,-1.0612114781675583,-1.950831313712143
5624,0.4389150939785138,0.2944047554596841,1.1620142852029895
5625,2.472798889251909,1.3473107695488722,1.5835720254685568
5626,2.1452252373898864,1.8697904169647728,1.66363549164125
5627,0.7931207894390475,1.1033348877936957,1.37066982732878
5628,0.5180142783805308,-0.5533837508953185,1.3620878711492796
5629,0.6124140924655428,0.5591504031093113,1.4428037536740002
5630,-1.7247480773381991,-0.1126647040221207,-0.5235243158428255
5631,-0.0703308354105503,-0.6669040855644194,-0.800969082066925
5632,-0.2897703848479961,-1.4266604135059515,-1.0029222181829944
5633,1.4848004561790364,1.08148962074988,-0.4322875708991423
5634,1.247131877658639,1.062489707737936,1.8332532078621804
5635,1.0751634614372316,0.8211726719722175,-0.473379513568499
5636,2.0641318603698195,0.980782464837711,1.0040778544036773
5637,-0.4606626764144123,0.3203809007129848,1.905630276334756
5638,1.7801350043642243,2.6374370204186377,1.648694084531822
5639,-3.1202307430999348,1.100570709021352,0.6473720512579783
5640,0.8600240071940006,0.7585498663733234,0.8541023783561194
5641,2.222720392769763,1.9427073409348832,1.7377976248485338
5642,0.5271246216064124,1.373090966355355,2.443765438619472
5643,1.898660068437464,1.8166756148512595,0.4477557076950879
5644,0.0912785576243431,0.7554210013771976,-0.0343006216034891
5645,1.227006602386536,-0.1745195193194821,1.1589689418164493
5646,0.1869680592510678,-0.2422360556686061,-1.0604124442135998
5647,2.2304990012574955,2.29610433643876,2.505061603150215
5648,-0.9251322481732096,-1.1675320200088644,-2.132051186371007
5649,-0.099103149145507,-0.978897171166608,-2.1202741871539046
5650,0.861197628264124,-0.0406680915746784,-0.6806267227696927
5651,2.338912090630745,1.7280467352510154,1.1484901879098497
5652,-0.1624805518334344,-1.69096845739751,-1.9412389687661693
5653,-1.7281201625099991,-0.4578399825761924,0.3683641845247907
5654,1.2316724584524747,-0.2420973915950571,-0.9006708763098821
5655,0.119610863450747,0.2344421992788886,0.7796144846526402
5656,1.1325644969721091,0.4083989158072214,0.9203218409656864
5657,-1.1897958685238292,0.834637849073135,0.7740118302783832
5658,0.2005084064634051,0.4075892718577276,1.392635137439728
5659,-0.1588756647029426,-0.8134212513981552,-1.2201187390315216
5660,0.9786341395914416,-0.1026997201874781,-0.1503641068168973
5661,1.9625966825590728,2.3404267304998223,2.729887431630382
5662,-0.0848109490582697,-0.5522115022484533,-0.8942323432524732
5663,0.6887973849595801,2.180503306538589,-0.6331387290997825
5664,-0.2150448007777427,2.5169700117359186,0.8945192349396146
5665,0.551860025095106,0.92469913943064,-0.7698551306400171
5666,0.9643625576075598,0.3139008825801053,0.0337096717753768
5667,1.016663819615799,1.112619122906238,1.2937044011977703
5668,-0.3960192713303969,-0.763339931983926,-0.2316550579462885
5669,0.102845471288545,1.765292751759028,-1.6537033931078733
5670,0.1216639406981749,0.396156047809548,0.0871540533095094
5671,1.8804841093525608,1.3399611224642844,-0.1306679867583049
5672,2.112895651947091,1.9142497310562887,0.8669415327685253
5673,-0.1152320698645367,-0.8143730279313794,0.5729168875466195
5674,-1.5175050692594887,-1.8634033213906485,-0.6671949258040594
5675,0.5472525036000959,0.7762882580860864,0.1603987160511429
5676,-0.2890709554100564,-1.258923755533874,0.2703143559800832
5677,1.9918820964542456,1.1482008987813253,0.6015885054866197
5678,-0.2231900964887087,-1.0175329408198643,0.0501780685523119
5679,-1.2092333673885165,-1.1827185146781247,-2.1759597758576783
5680,-0.8811260390628326,-0.5545019153006955,-0.5554809508263414
5681,-0.4264866590222959,-2.401786934416566,-2.006040562001257
5682,-1.8794346558126864,0.6480723633428404,0.5305407449515068
5683,-0.5042273349849593,-1.688572729727014,-0.6094992088213784
5684,2.9281045128395045,2.719869509891422,2.9883235987996137
5685,0.0164210583091155,-0.3849959708330925,-2.40971945058188
5686,1.2567117791976847,0.6529060643824411,1.2167342269650434
5687,0.1782344914271699,-0.4860257531431854,0.6669925437182325
5688,1.5522161369500331,0.0231661444253387,1.91421645504699
5689,2.470326417457023,2.1781379571043264,2.292614267805993
5690,-0.5498093828935616,-0.7367603740203292,1.1534711565817315
5691,-0.294266856132379,-0.9960654787445462,-2.2519631265556
5692,1.3753472969372678,2.4285787399257805,1.4880214257166502
5693,0.5046268806947032,0.8797434561134706,-0.0192098543810115
5694,-1.3024056411727272,-2.405518681469273,-1.4444698688282989
5695,2.580107182251868,2.16150509774222,2.3278743597528235
5696,-2.177172656746553,-2.9168493779644025,-2.7607011157169854
5697,2.531997615012933,2.210901799880658,2.150028721356481
5698,-0.3919782657868525,-2.8617096602342693,-3.484805235714262
5699,-1.3640268785776195,0.6498789110291882,-0.051702685799892
5700,0.0357840748744465,1.3930366590148326,0.1625761212690339
5701,0.4260494735630378,0.6853441817493025,0.5544310393073164
5702,-1.9997423312775195,-2.701509338707897,-2.8461838030775937
5703,-2.610804328337396,-2.4910823734699146,0.1465407340529433
5704,-2.1609534383512323,-0.3339997510048831,-1.8565742454045693
5705,0.3415293762262246,-0.5972442793103366,-1.2230578647621555
5706,1.3931290492114556,0.5103937115829464,0.3805764097685364
5707,-0.6107126890309861,-1.3612884156711909,-1.5357341413754724
5708,0.7674480900727092,-0.1541516125455434,0.4098650082040426
5709,-0.3035750003418786,1.1783875635977323,-1.2216639345678035
5710,-1.3182016149672942,-2.0383950366766275,-2.696563566043355
5711,1.5271802672643906,0.4478033665716906,2.524857614863718
5712,-3.1756342234458623,-1.4915251585959832,-0.5471082058725352
5713,1.2079429153825945,0.1245512102245109,0.4024530671996734
5714,2.2340706137300788,2.435736298948679,3.1022127253420657
5715,-1.1123820477235231,-2.0141118156446915,1.794316451860226
5716,-1.835967319812903,-2.61597077655244,-0.092116283326787
5717,0.2854229836469397,-2.318144076142404,0.7641222847729994
5718,0.6433952986318277,1.0614308786094409,-0.281081983770929
5719,0.5008792910070647,1.8255625156103936,0.3850690303751764
5720,3.051656877503065,-3.3635355960732127,1.2596816706293923
5721,0.7615342097719494,-1.2883528123831385,-1.3685826259932872
5722,0.7447136480848273,-1.035546948837116,0.7812588654721777
5723,0.8189657766887675,2.00835557759803,0.8697517511001385
5724,1.0568005839697932,-0.4935221884797094,2.261854518611921
5725,-1.3171741711016751,-0.3816489861110003,-0.221206189654804
5726,2.507192326109733,1.9987996890674444,2.5140414211659063
5727,-0.8814540771123698,-0.8222946248867775,0.3950571807291017
5728,2.3962812236600337,1.8702559540023247,2.086782686258524
5729,0.1449582299705835,0.4926292826885423,-3.314783106264093
5730,-0.6527600127582174,2.1000766826679635,0.8455053255665824
5731,0.3982305215292595,1.4067291201262584,1.0007452913488653
5732,-2.318063468950135,-1.171390254516528,-1.5696145617677135
5733,0.8478608079022134,1.1856731653679984,0.4718595716437108
5734,2.2133165422115035,1.754423400421966,1.94667933076128
5735,0.1860801954664431,1.9595208967890296,2.0642817074628
5736,-1.6873788538793255,-2.407872088120105,-1.7672552445302758
5737,1.3091518771467463,1.5593872718243889,-1.1744176726555846
5738,-1.7266258710503968,-1.0688609005997312,-2.468492298115048
5739,0.5310582895648917,-1.495654442172935,0.2344659358074948
5740,-1.3568918268021837,-1.963839605894787,-3.250592443636427
5741,2.056860108514564,1.6324264212144266,1.7129338285762603
5742,-0.9194026048852468,-1.6165667356942877,-1.819141717596024
5743,2.318909469680551,2.257785223367242,2.798569442110693
5744,-1.55676996048267,-1.0109009035459282,0.9181381890214376
5745,-0.1022406762545734,0.3149073807708941,0.3048218402653853
5746,-2.384070272044548,-1.791014957819849,-0.8115705741240526
5747,0.2530565807490176,0.5113362631545685,-0.2995935538380371
5748,-1.3003618299623378,-0.5677059276497702,0.6252393691908584
5749,-0.5918661681122931,0.6076553022964448,-1.768185739006893
5750,1.3202954805988534,0.8561042390483626,1.16599995763139
5751,-0.484911314514627,-0.3399711610539162,-0.669173907664167
5752,-1.8373069474556367,-1.5861001054259158,-2.451515439718142
5753,-1.757232467688774,-0.7472477830204761,-0.2563998481825614
5754,1.089813014145559,0.5055142358204701,1.7481829883818685
5755,-2.190218996662425,-1.2444104725561096,-2.3908818365713587
5756,-0.2497948247425533,0.3175050782208543,0.7617384762904851
5757,1.4129474411175384,2.248820275709204,1.409644981400714
5758,-0.0202435017889795,-2.7719221562643064,-1.9865499686848944
5759,0.0413860348848145,-0.2540439526142279,1.3175580055572171
5760,-0.9596817755818692,-1.7233803844146862,-1.121866758166953
5761,-0.3198323657184613,-0.8566171781694245,-2.123000525031035
5762,-2.143956053881766,-2.1251840009859224,-1.9757154298484585
5763,-1.2379112566084831,-1.620439315114003,-1.1420195616506066
5764,-0.4535858131081763,2.526518978627016,2.1094972907704657
5765,1.3683962935325724,0.568725857772252,1.443556433469649
5766,1.41185140674854,0.5128574838194964,0.3083030342967441
5767,-2.415783078841152,-1.2449801532204383,-1.9290263100724088
5768,0.7649803375150275,1.6473016274288763,1.1788284576648231
5769,-0.7834269313913835,-0.1813721725406026,-2.5214725857965257
5770,0.9963028767703532,0.5702175164213334,1.0712914968817553
5771,0.1002481785034155,0.173471701880692,0.28880213127269
5772,2.545712116419557,1.9008738003948733,2.1270191377610925
5773,1.6029706335044804,1.0285455275304844,0.6481326054359918
5774,1.696479193768453,2.268336241951476,2.491738846776636
5775,-0.0849818039894343,-0.0751207112565384,-1.1775725522019649
5776,2.5073108364485224,1.7669187432730271,2.4573355223253013
5777,2.012817976193674,2.34478612420645,2.7546968663051485
5778,2.46577097133882,2.4370346671103027,3.029023126346775
5779,1.012897230588532,0.9037196771106552,1.428854966827326
5780,-1.0049386397086688,-0.8909103729861052,-1.018107240596009
5781,0.1001820267121465,-0.9703034849977672,-1.5837317389687362
5782,1.8632131989144416,1.476602446480422,1.4521905027029582
5783,0.3882790642819658,-0.6622705058761591,-0.2969652855926148
5784,2.219172880065761,2.5230441585611523,0.7393355729808727
5785,1.5388302457041636,0.8806752331180024,-0.4679053707484034
5786,0.1502256616246312,1.131617786791331,1.664605784046097
5787,0.3316311598573631,0.4187239099097194,0.8257857832467372
5788,0.0361886261766801,-0.1065073007780387,1.7051225822617722
5789,-1.6692354067452753,-1.7794645293718458,-1.5469884475775917
5790,-1.1268601437358146,-0.1952906709653418,1.7747962109364444
5791,1.9652543848608293,0.6730523366326109,1.6584817906089309
5792,-0.7817473476479224,2.0745976961851698,2.265205237060716
5793,-1.9901618862318704,-0.7638772903743067,-2.4808028307742624
5794,-0.8054335442967917,1.432150937080579,-0.3538230541314509
5795,1.294030433718287,0.2452119566905143,0.8685066301508639
5796,1.285087204080514,1.048954386429087,1.7652538662003336
5797,-0.2200917178798861,0.089291761185034,-0.4780157496759669
5798,0.2366102937700587,0.7982281103739662,0.3986652846363585
5799,-2.2063266575832903,-2.697729017323355,-2.4290258310327526
5800,-0.1322633431304171,0.7875186848739413,0.3449228964136918
5801,0.008904143916913,-0.7050727096830925,0.1172421809882579
5802,0.1299604425517762,0.0324821971012128,1.0794091484391035
5803,-1.1675575446869502,-0.6076884695427188,0.8797362671235767
5804,-1.128436408551937,-0.7832106618197071,-0.9437020477175416
5805,-1.6842838149018875,0.1216762989852306,0.0325645235745957
5806,2.265190476547237,0.8365737349217354,1.3879506217311408
5807,2.508375498208038,3.127777826945498,3.1539743854950224
5808,2.0608855657026384,1.2162454522360195,1.3274847198711714
5809,1.3554027041985617,1.7468839888479004,2.055967798694968
5810,0.9773814366504878,0.1444282672526952,-0.3780819781207625
5811,-1.037185564590687,-1.4590752782078389,-1.9652538128639525
5812,1.0409619760332782,1.3419390165886702,1.9135249876024143
5813,-1.6013700360152996,-2.0188935204499505,-1.272483449674684
5814,2.312402707453589,2.076661054338881,2.103774465462986
5815,0.1534501081957929,-1.3221246178451107,-0.8520028935061364
5816,-4.350063478138756,-2.261821838948849,-1.2670447697979448
5817,-1.829463111931944,-0.192806200766282,-1.995881672658575
5818,-1.169500412771242,-0.4321993903719364,-0.3856754308773091
5819,1.299640868380767,1.2099319193289524,1.590688226716651
5820,2.7807084238421016,2.049114760104688,1.8347381426200848
5821,1.394431939412928,1.1049434279546124,-0.1620593794132256
5822,-0.3608119253948543,-2.029431684172778,0.218914294470283
5823,1.0954257664830729,0.3307288951749862,-0.3219756864259731
5824,0.244384430737467,-1.2271755247979068,-2.337880362172393
5825,-0.2146309541561853,-0.2411767369406563,0.4054061987894743
5826,1.2509743857390088,0.135335567134741,0.766262062899514
5827,-0.9444372159761883,0.2294782865285874,-1.2836230048627872
5828,-3.870791982011669,-1.735910127966882,-2.230402246967974
5829,1.1333492313411806,1.3118431000275688,2.0667001024728875
5830,-0.391139151406032,-0.9108116767896978,-2.6107844965319504
5831,-1.9358427340276505,0.6299727273212792,-0.4684061207955679
5832,-0.2395747826113632,0.726477830366509,0.8116949775350816
5833,0.8521416730139417,-0.0979855914722272,0.8159512981898641
5834,-1.9173284583270047,0.8759833402787692,-0.0191176493382038
5835,2.68243897404857,1.2836872097582577,1.9777276123632213
5836,0.5204625914823098,-0.7802487245142189,-0.7981548522598378
5837,2.797747488353472,2.8049078144767545,2.5391598129085216
5838,0.9094341236707628,1.2644938330229518,1.7826417426441226
5839,-1.5034187097142246,1.238494453750217,-1.8602091722762044
5840,-0.8070875180059076,0.9570560145753412,-1.1648977646971612
5841,0.5154688346317062,0.7907003558718336,0.9532739078392354
5842,-1.1192400169171302,-1.5463069355106975,-1.6441887156538562
5843,2.74801114233741,2.6007624152085547,2.363085687026075
5844,-0.9972527841267378,1.345956847249124,-2.9248845576152847
5845,0.2755353688307028,-0.1149778156640817,-0.8962325989744055
5846,-1.152667219202328,-1.8624688791744333,-1.279254351342225
5847,-1.6362990051536517,0.152226064074868,-3.127175672794793
5848,-0.1015729445432185,0.226831016648656,-1.78085606532804
5849,0.2237837593625602,1.4857127054637154,1.1560039320306628
5850,-1.6714341886173576,-0.023734158116213,-1.1282631900791822
5851,-0.9528163169755886,1.066053652782088,1.0077685594163974
5852,1.013806335248246,-0.2065379559899859,-0.1162239377582918
5853,-1.992520983218817,-1.7426637019096485,1.229063897651354
5854,-0.3392306302700399,-1.0448974518412268,-1.795767522257186
5855,0.7057113387744247,1.1230960633190716,0.8547441055503989
5856,-2.494931939912879,-2.221148849628883,-2.201244219175275
5857,-0.6649687244513757,-2.012341548234135,-1.092172347692551
5858,0.685059520629842,1.5390297267492623,0.2828356960108682
5859,0.8494739196844039,-0.394174451169317,0.4172657635043103
5860,-1.0631790738064812,-0.3187252851659895,-2.4479143354574098
5861,-1.090215276290902,-0.087550813617368,0.6319477406876705
5862,-1.721282728728981,-0.2073227685251965,-0.3294826599693679
5863,-1.8058050874024103,-0.4553152574672823,-0.6350493971140122
5864,2.077189154261234,1.702419411569993,1.6922971123968962
5865,1.328639779589156,-0.2401068880098181,0.1121804025302902
5866,1.2128311041115554,1.3991609644863043,2.087709320654626
5867,-2.4681217249944725,-1.4119394457862875,-3.203209196802886
5868,1.827388648321624,1.2587342459832638,1.339850149658646
5869,1.3778740582841595,-1.3385933944947572,-0.3275090234809067
5870,-1.5174923675433625,0.7846347192197833,1.3072848439547489
5871,-1.707278105768144,-1.7821077247452628,-1.0882740812687053
5872,0.5051203058477964,-0.7108544509489826,-1.691667537089884
5873,-3.141061933870384,-2.2466944257765107,-2.3602808417799257
5874,-0.2001335843953446,-0.7203169604929481,-0.5900320376370523
5875,-0.9444056790275026,0.1410784757782279,-1.8435878869687845
5876,2.3273260461201826,1.7462848498274843,1.3891260702697696
5877,0.4259732818885566,0.321008926228375,0.885336254225528
5878,1.983892018707395,1.204264307032061,0.9425236266182646
5879,-2.073954984461726,-2.042671057721948,-0.7945742391237688
5880,-1.2076646093797667,-1.337881474049013,0.2842298081383069
5881,1.4803663557948947,1.6484478287400215,1.952645287846973
5882,-2.480790323467818,1.3365668752330897,1.3004874790822345
5883,-2.573167837711991,-1.9821145629313697,-2.470747000743366
5884,-0.4679054259479632,-1.993356735258374,-0.0085947200503883
5885,-2.1319330300571,-2.0991919299352686,-1.8608599076636747
5886,1.0738255576196771,-0.6717510250864721,-1.3785000762883246
5887,-1.527192601683914,-2.350142017000213,-2.3452047292346188
5888,0.7154270669847826,-0.1705746999272608,-2.2221572538516705
5889,-2.738965887354034,-1.4172416838413038,-1.082404851468321
5890,0.2516186950710436,0.1001239673140571,0.1665415024453338
5891,0.0792703001836925,-0.6961015623802116,-1.624313633692024
5892,1.3373937683838006,1.086244700521276,0.9103337704930482
5893,-0.901482142220178,-0.4683064201587463,0.3765399416002315
5894,-1.9844815388621595,1.2813476556766303,0.968317179784826
5895,0.9006554342189448,0.057297374413516,1.1264229316571672
5896,1.7881594069056723,1.1711358703465635,1.7079493451547636
5897,0.752336803876825,0.0396914076141163,-1.1370857010596698
5898,-0.6829845320151748,-1.2924146167178343,-0.8978171521013187
5899,2.047430491004045,2.180016821056262,0.611032117125364
5900,-2.3462906483380563,-2.398290682119945,-2.097170927126043
5901,1.0154307530642457,0.4750503894615818,2.019795340964987
5902,0.0970475046193554,-1.5650917824091914,-0.9412603230848726
5903,1.6121817511815812,1.6445525491367017,2.215699084991379
5904,-1.0694420760636103,-0.6804574995230669,-0.2723399215337433
5905,0.9757605160898012,1.8137465190499904,0.6631449690816433
5906,-2.4332918581438143,-2.9015575227295205,-2.9566533147242406
5907,0.267187301746333,-0.6475549654841409,-3.3230515041450377
5908,-0.3504442881680406,-2.408492584823988,-2.2936195236762047
5909,-0.092309642927843,-0.8532522991705448,-0.0637463457134493
5910,1.259628169286262,0.4830407840613659,1.307957909543075
5911,0.8452696677166476,-0.4059129426298942,-0.626485038951071
5912,0.4219937365547777,0.6803544735470846,-0.4440983989196219
5913,-0.2146294727439215,-0.73636149602941,-0.4289457126126825
5914,-0.8699383223189403,0.7522757387913642,0.1323345403543291
5915,-2.575928614025635,-3.1862494052540966,-1.008726894850582
5916,-1.9937358410902952,-1.6701940459585596,-1.6113392543429532
5917,0.0197213281253821,0.7254097706416692,1.3978766607590725
5918,2.398620688448644,2.087678740610208,2.294310771133716
5919,-0.8754894619954563,0.4029294873518293,2.306821792047
5920,-0.583889428854937,-0.4681713257527499,-1.5488086470541127
5921,0.7469068971495083,-0.6363817310019775,-0.4970552124320008
5922,0.3324250207112434,0.0970150785061458,-0.3894267659770385
5923,-2.2823714214371464,-3.220459765324009,-1.0644365082031184
5924,-2.0479861810896587,-2.129041794941295,-1.9876331845838195
5925,-0.266304178527077,-0.0006203925633103,-0.8984368417781974
5926,2.391013739332584,1.5920279857213635,1.7138867063701917
5927,-2.2229943341312715,-0.8412654857782311,0.6179073267584322
5928,-1.819674794476677,1.056190942882488,1.7063560086042466
5929,-0.7954321264823172,1.2990275710869037,1.9877420977600777
5930,1.3362049016204125,1.8876724985672029,2.258375129476567
5931,-0.1817457566821856,-1.1319923884343264,-1.5924003617851858
5932,-0.4654333897647272,-0.161223196095574,0.5682377668344678
5933,-1.1047320161055407,-2.346427427152235,-0.221478482908707
5934,-0.3262326841638043,1.1347421993596825,0.9589399475733396
5935,-1.1667470330030492,-1.4559421723091956,-0.6644011695099445
5936,-0.3201687300645504,-0.636659025547802,0.3118171950334492
5937,-0.4775857616456659,-0.9062958586089964,-0.876464613506964
5938,-0.6395080467087539,-1.799614269186607,-1.7874521144807112
5939,1.4810079633833693,2.353121572182859,0.3011276786413039
5940,-2.7743242877781227,1.3873624595325758,-0.5729153707937962
5941,-0.3431836883329859,0.5678263488089323,-1.153262840067316
5942,-1.1550430480042824,-2.33807268703216,-1.88935937090612
5943,-0.0609279494291055,-1.244517965143609,-1.1048437689787087
5944,2.135904956436895,2.6080376826213096,1.384031627438839
5945,0.8965325752014504,0.102570090137165,-0.7171008135441553
5946,-3.347421419489619,-1.5467139842707212,1.2398072337958563
5947,-0.5665277259318371,2.17771555489526,-1.5325680973702842
5948,-1.3252864774314277,-2.6099351394916064,-2.5416933318918304
5949,-1.275816881646346,2.5253811391858387,2.8238422962816645
5950,0.8496411308147048,-0.7831458833034067,0.3194770418431962
5951,-1.8338379709711687,-2.85980018309831,-1.886826063202225
5952,1.3471496139332018,1.0513198545826306,0.3980072242451744
5953,-0.8171394307748425,-1.3721517996657198,-1.7053070017678265
5954,1.0748332335583228,1.792015862408462,0.2423704907322178
5955,2.007589688985724,2.6556066204157847,2.8595621504345936
5956,2.6145996443270905,1.614308979276784,3.281517281527316
5957,-1.6711885947155192,-1.5057991401137216,-2.1732100044205964
5958,-0.1204030944479269,-3.119666010294099,-2.4038967896100023
5959,0.6817902185700381,0.0316171736827483,0.3823881424959442
5960,-1.0536701346062614,-0.936774974555245,-2.6796000495600483
5961,-0.7175749066475929,-0.260751185921405,1.3245777152742344
5962,1.6717186788162046,-2.1939332018139246,-0.5890192119092913
5963,-1.8309253209209928,0.3088392926582793,-0.6804612046457679
5964,1.8084214967711152,1.629105037259373,2.13065688477328
5965,-1.9140496309090471,0.4977326338366122,1.350293046959941
5966,1.743803958592283,1.927779895415259,1.3928445278737156
5967,-0.7209075751541245,0.5860741633604802,1.3471540078020534
5968,-1.088742542678938,-1.3567731451139131,-0.8524976253397956
5969,1.0982604922938688,1.3664358773935974,1.8009224846091063
5970,0.5055926595831901,1.591327609725253,-1.160941834084229
5971,0.3832096105710942,-1.2891993619648758,-1.21707763223104
5972,-3.149844906920552,-2.9878369721560265,-2.957331644300162
5973,-0.9803944808474312,-1.7347944755762847,-2.5961649255964563
5974,-1.3525915880462167,-3.2954322293104794,0.132147193756192
5975,0.9227600234350049,1.2752174045726987,2.0578877402834155
5976,1.6100825744214011,1.1241088756391062,2.073211421531412
5977,-0.9675333332625488,-1.03461208161374,-1.592594380064572
5978,-0.3446799557705892,-0.1491200186632878,1.151444996623583
5979,-0.5811252935526634,-0.9375482970590984,-0.5946761659389672
5980,0.8435801540231332,0.7357913266253752,0.6560577932951346
5981,1.0960573857707308,2.2041588839359028,-0.2966470414600701
5982,2.23613507705332,2.416130246383612,2.6716193994451234
5983,1.807116026454556,1.9717750725476704,2.115410527354053
5984,0.5314728807922741,0.2472719152400155,0.1124662137690277
5985,-2.172270097935633,-2.965915202768744,-2.283633733095205
5986,2.510516634569701,2.49570327674592,2.572046105642253
5987,-0.2991313291807354,-0.8869400512876069,-0.9005777003599451
5988,0.7432303970966259,1.708781122020833,2.0996597437433056
5989,-1.910355775537752,1.5993197920313236,-1.6564228133807637
5990,0.8398714518881941,0.3875688838206564,0.8611475846331964
5991,0.0436726421987891,-0.535584952573581,0.2711297357261829
5992,-0.0381302717067311,-0.0397024634902048,-0.0473256263504038
5993,0.6683646870383977,0.5832113908454798,-0.1001139659875056
5994,0.1008303484110941,0.4001935854281925,-1.0280612186638631
5995,-1.7276188098198495,-1.8782461280766287,-0.4842787999071767
5996,-1.503430022316966,-1.6396313267336011,-0.8155503188119981
5997,1.8281052398778013,1.243873834206731,0.9249681199660602
5998,1.116384302746117,-0.7900316476530153,-1.0241641307908769
5999,-0.6302563324630002,-0.7757764177458217,-0.6999437631602488
6000,2.119731382166994,2.331938518454839,1.626001027359708
6001,1.3778795529769197,0.6964465521099066,-0.6963644541842122
6002,1.0216140118174977,1.14140574708639,1.1396468439591017
6003,1.575097699218857,1.1401704730729194,0.6033482813233877
6004,-1.462105029546058,-1.8808088427796548,-1.202214707771729
6005,-0.320586244078578,-0.3355827385730702,-2.375669483685888
6006,0.7664686320444118,0.4010410922184936,0.8099050208809231
6007,1.1788096340580714,0.0602940590130086,0.3348484544065567
6008,-2.526865838996879,-2.80904529505711,-2.28626353455951
6009,-1.4257732063208506,-1.5336344028721802,1.46468614588878
6010,0.632253537866617,1.0690315286265095,0.4997615839362254
6011,0.5563072061897409,0.323009093405683,0.9987583919934534
6012,-0.6779868314071547,-1.1828087152280844,-1.581471893033581
6013,0.4269092522316545,-1.4308863701535484,-0.4076696163436089
6014,0.5273271326953529,0.7862069856616525,0.6656295428326104
6015,0.4543266917266881,-0.1908931975060394,-1.1484112281601992
6016,0.8985634535946092,2.6034346663024657,2.6145581625989287
6017,0.9112722357739572,1.2353426507316347,0.5922255034403286
6018,0.4504666431279295,0.3124840594298815,0.2430053370106036
6019,0.3669225331870208,0.5687662674784022,0.0965421287420795
6020,-1.3340502490060255,-2.2480750306626627,-2.655824755822076
6021,-0.6513931906875227,2.692818416432768,-1.067359603899693
6022,-0.2816980008303228,0.8864326466192621,-0.8874468792802794
6023,0.9767626302464398,-0.0207574317313929,2.5007618060206056
6024,0.5922795872616864,0.5897997849095271,-0.8660388067976982
6025,-1.3777598334941308,-0.6776753621168803,-0.9212221833340326
6026,1.038850000696547,0.7542382300835205,1.58228568366855
6027,-2.222986327589766,0.8013740206929336,-2.377702553654946
6028,-0.813406020276592,1.3927378528007903,2.7471951109711963
6029,-1.795539525265353,-1.0028290182184478,-0.7425854575283848
6030,-0.7093609156304574,0.2148667824150436,-0.1505835720737198
6031,0.1077490078913175,-0.0209194593676689,0.4504153676870284
6032,1.66574693887271,1.2723144403045594,1.6646418766891948
6033,1.111801295181067,1.5241037747775985,2.2361307876133965
6034,-0.0962154136658315,-1.3564679753960345,-0.478804660662675
6035,0.2580830828925919,1.5699312723918222,1.2971295964366316
6036,-1.3183817366072588,-0.7637855064441655,-1.2703013413729771
6037,2.129819551773823,2.0325468274875584,1.015570102031762
6038,-1.2340978970857484,-2.4611572039596967,0.2194228679296963
6039,0.1651848810348751,1.0575797207062718,1.3226454182846137
6040,-1.0861034058749666,-0.7865423043452311,-1.509183434079814
6041,-1.1667489723063762,0.3795536771931473,0.1465012972478358
6042,1.9458775794113523,2.54085380723605,2.188099837770929
6043,-0.7457585883324203,-1.151824804891587,-0.6385029556761166
6044,0.116034086393277,1.609142479643959,0.399198129523273
6045,0.5131842552450592,-0.0012747088999449,-1.8186182724354585
6046,-0.102123422593559,-1.0993512558001175,0.5436760092371088
6047,-0.8130030801936738,-0.5798588219680858,-0.8684629792437092
6048,-0.2977409707351486,1.285314475981315,-0.3350910969102154
6049,-1.2419633634931937,0.8636035601684336,-0.9952640404016913
6050,0.2970536064331277,-1.7910024163833305,-1.5175204503617847
6051,-2.113161632974629,-3.2356181004220765,-2.228967287704236
6052,1.736734790189384,1.1930802013705617,0.9015648227608
6053,-1.1542057738648142,-1.181304344429545,-1.872563021928037
6054,0.9282724810058128,0.5678356333738716,0.9446753783985848
6055,1.4364805319381393,1.2904936703244243,2.6493376617204745
6056,-1.513175088784042,-1.2421554703722435,-1.5645128772906056
6057,0.4136336310074618,0.7079984167089757,2.3069045661244747
6058,2.9182926423587787,3.262065336184337,2.571933376547081
6059,0.831216857214238,0.2259462935866307,-0.5810360286167897
6060,0.5027136515706223,-0.5240215881377457,0.8871858238882667
6061,0.5936449341147536,0.3253885813540623,1.0959277878872
6062,0.4566268670812442,-0.5349359370689563,-0.8226418066109384
6063,0.5923291004384439,0.690889658368979,1.969083773181414
6064,-1.467829261489652,0.8719055164655909,1.7009939547961104
6065,-2.1718626740710825,0.3802935045916386,-1.9782653353627115
6066,-1.1527135563449022,-1.596570577847739,-0.1162520952763009
6067,0.4634508046401752,-0.2189113996373143,-0.6791008126235321
6068,-0.6109498589173505,0.3032818399268966,0.9115409324348794
6069,-1.6885063548426713,1.4971704644580943,1.934660839400508
6070,1.2545680926769376,-0.3284631769204135,1.2060007151791958
6071,1.621484562168677,-0.6724704345838398,-0.5405609771313746
6072,0.8416540487325608,-0.7138439365230327,-0.066229048430102
6073,0.1830473890935761,0.3323073779337977,0.2834063308602813
6074,0.6896750097049713,0.2518389073583277,0.523388463905976
6075,0.3689078646498354,0.2274325103570246,-0.556492057901252
6076,-1.4758390036189382,0.2446400612371469,0.6220651170178872
6077,2.3661800541713447,0.8365428683765167,1.0836778845269068
6078,-0.2359735591674955,-0.2827617114157345,1.2532289534237302
6079,0.762227133624631,1.2127625744154364,-0.3381958778354055
6080,0.822612928652378,0.4840889150955195,-0.2384322764959787
6081,1.1575600425038632,1.2684287697554648,0.4237832722882863
6082,0.5004534048692313,0.8075953367440581,0.7882783105919635
6083,0.4971430069734504,1.5933696161346629,-0.6007733871349373
6084,0.8935773072770239,0.7592454290540396,1.9195015168120664
6085,2.474685772286886,1.9775755864606304,0.5996276738829704
6086,0.4522794607824769,0.6831268295872045,2.3284863218882874
6087,0.9917710988562908,1.8702720122276988,1.4374842670484105
6088,2.5880991561965407,3.09090955149704,2.499645793488684
6089,-0.8809849775833477,-0.8065123298883076,-0.7463652090608692
6090,0.9359996666702756,-0.9191437884299613,-0.9649645650944544
6091,-1.689426695138161,-1.3677436670170025,-1.8618725208986056
6092,-2.143344742377433,-1.4816300609833115,-1.297489938169384
6093,0.8239619421471627,0.0628236151028149,0.1328844612720974
6094,1.2913875985365966,-2.175511635993505,0.1057533596850442
6095,1.2426482192012231,1.4366795622761157,0.2860262169533868
6096,2.335181827033133,2.4159429462151474,2.4988546342534623
6097,-0.1608373114321674,-0.3614080475881583,-0.3441076770990162
6098,2.698023229423552,3.087218959837958,2.503339617705154
6099,-2.0445323096596253,-1.888991947465906,-1.7144666603445662
6100,2.393764016720062,1.6558364856377312,2.228099669738207
6101,-0.3325158271649613,-0.0772668773174906,-0.4727608050268464
6102,0.4406928341884781,-0.3500766543153086,-0.1436330571096132
6103,-1.0466234096094469,-2.0129393591046414,-1.6374470372199066
6104,-0.6524466996100241,-0.8614242871448162,0.5401303613219137
6105,-0.5978006872416627,-0.587594480113905,1.0777838599507332
6106,0.9853199940485317,0.6030374050485872,-1.126212083635682
6107,2.2708678861752145,2.090012308189894,3.0589101221305506
6108,-1.1534132285337253,-0.8132493627504879,-0.9360814952390633
6109,0.120828768895222,-1.4093052820623992,-1.6436879327938447
6110,-0.0706745693935495,0.828417634378086,-0.183136520778564
6111,0.4207538140881666,0.5678029379635807,0.6348157322813377
6112,-0.9759871866131988,-2.0386384524510013,-0.0343126711059853
6113,1.400524968025755,1.162247249117561,1.763598196599204
6114,0.979655164610278,-1.0352517293571772,0.8215396523817575
6115,0.8424317632362665,1.8866882767021635,2.1286728013582503
6116,0.8232500429382024,2.6083297432147408,2.4209026915176346
6117,2.5263903611718828,2.640475037694439,3.3382094767192
6118,-0.8442558964686055,-3.142809898602378,1.364353985083203
6119,0.8222827210392443,-0.3320252753796587,2.632804287831841
6120,0.0854313941275047,0.4980187321713853,0.4984483711283832
6121,-1.001392119339368,-1.4288582936540348,0.7960995320175066
6122,0.5845778997188324,-0.1798073968550302,-1.2793139714715345
6123,1.160578090600671,1.4024589003492198,1.0655476984560126
6124,-0.4199177250446493,-0.948176922146294,0.3244346836278349
6125,-0.0556241489864425,0.4037812782945745,1.28538538285398
6126,-1.895619643720184,-1.7563243779887372,-2.7516543941121303
6127,-1.5060011075724111,-3.1204418952183093,-2.3937998510614227
6128,-0.0609921377659504,0.4975271093740805,-1.097413737470588
6129,-0.7669884231209774,-0.6938875341615004,1.2486893238967216
6130,0.2456075011914631,1.7687748044561962,-0.1448259406852355
6131,0.1620453180209365,1.885313642366229,-1.7027245079608264
6132,-0.4903407241833252,-0.3384466242826267,-2.6366826046271057
6133,-1.0673012822143289,-1.5689139285940636,-0.7351244130064136
6134,-1.4999626920651836,-2.686740791799172,-1.7081577694529015
6135,-1.485752829391383,-2.509140475414978,-2.343391872572313
6136,-1.1267595680498257,-0.1148711358516423,2.621331925991072
6137,0.6072123159533848,2.053101895189832,0.7220693571663543
6138,1.1522302982656123,0.3800751682689004,0.5091882608939015
6139,0.4025360420826863,0.9188310079836072,1.0916262063899125
6140,-0.1400614686023576,-0.9443098544592584,-1.0464608961683446
6141,-0.8767655631136895,-2.0529233776722844,-0.7087759422918017
6142,-3.4072528157332,-3.2053178585389666,0.0356369445538235
6143,1.344388763491054,1.7165168645419877,2.3079431757366
6144,1.3178694247075915,-0.0208007729431372,1.4866440496018116
6145,2.5444578152516755,1.4228484505093275,1.4357722394955637
6146,-1.5175090812994891,-0.9351127605099628,1.8074884963728184
6147,2.73054929908126,2.72444828937102,2.542001644504208
6148,-0.7199460912132105,-0.6409058465313784,-0.3591637260435318
6149,0.839239669959853,1.229491425519977,0.3850427017065724
6150,-2.429998953249798,-2.9393689139122383,-3.326490940954007
6151,0.8328798183152077,0.4991876704879051,0.4570711114133414
6152,2.378297813803005,2.102515773649269,1.2441732061486457
6153,1.7743381766898172,2.093569123725286,1.5300216761980807
6154,0.5174893773064497,0.4050272877238198,1.0927585872866477
6155,-1.3931678418318876,-2.3222412513180983,0.064168487826125
6156,1.1456348847977935,1.0395248294660624,-1.7595849557240366
6157,-0.5829362387483387,1.9259164304861005,-0.508213383498028
6158,-0.6652141410726777,-0.1644280012282233,-0.4477450593095686
6159,-0.0422639503928843,0.6759951427016477,0.7209367105539933
6160,2.4475039837313024,1.2806408180853386,2.3971129207232105
6161,-3.195929838665577,-3.4066473528177266,-3.514104949474491
6162,-1.5399297254914808,-1.7204120277257509,-2.330268612208773
6163,-0.5850573296681066,0.1204613635390161,-1.6198290231924757
6164,-1.1310300217151823,-2.127922837868015,-1.2954901957070462
6165,-2.185240306205023,-1.3463695281048635,-2.229288409105969
6166,1.6258610768343418,1.45872146412938,1.6590735037120603
6167,-0.3382442448399935,-0.0980796221583301,1.1599239024366002
6168,-1.170089767774526,-1.488059025048912,-1.9025016998683288
6169,-0.5327647479021962,1.3118297062604127,-1.558284925182206
6170,-1.3825052722940074,-0.4825805830438189,-2.937358637182612
6171,0.393038338587601,0.99298980061535,0.6712592139810617
6172,-2.6675238724737858,-1.5513756484334906,-1.3329956490267167
6173,-1.7077784002396563,-2.346263150299889,-2.203017316752656
6174,-0.4645509104305436,1.5263245406363313,1.5693601027829054
6175,1.899294906700982,1.737865791308047,1.9738396412752583
6176,0.7416699553065365,-1.610767043844787,-0.2110248410574693
6177,-0.3451814729201918,1.1758907501417375,2.361342806963936
6178,-1.3143828553842012,-0.4976230980585024,0.0083291047380933
6179,0.9219795077153822,-0.1755057171058798,1.3908090819396803
6180,-2.263923161690209,-0.468237381377133,-3.48008411175339
6181,0.6142730172559578,-0.2224306232662743,-0.2076556096927728
6182,0.9698689708731508,1.366443400646691,-2.29294799427091
6183,1.2307236951008012,0.918857694538177,1.4000884916401852
6184,0.7137846234602996,-2.907050143233785,1.573008000673278
6185,0.6788505579433693,1.2280117843944915,0.3805730940984241
6186,1.2492885434000132,2.520022555717305,-2.3106691814531906
6187,-0.9631895676205962,-1.5945805600361806,1.1473571278962014
6188,1.9834436086825389,2.018052065669271,2.7187456395183927
6189,-1.0917690586388291,-2.556101165028571,-1.820695704144191
6190,-0.0683861296223554,-0.6802576811844525,-0.9919068894092068
6191,0.5965032123814529,-1.306658834910052,0.6175925473497004
6192,-0.5020300778664154,0.4472406404023838,-1.4003831618430571
6193,-1.6869748417439516,-1.9662397689691464,-1.691177624581093
6194,-1.6762528231009497,-1.6748084670828822,-1.3702420887162354
6195,1.523569350239515,1.1769934292090205,0.8641820688908505
6196,-0.8758682334938572,-1.3017872845933904,2.1315129256995733
6197,-0.1145879554648739,-1.0779498694909129,-3.207065436075049
6198,-0.743313403511304,-1.871154312536205,-1.6106613420920146
6199,2.129261652135595,0.8855560204209554,2.4804548243053337
6200,1.073181924393226,1.1045134665063443,-1.0632585255215652
6201,1.3899242970191856,2.244888411958188,1.8150232776821256
6202,-0.2938389835873116,-0.990748571611829,-0.7399247128364687
6203,0.4458957590554819,-0.6046400738165416,2.067281089909508
6204,2.0204277058223266,1.83477022830872,1.8864286936013064
6205,0.5072155076694556,0.6801069458911255,0.5767579571625829
6206,0.5407504867092197,0.0045535646480139,1.2126134392285106
6207,1.3643443363086647,-0.5967010203006882,1.1620142852029895
6208,-1.7203011262633006,-2.802037551164477,-0.7124091860133313
6209,1.0466328522911792,0.6753028184970742,0.8239249845879281
6210,-1.5324244106091989,-2.675606187877812,-3.2505914124180526
6211,-1.2399046491284662,0.1138501381936875,-1.1024696980375703
6212,-0.1039385461883925,1.103083334241968,0.301735825597902
6213,-1.7856436059514202,-2.6015924445184666,0.7973379795008845
6214,-0.151005993982071,-1.5417746843125228,-1.3315059025365206
6215,0.3301527048528128,0.7582477760431954,-1.1799851457659334
6216,0.3362240618229416,-0.4902730410456841,0.1665285769516755
6217,0.0736950488053267,-0.1085514395088307,-0.1049555414632881
6218,1.0059111551044906,1.5561459953404957,1.625199421961698
6219,-2.976296341955173,-2.7877538349606805,-3.825377779425467
6220,1.0783121358669328,-0.5293040007531121,1.0151058932895916
6221,2.554137913176089,2.7658360205364976,3.408043783438768
6222,0.6867260687547393,0.8993726157754002,-0.2783630371196544
6223,0.1833022795382121,-1.2343459036380624,-1.1355803415654036
6224,1.7660055224290558,1.907193461702451,-0.0641823995536551
6225,-2.8398164289776324,-2.1798308309729,-2.314524941036769
6226,-2.3778743902407715,0.7376137406168444,-1.2196408138212835
6227,1.1493455845665452,0.3799301073431295,-1.6231643854391555
6228,0.5011889882792846,1.313394830511445,2.413363201428319
6229,1.2905956811413195,1.9640674465954584,-1.3756133555446193
6230,0.3767729403446052,0.5034033677617309,-0.9289624073540136
6231,0.4422286442030017,0.6728991486023559,0.432238118679187
6232,-0.0763969551091394,0.1022222332559577,-0.8194432527106905
6233,-2.607559011958561,-2.4601385357709367,-0.9804145408415011
6234,1.736781720883948,1.589548739936358,1.9028909999144568
6235,-1.5841636560002457,-2.234588149970641,-2.2108914656349423
6236,-0.1966331188593467,-1.0234400091494114,-1.5224997811740932
6237,1.0420010349095086,-0.7249467061041589,-1.0430831724499012
6238,-1.0447063560620609,-1.5809851433598718,0.1160964899054475
6239,0.259303014188919,0.4197975254038499,1.367201243425833
6240,-0.8504366048910379,-2.2770263523991128,-0.1200009548871494
6241,0.4686293184994931,-0.1360665606735114,-0.0011347815662322
6242,-0.8776840043459586,-1.6031534926434043,-1.834035399617456
6243,0.3395850435337476,0.2326183626208537,0.6844708818704949
6244,-2.749943388169035,-3.232277033548461,-1.5309303154937952
6245,1.1217778084025878,0.8756847937302956,0.3049685813940708
6246,-0.5396907559138721,0.1020280641877447,-0.9804126301163518
6247,-0.9387468457175848,-0.947958543361233,0.270612828295739
6248,2.10638789788578,1.858462412305724,2.284214145800999
6249,-1.0846222536825625,0.4836827913045737,0.094247400452651
6250,0.3669358120278577,-0.4811663346028935,-0.5069043664700876
6251,-1.1221917436499849,1.4486178813367152,2.3861525869124027
6252,-0.5371043910807431,-1.3758696809686386,-0.7169846244826612
6253,-2.650526204711388,-1.3895650359906329,-2.3169788885327995
6254,0.982987214762372,-1.6279339684095346,-1.6006233185499728
6255,-0.9296883181230198,-2.529851037632966,-1.1388698535328203
6256,0.0379982729425689,0.929356191761536,1.859440514484641
6257,0.557400578274071,1.0652415643271145,1.0190311140123214
6258,1.2999284431846485,0.6931344848627243,1.5668057218309062
6259,1.5958169233000772,1.8736900557595624,0.5686038612906337
6260,-0.7483288189265799,0.9816604433877226,0.4227664714703149
6261,0.8215635277498139,1.5324901937330837,1.7184968437956891
6262,-1.046748402511394,-1.6090133190643945,-0.7157530465845615
6263,0.6905387780857338,0.7014091474234788,0.6610371052464652
6264,-0.0445254962304097,-0.3361779421375045,-1.191311532779222
6265,-1.8000014312647248,-1.3433520620691983,-1.7346882422174823
6266,0.753129612253651,0.3203228356688622,0.5634647159965557
6267,-1.709703697487176,-0.5892828062414917,-1.849728507644455
6268,-0.6625407814492145,-0.1566723185669839,0.051190952817904
6269,2.225097670876809,1.6657658479112387,1.878871719111319
6270,-0.703082938177958,-1.8691828093651883,-2.696638226253649
6271,0.4232110092147299,2.263119235493656,2.461215303292739
6272,-0.3655912994470978,0.2633883992268656,-0.2678052036248515
6273,-0.8511605566142197,0.6797023433663931,-1.592512461242798
6274,-0.6771815606578211,-2.498801886296261,-2.507825029344697
6275,-1.0895757970122255,1.2123398901032345,1.3053010968188377
6276,-0.0919193383557968,-1.0644164158682845,0.6330114124258129
6277,-1.0361310040652432,-1.51780766754438,-0.2424823070414156
6278,-1.5585194914737646,-2.6742659297296725,-0.9409029143310144
6279,0.7680219745077477,-1.222285261496495,-0.7150335946538047
6280,1.7881594069056723,1.01578785880481,0.9392278892106284
6281,-2.1836904535814905,-2.313117273567229,-2.526527205779622
6282,-2.036528777033128,0.8327202696032259,1.8554467478816337
6283,-2.510907293793337,-0.358887713598518,-1.2864641146056115
6284,-1.315603233254684,-1.507103271215278,-2.0242963991549683
6285,2.3971857853506022,2.541126214727592,2.33579563235427
6286,-1.6090770047350742,-1.389359380784028,-1.6262450003331728
6287,0.3339993261995979,0.5947541245049341,1.9062078486156613
6288,-2.3682606172138736,-2.723022393725589,-2.2388202598126243
6289,-1.286034509335968,-2.5143081671704444,-1.0749950590383786
6290,1.3050323169710962,1.1002117310067705,0.8488435262308476
6291,0.1119237416731806,-0.3405779127086537,-0.0074008367170553
6292,1.1923295461301364,1.461317409659563,1.9161803409896283
6293,-0.5083008151746066,2.0869638784593385,-0.7318825868013095
6294,-1.4999697808873629,-1.6184645420916417,-2.2264436356593937
6295,-1.145080199713871,-2.136186166656546,-2.7198637056873336
6296,-1.3918236859715474,-1.4347034077294367,-2.893848524857063
6297,0.5320723385890924,1.085264255626368,1.7020034920486238
6298,0.8198763996326479,-0.3004551588380245,0.4915865539366739
6299,0.9741320650272955,-0.5250927183571504,0.4019427108840769
6300,1.3151933671761538,1.9516751926957367,1.9748550250789552
6301,-0.2795469356784356,-0.2587677036567514,-0.4563664607881974
6302,1.4356339759005132,1.7530262409327229,-1.1842502649617237
6303,0.5067040667319769,-0.0694765352567312,-1.5500269086755982
6304,1.451346946604581,1.3252784450540078,2.369683536005043
6305,0.2545459006641942,0.628855928537434,-2.722124546820841
6306,-1.9828275495375665,-2.119699292784212,-0.9865203491872044
6307,-1.075392220670748,0.91016852819469,0.4028590063126867
6308,2.876136767155326,2.400817921892803,3.6600984296677934
6309,1.2988248824637438,0.1734852098860488,0.851891737419485
6310,-0.905476394590316,0.1569689293313401,0.0815005795899647
6311,0.3666118972165357,1.2554182030372376,-2.6041313382881683
6312,1.6176181657973092,1.6899977296883943,1.929479173313708
6313,-2.454932368507594,-3.118775897726448,-1.0738050595814417
6314,0.4495668333189216,1.0819614132045243,1.9237474166797424
6315,-2.3020326221144263,-2.287008169963604,-1.892759612046208
6316,-0.2547823639032351,0.636267039022571,1.6932800785850382
6317,-1.993529535190485,-3.170742679776444,-2.239756114209016
6318,0.3234652893700242,-0.8265815944412851,-1.8769547083526552
6319,-1.319300762659663,-2.4304968093269625,0.1203516848188347
6320,1.3162201209849926,0.3958559665444934,0.579815099672056
6321,-0.0485518671655134,1.3744789678009983,-0.7489335872971516
6322,-2.0035489846523946,-1.5944545912539645,-1.657893276173916
6323,-0.4778951247433832,-1.2670300372521488,-1.0617854688269046
6324,1.936465709408621,2.506265535206577,2.825510891509711
6325,-1.2159838317702178,-0.2540114422884947,-0.7357028071140246
6326,-1.9136172405083,-1.1501252993950226,-1.6224048159944342
6327,2.241539886054994,1.9091518566170984,2.6553457559375344
6328,0.4449448367386503,0.5891138413888594,0.1323917214131798
6329,-1.9682073362973964,-1.7130198535347896,-1.0604726882536073
6330,1.91194670360692,1.1479777863263336,1.012431728904638
6331,-0.7407929511225468,0.0115165081163415,0.0086646172832595
6332,-1.0555210956312877,-1.6072790801148946,-2.663422587810336
6333,-1.0137998447289065,1.277576591497971,-0.9416056034398728
6334,0.6118307505117896,-0.2895784911716896,0.0959317002597387
6335,0.6624428743105961,2.5136158507114934,2.860245862255
6336,2.206260295406463,1.901284909341472,2.5550796669488145
6337,-0.4640435641862808,-1.6030284435627749,-2.135229743730956
6338,0.2885794140935849,-0.1471853607839616,-0.2921825273052992
6339,-0.5266136934318997,-2.099931066679744,-1.1373061626442624
6340,-1.5448772439801306,-2.345925593328794,-1.5789899935212817
6341,1.8461898490599395,-0.2598312776408256,0.8316051120603755
6342,-1.076586991822842,-0.5924629569528417,-0.8016874670473784
6343,-0.6546815930307355,-0.3683265702075208,-0.5909193389896346
6344,-0.4580228826706525,0.0307110073261112,-0.5353368191977231
6345,-0.4960479277003484,-2.105798057968258,-1.035240380076358
6346,-1.077916085985816,-1.3762887301526523,-0.8929916888371031
6347,1.4266306219262532,-0.898961360428926,-0.4735119717795975
6348,-0.5983213665302942,0.3152399474597449,0.028754503372489
6349,1.7556714604304309,-0.2617502167428671,1.671348774739057
6350,0.119301483540224,-0.0388923759661321,0.6976860596546137
6351,-0.5947394969398287,-0.624074448965065,0.2017847013826488
6352,0.3372481256426133,0.3991244628398493,0.8541948190674075
6353,2.5477294884559,2.251496931953113,2.0467282785286933
6354,-0.0329539706260788,-0.8503250531910796,-1.6824196056423144
6355,1.8288100056886407,-0.6978706284890015,-2.0195370966699406
6356,0.8993126343082782,-0.7687258334546604,-0.9572902173918098
6357,-1.0252525082548023,-0.6168310063870531,0.1473934903708793
6358,-0.43267924415075,1.0977699048939975,2.066166799960562
6359,1.1744235405388064,0.6482188353586924,1.2565786324152206
6360,1.1860736448455362,-1.315399394271251,-1.297848542823798
6361,-1.9487794329330268,-1.608797717013488,-1.844898256274229
6362,-2.254952726243013,-2.7496037750354403,-0.4858094550395201
6363,2.388523563822871,2.7040589614754253,2.930541205065292
6364,1.0085911185183345,1.7127867311368503,1.0040480599475416
6365,0.7720710022003182,0.9455399524765418,0.4035579881227004
6366,0.1912236561554952,0.0610851837472747,1.1207798788835364
6367,1.608157386034656,0.6839380488620549,-0.2276708807278742
6368,1.0336834635584449,-0.2128898983660755,1.0103494927634051
6369,1.4966290213445608,1.3441914144489853,2.291146031852158
6370,-0.3652973770737462,-0.3061312476707015,1.882536050482286
6371,-1.5848756983188743,-1.3264037497268903,-2.3954111543404286
6372,1.0003862954037184,-0.3099233633237315,-0.7421670087206464
6373,1.31799681249476,1.75329037888653,1.1852793761451206
6374,-2.002820385510027,-1.1713899002286936,-1.3147874820668397
6375,2.1440532625829443,1.4047523826961152,-0.1706456820259046
6376,2.4434632458042462,1.3390294033163035,2.1146655752005143
6377,2.2549471467983264,3.045933321931713,2.902676499374901
6378,1.1187540120742547,-0.0204340259865373,0.6470429252564154
6379,0.6136106885252636,-0.7635045996126764,-0.4822164711555676
6380,2.674965006803144,2.364729351569585,2.4139789753856675
6381,-0.974405306977161,-2.945678845586723,-0.2576160173634417
6382,-0.2116009772587114,1.0969542569035091,-2.2099628742028465
6383,-1.6289841828421945,-1.383042463430873,-1.3726127949159517
6384,1.25785650101874,-1.0651242223094954,1.158611580015696
6385,-1.9942948167844428,-2.7612637122552792,-0.2308902701365135
6386,1.0321855910081985,-1.035563751926821,0.9350612704796908
6387,1.58643530490752,0.5032174622845507,0.9143622249892036
6388,-1.613320163076535,-2.496382971947884,-2.24988307750127
6389,-1.3913089293556815,-2.6688372214801976,-0.3178589740427654
6390,2.362852359247551,2.295616601060116,3.2401751147050857
6391,1.6661925133631332,1.6770677521605293,2.1722735584581594
6392,1.9207961268868177,-0.4188693722168727,0.1279988959257625
6393,-0.1896880973780037,-0.9444732279068956,0.3740428251955238
6394,-0.546521825312176,-0.147762071001568,-0.2560767892538062
6395,1.2369704006746969,2.604429711640426,1.3001985452469305
6396,0.3042175572994991,0.0325715840342587,0.9313091873313122
6397,-0.749465462050956,-1.4964341082225443,-1.5269164808399318
6398,0.690514309505338,1.2301175239791389,1.4954829487654917
6399,2.415444358534565,1.9507506327198232,2.126365778874459
6400,-0.7589791774483639,-0.4824953249608509,-1.5444771326104836
6401,0.5837938785513583,2.257888529906238,-1.1732160850064188
6402,-0.5639718820957811,-0.8781761267947339,-0.1794946677497139
6403,-0.692182564637351,-0.6440604960599077,-1.9653279368628247
6404,1.519966489843858,1.952463269988824,1.3894571876986168
6405,0.5374381832288616,1.2322766655636346,1.0876141177942604
6406,-1.8751352136322776,0.9249144593926344,-0.1995399487255002
6407,2.129072359859212,2.153974546769051,2.330888215796795
6408,-1.7261907142782105,-0.8727779149776015,-1.439756582127071
6409,0.152856764183275,-0.9515725175608772,-0.0987012603677166
6410,-0.5348215260084546,-1.607259239996167,-2.0592331179611048
6411,-1.7234276059965845,-1.3190438747748772,0.130283242288848
6412,-3.313867972211772,-3.065408883154653,0.0284748555911287
6413,1.4414497756241496,1.2500672712968872,1.876150127578067
6414,-1.58376436977337,0.9065992873501688,-2.052221089625273
6415,-2.0484173528627183,-0.4920041030667688,-0.333179830933402
6416,-2.6280554080692875,-0.3385335428980051,-0.7078484676778293
6417,0.370376600144388,0.4095324639490272,-0.8375801702024033
6418,-0.16641462422382,1.619300442597908,-0.4554642685789921
6419,0.7820790734172605,-1.626737603136287,-0.3497806481823792
6420,1.076762093813208,-0.3729263299065789,-0.5810764688613881
6421,0.7557001389295778,1.883849648925409,2.8713889758873483
6422,-0.7567569758565311,0.8397563375210455,0.4098432936785492
6423,-0.5956080596566471,1.3466248869089643,0.2942167475675616
6424,0.5937086594644099,-1.7879440105340123,-1.6852840053287286
6425,0.2554449029384474,0.6651724959351231,1.5650642158605843
6426,1.8309411046020192,1.9840058530557727,0.1183132823316208
6427,1.5530134171948988,2.340522152023227,2.5928606119544098
6428,0.8931154551018554,1.1943137673256314,1.660619506298697
6429,1.7361629008653383,1.4367562948011017,1.5413566263956024
6430,-0.756661735975462,-2.0553144317985668,-2.753216468119638
6431,-0.144531586920269,0.7009213342471873,1.1077486496115672
6432,2.442955714129882,2.1440462384681886,2.6173724538989385
6433,-1.7667874770683474,-2.939718856519569,-2.0153561763066463
6434,1.0734411446046157,0.6852424654432153,0.7433478387057693
6435,1.614536431251631,-1.0974876561289062,-0.086517859458977
6436,0.9279439971871948,0.4875438363300906,-0.4236512756618549
6437,-1.1857621685015058,-1.2489567217120097,-0.8589631989687136
6438,-0.9123557845939204,1.2821541390832305,1.9871025103459163
6439,-0.4225693306271751,-1.4420993640970865,-0.5070086871469628
6440,2.1762970708654428,1.0773444839180044,1.4227547297588048
6441,0.9718516796559502,2.6970526284378984,1.963442777709716
6442,-0.1439594969118495,0.3081511439764685,0.5080276575251572
6443,-1.8401552344126568,-2.11476800166154,1.543249324599653
6444,0.9191787227547488,-0.2859757628998665,2.011019450695953
6445,2.51396158162662,2.5751383764046465,2.7669734662475163
6446,0.3273324331938725,0.7603454226221078,1.1654579358418728
6447,2.9323964667976687,2.864298708018632,3.179558380474352
6448,1.9380220749694408,1.3889524526915098,2.047097009412356
6449,-1.9306235858278136,-0.0040139544081785,1.9883829734330327
6450,-1.1388803457769023,0.7503098990574191,-2.999835815180917
6451,-0.283927373785627,-1.73354525667211,-2.780184087290221
6452,-0.9352761350016324,-0.2476746684047012,-0.5371602195270259
6453,2.62355781353793,2.825604107009279,2.4809328923826675
6454,-0.2146819677082287,1.445835077225532,1.2383912678462097
6455,0.7139111869377284,0.6696774083662524,-2.133524772774384
6456,-0.2254807502075401,-1.0737361697709134,-1.6587997803157015
6457,-0.6667117224384553,-0.2834208829868417,0.2375583717983115
6458,-2.149082063531597,-1.3228961096208345,-1.300801449644646
6459,1.806140450548832,0.7603602166467393,0.4796261504277942
6460,-1.671658013859752,-1.5245504790646107,-2.0963078129774644
6461,1.014908759955207,1.1122435457913202,2.0129799278109046
6462,-0.383779277369157,0.7548111789139993,0.5321807511643925
6463,-1.995506693754894,-2.6889165427667607,-2.892317933376165
6464,1.0963124638481614,-0.0757584556722725,0.2797668636716017
6465,1.1497503878926174,1.3928454938996324,2.18872869139541
6466,-0.3150047862333474,-2.041218402300572,-1.344367881988041
6467,-2.4262406369640703,-2.1796171413034013,1.9762555464822296
6468,-2.297411833286631,-0.636438186526479,-0.972981258031996
6469,0.425153253557505,0.799930555638211,0.4076475326462218
6470,0.0892487872100332,-0.9117199684781808,0.2617454871441498
6471,-1.5878975638587975,-1.8458458645067168,-1.8545347681646045
6472,2.184747626827981,-0.1052130380848733,0.519193154582177
6473,2.1837630391002167,2.5264274136072697,2.80375968917197
6474,0.850538880280152,0.4068269769627111,1.3021967621275954
6475,0.1958660079289508,-1.2237490364145325,-1.1268523690225534
6476,-1.3978451576671371,0.5049669087973645,-0.1808544077363782
6477,-0.9586175522878744,0.2439200139711866,0.3084052299933427
6478,2.4025580751471383,-0.1573446065933361,1.087844419246121
6479,1.270215802804627,0.3225381198478694,0.6640314043961262
6480,1.9004069103016097,1.1277673222570137,1.4479124640497896
6481,2.240312824717873,3.0420770169499662,2.718544388673567
6482,0.2419732120647954,0.9178971937283802,-2.3870789252062083
6483,1.543367160722115,-0.6520133826404896,-0.5781006097621588
6484,-1.200660069871457,-1.555245661369812,-0.7567283768417206
6485,0.4985845794037727,-0.1220154921888821,-0.6773688519990555
6486,1.576069514252379,1.9202155442658808,2.2869999455127603
6487,0.3057730401764472,-2.055195942412795,0.2176032998568427
6488,-0.7936280042055917,-0.8811803023841045,-1.3749469578240063
6489,-0.2095872422893268,-0.0862416019382398,-0.302638242400139
6490,-0.418566615423336,0.2271006838875534,-0.2559754503874731
6491,3.4637148095236228,2.9343331418277065,3.7313138610145344
6492,0.1887466829687702,0.955619451124652,0.4169693264955134
6493,-0.8908467128499631,0.9774610337716788,-0.7200731970544445
6494,1.2108722475293272,1.062346866840899,1.7608232019657102
6495,1.2520205231885138,0.4121037090819691,0.757276006816764
6496,0.4131182734533898,-1.509341842821351,0.1480912735274177
6497,0.2661357635912025,-0.2620544909446639,0.3872019974480486
6498,1.8073647646951825,1.7752352036633336,1.4605428059949397
6499,1.130508820235803,0.913618185996905,-0.3911510553087609
6500,3.173704177037194,2.6036145908702406,3.3629003539170115
6501,0.5040169558159304,-0.6053668975571915,1.8058652375810056
6502,-0.9197611888645478,-2.595520354758752,-2.920552691592566
6503,-0.1479083275836438,1.0551891159112012,-2.9106189263165603
6504,2.440626395355882,2.330632773296679,3.2777664965049778
6505,2.11283138233129,1.7996258370843492,2.391454941040253
6506,-1.6885903476959565,-1.8625543557611928,0.495897642032836
6507,1.7954927945640302,1.4522981185863062,1.0124409936840366
6508,-1.3224029939179092,-0.2674016783604485,-0.1886766499152547
6509,0.7453812958132242,-0.0266305202105916,-0.014355882353392
6510,0.2539021656143066,-0.1765134805899972,-0.1865279460451362
6511,0.4255180797107253,-1.1086337151579393,-0.6315381045243392
6512,0.370814041595308,0.2441987691083956,-0.0473407716571034
6513,0.0250868942854851,-0.4464041309203016,1.590456018413508
6514,-0.3767668364490958,-0.6891562106257045,0.2482055137261555
6515,-2.3383339782834547,-2.7036029291171766,-2.325437747924451
6516,0.4132435870618761,0.4080522193772818,0.2540950545036244
6517,0.0901872883205467,-0.6074058758910772,-0.517288483283989
6518,-1.5431738892244906,-0.6457002380651512,-2.17750464018307
6519,1.5728282040769648,0.0596953716208066,0.216207152463104
6520,0.6255085273466883,1.0573830758521174,0.5085781734542366
6521,-0.4024976716500507,-0.7992516686967492,-1.2297927841888197
6522,-1.2021960972145542,-1.6467507280172635,-2.976459525223928
6523,-2.871672442264885,-2.76976680621504,-2.396132117283105
6524,0.2815260296274142,2.0064659509774905,1.9496701349769368
6525,-1.2688028569280787,-1.5176286883223014,-1.6843294064797094
6526,2.1204067314467308,2.177532838134576,2.412973435308528
6527,2.4916996723003493,1.1431412030942916,2.6718292446154024
6528,-2.2540256052877674,-0.356856719214627,-2.734028215996513
6529,-0.9261660731132432,-1.3101781970623454,-1.837425473706616
6530,0.1630608838879652,0.4129042827749696,-0.2421246903534474
6531,1.7982525309375732,0.9067059671626082,0.3277714690427066
6532,1.2525469025288047,0.5655461244583075,1.3921753975850248
6533,2.149030411591177,1.857786769929119,2.711749865307534
6534,0.4773034090203306,-0.4391764377326334,1.0900012124758105
6535,2.1036101690869247,1.3366027794515671,-0.1786676929726471
6536,1.2333794533156996,2.117553484564457,1.049387224870404
6537,-1.2675052622920864,2.1172647473885045,3.242584868516888
6538,0.2165205170463265,0.5821467763959374,0.0675735139133708
6539,1.074171400046344,-1.3561310045463704,-0.5940661404056131
6540,1.7943060486669162,-0.5891598882657197,0.868557320565124
6541,0.5052477952790768,0.314527466116448,-0.3066444504049676
6542,-0.1093200498023229,0.0284928034378964,0.0634456857080162
6543,1.4685863536544856,1.0956086166916856,1.1751646705096823
6544,0.5925904690040811,0.929359438451672,1.9770769060650688
6545,-2.0107374487349845,-2.411331332891947,-2.263610244011589
6546,-1.3525308180231683,0.9880512142611256,0.9131978941185824
6547,-1.0808932677658447,-1.208294292501342,-0.0789084389812905
6548,0.354311753483579,0.5763261012129819,-0.1958483607291479
6549,2.1884073353897056,2.094212246820133,1.935467045925476
6550,0.4687748788749701,-0.448028804611367,0.5994790934846198
6551,-1.9926375314415925,-2.3189119042850024,-1.3718773544966434
6552,1.3232987227481638,0.6817134696920493,1.086005710268993
6553,2.1689540838289023,1.99115724022281,2.5231798056794403
6554,0.9750041859410156,0.6495741644436122,0.9295981762303036
6555,0.9972052992518988,-2.126423612533419,-1.6113160911827586
6556,2.7292538124113443,2.4737439992676364,1.906401331073276
6557,-1.3809637774012686,0.2226488210561416,-1.7313720064113274
6558,3.04463104080943,2.7176433486887444,2.854546348691599
6559,1.580558729430342,0.3808288158737536,0.5848697097082531
6560,0.9335968633660984,0.8423153384977231,0.7627995409643824
6561,-1.7585126617692142,-2.119181856747048,-2.8121157097486424
6562,1.091382072391173,0.4811288956314538,-0.7563939615106978
6563,-2.330814631215365,-3.232562002359227,-1.663187606848462
6564,0.0922654184731649,0.580203887859611,1.9860072340929844
6565,-2.471755167484659,-2.805064333480108,-2.394434297003295
6566,-1.476134581443216,0.613190064838673,0.1291536764969535
6567,-1.3902836522525353,-1.7040172043961426,-1.877789892113939
6568,0.1968427611609454,-1.035990183300059,0.1066612834480369
6569,2.044228975393017,2.6107443329022764,1.853437040745032
6570,1.9850739496137613,2.2296229944097345,1.9376666165471
6571,0.2798263358189219,1.075436778124759,0.8427040123003101
6572,2.097362989073276,2.036066616034812,1.914500313940756
6573,-0.9626123904320518,-2.4070616434456467,-2.598102835672455
6574,1.0434157827496564,-0.2670581282328964,-2.7861838675357085
6575,-0.4496373099353531,-0.3306628024644135,-0.6811422187524946
6576,0.5427675112275876,1.408261168267574,1.1234209364721588
6577,-1.8707380643513256,-1.203724617012693,-2.371836017033244
6578,-0.8664591762998088,0.5821843688424935,-0.6646608828280429
6579,2.086913857233509,1.5896902188782376,2.3021590295360728
6580,-1.2584731467067212,-1.774892027963508,-2.5475632356390903
6581,-1.1974282026056238,-2.406277799589404,1.2463630820888394
6582,-0.7410749087010837,-1.3598678487881934,-2.9898712422349965
6583,0.1880341180186545,1.0364100088790011,0.7556851732793226
6584,-0.7095969981688546,-0.591601402074166,-0.3541701755947729
6585,-1.237471815008931,-1.8693508693630485,-1.3188168453306983
6586,-1.3588110447377435,-1.6591453097589204,-1.7673545585743988
6587,-1.4126847830293008,-0.7743549763138948,-1.1324328680046645
6588,0.5028114045636232,0.2289553216527842,0.3653750646411711
6589,-1.523075658378231,-2.099500852345931,-2.6859612382366267
6590,-0.0179188254968834,-1.1385452254373492,-0.7378487698827967
6591,0.9656508801661974,0.3192584124366782,-2.734854354227688
6592,-0.2892779065806826,0.4172758861091201,0.7920280434247186
6593,-0.7672379630533667,0.3060618791146453,-2.9468627410864427
6594,-1.7239957227492797,-0.6225144624559308,1.163420660821756
6595,-2.581154424242231,-3.1209137782471177,-2.719937518691779
6596,0.9288442120962483,-2.658747177670376,-0.7695918189520627
6597,-1.1552099020774147,-0.9301134054922628,-0.2680974282727527
6598,1.4971045816159962,1.457345923881178,1.7024421720638274
6599,1.1796279408950543,-1.330021805707712,-1.712414279285444
6600,-1.310925255833698,-1.457129770159516,-2.54604496075228
6601,-0.5516682001035356,0.6342972171875266,1.942776277263332
6602,1.7312409791603445,1.0459844014123871,-0.252729613000401
6603,1.4307335147675897,1.0572725413383433,0.2016807101637661
6604,-1.209324976244989,0.8432067770702844,-1.5983247337045785
6605,2.4724197068143554,1.465098016767581,1.945063617485533
6606,-3.1053480995684755,-2.6872114626700414,-0.7152884049192048
6607,2.412998148071068,2.136429279134396,1.763396091809399
6608,1.8633069370574973,2.7857629954909067,2.908586417324201
6609,-0.3108465341910894,-1.870337560981916,-0.9327858954818532
6610,0.0330181112289392,1.352258670659346,0.4336221066088599
6611,-0.907428024882855,1.0275659279551024,1.9278438990046545
6612,3.3348598560531864,2.7932455333255324,3.3166204052731816
6613,0.1862972014691701,-0.8781518481910134,-0.3285753672985183
6614,2.3318054058494986,2.437980417108036,3.032343741865396
6615,-2.080015513542487,-2.264957050091601,-1.418274464269909
6616,-1.6396522453937956,-0.920139692341759,-0.9954965013798104
6617,1.620868985279847,2.060532515046145,2.1993715647672576
6618,1.9767845142378968,2.5103630160077133,2.8089730305938145
6619,-1.248762422577271,0.4829808389946626,0.5745986299651257
6620,-0.0553739613473176,0.9300256592675532,-2.813925310978276
6621,2.38820675044156,1.2508670849198762,2.243044607567448
6622,-2.453766977407239,-2.7543121035782643,-2.426571827497121
6623,2.286519921098458,2.95769888153628,3.065542950513935
6624,0.3691789423597909,-1.6156810483489907,0.102469270335674
6625,-4.104583410384696,-1.4662055616139242,-3.274782930922872
6626,-1.3177751634246582,-1.5633489521790414,-2.1652266251646983
6627,0.2253926043555871,0.7743932981856699,-0.0012982622758443
6628,-0.9266828739299356,1.594320328101507,1.3174482839221997
6629,-0.4040049206343358,-1.5174526302522804,0.1248701183249444
6630,-0.9133894643333782,0.6535363424398792,-0.312125804407261
6631,0.2358000195756552,-3.9298035309978143,-0.5159990234532121
6632,-3.2655055047160944,-0.1083632864796606,-1.294381056259351
6633,-2.1682883387172,0.397824640836091,-0.3399879267508221
6634,-0.6653970004152769,-0.1063240256856507,0.1441103022745933
6635,-0.5465510226519292,-0.3031649578923756,0.0702232532202101
6636,-1.3484377399350576,-0.3525127370379499,0.4528947530484055
6637,1.2845238928654008,1.6795468039648012,1.0541440861682183
6638,2.5463612191878724,2.548349961080111,2.101077004439691
6639,-2.477175827031098,0.8099801072055303,-1.6239012571626188
6640,-0.7559792089433951,-1.36989968768194,1.1523147852855484
6641,-0.7030154400452149,0.3168027869901411,0.4465150690153505
6642,-0.8363664024154626,-0.0432285068480377,0.7221530637872416
6643,-1.5473354130777317,-1.7821351268100094,-2.468488814253611
6644,-1.5449900467903237,-2.34847705164734,-1.2970943056678423
6645,0.609928741219289,1.3122621662684986,-1.7350512799958857
6646,1.5078029638981136,2.402576103561269,2.581730461333916
6647,2.508879608607549,2.3048867261987005,2.504088584379526
6648,-0.6201432392646188,-1.3107667920900758,-1.622618367628789
6649,1.2898548294496197,0.8439040828054665,1.718986260036096
6650,-1.9714918696990684,-1.1454626830170214,-0.8943440157575291
6651,0.3369070586965175,0.312622465872204,-0.6615330829024184
6652,0.1902497645020545,0.9228823270613972,-0.0613233459054816
6653,1.0902527786739342,1.8325359548684483,1.155939326425547
6654,2.260769053203274,2.608610339179604,2.949306386175783
6655,-0.3341491112476653,0.4857636041648497,1.54591971191914
6656,2.2897830730107738,1.220605902544398,2.523767152781344
6657,-0.8351187511174083,-1.9008641175943843,-2.5165138968881418
6658,-1.922696196773212,-2.6141257275454164,-1.7143889230204838
6659,-0.3143228361665551,-1.9413868363858489,0.2730686215831701
6660,1.2298857136537695,0.3811517092912938,1.4680771210511412
6661,-2.739388509987355,-2.800955841914569,-2.8865428793148564
6662,0.8388618290282889,1.3951865298834574,2.0578877402834155
6663,0.7137082012512512,-0.5919810538621977,-1.42537535424492
6664,-1.611798959178154,-1.0137863388617665,-0.405017241666659
6665,1.3058304945218997,-0.6454183146027096,-0.5462169334033087
6666,-1.1500662589683313,-1.8093686234049235,-1.8861002362414625
6667,0.0921527695500101,0.9902157687950583,-0.4717800207242331
6668,3.027703401963671,2.791168138600157,2.954005030854901
6669,0.269581334680767,2.441841623103342,1.65741253366585
6670,2.585937401458012,2.5010346016842337,2.165390817666936
6671,0.4026795027442399,0.9142810235191868,2.0994827408331407
6672,1.6154840534098474,1.7006783778264083,1.2629957556174491
6673,-0.2109385744909159,-0.6457226762544834,-0.976428655784066
6674,0.8199649505899442,0.0437536751403662,-0.1922414171521907
6675,3.048365441048011,2.0587783914194,2.594516003917348
6676,0.5873405629373858,-0.7711260780399665,-1.2208025078734863
6677,-2.7905113401469475,-2.263698619703731,-1.6335879075524962
6678,-1.185679927031619,-3.870488661758753,-2.472405679610769
6679,-2.268368466127632,-2.6912584937501656,0.5991546105333806
6680,0.0812847112324584,0.589301633090749,-0.0518669143250204
6681,1.7483575725649003,1.987982409847032,1.314493821532616
6682,1.0773687725373702,0.8519449756185369,0.6700356750273367
6683,-1.079244063470936,-0.7071350657324826,0.0896067288712229
6684,-2.048214587925962,-2.9111514556575617,-3.384898830673455
6685,-1.6000706702834953,-1.2148164341444925,0.6344324465226144
6686,1.956407788755549,1.124078800543765,1.0997044617680705
6687,0.048666172431777,-2.2620757452301854,-1.07081739426562
6688,1.4306396566670143,0.2379001046740147,0.0374801353208463
6689,1.1252421427793389,0.765505740409641,1.4942777536994385
6690,-0.2334194512008808,-1.2601485710718958,-0.8978915691795222
6691,-0.479467361046296,0.5088602384856857,-0.4291198133924803
6692,-1.1750094277910808,-2.180827860929569,-1.9741670079186409
6693,1.4568166323861451,1.4415491433519267,0.2148034131392562
6694,0.4232684198108304,-2.4744338773329164,-0.3348956658520716
6695,-1.4455443310622378,-1.3564899412417688,-1.8661354483311232
6696,-0.1024624577595352,-0.2597080733816669,-2.214290145552265
6697,0.6911998696410148,-0.5742733203263215,0.5181589446763375
6698,1.2114600889844227,1.218871239406198,-1.1127850785567697
6699,-0.9388821102294362,-0.7875189133897983,-0.5517789659766428
6700,2.578514879995765,2.507935766237045,2.6756657631518905
6701,-0.996484227673544,-1.5745466710914753,-3.401625925786749
6702,2.1099853388914784,2.6908492846490453,2.6697777288442546
6703,-0.7085260822490711,0.5928135778107229,-0.6147092912325876
6704,1.995356251425764,1.559806984812235,1.688473047841467
6705,1.6950251386609998,0.4470956778897241,-0.7336375316533186
6706,-0.0366319620977673,0.9475944086660004,1.8629601192745144
6707,-0.7225179455569367,-1.4224513393129443,-1.9104153481463548
6708,0.9231921109901908,1.08484196496661,0.9376966291104636
6709,2.8164026390679133,2.605296271034756,3.6599854839534256
6710,1.29641750406623,0.964369263611636,1.3936145053540123
6711,0.1429523045404859,0.6950165911344901,-0.3544585428408023
6712,2.0397362313926504,1.88110249640825,1.4884552040810686
6713,-0.8180391491260264,0.6719792523603744,0.764803095143662
6714,-0.2276329548925175,1.3946531095076655,-0.2760800123662419
6715,-0.5383367620137676,1.37404793721856,1.3182835043721033
6716,-2.489334152646929,1.539962941713987,-1.8603956099430423
6717,0.1538719489376879,0.5798535050601474,-0.5217126946807152
6718,0.0914597606261127,1.1620110781033135,-0.7180152857106485
6719,0.4503339624586334,0.3799188882484634,0.187195710739951
6720,-1.2315841111864465,-0.2029433962583683,-0.3024835061763491
6721,-1.83080762818814,-1.1948397396053578,-2.476217245710443
6722,-1.228195676419705,-1.4043209492664226,-0.4205522886697488
6723,-1.6968020386951816,-1.8609504778724093,-0.5650532653079072
6724,0.7937880717439976,1.7388190284233271,1.8718402628234871
6725,2.411716073087525,2.604481150264572,2.281976008960646
6726,-0.805511380533557,-1.3013877905458842,-1.6695209678497025
6727,-0.7963508704895208,-1.1168047424653498,-1.7002403841411224
6728,-0.9743987050440356,-0.3935859752011257,-0.6163628382979213
6729,1.1555960669288754,1.2814020781270723,2.3465397522654547
6730,0.843913390978174,1.587132741155916,1.006128351174708
6731,0.3289906951978075,0.4758387344202334,-1.7144763537972838
6732,0.6091384918557786,0.3226208820439342,0.4310979813117069
6733,0.1296286168590184,-0.7225420873763402,-1.1309197014135337
6734,-1.3029647669235285,-1.5491828429303032,-2.40537993318702
6735,1.3674776686257015,0.5699100246556813,0.3506474292026929
6736,-1.3538171074199614,-3.1820588494556103,-2.897192172817337
6737,0.7070207699942717,0.9133771877591944,1.4663111529171804
6738,-3.126430712533961,1.5848444658016103,1.0504105701398505
6739,-1.213590577681115,-1.4600699587116732,-0.6736387815599568
6740,2.0615496426818787,2.1178363362090944,2.282566557551064
6741,-2.1391282659880138,-2.615597790861347,-2.214668693923058
6742,-0.2716288566344922,1.0263167703358282,-2.251852978870512
6743,0.1762418510811703,0.3982815168956892,1.098198057967004
6744,1.035748342127313,1.666187142769055,1.805733380894187
6745,0.3042120356719706,0.4468669658195128,-0.8941713761204928
6746,-1.237471815008931,-1.3486307742107684,0.2944259025113801
6747,-1.0467809617661905,-1.952145765124834,-1.0469225549267558
6748,-1.032450692599775,0.1185424398011097,-1.7459807798905578
6749,0.454393525707405,1.6915309865943358,-2.036727067871068
6750,0.6892973687832655,0.5554817726882253,0.6389462216336154
6751,0.3781560901145565,1.3286934941668893,0.511840778915822
6752,2.286517036220118,2.8682182927312363,2.874575804684506
6753,2.2828898564911726,2.6034346663024657,2.9545073639402823
6754,2.7944306236704226,2.171039453448778,1.7359469014064592
6755,1.0010817511246326,0.2391687519833562,-0.1471424139400008
6756,-2.0781172786115407,1.2598198979033488,1.5892715356867475
6757,-1.8644893568780128,-1.6583960039344827,-2.493795562587651
6758,1.9305900669392653,1.261388688534704,2.860940915266738
6759,-1.1586890314399945,-1.3010920083861115,-0.2594498738488095
6760,-0.3445702904254643,-0.0244820597346795,0.2650396606380174
6761,0.7835562190489314,-1.0193102937214686,-0.9531998071502834
6762,0.90040844425025,1.1428504744138075,-0.1892570733941568
6763,0.7421436856171126,-0.7326646462279383,1.0262747730374624
6764,0.448004697098208,-0.2304177502946258,-0.3410796201840365
6765,2.0615000777499164,1.8406839314363448,1.7269110423698826
6766,-1.3522415507847605,-1.239924013936619,-1.6824804707539085
6767,1.475677293267646,0.8144359726220719,1.170903559710766
6768,2.069668482255948,1.2581373170746193,3.1452673734091205
