item_id,cn_ftllm_output,de_ftllm_output,es_ftllm_output
1,-2.760516405105591,-2.18045711517334,-2.7406482696533203
2,-2.681548357009888,-3.0302956104278564,-2.9521658420562744
3,1.3342976570129397,1.508631706237793,2.30350923538208
4,0.9729703664779664,1.3728904724121094,2.351410150527954
5,-2.887707471847534,-2.1208786964416504,-3.872544765472412
6,-1.263859510421753,-0.0163617134094238,-1.021805763244629
7,2.994277000427246,2.31176233291626,2.984416961669922
8,-0.279219388961792,1.2177633047103882,0.220799058675766
9,-0.3002723455429077,-1.4730466604232788,-0.7344628572463989
10,-2.3356943130493164,-2.112774610519409,-0.1661399900913238
11,2.502476930618286,-0.9491297006607056,-0.1052478551864624
12,-1.003072738647461,-0.5501453280448914,-1.0559064149856567
13,-1.1571009159088137,-1.5489826202392578,-1.4561389684677124
14,-0.1880836188793182,0.0042588710784912,-0.1351972371339798
15,-2.1539039611816406,-1.2592756748199463,-1.8003183603286743
16,2.9608845710754395,1.6988683938980105,2.54495620727539
17,-0.7743492722511292,0.1937324404716491,-0.6262937784194946
18,2.354526996612549,3.067233324050904,2.3753020763397217
19,-0.259276419878006,0.1951981782913208,-0.9386333227157592
20,-0.6704058647155762,-0.9672363996505736,0.2412083745002746
21,-1.917543768882752,2.323241710662842,2.351648569107056
22,3.074371337890625,2.2484915256500244,2.067346811294556
23,-1.902254939079285,-2.726208209991455,-2.9707465171813965
24,-0.0825777947902679,0.3060315251350403,2.057955026626587
25,0.1539055705070495,-0.957245707511902,-1.4611632823944092
26,1.1362669467926023,0.4432375729084015,0.6419106721878052
27,-2.270390272140503,-2.039238214492798,-0.6935918927192688
28,-1.4240049123764038,-0.2828850150108337,0.0197660028934478
29,-1.6020570993423462,0.0223336815834045,0.1190180480480194
30,-1.0039764642715454,1.1333502531051636,0.3885073661804199
31,-1.9683395624160769,0.2774994969367981,-2.714639186859131
32,2.191946268081665,1.9428598880767824,2.2519686222076416
33,-2.7964184284210205,-1.196614146232605,-1.5379897356033323
34,-1.6955938339233398,-1.1197394132614136,-1.3864495754241943
35,-0.1693029999732971,-0.7776172161102295,-0.1231656521558761
36,-0.757407546043396,0.2751275897026062,-0.2425899505615234
37,1.5379537343978882,0.0155645012855529,-0.0378867983818054
38,-0.6740497350692749,-1.1050548553466797,-1.020422101020813
39,-1.7245861291885376,-2.460937976837158,-2.368903636932373
40,3.182516098022461,2.554376602172852,3.5879647731781006
41,-2.242785215377808,-2.217060804367065,-1.0580165386199951
42,0.6268805265426636,1.3933401107788086,0.8040430545806885
43,0.6531349420547485,0.1180601119995117,0.2442184537649154
44,-0.4115967452526092,0.8534610271453857,1.1648919582366943
45,1.1653021574020386,2.8892927169799805,0.6718857288360596
46,2.0343713760375977,0.9385271072387696,1.960050106048584
47,-3.807962656021118,-3.1145522594451904,-0.6964526176452637
48,-1.822879433631897,-2.222693681716919,-2.131054639816284
49,-0.7960954308509827,-1.41488516330719,-0.5144813656806946
50,-0.3191840946674347,-0.927707850933075,-2.2187647819519043
51,-2.304243326187134,-0.612951397895813,-3.480323553085327
52,-0.4451101422309875,0.7041009664535522,1.0759958028793335
53,1.5254255533218384,0.3958032131195068,1.4653558731079102
54,-0.8949940204620361,-0.469727098941803,-0.8835003972053528
55,-1.6433600187301636,-0.3920575976371765,0.0068940222263336
56,-0.6990023851394653,0.3654518723487854,-1.7477854490280151
57,2.3282947540283203,0.9628098011016846,0.9537766575813292
58,2.923257827758789,2.288830041885376,2.868695020675659
59,-1.5905673503875732,0.9114264845848083,2.0617356300354004
60,-0.0050662159919738,0.0563506484031677,0.7991412281990051
61,-3.140409469604492,-2.0101613998413086,-0.722919225692749
62,0.5066485404968262,1.025855302810669,0.3689851760864258
63,1.7790594100952148,-1.7246254682540894,-1.3870700597763062
64,3.178318738937378,2.450521469116211,3.326338291168213
65,0.2014416456222534,0.1265648007392883,-1.7376022338867188
66,0.7087274193763733,-0.2465344071388244,0.7637851238250732
67,0.0069265663623809,-1.2266170978546145,-0.2118572294712066
68,-0.2138499021530151,-0.3894000351428985,-1.7728965282440186
69,0.987080454826355,1.2366913557052612,1.9612997770309448
70,-1.2312065362930298,-0.2004895210266113,-0.001709908246994
71,-2.42236852645874,2.084705114364624,1.2362093925476074
72,1.4953153133392334,0.0646265149116516,0.6658268570899963
73,-1.1590864658355713,-0.8184818029403687,-2.0088653564453125
74,2.389012098312378,2.443302631378174,-0.0727020800113678
75,-2.6767401695251465,-1.9295341968536377,-3.241598606109619
76,-2.612770795822144,-1.661270260810852,-2.695675611495972
77,-2.699444055557251,-2.9193289279937744,-2.129229784011841
78,2.508467435836792,2.4322187900543213,2.742194890975952
79,0.7806715965270996,1.360912561416626,1.382284164428711
80,-1.425061583518982,-1.331233263015747,-1.4575823545455933
81,-1.6156965494155884,-1.0370190143585205,-0.3832122981548309
82,-0.8197057247161865,-2.234318256378174,-3.0368566513061523
83,-0.2094707489013672,1.0703109502792358,1.0150874853134155
84,-1.1883611679077148,-1.3612840175628662,-1.908199906349182
85,-0.2628911137580871,-0.817592442035675,-0.5628765225410461
86,-1.4284636974334717,1.130789279937744,1.2189439535140991
87,-0.8744488954544067,-0.610432505607605,1.5066862106323242
88,1.094387412071228,-0.9255365133285522,-0.6810178160667419
89,-1.7354457378387451,-0.5761759281158447,-1.1440540552139282
90,2.445843458175659,1.2813273668289185,2.502077579498291
91,-0.061667263507843,-0.1828365921974182,0.5700054168701172
92,-0.5865129828453064,1.145402431488037,-0.3737010955810547
93,2.686124324798584,2.240184783935547,2.498570919036865
94,2.040685176849365,2.247685670852661,3.2156777381896973
95,-3.2367641925811768,-2.959675073623657,-3.14743709564209
96,-1.900216579437256,-1.9311343431472776,-2.459723949432373
97,2.465026617050171,3.149923086166382,2.871227502822876
98,-1.0796066522598269,-0.912053108215332,-1.8190525770187376
99,0.4224083721637726,1.832141280174256,-1.2125904560089111
100,2.72770094871521,2.36568570137024,3.080052137374878
101,-0.4316609501838684,2.200591325759888,1.851214408874512
102,-2.497196674346924,-2.228598117828369,-2.672479152679444
103,2.885641098022461,2.5323944091796875,3.265549659729004
104,2.455275058746338,1.5716204643249512,1.9593000411987305
105,1.7049413919448853,1.6868501901626587,-1.015101432800293
106,1.895509958267212,1.796339750289917,2.461775064468384
107,0.8832809925079346,0.6431111097335815,0.7049393057823181
108,-0.707542896270752,-1.652580976486206,-1.627132534980774
109,-2.4665818214416504,-2.2354118824005127,-2.036590099334717
110,-0.9806669354438782,-1.9619511365890503,-1.797835111618042
111,1.6038007736206057,0.4918612539768219,-0.4801304936408996
112,-2.5767033100128174,-1.423723578453064,-3.157630920410156
113,-1.8044841289520264,-1.1718263626098633,-1.7926521301269531
114,-0.4691009521484375,0.030682623386383,-1.949418544769287
115,0.3005828261375427,-0.0091747641563415,-0.951043963432312
116,-1.473303198814392,-1.1354436874389648,-0.6229785680770874
117,-0.9947429299354552,-2.171761035919189,-2.059870719909668
118,-2.150599718093872,-1.5605772733688354,-0.6833385825157166
119,-1.0167100429534912,-0.1836434006690979,0.0010631084442138
120,-0.871094286441803,-0.868279218673706,-2.67734432220459
121,1.2635953426361084,0.7517522573471069,0.5805485248565674
122,0.2089747190475464,-0.5931447148323059,-0.247980922460556
123,-0.0005711913108825,2.6408944129943848,0.8303713798522949
124,-0.9014679789543152,-0.6924790143966675,-1.3750864267349243
125,3.026390552520752,1.446282982826233,2.5611166954040527
126,0.710528552532196,1.5127720832824707,0.9306912422180176
127,-0.5835273265838623,-1.7941911220550537,-1.7091556787490845
128,-1.8368427753448489,-1.3824880123138428,-1.2930638790130615
129,-2.724417209625244,-1.4947434663772583,-1.983921766281128
130,-2.4288363456726074,-2.64982271194458,-0.0722882151603698
131,-0.4980855286121368,0.2097638249397277,-0.382425308227539
132,-0.73862224817276,-1.1030608415603638,-2.221219539642334
133,1.1466755867004397,2.171759605407715,0.9098702669143676
134,1.3154311180114746,0.5465598106384277,-0.6610286831855774
135,1.291603684425354,0.8399678468704224,0.465444952249527
136,-2.0989041328430176,-2.062967300415039,1.1943060159683228
137,-2.6643528938293457,-1.2609683275222778,-2.219620943069458
138,-1.526246190071106,1.797038197517395,-0.878294825553894
139,-1.0131899118423462,-1.741002917289734,-1.1587471961975098
140,-2.2475509643554688,-1.1641573905944824,-0.5292491316795349
141,0.214968740940094,2.214950561523437,2.5780627727508545
142,2.46193528175354,2.860452651977539,0.8632237315177917
143,-0.2404942810535431,0.4649987518787384,-0.4726373255252838
144,1.6269381046295166,-0.4822458922863006,0.9771146774291992
145,-2.144977569580078,-0.2442774474620819,-1.1071791648864746
146,-2.444019079208374,1.9861325025558472,-2.2716994285583496
147,0.2249366044998169,0.2455717325210571,-1.034886598587036
148,-2.013437986373902,1.1423017978668213,1.50102436542511
149,0.3789958953857422,-0.8785809278488159,0.4430703222751617
150,1.4682146310806274,0.3730648756027221,-0.5898218750953674
151,0.1246973276138305,0.116212785243988,0.6684563159942627
152,0.8854306936264038,-2.0141966342926025,-2.973650932312012
153,-0.2291811406612396,0.7201205492019653,-0.4953050017356872
154,-2.400609254837036,-1.1086634397506714,-0.2796300053596496
155,1.7913826704025269,1.1714513301849363,-0.4502298831939697
156,-2.411769151687622,-1.569523811340332,-2.526763916015625
157,-0.8789817094802856,2.40522575378418,0.9991647005081176
158,-2.950303554534912,-2.559385299682617,-2.849855422973633
159,-1.79267156124115,-1.7638630867004397,-1.212045192718506
160,-1.1424943208694458,-0.6304792165756226,-2.195716619491577
161,0.0264035463333129,-2.50146222114563,-1.3567285537719729
162,-3.7501416206359854,-2.6866331100463867,-2.988755941390991
163,0.2542036771774292,-0.4778434932231903,-0.4966243803501129
164,-0.3632487952709198,-1.277173399925232,-0.780560314655304
165,-0.0622935891151428,-0.8467621803283691,-1.5416617393493652
166,1.6396626234054563,1.4807090759277344,1.3505290746688845
167,-2.0117411613464355,-2.746340274810791,-0.3921693563461303
168,2.329208374023437,2.284991979598999,2.1255042552948
169,-0.8163646459579468,1.5898716449737549,-0.0719126164913177
170,2.137735366821289,1.2271182537078855,2.4873478412628174
171,-2.743194103240967,-2.4537816047668457,-2.951917886734009
172,1.1837401390075684,1.4726943969726562,1.394015908241272
173,-0.6545819640159607,-0.0724970698356628,2.1280081272125244
174,2.662674188613892,1.3331071138381958,2.124720573425293
175,1.1579818725585938,1.7676348686218262,3.083994626998902
176,-1.0311758518218994,-1.0006479024887085,-2.112952709197998
177,-1.151124358177185,-0.5969619750976562,-2.284172534942627
178,-1.0928953886032104,-1.7540894746780396,-1.3723804950714111
179,-2.0953474044799805,-0.95710688829422,-1.945799231529236
180,0.5603660345077515,-0.7620646357536316,-0.5502240657806396
181,-2.108860731124878,-1.5700610876083374,0.1007014065980911
182,-1.9067561626434328,-1.0371094942092896,-1.935665726661682
183,1.2749760150909424,1.9672601222991943,1.7562276124954224
184,-2.796603441238404,-1.3703789710998535,-0.1985318660736084
185,2.5998806953430176,0.4105032682418823,2.383797407150269
186,2.2832634449005127,2.2710204124450684,3.484682321548462
187,-2.0721189975738525,1.0930719375610352,-1.7756136655807495
188,-2.986371755599976,-3.3197312355041504,-2.3866491317749023
189,-0.5759413242340088,-2.12980318069458,-2.383086919784546
190,-2.476219654083252,1.7069265842437744,2.001880407333374
191,-3.0192711353302,-3.027409791946411,-2.73171615600586
192,-1.2550649642944336,-0.2222996354103088,-1.2925868034362793
193,2.465781211853028,1.8675212860107424,2.339564800262451
194,-0.6394925713539124,-0.3125515580177307,-1.474939465522766
195,-0.1968199014663696,-0.3385886549949646,-1.9667946100234983
196,1.289359450340271,2.237513542175293,1.1088080406188965
197,1.9092493057250977,-1.500818967819214,0.0545220971107482
198,-2.886152982711792,-3.19819974899292,-2.504593849182129
199,0.4131636917591095,2.210353374481201,2.847878217697144
200,-0.7235819101333618,-1.444450616836548,-0.9525801539421082
201,0.1151724159717559,1.3328461647033691,0.7164591550827026
202,-0.2273334562778473,0.946965217590332,0.4864872097969055
203,-3.063230276107788,-1.1639121770858765,-2.092817783355713
204,-0.944666028022766,-0.3108285665512085,-1.6877449750900269
205,1.3971120119094849,1.4878664016723633,2.615351438522339
206,-0.97532719373703,1.85340416431427,2.4812185764312744
207,-2.152276992797852,-0.4397123456001282,-0.16376793384552
208,-1.2567156553268433,-0.3613203465938568,-1.6019285917282104
209,1.717995047569275,1.2300307750701904,-0.6497160792350769
210,1.717138409614563,1.680056929588318,0.335453063249588
211,2.4089789390563965,3.1088693141937256,2.714775800704956
212,-0.9596003890037536,0.4642061293125152,-0.3426640629768371
213,-2.292274236679077,-2.493046283721924,-0.5459581017494202
214,-1.06899893283844,-0.2315176725387573,0.3698480725288391
215,1.9753741025924685,0.3431957960128784,0.980023980140686
216,-1.7228187322616575,-1.416567087173462,-1.457003474235535
217,-0.5978689789772034,0.0630049705505371,0.6670598983764648
218,-1.057197093963623,-0.2973116040229797,-1.8433936834335327
219,-0.3056128919124603,-0.0080425143241882,0.1289598494768142
220,-1.611261010169983,-2.180389165878296,-2.1075868606567383
221,-0.3606005012989044,1.8998126983642576,-0.6976883411407471
222,-1.726699709892273,-1.3310166597366333,0.0592031180858612
223,-2.225370645523072,-1.5996127128601074,-0.4854183793067932
224,1.554548263549805,0.008879005908966,-0.1147429943084716
225,0.312088668346405,-0.204116940498352,0.7428151965141296
226,0.4084329307079315,1.4590481519699097,-0.033850610256195
227,-0.8364726901054382,-0.3717667758464813,0.0712052881717681
228,-1.9275078773498533,-2.6705873012542725,-0.7794687151908875
229,-1.486807346343994,-1.4076114892959597,-1.3467025756835938
230,0.0559015274047851,1.0653023719787598,0.0856750011444091
231,3.1295971870422363,1.724412202835083,1.6981453895568848
232,-1.5336699485778809,-1.0797468423843384,-1.014153242111206
233,-2.102325677871704,-1.88293719291687,-1.7798802852630615
234,0.7792849540710449,0.4502641856670379,0.4958310127258301
235,1.2887789011001587,2.385772705078125,0.5002270340919495
236,2.8247857093811035,2.317024707794189,3.224022150039673
237,-1.4369895458221436,-0.6261414289474487,-2.9959254264831543
238,-2.233315706253052,-0.7349217534065247,-3.0147452354431152
239,-0.6113519668579102,1.699030876159668,1.0832070112228394
240,-1.287756085395813,-0.458389401435852,2.453465461730957
241,0.8716410398483276,0.320633053779602,-2.576676845550537
242,-1.0907894372940063,-0.7339937686920166,-1.7642970085144043
243,0.7363903522491455,-0.6894137263298035,-0.0328481197357177
244,-0.5788136124610901,-0.1373059153556823,-0.9557812213897704
245,1.7968971729278564,2.6332950592041016,-0.054509550333023
246,-1.371140956878662,0.5556910634040833,-0.3037788867950439
247,-0.6522891521453857,0.2737801074981689,-0.1574297547340393
248,2.3651115894317627,1.3795157670974731,0.244620144367218
249,2.393339157104492,0.966237246990204,2.0680465698242188
250,2.9934966564178467,2.2569613456726074,1.448667287826538
251,-1.4369959831237793,-0.999581813812256,0.8217068910598755
252,2.5614264011383057,2.3249833583831787,1.0481098890304563
253,0.5707176923751831,-0.638766884803772,-0.0717624276876449
254,-0.9169846177101136,0.4417071938514709,0.8521233201026917
255,-2.0719187259674072,-1.516191005706787,-0.6387789845466614
256,1.4665579795837402,-2.496209144592285,-2.3579087257385254
257,-0.5098645687103271,1.56144380569458,1.1092900037765503
258,-1.431504249572754,2.090182065963745,-1.411957025527954
259,-0.8719837665557861,-0.5148939490318298,-1.3440691232681274
260,1.9658769369125368,2.280229091644287,3.388005495071411
261,1.748807430267334,-0.2118256688117981,1.6307504177093506
262,-2.0792996883392334,-2.1076323986053467,-2.2750439643859863
263,0.5626614093780518,0.0245293974876403,0.0709037780761718
264,-1.308374047279358,-1.125926494598389,-0.9577627182006836
265,-1.0970808267593384,-0.8565337061882019,-0.0263569951057434
266,-1.258312463760376,-0.2974897027015686,-0.1071327328681945
267,-0.4454393982887268,-0.7062987089157104,-0.412379652261734
268,1.9665354490280151,2.421358346939087,1.9739829301834104
269,-1.8085843324661253,0.0237958431243896,-1.7714074850082395
270,0.1711429059505462,0.1493829488754272,-0.3941504955291748
271,-1.900135517120361,2.1087214946746826,-0.9584303498268129
272,-2.0074462890625,-1.9759445190429688,-1.7766183614730835
273,-1.9983139038085933,-1.595935344696045,-2.008867025375366
274,-2.7111129760742188,-2.9925386905670166,0.0942866504192352
275,0.3162862360477447,-1.235949993133545,-1.7504602670669556
276,-1.0337830781936646,1.113996505737305,-1.0615010261535645
277,2.295990467071533,1.977646946907044,0.5268100500106812
278,2.505887508392334,2.365914821624756,3.141207695007324
279,-1.735523343086243,0.6810815334320068,-1.4645700454711914
280,-1.5576637983322144,-1.8923975229263303,-1.1260510683059692
281,0.6509776711463928,-0.3763529062271118,-0.6088303327560425
282,-2.522343635559082,-2.365325450897217,0.1123662590980529
283,-2.989217758178711,-1.045984387397766,-1.738736629486084
284,-1.037268042564392,0.6648072004318237,0.7125511169433594
285,-0.3844970464706421,-0.9770792722702026,-0.8766478300094604
286,1.6630321741104126,1.5587221384048462,1.5714129209518433
287,-0.5959776639938354,-2.05698037147522,-2.969493865966797
288,1.4293726682662964,0.5457286834716797,1.624216914176941
289,3.180377244949341,2.332564353942871,2.8980698585510254
290,-0.8427138328552246,-1.232985258102417,-0.9575571417808532
291,2.9199769496917725,2.370337009429932,2.6885344982147217
292,-2.768416166305542,-2.0321617126464844,-1.848999261856079
293,2.9153432846069336,2.501071691513061,2.762120246887207
294,-2.501702070236206,1.290920615196228,2.072742462158203
295,-0.2134836912155151,1.418039321899414,-0.8871836066246033
296,-0.4237129390239715,-1.1675623655319214,-0.1288454532623291
297,1.6444973945617676,1.5434303283691406,1.897451400756836
298,-1.1055132150650024,-0.31236332654953,-1.290432333946228
299,0.1285528242588043,0.3566852807998657,-1.564131259918213
300,1.754774570465088,1.4650005102157593,1.9851937294006348
301,-2.0001540184021,-1.2970829010009766,-2.5648014545440674
302,-1.2487872838974,-1.6625399589538574,-0.7720940113067627
303,-2.162603616714477,-2.09863805770874,-1.0083316564559937
304,-0.8704400062561035,-1.4834811687469482,-2.181717157363892
305,-0.4045847356319427,-1.158596754074097,-0.7862295508384705
306,-0.1884498000144958,-0.2887724041938782,0.6402551531791687
307,0.6211110353469849,2.876415967941284,0.2988641262054443
308,-3.332087993621826,-1.4784362316131592,-2.362074375152588
309,0.735575795173645,-0.4361068606376648,0.0739448964595794
310,-1.3640393018722534,-1.693049430847168,-1.3114129304885864
311,-0.0251871049404144,-1.2492765188217163,-1.2134580612182615
312,-0.2558150291442871,0.0149074792861938,-1.292356252670288
313,2.4066691398620605,2.058088541030884,1.9067498445510864
314,-1.072959542274475,-0.4040178656578064,-1.1216187477111816
315,-3.237761974334717,-0.3669490218162536,0.4781515002250671
316,-0.995343804359436,0.3555911183357239,-0.6158477663993835
317,2.066335439682007,0.2014641761779785,-0.5243487358093262
318,1.5461710691452026,2.3238658905029297,1.598536252975464
319,-1.2584681510925293,-1.2667964696884155,-0.7692756056785583
320,-2.949774980545044,-0.2633746862411499,-1.9494318962097168
321,1.40026593208313,1.5409592390060425,1.783240556716919
322,-0.4683904647827148,-1.8050130605697632,-1.6817609071731567
323,-1.1426385641098022,0.2283031344413757,2.1265037059783936
324,-2.3151605129241943,0.4787890613079071,0.5119112730026245
325,-1.0758802890777588,-1.0418239831924438,-0.8423815965652466
326,0.2033655047416687,1.1022109985351562,0.4961018562316894
327,1.0596696138381958,0.0116603374481201,0.1988225728273391
328,1.6403136253356934,0.9550174474716188,0.225829929113388
329,-0.2174861431121826,-0.0085414052009582,0.1735080480575561
330,0.5654028058052063,-0.0962372422218322,0.0496637523174285
331,-0.5025246739387512,-1.616125464439392,-1.523040771484375
332,2.0997016429901123,1.879662036895752,2.203725576400757
333,0.1101605892181396,1.0090012550354004,1.891205072402954
334,-0.2428694665431976,-0.5588942170143127,-0.7826464176177979
335,0.8733229637145996,1.9258840084075928,0.4615634083747864
336,-1.4040766954421997,-1.2470552921295166,-2.675523042678833
337,-2.796618938446045,-0.3467321395874023,0.7715957760810852
338,1.4238327741622925,-0.5038577318191528,-0.2699781656265259
339,1.5530359745025637,1.7753016948699951,-0.1534043550491333
340,-2.362384080886841,-2.04148530960083,-1.5857367515563965
341,-1.663519263267517,-0.3316527009010315,-1.4039198160171509
342,2.751701593399048,2.593273162841797,3.2524964809417725
343,-0.7387642860412598,0.0664354562759399,-1.3756635189056396
344,-0.1517716646194458,0.2399436831474304,-0.2567344307899475
345,-1.071346640586853,-1.8658971786499023,-1.611043095588684
346,-1.851729154586792,-2.308382749557495,-0.673869252204895
347,1.2623523473739624,1.814409852027893,1.2114112377166748
348,0.0928121209144592,-2.596925735473633,-1.9089537858963013
349,-0.6618320941925049,1.286612629890442,0.661323070526123
350,3.1753969192504883,2.4227352142333984,3.585201978683472
351,1.106096267700195,1.3858647346496582,1.119887351989746
352,-0.9553008079528807,0.7055054903030396,-1.3838704824447632
353,-1.9083298444747925,1.272300362586975,-1.1423358917236328
354,-1.794410228729248,-2.92969012260437,-2.245046854019165
355,-1.998862743377685,-1.540881633758545,-2.860015630722046
356,-1.090205430984497,-0.376384288072586,0.4658917188644409
357,0.3246063590049743,-1.1792564392089844,-0.3683922290802002
358,1.4718470573425293,1.2419915199279783,0.8410695791244507
359,-0.4685896039009094,-0.3446187973022461,-0.1254860162734985
360,0.9164083003997804,-0.5297809839248657,1.9854875802993768
361,0.6218940019607544,1.256852626800537,-0.2307519912719726
362,-2.57791519165039,-2.1840341091156006,-1.9812195301055908
363,-0.6283131837844849,0.4920721650123596,-1.4687882661819458
364,-0.6278167963027954,2.1100542545318604,-1.3418996334075928
365,-1.7057980298995972,-1.159919261932373,-2.485745906829834
366,0.3069947361946106,-0.887908935546875,-0.9628000855445862
367,-1.3468631505966189,-0.1671249866485595,2.533775568008423
368,0.0119896531105041,0.368999183177948,-1.329182744026184
369,-2.8187196254730225,-1.8519097566604608,-2.451046228408813
370,2.2505757808685303,-0.2656441330909729,-0.631338894367218
371,-0.7705321311950684,0.2771612405776977,-0.6630651354789734
372,-0.0318892300128936,-0.8962196111679077,-1.0357403755187988
373,-1.1022216081619265,-1.8298792839050293,-3.296008586883545
374,0.0359063744544982,-0.2998026013374328,-1.5595951080322266
375,0.4452096819877624,0.6710901260375977,0.7365972399711609
376,0.7512065768241882,0.2403864860534668,-1.3477449417114258
377,-1.4761943817138672,0.7905259132385254,-0.725081741809845
378,0.6941995620727539,-0.9265161752700806,-0.5956631302833557
379,1.945817232131958,0.1591125726699829,0.1932298243045807
380,-2.0908279418945312,-2.3765790462493896,-2.2283434867858887
381,1.0890120267868042,0.032774269580841,0.931606650352478
382,0.7223448753356934,-0.0539855360984802,0.1501869857311248
383,0.7095866203308105,0.7849544882774353,-0.0358390212059021
384,-4.128867149353027,-3.0908892154693604,-3.6955745220184326
385,-1.8190436363220213,-1.797223687171936,-2.394161939620972
386,2.9935109615325928,2.402533054351806,2.728395462036133
387,-2.3066606521606445,-1.140485763549805,-1.9861702919006348
388,-3.045593976974488,-2.279945611953736,-2.034193277359009
389,-1.4782410860061646,-2.558987855911255,0.0699202418327331
390,-0.3602116703987121,-0.3898565173149109,0.0530752539634704
391,0.3645359575748443,1.547825813293457,0.6407281756401062
392,-0.4234795272350311,0.2584909796714782,0.7269027233123779
393,-0.843256413936615,-0.5991944074630737,-3.042343616485596
394,1.8563780784606927,0.9637809991836548,1.4445343017578125
395,-0.2335366904735565,-0.8968512415885925,-0.1370230466127395
396,-1.6929394006729126,2.088175773620605,-1.9608309268951416
397,-0.583788275718689,-1.3983944654464722,-0.932201325893402
398,-2.293116569519043,-0.3655380010604858,-2.7665276527404785
399,0.5355497598648071,-0.3895390331745147,-1.9923874139785769
400,-2.041548490524292,0.2111061811447143,-3.20850133895874
401,3.136528730392456,2.5124616622924805,3.588602304458618
402,0.1544931530952453,-0.8820836544036865,0.2977675497531891
403,-2.060574769973755,-2.9945321083068848,-2.479586601257324
404,2.901019334793091,2.528317928314209,3.1479623317718506
405,-2.2843027114868164,-2.1730332374572754,-2.223989963531494
406,-0.5804932117462158,0.6000281572341919,2.1422739028930664
407,1.4065537452697754,2.070859670639038,0.8900260925292969
408,0.4529994130134582,-0.0435592532157897,-0.2812935709953308
409,-1.8088908195495603,-2.175074338912964,-2.677695035934448
410,-0.910457968711853,-2.023725271224976,-1.5515151023864746
411,-2.6819818019866943,0.4369018077850342,-3.0761735439300537
412,-0.9012301564216614,-0.8311967849731445,-1.778854250907898
413,-0.7744845747947693,-2.4631855487823486,-0.7387580871582031
414,-2.101439952850342,-2.9551565647125244,-3.0203216075897217
415,2.041619777679444,1.9071080684661863,2.3891398906707764
416,-0.2057991325855255,0.7849473357200623,-0.7246363162994385
417,-0.5645500421524048,-0.6805470585823059,-0.4809354543685913
418,-1.7831543684005735,-2.412026643753052,-2.0862183570861816
419,-1.0127307176589966,2.221360921859741,2.352083921432495
420,0.9837247133255004,1.0313152074813845,-0.9597707986831664
421,-0.7197574377059937,-2.665085554122925,-2.886981964111328
422,-0.4123197793960571,-1.864407539367676,-2.0627105236053467
423,1.0748858451843262,1.579960584640503,0.2821166813373565
424,-1.0698795318603516,-2.5079920291900635,0.730114221572876
425,-0.072853684425354,2.184115409851074,-0.2978639900684356
426,2.618072748184204,2.050539255142212,2.5608487129211426
427,-1.5255876779556274,-0.6013660430908203,-0.4413889646530151
428,0.5900375843048096,-0.4928353726863861,-0.125138521194458
429,-2.372802734375,-0.9276021718978882,1.7745492458343506
430,-0.8045002818107605,1.865095853805542,-1.2897039651870728
431,-0.7350692749023438,-0.6991338133811951,-0.7604807019233704
432,-1.8166579008102417,0.7058344483375549,-0.7776727676391602
433,1.0922454595565796,0.1552402377128601,0.8295646905899048
434,-1.914401054382324,-1.1675570011138916,-1.227556228637695
435,-2.5349035263061523,-1.790651559829712,-3.566334724426269
436,-0.2023980319499969,-1.8785388469696045,-1.9656615257263184
437,-1.4923455715179443,1.1798521280288696,-2.083749771118164
438,-1.1580246686935425,-0.051989734172821,-2.223292350769043
439,-2.612998485565185,-1.9002797603607176,-3.0468053817749023
440,0.5462659001350403,0.5138132572174072,0.9924107789993286
441,-0.9556052088737488,-1.3314765691757202,0.4106669127941131
442,-2.1966311931610107,-1.1753700971603394,-2.02637791633606
443,0.4929579496383667,1.6341105699539185,2.074901342391968
444,-0.5300291180610657,-1.611561894416809,-0.8622074723243713
445,-1.6432058811187744,-2.101567268371582,-2.013784885406494
446,-0.8050270676612854,-0.5216174125671387,-1.0276758670806885
447,-0.9545333981513976,-2.463543653488159,-0.3370379507541656
448,-1.2498364448547363,-1.5275025367736816,-1.1522690057754517
449,-2.185776710510254,-1.2634742259979248,-2.8999009132385254
450,-0.9073909521102904,-0.5302609205245972,-0.1372182965278625
451,0.3245519995689392,1.752199649810791,1.3041390180587769
452,-0.4725700616836548,-1.0657943487167358,-0.8621764183044434
453,-2.1022987365722656,-3.22200870513916,-2.003505229949951
454,-0.6987007260322571,-1.9228317737579343,-2.765299320220948
455,-0.3306077122688293,-0.7062346339225769,-0.7977607846260071
456,-3.5210442543029785,-2.506023406982422,-3.0924017429351807
457,-0.4305869340896606,-0.2306422889232635,2.7372918128967285
458,-0.1605297923088073,-0.0568192601203918,0.4994608759880066
459,2.8058886528015137,2.050398349761963,2.2448060512542725
460,0.7736498117446899,0.2606400847434997,0.491665780544281
461,-2.2863776683807373,-2.859290599822998,-1.8783042430877688
462,0.2856287956237793,0.8625010251998901,0.645317554473877
463,0.8724137544631958,2.288029670715332,2.321632146835327
464,0.9746180772781372,-0.6889018416404724,-0.9127405881881714
465,0.4484097063541412,1.7692444324493408,-0.6289432048797607
466,0.5791323184967041,-0.2120543718338012,2.615241527557373
467,1.004141092300415,0.5225814580917358,1.252434492111206
468,1.608647108078003,1.4898284673690796,1.3059515953063965
469,1.5272446870803833,0.7568025588989258,2.0163509845733643
470,-0.6282288432121277,-0.4463562667369842,1.4616165161132812
471,2.988973379135132,1.6893523931503296,0.2048377692699432
472,0.6244109272956848,0.9361364245414734,-0.2195290923118591
473,0.8307254314422607,0.6289039254188538,0.1734097301959991
474,0.4915253221988678,-0.1869426965713501,-2.219581842422486
475,-1.811605453491211,-0.9729896187782288,-1.3538124561309814
476,-2.5704944133758545,-0.458003282546997,-1.982944369316101
477,0.3933470845222473,-0.1988061666488647,-2.509228467941284
478,-0.6784194707870483,-0.89393150806427,-0.492571473121643
479,-2.0025458335876465,-1.815424561500549,-1.341606378555298
480,0.7126274108886719,1.9513168334960933,0.7109315395355225
481,-1.1050392389297483,-2.141190528869629,-1.9506492614746087
482,-1.4809515476226809,-1.4329618215560913,0.4654563665390014
483,1.0722862482070925,1.5489404201507568,0.8787732124328613
484,0.2491342425346374,-0.217257559299469,-1.0448991060256958
485,-1.1293587684631348,-1.526517033576965,-2.293362617492676
486,-1.6154125928878784,-2.423050165176392,-0.749318540096283
487,-1.342034101486206,0.526066780090332,-2.259760856628418
488,-1.5032947063446045,-0.4975135326385498,-0.1193707287311554
489,-0.097854346036911,-1.2812947034835815,-0.2847874164581299
490,-0.0816641747951507,0.3559004664421081,0.7124314308166504
491,-2.48765230178833,-2.261230230331421,-1.459127426147461
492,-0.6024541854858398,-1.2473381757736206,0.3972339034080505
493,-2.105521440505981,0.044244110584259,0.0947202444076538
494,0.37003293633461,3.0275425910949707,2.51498031616211
495,1.5913689136505127,1.1954201459884644,2.7306675910949707
496,-0.705101728439331,0.1587399840354919,-1.1059924364089966
497,3.087379217147827,2.4122557640075684,2.955663681030273
498,0.4831076860427856,1.921175241470337,2.21463394165039
499,3.1069765090942383,1.906157374382019,2.511171340942383
500,-0.2544037997722626,0.8691268563270569,0.6263467073440552
501,1.004244327545166,0.372338056564331,-0.4939253628253937
502,2.173702001571656,1.724295973777771,1.470059514045715
503,-1.6434630155563354,-0.5192244052886963,0.4464294612407684
504,0.0984757542610168,1.5062785148620603,0.2685339748859405
505,1.0677251815795898,1.5796031951904297,1.1567761898040771
506,-1.256721019744873,2.577347993850708,-0.0908840298652648
507,1.5563573837280271,0.422593891620636,-0.7583698034286499
508,-1.4037740230560305,0.4553613066673279,0.3597264289855957
509,-0.2027722895145416,-0.315410852432251,1.2955974340438845
510,1.7668308019638062,-0.9857892394065856,-1.4621553421020508
511,-2.7246460914611816,-3.1346325874328613,-2.861391067504883
512,2.694105863571167,0.8937653303146362,1.5336921215057373
513,-0.3301191031932831,-2.340965747833252,-1.4932233095169067
514,0.4179634749889374,-0.6056830286979675,-0.5965339541435242
515,-0.6523292064666748,-1.1682782173156738,0.3794188797473907
516,1.8110800981521609,1.6111174821853638,1.8818548917770384
517,1.2051109075546265,0.3610447645187378,2.208447217941284
518,1.919897198677063,1.498788356781006,0.825965404510498
519,0.1285231411457061,-0.3163235187530517,-1.758970022201538
520,-0.0935446321964263,0.7355163097381592,-0.7427949905395508
521,1.8194127082824707,1.4959263801574707,-0.0828815102577209
522,-2.418461561203003,-1.308176040649414,-0.0744544863700866
523,-1.822437405586243,-1.0877901315689087,-2.3814828395843506
524,-2.19418740272522,-1.6645594835281372,-0.6732233762741089
525,1.7907241582870483,2.505005359649658,3.150118827819824
526,1.4814966917037964,1.437585949897766,-2.0071957111358643
527,1.6377819776535034,1.3455718755722046,0.8693249225616455
528,0.7463552951812744,1.240336537361145,0.2725589573383331
529,-1.3257508277893066,-0.2247413396835327,-1.4222960472106934
530,-0.921439290046692,1.2397230863571167,2.584402561187744
531,0.4571337699890136,1.2174056768417358,-0.3713169395923614
532,-1.4974948167800903,-0.1587464213371276,1.9205420017242432
533,1.6245923042297363,1.1506578922271729,0.1452270448207855
534,0.042874276638031,-0.2257765531539917,-0.7984567880630493
535,2.607350349426269,1.9715396165847776,2.2918741703033447
536,-0.2859666049480438,-0.6292427182197571,0.3680605590343475
537,-0.5909909605979919,-1.2543654441833496,-2.129706382751465
538,1.729955792427063,1.1110397577285769,-0.07192362844944
539,2.5627260208129883,1.788561224937439,2.886697292327881
540,-2.5013628005981445,-2.46578335762024,0.2688829302787781
541,-0.583673894405365,-1.54560387134552,-1.1309114694595337
542,-0.5300194025039673,1.1419661045074463,0.4750828742980957
543,1.7879878282546997,1.7362127304077148,0.3247823417186737
544,2.3276190757751465,1.6687077283859253,-0.5717595815658569
545,1.6349574327468872,1.0179027318954468,1.2488890886306765
546,0.2146466970443725,1.0486451387405396,0.9861711859703064
547,1.175131916999817,-0.214581698179245,0.0742456912994384
548,-0.0695231854915618,-1.3686107397079468,-0.4143272042274475
549,0.0765683650970459,0.0248731970787048,0.8153918981552124
550,-1.2847952842712402,-1.9683592319488523,-2.507915496826172
551,-1.8867695331573489,-1.723451018333435,-2.41906476020813
552,-1.4357281923294067,-0.517453670501709,-1.7829145193099976
553,-0.2475717961788177,-0.7051742672920227,-1.2015535831451416
554,0.7119256258010864,1.6996033191680908,1.2882553339004517
555,-1.2832566499710083,0.7172504663467407,-1.7363994121551514
556,3.122015953063965,2.4151930809021,2.31762957572937
557,0.225050687789917,1.5793348550796509,-0.6156294941902161
558,-0.3405552804470062,-0.800536572933197,0.3095888495445251
559,0.3867829442024231,0.4537590146064758,-0.7411020398139954
560,-0.2774991393089294,-0.9054223299026488,-0.6356805562973022
561,-2.102072238922119,1.941848993301392,-1.563710331916809
562,-0.4353891015052795,1.7726844549179075,2.379018545150757
563,-2.575330972671509,-0.697919487953186,-0.6412546634674072
564,0.4223826825618744,1.9869917631149288,-1.336904525756836
565,-2.417104959487915,-0.5438398718833923,-2.054054021835327
566,-2.233315706253052,-0.6892185211181641,-0.4787126183509826
567,-1.9109554290771484,-0.5927879810333252,-3.5661799907684326
568,1.4065858125686646,1.882838010787964,0.6640617847442627
569,0.7373085021972656,0.9376910328865052,1.1170471906661987
570,-1.4019997119903564,-2.198374509811402,-2.3942999839782715
571,-3.046165704727173,-1.517353653907776,-3.128230094909668
572,-2.419142484664917,-0.159678041934967,-2.5204577445983887
573,-1.9963892698287964,-0.6880820989608765,-1.7110912799835205
574,0.2163381576538086,1.4380518198013306,1.9012765884399407
575,-0.4725441932678222,-0.682134747505188,-1.757238507270813
576,2.9819626808166504,2.378317356109619,2.6801087856292725
577,-1.7415269613265991,-0.8470670580863953,-1.2483360767364502
578,-1.8161779642105105,-1.4076247215270996,-1.7672955989837646
579,-1.1250863075256348,-1.9295408725738523,-1.8027093410491943
580,-0.7053087949752808,-0.5211665034294128,0.0214700102806091
581,1.3522518873214722,0.1116903424263,0.0311034321784973
582,-0.5221139788627625,-0.8170524835586548,-0.6777967214584351
583,-0.4456610679626465,-1.2144421339035034,-1.4458335638046265
584,-2.186655282974243,-3.1948788166046143,-2.188992500305176
585,-0.0400850772857666,1.528112292289734,0.5002275705337524
586,-1.1039280891418457,2.1953628063201904,2.287254095077514
587,0.1146702170372009,0.1150797605514526,-0.2207878828048706
588,1.1511794328689575,2.802536725997925,1.880401849746704
589,0.2054072618484497,-0.0535321235656738,0.1620759814977646
590,1.087294578552246,1.4251807928085327,2.2911486625671387
591,-1.515764832496643,-1.52473783493042,-1.1430249214172363
592,1.0076940059661863,-1.2235615253448486,-0.5515348315238953
593,-1.40445876121521,2.173425912857056,-0.87387615442276
594,1.970925092697144,0.809289813041687,1.7939788103103638
595,-1.067387938499451,-0.1927990317344665,-0.6800094246864319
596,-0.4994321465492248,-1.08147132396698,-2.958573818206787
597,-1.3985172510147097,-0.1956465244293213,-0.4170444011688232
598,-2.646894693374634,-1.7208768129348757,-2.2564141750335693
599,-0.975610613822937,0.1533829569816589,-2.0051863193511963
600,2.107034683227539,0.7632327079772949,2.7225613594055176
601,-1.1897759437561035,2.204376697540283,-0.0196438431739807
602,-0.1900168061256408,0.0255775451660156,-0.7595160603523254
603,3.181342124938965,2.5874149799346924,3.2460763454437256
604,-2.081090450286865,-1.2096775770187378,-0.542926549911499
605,1.319024920463562,2.3314342498779297,-0.2364799529314041
606,-1.700668454170227,-1.4619280099868774,-0.3475462198257446
607,-0.9549256563186646,-1.07731032371521,-0.6367745399475098
608,1.5659050941467283,-0.2504756450653076,1.0725359916687012
609,1.870772242546081,0.5721408128738403,0.093581885099411
610,-1.1602990627288818,-0.5440551042556763,-0.0341192483901977
611,-3.327552795410156,-3.298530340194702,-3.304112195968628
612,-1.321054220199585,-1.6996042728424072,-1.4410583972930908
613,0.7851051092147827,0.4459862411022186,-0.7367852330207825
614,-0.6989018321037292,-2.2005884647369385,-3.4085845947265625
615,0.2190926074981689,0.6294684410095215,0.4190823137760162
616,2.6098577976226807,2.177604913711548,2.527160167694092
617,0.8595552444458008,0.7124072909355164,-0.5911499857902527
618,-2.3334317207336426,-0.948534905910492,0.3679176568984985
619,-0.5169321894645691,-2.463791608810425,-2.789618730545044
620,-1.600527286529541,-0.3173401355743408,-1.2658666372299194
621,2.679464101791382,1.634077548980713,2.3728435039520264
622,0.1131142675876617,-0.1232703328132629,0.2696490585803985
623,0.2867477536201477,-0.2848865985870361,-0.624714732170105
624,-0.6117978096008301,-0.5506452322006226,-0.4507459104061126
625,1.238584280014038,1.5911602973937988,2.205878973007202
626,1.400238871574402,0.7542959451675415,2.0569872856140137
627,1.7096068859100342,2.10441517829895,1.595294952392578
628,-0.985291063785553,-1.211822271347046,-2.355623483657837
629,-0.571708619594574,-2.128223896026612,-1.7564170360565186
630,-2.384671688079834,-2.0954153537750244,-3.181088924407959
631,-1.1732525825500488,-1.7127631902694702,-1.3852819204330444
632,-0.0148080587387084,0.7219609022140503,0.805229127407074
633,-1.090448021888733,1.4871917963027954,-0.1232192516326904
634,1.5913736820220947,1.4099634885787964,1.9058040380477903
635,0.4472814202308655,-0.5095770359039307,-1.5517206192016602
636,-1.802767634391785,-1.988020181655884,-2.301888465881348
637,-1.741532564163208,-0.2537274956703186,-1.1500781774520874
638,-2.011012554168701,-2.300668716430664,-1.3442301750183103
639,-1.3333003520965576,-1.2360159158706665,-1.374736189842224
640,-0.3910562694072723,1.8609094619750977,0.924675703048706
641,-0.7961852550506592,-2.1633002758026123,-2.698238611221313
642,-2.0445892810821533,-2.2700343132019043,-1.5684475898742676
643,1.4350032806396484,2.141198873519897,1.5056699514389038
644,-1.838754415512085,-1.4789834022521973,1.79758620262146
645,-2.2292919158935547,-2.233935594558716,-2.2232890129089355
646,-1.3692628145217896,-0.214281290769577,0.4612420797348022
647,2.44411301612854,2.23767638206482,2.514033555984497
648,1.174304485321045,0.8056232929229736,2.326960563659668
649,-1.5602107048034668,-0.9927215576171876,-1.44105064868927
650,-0.1231231093406677,-1.4243084192276,-1.37508225440979
651,-1.109639286994934,-1.1685558557510376,-1.058907985687256
652,-0.5788768529891968,-0.9771437048912048,0.393241286277771
653,-0.163794606924057,1.4135620594024658,1.4669313430786133
654,3.034266471862793,2.464513301849365,2.7427122592926025
655,1.9658138751983645,0.7390719056129456,0.5763144493103027
656,-0.6204428672790527,0.4475085437297821,-1.711971402168274
657,0.656743049621582,0.963802933692932,0.0248463749885559
658,0.7073526978492737,-0.6720377206802368,-0.0892542898654937
659,-1.2075361013412476,-1.3183521032333374,-2.467628240585327
660,-1.0433475971221924,0.3342348337173462,-1.4619789123535156
661,-0.7359570860862732,-1.9246004819869995,-2.10410475730896
662,3.1274638175964355,2.594449758529663,3.586699247360229
663,-0.5959776639938354,-0.3470532298088074,-1.5409507751464844
664,0.8354861736297607,0.1124597191810607,-1.4693199396133425
665,-0.1419985890388488,-0.9622136354446412,1.549254059791565
666,0.0040985941886901,1.5256136655807495,1.0247437953948977
667,2.968670129776001,2.2760167121887207,1.9069859981536863
668,0.3982599675655365,1.5773661136627195,1.5466488599777222
669,-0.1122294664382934,-1.64565110206604,-1.5564472675323486
670,-0.6013084650039673,1.5229309797286987,-1.9490432739257808
671,-1.899636387825012,0.4050405025482178,-0.4831712543964386
672,0.8651098012924194,-0.0434880852699279,-1.7945408821105957
673,-2.4540657997131348,-0.6788499355316162,-0.2541967034339905
674,-0.4535419046878814,0.1639752984046936,0.1290996372699737
675,0.2672026455402374,1.8707112073898315,1.2906423807144165
676,-2.633978843688965,-2.004744291305542,-3.10269832611084
677,-1.4737379550933838,-0.9915263056755066,-0.9661392569541932
678,-1.5024045705795288,-1.6008596420288086,-2.451038122177124
679,-0.4460850954055786,2.948578357696533,0.4101945757865906
680,-2.9443905353546143,-3.5513839721679688,-2.164091825485229
681,1.812304139137268,1.9200286865234373,2.377034902572632
682,-0.8717228174209595,-0.3496119379997253,-2.2334115505218506
683,-1.990530252456665,-1.2359058856964111,-1.6113909482955933
684,1.3231576681137085,-0.009849727153778,0.738501787185669
685,-1.3280375003814695,-2.116150379180908,-2.2076404094696045
686,0.0264615416526794,1.0434937477111816,0.4959901571273803
687,0.1767413020133972,0.1009253859519958,-0.263508677482605
688,2.1717634201049805,1.838494896888733,1.3093111515045166
689,-0.9574190378189088,-2.5569636821746826,-1.7240608930587769
690,-0.8698139190673828,-0.5116738080978394,-0.2812077701091766
691,-1.4326635599136353,-1.720166563987732,-1.6255701780319214
692,1.2777310609817505,0.5444307327270508,-0.1861368268728256
693,1.4834306240081787,2.099945068359375,0.8863630890846252
694,1.1731995344161987,-0.9278550744056702,-1.0401469469070437
695,0.0047203600406646,2.6750576496124268,1.015536546707153
696,-2.9107041358947754,-1.0461921691894531,-1.343306064605713
697,-0.3630981147289276,0.3297068178653717,-0.0892041027545929
698,-1.9134721755981443,-2.1388096809387207,-2.024508714675904
699,-1.7080382108688354,1.0068351030349731,-0.7044067978858948
700,-1.5027998685836792,1.4978902339935305,2.466970205307007
701,-0.4414494037628174,1.1253703832626345,0.6432684659957886
702,1.0450639724731443,0.3275954723358154,1.4958158731460571
703,-2.8080942630767822,-2.150078058242798,-1.9470374584198
704,3.16454815864563,2.4032793045043945,3.329149007797241
705,0.3882483243942261,1.4917702674865725,1.4460809230804443
706,0.8710176348686218,1.7139405012130735,-1.3659559488296509
707,-0.4188849329948425,0.549447774887085,0.2471301257610321
708,2.701342821121216,1.634057641029358,0.949377715587616
709,-1.1503307819366455,0.8748528361320496,2.1928842067718506
710,1.090749979019165,0.7428158521652222,-0.6916294097900391
711,-1.2469420433044434,-1.868272304534912,-3.2888875007629395
712,-0.0006371140480041,-0.2658447325229645,-0.3476017713546753
713,-0.9209504723548888,-1.2020795345306396,-1.2445497512817385
714,-1.82005774974823,-0.2678592205047607,0.637232780456543
715,0.8582369089126587,2.458923578262329,-0.5425519943237305
716,-3.4521563053131104,-1.1350693702697754,-1.925553560256958
717,-2.255490064620972,-1.6281765699386597,0.3297543227672577
718,-1.72999906539917,-0.8236045837402344,-1.6457819938659668
719,1.8017007112503047,2.001640558242798,-0.4554490447044372
720,-2.8737735748291016,-0.4038756191730499,0.3372029662132263
721,2.0829222202301025,0.5252686738967896,1.7039424180984497
722,0.655240535736084,0.7878597974777222,0.8153918981552124
723,-0.6177238821983337,-0.1723672747611999,-0.6981070637702942
724,0.6517976522445679,1.6240507364273071,-0.0503334999084472
725,0.9662110805511476,1.0627472400665283,1.1251769065856934
726,0.7865965962409973,-0.177880048751831,0.9988824129104614
727,1.47605299949646,1.656687617301941,1.9012396335601809
728,-2.3006491661071777,1.1545475721359253,2.549912214279175
729,-0.9753590822219848,-1.9239228963851929,-2.828458309173584
730,-2.194650888442993,-1.9981070756912231,-1.4544320106506348
731,-3.23775577545166,-1.410996437072754,-1.6405174732208252
732,-0.8165234327316284,2.000240087509156,-0.3804715275764465
733,0.114582359790802,0.4898616671562195,2.9305953979492188
734,0.1783065795898437,-0.9871028661727904,-0.3470612466335296
735,0.7279841899871826,0.3280724287033081,0.4823361933231354
736,-0.2808128893375397,0.1602194309234619,-0.2118351757526397
737,1.537988305091858,1.344630241394043,-1.0781878232955933
738,2.692212581634521,1.6705206632614136,1.5461599826812744
739,-1.1792478561401367,-2.2547879219055176,-2.1636340618133545
740,-0.2566147148609161,-1.0319151878356934,-0.5252828598022461
741,0.5812698006629944,-0.5619686245918274,-0.4831854701042175
742,-2.555943727493286,-0.7868738174438477,1.023107409477234
743,-0.8950304388999939,0.2491195797920227,-0.6620745062828064
744,-1.5683133602142334,-1.149341344833374,0.3282374143600464
745,-1.5602948665618896,-0.7066130638122559,-0.6972973346710205
746,-1.9080924987792969,0.4889703094959259,-0.1340186595916748
747,-2.708041191101074,-0.7482355833053589,-4.178251266479492
748,1.648015379905701,1.9459400177001955,0.9826613664627076
749,-2.515943765640259,-1.698947787284851,-1.7426061630249023
750,-0.6794900894165039,0.0110844373703002,1.2535632848739624
751,-1.522017478942871,-2.169929265975952,-2.7404797077178955
752,-0.2731812596321106,0.0161872506141662,-1.023539900779724
753,-0.2860807776451111,-0.9897764921188354,-1.7923860549926758
754,-0.3908886909484863,0.553922176361084,-0.0024396181106567
755,-0.758536159992218,0.0824062228202819,-1.7643098831176758
756,1.7402061223983765,-0.0854285955429077,-1.5741477012634275
757,-1.6066371202468872,-0.7515140771865845,-2.9592227935791016
758,-1.449636936187744,-0.8052264451980591,-2.445625305175781
759,0.172747790813446,0.9545642733573914,-0.3546274900436401
760,-0.2858062088489532,0.5387424230575562,-1.885076642036438
761,0.5561162233352661,0.9867328405380248,2.2037012577056885
762,0.3892803192138672,2.229299306869507,0.1919745206832885
763,-0.9538297653198242,-0.8777083158493042,-2.0652284622192383
764,-1.5127185583114624,2.1184792518615723,1.3665584325790403
765,0.5535563230514526,-0.6433897614479065,-1.5353878736495972
766,0.8826080560684204,-2.753287553787231,0.7488194108009338
767,-2.145662307739258,0.8216848373413086,2.2131423950195312
768,-0.4456169009208679,-1.0464072227478027,-1.2602192163467407
769,0.5423157215118408,1.744969606399536,0.2446246147155761
770,0.1427040696144104,2.725165367126465,0.1595621407032013
771,0.95375657081604,0.8126004934310913,-0.8825923204421997
772,-1.56335186958313,-2.377646207809448,-1.6841717958450315
773,-1.8138530254364007,-1.864638328552246,-1.7805204391479492
774,-1.3307222127914429,-1.4358689785003662,-0.6471741199493408
775,-1.9907704591751096,-2.195533275604248,-2.545555591583252
776,-2.41340970993042,-1.8890175819396973,0.0944801270961761
777,-1.7447437047958374,-1.7473323345184326,-1.118472456932068
778,0.9159201383590698,0.9440995454788208,1.685410737991333
779,-1.4699922800064087,-1.4440370798110962,-1.7956637144088743
780,1.652370810508728,2.080937147140503,2.116442441940308
781,-1.107632398605347,-0.5721994638442993,2.121510028839112
782,-0.4710543751716614,1.2570431232452393,0.1618498265743255
783,1.954327821731568,1.277443766593933,1.71621835231781
784,-0.7805852293968201,0.354672372341156,-2.14717984199524
785,-1.368796706199646,1.4071624279022217,1.903038501739502
786,0.3296692967414856,0.7513746023178101,1.022541046142578
787,0.6003289222717285,0.2860190272331238,0.4106669127941131
788,-1.0062147378921509,-1.4149551391601562,-0.2845882177352905
789,-1.4906558990478516,0.5687240362167358,0.815869927406311
790,1.2732782363891602,2.31215238571167,2.8790111541748047
791,1.4223480224609375,1.6824395656585691,2.2704572677612305
792,0.2980557084083557,0.782883882522583,-0.2490978986024856
793,0.5814979076385498,2.294668436050415,2.8371400833129883
794,-0.0405359864234924,0.8556706309318542,1.1612225770950315
795,-2.213857889175415,-2.2776970863342285,-2.876851797103882
796,-0.914871096611023,1.7811976671218872,-2.6150028705596924
797,-1.1533931493759155,-2.2952635288238525,-2.300896644592285
798,-0.2505511343479156,1.330987572669983,-1.1003923416137695
799,0.0765830874443054,-1.2081549167633057,0.1601600795984268
800,-1.604284644126892,-1.6828467845916748,-1.655937910079956
801,-0.1236594319343566,-0.8022390007972717,-1.3333194255828855
802,1.1860036849975586,-0.5079429149627686,1.117080807685852
803,1.192997932434082,1.6245315074920654,1.50102436542511
804,-1.4467793703079224,-1.4240278005599976,-1.289286971092224
805,2.9411633014678955,2.2816193103790283,2.6241910457611084
806,-0.727491557598114,2.266270160675049,2.0292012691497803
807,2.099736213684082,2.271136522293091,2.676523923873902
808,0.7722063064575195,0.0215687155723571,-0.0737675726413726
809,0.2923455238342285,-0.1837006211280822,-0.4700031280517578
810,-1.416578769683838,0.4949663281440735,1.815726399421692
811,-1.895226001739502,-0.8065972328186035,-1.5440717935562134
812,0.0063915848731994,-0.1863188743591308,-1.165599346160889
813,2.354521512985229,2.4317026138305664,3.252684593200684
814,0.3729196786880493,1.304172396659851,1.3029769659042358
815,0.6745532751083374,1.6527997255325315,1.1036027669906616
816,-1.7360718250274658,-2.679063081741333,0.4464294612407684
817,0.6764870285987854,2.1880249977111816,0.9623104333877563
818,-0.8136117458343506,-1.0116491317749023,-1.4012566804885864
819,1.1899151802062988,1.4999303817749023,1.962191104888916
820,-2.5604066848754883,1.0340676307678225,-0.5718886852264404
821,-1.1766486167907717,-1.146237850189209,-1.042168378829956
822,-1.7410095930099487,-1.01553213596344,-1.6647701263427734
823,-0.785322368144989,-0.7370877265930176,-1.253300428390503
824,-0.2333963215351104,-0.0814943313598632,-0.8656730651855469
825,2.7301337718963623,2.095286130905152,2.256453514099121
826,-1.3050637245178225,-1.7411386966705322,-1.6983639001846311
827,0.6084640026092529,-1.2261664867401123,-1.2860370874404907
828,1.4792218208312988,1.0605909824371338,1.8032594919204712
829,-1.7910085916519165,-0.2484326064586639,0.310234010219574
830,0.1379507780075073,-0.3562135398387909,-0.9452928900718688
831,0.4457453787326813,-0.492598295211792,-1.6311986446380615
832,2.185913324356079,1.892219305038452,2.5877373218536377
833,2.96833610534668,2.1772825717926025,2.4174957275390625
834,0.2168178260326385,1.226832151412964,0.0891907811164856
835,-1.2268800735473633,0.1616234183311462,0.3490069508552551
836,-0.4438704252243042,1.374119758605957,-2.422547578811645
837,-0.5112999081611633,-0.0903392434120178,2.1735188961029053
838,-1.0016391277313232,-1.5248513221740725,-1.9782681465148928
839,0.2041444480419159,-0.2324720025062561,-1.2065037488937378
840,1.7213330268859863,1.2403242588043213,1.6953352689743042
841,-0.9165173172950744,-2.290522336959839,-2.443045139312744
842,1.3549513816833496,0.9954804182052612,1.9289755821228027
843,1.794485092163086,1.525584697723389,1.1572177410125732
844,-0.3458351194858551,0.2246434688568115,0.0824767053127288
845,-1.4330697059631348,-0.7110911011695862,-1.8317441940307613
846,-1.3535691499710083,-0.9455170035362244,-2.0374433994293213
847,2.414679288864136,1.3995555639266968,1.5764148235321045
848,-1.5596163272857666,-0.8775679469108582,-2.982830286026001
849,2.950061082839966,2.2810986042022705,2.5458638668060303
850,-1.0579825639724731,1.0350754261016846,-2.504242420196533
851,1.6983437538146973,0.8935941457748413,-0.7401042580604553
852,0.1098387241363525,0.108921468257904,-0.1474086344242096
853,-2.555442571640014,-2.054314613342285,-2.116029024124145
854,1.6768815517425537,0.8669939637184143,1.7344447374343872
855,-0.6625244617462158,0.3484296798706054,-1.689079999923706
856,-1.1706162691116333,-0.8962143659591675,-2.9474546909332275
857,0.8841003179550171,1.6420371532440186,0.8821641802787781
858,-0.8414621353149414,0.9685778617858888,1.066283941268921
859,-0.9082652926445008,-0.9983302354812622,-0.9903714656829834
860,-0.6279919147491455,-0.1838820576667785,-0.581710696220398
861,2.2091948986053467,1.5799567699432373,0.8907133340835571
862,1.682461857795715,0.6239346265792847,1.2036166191101074
863,-3.108821153640747,0.0171883702278137,-0.6972432732582092
864,-1.6261518001556396,1.7804408073425293,2.0857064723968506
865,-1.7408156394958496,-0.8469951748847961,-1.7536075115203855
866,2.121965169906616,2.235923290252685,2.4874134063720703
867,-0.6207698583602905,-1.354487657546997,-1.3745999336242676
868,-2.6819701194763184,-2.7420575618743896,-0.5494374632835388
869,-0.9631960391998292,-3.1109564304351807,-2.418222427368164
870,-1.1378051042556765,0.174498975276947,2.182621479034424
871,-0.708037257194519,-1.4833358526229858,0.6453534960746765
872,2.401129484176636,1.892219305038452,2.0757226943969727
873,0.8317700624465942,-0.2870290577411651,0.9425857067108154
874,-1.6373779773712158,-1.7515007257461548,-0.9580455422401428
875,-2.146192073822021,-2.380882740020752,-0.6214679479598999
876,-1.2295469045639038,-1.518468976020813,-2.6147031784057617
877,-1.6128476858139038,-0.686415433883667,-2.583742141723633
878,2.972994089126587,1.9925870895385744,2.5486273765563965
879,-0.8095928430557251,-1.4349573850631714,-1.486368179321289
880,-0.859027624130249,1.2442121505737305,-0.0373966097831726
881,-0.9706652760505676,-0.5000999569892883,0.5176483988761902
882,-2.502596855163574,-1.6397908926010132,0.0967902839183807
883,1.7877922058105469,0.094862163066864,-0.0379141271114349
884,-2.0088555812835693,-3.4186861515045166,-3.06527042388916
885,0.283138632774353,-0.1119006276130676,-0.6477296352386475
886,-1.6139497756958008,-0.595442533493042,0.5596238970756531
887,-0.1605872809886932,0.7856671810150146,0.1865879893302917
888,2.4437663555145264,3.10494327545166,2.445669889450073
889,-0.4123255014419555,-0.2676543593406677,-1.6762595176696775
890,-0.0254498720169067,-1.0465569496154783,-1.1563221216201782
891,-2.45943546295166,-2.030755043029785,-2.8613858222961426
892,-0.2792627215385437,0.7110532522201538,-0.7795658707618713
893,1.089488506317139,0.1236994266510009,0.72674959897995
894,-1.5070834159851074,1.227132797241211,2.775093078613281
895,0.3727763593196869,-0.376101016998291,1.6818981170654297
896,-0.5823601484298706,-0.0915924310684204,0.8820515871047974
897,0.4646375775337219,0.2512915134429931,-1.4572477340698242
898,-5.481182098388672,-3.44785213470459,-3.202847957611084
899,-1.4892560243606567,-2.052783966064453,-1.4506760835647583
900,-1.0692132711410522,0.5517686605453491,-0.7011128664016724
901,1.3891024589538574,-0.0187466740608215,-1.90098237991333
902,1.4419217109680176,1.48946213722229,3.161268472671509
903,-1.3537750244140625,1.0001343488693235,1.386311650276184
904,1.6225721836090088,0.0242922902107238,0.0616181939840316
905,-0.2311795353889465,0.9392080307006836,-0.0158750116825103
906,2.4028875827789307,-0.2386035919189453,-0.9496691226959229
907,-0.5073120594024658,1.0154945850372314,0.8871309161186218
908,0.5325084924697876,1.3640474081039429,-0.6069880723953247
909,-2.092242956161499,-1.3788882493972778,-1.2887274026870728
910,0.9657254219055176,2.531921625137329,1.677460789680481
911,1.336360216140747,2.931703805923462,1.3317241668701172
912,-1.0151824951171875,0.0864821672439575,-2.1452019214630127
913,-1.415450930595398,0.9248759150505066,-2.418239116668701
914,2.132432460784912,1.361114263534546,0.6257442831993103
915,1.9771126508712769,1.724295973777771,2.5461368560791016
916,-0.0392727553844451,-0.332280158996582,-0.3126843571662903
917,-0.6628676652908325,-0.2346572279930114,2.389842748641968
918,0.633699893951416,0.9917458295822144,0.4866528213024139
919,-0.2549282610416412,1.40191650390625,1.6177905797958374
920,-1.646573543548584,-1.1257567405700684,-2.017434597015381
921,-0.360122799873352,-1.3889670372009275,0.0677141845226287
922,1.3606189489364624,0.3673553466796875,0.2840495109558105
923,-2.6196658611297607,-2.995699882507324,-3.2648611068725586
924,-0.527972400188446,1.1521018743515017,0.8819688558578491
925,-1.0165807008743286,-0.5297330021858215,0.8051356673240662
926,0.0584863722324371,1.0184372663497925,-1.539767861366272
927,-1.1833112239837646,0.2748961448669433,1.3769704103469849
928,-0.6644963026046753,-0.9486765265464784,-0.1914139539003372
929,-2.12402081489563,-0.0300292372703552,0.1908020079135894
930,-0.9287075996398926,1.4129254817962646,-0.9627368450164796
931,-1.338413953781128,-0.699565052986145,-0.9544385075569152
932,0.193398118019104,-0.4569145739078522,-1.0361636877059937
933,1.2050586938858032,2.418525457382202,2.009458541870117
934,-1.0443254709243774,-0.2004101872444152,-1.4699519872665403
935,-1.2294940948486328,0.5433579683303833,-1.3757362365722656
936,-0.9287075996398926,0.108581006526947,-1.3418996334075928
937,-0.2258457839488983,-0.5913452506065369,-0.2784403860569
938,3.1172165870666504,2.423164367675781,2.7771053314208984
939,-1.632834792137146,-0.0224151015281677,-1.2495806217193604
940,-0.6651524305343628,-2.2571704387664795,-2.431094169616699
941,0.712476372718811,-1.5871188640594482,-0.8486937880516052
942,-0.4710871577262878,0.8610997796058655,-2.053006410598755
943,1.2966704368591309,1.227165460586548,2.547170639038086
944,0.7475313544273376,1.5494712591171265,1.3770877122879028
945,0.2042659521102905,-0.1246817708015441,2.0710315704345703
946,-1.0031946897506714,-0.9121419191360474,-2.51162052154541
947,0.0064666867256164,1.1027874946594238,1.980033040046692
948,2.654110908508301,2.249290227890014,2.338594913482666
949,-0.994841456413269,0.7511812448501587,1.562806487083435
950,-0.6278090476989746,0.3562811017036438,-0.8114577531814575
951,1.088316798210144,0.5411778688430786,0.965919017791748
952,-0.4044501483440399,-1.5453683137893677,-1.026856780052185
953,-0.0935584306716919,1.3834394216537476,0.4679159820079803
954,0.450486272573471,2.0764291286468506,0.451035737991333
955,0.0057471990585327,-1.089720606803894,-1.3575384616851809
956,1.944632649421692,1.035212159156799,1.4684427976608276
957,-0.2279899716377258,0.1546477675437927,-0.5892916917800903
958,-0.8186324834823608,0.992951512336731,-1.0157965421676636
959,2.465617418289185,3.0357799530029297,2.739063501358032
960,0.5986167192459106,0.9617187976837158,1.5491623878479004
961,2.957253217697144,1.9202851057052608,2.352902412414551
962,-2.006724119186402,-0.8774381279945374,-1.0395128726959229
963,0.3614097237586975,-0.7818294763565063,-0.4622641205787658
964,0.7990953326225281,1.4301003217697144,1.2424226999282837
965,-1.6263480186462402,-1.3200503587722778,-0.8853469491004944
966,2.621897459030152,1.4009548425674438,1.716031193733215
967,0.1299532949924469,-1.0314208269119265,-1.5202968120574951
968,0.4149995744228363,0.0287095308303833,1.8874919414520264
969,0.9922714829444884,1.8649306297302248,1.2999835014343262
970,-0.4125685691833496,0.3264116644859314,0.3935099244117737
971,-0.5256224870681763,-1.6610251665115356,-1.02092444896698
972,1.334031105041504,1.497374176979065,0.3946797251701355
973,0.3035108149051666,0.9488654136657716,2.5188546180725098
974,-3.277429342269897,-3.094670295715332,-2.158820629119873
975,-1.170155644416809,-0.3043835759162903,0.9580663442611694
976,-1.6494438648223877,-1.7540711164474487,-0.9642766714096068
977,1.4936155080795288,0.2238354086875915,-1.1529990434646606
978,-1.5949082374572754,-1.0706548690795898,0.2691854834556579
979,-2.4540510177612305,-2.448516130447388,-2.674955368041992
980,1.6060316562652588,1.226980447769165,2.76089859008789
981,0.5544066429138184,-0.7741966247558594,-1.588833212852478
982,-1.5652832984924316,-0.4792598485946655,-0.0374582707881927
983,-2.7310073375701904,0.0285587310791015,1.036857843399048
984,-1.9015088081359863,0.6703351736068726,0.4510023295879364
985,-2.1605019569396973,-2.727867603302002,-2.695722818374634
986,2.1223814487457275,1.7718045711517334,2.2492122650146484
987,-1.0646309852600098,-0.4991655945777893,-1.6003512144088743
988,-2.1568045616149902,-2.199503898620605,-2.266796827316284
989,-0.7547778487205505,2.4689934253692627,-0.4813506007194519
990,-2.884298324584961,-2.4960200786590576,-3.307137489318848
991,-1.6989059448242188,-2.6764607429504395,-3.445251941680908
992,-0.5967493653297424,0.7889439463615417,-1.24297034740448
993,2.386214017868042,2.932410478591919,2.3188672065734863
994,-2.1551644802093506,-0.6433897614479065,-0.0372804701328277
995,1.5024244785308838,0.797028124332428,0.9078377485275269
996,0.1556455492973327,0.7268396615982056,-0.1591629683971405
997,-1.7313441038131714,0.2626150250434875,-2.73567533493042
998,2.516815423965454,2.7272188663482666,3.1527791023254395
999,-2.3462841510772705,-1.8107231855392456,-3.055635452270508
1000,-0.2350732684135437,1.210063338279724,1.2494654655456543
1001,3.044248342514038,1.879556655883789,3.505553722381592
1002,-1.7082223892211914,-2.001708745956421,0.1732962131500244
1003,-0.815933883190155,-2.014693021774292,-2.2207274436950684
1004,-2.315455198287964,-1.836483120918274,-1.8589160442352293
1005,0.0058968067169189,2.369081974029541,1.544933199882507
1006,-0.2536486685276031,1.148592233657837,0.958589494228363
1007,1.6247092485427856,0.9546780586242676,-0.2811006307601928
1008,1.493158221244812,0.8654409646987915,0.3372029662132263
1009,-0.2559056580066681,0.6524405479431152,1.775211215019226
1010,-2.6854310035705566,-2.919329643249512,-3.2078025341033936
1011,2.134068489074707,2.10256290435791,2.511303663253784
1012,-0.8719243407249451,-1.4415866136550903,-1.5475709438323977
1013,-0.802208423614502,0.7138510942459106,-0.9306275248527528
1014,-0.1421419978141784,1.3850383758544922,1.4349868297576904
1015,0.2468429207801818,0.6228123903274536,-0.3135135173797607
1016,2.895181894302368,1.4712445735931396,2.2147932052612305
1017,0.1281659007072448,-0.1432166099548339,-1.5883667469024658
1018,-0.235024482011795,-2.41764497756958,-2.0888521671295166
1019,0.9796838760375975,2.3694636821746826,1.1107723712921145
1020,-1.7890207767486572,-1.690608024597168,-0.2785765528678894
1021,-0.8123949766159058,-0.3714266717433929,-0.0895986557006836
1022,2.0265309810638428,2.3195877075195312,1.8151284456253047
1023,-1.9887734651565552,1.365728497505188,1.9835916757583616
1024,-2.725497245788574,-0.9356644749641418,-2.200594902038574
1025,-2.9158613681793213,-2.183279037475586,-2.6740407943725586
1026,-2.316523790359497,-2.660268783569336,-2.555108547210694
1027,0.3396414816379547,-0.0256720185279846,1.310783624649048
1028,-2.6387314796447754,-2.593996286392212,-3.0577709674835205
1029,1.6609814167022705,2.8568246364593506,0.0216157138347625
1030,-1.157828688621521,-1.3175714015960691,-0.8219709992408752
1031,1.6038007736206057,0.7286810278892517,1.2030366659164429
1032,0.4128937721252441,-0.7091864943504333,0.0979829728603363
1033,-1.7471559047698977,-3.140392303466797,-2.080104351043701
1034,0.1102266907691955,1.1571176052093506,0.3548574447631836
1035,1.335193395614624,1.729605197906494,1.268372654914856
1036,-2.006720781326294,1.8328306674957275,0.4045464992523193
1037,-1.5173171758651731,-0.5761935114860535,-1.7964471578598022
1038,-1.914444088935852,-1.3669233322143557,-2.0409741401672363
1039,-0.1064898967742919,0.6534222364425659,-0.2275851815938949
1040,-1.266839861869812,-0.9893134236335754,-0.0498808324337005
1041,-1.1295605897903442,-2.641842842102051,-1.813276648521424
1042,-2.299448728561402,-1.1676247119903564,-1.1468387842178345
1043,-1.3955090045928955,2.227513313293457,-1.038970708847046
1044,-1.613201379776001,-0.208315372467041,-0.0387693643569946
1045,2.582671642303467,2.3190433979034424,2.6766104698181152
1046,1.7120857238769531,0.3757930994033813,0.5615274310112
1047,0.1298164129257202,1.9202030897140503,1.743083119392395
1048,-1.2341110706329346,-0.1459652185440063,-0.3903415203094482
1049,-2.2554876804351807,-0.5449872016906738,-0.407895565032959
1050,1.847244501113892,2.686975240707397,2.5716423988342285
1051,1.2905731201171875,1.037142992019653,2.087414503097534
1052,1.82357144355774,0.3345146179199219,0.1460058987140655
1053,-2.204042434692383,-1.961025595664978,-0.9175978899002076
1054,-1.7344731092453003,0.4137800931930542,-0.4312732219696045
1055,2.4676353931427,2.810355424880981,2.667487382888794
1056,1.6335047483444214,1.8124017715454104,1.7069787979125977
1057,0.75054931640625,0.3393707871437073,-0.576383650302887
1058,2.788438558578491,2.1305320262908936,2.700801372528076
1059,2.3216090202331543,2.167531490325928,2.597462654113769
1060,0.4637826681137085,1.4819971323013306,1.6975774765014648
1061,-2.204045295715332,-1.212182879447937,-2.061373472213745
1062,2.221388578414917,1.122959017753601,1.6204562187194824
1063,0.6470662355422974,-0.7524851560592651,-0.7069181203842163
1064,0.5629477500915527,1.7804408073425293,0.4367253482341766
1065,0.2557555437088012,1.1137475967407229,-1.059982419013977
1066,-2.528975009918213,-1.913054585456848,-2.357900619506836
1067,1.325320839881897,0.127493143081665,2.8113269805908203
1068,2.5619356632232666,1.876235842704773,1.836474061012268
1069,-0.1115759313106536,0.6111947894096375,0.101453498005867
1070,-0.7585502862930298,0.2573631405830383,-0.4170969724655151
1071,-0.2238666713237762,0.3799987435340881,0.3095888495445251
1072,-2.656505823135376,-1.9348490238189693,-2.590697288513184
1073,-1.3292497396469116,-0.0142536759376525,-1.3807287216186523
1074,-2.199730634689331,-1.5359675884246826,-0.0417285859584808
1075,0.2178572714328766,-1.1457502841949463,-2.265589475631714
1076,0.7361158132553101,0.8373731374740601,1.515681505203247
1077,-1.3056330680847168,-0.9279674291610718,-0.4191359877586365
1078,-0.995886206626892,0.9927518367767334,1.263359308242798
1079,1.6445223093032837,0.5176699757575989,0.9425857067108154
1080,0.6700578331947327,-0.1450887322425842,0.1775046288967132
1081,-0.1687993705272674,-1.4591444730758667,-1.483443260192871
1082,-1.727580428123474,-1.271861553192139,-1.2277406454086304
1083,0.6248065233230591,1.1344647407531738,0.6313022375106812
1084,1.0065503120422363,-1.5359593629837036,-1.91967523097992
1085,-0.114187866449356,-1.1842596530914309,-1.121557116508484
1086,1.2650818824768066,1.1247491836547852,3.271960020065308
1087,-2.003346920013428,-0.34604012966156,0.28398197889328
1088,-0.2674077451229095,-1.8389716148376465,-1.02657949924469
1089,-1.240544676780701,-2.422963857650757,-1.4274085760116575
1090,3.00582504272461,2.378126621246338,2.704272747039795
1091,1.757142424583435,2.4648923873901367,3.086690664291382
1092,-0.8706726431846619,1.6147996187210083,-0.1316676139831543
1093,0.8787150979042053,0.3384507596492767,-0.2969152331352234
1094,-0.1445847451686859,1.026351809501648,1.4553587436676023
1095,1.0670136213302612,1.7132025957107544,-0.4126456081867218
1096,0.6644269227981567,2.0952746868133545,1.8032747507095337
1097,1.8841487169265747,0.6500837802886963,1.3843164443969729
1098,-0.2362095117568969,1.3053056001663208,0.6619770526885986
1099,0.4766785800457001,2.37084436416626,1.459956169128418
1100,-2.680631637573242,-1.0529314279556274,-3.190317869186402
1101,-3.1964571475982666,-2.7854435443878174,-2.4210851192474365
1102,3.160832643508911,2.6371755599975586,2.7009356021881104
1103,1.1632341146469116,1.1725400686264038,-0.9374982118606568
1104,0.3213408589363098,0.5847591757774353,1.363102912902832
1105,0.7816555500030518,2.633173942565918,3.0258049964904785
1106,3.0296313762664795,0.6811330318450928,2.934417247772217
1107,-1.007768154144287,-2.638374090194702,-2.4717466831207275
1108,-0.0151042342185974,-0.6924078464508057,-1.0412908792495728
1109,-1.122982382774353,-1.1604293584823608,-0.1914585679769516
1110,-2.6445088386535645,-2.37972640991211,-2.2162342071533203
1111,-2.371304988861084,-1.1218005418777466,-1.289646863937378
1112,2.826486587524414,2.221331834793091,1.8520573377609253
1113,-0.659273624420166,-1.5754754543304443,-1.2068939208984375
1114,-2.2833261489868164,-0.1593708395957946,-2.2391765117645264
1115,-0.2279899716377258,-1.8907127380371087,-1.041678786277771
1116,2.3343937397003174,2.6290533542633057,2.0695910453796387
1117,-1.3168119192123413,2.184023141860962,-2.715041399002075
1118,-1.4240049123764038,-2.402503252029419,-2.134753465652466
1119,0.4617662727832794,1.023316740989685,1.041200876235962
1120,0.4531897306442261,2.2116565704345703,2.5436832904815674
1121,1.0887818336486816,0.3284670114517212,1.1634738445281982
1122,-2.210580587387085,-2.4627954959869385,-2.401843547821045
1123,2.634556293487549,0.9352031946182252,2.1372668743133545
1124,0.3695493340492248,-0.191897451877594,0.2901553511619568
1125,-0.1519420742988586,-1.2969781160354614,0.5757185816764832
1126,-1.3250682353973389,-0.0594213008880615,-0.0259081423282623
1127,-1.0081586837768557,1.3556936979293823,0.2508614659309387
1128,1.1467303037643433,2.766218900680542,1.870200276374817
1129,-0.4915992021560669,-1.5859345197677612,-1.6733636856079102
1130,2.251016139984131,2.1643128395080566,3.0908420085906982
1131,-0.1646474003791809,-2.381908893585205,-1.7101855278015137
1132,-0.2173285484313964,1.5340380668640137,-0.0547079443931579
1133,0.4829517602920532,-0.7988635301589966,-1.775914192199707
1134,1.7870285511016846,1.5176738500595093,0.699094295501709
1135,-0.1619023978710174,-1.720286250114441,-1.0281074047088623
1136,0.799923837184906,1.3384147882461548,1.0593326091766355
1137,-0.8170129060745239,1.396869421005249,2.594108819961548
1138,-1.8126070499420168,-2.103321313858032,-2.1950550079345703
1139,-1.1132174730300903,2.862975597381592,1.7996891736984253
1140,1.313797950744629,1.906052231788636,0.7428534030914307
1141,-1.72114360332489,-1.18037748336792,0.3913503885269165
1142,-1.782748103141785,2.11700177192688,0.0711730420589447
1143,-0.4994117319583893,0.0068101286888122,-1.2383757829666138
1144,0.8714289665222168,1.814024806022644,2.6347522735595703
1145,-1.9106687307357788,-2.013185739517212,-2.959059476852417
1146,0.8292756080627441,0.1104637384414672,-0.0496124327182769
1147,-1.3379409313201904,1.017179250717163,-2.440836906433105
1148,-0.2561985552310943,0.4273502230644226,0.1945621371269226
1149,-1.4014055728912354,-1.6981229782104492,-0.8538200855255127
1150,1.6326706409454346,2.23173451423645,1.1529548168182373
1151,-0.7527801394462585,1.879420638084412,0.3695241808891296
1152,-1.1246545314788818,-1.3309602737426758,-3.307704448699951
1153,-2.0723657608032227,-0.3636558651924133,-3.074665069580078
1154,-0.1789284944534301,0.1538783311843872,-0.7068711519241333
1155,-1.224275827407837,-0.9053072929382324,-0.5629083514213562
1156,-0.8161252737045288,0.2470196485519409,2.221783399581909
1157,2.2736756801605225,0.6438959836959839,1.0107128620147705
1158,0.0784981846809387,1.372620940208435,-0.1662616431713104
1159,-0.4613519012928009,-0.5860698223114014,-0.1747847646474838
1160,2.5517818927764893,2.375793218612671,2.5664191246032715
1161,1.983065128326416,1.9058319330215447,-1.717171311378479
1162,0.2151627838611602,-0.763505220413208,-1.6659687757492063
1163,-2.346917629241944,0.745003342628479,0.375992089509964
1164,-1.071873664855957,1.2059657573699951,-0.6585099697113037
1165,-0.9075026512145996,1.0419946908950806,-2.357902765274048
1166,-1.5924012660980225,-0.0241996049880981,-2.4501161575317383
1167,-1.4050052165985107,-1.122812271118164,-2.302238702774048
1168,2.237177610397339,2.6331236362457275,3.391975164413452
1169,-1.0377353429794312,0.1449447274208068,-0.1619105041027069
1170,-0.3756496906280517,1.6465613842010498,1.984903812408448
1171,0.1336081027984619,1.0190205574035645,0.060621827840805
1172,-0.2592388689517975,-0.9276429414749146,-0.6202405691146851
1173,-2.220057964324951,0.3571517467498779,1.4720631837844849
1174,0.2518227100372314,-0.1719564795494079,0.668429434299469
1175,0.2868420779705047,0.4348989427089691,0.0093660354614257
1176,-0.5074214339256287,-1.569363355636597,-2.101166248321533
1177,0.970708191394806,1.2376922369003296,0.1119355261325836
1178,0.988782286643982,-0.5307388305664062,-0.8731704950332642
1179,2.315099239349365,2.593437671661377,3.567904233932495
1180,0.6869003772735596,-0.0134177803993225,-0.7156145572662354
1181,1.0928592681884766,2.280210494995117,2.0405707359313965
1182,-1.3983794450759888,-1.0754503011703491,-1.8783077001571653
1183,1.6906886100769043,0.823912501335144,3.395581007003784
1184,-3.827506065368652,-1.2140675783157349,-1.1473820209503174
1185,-1.2609919309616089,-2.103325605392456,-1.9920730590820312
1186,-0.5487692356109619,0.6411293745040894,-2.168513536453247
1187,-0.7238484621047974,1.8142372369766235,2.8879435062408447
1188,-1.2955970764160156,-1.7211936712265017,-2.3910717964172363
1189,0.687018871307373,-0.0422626733779907,2.1221866607666016
1190,1.7041949033737185,1.7289857864379885,2.2776479721069336
1191,1.4786458015441897,1.047707438468933,0.4243370294570923
1192,0.2670785784721374,-0.7650567293167114,0.369024395942688
1193,-1.5624717473983765,-2.225525140762329,-2.316786050796509
1194,-3.279123306274414,-1.077277660369873,-1.155716896057129
1195,-1.705031394958496,1.7444164752960205,1.928304433822632
1196,-0.7157466411590576,0.0732236504554748,0.8684059381484985
1197,-1.893367409706116,-1.3641067743301392,-1.5390713214874268
1198,-0.6987943649291992,-0.234486311674118,-0.1955730020999908
1199,-0.1899793148040771,0.5757728815078735,2.009942054748535
1200,-0.3737601041793823,0.5657333135604858,-0.7309387922286987
1201,-1.705702781677246,-1.903625726699829,-3.1260881423950195
1202,1.6548993587493896,1.6757694482803345,2.101460695266724
1203,-2.886401653289795,0.3435428738594055,-2.598585367202759
1204,-1.9178533554077148,0.8449169397354126,-2.465409994125366
1205,-2.037109613418579,-2.250012159347534,-1.8173667192459104
1206,-2.781705856323242,-1.5047576427459717,-1.9277207851409912
1207,-1.7381715774536133,-1.6675482988357544,-2.1852240562438965
1208,-1.3176215887069702,1.8705558776855469,-0.2359848320484161
1209,1.1712987422943115,0.2433318495750427,-0.1641059517860412
1210,-0.054266482591629,0.0601498484611511,0.1940270364284515
1211,1.4754555225372314,1.24816632270813,1.430828094482422
1212,0.0573571920394897,2.203167676925659,1.2692056894302368
1213,-0.2110985219478607,0.9693650007247924,2.0024163722991943
1214,-1.5855985879898071,-2.875990390777588,-3.4615073204040527
1215,0.606907308101654,0.1562983393669128,-0.2975509166717529
1216,-1.083522915840149,0.9805831909179688,2.166001796722412
1217,-2.1064515113830566,-1.8600298166275024,-2.280501127243042
1218,-0.8185780048370361,1.0730195045471191,-0.0542554557323455
1219,-3.89023756980896,-1.3291720151901243,-2.087184429168701
1220,0.4129987359046936,0.2125865221023559,0.3654015064239502
1221,0.1689095497131347,1.0414882898330688,1.6236120462417605
1222,-0.5255937576293945,-1.797686219215393,-1.3365421295166016
1223,-2.06874942779541,-2.31520676612854,-2.1320509910583496
1224,1.0065659284591677,0.1476919054985046,0.0611589550971984
1225,-1.2272273302078247,0.5538833141326904,2.3604824542999268
1226,-0.5146128535270691,-0.3099411427974701,-3.2587766647338867
1227,-1.1242038011550903,-0.964467227458954,-0.1936424076557159
1228,2.8674304485321045,2.091132640838623,2.404628038406372
1229,-0.2832666635513305,-0.0155572891235351,0.746826708316803
1230,-3.5884737968444824,0.7888674736022949,-0.0910988450050354
1231,-2.0996663570404053,-0.1564733386039734,-0.153070792555809
1232,-1.906683087348938,-0.8468213677406311,-0.8699048757553101
1233,2.0663132667541504,1.654070258140564,3.0904576778411865
1234,0.4202587306499481,-0.3495384454727173,0.3285417258739471
1235,-1.6440300941467283,1.7362409830093384,-0.9722183346748352
1236,-0.7237010598182678,-0.0338321924209594,-0.3243485391139984
1237,1.3838266134262085,1.3195065259933472,2.561119794845581
1238,-0.8657033443450928,-0.3357551991939544,-0.4131174981594085
1239,1.1755985021591189,1.4664727449417114,-0.5822381973266602
1240,0.3315401971340179,0.7440270185470581,-0.9519559144973756
1241,1.3985517024993896,3.153005599975586,1.9232289791107176
1242,1.5049868822097778,1.8649306297302248,1.6243767738342283
1243,-1.9615167379379272,1.6437108516693115,-2.536144495010376
1244,-2.11216139793396,1.1584534645080566,0.7512648105621338
1245,1.6130540370941162,1.444007158279419,2.2306296825408936
1246,0.9697346091270448,0.7709592580795288,-0.3004564642906189
1247,1.163559913635254,1.5466324090957642,1.376487374305725
1248,-0.4711971580982208,-0.1090748906135559,-0.0235778093338012
1249,-2.644237279891968,0.1630482673645019,0.8743201494216919
1250,-2.220881700515747,-0.9731365442276,-1.575476050376892
1251,-2.474731922149658,-2.405512571334839,-3.1905908584594727
1252,-0.7664759159088135,-0.2970961928367615,-1.3786773681640625
1253,3.222329616546631,2.317477464675904,3.358052015304565
1254,-1.6213783025741575,2.2353014945983887,-0.8751991987228394
1255,-0.1698913276195526,-0.6965616941452026,-1.6975085735321045
1256,-2.653923273086548,-0.4577288031578064,-2.448918104171753
1257,-1.522017478942871,1.470340132713318,-1.8864455223083496
1258,-1.9063228368759155,-1.2143070697784424,-1.3341233730316162
1259,-1.0034875869750977,-0.2970814108848572,-1.81934118270874
1260,-0.1516293585300445,-0.0677986145019531,-2.577133178710937
1261,-1.327741265296936,-0.1564341783523559,0.1929446160793304
1262,0.321737140417099,0.5785071849822998,-0.6632639169692993
1263,-2.0738370418548584,-1.832785606384277,-2.8789334297180176
1264,0.1879438161849975,-1.140722393989563,-1.786744236946106
1265,3.05224347114563,2.281872034072876,2.59115219116211
1266,3.2542812824249268,2.5122225284576416,3.828681468963623
1267,-1.2189059257507324,-0.671242356300354,-1.5817407369613647
1268,-2.522386312484741,-1.0267287492752075,-1.1124955415725708
1269,-2.3141355514526367,0.1577305793762207,-2.256416082382202
1270,-0.9483017921447754,-1.0270336866378784,-0.6746224761009216
1271,-1.0710904598236084,-0.8778403997421265,-0.718508780002594
1272,-0.3285945951938629,-0.1821340322494506,-0.0057944953441619
1273,0.2666491866111755,0.5469058752059937,1.6232868432998655
1274,-2.0951526165008545,-0.9694860577583312,0.4643438756465912
1275,0.0967390537261962,-0.9572207927703856,-1.2917495965957642
1276,0.266453355550766,-0.1987598538398742,-0.1602379381656646
1277,-0.5773409605026245,-0.3319646716117859,-1.3089745044708252
1278,0.5272020697593689,-0.2295312285423278,0.4099165201187134
1279,1.9071968793869016,1.2572088241577148,2.421736478805542
1280,-0.8590803146362305,-2.552191734313965,-2.3267605304718018
1281,-2.705395221710205,-0.8364330530166626,-0.1148725152015686
1282,-0.655535101890564,-0.551361083984375,-2.0705151557922363
1283,0.5780295133590698,0.6590187549591064,-0.7314903140068054
1284,-2.016124963760376,-1.913686752319336,-2.831313133239746
1285,1.24729585647583,1.9867757558822632,1.965890645980835
1286,2.136138916015625,2.270970582962036,2.2268288135528564
1287,-1.728474497795105,1.51768159866333,0.9650848507881165
1288,-1.4337764978408811,0.7844346165657043,2.379018545150757
1289,2.378602981567383,0.9846205711364746,1.8003332614898682
1290,-0.4090767502784729,-1.357405424118042,-1.4524952173233032
1291,0.0191515386104583,-1.027733564376831,0.0591547489166259
1292,3.1267640590667725,2.2759850025177,2.700800657272339
1293,-1.6504133939743042,1.3281121253967283,-2.271702527999878
1294,2.7785160541534424,1.274206519126892,2.487212657928467
1295,0.2104953229427337,0.0944828391075134,-0.6415797472000122
1296,2.08855938911438,2.2357091903686523,0.027332603931427
1297,0.0622440576553344,1.343883037567139,1.6167811155319214
1298,1.0928852558135986,1.2741105556488037,1.955625414848328
1299,1.25417160987854,1.2980952262878418,2.2656145095825195
1300,-0.8354909420013428,-1.0879579782485962,-0.9607911705970764
1301,1.2613602876663208,0.9753135442733764,2.042949914932251
1302,-0.0593571662902832,1.0751489400863647,0.9689172506332396
1303,-1.4256510734558103,-1.0497398376464844,-1.2053691148757937
1304,2.758768320083618,2.441306829452514,3.196596384048462
1305,-3.009294033050537,-1.577545404434204,-1.943517088890076
1306,0.348395824432373,1.3924903869628906,-1.119124412536621
1307,-0.3597154021263122,-0.7611908316612244,-2.09055233001709
1308,-3.4591665267944336,1.435269832611084,-1.3489720821380615
1309,2.0300557613372803,2.691035032272339,2.9188177585601807
1310,0.9702677726745604,-0.7096959352493286,0.1620353162288665
1311,0.4294533431529999,-0.6938234567642212,-0.4312813878059387
1312,-2.9153497219085693,-0.1778958439826965,-1.716179609298706
1313,-2.437312126159668,-0.362868070602417,-2.2291524410247803
1314,1.6954518556594849,0.7132226228713989,1.4396512508392334
1315,1.593837022781372,1.1826517581939695,2.5079965591430664
1316,2.487369537353516,1.7277158498764038,1.1825724840164185
1317,1.6353176832199097,0.9806133508682252,0.2185612022876739
1318,0.2918364405632019,2.5775046348571777,2.2357401847839355
1319,-2.187572479248047,-1.8007596731185913,-1.1157960891723633
1320,0.1447204649448394,1.3139971494674685,0.2242753356695175
1321,0.6501184701919556,0.3325927257537842,0.3363532125949859
1322,-0.995564341545105,-0.0356781482696533,0.3207467198371887
1323,-1.38193678855896,0.7901901006698608,2.1275436878204346
1324,-2.8884377479553223,-2.334172487258911,-2.353884696960449
1325,0.6763675212860107,0.5401973724365234,-1.2044718265533447
1326,2.009338855743408,0.8205357789993286,1.7153730392456057
1327,-1.2420783042907717,-0.823403000831604,1.171599268913269
1328,-0.2271625399589538,0.0259689092636108,-0.719181478023529
1329,-1.0586739778518677,0.8042567372322083,0.7728783488273621
1330,0.2163368463516235,-0.4686059653759002,-0.2447849810123443
1331,-1.908355593681336,1.0523967742919922,-1.1386439800262451
1332,0.0259999632835388,1.5114312171936035,0.5045322179794312
1333,1.137069582939148,0.1184886693954467,0.194694310426712
1334,-0.1132968962192535,-0.4970445930957794,-0.591128408908844
1335,-1.3751990795135498,-0.2442739009857177,-1.1517610549926758
1336,-1.8371777534484863,-1.4750611782073977,0.173175424337387
1337,1.455132007598877,1.462300419807434,2.0100605487823486
1338,0.1702311038970947,0.0054898262023925,-0.6922751069068909
1339,-2.145829677581787,-1.516270875930786,-1.8190618753433228
1340,2.459334373474121,2.245615243911743,2.3942737579345703
1341,-1.452993869781494,-1.816657543182373,-1.9284595251083367
1342,-0.6518297791481018,0.4375896751880646,-1.2067582607269287
1343,0.5430279970169067,1.9353059530258176,-0.2968980371952057
1344,-1.077175855636597,-1.5716218948364258,-2.046013593673706
1345,2.743730068206787,2.391687154769897,2.754648208618164
1346,-2.356116533279419,-0.7729976177215576,-0.8445526361465454
1347,2.082643747329712,2.487233161926269,3.5567193031311035
1348,-1.3246808052062988,-1.2642990350723269,-0.9619888067245485
1349,2.0713696479797363,0.7068986892700195,1.8675211668014529
1350,1.162736415863037,0.8627207279205322,2.828666925430298
1351,-1.694744348526001,-0.914881467819214,-2.436329841613769
1352,-1.5063201189041138,1.1223982572555542,-1.036490559577942
1353,-0.4351687431335449,-0.412829726934433,0.2502666711807251
1354,-1.4461909532546997,-0.526996374130249,-0.7229999303817749
1355,-1.3387863636016846,-1.2018887996673584,-0.5623218417167664
1356,1.0518934726715088,1.7949274778366089,0.4662446975708008
1357,0.035421073436737,1.9936509132385247,1.4256534576416016
1358,1.8198704719543457,2.6861584186553955,2.6088943481445312
1359,0.2854110896587372,-0.1001333594322204,0.0503905117511749
1360,-0.0474376678466796,1.8939145803451536,0.474602997303009
1361,0.9937987327575684,1.1094999313354492,1.3272452354431152
1362,-1.8114984035491943,-1.5263447761535645,-1.937455654144287
1363,-4.7982988357543945,-0.0772536993026733,-1.5824061632156372
1364,-2.944667100906372,-2.163454294204712,-1.1934808492660522
1365,-0.4685702919960022,-0.9053634405136108,-0.4605591893196106
1366,-1.64191997051239,-1.851041436195373,0.5526997447013855
1367,2.457047462463379,2.7795569896698,2.223672866821289
1368,-2.410783290863037,0.3729127049446106,-2.921665906906128
1369,-1.1273655891418457,2.2934820652008057,1.4223062992095947
1370,-1.2552309036254885,-2.557607650756836,-2.456471920013428
1371,-1.8907240629196167,1.8361340761184688,-2.355414390563965
1372,0.05646413564682,1.820108652114868,1.5845414400100708
1373,-2.4150726795196533,-1.4123783111572266,-2.621984481811523
1374,-1.900614738464356,-2.0070433616638184,-0.030205875635147
1375,-1.1885167360305786,-2.200134992599488,-2.44281268119812
1376,-2.012385129928589,-0.0308985710144042,-1.6242070198059082
1377,-1.508198857307434,-1.5178532600402832,-2.85894513130188
1378,-1.1841623783111572,-1.276100993156433,-1.2089579105377195
1379,-0.8225322961807251,-0.8078217506408691,-1.876960515975952
1380,-0.8144343495368958,-0.4804239571094513,1.5287299156188965
1381,0.4087216854095459,-0.0972757935523986,1.1658695936203003
1382,-1.9830702543258667,0.4356477260589599,2.402492046356201
1383,-0.8735387921333313,0.0182307362556457,-0.0597167909145355
1384,-1.1893435716629028,-1.3307499885559082,-1.1558122634887695
1385,1.1719141006469729,1.4802894592285156,1.262764573097229
1386,2.037755012512207,2.09468674659729,2.802823781967163
1387,-0.2553657293319702,0.7283217906951904,0.1006094813346862
1388,0.209436297416687,0.8779152631759644,2.4451730251312256
1389,-2.250375270843506,2.2853074073791504,1.6062713861465454
1390,3.048961877822876,2.338020086288452,2.737290620803833
1391,1.164759874343872,1.2747186422348022,-1.2087119817733765
1392,1.672754406929016,1.2360411882400513,-0.1155331134796142
1393,-1.482446789741516,-1.223787784576416,-0.5497304201126099
1394,-0.4449931383132934,-0.3862811625003814,-0.6336095929145813
1395,-0.3600740432739258,2.1929726600646973,1.1993262767791748
1396,-1.0170472860336304,-0.2457107901573181,0.1006815135478973
1397,-1.1278096437454224,-0.9488729238510132,-1.984336256980896
1398,-2.53390121459961,0.5305194854736328,2.208383560180664
1399,0.7726831436157227,2.235280990600586,0.879302978515625
1400,0.8763210773468018,1.0621542930603027,1.903038501739502
1401,-2.234370946884156,0.6638265252113342,0.425462543964386
1402,-1.132773756980896,-0.3616791069507599,-3.38657283782959
1403,-0.9633657932281494,-0.2953450977802276,0.9195171594619752
1404,0.8769029378890991,-0.1429240107536316,-1.483443260192871
1405,-1.5710219144821167,0.3376076817512512,-0.2723003029823303
1406,0.6010338068008423,0.2932687401771545,0.1217509508132934
1407,-2.017282485961914,-1.171181082725525,-0.0745464563369751
1408,-2.402210235595703,-2.6686160564422607,-2.955040454864502
1409,3.221959114074707,2.4643373489379883,3.157925844192505
1410,2.156264543533325,2.24269962310791,2.64084267616272
1411,-3.019270181655884,-1.546825289726257,-3.02225399017334
1412,-0.8502237796783447,-1.3306783437728882,-2.145045757293701
1413,0.7354229688644409,0.8615262508392334,0.123232364654541
1414,1.1328967809677124,-0.3667170703411102,-2.995551824569702
1415,-2.948843479156494,-0.2794591784477234,-0.4532026052474975
1416,-2.9750216007232666,1.524233102798462,-1.287641167640686
1417,-0.6298491358757019,-0.8948186635971069,-2.8628175258636475
1418,0.8702219724655151,-0.171832263469696,-0.2572410106658935
1419,1.256625413894653,0.9758208990097046,1.9704065322875977
1420,1.2365620136260986,0.4017784595489502,0.0197378098964691
1421,-2.684043407440185,-1.577045440673828,-2.0733907222747803
1422,-0.9337714314460754,2.246648073196411,1.5066555738449097
1423,1.3750889301300049,2.1672394275665283,1.374199151992798
1424,1.3616613149642944,0.2667790055274963,-1.387030005455017
1425,0.6817116737365723,1.899963140487671,0.9280041456222534
1426,-1.1957110166549685,-1.6274805068969729,-2.0858938694000244
1427,2.0382678508758545,1.2827187776565552,0.0021824836730957
1428,0.2120648920536041,-1.1227405071258545,-0.0542292594909668
1429,-2.283829689025879,-1.1059465408325195,-2.30176329612732
1430,1.3515679836273191,1.2400940656661987,2.8997251987457275
1431,-1.837095141410828,-1.7588927745819092,-0.9351317882537842
1432,0.9861398935317992,1.838192343711853,2.425382137298584
1433,2.1286425590515137,1.9922291040420528,2.805001735687256
1434,0.8191131353378296,0.2248532772064209,1.3477863073349
1435,0.1757439374923706,-1.0878300666809082,-1.4315251111984253
1436,-1.6412310600280762,-2.2653162479400635,-0.3190482258796692
1437,-1.032236933708191,-0.0201050639152526,-1.784076452255249
1438,-3.4450840950012207,-0.9199870824813844,-2.294376850128174
1439,-1.725885033607483,-2.1009535789489746,-2.6582343578338623
1440,0.7789424657821655,0.5593958497047424,-0.8578458428382874
1441,-1.3533989191055298,1.038092851638794,0.5334134697914124
1442,0.8714675307273865,0.8534982204437256,0.8745410442352295
1443,-1.6192842721939087,-0.4292882680892944,-0.8504878282546997
1444,2.5815634727478027,0.6308207511901855,0.5717266798019409
1445,0.7486646175384521,1.8191275596618648,0.2988744080066681
1446,-2.075092315673828,-2.5929970741271973,-2.8015336990356445
1447,1.919173240661621,1.9675449132919312,2.595641851425171
1448,-0.8414229154586792,0.3502528071403503,1.2082865238189695
1449,0.691637396812439,1.5599138736724854,-1.6859217882156372
1450,-1.5170791149139404,-2.255094051361084,-2.3176050186157227
1451,0.2215256690979004,0.4808825552463531,-0.2227530926465988
1452,0.7078132629394531,1.3355413675308228,0.665439248085022
1453,0.4545614123344421,-0.4060821831226349,0.1254496872425079
1454,0.7095499038696289,0.7358291149139404,-1.0180680751800537
1455,2.433635950088501,1.1737571954727173,1.8354475498199463
1456,0.0801827311515808,0.07694011926651,0.2359380722045898
1457,-1.432127833366394,-1.670885443687439,-1.459118127822876
1458,0.202289342880249,-0.4214119911193847,-1.1261991262435913
1459,-2.5931615829467773,0.1613321304321289,0.6267804503440857
1460,1.509352684020996,0.6013863682746887,1.4322038888931274
1461,0.6921104192733765,-1.0825581550598145,-0.1910391002893448
1462,-3.10034441947937,-2.275505542755127,-3.466743469238281
1463,-1.0103402137756348,-0.311392217874527,0.3460264205932617
1464,-1.4009456634521484,1.564899206161499,2.396229982376098
1465,-0.2961663901805877,-1.3118250370025637,-1.588955640792847
1466,0.0911744534969329,-0.1847023963928222,0.9744856357574464
1467,-1.0717467069625854,2.553722858428955,0.4776895344257355
1468,-1.7904974222183228,-2.3404769897460938,-0.1584963500499725
1469,-1.3902606964111328,-0.0540236830711364,-2.2045199871063232
1470,-0.0715311765670776,0.9661266207695008,0.3924786448478699
1471,0.470922589302063,-0.5900473594665527,0.0235962271690368
1472,-0.7091185450553894,1.5965163707733154,0.4510188698768616
1473,1.8461284637451167,1.2272967100143433,0.928183376789093
1474,-2.079869747161865,-2.730128765106201,-3.330557346343994
1475,0.8614128828048706,-0.3243433237075805,-1.068979263305664
1476,-1.3945451974868774,-0.8367061018943787,-1.2562477588653564
1477,-0.4873240292072296,0.5507020950317383,0.9191566109657288
1478,-0.980847179889679,-0.3078937828540802,-0.6943231821060181
1479,-2.635796546936035,-1.045817255973816,-1.2563852071762085
1480,1.8389748334884644,2.501309871673584,2.785292863845825
1481,-2.3569223880767822,-2.5867929458618164,-2.412789821624756
1482,-3.1651971340179443,-3.026876926422119,-2.589060544967652
1483,-0.7165858745574951,1.8708871603012085,1.3740241527557373
1484,0.5819141864776611,0.8335214257240295,2.205436944961548
1485,2.27315616607666,1.7620246410369873,1.465324878692627
1486,2.4092702865600586,2.1501944065093994,0.2662488222122192
1487,-1.562633991241455,-0.7513659596443176,-2.265103816986084
1488,-3.1253132820129395,-3.6907594203948975,-2.367056369781494
1489,-0.5547952651977539,0.2102495431900024,0.082883208990097
1490,-0.2020240426063537,-1.1563457250595093,-1.8313894271850584
1491,-2.0938072204589844,-1.1599609851837158,-1.3722470998764038
1492,-2.0572760105133057,-2.5060129165649414,-0.1151410043239593
1493,0.1888850331306457,0.2614608407020569,-0.614683985710144
1494,-0.955143392086029,-0.7730705738067627,-1.2406400442123413
1495,-1.726288080215454,-2.549710512161255,-0.714545726776123
1496,1.340961217880249,1.8353805541992188,2.708654403686523
1497,-1.369401931762695,-1.1968858242034912,-1.92404305934906
1498,-1.404605269432068,-1.858354926109314,-0.6098874807357788
1499,2.3628363609313965,3.004941940307617,2.185811281204224
1500,2.137226819992065,2.116471529006958,1.9668529033660889
1501,-0.4525639116764068,-0.3524889647960663,-0.9556897878646852
1502,-0.4123737812042236,0.513839602470398,0.9771124720573424
1503,-0.5831140875816345,0.2605793476104736,-0.0475806146860122
1504,0.1450037360191345,1.1561062335968018,0.1487898826599121
1505,2.318829298019409,1.4125237464904783,2.6824333667755127
1506,-1.0387325286865234,-0.2076269388198852,-1.3755728006362915
1507,-0.1511292457580566,2.63612961769104,0.3299905657768249
1508,2.995671272277832,0.6083890795707703,1.3757625818252563
1509,1.2304493188858032,0.2838379740715027,-0.9762331247329712
1510,-1.4843428134918213,-0.2679234147071838,-0.6810911893844604
1511,-0.2131030559539795,0.548287570476532,-0.4804345965385437
1512,1.7480827569961548,1.2079378366470337,0.0837143212556839
1513,1.2627310752868652,0.0294863581657409,0.5747016668319702
1514,2.9824275970458984,2.173664093017578,2.922470569610596
1515,-2.527202606201172,-0.61534583568573,0.0545447468757629
1516,-2.594780921936035,-1.4966167211532593,-2.207655668258667
1517,-1.6678041219711304,0.5418747663497925,-2.0997836589813232
1518,-2.205888271331787,-3.050708293914795,-2.4881269931793213
1519,-1.2528762817382812,-1.285208225250244,-0.3960247039794922
1520,1.6602249145507812,1.193594217300415,-0.1284213662147522
1521,-3.3272056579589844,0.2988911867141723,-1.2317508459091189
1522,-2.219666242599488,-1.0317081212997437,-1.6262530088424685
1523,0.9990912675857544,1.2363423109054563,-0.7162620425224304
1524,1.773784041404724,1.9118460416793823,3.129474639892578
1525,1.2405295372009275,0.6480271816253662,-0.9516053199768066
1526,-0.0446338057518005,1.4623005390167236,1.6361429691314695
1527,3.3039214611053467,2.464560985565185,3.0426175594329834
1528,-1.228391170501709,0.0200253129005432,-0.7689695358276367
1529,-1.8088254928588867,-2.185270071029663,-0.4515894949436188
1530,-1.3966947793960571,-1.690900444984436,-1.46740984916687
1531,-0.1062818169593811,1.326621651649475,0.7560072541236877
1532,0.9625627994537354,0.3758262991905212,1.4974591732025146
1533,-1.0661967992782593,-0.8966467380523682,-1.2567318677902222
1534,-0.4127177894115448,1.463574767112732,2.301459312438965
1535,2.2447433471679688,1.4118459224700928,1.7951006889343262
1536,3.078198909759521,2.177551507949829,2.6308581829071045
1537,1.7686618566513062,2.3755078315734863,2.790567398071289
1538,3.307154893875122,2.559586763381958,3.667739152908325
1539,1.5682862997055054,0.2116255760192871,-1.148495078086853
1540,-0.5446654558181763,-0.4021443426609039,1.887523174285889
1541,-0.6176281571388245,0.0133786797523498,-0.5977010130882263
1542,-0.6771109104156494,-1.1194169521331787,0.0237572193145751
1543,-0.5867226123809814,0.5692342519760132,0.625723123550415
1544,-2.5174386501312256,-1.2666983604431152,-1.1556334495544434
1545,-2.199676752090454,-2.709390640258789,0.2929211854934692
1546,-1.5599390268325806,-0.6437582969665527,-2.8160903453826904
1547,0.3804557621479034,1.3186334371566772,-1.207976222038269
1548,-1.2845731973648071,1.315138339996338,2.0786325931549072
1549,0.9995957016944884,0.0863121747970581,0.2451034635305404
1550,-1.5315241813659668,1.6336798667907717,-1.0345546007156372
1551,-2.745662212371826,-2.869312286376953,-3.55383563041687
1552,-2.15388822555542,-0.3813116550445556,-1.2346841096878052
1553,-0.5481429100036621,1.4949162006378174,0.7870266437530518
1554,-1.0624504089355469,-2.191301822662353,-1.201177954673767
1555,0.146615594625473,-1.6407517194747925,-0.8751091957092285
1556,0.9132674336433412,-0.7194616198539734,1.6831202507019043
1557,-0.0600152909755706,-0.5187808275222778,-0.5165140628814697
1558,-0.5822593569755554,2.006046772003174,1.1490613222122192
1559,0.9545340538024902,0.2487661242485046,0.0423385351896286
1560,-1.069838523864746,-0.6339303255081177,-2.144019365310669
1561,1.777682542800903,0.3833898305892944,2.6463866233825684
1562,2.4308176040649414,2.7359933853149414,1.8208571672439573
1563,2.4550464153289795,1.918323040008545,1.709661841392517
1564,2.4040520191192627,2.6413843631744385,3.4847118854522705
1565,-1.9055354595184328,-1.2316949367523191,-2.21895170211792
1566,-2.337829113006592,-1.6461448669433594,-2.153805732727051
1567,-0.0822695195674896,-0.1472474336624145,-1.6267447471618652
1568,0.8253625631332397,-0.0197063088417053,0.17353555560112
1569,1.1486577987670898,1.0345513820648191,1.1153563261032104
1570,-2.588776111602783,-1.8756064176559448,0.0834264755249023
1571,1.4135900735855105,1.8158499002456665,0.889673113822937
1572,-0.8563464283943176,0.4650189280509949,-0.3143035471439361
1573,2.9682600498199463,1.822417974472046,1.7684574127197266
1574,-0.9548746347427368,1.2505359649658203,0.8161612749099731
1575,3.244449615478516,2.6282641887664795,2.3280160427093506
1576,0.7414640188217163,1.5773026943206787,-0.6249054670333862
1577,-2.598501682281494,-2.7040791511535645,-0.5491881370544434
1578,0.3929058015346527,0.2405412197113037,1.4975186586380005
1579,-3.2374467849731445,-1.069828748703003,-1.5396555662155151
1580,-2.8164315223693848,-2.4077601432800293,-2.24316668510437
1581,1.0543686151504517,1.1349163055419922,1.6380250453948977
1582,-1.4804582595825195,-0.3636558651924133,1.2615636587142944
1583,-0.9758605360984802,0.3485867381095886,-0.6029390692710876
1584,0.0667916536331176,0.3434610068798065,0.3928179740905761
1585,1.1814500093460083,1.305647850036621,2.020247459411621
1586,-0.1323713064193725,1.4448792934417725,0.5971391201019287
1587,0.3712590932846069,2.3471858501434326,1.4649475812911987
1588,-0.0735890865325927,0.4951102137565613,2.343055248260498
1589,-2.205894470214844,0.7007056474685669,0.6864478588104248
1590,-2.751475095748902,-3.017662763595581,-2.3970324993133545
1591,0.5858078002929688,0.8430923223495483,0.2974585592746734
1592,-1.024449110031128,-0.6437582969665527,-1.2471420764923096
1593,-3.3589842319488525,-2.032849073410034,-3.1111884117126465
1594,-2.5540225505828857,-2.676854372024536,-1.823167443275452
1595,-2.395087718963623,-0.508277177810669,-1.865518569946289
1596,1.506431221961975,2.118340015411377,0.0277899503707885
1597,-2.6524558067321777,-2.7496347427368164,-0.006507784128189
1598,-2.502856492996216,-1.8289066553115845,-1.932645320892334
1599,0.2045878767967224,1.0869009494781494,1.9632717370986936
1600,-0.723519504070282,-0.6696023941040039,-1.5387749671936035
1601,-0.8161616325378418,-1.4595394134521484,-1.934451580047608
1602,2.459248781204224,2.5050034523010254,0.2985752522945404
1603,-1.7068774700164795,-1.3545243740081787,-2.1142168045043945
1604,-0.7431367635726929,1.4738333225250244,0.247116208076477
1605,-0.1635890305042266,-0.1263691186904907,0.1530877351760864
1606,-2.5024423599243164,-0.3272522091865539,0.5686986446380615
1607,-1.4227614402770996,-2.6673696041107178,-0.2568788230419159
1608,-1.355916976928711,1.0161442756652832,2.137900829315185
1609,-0.4237129390239715,1.1966924667358398,2.5086140632629395
1610,-2.548640489578247,-3.0380568504333496,-3.1657867431640625
1611,-0.2271147668361663,1.09410560131073,1.3029122352600098
1612,0.5648747682571411,-0.4225280284881592,-0.4164198637008667
1613,-0.8294777274131775,-1.6289284229278564,1.132181167602539
1614,-0.2598837614059448,1.1555755138397217,0.2976951599121094
1615,0.9860674142837524,2.802808284759521,-0.5272146463394165
1616,-0.3796992599964142,-1.194546103477478,-0.8961424827575684
1617,1.2539401054382324,0.8587664365768433,0.5749689936637878
1618,-0.8006021976470947,-1.5002024173736572,0.6117086410522461
1619,0.2267748415470123,1.79118549823761,0.1310060620307922
1620,1.7695497274398804,0.844702422618866,0.799260139465332
1621,-2.074450731277466,-0.5513957738876343,-2.405356884002685
1622,0.8907197117805481,1.0874290466308594,0.7591057419776917
1623,-2.142859697341919,-2.7841901779174805,-2.95543909072876
1624,1.5714480876922607,-0.9846599102020264,-1.1508561372756958
1625,-0.5957024693489075,-0.2009699940681457,0.1288746297359466
1626,3.0420737266540527,2.3738043308258057,3.4331796169281006
1627,0.7438366413116455,-0.0593425035476684,0.7405452728271484
1628,-1.6514770984649658,0.0517778992652893,-2.5633480548858643
1629,-2.1123499870300293,-2.3162198066711426,-1.3671483993530271
1630,-2.6023526191711426,-1.1338682174682615,-2.511622428894043
1631,-0.5230551362037659,-0.8738417625427246,-0.1769758313894271
1632,-0.9697695970535278,-0.4848678410053253,-0.8785184621810913
1633,-0.5038504600524902,-1.9305119514465328,-2.265931367874145
1634,-2.301748991012573,-2.136831045150757,-1.244488000869751
1635,-1.717213153839111,1.828051209449768,-0.5714150071144104
1636,-1.6381843090057373,0.5816117525100708,-0.5826910734176636
1637,-1.0281230211257937,-0.5297330021858215,-1.6405324935913086
1638,1.4845181703567505,0.8765609264373779,1.9500887393951416
1639,1.0630275011062622,1.6313295364379885,-1.5788865089416504
1640,0.2308170795440673,0.1879475712776184,-0.0690336227416992
1641,0.0175680518150329,-3.0164363384246826,-0.3679652810096741
1642,3.133952140808105,2.070603609085083,2.4746286869049072
1643,2.4065401554107666,1.6748676300048828,0.9274333715438844
1644,-1.4771901369094849,1.291593313217163,-0.1148597002029419
1645,-2.454028606414795,1.0167107582092283,0.9476560354232788
1646,-1.4337764978408811,0.1625334620475769,-2.263288736343384
1647,-1.02565598487854,-0.1822028160095214,-0.6935320496559143
1648,2.5002901554107666,2.543740749359131,3.309945583343506
1649,-0.5097914934158325,1.684649109840393,-1.7372809648513794
1650,0.5799793004989624,0.450232446193695,-0.1749509423971176
1651,-1.2514950037002563,-2.5568642616271973,-2.6314632892608643
1652,-0.2444994151592254,0.0556625723838806,0.4980581700801849
1653,-0.5292903780937195,-0.4925484359264374,-0.7794687151908875
1654,-0.0408827662467956,1.6570274829864502,-1.2886860370635986
1655,-0.8654628396034241,-0.3603855967521667,-0.6826979517936707
1656,-1.1989537477493286,-0.9116193056106568,0.5140986442565918
1657,0.5993226766586304,0.1124430298805236,0.4917073845863342
1658,1.3578802347183228,1.4008063077926636,1.8948493003845213
1659,-1.4299466609954834,-1.0727943181991575,-1.0220247507095337
1660,0.884678840637207,0.5508606433868408,1.2160677909851074
1661,-1.058383822441101,0.57722008228302,2.118936777114868
1662,0.1534207165241241,-1.546945095062256,0.6119012832641602
1663,0.8645339012145996,0.2087297439575195,1.9693766832351685
1664,1.3958828449249268,1.6102229356765747,0.0413133800029754
1665,1.1899667978286743,0.5757564902305603,0.922241985797882
1666,1.6460040807724,2.189178705215454,2.550092458724976
1667,-1.227946162223816,-1.5361478328704834,-1.720842719078064
1668,-1.7068318128585815,-2.916527509689331,-2.7171051502227783
1669,-1.0896499156951904,0.9304982423782348,0.5600631237030029
1670,1.75264310836792,2.690905332565308,2.108799934387207
1671,-1.4653712511062622,-0.7045482397079468,-2.004892587661743
1672,0.4711406826972961,2.1221024990081787,-2.037769794464112
1673,0.5984135866165161,0.0453642010688781,1.1195168495178225
1674,1.0469204187393188,0.5625534057617188,-0.5340389609336853
1675,-0.5490666031837463,-0.764521062374115,-2.5510761737823486
1676,-0.462302565574646,0.0467482209205627,-0.1747921854257583
1677,-2.770504951477051,-2.321506977081299,-2.6209723949432373
1678,1.0845016241073608,1.481083869934082,1.9500826597213743
1679,-1.4809247255325315,-0.5199936628341675,-0.2513025403022766
1680,0.141583502292633,-0.7452494502067566,-1.3415071964263916
1681,2.45609712600708,2.942370176315308,1.95144784450531
1682,-0.688852846622467,0.955734133720398,0.1385888755321502
1683,-2.149580717086792,-1.8796064853668213,-1.5261772871017456
1684,-0.7080969214439392,1.7440199851989746,0.961969256401062
1685,-0.0466367602348327,-0.2694588005542755,-1.2983554601669312
1686,-0.6738432049751282,1.869657516479492,-0.5608388781547546
1687,-1.384118676185608,-0.9616489410400392,-1.803028225898743
1688,0.371124267578125,1.7557626962661743,0.3910322189331054
1689,1.794471263885498,1.270848035812378,1.4359923601150513
1690,0.3790991902351379,0.1538509130477905,1.3015053272247314
1691,1.3321548700332642,1.0422654151916504,2.1847898960113525
1692,-0.8998392224311829,1.1384845972061155,-0.4024393856525421
1693,-0.8517158627510071,0.029788851737976,-0.870980441570282
1694,2.419447183609009,2.802919626235962,2.0936872959136963
1695,0.7376688718795776,1.6478428840637207,2.5986077785491943
1696,-1.9888014793396,-2.227682590484619,-2.6755080223083496
1697,-3.1315793991088867,-2.694552659988404,-2.296722888946533
1698,2.276501417160034,2.280550003051758,3.157519578933716
1699,-0.3090855777263641,0.1494088768959045,-0.3802820146083832
1700,-1.0165207386016846,-1.718912124633789,-1.2435921430587769
1701,2.0622143745422363,1.122763991355896,1.6222169399261477
1702,-2.54807710647583,-1.8995829820632928,-3.307844400405884
1703,0.0790935158729553,2.63853120803833,0.7519528269767761
1704,-2.1516125202178955,-1.357158660888672,-0.1474672704935073
1705,-1.644076228141785,0.0811584591865539,1.1923261880874634
1706,-0.5864558815956116,0.0705139636993408,-3.303304672241211
1707,-1.9264501333236688,-0.1823774576187133,-2.247076988220215
1708,2.6279799938201904,1.981767177581787,2.6763603687286377
1709,-1.647404670715332,0.3181473612785339,-1.0600202083587646
1710,-0.9072385430336,0.6045053005218506,0.982760727405548
1711,-0.1326936483383178,-0.2971118092536926,-0.6677767038345337
1712,-1.3492470979690552,0.9247726202011108,0.8797295093536377
1713,3.1633925437927246,2.6342849731445312,2.833690881729126
1714,-3.2124691009521484,-3.575867414474488,-3.046637296676636
1715,-2.861768245697021,-1.8375500440597528,-2.07052230834961
1716,0.7967217564582825,0.7294716835021973,-0.2040150314569473
1717,-2.1121182441711426,-0.97295743227005,-1.720595359802246
1718,1.6606088876724243,2.550171136856079,2.159931898117065
1719,0.0777672827243805,-0.2978727221488952,-0.2305380403995514
1720,-1.4115583896636963,-1.2245317697525024,-2.565317153930664
1721,0.0057750344276428,-0.469673603773117,-0.6046925783157349
1722,-1.3382447957992554,0.8424348831176758,0.705543041229248
1723,-1.120905876159668,0.7119321227073669,-0.4191629886627197
1724,0.0896092653274536,-1.366813063621521,0.5034565925598145
1725,0.7992927432060242,1.019400715827942,0.059222787618637
1726,0.9626013040542604,1.7188855409622192,1.8058958053588867
1727,-0.7236689329147339,-1.5211617946624756,-1.760858178138733
1728,-1.7782135009765625,-2.505078315734864,-2.716844081878662
1729,-1.2344985008239746,-1.7697694301605225,-1.0669493675231934
1730,-0.8045834302902222,1.610225796699524,0.3902084529399872
1731,0.372143030166626,0.9076257944107056,1.3140193223953247
1732,-1.0181427001953125,-1.1604753732681274,-2.573523759841919
1733,-2.389811992645264,-1.9483985900878904,-1.902872323989868
1734,-0.1272766292095184,-0.6100766062736511,-0.63974529504776
1735,-1.1702500581741333,-0.2676543593406677,0.87946617603302
1736,-0.7085496187210083,-0.42154660820961,-0.7358913421630859
1737,1.0115584135055542,1.849156379699707,2.632766962051392
1738,-1.3838515281677246,0.7325434684753418,0.3928878009319305
1739,1.3181557655334473,1.7828912734985352,-0.6916110515594482
1740,-3.8274898529052734,0.4176400303840637,-2.184641599655152
1741,-1.6022711992263794,0.8612886667251587,-1.0281124114990234
1742,1.7445744276046753,2.411337614059448,0.5706679224967957
1743,1.897205829620361,0.5581167340278625,1.1443389654159546
1744,-0.5865333080291748,-1.2018866539001465,0.3012013435363769
1745,0.2089466452598571,-0.2807353734970093,-0.866323709487915
1746,-0.22763592004776,-0.9140855073928832,-1.8752522468566888
1747,0.0174211859703063,-0.2518032193183899,0.9296019673347472
1748,-0.5829559564590454,-0.7819472551345825,-1.8664512634277344
1749,1.775383472442627,0.2238801121711731,-0.5126047730445862
1750,-2.006095170974731,-2.0745294094085693,-1.9927804470062256
1751,-1.1238741874694824,1.7187228202819824,2.110357522964477
1752,0.5402684211730957,-1.17607843875885,-1.3741424083709717
1753,0.4596596956253052,-0.2555483281612396,-0.4805071949958801
1754,-2.514157772064209,-2.8351917266845703,-1.1138867139816284
1755,2.840232610702514,1.7313103675842283,2.138190031051636
1756,0.0183193087577819,-2.004901170730591,-1.5135281085968018
1757,1.3307125568389893,0.9627729654312134,1.3440083265304563
1758,-2.326594591140747,-1.99567449092865,-3.1824450492858887
1759,-0.0950167477130889,-1.4153032302856443,-0.640982985496521
1760,-2.397491455078125,-2.554297685623169,-2.235190391540528
1761,-0.7580242156982422,-0.4375008642673492,-2.01878309249878
1762,-0.3399475812911987,0.4526236653327942,-0.4417729377746582
1763,2.418982982635498,1.6116256713867188,1.963240027427673
1764,-0.3586834371089935,0.0610033869743347,-1.296123504638672
1765,0.9160418510437012,-0.0501210689544677,-0.3413888812065124
1766,-1.5655497312545776,-0.0736157298088073,1.3477118015289309
1767,-0.2352021038532257,-0.1836618781089782,-0.0706655830144882
1768,-4.440363883972168,-3.008586406707764,-3.147526979446411
1769,0.4677306115627289,1.849453806877136,1.5485535860061646
1770,-0.4352167546749115,-0.9145503044128418,-0.7609803676605225
1771,-0.3201247453689575,-1.102394938468933,-0.5701045989990234
1772,1.1711397171020508,-0.0822908878326416,0.5088913440704346
1773,-0.8195518255233765,0.1183288693428039,0.0827148258686065
1774,-1.2983726263046265,0.1228052973747253,1.5272523164749146
1775,-2.472031116485596,-1.8085161447525024,0.9537766575813292
1776,-0.5982285141944885,-0.1826542019844055,1.532399296760559
1777,-2.540945529937744,-3.0239899158477783,-2.7415030002593994
1778,1.683699131011963,2.164403200149536,2.4642603397369385
1779,-1.6427958011627195,-0.9149240255355836,-1.016055703163147
1780,-1.6572680473327637,1.283332109451294,0.24410080909729
1781,-0.4119032621383667,0.6450211405754089,0.7728055119514465
1782,-0.661888062953949,1.6586865186691284,-1.5178488492965698
1783,-5.065117359161377,-2.9653897285461426,-3.039475917816162
1784,1.661578893661499,0.7717227935791016,1.2698588371276855
1785,1.0547029972076416,0.7126177549362183,-0.2810483872890472
1786,-1.2083497047424316,-0.4480400383472442,-2.081195116043091
1787,-0.5952985286712646,-1.8697501420974727,0.2289479970932006
1788,0.1288490891456604,0.3541183471679687,-0.5171611309051514
1789,-2.765952587127685,-3.4022130966186523,-3.164902210235596
1790,0.2195582687854766,2.7253870964050293,1.7729758024215698
1791,-1.8977692127227783,-0.3390451073646545,-1.2001855373382568
1792,1.153775334358215,0.8888190388679504,0.3973407745361328
1793,-0.5846922397613525,1.0771753787994385,1.363616943359375
1794,-0.1542000770568847,-1.4257123470306396,-0.0330068469047546
1795,0.361110508441925,1.3306578397750854,-0.1110672950744628
1796,-0.1058460474014282,-1.477636456489563,-1.0314186811447144
1797,-1.563463568687439,0.0296845436096191,-0.1222495138645172
1798,0.492924302816391,-0.4519732594490051,-0.4150052964687347
1799,-2.0626511573791504,-1.41540789604187,-2.368088722229004
1800,2.4319896697998047,2.4933295249938965,2.6489052772521973
1801,-1.2601585388183594,-1.8427917957305908,-1.3259083032608032
1802,-1.4056105613708496,-1.1643052101135254,-2.3650810718536377
1803,1.84577226638794,1.4711378812789917,2.9796454906463623
1804,-1.6580572128295898,-1.4363611936569214,-1.983921766281128
1805,-1.0470229387283323,-1.525373458862305,-0.9670018553733826
1806,-0.7781881093978882,-1.2554577589035034,-1.0624148845672607
1807,-0.6738691926002502,0.1617052555084228,-1.3866513967514038
1808,-0.1226515769958496,-1.2860090732574463,-0.4170431196689605
1809,-0.2308609783649444,-0.2306398749351501,0.7051766514778137
1810,-0.6912972927093506,-1.3668456077575684,0.0068942010402679
1811,2.156916856765747,2.285536289215088,2.408540964126587
1812,-1.814136385917664,-1.9155898094177248,0.997948944568634
1813,1.01158344745636,1.3678263425827026,1.4366402626037598
1814,1.1368293762207031,0.3321373462677002,0.661836564540863
1815,-1.713423252105713,-0.8465286493301392,-0.6773116588592529
1816,-0.5071308016777039,0.7651163339614868,-2.465411424636841
1817,-0.1032288074493408,1.1504873037338257,-1.051801681518555
1818,-2.2917187213897705,-1.778983235359192,-2.5267903804779053
1819,-1.400768518447876,-1.8425533771514893,-1.5610947608947754
1820,0.5771649479866028,1.412866473197937,0.2980821132659912
1821,-0.054187923669815,0.3172202110290527,1.8887701034545896
1822,-0.8943676948547363,-0.0608302354812622,-0.799273669719696
1823,1.5201237201690674,1.1425926685333252,1.83477795124054
1824,-0.832269012928009,-1.885976195335388,-2.5958738327026367
1825,0.8641741275787354,0.9016396403312684,1.8017548322677608
1826,1.848227977752685,1.4364993572235107,-1.8592877388000488
1827,-0.8834282755851746,-0.8307942152023315,-0.5492269396781921
1828,-2.581355094909668,-2.467708110809326,0.5490538477897644
1829,-0.3183934390544891,-1.085317850112915,-2.203629732131958
1830,0.2249574959278106,-1.8470392227172847,-0.3077088594436645
1831,-2.754348039627075,0.9145623445510864,-1.722205400466919
1832,2.2144999504089355,2.432280302047729,1.8066329956054688
1833,-2.453482866287231,-0.2836360335350036,-2.620595216751098
1834,1.8502583503723145,1.4659663438796997,1.2671473026275637
1835,-2.102269411087036,1.899298906326294,-0.0392180681228637
1836,2.966422319412231,2.3825252056121826,2.812063455581665
1837,-0.4953046441078186,-0.3496409058570862,-1.602935791015625
1838,-0.4611623585224151,-0.7513079643249512,-1.4607692956924438
1839,1.2350529432296753,1.7334935665130615,2.6096413135528564
1840,1.8118107318878167,1.6340667009353638,1.1309834718704224
1841,-1.3034487962722778,-2.3072547912597656,-1.5236726999282837
1842,-0.1516509652137756,-1.4423874616622925,-1.5113980770111084
1843,-0.731446385383606,-1.339657187461853,-0.5792367458343506
1844,-0.9181053042411804,0.3357647657394409,-0.0387065708637237
1845,0.1304453015327453,-0.585466206073761,-0.4414596557617187
1846,0.2141578793525695,-0.1334011554718017,-2.923882961273194
1847,2.82576322555542,2.6437530517578125,3.53018569946289
1848,1.8301681280136108,1.529881715774536,2.0177361965179443
1849,2.0265345573425293,1.2169842720031738,1.528609037399292
1850,-2.351650714874268,-0.8668877482414246,-0.1790508329868316
1851,-0.0497521162033081,-0.3496531844139099,-2.523498296737671
1852,-1.897204875946045,0.2651324272155761,-0.2384599149227142
1853,-0.3874282240867615,0.7094794511795044,0.6373400092124939
1854,0.3661107122898102,1.3366892337799072,2.279136180877685
1855,-1.6401704549789429,2.2643086910247803,-1.061152458190918
1856,0.7815579175949097,0.021378755569458,0.2295920252799987
1857,-1.2618091106414795,-1.254733681678772,-2.415652275085449
1858,-2.109940528869629,-1.5694005489349363,-1.124523401260376
1859,-0.5489482879638672,-0.8555410504341125,-0.6937337517738342
1860,2.136610984802246,2.344024896621704,1.033907175064087
1861,1.0653748512268066,0.3131373524665832,0.6194055676460266
1862,-1.391542673110962,-0.7798323035240173,-3.4151573181152344
1863,-0.7213979959487915,0.5337636470794678,-1.5406893491744995
1864,0.6652431488037109,-0.2050508856773376,0.9009908437728882
1865,1.6561079025268557,0.98397696018219,-1.7282702922821045
1866,2.9893722534179688,2.370819568634033,3.289034843444824
1867,-1.172498345375061,-1.3543845415115356,-2.715857744216919
1868,-0.7384028434753418,0.6377089619636536,-0.944671869277954
1869,1.065938115119934,1.769228458404541,1.7614794969558716
1870,-1.1937205791473389,-1.5004645586013794,-0.3446007370948791
1871,-2.92240047454834,-2.855620145797729,-2.959054470062256
1872,2.919959545135498,1.929154634475708,2.6635003089904785
1873,-1.0571714639663696,1.0633533000946045,0.101307213306427
1874,-0.4365126490592956,1.7074984312057495,1.8802064657211304
1875,-1.6111692190170288,-0.4120477735996246,-2.928761482238769
1876,1.7055542469024658,1.3260668516159058,0.9902067184448242
1877,-2.2140309810638428,-2.7791948318481445,-3.1475658416748047
1878,-2.2257649898529053,-1.3302892446517944,-0.9470164775848388
1879,-0.7684541344642639,-1.9455400705337524,-2.1305079460144043
1880,1.189953327178955,2.2049949169158936,-1.1427199840545654
1881,-2.9746906757354736,-1.524456262588501,-2.779883623123169
1882,-2.499838352203369,-2.960684299468994,-3.73907208442688
1883,-1.7325841188430786,-0.5292105078697205,-0.8809353709220886
1884,-1.1802372932434082,0.2536635994911194,-0.7860227227210999
1885,0.0251747965812683,0.5521769523620605,-0.211944967508316
1886,-1.3289395570755005,-1.7331795692443848,-2.099931001663208
1887,-2.855517864227295,-2.784231424331665,-2.8403778076171875
1888,0.0781458616256713,-0.3489556908607483,-0.1585313081741333
1889,-2.097280740737915,-0.7936637997627258,-0.8812138438224792
1890,3.124634265899658,2.551468133926392,3.431663274765014
1891,0.4675577282905578,-0.8677606582641602,0.121507853269577
1892,-1.4831855297088623,0.0618528723716735,-1.8119691610336304
1893,1.004978895187378,0.6842410564422607,0.8212496638298035
1894,-2.151228189468384,-1.7697480916976929,-1.7253302335739136
1895,-3.016314744949341,-1.5466244220733645,0.2452389746904373
1896,-2.020643711090088,-0.3453931212425232,-2.2443110942840576
1897,-0.9595062136650084,1.3637301921844482,1.1915969848632812
1898,1.7096328735351562,1.8340890407562256,1.634480357170105
1899,-1.5132545232772827,-0.0173323154449462,-0.7797158360481262
1900,-0.9756174087524414,-2.0975027084350586,-2.0263895988464355
1901,-1.1950346231460571,1.1207419633865356,-1.859977006912232
1902,1.9210559129714968,1.1122866868972778,1.165026068687439
1903,1.696190595626831,1.964902758598328,1.961451768875122
1904,3.300588130950928,2.502771139144897,3.030087947845459
1905,-0.8778095841407776,-0.6183929443359375,-1.6278269290924072
1906,-0.602475643157959,-0.8607902526855469,-1.0219545364379885
1907,-1.099472165107727,2.32417893409729,0.9645600318908693
1908,0.6865965723991394,0.1586425304412841,0.2676825821399688
1909,-2.075320243835449,-0.2046512365341186,-0.1710371077060699
1910,0.5952767729759216,-0.040126621723175,-1.1212128400802612
1911,-0.4356912970542907,-1.0689268112182615,-1.7959388494491575
1912,-2.4099395275115967,-1.018492341041565,-1.6993002891540527
1913,0.596867561340332,0.4361975789070129,0.1293413043022155
1914,-1.6111923456192017,1.0909689664840698,-1.6318159103393557
1915,-1.071777105331421,-1.727081298828125,0.8226889371871948
1916,-1.440387725830078,-1.6745991706848145,-3.3788983821868896
1917,-1.4014055728912354,-1.1227185726165771,-0.2830551266670227
1918,-1.5289665460586548,-1.0530847311019895,-1.706889510154724
1919,0.1534086167812347,1.6934967041015625,1.3839733600616455
1920,-0.1299889683723449,-1.4786391258239746,1.7708017826080322
1921,0.2241996824741363,-1.7271170616149902,0.1386559605598449
1922,-2.0048816204071045,-1.554005146026611,-2.4423587322235107
1923,-0.7237264513969421,0.4467066824436188,-1.0256593227386477
1924,2.065603494644165,2.2895290851593018,2.0227034091949463
1925,-1.079408049583435,1.192052125930786,-1.631836175918579
1926,-0.7887023091316223,-0.9570728540420532,-1.7823549509048462
1927,0.8704283237457275,-0.5653814077377319,0.050226479768753
1928,-3.1271307468414307,-3.3511106967926025,0.5504040718078613
1929,2.4516050815582275,2.91418194770813,2.6682021617889404
1930,0.0718925297260284,0.1271640062332153,-0.3551159203052521
1931,0.5632141828536987,0.5255770087242126,0.5798124670982361
1932,-1.706892728805542,-0.6695113182067871,-2.130573272705078
1933,-0.0852242708206176,0.1138527393341064,-0.0202151238918304
1934,-0.9909449815750122,-2.013822078704834,-0.7688926458358765
1935,-2.1431896686553955,-0.3556815087795257,0.8989920020103455
1936,1.529033660888672,0.0611088275909423,1.3024344444274902
1937,0.1551123857498169,-1.4864939451217651,-1.9025545120239256
1938,-1.8108474016189573,-2.5508909225463867,-2.493393898010254
1939,-0.9750843644142152,-1.3779277801513672,-0.6203521490097046
1940,-1.3131922483444214,-0.1567287445068359,-1.065601468086243
1941,-0.3701082766056061,-0.1290861368179321,0.740596354007721
1942,0.9165258407592772,1.1165136098861694,-0.4928042888641357
1943,0.0264592170715332,0.3975309133529663,0.9842762351036072
1944,0.2141578793525695,-2.4655802249908447,-0.7814351916313171
1945,-0.5053650140762329,1.655756592750549,1.2459708452224731
1946,1.251777172088623,-0.1100411415100097,-0.296751320362091
1947,0.5503459572792053,0.0239391922950744,0.5693742036819458
1948,0.2229368984699249,-0.1427226066589355,-0.2261753380298614
1949,0.8810348510742188,1.2514305114746094,0.3295616507530212
1950,-0.8657318353652954,-1.2785797119140625,-0.5728938579559326
1951,1.0023937225341797,-0.9123371243476868,-1.0609723329544067
1952,-2.2523393630981445,1.668193221092224,-2.8628082275390625
1953,0.6806771755218506,2.10256290435791,1.62417471408844
1954,-1.9059693813323968,-0.7065410017967224,-1.6431955099105835
1955,-2.022472381591797,-0.96263188123703,-2.565329074859619
1956,0.0227014422416687,0.0985769033432006,0.0323826074600219
1957,-0.7915345430374146,-0.0350649356842041,1.9076697826385496
1958,-1.0562682151794434,-0.7310001850128174,-1.0358291864395142
1959,-0.054007738828659,-1.9408224821090696,-2.283732414245605
1960,-2.5707907676696777,-0.9624143242836,-0.878852128982544
1961,1.0912418365478516,0.6478100419044495,-0.4064105153083801
1962,1.002087116241455,1.1087286472320557,0.5682492852210999
1963,2.240928173065185,3.078205823898315,2.465721607208252
1964,-0.6011084318161011,-0.6584138870239258,-0.5504934787750244
1965,-0.2271147668361663,0.2418387532234192,-0.464816153049469
1966,-1.701557159423828,-2.0653529167175293,-1.9704989194869995
1967,-0.0714467465877533,-0.6437175273895264,-1.3595675230026243
1968,-0.2303085625171661,-0.2117480933666229,0.0499275922775268
1969,0.6709392666816711,0.6417301297187805,0.886745810508728
1970,2.2095205783843994,2.84971570968628,0.0600759387016296
1971,-2.109149694442749,-1.0873751640319824,-1.2568645477294922
1972,-0.5981420278549194,-0.2177787125110626,-0.0065630078315734
1973,-2.702420234680176,-1.956379771232605,-0.1953702569007873
1974,-0.0653234720230102,1.403071403503418,1.774961233139038
1975,-1.3781334161758425,-1.3849211931228638,-1.883707523345948
1976,0.2830349802970886,0.8001486659049988,0.0378428399562835
1977,2.563753366470337,2.517273426055908,3.084026575088501
1978,-1.7458618879318235,-1.6468220949172974,-2.015437364578247
1979,0.2093309164047241,-1.810374736785889,-2.078453302383423
1980,-0.5073649883270264,-2.363834381103516,-3.445596218109131
1981,0.2210231125354766,0.5486948490142822,0.0677092969417572
1982,-0.269618272781372,1.9089065790176392,1.3091716766357422
1983,-1.4160045385360718,-2.2295620441436768,-3.577449321746826
1984,-2.072838068008423,0.2357457280158996,0.9049416184425354
1985,3.2255454063415527,2.557192087173462,3.156901359558105
1986,-0.6778488159179688,-0.5689656734466553,-1.3851200342178345
1987,-0.269247442483902,1.926788210868836,-0.916763186454773
1988,-0.456784188747406,-1.9157177209854128,-0.983826756477356
1989,-1.4104325771331787,-1.518264651298523,0.8101847171783447
1990,1.0656700134277344,1.0572309494018557,0.0284781157970428
1991,2.572988748550415,1.633722186088562,2.2505440711975098
1992,0.4216374158859253,-0.3354727923870086,-1.8508453369140625
1993,0.4581196904182434,0.951355755329132,0.4834792017936706
1994,-1.7373898029327393,0.2287719845771789,-0.560213029384613
1995,-0.5861067771911621,2.017970085144043,0.9622989892959596
1996,0.6735636591911316,0.2493261694908142,-1.044583082199097
1997,-2.2230186462402344,-1.889417290687561,-1.759006381034851
1998,-1.90589702129364,0.0638598203659057,2.127979516983032
1999,1.96929943561554,2.2775495052337646,2.302372694015503
2000,-0.9575126767158508,1.1301515102386477,0.1254882514476776
2001,-2.110660552978516,-0.1273437142372131,-0.8587034940719604
2002,1.0500175952911377,1.6643879413604736,-1.5181084871292114
2003,-2.47593355178833,1.8336315155029297,-0.723772406578064
2004,-2.0703611373901367,-0.3014380931854248,-1.9893311262130733
2005,-0.8520717024803162,-0.0495378375053405,-1.0008666515350342
2006,2.419508457183838,2.962247610092163,1.2260347604751587
2007,0.2137609124183654,0.6635137796401978,-0.2449300438165664
2008,-0.564548134803772,-0.6971202492713928,-1.2076363563537598
2009,0.8737565279006958,2.203340530395508,-2.429005622863769
2010,-0.6025091409683228,-1.1604193449020386,-0.6151966452598572
2011,-0.9071596264839172,0.710466742515564,-0.2413358688354492
2012,-0.7914822101593018,-0.9643489122390748,-1.6846636533737185
2013,0.4934734106063843,1.6546080112457275,1.3850327730178833
2014,0.1262129247188568,-0.3630066514015198,0.8102321624755859
2015,-1.8954707384109497,-2.041658639907837,1.1569942235946655
2016,-1.4819090366363523,-1.5664260387420654,-0.8998233079910278
2017,-0.5138864517211914,-2.0984699726104736,-2.8147997856140137
2018,-0.915059506893158,-0.6720976233482361,-1.3814717531204224
2019,-1.9942705631256104,-1.2143760919570925,-1.5367577075958252
2020,0.5359629988670349,0.4775727093219757,-1.1522823572158811
2021,-1.7383171319961548,-1.436598539352417,-1.6326807737350464
2022,2.918709278106689,2.059936761856079,2.377405405044556
2023,1.5501439571380615,2.036226749420166,0.3029532134532928
2024,1.7060296535491943,0.8861006498336792,1.4392582178115845
2025,-1.5134249925613403,-1.226379632949829,-0.9511647820472716
2026,-1.3141810894012451,-0.8469716906547546,-1.239920735359192
2027,-1.515655517578125,-2.1784536838531494,-2.5109221935272217
2028,0.4084064960479736,-0.911184310913086,-0.0961346477270126
2029,0.0270487666130065,-0.5108226537704468,0.1944456845521927
2030,0.8196878433227539,-1.723720908164978,-2.179835796356201
2031,-0.7272592186927795,0.0376409292221069,0.1019242256879806
2032,0.711340069770813,0.9312270879745485,0.1509084105491638
2033,-1.7417937517166138,-2.7885758876800537,-3.093050479888916
2034,1.501511573791504,0.7365216016769409,0.8438605666160583
2035,-2.851166009902954,0.6874066591262817,-1.774982452392578
2036,0.4079160690307617,2.3172082901000977,1.3791674375534058
2037,-0.4755570590496063,-0.1840842962265014,0.9828903675079346
2038,1.0044947862625122,1.771256685256958,-0.05957692861557
2039,-0.731446385383606,1.720289945602417,-1.3313236236572266
2040,-0.1274994909763336,0.5633814334869385,-1.9593470096588133
2041,-1.3569692373275757,-0.3305309414863586,-0.3370379507541656
2042,0.1405716836452484,1.067753553390503,0.2624382972717285
2043,2.762871265411377,2.229764223098755,1.7059673070907593
2044,-2.7254881858825684,-2.2209630012512207,-1.1633970737457275
2045,2.659019947052002,2.078989028930664,2.5837459564208984
2046,-0.6358193159103394,0.3159533739089966,-1.957523822784424
2047,1.179374098777771,2.133065700531006,1.7868884801864624
2048,-0.2391257286071777,0.1079121828079223,-1.2968409061431885
2049,1.7578763961791992,1.9409481287002563,1.5619927644729614
2050,-2.6376452445983887,-1.247233510017395,-2.7923331260681152
2051,0.3119246661663055,-1.7768670320510864,-0.6160664558410645
2052,-2.5572307109832764,0.7506556510925293,-1.3603466749191284
2053,0.5599944591522217,0.2856398820877075,-0.0387693643569946
2054,-1.058564305305481,-1.266662836074829,-1.1918100118637085
2055,-1.313467264175415,-0.469732254743576,-1.7027074098587036
2056,-1.0461503267288208,-0.7093729972839355,0.3285417258739471
2057,-0.2586085796356201,-0.9706078171730042,-0.7182537913322449
2058,0.2548082768917084,-0.5136548280715942,-0.0593072772026062
2059,0.1538305282592773,1.0701806545257568,0.5613522529602051
2060,0.9142052531242372,-0.0697622895240783,-0.2478886842727661
2061,-0.2275935113430023,1.4919734001159668,0.3300957679748535
2062,-1.4953908920288086,1.198727011680603,1.6720008850097656
2063,-2.22006893157959,-3.0025434494018555,-3.831475734710693
2064,0.0835592448711395,-0.1007874608039856,-1.287981390953064
2065,-1.710565209388733,1.0231854915618896,-1.4586799144744873
2066,-0.3342043161392212,1.004789113998413,1.3317241668701172
2067,-0.277340680360794,-0.3362098932266235,-2.865718126296997
2068,-1.721173882484436,-0.7274655103683472,-1.540103793144226
2069,1.1493115425109863,-0.1647295951843261,-1.5152950286865234
2070,-1.1411755084991455,-0.2330322861671447,2.7304086685180664
2071,0.2815646529197693,0.7589893341064453,-0.4645980298519134
2072,1.5970100164413452,1.008214235305786,-0.5722259879112244
2073,0.9248106479644777,1.6013673543930054,2.9749414920806885
2074,1.7402520179748535,2.5879383087158203,2.302201986312866
2075,-0.5028260946273804,-0.875200629234314,-2.117142677307129
2076,-2.4231252670288086,-2.554438352584839,-2.583415508270264
2077,0.1293172240257263,0.5169135332107544,0.6620157957077026
2078,-0.0154656171798706,0.7667768001556396,0.0972136557102203
2079,-0.4925240874290466,-0.0238896012306213,0.2687201201915741
2080,0.5807172060012817,2.1477606296539307,2.168551445007324
2081,-2.810353279113769,1.619725465774536,-3.255000114440918
2082,3.1401846408843994,2.551849842071533,3.668395519256592
2083,-0.5488607287406921,0.3047645688056946,0.3337619602680206
2084,-2.859407424926758,-1.1851407289505005,-2.008065938949585
2085,-1.4302159547805786,-1.2801909446716309,-1.7321796417236328
2086,-0.1883373260498047,-0.560516357421875,-1.5135234594345093
2087,-1.8268948793411253,-0.0061510205268859,1.442310810089111
2088,-2.3611931800842285,0.1270880699157714,0.1019994020462036
2089,1.0500023365020752,-0.096584677696228,-0.7068953514099121
2090,-0.5681827664375305,0.1005856990814209,-0.391794204711914
2091,-1.358198642730713,-0.306295096874237,-1.5463749170303345
2092,-1.623748540878296,1.848643183708191,-1.292662262916565
2093,-2.4873945713043213,-1.3311164379119873,-2.011047124862671
2094,0.4929127097129822,-0.2724419236183166,-2.471345901489258
2095,-3.0427966117858887,-0.4115855693817138,-3.3492772579193115
2096,-1.72351336479187,-1.900306940078736,-2.183783769607544
2097,-2.945075511932373,-2.3681061267852783,0.5504735112190247
2098,-1.2571613788604736,-2.3759047985076904,-2.623449325561523
2099,-2.7546815872192383,-2.134124755859375,-2.268193483352661
2100,-0.6406883001327515,-1.149381160736084,-1.0329324007034302
2101,-2.2330634593963623,-2.4115424156188965,-2.255096197128296
2102,-0.7851293683052063,-0.0705457925796508,-0.1593808829784393
2103,-0.4447237849235534,-0.7347477674484253,-0.8392957448959351
2104,2.1372201442718506,2.17673397064209,1.6709364652633667
2105,-0.9370988607406616,-2.408858060836792,-3.0154762268066406
2106,0.0708292126655578,0.3698950409889221,-1.6252087354660034
2107,0.3418933153152466,1.2507240772247314,2.51457142829895
2108,1.586653232574463,1.330078363418579,1.8531851768493648
2109,2.6532094478607178,2.155514001846313,2.651355028152466
2110,1.6754671335220337,2.371828079223633,2.021279811859131
2111,2.310581922531128,2.3712430000305176,2.302074193954468
2112,-1.7074528932571411,-1.196346402168274,-2.0971908569335938
2113,1.050041437149048,-0.0066584944725036,-0.6835105419158936
2114,1.813725471496582,2.1842257976531982,3.173398017883301
2115,1.166892647743225,1.017912745475769,1.4656858444213867
2116,-1.4331867694854736,-0.4673308134078979,-1.886675715446472
2117,-2.517888069152832,-2.200131893157959,-2.481424331665039
2118,0.8337345123291016,0.3198304176330566,-1.55608069896698
2119,-1.5077457427978516,-2.545243501663208,-1.6377781629562378
2120,-0.6446564197540283,1.4889943599700928,-1.7679457664489746
2121,-0.8757035136222839,-2.193108320236206,-0.8631224632263184
2122,0.0264035463333129,1.3395527601242063,1.1767133474349976
2123,-0.6852047443389893,-1.3702226877212524,-1.4907442331314087
2124,1.5581780672073364,-0.7008956670761108,0.0252825021743774
2125,-2.989294052124023,-1.521262764930725,-2.42030668258667
2126,-2.3962550163269043,-1.2117635011672974,-2.224135160446167
2127,1.0608209371566772,1.8267977237701416,1.6395652294158936
2128,-1.7217351198196411,1.894841194152832,-0.2813411355018616
2129,-0.5481734275817871,0.4563559293746948,-0.4666754603385925
2130,0.6178412437438965,1.655516505241394,1.2144107818603516
2131,-2.5712273120880127,0.8629997372627258,0.8680879473686218
2132,-0.8817402124404907,-1.0230991840362549,-1.4093739986419678
2133,1.4725313186645508,0.8216403126716614,1.2611867189407349
2134,-2.054960012435913,0.6567715406417847,-0.8482165336608887
2135,3.044347286224365,2.369262456893921,2.7427144050598145
2136,-0.2551556229591369,0.3009184598922729,-0.5185925960540771
2137,-2.576698303222656,-1.5843846797943115,-2.406014442443848
2138,-0.7622276544570923,-1.0359519720077517,-0.3046669960021972
2139,-2.2724947929382324,-2.5470423698425293,-2.871043920516968
2140,-0.4949545860290527,-0.9423584938049316,-1.716158151626587
2141,-0.0236068964004516,-0.1881057620048523,-0.5616265535354614
2142,-2.180275201797486,0.9463674426078796,-0.1944448351860046
2143,-1.5612125396728516,-1.7642813920974731,-1.5935252904891968
2144,1.3451569080352783,0.086201786994934,-1.5889184474945068
2145,1.5292868614196775,1.3840211629867554,-0.0178057551383972
2146,-2.83405876159668,-0.544845461845398,-0.7200722098350525
2147,0.5372198820114136,1.5173842906951904,-0.7744898796081543
2148,-0.0851290822029113,-0.3121930956840515,-0.6454331278800964
2149,1.896252989768982,1.3897217512130735,0.7487374544143677
2150,-1.4021568298339844,-2.191102266311645,-1.2909557819366455
2151,-0.5661990642547607,-0.2042795419692993,0.7431981563568115
2152,-1.4805995225906372,-3.026902675628662,-2.254218578338623
2153,2.335975170135498,2.382566452026367,2.3960182666778564
2154,1.9932328462600708,1.2430473566055298,1.934198975563049
2155,1.838223338127136,1.437559723854065,0.7055975198745728
2156,0.3216071426868438,-1.205201268196106,2.264058351516724
2157,0.6683627367019653,1.1664694547653198,0.1006815135478973
2158,-1.0228365659713743,0.143438458442688,-0.3674915432929992
2159,2.104772090911865,1.7755615711212158,2.204338312149048
2160,-0.4644981026649475,0.1077324748039245,-0.1252051293849945
2161,-1.3283300399780271,0.2181249856948852,-1.7967857122421265
2162,-1.3128516674041748,-2.1259989738464355,-1.8949005603790283
2163,-1.1579535007476809,0.4438239634037018,1.6338822841644287
2164,-0.9174463152885436,-1.1337498426437378,0.4164942502975464
2165,-2.2119815349578857,-0.4015034139156341,-0.701256275177002
2166,0.20509934425354,1.0703117847442627,1.9072461128234863
2167,-2.2445261478424072,-2.547472715377808,-0.6529005169868469
2168,-2.132145404815674,-0.3753641247749328,-1.8008618354797363
2169,1.1743063926696775,0.7230391502380371,0.7039376497268677
2170,-0.142316997051239,0.5926236510276794,0.4101720452308655
2171,-0.1722407937049865,0.3686407804489136,-0.984289288520813
2172,-2.7726078033447266,1.3470690250396729,-2.215348958969116
2173,-1.7387890815734863,-1.668386459350586,-1.2462741136550903
2174,3.22265100479126,2.548682689666748,3.2223451137542725
2175,1.5530498027801514,1.0405131578445437,-0.9793757796287536
2176,-0.4397559762001037,0.4170688092708587,-0.3123805522918701
2177,1.721866488456726,0.3502968549728393,1.9614474773406985
2178,-1.3027207851409912,0.3949615359306335,-3.646390914916992
2179,2.442411184310913,2.118071794509888,1.8892353773117063
2180,3.0089497566223145,2.3708388805389404,2.711996555328369
2181,-0.500425398349762,0.2840704321861267,-1.1325737237930298
2182,-0.6645125150680542,0.5523372292518616,-1.2942752838134766
2183,-1.2578948736190796,-1.5605852603912354,-0.8664126992225647
2184,0.1801775395870208,-0.8714399337768555,-2.299461841583252
2185,-2.337682247161865,-1.1719467639923096,-3.040464401245117
2186,0.319354236125946,0.4898741841316223,1.5513261556625366
2187,2.339916467666626,0.2547328472137451,1.907607078552246
2188,-0.963297724723816,-2.102983236312866,-0.4729108214378357
2189,-0.404332160949707,-1.0877166986465454,-1.37828528881073
2190,-0.6775445342063904,2.418963670730591,-1.1335272789001465
2191,-1.815522193908692,-0.4918075799942016,1.3840301036834717
2192,0.2931815683841705,-1.175758719444275,0.9794124364852904
2193,0.3973346948623657,0.0242922902107238,0.7944896221160889
2194,0.5325361490249634,-0.4059692621231079,-0.2829567790031433
2195,-0.7855643033981323,0.1161056756973266,-1.6700458526611328
2196,0.9955887794494628,1.7192940711975098,1.8998304605484009
2197,-0.2540147602558136,-0.6984601020812988,-0.668197512626648
2198,0.3257980942726135,1.3220659494400024,1.9716484546661377
2199,-0.8974683880805969,0.1096678376197815,-0.8715506196022034
2200,-2.1933555603027344,-2.823728322982788,-1.484752893447876
2201,-0.4610248506069183,2.032562017440796,1.904263019561768
2202,1.903203248977661,-0.1810608506202697,0.1020260751247406
2203,-2.9753267765045166,-1.1801974773406982,-2.0068225860595703
2204,-2.099775791168213,-1.4256949424743652,-2.5465617179870605
2205,-2.436805009841919,-2.585611820220948,-2.4152727127075195
2206,-2.059382200241089,-2.227257490158081,-3.634268522262573
2207,-2.5379316806793213,-0.7341830730438232,-2.1401259899139404
2208,1.6077319383621216,0.6915097236633301,0.3094606697559356
2209,0.7858873605728149,0.4550276398658752,2.371266841888428
2210,0.5395640134811401,0.7077356576919556,1.377638578414917
2211,-2.2695608139038086,-3.006044864654541,-2.7871696949005127
2212,-1.316298484802246,-0.8233060240745544,-1.6225240230560305
2213,-1.960677146911621,-0.945523738861084,-2.465099811553955
2214,1.421149969100952,1.2505487203598022,1.7969530820846558
2215,0.7998925447463989,2.724865674972534,2.4107282161712646
2216,-1.38687002658844,-1.4756065607070925,-1.2494888305664062
2217,-0.6780350208282471,2.7216832637786865,1.9295532703399656
2218,2.8787105083465576,2.4078376293182373,2.91280484199524
2219,-0.1446560025215149,-1.163655400276184,2.152238130569458
2220,0.1585408747196197,-1.129635453224182,-1.886030316352844
2221,0.5461900234222412,-0.4571258723735809,0.1966777741909027
2222,-1.5045510530471802,-1.724050998687744,-2.3928685188293457
2223,-1.5681893825531006,-1.4702143669128418,-1.9865260124206543
2224,-0.549015998840332,0.8009159564971924,1.6333884000778198
2225,3.038767099380493,1.9492149353027344,2.5484750270843506
2226,-1.5085713863372805,-0.2385407090187072,-2.747098922729492
2227,-1.588093400001526,-0.0622658133506774,0.3009552657604217
2228,-0.9531564116477966,0.0706908702850341,-0.846343457698822
2229,0.6520854234695435,1.1324269771575928,-0.5052617192268372
2230,0.5876947641372681,1.3994348049163818,1.301207184791565
2231,-1.6129388809204102,-1.3570303916931152,-2.0784194469451904
2232,-0.0579379200935363,-0.704311192035675,1.4670617580413818
2233,-2.9557580947875977,-1.7708792686462402,-2.31943416595459
2234,0.9663904905319214,-0.3525936603546142,-0.0203914046287536
2235,-0.3056128919124603,-0.0830463767051696,-0.0740896165370941
2236,-0.4566513299942016,-1.2181562185287476,-1.3800781965255735
2237,-0.8323832154273987,-0.4803590476512909,-1.8012546300888062
2238,3.1180200576782227,2.552072525024414,1.461414456367493
2239,-0.8927973508834839,-1.2009320259094238,-0.29696986079216
2240,-1.7274154424667358,-1.752838373184204,-1.1042413711547852
2241,-0.1430478394031524,0.4692447185516357,0.3454324305057525
2242,1.3560620546340942,0.6763684749603271,2.13533616065979
2243,-0.673886775970459,1.110736846923828,2.288515090942383
2244,-0.9328409433364868,-0.4582610428333282,-0.9513876438140868
2245,-2.1541457176208496,-2.672461986541748,-0.7746971845626831
2246,-2.232144355773926,-0.6314764022827148,-2.026801109313965
2247,-0.3671836256980896,-1.5190433263778689,-2.271688938140869
2248,-0.3401354551315307,-0.844489574432373,0.5899287462234497
2249,0.1162008345127105,-0.533920168876648,-1.6879125833511353
2250,-0.7746066451072693,-1.4426743984222412,-0.3668497800827026
2251,0.5752881169319153,0.4219529628753662,1.9614418745040887
2252,-1.1254637241363523,-0.6221694350242615,-1.710580825805664
2253,2.472340583801269,2.102898120880127,0.2114430665969848
2254,-0.328870952129364,-2.00171446800232,-1.984346866607666
2255,-1.3303393125534058,1.0803303718566897,1.102566123008728
2256,-1.0121381282806396,-0.3639513254165649,-1.154214859008789
2257,-1.2879858016967771,0.111401617527008,-1.4487124681472778
2258,2.418456792831421,1.940368890762329,2.103185653686523
2259,-2.303716897964477,-1.9105184078216555,-2.6208436489105225
2260,0.4346007108688354,2.2426836490631104,1.9620492458343504
2261,-0.1625594198703766,1.8372420072555544,0.6782293915748596
2262,-2.974226236343384,-2.469577074050904,-3.500350952148437
2263,-1.9022969007492063,-1.907629370689392,-2.19433331489563
2264,-0.9207899570465088,0.6163194179534912,-1.543840408325195
2265,2.303255319595337,2.766049385070801,2.134714126586914
2266,-2.1069858074188232,-1.3930509090423584,-1.5398038625717163
2267,-0.9125311970710754,-1.5470592975616455,-1.027664065361023
2268,-0.9077223539352416,-1.922753930091858,-1.117597579956055
2269,-0.3734733462333679,-0.6886900663375854,-1.7110867500305176
2270,-1.820921778678894,-0.0697900652885437,-0.1776116341352462
2271,-1.2116646766662598,2.323537826538086,-1.2164417505264282
2272,-2.085041284561157,-0.138518214225769,-1.7943718433380127
2273,-0.1059295237064361,2.5065183639526367,0.5615659356117249
2274,0.3031511008739471,-0.7779921293258667,-2.4022762775421143
2275,2.06563949584961,2.0734903812408447,3.3526742458343506
2276,-0.1636379957199096,-0.3031148314476013,-0.2095696926116943
2277,2.054687738418579,2.38226580619812,2.5180652141571045
2278,1.0001260042190552,1.3623149394989014,1.7172462940216064
2279,0.1124470233917236,0.3447633385658264,0.4046958088874817
2280,-2.387450695037842,-2.0740647315979004,-3.346538543701172
2281,1.8784297704696653,1.269161820411682,2.2800064086914062
2282,2.3518881797790527,2.9391977787017822,2.2580406665802
2283,-0.5052660703659058,-1.6754646301269531,-1.1992796659469604
2284,0.7110474109649658,2.006260871887207,1.846966862678528
2285,0.8170264959335327,-0.5938577055931091,-0.0377688407897949
2286,-1.031530499458313,-1.0006479024887085,-1.241520881652832
2287,-0.8415249586105347,-0.7609951496124268,-1.619519829750061
2288,-3.443836212158203,-1.8723258972167969,-2.14762282371521
2289,-2.3263840675354004,-1.9973875284194944,-2.647627592086792
2290,-0.6940141916275024,-2.191561222076416,-1.3334416151046753
2291,0.1090068817138671,0.4156744480133056,0.6295608282089233
2292,0.3809280693531036,0.9328527450561525,-1.8510897159576416
2293,2.092919111251831,2.32433819770813,-2.2979414463043213
2294,-2.2300126552581787,0.8454833030700684,-0.8007395267486572
2295,-1.1062145233154297,-0.2191327810287475,-1.4811033010482788
2296,0.1737653613090515,2.0806431770324707,2.074704647064209
2297,-1.9083032608032229,-0.8574377298355103,-1.8506964445114136
2298,1.4069209098815918,0.6094857454299927,0.1012062281370163
2299,-1.641038179397583,0.5540885925292969,-1.630875825881958
2300,0.1487054824829101,0.1729747056961059,0.5761617422103882
2301,0.778792142868042,-0.513597846031189,-0.2350140810012817
2302,-0.9001249670982361,1.338231086730957,-0.6034519076347351
2303,-0.2941981256008148,-0.4749725461006164,-0.5339963436126709
2304,-1.0439810752868652,0.2654638290405273,-1.0675467252731323
2305,-1.3980433940887451,-1.8794682025909424,-1.0342310667037964
2306,-1.183879852294922,-2.2821898460388184,-1.371923565864563
2307,-0.1148354113101959,-1.2543048858642578,-1.123867750167847
2308,-0.1726053357124328,0.6311867833137512,-1.7969117164611816
2309,-1.2486845254898071,-0.7326129674911499,-2.11047101020813
2310,-1.4925731420516968,0.4908614754676819,1.0630059242248535
2311,-1.2435487508773804,-0.1434149742126464,-2.5058670043945312
2312,1.2069847583770752,1.2893487215042114,0.1200053393840789
2313,-1.0630903244018557,-1.259300947189331,-2.105241298675537
2314,-1.360485315322876,-1.6726901531219482,-1.7964471578598022
2315,-0.5865129828453064,-0.0979917049407959,-1.369626760482788
2316,-2.3659701347351074,-2.4146173000335693,-1.4703001976013184
2317,2.506922483444214,1.8469657897949217,1.90864098072052
2318,0.1548700928688049,1.5714852809906006,0.7186236381530762
2319,-1.330713152885437,0.9422181844711304,-2.159780740737915
2320,-0.8216648101806641,1.0015283823013306,-3.248712062835694
2321,-1.7445335388183594,-2.7026970386505127,-1.5990873575210571
2322,-2.8541717529296875,-2.222637891769409,-2.0627126693725586
2323,-0.3686105906963348,1.4309611320495603,-1.8614423274993896
2324,1.288809895515442,1.805862665176392,-2.046367645263672
2325,2.681011915206909,1.267002820968628,0.2980639636516571
2326,-0.2672096490859985,-0.3278620839118957,-0.3415495753288269
2327,-1.602096676826477,-0.9016925692558287,-0.4522326588630676
2328,-2.2573835849761963,-1.943617582321167,-1.5964313745498655
2329,-2.7827725410461426,-2.053182601928711,-2.8955981731414795
2330,-2.0764997005462646,-1.5248123407363892,-2.545495748519897
2331,-0.4711441993713379,-1.4149876832962036,0.198726013302803
2332,-2.163377523422241,-1.3199827671051023,-2.92657470703125
2333,1.3309248685836792,-0.1094987392425537,2.1373465061187744
2334,-2.6310980319976807,-0.0742073059082031,1.6477982997894287
2335,-0.2601476013660431,-1.6754560470581057,-1.153082251548767
2336,-0.6363295912742615,-0.7615333795547485,0.6271700859069824
2337,-2.7053842544555664,-2.900437831878662,-2.73781967163086
2338,-0.2621489763259887,0.0211379528045654,0.3542565107345581
2339,2.409000396728516,2.490297794342041,2.492447853088379
2340,-0.6776123046875,-0.2955465018749237,-0.3916099071502685
2341,2.486286401748657,2.2218589782714844,2.975480079650879
2342,-0.8503206968307495,-0.3970332443714142,-0.0835371911525726
2343,-0.9355025291442872,1.2171937227249146,1.297409176826477
2344,-0.0228763818740844,1.5052729845046997,-0.9541606307029724
2345,1.586194634437561,1.367361068725586,0.3898323178291321
2346,0.0871902704238891,-0.4477100074291229,0.637272298336029
2347,2.71101188659668,1.8389644622802728,2.01747989654541
2348,-1.4569035768508911,0.0246018171310424,-2.0042781829833984
2349,-2.5145583152771,-2.4521679878234863,-3.1260881423950195
2350,-1.5996496677398682,-1.7629021406173706,-1.2520917654037476
2351,-2.1139187812805176,-0.5114613771438599,-0.6227263808250427
2352,0.6735178232192993,1.3488644361495972,-0.4739660620689392
2353,-0.6770398616790771,-1.42616605758667,-0.4153303205966949
2354,-1.895581007003784,0.8573713302612305,1.0146262645721436
2355,0.4026094973087311,1.1102840900421145,-0.4404944777488708
2356,-0.8218629360198975,-0.1908642053604126,-0.7228244543075562
2357,0.1511081457138061,-1.1681920289993286,-0.9816774725914
2358,-2.634857416152954,-3.33522367477417,-3.323472023010254
2359,-2.273401975631714,-2.932685613632202,-3.325128555297852
2360,1.0559568405151367,1.0061204433441162,0.5556313991546631
2361,-1.6548391580581665,-0.7063273787498474,-0.560531735420227
2362,-0.9544433951377868,-0.855430006980896,-1.2098751068115234
2363,-2.681979894638061,0.6127281188964844,0.1121128797531127
2364,-2.4856081008911133,-2.032021760940552,-0.159402459859848
2365,1.178356647491455,2.65480899810791,1.2086260318756104
2366,-0.5949556827545166,1.1939363479614258,1.3662060499191284
2367,-2.451946973800659,-2.505409002304077,-2.6910462379455566
2368,2.172039031982422,1.107174038887024,0.6263230443000793
2369,1.5439491271972656,2.875298976898194,2.033278703689575
2370,-2.216887950897217,0.0652516484260559,-1.3735312223434448
2371,1.0587317943572998,1.5679008960723877,0.980809211730957
2372,-1.7950834035873413,-1.7631728649139404,-1.2948391437530518
2373,1.4173438549041748,0.23978191614151,-1.462000012397766
2374,2.3095791339874268,1.582087159156799,1.8697566986083984
2375,0.2474801242351532,-0.273660272359848,0.4081876575946808
2376,-2.293661117553711,-1.0513997077941897,-1.199180245399475
2377,-3.5518383979797363,-2.503877878189087,-1.1487282514572144
2378,-1.7280495166778564,-2.740285873413086,-2.076777219772339
2379,-0.044728010892868,-1.5251059532165527,-2.596337080001831
2380,3.0165982246398926,2.4548451900482178,2.9647655487060547
2381,-1.4337764978408811,0.4450658857822418,0.6347352266311646
2382,1.31097412109375,2.5384390354156494,1.1982460021972656
2383,-1.571942687034607,-1.7671948671340942,-1.9651906490325928
2384,0.5981208086013794,-0.1887975931167602,1.7348964214324951
2385,-0.1804565787315368,2.382753372192383,2.39591646194458
2386,-0.5489315986633301,0.8451834917068481,-1.3453391790390017
2387,-2.3507838249206543,0.3464242219924927,0.3009842932224273
2388,-2.106041193008423,-0.3991831541061401,-0.7215722799301147
2389,-1.24195396900177,-0.134245753288269,-1.7014957666397097
2390,-2.4623847007751465,-2.860461473464966,-2.9494705200195312
2391,-1.909930229187012,-1.9395477771759035,-1.8222577571868896
2392,-2.501689910888672,-0.96143239736557,-0.0720899701118469
2393,-2.161630630493164,1.2429040670394895,0.4154278635978699
2394,-1.1272391080856323,-1.3844318389892578,-1.7312655448913574
2395,-0.1365658044815063,-1.9721369743347168,0.0979924201965332
2396,-3.3854756355285645,-3.235132932662964,-3.057286739349365
2397,-0.9801281094551086,-0.619193971157074,-1.352272868156433
2398,3.208705186843872,2.246861696243286,2.9395925998687744
2399,1.7476435899734497,2.3801777362823486,3.147958517074585
2400,-1.8119158744812007,-0.3056379556655884,-1.790213704109192
2401,-1.4764634370803833,-2.103321313858032,-2.234865665435791
2402,-1.2245421409606934,-1.7236757278442385,-2.025486946105957
2403,0.5485256910324097,0.6162824034690857,1.1574366092681885
2404,-1.4256510734558103,-0.6387166380882263,1.906895875930786
2405,1.1622649431228638,1.444117784500122,-1.8121739625930784
2406,-1.913886785507202,-2.1643993854522705,0.7054350972175598
2407,-0.8005441427230835,0.3124112486839294,0.6472477912902832
2408,2.4919209480285645,3.06359338760376,2.789565086364746
2409,-1.4818304777145386,-2.8380932807922363,-2.0960142612457275
2410,-0.0227640867233276,-1.4883378744125366,-1.2120578289031982
2411,-3.145303249359131,0.1077796220779419,-1.663100242614746
2412,-1.3317744731903076,-2.8209123611450195,0.4211069941520691
2413,-0.664523720741272,-1.6752249002456665,0.6551710367202759
2414,-1.5157932043075562,0.3917703032493591,-0.1576125621795654
2415,-0.4044846594333648,-1.292902588844299,-1.6245499849319458
2416,-0.4828228056430816,-0.1522110104560852,0.0064995884895324
2417,1.1435116529464722,0.463045984506607,0.4359064996242523
2418,-1.7213051319122314,0.5382323265075684,0.2510422468185425
2419,1.2487096786499023,1.7115103006362915,-0.4675191640853882
2420,1.942758321762085,-0.3302330374717712,-1.7001100778579712
2421,-1.092829704284668,-1.8792864084243768,-1.546231031417847
2422,-0.0324407517910003,-0.3938209414482116,0.4089133441448211
2423,-0.528508186340332,0.4181608557701111,-0.6854779124259949
2424,-1.4325973987579346,1.462918400764465,-1.1226423978805542
2425,0.5518611669540405,-0.4203071296215057,0.5400230288505554
2426,-3.160162210464477,-1.495244383811951,-0.9670392274856568
2427,2.83438491821289,2.118354797363281,2.9319710731506348
2428,1.590883731842041,1.5111113786697388,0.6479864716529846
2429,-1.2576924562454224,-1.7155438661575315,-1.946194767951965
2430,2.038222074508667,1.6821601390838623,2.194195032119751
2431,1.9083791971206665,2.324406147003174,-0.0339771211147308
2432,-2.795797824859619,-0.4380585551261902,-0.8788706064224243
2433,0.8224421739578247,-0.184230625629425,0.3284487128257751
2434,-1.325634479522705,-2.379578351974488,-2.39267373085022
2435,0.1295344233512878,0.1963828206062317,0.6484056711196899
2436,-1.6014728546142578,0.4091687500476837,0.9113110303878784
2437,0.3979239463806152,0.3070800900459289,0.6727954149246216
2438,0.579391598701477,0.7224419116973877,0.8807347416877747
2439,-2.931478977203369,-0.113719642162323,0.0389457941055297
2440,-0.5079472064971924,-0.7783068418502808,-1.6265584230422974
2441,-0.4457494616508484,-1.0455806255340576,-0.7257732152938843
2442,-1.3205217123031616,-2.1363141536712646,-0.3612032830715179
2443,2.496703863143921,1.5704365968704224,1.8007670640945437
2444,-0.7533400058746338,-0.8573939204216003,-2.344812631607056
2445,-1.1214457750320437,-1.3890700340270996,-0.5289596319198608
2446,-1.0076929330825806,0.5159064531326294,-1.8692268133163448
2447,0.087136685848236,-0.1084752082824707,-0.2977295219898224
2448,-2.208803176879883,-0.8444207906723022,0.4377668499946594
2449,-1.9925041198730469,-2.4627134799957275,-3.306155204772949
2450,-1.2477312088012695,-1.558647632598877,-0.7969340682029724
2451,-0.1089184582233429,1.126584768295288,-2.0333847999572754
2452,-0.7679643034934998,1.41388738155365,-0.4545576572418213
2453,2.314770221710205,-0.2682489156723022,-0.5355929732322693
2454,-0.2674994766712188,-0.7099211812019348,-0.2655182480812073
2455,-1.6440924406051636,-1.7526484727859497,-2.640763759613037
2456,-1.9325166940689087,-1.641643524169922,-1.732050895690918
2457,0.569589376449585,-0.1506121754646301,-0.1233178079128265
2458,1.0709521770477295,0.0481473207473754,0.7290058135986328
2459,0.3051046133041382,0.5540595650672913,-0.1178293824195861
2460,-0.7086423635482788,-0.1364093422889709,-0.5052149891853333
2461,1.857336163520813,2.323549747467041,1.5939537286758425
2462,-2.103250503540039,-2.254178524017334,-2.3680810928344727
2463,0.8899149894714355,0.8693480491638184,0.4004244208335876
2464,-1.899296522140503,-0.471174418926239,-1.77394700050354
2465,-1.72934889793396,-1.186093807220459,-1.5408971309661863
2466,0.4554011523723602,1.479020118713379,0.637291669845581
2467,-0.410408467054367,-0.849858283996582,-0.9358801245689392
2468,0.5300450921058655,-1.2693438529968262,0.3011102080345154
2469,1.1455199718475342,2.251145362854004,3.05519962310791
2470,-1.812192440032959,-2.024125814437866,-2.0076441764831543
2471,2.535130262374878,1.4625123739242554,1.894210696220398
2472,-1.9866703748703003,-2.320564031600952,-1.828368544578552
2473,-1.605444073677063,0.3567085862159729,-0.7934048175811768
2474,0.2032630443572998,1.8227181434631348,1.7679015398025513
2475,-0.6506102085113525,-0.8814641833305359,-1.21066415309906
2476,-0.2981970310211181,-2.008878707885742,-0.5575025677680969
2477,-0.5023046135902405,-0.2679586410522461,0.1964102387428283
2478,-0.87110435962677,-2.0528335571289062,-1.785250544548035
2479,-0.4238536655902862,1.0526278018951416,1.6750657558441162
2480,-3.029292821884156,-2.549904108047486,-1.8757275342941284
2481,-2.475950002670288,-1.915064811706543,-0.2812074720859527
2482,0.135961651802063,1.3165491819381714,-0.0720430016517639
2483,0.5948627591133118,0.265344500541687,-0.7567488551139832
2484,0.7266219258308411,2.5244481563568115,1.214410662651062
2485,-1.9941552877426147,-2.1855430603027344,-1.2382510900497437
2486,-0.5138857364654541,-1.7530361413955688,-0.5794515609741211
2487,1.9927908182144165,2.188199996948242,2.631512403488159
2488,2.241209983825684,1.6652307510375977,1.204882264137268
2489,1.6562412977218628,1.708588480949402,-0.0836811363697052
2490,-1.8230928182601929,-1.2133886814117432,-2.46498966217041
2491,1.953429102897644,2.418583393096924,3.014986991882324
2492,-1.7068456411361694,-2.7834300994873047,0.4610460102558136
2493,1.754774570465088,2.675160646438598,1.3804737329483032
2494,0.5969866514205933,0.4385979175567627,-1.8164633512496948
2495,2.278404951095581,1.1498254537582395,1.7890987396240234
2496,-1.209815502166748,-0.4533976316452026,-2.1015162467956543
2497,1.377592921257019,0.5137426853179932,-0.6065849661827087
2498,1.142011284828186,0.7058036923408508,-0.0062645077705383
2499,-2.705634117126465,-1.8246729373931885,-2.1377902030944824
2500,-0.8218629360198975,-1.331021785736084,-0.8423468470573425
2501,-0.3047255575656891,0.4605863094329834,-0.08925262093544
2502,-0.2584805488586426,2.2717111110687256,1.145040512084961
2503,-0.9615505933761596,0.8667147159576416,0.583723783493042
2504,-0.6797224283218384,-0.2674482464790344,-0.1472098231315612
2505,1.0608474016189575,1.5628098249435425,0.8899763226509094
2506,-3.140636444091797,-0.8918417692184448,-1.7000844478607178
2507,1.449368953704834,1.7038006782531738,2.742713928222656
2508,-2.005819320678711,0.6298547983169556,0.0948875248432159
2509,-2.7120137214660645,-2.5856003761291504,-3.553750991821289
2510,-1.9046193361282349,0.0597885847091674,-1.2012083530426023
2511,-0.7573198080062866,0.555726170539856,-0.3648163974285126
2512,3.096745491027832,2.335279941558838,3.2850141525268555
2513,0.2933850288391113,0.2020608186721801,0.6625763177871704
2514,-0.0539700984954834,-0.3476264476776123,-1.34574556350708
2515,-2.354614734649658,-0.4166224300861358,-0.2343063056468963
2516,-1.502041220664978,-0.8821279406547546,-1.258183836936951
2517,2.892760992050171,2.374793291091919,2.3822367191314697
2518,2.6249611377716064,2.4254274368286133,3.444821834564209
2519,0.5690959095954895,-1.3816584348678589,-0.9601548910140992
2520,3.217360496520996,2.499059200286865,3.354959011077881
2521,-2.155829906463623,-0.4589999616146087,-3.2954564094543457
2522,-0.7166001796722412,1.2293012142181396,0.597283124923706
2523,0.189355194568634,0.5338315963745117,0.0641784369945526
2524,2.67118239402771,2.2417500019073486,1.7698978185653689
2525,-0.6725641489028931,-0.6844260096549988,-0.3417009115219116
2526,1.9786077737808228,1.097233533859253,0.0826828777790069
2527,-0.9168373942375184,2.260877847671509,2.264092922210694
2528,-0.1316414475440979,0.1492417454719543,0.2104616910219192
2529,2.0246896743774414,2.5773606300354004,1.6759699583053589
2530,0.1900197267532348,-0.2882214784622192,-0.5603336095809937
2531,-0.4785743057727813,0.7836062908172607,0.296836256980896
2532,1.3490655422210691,2.0706145763397217,2.128015279769897
2533,-1.1472078561782837,0.7797995209693909,2.225731134414673
2534,-0.99177885055542,0.8363592624664307,-1.8333559036254885
2535,-0.0822037756443023,0.0245711207389831,-1.3520764112472534
2536,0.7124147415161133,1.2899127006530762,-1.0594115257263184
2537,-1.1546783447265625,-0.5298437476158142,-1.7854787111282349
2538,-1.181902289390564,2.014796257019043,-1.64723002910614
2539,-0.6557079553604126,-1.8075824975967407,-0.2039496749639511
2540,0.1259896159172058,0.2302461266517639,-0.3941593766212463
2541,0.4735214412212372,0.8896385431289673,1.2903947830200195
2542,-0.7267101407051086,-0.6787047982215881,0.1351471841335296
2543,-0.3095749020576477,-1.4149374961853027,-1.1108464002609253
2544,-2.5845134258270264,-3.1132445335388184,-2.422379970550537
2545,-2.475359916687012,-2.014105319976806,-2.3326923847198486
2546,-1.175531268119812,-0.8554722666740417,1.0856075286865234
2547,1.993544101715088,3.112152576446533,2.4418785572052
2548,-0.8940142393112183,-2.912913084030152,-0.6351197957992554
2549,2.9887499809265137,2.569025039672852,3.296339511871338
2550,1.8187745809555047,0.2497627735137939,2.938046455383301
2551,1.4237277507781982,1.4432908296585083,-1.9838906526565552
2552,-1.9255739450454712,-1.0873093605041504,-2.338561534881592
2553,-2.146109342575073,-1.6750903129577637,-1.4794325828552246
2554,2.177099704742432,2.417224884033203,1.20181405544281
2555,-1.4312068223953247,-3.1562719345092773,-2.389486312866211
2556,-2.570003032684326,-2.6612377166748047,-2.546565532684326
2557,0.8657680749893188,1.2807563543319702,2.279831886291504
2558,-0.6272701621055603,-2.2950828075408936,-1.588955640792847
2559,0.4627756178379059,0.8044994473457336,0.8128632307052612
2560,-0.9749727845191956,-0.3566136956214905,-2.2201647758483887
2561,1.2001405954360962,0.7441750764846802,-1.3368165493011477
2562,-1.2148300409317017,0.5891923904418945,1.6640307903289795
2563,-0.723456621170044,-1.1959989070892334,-1.3308526277542114
2564,0.2219560742378235,1.6420292854309082,1.6389124393463137
2565,-2.2807729244232178,-2.464886426925659,-1.9736652374267576
2566,0.2471507787704467,-0.2543925642967224,-0.0078539252281188
2567,0.1147884130477905,0.4881206750869751,-0.6870313882827759
2568,1.8226262331008911,1.4560712575912476,1.273273229598999
2569,-1.6045873165130615,0.9961917400360109,-1.2760971784591677
2570,0.46942138671875,-0.6590820550918579,-0.6361098289489746
2571,-0.7850375771522522,-0.8960537314414978,-0.3718608319759369
2572,2.0657920837402344,1.1246349811553955,1.5381473302841189
2573,-0.7489639520645142,0.4133296012878418,-1.6552273035049438
2574,-0.423828125,-1.0227104425430298,-0.7046961784362793
2575,2.0742452144622803,1.7323752641677856,3.608774423599243
2576,0.6294056177139282,1.7209081649780271,1.7276690006256104
2577,0.7694080471992493,1.864637851715088,-1.7039825916290283
2578,-0.8560701608657837,-0.8153525590896606,-0.4903238415718078
2579,2.6477954387664795,2.141552448272705,1.5872550010681152
2580,1.6299184560775757,1.7946066856384275,2.3832857608795166
2581,0.3792085647583008,-1.0459867715835571,0.4932640492916107
2582,-0.6576133966445923,0.3036168217658996,-0.1474672704935073
2583,1.7674504518508911,1.6160542964935305,1.6501041650772097
2584,-3.0760388374328613,-2.1513020992279053,1.064377784729004
2585,-1.6056145429611206,-0.7920693159103394,-0.1659484803676605
2586,2.4587953090667725,2.293041706085205,2.8538358211517334
2587,-0.1871388554573059,-0.2671353816986084,-0.2930484414100647
2588,1.088407039642334,1.800235390663147,1.881876230239868
2589,0.4988182783126831,-0.4385362565517425,-1.636487603187561
2590,1.0546447038650513,-0.1840822100639343,0.0938672125339508
2591,-0.0019291937351226,-0.5905999541282654,-0.6747797727584839
2592,-1.9064178466796875,-0.7650413513183594,1.3446505069732666
2593,-0.319132000207901,-0.6426032781600952,-0.9690049886703492
2594,1.3085135221481323,0.8782343864440918,1.0391371250152588
2595,-0.9435927867889404,-0.3221445679664612,-1.8830368518829343
2596,-0.3897754549980163,0.1535122394561767,-1.1223653554916382
2597,-1.312976598739624,-1.4969019889831543,-0.9516779780387878
2598,-2.383084774017334,-0.868380069732666,-2.2850236892700195
2599,0.5689486265182495,-1.9875507354736328,-2.1137168407440186
2600,1.7481961250305176,2.4566707611083984,2.4814772605896
2601,0.5398111343383789,0.549497127532959,-1.2004364728927612
2602,-0.0698301196098327,-1.179568648338318,-1.3030292987823486
2603,0.8821680545806885,-0.0418922305107116,-0.7990822196006775
2604,0.965657114982605,1.5072375535964966,1.018451452255249
2605,0.483450710773468,0.1505514979362487,0.1005746126174926
2606,0.8699264526367188,0.8554514646530151,1.563497543334961
2607,-1.4128519296646118,-1.1672945022583008,-0.8892863392829895
2608,1.7895708084106443,1.8592697381973269,2.2208075523376465
2609,0.1550124585628509,0.5504542589187622,-0.2390031665563583
2610,-1.332566261291504,0.5149309635162354,-0.6989867091178894
2611,-2.2375502586364746,-0.8829498887062073,-1.8218618631362915
2612,0.3058941662311554,0.256476879119873,-1.1524791717529297
2613,1.226568579673767,2.260704278945923,1.865909576416016
2614,-0.4456903636455536,0.9815808534622192,1.157150149345398
2615,-2.103863477706909,0.0468072891235351,0.2514940798282623
2616,-0.8006764650344849,-0.8030865788459778,-2.5454254150390625
2617,-2.0962612628936768,0.5435070991516113,-1.252990961074829
2618,1.6346544027328491,0.7915281653404236,-0.6289834380149841
2619,-1.8981965780258176,-0.8559644222259521,1.1563693284988403
2620,-2.685821533203125,-0.0145218968391418,-0.2121102958917617
2621,-1.3486603498458862,0.9391363859176636,-0.5338557958602905
2622,0.7976127862930298,-0.499187707901001,-0.1205548346042633
2623,-1.5213065147399902,-1.9014976024627688,-3.253157615661621
2624,0.7828348875045776,0.1250004172325134,-2.054896831512451
2625,0.2624343931674957,0.7052597999572754,0.2498618960380554
2626,-0.8324427604675293,-2.1314947605133057,-1.5943547487258911
2627,-1.219138741493225,-2.0452799797058105,-2.424669027328491
2628,1.143324613571167,0.2587233185768127,-0.7965993285179138
2629,-0.4693942964076996,0.9533576965332032,0.2209290564060211
2630,-1.068324327468872,1.034991979598999,-0.3811725378036499
2631,-0.7577835917472839,-1.2245742082595823,-3.716531753540039
2632,0.6569788455963135,0.1657786965370178,0.7239885330200195
2633,-0.0343432128429412,0.4204285740852356,-0.8620002269744873
2634,0.2026352286338806,0.1585939526557922,-2.1831860542297363
2635,1.3973257541656494,2.141547918319702,3.0960400104522705
2636,-0.3313317000865936,-0.1202788352966308,-0.7310716509819031
2637,-1.6171406507492063,-1.6655594110488892,-1.6238688230514526
2638,-2.3659846782684326,-2.542549133300781,-2.4514732360839844
2639,1.1509698629379272,0.5163367986679077,1.3938288688659668
2640,-2.1920089721679688,-0.9991484880447388,-2.2503304481506348
2641,-3.183786392211914,-2.940758228302002,-3.590125322341919
2642,-1.562839388847351,-0.4685157835483551,-0.4757350981235504
2643,-1.4062809944152832,-2.5523130893707275,-1.642326593399048
2644,-1.823373436927796,0.6026501059532166,-1.780542254447937
2645,2.013500928878784,1.6462653875350952,-0.7250725626945496
2646,-0.670830488204956,0.888866126537323,-2.418076992034912
2647,-0.7357569932937622,-1.259125590324402,-1.0204195976257324
2648,-1.987542033195496,-1.2438817024230957,-1.3516279458999634
2649,0.9192330837249756,1.6865211725234983,0.9330103993415833
2650,-1.39302396774292,0.3470217585563659,1.1651496887207031
2651,-1.3953869342803955,-3.109698534011841,-3.033630847930908
2652,1.6994951963424685,2.0351498126983643,2.2483129501342773
2653,0.4512330591678619,1.5238933563232422,0.4000895023345947
2654,0.2933747768402099,0.1990259885787964,-0.8556422591209412
2655,-1.33430814743042,-2.102983236312866,-2.214806079864502
2656,1.1797826290130615,1.5425965785980225,2.1458382606506348
2657,3.2272984981536865,2.5153849124908447,3.83107852935791
2658,-1.0917024612426758,-1.0343618392944336,-1.2057803869247437
2659,1.3474712371826172,1.7170867919921875,1.2371819019317627
2660,-0.1705416142940521,-0.1354997158050537,1.2135133743286133
2661,0.9941086173057556,0.9527329802513124,0.1018157750368118
2662,0.1547944545745849,0.4547885060310364,-1.027679681777954
2663,-1.1476757526397705,0.8733602166175842,0.8881728053092957
2664,-1.7357292175292969,-1.0461082458496094,-1.653758883476257
2665,3.012481212615967,2.4624907970428467,3.0271472930908203
2666,-1.3134466409683228,-0.4797655344009399,-0.3491078019142151
2667,1.3519024848937988,1.417551875114441,1.3962055444717407
2668,-0.8658565878868103,-1.088100552558899,1.6238385438919067
2669,1.8874741792678835,1.1174107789993286,2.676490306854248
2670,0.1485804617404937,1.0806516408920288,0.1734640896320343
2671,-0.2311191856861114,0.9332480430603028,-0.283217042684555
2672,0.3715683221817016,1.2974828481674194,0.3592258095741272
2673,-2.364861488342285,-1.2969603538513184,-2.451465606689453
2674,-0.9928865432739258,1.6513798236846924,0.1931206285953521
2675,-1.2520869970321655,-2.254702091217041,-1.942994475364685
2676,-1.7288473844528198,1.541187047958374,2.154837131500244
2677,-0.7843512296676636,-1.6290535926818848,-2.318021297454834
2678,1.609767198562622,-0.1460567712783813,0.0092863291501998
2679,-1.821309208869934,-0.0671655535697937,-0.9513675570487976
2680,1.4754310846328735,0.7816574573516846,-0.1371761560440063
2681,0.6036337614059448,1.5582375526428225,0.6515438556671143
2682,-2.0716726779937744,-2.693251848220825,1.1665500402450562
2683,-3.027970790863037,-2.4090702533721924,-2.244809150695801
2684,-1.0717700719833374,-0.708896815776825,-2.577547550201416
2685,-0.0246942043304443,-1.11686909198761,-1.318739891052246
2686,-1.998504400253296,-1.0148022174835205,1.5459507703781128
2687,-2.567749261856079,-2.942162275314331,-2.7306058406829834
2688,1.572121262550354,2.2493786811828613,2.0265567302703857
2689,-2.152280807495117,1.1999762058258057,1.6315622329711914
2690,0.317272812128067,-0.2757109403610229,-1.723032832145691
2691,2.8786957263946533,2.4695284366607666,3.2598228454589844
2692,2.7737605571746826,2.249274969100952,0.9819917678833008
2693,0.1355587840080261,0.8472351431846619,1.0135403871536257
2694,-0.2582327723503113,1.875958800315857,1.1552019119262695
2695,0.3886803686618805,0.0179875493049621,-1.7417261600494385
2696,2.0859146118164062,2.4167516231536865,2.54874849319458
2697,-2.230052947998047,0.9796133041381836,2.085448265075684
2698,-1.6484359502792358,-1.882383108139038,0.3372179567813873
2699,0.7833002209663391,1.3468310832977295,3.006677865982056
2700,-0.5485885143280029,1.4990941286087036,1.1331120729446411
2701,0.7545503377914429,1.3598672151565552,-0.8020918965339661
2702,-1.0100499391555786,-0.2037950754165649,-0.943415641784668
2703,0.9742830991744996,-0.7280415296554565,-0.8944193124771118
2704,-0.5067934989929199,-0.8321739435195923,-1.6230865716934204
2705,-0.7258118391036987,-1.3880681991577148,-0.7970667481422424
2706,-1.8048912286758425,-2.81864595413208,-2.2000954151153564
2707,0.3914559483528137,-0.6591846942901611,-1.6359659433364868
2708,0.6891180872917175,-1.06261944770813,-0.8589091300964355
2709,-1.7922383546829224,-1.6317001581192017,1.3240270614624023
2710,-2.837137222290039,-1.9586163759231567,-2.1862833499908447
2711,-1.4027737379074097,-2.464316368103028,-1.8172128200531008
2712,-2.946863412857056,-1.8101489543914795,-3.1990737915039062
2713,-2.754688262939453,-2.81510591506958,-2.472664833068848
2714,-0.3590516149997711,0.3482189178466797,-1.10638689994812
2715,3.1625120639801025,2.464373111724853,2.4971632957458496
2716,-1.7279479503631592,0.8710707426071167,0.9531161785125732
2717,1.2413533926010132,0.9015821814537048,1.573493480682373
2718,1.9468663930892944,1.5489134788513184,2.0757195949554443
2719,1.3432352542877195,1.5338048934936523,2.15735936164856
2720,0.3324737846851349,-1.8169493675231927,0.8293611407279968
2721,-0.1450452804565429,-0.9141839146614076,-1.8787909746170044
2722,2.4045679569244385,1.32102632522583,2.7856578826904297
2723,-2.071023941040039,-0.8370662331581116,0.2967788577079773
2724,-1.789973497390747,0.1901960968971252,0.8243272304534912
2725,0.979322075843811,1.0852396488189695,0.3695571422576904
2726,2.3773624897003174,2.675503730773926,3.216118812561035
2727,1.3698234558105469,1.1653366088867188,-0.5162633061408997
2728,-2.063127279281616,-3.1386971473693848,-1.0235084295272827
2729,2.400667428970337,2.846451997756958,2.3386292457580566
2730,1.9863975048065183,2.1721198558807373,1.9004576206207275
2731,0.0126723051071167,0.2380068302154541,-0.4610105752944946
2732,-2.116978168487549,-1.286665916442871,-2.638607978820801
2733,-0.7387483716011047,2.241964817047119,-1.2060478925704956
2734,-1.9856915473937988,0.9585020542144777,1.9672409296035769
2735,-0.1608999967575073,1.256663799285889,1.1964291334152222
2736,2.517247676849365,1.4964414834976196,2.1933422088623047
2737,-0.0155009627342224,0.3502749800682068,-0.8070952892303467
2738,0.4711835384368896,0.912002682685852,-0.394561767578125
2739,0.2908137142658233,-0.9487742185592652,-0.6409931182861328
2740,0.8280205726623535,-0.6433380246162415,-1.4277384281158447
2741,0.6883701086044312,0.9203267097473145,0.08470419049263
2742,-1.1844263076782229,-1.906396985054016,-2.0281567573547363
2743,1.577662467956543,2.1331474781036377,0.982523500919342
2744,-1.1244544982910156,-1.982673168182373,-2.103961944580078
2745,0.2158442735671997,-0.9967347979545592,-0.5150971412658691
2746,0.1659488081932068,0.5115669965744019,0.2185358852148056
2747,-2.445354700088501,-1.8748103380203247,-1.238316535949707
2748,-1.0167088508605957,-1.308240532875061,-1.03960120677948
2749,-2.7966396808624268,-3.123246669769287,-2.674263000488281
2750,-0.8693925142288208,-1.1604223251342771,-2.41943359375
2751,-2.1946356296539307,-3.184898376464844,-2.249070167541504
2752,0.7081372141838074,2.1768603324890137,1.758748173713684
2753,0.3910716772079468,2.235270500183105,2.742713451385498
2754,-0.4695101082324981,1.2827068567276,0.6681373715400696
2755,-2.191399335861206,-1.5622915029525757,-1.7852725982666016
2756,-1.2914612293243408,-0.945656716823578,-1.6410326957702637
2757,-0.7386961579322815,0.2087850570678711,2.3984203338623047
2758,0.3165701627731323,0.8488940596580505,2.2917613983154297
2759,-1.5165202617645264,-1.2791026830673218,-1.941373944282532
2760,-0.4697283208370209,-1.3991458415985107,-1.374211668968201
2761,-1.5719003677368164,-1.7624897956848145,-1.3900264501571655
2762,-2.1896097660064697,-2.1688623428344727,-3.0269694328308105
2763,-1.6939247846603394,-0.7256794571876526,-1.9361717700958248
2764,1.0631791353225708,1.7260777950286863,-0.5825816988945007
2765,-2.4378814697265625,-2.0965144634246826,-0.9362993240356444
2766,-0.9988402128219604,1.1140153408050537,0.3011091947555542
2767,0.7411004304885864,-0.4573512375354767,-1.2411019802093506
2768,0.9597046375274658,1.9937454462051392,2.898277997970581
2769,-1.9168068170547483,-0.5998053550720215,-2.858931541442871
2770,-2.5321176052093506,1.9950110912323,-2.3596177101135254
2771,-1.477046251296997,-1.6839975118637085,-0.486402690410614
2772,-1.3459210395812988,-2.2945995330810547,-1.7759969234466553
2773,2.933432340621948,2.1740546226501465,3.289398670196533
2774,-0.4240909814834595,2.103315114974976,-1.9210045337677
2775,-2.362521171569824,-2.127581119537353,-1.2142515182495115
2776,3.067871332168579,2.6813693046569824,3.652298212051392
2777,0.2547973990440368,-0.8204508423805237,-0.8815600872039795
2778,-0.0657114386558532,0.0290681719779968,1.3665342330932615
2779,-2.5502519607543945,2.3000857830047607,-0.8990507125854492
2780,-0.5489482879638672,0.3487244844436645,-1.5478262901306152
2781,0.4667956531047821,-0.5289022922515869,0.3370511829853058
2782,-3.8165383338928223,-1.9644179344177248,-1.962193489074707
2783,1.0108424425125122,-0.3404072821140289,-0.6266049742698669
2784,-0.3962329626083374,-0.1876006722450256,0.0978694558143615
2785,0.0065979957580566,1.3309900760650637,-0.3308784961700439
2786,0.5546438097953796,0.0146896243095397,0.737602710723877
2787,1.653653264045715,-0.2097473740577697,-0.107126697897911
2788,-2.408908605575561,-1.1408307552337646,-1.3764967918395996
2789,0.5543141961097717,-1.622507095336914,-1.8757976293563845
2790,-0.0393081605434417,-1.663182258605957,-1.0217877626419067
2791,-3.149728775024414,-0.6179898381233215,0.476285457611084
2792,0.3933408260345459,1.7038230895996094,1.0349740982055664
2793,-1.6030800342559814,-0.963454246520996,-2.280492067337036
2794,-1.901888966560364,-2.2854971885681152,-1.8586304187774656
2795,-0.933004915714264,-1.2980726957321167,-2.1862833499908447
2796,0.8751875162124634,2.006054401397705,0.4865294694900512
2797,1.4974929094314575,2.027985095977783,1.1175570487976074
2798,-0.3743271231651306,-0.5917320847511292,-0.4727540612220764
2799,-2.7288289070129395,-3.2572615146636963,1.5177953243255615
2800,-0.1645094752311706,-2.0086495876312256,-1.065005898475647
2801,-1.481379151344299,-0.061937928199768,-1.2480088472366333
2802,-0.1446560025215149,-0.8311655521392822,-1.2225399017333984
2803,-1.4827911853790283,1.000046730041504,0.3794508576393127
2804,-0.980689823627472,-0.6700150966644287,-1.5486962795257568
2805,0.682090163230896,0.7591229677200317,-0.5253589153289795
2806,2.4582462310791016,1.9077001810073853,0.4043645560741424
2807,-0.1449326574802398,-0.4298422336578369,0.3612201809883117
2808,0.2868312299251556,1.0897648334503174,-0.3766403198242187
2809,-0.9963878393173218,-1.1227105855941772,-2.338440418243408
2810,2.2252798080444336,1.6842409372329712,1.1111832857131958
2811,-2.317206859588623,-3.031085729598999,-1.7220137119293213
2812,0.4998067021369934,0.7186282873153687,-0.655522346496582
2813,0.7802969217300415,-0.6979209184646606,-0.1226531863212585
2814,2.4223222732543945,2.264906644821167,2.583725452423096
2815,1.5503379106521606,0.5180817246437073,-0.0747563540935516
2816,-2.793694972991944,-0.8844194412231445,0.3594805598258972
2817,1.5543231964111328,1.3345694541931152,0.5145792365074158
2818,0.3028402626514435,0.1096946001052856,-1.137101411819458
2819,0.5724070072174072,2.2353014945983887,0.962123155593872
2820,1.634600043296814,1.766680359840393,1.9067682027816768
2821,0.7829943895339966,-0.2272873520851135,0.1404996216297149
2822,-0.8807134032249451,0.7052851319313049,-0.9430418610572816
2823,2.278432846069336,1.1726436614990234,1.8007843494415283
2824,-0.2017269730567932,1.6965551376342771,2.214461088180542
2825,0.7730580568313599,0.4859613478183746,-3.0420517921447754
2826,0.8697564601898193,0.0706034302711486,0.1725408434867859
2827,-1.1396422386169434,-0.7412904500961304,-0.1583220362663269
2828,-1.9102070331573489,2.3048183917999268,2.323037385940552
2829,-1.0328855514526367,-0.437339723110199,-1.1223417520523071
2830,-0.6849896907806396,-0.8960559368133545,-0.3147370219230652
2831,1.4239113330841064,0.4744269549846649,-0.6444084644317627
2832,-1.8104585409164429,-0.3297865390777588,-1.462856411933899
2833,2.181318998336792,1.7002984285354614,-0.3559102416038513
2834,0.0622197091579437,-0.6166268587112427,-0.7536717057228088
2835,-0.2550007998943329,0.5261335372924805,0.0715563893318176
2836,1.2289433479309082,1.152563452720642,-0.4478740096092224
2837,-0.6252180933952332,-2.2780096530914307,-0.8263205289840698
2838,-2.9495582580566406,-2.85748553276062,-2.7172741889953613
2839,-0.8905606269836426,-1.4150490760803225,-1.422703504562378
2840,1.2531378269195557,0.1265305280685424,-0.0708193778991699
2841,2.564600944519043,1.3041893243789673,-0.3806568086147308
2842,-0.8559799194335938,1.2373236417770386,0.2785371541976928
2843,2.154973268508911,1.5448811054229736,1.2005845308303833
2844,-2.7766757011413574,-0.5702369809150696,-3.148709774017334
2845,-1.5675339698791504,-0.792578935623169,-1.4339579343795776
2846,0.237855464220047,0.2513523697853088,-0.6971898078918457
2847,-2.947124481201172,-2.643221855163574,-2.3312859535217285
2848,-1.6089272499084473,-0.7925888299942017,-0.8881781101226807
2849,2.46207332611084,2.443933248519897,2.8431882858276367
2850,-0.8378208875656128,-1.4090667963027954,-2.3660900592803955
2851,1.1708084344863892,0.7168474197387695,1.879826545715332
2852,-1.6059861183166504,-1.7831788063049316,-1.1570388078689575
2853,1.3271030187606812,0.8733698129653931,1.977437138557434
2854,0.1467127203941345,0.3219055533409118,0.5937506556510925
2855,-0.6780003309249878,-2.000026226043701,0.3212771117687225
2856,-0.7448711395263672,1.4003666639328003,0.9161167740821838
2857,2.735947132110596,2.172098159790039,1.3819482326507568
2858,-0.5481460094451904,-1.587436556816101,-0.0550733208656311
2859,-2.4166300296783447,-0.1477632522583007,0.3483444154262543
2860,0.9670780301094056,0.479218989610672,1.32243549823761
2861,0.2389614582061767,0.3345318436622619,-0.3725611269474029
2862,-1.4685050249099731,-0.6192394495010376,-2.1129631996154785
2863,-0.4050009548664093,-0.5762794017791748,-0.296751320362091
2864,-1.715478539466858,-2.1411702632904053,-2.1789422035217285
2865,0.6736409664154053,1.1373578310012815,2.06709098815918
2866,-1.2607176303863523,0.7889575362205505,0.1865222454071045
2867,2.2890844345092773,2.6331708431243896,-0.0132902860641479
2868,1.5135200023651123,1.346754550933838,2.251836061477661
2869,-0.4926925897598266,-0.2781684994697571,-0.7750200629234314
2870,2.3464243412017822,2.6384758949279785,3.188958644866944
2871,0.6840696334838867,0.5617504119873047,-0.5726200938224792
2872,-2.060481309890747,-3.260709524154663,-2.0154333114624023
2873,-2.741598606109619,-2.139073610305786,-3.839378595352173
2874,2.5912344455718994,1.68703293800354,1.2623196840286257
2875,-1.1609268188476562,-0.8470432758331299,0.9026883840560912
2876,-0.8430684804916382,2.163128137588501,2.131089687347412
2877,-0.2111777365207672,-0.5298097133636475,-0.3249826431274414
2878,0.8880335092544556,1.54455304145813,2.287254095077514
2879,1.583976984024048,1.485041260719299,-0.1354315876960754
2880,0.9208710193634032,1.0431673526763916,0.556392252445221
2881,2.993213891983032,2.4889016151428223,2.5984349250793457
2882,1.3333958387374878,2.029318332672119,0.948807418346405
2883,2.91520357131958,1.8311375379562376,1.8153090476989744
2884,1.083813190460205,0.2258387804031372,0.6526938676834106
2885,2.919982433319092,2.26021671295166,2.781797409057617
2886,-0.6196302175521851,0.71710604429245,-0.0057944953441619
2887,-2.472601890563965,-2.9979634284973145,-2.9853944778442383
2888,1.93060302734375,2.6332900524139404,2.92741060256958
2889,1.0613226890563965,1.779026746749878,0.9135465025901794
2890,-0.9663408398628236,1.6683363914489746,-1.4179024696350098
2891,0.6121553182601929,2.490459680557251,2.018026351928711
2892,0.9851528406143188,1.876224994659424,1.46631920337677
2893,-2.254629135131836,0.0673698782920837,-0.4657163023948669
2894,-0.4872306585311889,-1.1725233793258667,-1.5076652765274048
2895,-0.8644941449165344,-1.9308843612670896,-1.955557942390442
2896,-0.8153486847877502,-1.5006072521209717,-1.025251865386963
2897,-1.2285290956497192,0.1611274480819702,0.4909641146659851
2898,-1.4186118841171265,0.3447173237800598,1.4544756412506104
2899,-0.5846191048622131,0.0996428728103637,0.4863209724426269
2900,-1.6568152904510498,0.3340734243392944,-0.0391761362552642
2901,0.414471298456192,-1.2563835382461548,-0.7074341773986816
2902,-1.8963176012039185,0.2696521878242492,-0.7986178994178772
2903,1.0478771924972534,1.790812373161316,-2.907626152038574
2904,2.473342180252075,1.8143486976623533,2.989032506942749
2905,-1.891937494277954,1.8940465450286863,2.55147647857666
2906,1.5530297756195068,-0.7353357076644897,0.0889664590358734
2907,-0.1109626591205596,-0.7642438411712646,0.4246580600738525
2908,0.6873846054077148,0.5963882803916931,2.52954626083374
2909,-2.814549207687378,-3.1731977462768555,-3.145528554916382
2910,2.601682424545288,1.215508222579956,1.3627809286117554
2911,-2.4592437744140625,-0.3024149537086487,0.2449280321598053
2912,-0.9174748063087464,-0.2342551350593567,0.3303410410881042
2913,2.63473129272461,1.835023045539856,2.487410545349121
2914,-2.383084774017334,-1.5468122959136963,0.5149970054626465
2915,0.5512247681617737,1.630244493484497,2.5338799953460693
2916,-0.6058105230331421,2.5538814067840576,1.976765513420105
2917,0.2734019160270691,-1.167980074882507,-1.829819917678833
2918,-0.5855821371078491,-0.3863435387611389,-1.7255234718322754
2919,-0.9692427515983582,-0.3754322230815887,-0.8624058961868286
2920,-2.509838342666626,-2.037146806716919,-0.5170239806175232
2921,-2.37365198135376,0.8557898998260498,0.5596238970756531
2922,-2.383077621459961,0.8340598344802856,0.476285457611084
2923,-3.144878625869751,-1.088062047958374,-0.1781708896160125
2924,-1.789960861206055,-1.912416219711304,-0.3476539850234985
2925,1.2369301319122314,1.0962772369384766,1.805478930473328
2926,0.5822206735610962,-0.3174225091934204,-1.1223863363265991
2927,0.3553550243377685,-0.0474123358726501,1.3565752506256104
2928,1.1128493547439575,2.5514144897460938,2.935408592224121
2929,1.504044771194458,1.7677953243255615,-1.592106819152832
2930,-1.81514859199524,-1.825087070465088,-2.109330415725708
2931,-0.7959672212600708,2.717531442642212,0.9764726161956788
2932,-2.51867151260376,-2.139204502105713,-3.075978279113769
2933,-2.0674076080322266,1.273619532585144,2.36480450630188
2934,-2.2838122844696045,-2.788186550140381,-2.789611577987671
2935,1.3307936191558838,0.5105931758880615,-0.3942875266075134
2936,-0.6689584255218506,0.4557067453861236,-0.7394409775733948
2937,2.2786407470703125,0.6078323125839233,1.8682986497879028
2938,-0.7000479698181152,0.650693416595459,0.0181876420974731
2939,-2.509620904922486,-2.691870927810669,-1.4184718132019043
2940,2.302581787109375,2.275599241256714,1.801764965057373
2941,-0.1064410209655761,0.8667322397232056,-2.579922914505005
2942,1.7759093046188354,-0.7907964587211609,-0.6966295838356018
2943,1.0893579721450806,2.0123450756073,1.8065873384475708
2944,1.3327627182006836,0.5086051225662231,1.1705950498580933
2945,0.8707229495048523,1.19367516040802,1.92161226272583
2946,-0.9372723698616028,-0.3293282389640808,-0.4742200374603271
2947,0.0565777420997619,0.2133269309997558,-0.8734071254730225
2948,0.2202856540679931,1.0573019981384275,-2.2504262924194336
2949,2.4290239810943604,2.146374225616455,2.524989128112793
2950,-0.5717471837997437,-0.4266085028648376,1.959274411201477
2951,1.060843586921692,1.3099809885025024,1.946364402770996
2952,2.4276347160339355,1.2152730226516724,1.7115269899368286
2953,0.100387305021286,0.3751677572727203,-0.7427158355712891
2954,-1.3805675506591797,-1.2971339225769043,2.264564037322998
2955,-0.0376498103141784,1.0162540674209597,0.7105072736740112
2956,-0.4439191520214081,-0.1932345628738403,0.2243053019046783
2957,-1.423986792564392,-0.9754603505134584,-1.2568645477294922
2958,1.414351463317871,0.2857651114463806,0.0430540144443511
2959,-2.2566378116607666,-2.9026029109954834,-2.874690055847168
2960,1.4731906652450562,-0.1070547699928283,-0.9363915920257568
2961,-1.6147736310958862,-0.97295743227005,-0.9560163021087646
2962,0.541199803352356,1.5923000574111938,1.2030366659164429
2963,-1.2507680654525757,-1.726963758468628,-0.933905065059662
2964,0.14470836520195,0.7936877608299255,-0.176993116736412
2965,-0.2216896712779998,-0.2839210629463196,-0.7389458417892456
2966,-0.57796710729599,0.2155482172966003,-2.2537522315979004
2967,0.6867752075195312,1.2542486190795898,2.730783224105835
2968,-0.1055356264114379,2.269793748855591,0.958576500415802
2969,-1.2797309160232544,-2.314352035522461,-1.6065515279769895
2970,-0.6924492120742798,0.878699541091919,-2.136837244033813
2971,1.5241734981536863,1.609558343887329,1.663549542427063
2972,2.857945203781128,1.982788324356079,1.8818693161010744
2973,-0.1872369050979614,1.352260708808899,-2.03536319732666
2974,2.3144779205322266,1.1947431564331057,1.7387957572937012
2975,1.4086850881576538,-0.7096693515777588,-0.4651370644569397
2976,1.2664686441421509,0.9447073340415956,2.490398645401001
2977,2.176510572433472,2.8756039142608643,2.004712104797364
2978,0.0058784484863281,0.2909268736839294,-2.111302137374878
2979,1.5480172634124756,1.8792864084243768,2.689284324645996
2980,-1.2957675457000732,-1.4133014678955078,-1.72532320022583
2981,0.0854666531085968,1.4273977279663086,0.7979758381843567
2982,-1.445136308670044,-0.9583888053894044,-1.109105944633484
2983,-2.240350246429444,-2.625720262527466,-3.093500852584839
2984,-0.2550768554210663,0.1074902415275573,-0.6949355602264404
2985,-3.070972681045532,-2.2266552448272705,-2.5534322261810303
2986,-0.4920678734779358,2.4039957523345947,-0.1993902921676635
2987,0.8632625341415405,-1.0491915941238403,-0.2773495018482208
2988,0.0960021317005157,-1.384068250656128,-1.9101991653442385
2989,-0.1660329401493072,-1.573830485343933,-0.5433886647224426
2990,0.5938217639923096,1.790287733078003,3.051706552505493
2991,-2.422328472137451,-1.3699045181274414,-1.208350658416748
2992,-1.823361039161682,0.6045283675193787,2.050149440765381
2993,-1.120551347732544,-1.12274968624115,-0.0543568730354309
2994,-2.6289565563201904,-1.4949687719345093,-0.1725035905838012
2995,-0.0852142870426178,0.2431448698043823,0.1728817522525787
2996,-2.2976348400115967,-0.4261608421802521,0.2471808344125747
2997,-1.0607539415359497,-0.986348569393158,-0.021001398563385
2998,1.3304649591445925,1.0503538846969604,1.0656635761260986
2999,-1.0793638229370115,0.5304003953933716,-0.9653921723365784
3000,-0.4038113057613373,0.9910461902618408,0.2509033977985382
3001,0.9602602124214172,1.6638236045837402,-0.5369480848312378
3002,-0.5865789651870728,0.5460982322692871,0.4046758115291595
3003,-0.2347305119037628,1.9088908433914185,0.6187248229980469
3004,-1.255587816238403,-0.4916131794452667,1.130974292755127
3005,-0.1576120555400848,0.8912756443023682,-0.3552621603012085
3006,-1.0755397081375122,0.6474952101707458,-0.2642223834991455
3007,-2.077654838562012,-1.8507306575775144,-2.718616008758545
3008,-2.0047848224639893,0.7743339538574219,-0.2845280170440674
3009,0.3169106245040893,1.780204176902771,1.9621825218200684
3010,-0.6457281112670898,-2.4245100021362305,-1.2155176401138306
3011,1.2864432334899902,1.797019362449646,1.4686881303787231
3012,-0.9000580906867981,-2.1924545764923096,-1.8967846632003784
3013,-1.816263556480408,-1.7193621397018433,-3.23530912399292
3014,-1.170085906982422,0.3441653251647949,-0.3504810333251953
3015,-0.3386886715888977,1.909847497940064,0.7662608027458191
3016,0.8751310706138611,2.0507454872131348,2.57950210571289
3017,0.4974928796291351,-1.924787878990173,-1.2595232725143433
3018,0.3771675825119018,0.427567720413208,-0.0751126110553741
3019,1.6508402824401855,0.7242698073387146,1.168776273727417
3020,-0.8198213577270508,-0.2004895210266113,0.2208965718746185
3021,-0.0324220955371856,1.2742339372634888,2.6688265800476074
3022,-2.8142216205596924,-2.142433404922486,-1.1601364612579346
3023,-2.097634792327881,-2.927024602890014,-2.6694462299346924
3024,-2.735285520553589,-0.763944149017334,1.2694218158721924
3025,-2.744061231613159,-2.0296406745910645,0.7112858295440674
3026,1.1332204341888428,2.032815933227539,-0.6973763704299927
3027,-1.076051115989685,-0.6033778786659241,-0.0391058325767517
3028,1.2293261289596558,0.7232953310012817,0.4079492390155792
3029,-1.1043694019317627,-1.4961860179901123,-1.4561433792114258
3030,1.919291496276856,1.3871855735778809,2.9505646228790283
3031,-0.3262572884559631,-0.0231149792671203,0.4099780321121216
3032,-2.502026081085205,0.5320882201194763,-1.7070616483688354
3033,0.9679020643234252,0.6618543267250061,1.0185067653656006
3034,-0.9526501893997192,1.9749836921691888,-2.1008732318878174
3035,-0.2261151373386383,0.4604018330574035,-0.8792666792869568
3036,1.0645456314086914,1.5798609256744385,-0.279769629240036
3037,-0.7580242156982422,-1.1905975341796875,-2.263781785964966
3038,1.3109807968139648,1.856556415557861,1.8907982110977173
3039,-1.479969501495361,-0.591373085975647,0.8577731847763062
3040,1.4197986125946045,1.372100591659546,2.61230206489563
3041,-1.3860081434249878,-0.2389881014823913,1.049170970916748
3042,0.9043031930923462,-0.4511080980300903,-0.2489113956689834
3043,-1.0118234157562256,-2.102983236312866,0.2788620293140411
3044,0.0854798853397369,0.2704365849494934,-0.4667078554630279
3045,0.9099767804145812,0.6188027858734131,0.8038489818572998
3046,-1.1954810619354248,0.9977726936340332,-1.664481282234192
3047,-1.643836498260498,-1.7487475872039795,-1.7564170360565186
3048,-0.8456302881240845,-0.948660135269165,-1.7448655366897583
3049,0.5944346189498901,0.6390451788902283,0.7124143838882446
3050,-2.4709396362304688,-2.0967471599578857,-2.876642227172852
3051,-0.4352167546749115,-0.6694878339767456,0.0507143139839172
3052,-1.8245786428451536,1.693604588508606,1.907395005226136
3053,-0.6933351755142212,-0.9432275295257568,0.6869211196899414
3054,2.039713859558105,0.0881353616714477,0.7433092594146729
3055,-1.2977032661437988,-0.3969620764255523,-2.589555263519287
3056,-1.394128918647766,-1.896812081336975,-2.2010364532470703
3057,-2.7202038764953613,-2.879712104797364,-2.96529507637024
3058,-1.544200420379639,-1.1913517713546753,-1.1232937574386597
3059,-2.8581132888793945,-1.4584128856658936,-2.253100633621216
3060,0.2944887280464172,0.0327000021934509,-0.4355254769325256
3061,-1.99761164188385,-2.0878052711486816,-2.1295652389526367
3062,2.283113479614258,0.6654585599899292,2.2443342208862305
3063,-0.801995038986206,1.0029821395874023,1.3078534603118896
3064,1.0190101861953735,2.935734272003174,0.4534075856208801
3065,-1.823839783668518,1.6461231708526611,0.3174771666526794
3066,-0.4871990978717804,1.9385852813720703,-0.50390625
3067,-2.300200939178467,-0.7806066870689392,-1.6742351055145264
3068,-1.6414837837219238,-1.844829559326172,-2.8616957664489746
3069,-1.189652919769287,-0.4169203042984009,-0.1586179137229919
3070,-2.413460731506348,1.382901668548584,2.4948618412017822
3071,1.2510223388671875,-0.0443799495697021,2.0720701217651367
3072,2.6860692501068115,2.023009777069092,3.084481716156006
3073,-1.6643502712249756,-3.354398727416992,-3.4647774696350098
3074,-1.568352222442627,-1.7245151996612549,0.0418153703212738
3075,2.687469720840454,1.4284862279891968,2.0348269939422607
3076,-3.588146686553955,-2.5468382835388184,0.6479390263557434
3077,1.6717653274536133,0.8021825551986694,-1.8071714639663696
3078,-1.8933801651000977,0.4799091219902038,-1.2550510168075562
3079,-1.1414365768432615,1.2630778551101685,2.630218744277954
3080,-0.6627780199050903,-0.4846886098384857,0.3355196416378021
3081,-0.1694575548171997,1.111194372177124,2.0505499839782715
3082,0.3948343992233276,-0.4104409217834472,1.0135403871536257
3083,2.182966470718384,2.258876085281372,3.0413761138916016
3084,-2.851876735687256,0.8867144584655762,-3.117985486984253
3085,-1.1042349338531494,-1.4079183340072632,-1.7085095643997192
3086,0.0974284410476684,0.2170281410217285,2.344126462936402
3087,0.6240516304969788,1.5068325996398926,-0.8757781386375427
3088,0.121362030506134,0.547700822353363,-0.1108605861663818
3089,1.8937917947769165,2.2604947090148926,2.9859766960144043
3090,0.6255919933319092,-0.519913911819458,-1.5806106328964231
3091,0.3745059072971344,-1.2472012042999268,-1.0287693738937378
3092,-2.2994537353515625,-1.7187974452972412,-0.625575840473175
3093,-2.473191261291504,2.0703744888305664,-3.209948778152466
3094,-1.482407569885254,0.8073567152023315,-1.873054027557373
3095,-2.681568384170532,-2.538826704025269,-2.3902180194854736
3096,-1.903381586074829,-0.7926348447799683,-0.8762561082839966
3097,-1.806922912597656,-2.406088829040528,-2.6747069358825684
3098,-2.0031278133392334,-1.1203875541687012,-1.5711277723312378
3099,0.7669922709465027,0.2633326053619385,-1.630523443222046
3100,2.138612985610962,1.257504940032959,1.896554946899414
3101,1.1923508644104004,1.098787784576416,1.1213490962982178
3102,1.050068736076355,1.0647592544555664,-1.901278734207153
3103,2.0593721866607666,2.374836683273315,3.061638116836548
3104,-0.6233983039855957,-0.1742087006568908,-2.204726219177246
3105,3.1012122631073,1.828545093536377,2.615241527557373
3106,-3.0192761421203613,-0.4827779233455658,-2.1846461296081543
3107,1.91925859451294,1.189171552658081,1.2038025856018066
3108,-0.1314591467380523,0.8363900184631348,0.969741702079773
3109,-1.7449930906295776,-1.700878620147705,-1.6484898328781128
3110,-0.3093471229076385,0.2564518451690674,1.3854775428771973
3111,-0.9893383979797364,-1.0655815601348877,-2.03034782409668
3112,1.661002278327942,2.5724761486053467,2.251561403274536
3113,-1.3274343013763428,-1.4713873863220217,-2.505277156829834
3114,-1.5993976593017578,-1.5949267148971558,-3.566183567047119
3115,0.3679404556751251,0.3288750052452087,-1.9344561100006104
3116,-1.0745340585708618,-0.8959162831306458,-0.1231568455696106
3117,3.050434112548828,2.4678549766540527,3.2874627113342285
3118,-1.615759253501892,-0.6223876476287842,-1.0651755332946775
3119,1.585113763809204,0.2478952407836914,0.6314030885696411
3120,1.5263609886169434,2.00438928604126,-0.0769457221031189
3121,-1.7173783779144287,-0.7938005924224854,-0.731330156326294
3122,-1.5424305200576782,-1.3432925939559937,-2.3692610263824463
3123,0.5595234632492065,1.7853212356567385,2.5329012870788574
3124,-0.5968039035797119,0.5486171841621399,0.0815657377243042
3125,0.857712984085083,2.000240087509156,2.5348024368286133
3126,2.3640077114105225,2.6882035732269287,1.3363078832626345
3127,1.8361320495605469,2.2097110748291016,3.09580945968628
3128,-0.1804658472537994,-0.66794753074646,0.0507392287254333
3129,-0.8046588897705078,0.3585602045059204,0.3369500935077667
3130,0.2887367010116577,1.9348478317260744,2.055835008621216
3131,-1.6418633460998535,-1.5868557691574097,-0.355009377002716
3132,-2.010080337524414,-1.6589758396148682,-2.5816218852996826
3133,-0.700674295425415,-0.0463930368423461,0.2364930212497711
3134,1.1553285121917725,1.0061323642730713,-0.281003475189209
3135,0.0562566816806793,-0.9148582816123962,0.071305513381958
3136,-2.7528345584869385,-2.410311222076416,-1.020567774772644
3137,-1.469538927078247,0.2456967234611511,-1.412955641746521
3138,-0.5144721269607544,0.4431644678115845,-1.3784819841384888
3139,0.3432132303714752,-0.6846089363098145,-1.3016657829284668
3140,0.887702226638794,0.0787349939346313,-0.0551128685474395
3141,2.915799617767334,2.27600646018982,2.1179447174072266
3142,0.7591574192047119,-0.6931641101837158,0.8792651891708374
3143,-0.0708338320255279,1.1521177291870115,0.0745534002780914
3144,-0.8417186737060547,0.7627968788146973,-1.5400996208190918
3145,-0.9551670551300048,1.938636064529419,0.2120372653007507
3146,0.0450273156166076,0.513574481010437,0.3539548516273498
3147,0.8854436874389648,1.1667852401733398,0.0744009315967559
3148,-1.244913101196289,-2.46140456199646,-2.1597824096679688
3149,-0.6139386296272278,-0.4838758111000061,0.3815783858299255
3150,0.472232848405838,-0.31056809425354,-0.4739187657833099
3151,2.413291931152344,2.7082884311676025,2.315840721130371
3152,-2.18505597114563,1.6432464122772217,0.0714108943939209
3153,-0.6553689241409302,0.320472776889801,0.6423229575157166
3154,-3.148967981338501,-1.3836486339569092,-1.3742579221725464
3155,0.6473042964935303,0.3380402624607086,0.5478861927986145
3156,-0.1991983354091644,-0.9643803238868712,0.0275499820709228
3157,1.331907033920288,1.087557315826416,0.7770705223083496
3158,-0.800397515296936,-0.9274628162384032,-1.9660403728485107
3159,-0.3741734623908996,1.4446467161178589,-0.8782875537872314
3160,0.781044602394104,1.0395705699920654,-0.0066512525081634
3161,1.1693629026412964,0.9553868770599364,0.8814187049865723
3162,-0.9508814811706544,-1.8374508619308472,-0.323905885219574
3163,1.1772569417953491,0.9336279630661012,0.491347074508667
3164,-0.7199443578720093,-1.4444299936294556,-1.1161818504333496
3165,2.352893352508545,2.7134952545166016,2.163371324539185
3166,-0.1706436276435852,-0.2527878284454345,-0.3605887293815613
3167,-2.874213695526123,-0.5755263566970825,-0.4700031280517578
3168,-0.2583734095096588,0.3928156495094299,-0.4113341271877289
3169,0.6236379742622375,2.0164589881896973,-1.5493507385253906
3170,-1.3607993125915527,-1.75465989112854,-2.517500400543213
3171,-0.163429319858551,0.7156425714492798,1.059943675994873
3172,-0.1869609355926513,1.5421302318572998,1.8137062788009644
3173,0.6491527557373047,-0.3804893791675567,-0.4182617664337158
3174,0.2684344351291656,-1.2277860641479492,-2.4679999351501465
3175,-0.3397267162799835,1.6347033977508545,0.2688365578651428
3176,2.121965169906616,0.5202683210372925,-0.6569197177886963
3177,-2.560989618301392,-2.359776020050049,-2.2667202949523926
3178,1.424925446510315,0.0738020539283752,0.6083473563194275
3179,-2.619790315628052,-2.911414623260498,-3.038916110992432
3180,0.7854650616645813,1.822129249572754,0.9657230973243712
3181,-1.258143424987793,-0.983799695968628,-0.7186781764030457
3182,2.1918389797210693,2.512568950653076,3.2677621841430664
3183,0.8900798559188843,0.1885130405426025,0.6313687562942505
3184,1.6442583799362185,-0.097912847995758,-1.0503981113433838
3185,-1.5748920440673828,-3.036745548248291,-2.6623547077178955
3186,1.4777477979660034,0.6376606822013855,0.0488548874855041
3187,-2.236416816711426,-2.3157198429107666,-2.597552299499512
3188,0.2675525248050689,0.1692631840705871,-1.860149502754212
3189,1.6853835582733154,0.1557182669639587,-0.9395068287849426
3190,-0.5868293046951294,-1.7463072538375854,-1.783643364906311
3191,2.0928990840911865,2.5505356788635254,3.230812311172486
3192,0.8837456703186035,2.5604612827301025,-1.925776720046997
3193,-2.720211744308472,-3.0462803840637207,-2.694361448287964
3194,0.7519408464431763,0.6943180561065674,0.9057381749153136
3195,-1.3501988649368286,-0.8309258222579956,-0.4413233995437622
3196,2.375443696975708,3.024421453475952,2.714730978012085
3197,-2.3058197498321533,0.2148410081863403,-1.9872981309890747
3198,-2.781705856323242,-2.515711069107056,-2.402261734008789
3199,-0.0650306344032287,-0.8819826245307922,-0.9218387603759766
3200,-2.4618661403656006,-3.2338902950286865,-2.848057985305786
3201,-0.2817947268486023,-2.1835620403289795,-3.646308898925781
3202,-0.255320280790329,1.2075910568237305,0.7055805325508118
3203,0.8694376945495605,0.7214236855506897,1.3045350313186646
3204,0.0571898221969604,0.1379129290580749,-0.4745825827121734
3205,1.8789018392562864,0.5299113988876343,0.7329840064048767
3206,-0.9474786520004272,-1.7411131858825684,-1.56501042842865
3207,2.589547634124756,2.621260166168213,3.28020453453064
3208,2.186171770095825,1.5711803436279297,1.219751238822937
3209,2.252490282058716,2.3398516178131104,2.820364236831665
3210,-2.526353597640991,2.166023015975952,1.7010867595672607
3211,-1.989227652549744,-2.3779492378234863,-3.40186095237732
3212,-0.9682095646858216,-1.3508845567703247,-1.9049205780029297
3213,0.0656423568725586,-1.225680232048035,-1.3536643981933594
3214,0.2508855760097503,0.6928309202194214,2.6120991706848145
3215,-2.312857151031494,-2.35995888710022,1.0684845447540283
3216,-0.3045543432235718,-2.1751198768615723,-0.2630295157432556
3217,0.264500617980957,1.1042094230651855,0.2181189954280853
3218,-0.9441280364990234,2.433032274246216,-1.3050929307937622
3219,-2.1242024898529053,-1.211313009262085,-2.0156381130218506
3220,-3.181926250457764,-2.503596305847168,-2.462995767593384
3221,1.152453899383545,0.98555725812912,2.1317148208618164
3222,-2.083754062652588,1.879321932792664,-2.1731293201446533
3223,1.9513007402420044,1.0320875644683838,0.8562302589416504
3224,-0.6932785511016846,-0.1263982057571411,-0.7444931268692017
3225,-1.7039750814437866,-0.3429197072982788,-3.2694287300109863
3226,-2.500623941421509,-1.4241713285446167,-0.3475927710533142
3227,-2.198389768600464,2.188270807266236,0.4361316263675689
3228,-2.0855982303619385,-0.7645078897476196,-0.8248208165168762
3229,2.4089243412017822,2.095522165298462,2.455866575241089
3230,-0.0250234603881835,0.8734657764434814,0.5508604049682617
3231,0.9759134650230408,0.4790371358394623,-0.4644966721534729
3232,-1.098187804222107,-0.0512139797210693,0.0928191542625427
3233,-2.77189040184021,-1.3084999322891235,-1.6226519346237185
3234,0.1540000438690185,2.490674018859864,0.367688238620758
3235,0.0095879733562469,1.5622718334197998,-0.4479621052742004
3236,-1.8116427659988403,-1.2788193225860596,-1.2057009935379028
3237,-0.7460953593254089,-1.8455568552017207,-1.8866597414016724
3238,0.7818493843078613,0.2866119146347046,0.4767452478408813
3239,0.704363226890564,-0.931878924369812,-0.6676218509674072
3240,-2.7964227199554443,-1.1603927612304688,-0.3281747698783874
3241,2.3287150859832764,2.293105363845825,1.4670348167419434
3242,-0.3587000370025635,-1.8919281959533687,-0.8073775768280029
3243,1.2759511470794678,0.7774873971939087,1.0153148174285889
3244,0.5380673408508301,-1.5666697025299072,-0.4214995205402374
3245,0.8868024349212646,1.5931801795959473,1.2885762453079224
3246,1.7747187614440918,0.7780474424362183,0.6181048154830933
3247,-2.075793504714966,-2.556079149246216,-2.86104679107666
3248,-2.474069118499756,-1.756399393081665,-2.268840074539185
3249,-0.7387256622314453,-0.622255802154541,0.4920134544372558
3250,1.6681960821151731,1.4698559045791626,-0.0900919735431671
3251,2.932859182357788,2.493304967880249,3.09045147895813
3252,-3.14104437828064,0.2485262751579284,-1.762599229812622
3253,1.9662282466888428,2.051628828048706,2.5126965045928955
3254,-0.9648993015289308,-0.8944903016090393,1.632377028465271
3255,-1.7280890941619873,-1.948164701461792,-0.6479918956756592
3256,-1.0074236392974854,-0.0724970698356628,-0.8057141304016113
3257,-0.4456080198287964,1.4669500589370728,-1.142410397529602
3258,-0.8937081694602966,-0.642846405506134,-0.849693775177002
3259,-2.0048654079437256,-1.726112723350525,-2.168980121612549
3260,-0.2585644125938415,0.2018231749534607,-0.08844655752182
3261,-2.061478614807129,-0.8920020461082458,-0.0731478929519653
3262,-0.4829118847846985,2.1421234607696533,-0.738068163394928
3263,-2.3211212158203125,-2.853563070297241,-2.3834352493286133
3264,-0.547701358795166,-0.0644171833992004,-0.5133716464042664
3265,-1.5599812269210815,-1.6074835062026978,-1.0329161882400513
3266,0.9625147581100464,0.9746747016906738,2.32448410987854
3267,-0.1066312491893768,0.7846482992172241,-2.0662970542907715
3268,0.3071162402629852,-0.8319820165634155,-0.6917976140975952
3269,2.084094762802124,1.4559807777404783,2.31365966796875
3270,1.0509271621704102,0.7212270498275757,-0.3655149936676025
3271,1.3211236000061035,1.4940201044082642,0.8069772720336914
3272,0.55528724193573,-0.1967183351516723,-2.378469705581665
3273,-0.8363374471664429,0.035244345664978,-0.609092652797699
3274,0.2945403456687927,0.3603419661521911,-0.9568827152252196
3275,-2.607388734817505,-3.026986837387085,-3.457448959350586
3276,0.8878558874130249,0.9440816640853882,0.8375864624977112
3277,2.292620182037353,1.36948823928833,2.073352813720703
3278,-2.307471513748169,-1.1762843132019043,-0.4292005896568298
3279,-1.7014098167419434,-1.300442099571228,-2.3349719047546387
3280,0.1431407928466797,2.993600368499756,0.6746237277984619
3281,-2.59696626663208,-2.466848134994507,-2.846174716949463
3282,-0.9150450229644777,-1.1720209121704102,-0.7213746905326843
3283,-0.1131351888179779,-0.2490687072277069,0.4775257706642151
3284,1.6296327114105225,0.8114622831344604,-0.4481321573257446
3285,-1.4340050220489502,-1.728266358375549,-1.6983683109283447
3286,0.0759081244468689,1.1391537189483645,-0.4564499258995056
3287,0.7625579237937927,2.221107006072998,-1.4885096549987793
3288,1.6334643363952637,-0.3813604116439819,0.4096087217330932
3289,2.273853063583374,2.404181957244873,1.782401442527771
3290,-2.231828689575196,-0.6705905199050903,-1.3507086038589478
3291,-2.0519492626190186,-1.913324952125549,-1.4797006845474243
3292,-1.039826512336731,-2.51094913482666,-1.5856430530548096
3293,0.4750359058380127,0.1603899598121643,-0.8116501569747925
3294,-1.3314448595046997,-1.9480488300323489,-3.1590800285339355
3295,1.4802571535110474,0.9958816766738892,1.4620914459228516
3296,0.9751482009887696,0.768323540687561,1.378936529159546
3297,-0.423571914434433,-0.0344745516777038,-0.2640103101730346
3298,-0.1449995934963226,-0.0652077794075012,0.7024604678153992
3299,-0.5788769125938416,2.314977645874023,-1.832148790359497
3300,-1.7370452880859375,-0.5753081440925598,0.1457870602607727
3301,2.27074933052063,2.484321117401123,3.0368411540985107
3302,-4.152347564697266,-1.8697932958602903,1.4526087045669556
3303,-0.8944426774978638,0.0313619971275329,-1.5655057430267334
3304,-2.012972354888916,-0.1919609308242797,-2.334717273712158
3305,-1.8179535865783687,-2.1863677501678467,-1.7532676458358765
3306,1.9297996759414675,1.9857875108718872,3.06746768951416
3307,-2.328831672668457,-2.7857556343078613,-2.55489468574524
3308,-2.445720672607422,-1.7460671663284302,-2.464640617370605
3309,-2.922392129898072,-2.685271739959717,-1.1467138528823853
3310,-2.0139334201812744,-1.998836874961853,-1.380589723587036
3311,-2.190434455871582,-1.6117576360702517,-0.3920850157737732
3312,-2.429889917373657,0.4156428575515747,0.4140904545783996
3313,1.9409435987472528,1.986451268196106,1.009114146232605
3314,0.2597619891166687,0.8738378882408142,0.4243370294570923
3315,-1.1074637174606323,-1.393352508544922,-0.4605591893196106
3316,2.000931978225708,1.154011607170105,2.4693703651428223
3317,-0.3311482071876526,-0.7613349556922913,-1.579187273979187
3318,0.5939902067184448,2.4033827781677246,3.161328077316284
3319,-1.289910912513733,-0.2577514052391052,-2.2009706497192383
3320,-1.125609278678894,-0.0399616956710815,-1.0440236330032349
3321,-0.0605218410491943,0.020483911037445,-1.0604044198989868
3322,-2.932058334350586,-1.7626603841781616,-1.7185202836990356
3323,-0.5138229727745056,-0.907242238521576,-2.433322191238404
3324,-0.5477442145347595,0.0610641241073608,-0.0391089916229248
3325,0.4674873054027557,0.241801381111145,-0.0825712978839874
3326,-1.6441057920455933,-2.109236717224121,-2.331094980239868
3327,-0.7272313237190247,-0.4481507837772369,-0.5643569231033325
3328,-0.953218936920166,1.876265525817871,-1.630523443222046
3329,1.7949464321136477,2.22772479057312,2.364552974700928
3330,0.4695605933666229,2.418678522109986,-0.4827152490615845
3331,-2.5453922748565674,-2.738158941268921,-3.377630710601806
3332,-1.433877944946289,-0.2554177641868591,-1.0218061208724976
3333,-1.0028746128082275,1.7238677740097046,1.0437244176864624
3334,-1.1700979471206665,-0.6192846298217773,-1.1531659364700315
3335,-1.2375309467315674,-0.9736767411231996,-1.6588727235794067
3336,-0.435027003288269,-0.1515800952911377,-1.206084370613098
3337,-0.3910157084465027,-1.7814464569091797,-0.3521256744861603
3338,0.1544931530952453,-0.4366260468959808,-1.860110759735108
3339,2.059179782867432,1.652912735939026,-0.4488545060157776
3340,-0.389684110879898,-0.5519763231277466,-1.605276346206665
3341,0.405434101819992,-1.1721478700637815,-0.961828887462616
3342,3.024776220321656,2.3719465732574463,3.2792539596557617
3343,0.1924006044864654,0.5447553992271423,1.465391755104065
3344,-1.972126126289368,-2.822031736373902,-2.092121124267578
3345,-0.33949014544487,-1.2184439897537231,-1.5968341827392578
3346,-0.975146234035492,-1.4494575262069702,-2.504939079284668
3347,-0.5354322195053101,-0.241937518119812,-2.345594644546509
3348,1.0026540756225586,-0.3697294592857361,-0.6316182613372803
3349,0.603259801864624,-0.6449116468429565,-0.6958366632461548
3350,1.4611676931381226,0.3879669606685638,2.23591947555542
3351,-0.1039557754993438,-2.082500457763672,-2.9504170417785645
3352,1.1924059391021729,0.6403090953826904,0.5812081098556519
3353,2.500227212905884,1.033869385719299,2.550578117370605
3354,-1.3146378993988037,-0.6182448863983154,-1.5261772871017456
3355,-0.5480615496635437,-0.9149638414382936,-0.1205770373344421
3356,0.3668934106826782,-0.8187979459762573,-2.3596067428588867
3357,1.1542813777923584,2.1766161918640137,2.476982831954956
3358,-0.1058822870254516,1.3649064302444458,-0.1816737651824951
3359,-0.3909682333469391,-1.1223139762878418,-1.067051649093628
3360,2.07916259765625,2.2240750789642334,0.9699602127075196
3361,1.8693712949752808,1.154409646987915,1.752624750137329
3362,-0.6742516160011292,0.3541183471679687,0.8695225119590759
3363,0.7655212879180908,0.1646357774734497,0.6416765451431274
3364,-0.2140041589736938,0.5213902592658997,0.4696364402770996
3365,1.750321388244629,1.6567240953445437,1.837175250053405
3366,-0.5099811553955078,0.3549964427947998,0.2977888286113739
3367,1.2137510776519775,-0.1675297021865844,-0.6105278730392456
3368,-1.6417845487594604,-2.8346107006073,-3.394577741622925
3369,1.6413178443908691,1.2465895414352417,0.4221325516700744
3370,-0.5862847566604614,0.6700553297996521,-1.462865710258484
3371,-0.6452035903930664,0.8401497006416321,0.120041087269783
3372,-2.754985809326172,-2.6794376373291016,-2.598097801208496
3373,-0.2600966095924377,0.2656981945037842,-2.930744171142578
3374,-2.002575635910034,-2.641488552093506,-1.5200588703155518
3375,1.0824604034423828,0.470007061958313,-0.9278200268745422
3376,-0.8045501708984375,0.8611227869987488,-0.0026831626892089
3377,1.7244606018066406,1.327978014945984,1.6720008850097656
3378,-1.6417236328125,-0.4458965361118316,-2.325412034988404
3379,-2.54480504989624,-0.950701892375946,-3.330481767654419
3380,-1.0722901821136477,-0.5081796646118164,-1.1184881925582886
3381,1.3474605083465576,1.972751259803772,1.2915544509887695
3382,3.072578430175781,2.48854660987854,3.1395792961120605
3383,-0.2457050681114196,0.6069180965423584,-1.2076719999313354
3384,0.3909403085708618,-0.3452562689781189,0.1774753183126449
3385,-1.1698113679885864,0.3140402436256408,-1.7294552326202393
3386,0.07171630859375,-1.6323341131210327,-0.4805409014225006
3387,-1.4055962562561035,-0.1460241675376892,-1.290034532546997
3388,1.4319591522216797,2.584757089614868,0.8317399024963379
3389,0.3303345143795013,-0.4397703111171722,-1.5631632804870603
3390,0.5602864623069763,1.9883856773376465,1.4683619737625122
3391,-0.8084306120872498,1.765114188194275,-1.0617413520812988
3392,-1.1414809226989746,0.767352283000946,2.868778944015503
3393,2.4185597896575928,2.8531088829040527,2.6786794662475586
3394,1.2530734539031982,0.9708159565925598,1.2538079023361206
3395,-0.4452296197414398,1.3250311613082886,1.6412596702575684
3396,-0.9411406517028807,-1.054600715637207,-0.8459357023239136
3397,1.580606460571289,1.143241286277771,2.094165563583374
3398,-0.8876228928565979,-0.7200778126716614,-0.5329279899597168
3399,-1.645671248435974,-2.378935098648072,-1.5993614196777344
3400,-0.5812771320343018,-1.159995675086975,-0.8050643801689148
3401,-0.7137796878814697,-1.2372987270355225,-1.9952802658081048
3402,-1.194468379020691,-0.3374035954475403,-0.3801717460155487
3403,-1.2539976835250854,-1.2638108730316162,-2.889887571334839
3404,1.796078324317932,1.1541812419891355,2.8488690853118896
3405,0.5186229348182678,0.997060775756836,1.581822633743286
3406,0.969336748123169,0.7369065284729004,0.2502467036247253
3407,0.91082763671875,1.413583517074585,1.8746087551116943
3408,0.5686154365539551,2.154483795166016,2.88039231300354
3409,1.1707713603973389,1.2929881811141968,-0.6502735614776611
3410,-1.2038060426712036,-1.6024093627929688,-1.861348986625672
3411,-0.8922755718231201,1.4849961996078491,0.6371426582336426
3412,-1.0688211917877195,2.1088218688964844,-1.3847519159317017
3413,-1.7998371124267578,0.4531468749046325,-0.1864547282457351
3414,-0.5146687030792236,-0.5763366222381592,-1.7076988220214844
3415,0.2481612265110016,0.0686986446380615,0.4926385879516601
3416,1.0636340379714966,2.7679672241210938,0.935028612613678
3417,-2.593711376190185,-2.456275701522827,-3.025580883026123
3418,-2.885868787765503,1.145762324333191,-0.6210463047027588
3419,1.751837968826294,1.4621191024780271,2.445608139038086
3420,-1.4923250675201416,-2.09057092666626,-2.457813262939453
3421,0.3886823654174804,1.032172679901123,0.799368143081665
3422,0.6382689476013184,0.6137715578079224,0.8137942552566528
3423,0.5404714345932007,-0.4993732869625091,0.2119896858930587
3424,2.1203842163085938,2.385607481002808,0.9562097787857056
3425,-0.7888404726982117,1.4026501178741455,0.4507540464401245
3426,1.653490662574768,-0.5260993242263794,1.0474289655685425
3427,-3.8975539207458496,-1.481034755706787,-1.3489569425582886
3428,-1.1423370838165283,0.4474995136260986,-1.7094215154647827
3429,-2.5925545692443848,1.570432186126709,-1.7082136869430542
3430,-0.2275484502315521,2.2037432193756104,-2.268869400024414
3431,-2.370420455932617,-1.5784960985183716,-2.027405977249145
3432,0.2654822468757629,0.1951500177383422,-0.049427181482315
3433,-0.1812776327133178,-2.179817914962769,-0.2120565772056579
3434,-0.0824933946132659,-2.6671321392059326,-1.3750779628753662
3435,-2.450671434402466,0.4120449423789978,1.0775718688964844
3436,1.819848895072937,1.255028247833252,2.109564781188965
3437,-1.1656396389007568,-0.7207591533660889,-1.5973762273788452
3438,-1.0080406665802002,-0.9982771277427672,-1.0646392107009888
3439,-1.12078595161438,-1.3182507753372192,-1.6093770265579224
3440,0.1385172605514526,-0.97392475605011,-1.3924176692962646
3441,1.3006256818771362,1.7250423431396484,0.4962274432182312
3442,-1.241183519363403,-1.9296187162399288,-1.9419934749603271
3443,1.7155815362930298,1.9478759765625,0.792617917060852
3444,-1.2498043775558472,-2.0847060680389404,-1.0317875146865845
3445,2.405700445175171,0.8185091614723206,0.7316282391548157
3446,-2.615868330001831,-1.1352325677871704,-2.0515143871307373
3447,2.711658000946045,2.265320539474488,2.4070425033569336
3448,-0.7151248455047607,-1.8265591859817505,-2.154473066329956
3449,-0.3190940022468567,-0.5025834441184998,-0.3206403255462646
3450,0.9703473448753356,0.6196155548095703,1.7497798204421997
3451,0.2204436063766479,0.7870879173278809,0.83812415599823
3452,0.483450710773468,-0.4015849828720093,0.205538809299469
3453,-0.7269211411476135,-0.5748742818832397,0.7537751197814941
3454,3.095712184906006,2.587254047393799,3.2449162006378174
3455,-0.0190282762050628,0.0649279952049255,0.8304867148399353
3456,-3.113187074661255,-2.087579727172852,-2.740629911422729
3457,0.6805756092071533,-0.2206941843032837,0.1837544441223144
3458,3.17391324043274,2.596265316009521,3.353278875350952
3459,-1.4807010889053345,-2.919039249420166,-2.0270884037017822
3460,0.1286069750785827,0.6562421321868896,0.3100371360778808
3461,2.345494270324707,2.982105255126953,2.300703525543213
3462,-2.962717056274414,-2.909017324447632,-2.5668318271636963
3463,-3.514347553253174,-1.3808459043502808,-3.0214381217956543
3464,-0.3462461531162262,-0.3464103937149048,-1.7536128759384155
3465,-1.0544476509094238,2.6285500526428223,1.4191155433654783
3466,-1.2126048803329468,0.0162912011146545,0.8775268197059631
3467,-2.233262062072754,-1.9426151514053345,-1.461613416671753
3468,-1.1175659894943235,-0.9736233949661256,-1.105728030204773
3469,3.092285633087158,2.586805582046509,3.2656562328338623
3470,0.4548372626304626,-0.1159552931785583,1.585685133934021
3471,-3.0789389610290527,-0.2324361801147461,-2.392834186553955
3472,0.5325185656547546,-0.9643368124961852,0.3009476661682129
3473,1.009496569633484,0.4505057334899902,1.0431406497955322
3474,-0.6160390377044678,1.2239599227905271,0.1452128291130066
3475,2.094362735748291,1.7862327098846436,1.9574815034866333
3476,0.9178937673568726,1.1596918106079102,1.7222776412963867
3477,-0.5867917537689209,-1.4500027894973757,-2.9513654708862305
3478,-2.081531047821045,-2.286238193511963,-2.947804450988769
3479,-2.664357185363769,-1.5850344896316528,-2.004892110824585
3480,-1.6000919342041016,0.6640868186950684,1.892682433128357
3481,1.5515276193618774,1.438521146774292,2.1941843032836914
3482,2.245520830154419,2.7084031105041504,1.937405705451965
3483,-2.384768486022949,-0.380528450012207,0.2452869415283203
3484,-2.148202896118164,-1.5489397048950195,-1.5606690645217896
3485,-2.810653686523437,-2.973895072937012,-2.8600339889526367
3486,-0.5291615724563599,-0.9996099472045898,-1.7843440771102903
3487,-2.225654125213623,0.5296498537063599,-2.729950428009033
3488,0.4757810831069946,1.2003284692764282,1.6240017414093018
3489,-2.5550358295440674,-0.706588625907898,-1.7854900360107422
3490,0.0249974131584167,0.7290600538253784,0.3814349472522735
3491,-0.9525355100631714,-0.0443219542503356,-0.7121376991271973
3492,0.9776821136474608,0.3585860133171081,0.4827674329280853
3493,1.9029136896133425,0.6188027858734131,2.429567575454712
3494,2.4788267612457275,3.104977607727051,2.696127414703369
3495,-0.7464276552200317,-0.2461958527565002,-1.3732119798660278
3496,-1.6030969619750977,1.1663819551467896,0.296584814786911
3497,1.774464726448059,0.715064287185669,0.7865784764289856
3498,-0.6537176966667175,-1.6853278875350952,-2.667684555053711
3499,-0.3390969634056091,0.0328671932220459,-1.3543730974197388
3500,-1.6395275592803955,-0.0680761933326721,-1.1456353664398191
3501,-1.1938689947128296,-0.8356983661651611,-2.103992462158203
3502,0.011996179819107,-1.1006916761398315,-0.0194957554340362
3503,2.582005500793457,2.306216239929199,1.7334257364273071
3504,2.7628421783447266,2.2547354698181152,2.6103694438934326
3505,-0.6941211819648743,2.005934476852417,1.199293613433838
3506,-2.3416290283203125,0.2469621896743774,2.0624470710754395
3507,1.6255463361740112,1.529015064239502,2.129645347595215
3508,-0.996182918548584,-2.1007559299468994,-2.2552855014801025
3509,-1.8338658809661863,-1.4679498672485352,-1.0220857858657837
3510,-2.7498817443847656,-1.7415422201156616,-2.321587085723877
3511,-1.1972849369049072,-1.5834734439849854,-2.001641273498535
3512,-1.0580720901489258,1.5631353855133057,-0.2956902384757995
3513,-0.595792829990387,-0.2829762697219848,2.445940971374512
3514,-0.8709944486618042,-1.2730276584625244,-2.1515047550201416
3515,0.2279261946678161,1.0472691059112549,-0.3127950429916382
3516,-0.1416349411010742,0.2282942533493042,-1.8014075756072998
3517,-0.2562470436096191,-1.4493595361709597,-0.7957993149757385
3518,-0.4565953016281128,-2.1051933765411377,-2.1467952728271484
3519,-2.1547908782958984,-3.1473841667175293,-2.9950385093688965
3520,-0.9289645552635192,-0.2376177906990051,0.369581401348114
3521,2.4840989112854004,0.5299375057220459,1.5357344150543213
3522,2.694133281707764,2.5050928592681885,2.8118863105773926
3523,-0.3898175954818725,0.7579807043075562,0.6858437061309814
3524,1.08574640750885,-0.8056215643882751,-0.1985192596912384
3525,1.868632674217224,2.181079387664795,-0.1764455437660217
3526,-0.141737014055252,1.1420438289642334,1.0770974159240725
3527,-0.1157833635807037,1.0370960235595703,1.678158164024353
3528,-1.5626158714294434,-0.8949658274650574,0.1300820410251617
3529,-1.817513346672058,-0.1400642991065979,2.532898187637329
3530,3.0480589866638184,1.9637658596038816,0.9489608407020568
3531,2.378469228744507,2.7175254821777344,0.7706746459007263
3532,-2.705437660217285,-2.259444236755371,-1.7088514566421509
3533,-2.8132035732269287,-2.007153987884521,-1.7805094718933103
3534,-0.479219377040863,-2.370551586151123,-1.199378252029419
3535,2.03015661239624,-0.1248197555541992,-1.4723994731903076
3536,-0.1029194295406341,-0.2973047494888305,-0.8248720169067383
3537,0.3753395080566406,1.3663198947906494,1.3586201667785645
3538,-0.3887122273445129,1.240408420562744,1.7114849090576172
3539,-2.1775460243225098,-1.273883819580078,-2.39257287979126
3540,0.3891383111476898,0.6430706977844238,-2.065753221511841
3541,-0.6502575278282166,1.2966804504394531,-1.807611107826233
3542,0.6817587614059448,0.2035503387451172,-0.4410399198532104
3543,2.1386027336120605,2.4589099884033203,2.816490173339844
3544,2.24993896484375,2.94272255897522,2.4229602813720703
3545,0.3703725337982178,-0.3108485341072082,1.1081761121749878
3546,1.1372126340866089,0.7442818880081177,-1.034837007522583
3547,0.7555367350578308,-0.3534285426139831,-0.0987799763679504
3548,2.855848550796509,2.342524528503418,3.432432174682617
3549,-2.009779214859009,-0.2101309895515442,-1.0339593887329102
3550,-2.1943767070770264,1.0184661149978638,1.012711524963379
3551,3.14907169342041,1.7501238584518433,1.8386036157608032
3552,-1.0385318994522097,-0.0733558535575866,-2.267505645751953
3553,-2.29115629196167,-1.715068817138672,-3.1467580795288086
3554,-1.1823773384094238,-1.915340781211853,-2.027991533279419
3555,-1.814476490020752,-0.5701985359191895,0.6987811923027039
3556,-0.8408915400505066,0.8534982204437256,0.3610287308692932
3557,-1.3190138339996338,-0.3629706501960754,-1.3298735618591309
3558,0.3061029016971588,-0.3594906032085418,0.1429274380207061
3559,-2.3209269046783447,-1.0730082988739014,0.0932446718215942
3560,3.219691038131714,2.2820773124694824,2.501514196395874
3561,-0.2031371295452118,-0.3932835757732391,-1.03960120677948
3562,-0.7664576768875122,-0.5435736775398254,-1.2082439661026
3563,-0.0726940929889679,-1.331068754196167,-0.5642836093902588
3564,-1.6500798463821411,0.407294750213623,-0.2477682679891586
3565,-1.2496973276138306,-1.5495413541793823,-1.7894608974456787
3566,-1.157747745513916,-0.2852232456207275,-1.4559985399246216
3567,1.895644307136536,1.073676347732544,2.303513526916504
3568,-0.260075032711029,-0.6362743377685547,-0.1071060597896575
3569,0.4587729275226593,0.7836747169494629,0.1742604225873947
3570,0.6778256297111511,2.453540563583374,3.037125587463379
3571,0.2973609864711761,-1.7823982238769531,0.0087494850158691
3572,-0.8694502711296082,0.2947908639907837,-1.1576578617095947
3573,-1.6111692190170288,-0.3137602508068084,1.2677631378173828
3574,-1.6128476858139038,-2.0853545665740967,-2.3349719047546387
3575,1.001814603805542,1.2591166496276855,0.9806610941886902
3576,-2.002792835235596,-0.9901329278945924,-0.5606895089149475
3577,1.3006021976470947,1.8801292181015008,3.288419246673584
3578,-1.4064059257507324,-2.0206422805786133,-2.8035459518432617
3579,-0.3896612524986267,0.205832839012146,2.7161152362823486
3580,1.4237812757492063,1.9218186140060425,2.333900690078736
3581,-1.693609356880188,1.051571488380432,0.4650498330593109
3582,2.915067911148072,1.5198280811309814,-1.3012102842330933
3583,-0.1954876780509948,0.8671932816505432,-1.60519278049469
3584,2.302715539932251,1.7205724716186523,2.4043219089508057
3585,-2.4492411613464355,-0.8948351144790649,-1.1126900911331177
3586,0.5792127847671509,-0.1608424186706543,-0.5051184296607971
3587,-1.3252347707748413,0.7195509076118469,1.0895638465881348
3588,1.1644799709320068,2.270050525665283,-0.0181405544281005
3589,-2.9443514347076416,0.4381391108036041,-2.7212517261505127
3590,-0.0485212802886962,0.6752153635025024,0.2581139206886291
3591,-1.522735834121704,-1.4781122207641602,-1.994484066963196
3592,-0.3601282835006714,2.767629384994507,2.1612415313720703
3593,-1.2611570358276367,-1.752938151359558,0.4992921054363251
3594,-0.7080417275428772,-1.74055278301239,-2.30826997756958
3595,-0.4048088192939758,-0.8059095144271851,-1.627132534980774
3596,-1.057520866394043,-0.0563504099845886,-1.4097766876220703
3597,2.374960899353028,2.263974189758301,2.678070068359375
3598,2.670502185821533,2.7222166061401367,3.641354322433472
3599,-0.6749926209449768,-0.9889564514160156,-1.4502686262130735
3600,-0.7231829166412354,-1.470116376876831,-1.4611716270446775
3601,-0.7090004682540894,2.7415006160736084,2.396295547485352
3602,-0.766572892665863,-1.306702733039856,-2.0937790870666504
3603,0.2978244125843048,0.4744653701782226,0.0093445181846618
3604,0.7320945858955383,-0.7831721901893616,0.4917073845863342
3605,0.262626051902771,0.2396101951599121,-1.7577128410339355
3606,0.0096031129360198,1.2375227212905884,1.028414249420166
3607,-1.988379955291748,-2.190183639526367,-2.0064170360565186
3608,1.1787899732589722,0.6078949570655823,1.1677935123443604
3609,-0.4891786575317383,-0.070824384689331,0.3922351002693176
3610,-0.787533164024353,0.4728096127510071,1.5010805130004885
3611,-0.6783764362335205,1.3879144191741943,-0.8361871838569641
3612,0.3722031116485595,0.9400714635849,-0.3287630081176758
3613,1.179069995880127,1.562514305114746,1.8752964735031128
3614,-0.8457511067390442,-0.0813305974006652,-0.1288882493972778
3615,-1.0036693811416626,2.7644407749176025,-1.4317024946212769
3616,0.8732810020446777,1.8579572439193728,2.2879631519317627
3617,1.884859681129456,2.518153429031372,2.878729343414306
3618,-1.8013248443603516,0.2087618708610534,-0.4167144894599914
3619,-1.122605562210083,1.2968932390213013,-0.4844035804271698
3620,-0.2917729020118713,-1.0814011096954346,-1.3356292247772217
3621,-2.3157308101654053,-2.295340776443481,-0.3469164371490478
3622,0.8880832195281982,0.0812616348266601,-0.1286640465259552
3623,2.9328725337982178,2.472926616668701,3.260239601135254
3624,3.0827698707580566,2.37401819229126,2.651451587677002
3625,2.2735249996185303,2.163433313369751,2.6465494632720947
3626,0.2934141159057617,0.6758514642715454,-0.1584149599075317
3627,-1.272631049156189,-0.1194080710411071,-1.294619083404541
3628,-1.5480748414993286,-2.462393522262573,-2.271259069442749
3629,-1.3086316585540771,-0.0281091332435607,-1.0572936534881592
3630,3.115891933441162,1.4868130683898926,2.241583585739136
3631,0.6556609869003296,1.414107084274292,-1.5911436080932615
3632,-1.3920055627822876,-1.449730396270752,-2.114985704421997
3633,-2.384279489517212,-0.602778434753418,-0.6261211633682251
3634,-1.9055140018463133,-1.9128994941711424,-2.420431137084961
3635,-0.2215595841407776,-1.0434166193008425,-0.1585022509098053
3636,-2.01065444946289,-0.5570439100265503,-0.8715311884880066
3637,-1.1465866565704346,-2.0479438304901123,-1.9060776233673096
3638,-1.0761942863464355,1.680987000465393,1.0006107091903689
3639,0.8722031116485596,0.8592514991760254,0.0116289854049682
3640,-1.8999292850494385,-2.646347761154175,-1.0973594188690186
3641,-0.9634172916412354,-2.563236951828003,-1.196811556816101
3642,0.1864397525787353,0.5439336895942688,0.8788414001464844
3643,1.1878632307052612,0.4514733254909515,0.8788690567016602
3644,0.5069136619567871,-0.5122999548912048,-0.8967413902282715
3645,0.1860671639442443,2.27086877822876,2.1777114868164062
3646,1.8643245697021484,1.0633938312530518,0.177325814962387
3647,-1.5719280242919922,0.0168531537055969,0.1226627826690673
3648,-1.2524181604385376,-0.2374874353408813,-0.8032690286636353
3649,-0.9027276039123536,0.3669540882110595,-0.4483136236667633
3650,0.5676443576812744,-0.4588203132152557,0.902714729309082
3651,-1.2233691215515137,-1.169966697692871,-0.0822872221469879
3652,-0.7914084792137146,-0.3232620358467102,0.4958925247192383
3653,2.407464027404785,2.784486770629883,2.645881175994873
3654,0.3525553941726684,-0.5482571125030518,-0.7982479929924011
3655,-5.143950462341309,-3.125349521636963,-2.7386415004730225
3656,-1.803149461746216,1.9354404211044312,-1.880397200584412
3657,-0.3096597492694855,-1.6944124698638916,-0.6905645132064819
3658,-1.562464714050293,-0.4994223713874817,-0.0757390260696411
3659,2.877753734588623,2.4284989833831787,0.7915853261947632
3660,-2.001978635787964,-0.5442890524864197,0.9361752867698668
3661,0.3628773987293243,-1.3542102575302124,-0.6089682579040527
3662,-0.4694279134273529,0.4416902363300323,1.0691921710968018
3663,0.870436429977417,0.4523600339889526,-0.6032482981681824
3664,-2.199082612991333,0.4610647857189178,-1.208484172821045
3665,1.951581716537476,0.9795205593109132,1.6133219003677368
3666,-2.367982864379883,-1.5483779907226562,-1.9882925748825075
3667,-1.6108485460281372,-0.6458421945571899,-1.3980423212051392
3668,-2.6208479404449463,-2.2472808361053467,-2.546217918395996
3669,0.9975726008415222,1.8680195808410645,1.6285442113876345
3670,-3.3319687843322754,-2.720730781555176,-3.9361214637756334
3671,-0.2619318664073944,0.2148687243461609,0.0254575014114379
3672,-0.6370729207992554,-0.3253825902938843,-0.0758756697177887
3673,2.288043260574341,1.966855883598328,1.0990889072418213
3674,1.8051483631134035,1.967345952987671,1.3406099081039429
3675,-2.754683017730713,-2.4976694583892822,-3.126481771469116
3676,1.2458447217941284,1.0553951263427734,0.5730583667755127
3677,0.372414767742157,2.4184582233428955,-0.5919346809387207
3678,1.5063494443893433,0.2626753449440002,1.5561492443084717
3679,-1.5165436267852783,-1.2315809726715088,-0.938866138458252
3680,-2.159264087677002,-2.641512393951416,-2.7541465759277344
3681,-1.8984326124191284,-2.189399719238281,-0.543021559715271
3682,2.070918560028076,2.2803990840911865,2.9094929695129395
3683,-2.010390281677246,-0.2754890918731689,0.169798195362091
3684,-1.2478429079055786,1.4788161516189575,-3.4272620677948
3685,0.37003293633461,-0.7723905444145203,-0.2607190608978271
3686,-1.705877661705017,-0.0703965425491333,-0.1780405342578888
3687,-2.075110673904419,-0.0188632011413574,-0.2606700658798218
3688,1.7889530658721924,0.9295089840888976,0.6855654716491699
3689,-1.9070396423339844,-2.51415491104126,-2.1579396724700928
3690,1.1501158475875854,1.1032602787017822,0.9342532753944396
3691,-0.4691833257675171,-0.3452067971229553,-0.4647096395492553
3692,-0.9285061359405518,2.013904571533203,2.036076545715332
3693,-1.5556720495224,-1.4142647981643677,-2.180585622787476
3694,-1.744780659675598,-0.812008261680603,-1.4011757373809814
3695,0.6789753437042236,1.4274452924728394,1.5457661151885986
3696,-1.8975986242294312,-1.8506139516830444,-0.8517357707023621
3697,-0.1029017865657806,1.2120604515075684,0.9753215909004213
3698,-2.473520278930664,-0.7776172161102295,-2.1349093914031982
3699,-0.9753921031951904,1.0521745681762695,0.6271836757659912
3700,-0.5903291702270508,-1.1860320568084717,0.031191349029541
3701,-0.548958420753479,2.1780080795288086,-1.453601360321045
3702,-2.05911922454834,0.4170032441616058,1.3140193223953247
3703,0.7368506193161011,1.870959997177124,0.7081462740898132
3704,-0.3578234612941742,-0.2214699983596801,-1.2049775123596191
3705,0.491634726524353,0.5992919206619263,1.4316418170928955
3706,0.080370008945465,2.3692939281463623,0.5118880867958069
3707,-0.5978254675865173,-2.5053508281707764,-2.767921209335327
3708,1.7758264541625977,2.5516929626464844,3.644498109817505
3709,-1.649777889251709,0.0057779550552368,-1.7446261644363403
3710,-2.10232162475586,0.0546385049819946,-0.32491135597229
3711,-2.521444320678711,-1.955430030822754,-1.979053497314453
3712,-2.237730026245117,-0.0640625357627868,0.2307399213314056
3713,0.0245526432991027,-0.0245004296302795,-0.0394642949104309
3714,-1.4269267320632937,-0.8432890772819519,-0.2444026321172714
3715,-1.1585787534713743,-2.3606925010681152,-1.2886333465576172
3716,1.6225550174713137,1.30166494846344,-0.2944392561912536
3717,-1.7058227062225342,0.157706081867218,-1.3721656799316406
3718,-1.03883957862854,-1.3372706174850464,-1.033964991569519
3719,-1.16694176197052,-0.0930371284484863,0.4775257706642151
3720,-4.233913898468018,-0.983732044696808,-2.4634506702423096
3721,-2.5321414470672607,-2.0539820194244385,-2.471331834793091
3722,1.171471357345581,0.1091182231903076,0.970840334892273
3723,-2.227649450302124,-1.1680346727371216,1.4389477968215942
3724,-0.4685661494731903,-0.6578539609909058,-0.5496900081634521
3725,2.832707405090332,2.2818498611450195,2.710481643676758
3726,0.8227455615997314,1.4014396667480469,1.7884047031402588
3727,-2.003332138061523,-1.3068652153015137,-1.865514874458313
3728,0.2859094738960266,0.2234657406806945,0.4970342814922333
3729,-3.3744211196899414,-3.397214889526367,-3.2461161613464355
3730,-0.5865849852561951,-0.6212934851646423,-0.8165327310562134
3731,1.098045825958252,0.1579610705375671,0.8280860781669617
3732,-2.9133012294769287,-2.2930893898010254,-2.01484489440918
3733,0.0713172554969787,2.432412385940552,1.0604252815246582
3734,-0.3531607985496521,0.0613676905632019,-0.6091603636741638
3735,-0.0598781406879425,2.0606513023376465,-1.5418131351470947
3736,-1.81646990776062,-1.846006274223328,-2.6441354751586914
3737,3.1849803924560547,2.4318222999572754,3.005405902862549
3738,0.8991254568099976,1.3958277702331543,-0.5511891841888428
3739,-1.913063883781433,-1.7503080368041992,-2.5050718784332275
3740,1.7554497718811035,1.7508634328842163,2.544407844543457
3741,-0.8271359801292419,-0.87132728099823,0.3754683434963226
3742,0.3878390789031982,-1.5411800146102903,-0.9443050026893616
3743,-1.2591201066970823,1.274926781654358,-2.291941404342652
3744,-0.963304340839386,-2.289238452911377,-2.623832941055298
3745,0.8895715475082397,1.1551008224487305,1.234752178192139
3746,-0.0822437405586242,-0.1436694264411926,-1.1372201442718506
3747,0.564988374710083,1.4642337560653689,1.2857913970947266
3748,0.3155981600284576,-0.0057927370071411,-1.740164875984192
3749,-3.159881114959717,-1.2636250257492063,-2.0858817100524902
3750,-1.8264518976211548,-1.988249897956848,-2.933561086654663
3751,-1.3925676345825195,0.8044492602348328,1.615724802017212
3752,2.9365925788879395,2.598341703414917,3.309173583984375
3753,1.3209292888641355,0.4783453643321991,-0.8466017246246338
3754,0.2947556674480438,0.3423433303833008,2.082397937774658
3755,-2.076644897460937,-0.973517656326294,-2.894149780273437
3756,1.800910711288452,1.4482206106185913,0.7717404365539551
3757,0.9778249263763428,0.7409169673919678,0.8100349307060242
3758,-0.2029522359371185,1.463582992553711,2.534871816635132
3759,-0.6931540369987488,-0.7172178030014038,-0.6032571792602539
3760,-1.559476375579834,-2.462399482727051,-1.7812604904174805
3761,-2.0980818271636963,1.756069540977478,-3.28010892868042
3762,-1.7400542497634888,-2.0295157432556152,1.8254077434539795
3763,-2.7116124629974365,-1.44971764087677,2.5125770568847656
3764,0.7790946960449219,1.590806245803833,1.623663306236267
3765,-0.6280024647712708,-0.7771130204200745,-1.460899829864502
3766,-2.768333911895752,-1.3813130855560305,-2.187216758728028
3767,-1.9699901342391968,-0.9770325422286988,-0.3683344721794128
3768,0.2885543406009674,1.023498296737671,0.1734979450702667
3769,0.7844562530517578,0.5400086641311646,1.0493204593658447
3770,-1.6965676546096802,-0.5349567532539368,-1.9730093479156487
3771,2.139403343200684,1.2081700563430786,1.80828070640564
3772,-1.4831836223602295,-2.0865933895111084,0.4100529551506042
3773,2.579197645187378,2.506661891937256,2.448297500610352
3774,0.256929337978363,0.8087680339813232,0.7257964611053467
3775,-1.712792158126831,-0.6815757751464844,-1.883809328079224
3776,0.2957566976547241,-0.912183403968811,-0.3069278001785278
3777,-1.9948256015777588,2.050584316253662,-2.110938549041748
3778,-0.1619738638401031,1.4708470106124878,1.291913390159607
3779,1.313735008239746,0.7100504636764526,1.4054142236709597
3780,-3.103146553039551,-2.7728095054626465,-2.1569483280181885
3781,1.174238681793213,2.139828681945801,2.676488161087036
3782,0.7095909118652344,2.7712206840515137,1.200570821762085
3783,-0.3542477488517761,0.375028133392334,-0.724773645401001
3784,-0.816368579864502,-0.0435909032821655,-0.4284944534301758
3785,2.400552749633789,1.0950078964233398,2.24771785736084
3786,-0.8364294767379761,0.105903148651123,-1.1959278583526611
3787,-2.010672807693481,-1.369150996208191,-1.5956144332885742
3788,0.0260379314422607,0.300017774105072,-2.173117160797119
3789,-0.5483380556106567,-1.9597938060760496,0.9382264614105223
3790,-0.1420183777809143,-0.2837808132171631,0.0387327373027801
3791,-0.2241945564746856,1.104904294013977,2.7081069946289062
3792,-1.4025908708572388,0.0260728597640991,-1.7516602277755735
3793,1.2537883520126345,1.2729915380477903,2.101472854614258
3794,-3.310044527053833,-3.0750203132629395,-3.703001022338867
3795,2.2173643112182617,1.3007436990737915,1.810573697090149
3796,-2.7939212322235107,-2.7301549911499023,-2.507954835891724
3797,1.195686101913452,-0.3059742450714111,2.027106046676636
3798,0.2126144170761108,-0.3784734606742859,-2.6784114837646484
3799,-0.0851615369319915,1.7064298391342163,0.5838966369628906
3800,-1.260096311569214,-0.2231701612472534,0.3948764503002167
3801,-1.6580572128295898,-0.2671021819114685,-2.0844223499298096
3802,-0.5492463111877441,-1.1045401096343994,-2.0129833221435547
3803,-1.2401212453842163,0.9540106654167176,-2.858376979827881
3804,-2.442800760269165,-1.3811275959014893,-1.912832856178284
3805,-0.9293412566184998,-0.1917022466659546,0.9055527448654176
3806,-0.6783462762832642,-0.2154945135116577,0.3010180592536926
3807,2.839885950088501,1.9734032154083248,2.3596205711364746
3808,0.0782567262649536,0.5470767021179199,-0.1180426776409149
3809,-0.9437571167945862,-1.4948945045471191,-1.6433089971542358
3810,0.7463173866271973,1.7018067836761477,2.396780490875244
3811,-4.406906127929688,-1.197891354560852,-1.1644842624664309
3812,0.6471295356750488,0.5069820880889893,0.374494343996048
3813,-1.8171688318252563,-1.4959136247634888,-1.7849515676498413
3814,-1.7277032136917114,-2.274117946624756,-2.8213632106781006
3815,1.3937101364135742,1.7687017917633057,0.3294486403465271
3816,1.1713346242904663,0.5407097339630127,2.1172773838043213
3817,-0.8132941126823425,-1.3197457790374756,-1.7895668745040894
3818,-1.3111093044281006,-2.6158928871154785,-1.6419740915298462
3819,0.914492964744568,-0.5027833580970764,-1.0581661462783811
3820,1.335993409156799,-0.2832041382789612,0.3178326487541199
3821,-0.2562183737754822,-0.0175251960754394,-0.685510516166687
3822,2.2066843509674072,2.803102731704712,1.7548894882202148
3823,1.0901941061019895,1.2026923894882202,1.6586053371429443
3824,-1.9656858444213867,-0.1226199865341186,-3.6329400539398193
3825,-1.0128841400146484,-0.5588592290878296,-1.3724969625473022
3826,-0.6356642246246338,2.1901988983154297,2.481592893600464
3827,2.473054885864258,1.4878578186035156,0.7791656851768494
3828,-0.8153486847877502,-1.6609618663787842,-0.6956004500389099
3829,0.2750580310821533,-1.497115969657898,-0.633303701877594
3830,1.4116921424865725,-0.0141853094100952,1.4647700786590576
3831,-1.9140008687973025,-0.4781446456909179,-0.6972432732582092
3832,0.2206845581531524,1.7689765691757202,-0.0902283489704132
3833,2.3954527378082275,0.8308593034744263,1.623308777809143
3834,-0.2812038362026214,-0.8058408498764038,-1.37508225440979
3835,0.6114645004272461,-0.0234338641166687,-1.0538979768753052
3836,-0.9181053042411804,-0.6591979265213013,-1.4566251039505005
3837,-0.975146234035492,0.74496990442276,0.574550211429596
3838,1.1837743520736694,1.875932574272156,2.163933038711548
3839,-0.4755738377571106,-1.0000441074371338,-0.9575003981590272
3840,2.182520627975464,2.2321810722351074,2.6891512870788574
3841,-0.3047873377799988,1.8504822254180908,0.7821518778800964
3842,-0.936753273010254,-0.3985741138458252,-2.644326686859131
3843,-1.3084980249404907,-2.034566164016724,-1.7387301921844482
3844,2.4407958984375,2.317507266998291,2.606769561767578
3845,-1.824980616569519,-0.8688929080963135,1.259621024131775
3846,-2.0047147274017334,-0.0195663571357727,-1.7363994121551514
3847,-1.907935619354248,-0.8683066964149475,-2.057256937026977
3848,2.376725912094116,2.018056154251098,2.834587335586548
3849,0.2626919150352478,-0.265718549489975,0.9239717721939088
3850,-0.8466570377349854,-1.1200220584869385,-0.7158195376396179
3851,-3.191833972930908,-2.262068748474121,-1.36825692653656
3852,0.6803362369537354,0.4924036860466003,0.4365132451057434
3853,2.9604103565216064,1.3192613124847412,1.5462820529937744
3854,-2.3531525135040283,0.6715669631958008,2.0713114738464355
3855,2.492737293243408,1.5776976346969604,1.7154103517532349
3856,1.9422258138656616,2.985535860061645,2.272859573364258
3857,-1.5932918787002563,-0.4176691174507141,-2.131361961364746
3858,-0.375474750995636,0.0289576053619384,-2.0342695713043213
3859,-0.111149251461029,0.5001981854438782,-1.4946342706680298
3860,1.5906658172607422,1.073498010635376,0.7767964601516724
3861,1.4220852851867676,2.3224122524261475,1.2911772727966309
3862,2.155957698822021,2.047924280166626,1.1588624715805054
3863,0.1726766228675842,0.4918367862701416,1.1729320287704468
3864,-0.2811695039272308,-1.2262791395187378,-1.3762054443359375
3865,2.050876379013061,0.62540602684021,1.8066062927246087
3866,-2.41344690322876,0.5780558586120605,1.7327439785003662
3867,0.3834514915943146,-0.5512093305587769,-1.1485670804977417
3868,-2.4326400756835938,-2.0140185356140137,-1.4776296615600586
3869,-1.909159064292908,-0.8954206705093384,-0.2962961196899414
3870,-1.4857922792434692,-1.0497381687164309,-1.8506916761398315
3871,-0.5718802213668823,-2.1293954849243164,-1.834856390953064
3872,3.30306339263916,2.4568569660186768,3.0400547981262207
3873,0.495554506778717,0.2664252519607544,0.8941693902015686
3874,-2.502009391784668,-1.496134638786316,-1.3735312223434448
3875,2.2684643268585205,1.973314642906189,2.3924829959869385
3876,-3.0730981826782227,0.2117142081260681,1.248335838317871
3877,3.20458984375,1.2553417682647705,2.437204360961914
3878,-2.504905462265014,-1.0465842485427856,-1.0573419332504272
3879,-1.1940174102783203,0.8589056134223938,-0.5135322213172913
3880,-0.655578076839447,-1.5179270505905151,-1.0653728246688845
3881,-1.405290126800537,-1.9628664255142207,-0.7174651026725769
3882,1.0972014665603638,1.004249095916748,0.833344578742981
3883,-2.076627254486084,-1.9622600078582764,-2.7309138774871826
3884,-0.7487449645996094,-0.8575102090835571,-0.2485102266073227
3885,1.3873529434204102,0.9087260961532592,0.6508681178092957
3886,-1.7834945917129517,-2.468844413757324,0.0596276819705963
3887,-0.7487297654151917,-1.72236967086792,-1.0444656610488892
3888,1.0811033248901367,-1.0076591968536377,0.3354500830173492
3889,-0.6284981966018677,0.6512554883956909,0.7865179181098938
3890,2.83052134513855,1.271627426147461,1.1283451318740845
3891,-0.7507339119911194,1.1339452266693115,-2.474871158599853
3892,-0.915213108062744,-1.6757224798202517,-0.5482378602027893
3893,-3.288746356964112,-2.953159809112549,0.7482270002365112
3894,0.2008943259716034,0.5243520736694336,0.39273402094841
3895,2.3968987464904785,2.285207986831665,0.7770458459854126
3896,0.999786138534546,0.0076512098312377,-0.6315361261367798
3897,0.2032067775726318,1.3041633367538452,1.768446683883667
3898,-0.4524032175540924,0.8840934038162231,-2.1514930725097656
3899,-0.1520589888095855,0.1969262957572937,0.8243942260742188
3900,-2.754990339279175,-2.4047679901123047,-2.042884588241577
3901,0.9194942116737366,-0.389535903930664,0.2687201201915741
3902,0.4561395049095154,1.6997244358062744,2.3172128200531006
3903,-2.0552978515625,-2.424356937408448,-2.843132257461548
3904,-0.3189015388488769,0.318168044090271,0.6311038136482239
3905,-2.091379880905152,0.7322759032249451,-1.2052072286605835
3906,2.135937452316284,1.5482327938079834,2.1224241256713867
3907,-2.755698204040528,-2.663456678390503,-2.6229891777038574
3908,-2.6855430603027344,-2.9088759422302246,-0.989316999912262
3909,-2.3258039951324463,0.3309158086776733,-0.0379515588283538
3910,-0.4307262897491455,-2.0730934143066406,-0.6197015643119812
3911,1.4637811183929443,2.2355165481567383,2.3687031269073486
3912,-0.2469732463359832,1.2324821949005127,0.1115583181381225
3913,0.1482541561126709,0.0064997673034667,0.8258353471755981
3914,0.7073577046394348,2.553416967391968,2.5300350189208984
3915,1.1411699056625366,0.467088907957077,1.5906662940979004
3916,-0.093750774860382,1.6437405347824097,2.3199172019958496
3917,-2.1725013256073,0.0446647405624389,0.634965181350708
3918,-0.9054803252220154,0.0941696166992187,-0.5432508587837219
3919,0.3847464323043823,-0.6021019816398621,-1.158748984336853
3920,-0.3182612955570221,0.0233433842658996,0.748612642288208
3921,-2.9653005599975586,-1.3192058801651,-2.0373125076293945
3922,0.6489438414573669,0.7871230840682983,1.2595313787460327
3923,0.2209019064903259,-0.6422172784805298,-0.0920323729515075
3924,3.0852959156036377,2.6214466094970703,2.833599328994751
3925,2.516926527023315,2.509763717651367,3.527785539627075
3926,0.2805083692073822,-0.4852913022041321,-0.2077997624874115
3927,2.418450117111206,0.8174893260002136,1.2499291896820068
3928,-0.1344135105609893,0.8099043965339661,0.6536126732826233
3929,-1.8264518976211548,-0.8064784407615662,-1.793235421180725
3930,-0.0562123656272888,1.1132845878601074,1.056539535522461
3931,1.8930352926254272,1.8465090990066528,2.1998980045318604
3932,1.4116238355636597,1.7909727096557615,2.596374750137329
3933,-3.186641931533813,-1.6695330142974854,-3.930091142654419
3934,-1.404189109802246,-1.4207274913787842,-1.3303484916687012
3935,-1.090448021888733,-0.8318932056427002,-0.6730438470840454
3936,-1.701780080795288,-0.716392457485199,-1.5733098983764648
3937,-1.074504017829895,-0.0344333052635192,-0.2447539865970611
3938,1.3761619329452517,0.7287472486495972,2.3829853534698486
3939,-2.0980985164642334,1.0801208019256592,-0.3686004281044006
3940,-1.15653657913208,-0.4980489611625671,-2.6743202209472656
3941,-0.0817950367927551,-0.0049232840538024,-1.6619285345077517
3942,3.2010691165924072,2.204587936401367,2.6731414794921875
3943,-1.710349440574646,1.9354814291000368,-2.3620474338531494
3944,2.4539730548858643,3.108360528945923,1.9992327690124512
3945,-1.987669825553894,2.3281173706054688,-0.7811303734779358
3946,0.4639825224876404,0.7630023956298828,0.1005670428276062
3947,1.4799680709838867,1.901958703994751,0.8464450240135193
3948,1.0064880847930908,0.8912055492401123,0.9341403245925904
3949,3.1227152347564697,2.2976958751678467,2.857173681259156
3950,-1.9996516704559328,-1.021850824356079,-1.7815937995910645
3951,-0.7664694786071777,-2.649600982666016,-2.147233724594116
3952,-1.1926822662353516,-1.0437912940979004,-0.0187256038188934
3953,1.648236870765686,-0.049249529838562,1.0469863414764404
3954,-2.518686056137085,-3.01885986328125,-1.733473777770996
3955,-1.039751410484314,2.3822731971740723,-0.2979889512062073
3956,2.122169256210327,0.9093567132949828,2.6704227924346924
3957,2.444136619567871,2.437896013259888,0.008331298828125
3958,-2.096276044845581,-2.135826110839844,-1.7532832622528076
3959,-2.985846996307373,-2.541367292404175,0.7075311541557312
3960,-2.349883556365967,0.2965916991233825,0.7465391159057617
3961,-0.4308145344257355,-1.4260295629501345,-1.2972123622894287
3962,2.843191623687744,2.228179931640625,0.7725454568862915
3963,1.7690649032592771,1.919896364212036,2.222075700759888
3964,-2.132408380508423,0.7593368291854858,-1.925570368766785
3965,0.7755030393600464,0.4999392628669739,1.059125304222107
3966,-1.415121078491211,0.1268934607505798,-1.7946044206619265
3967,-0.8971317410469055,-0.2314865589141845,-0.4182923436164856
3968,1.1578640937805176,1.497761845588684,0.0891907811164856
3969,-2.576934576034546,-0.6059104204177856,-1.6240708827972412
3970,-0.6650291085243225,-0.185287594795227,0.0235951244831085
3971,-3.075977087020874,-3.025952339172364,-2.7793102264404297
3972,2.4930524826049805,2.28342342376709,2.46958875656128
3973,0.2585526406764984,-0.1331458091735839,0.0974504351615905
3974,2.477041244506836,3.145855188369751,2.92231559753418
3975,1.5530714988708496,0.9253534078598022,-1.8743538856506348
3976,-0.6538171172142029,0.7384434938430786,-2.321445941925049
3977,-1.4808251857757568,0.2806214690208435,-3.180159330368042
3978,-3.236261367797852,-2.8615946769714355,-2.486846446990967
3979,0.5948627591133118,0.5385855436325073,-2.201157569885254
3980,-0.5953269004821777,-1.540656328201294,-2.0669426918029785
3981,-0.5903872847557068,1.6520036458969116,0.9840349555015564
3982,-0.1198243200778961,0.6686335802078247,-0.2570436000823974
3983,-2.1547868251800537,0.1172142624855041,-1.6161446571350098
3984,2.2524709701538086,2.14119839668274,2.709342241287231
3985,-1.7865194082260132,-2.425794839859009,-2.795084238052368
3986,-1.2144147157669067,-2.4281375408172607,-1.4835189580917358
3987,0.2933163642883301,1.7814209461212158,1.1134377717971802
3988,3.040635585784912,2.228168249130249,2.545927762985229
3989,-3.788534164428711,0.6263463497161865,-0.97377747297287
3990,0.6752382516860962,1.5320260524749756,1.9775100946426392
3991,-0.8712120652198792,0.0366316437721252,0.8747096657752991
3992,-2.612761974334717,-1.1272037029266355,-1.0199657678604126
3993,-1.5252913236618042,-0.5521900653839111,-0.0757012963294982
3994,1.8455432653427124,0.648932933807373,1.1264528036117554
3995,0.9715777039527892,-0.8611758947372437,-1.345309495925903
3996,-1.40519118309021,-2.09263014793396,0.3371992707252502
3997,-0.6939190030097961,-1.1631721258163452,-1.5865864753723145
3998,-0.6355627775192261,0.3122839331626892,0.4322872757911682
3999,-0.471163272857666,-1.122817873954773,-0.5431738495826721
4000,2.417035818099976,2.6938490867614746,2.0455546379089355
4001,-1.7428631782531738,0.1255214214324951,-1.156133055686951
4002,-0.423627108335495,-0.1619574427604675,-0.5171769261360168
4003,-1.4855878353118896,-1.356658101081848,-1.834856390953064
4004,-1.6528372764587402,0.280708909034729,-1.6393921375274658
4005,2.220984697341919,2.5412673950195312,1.716477394104004
4006,-0.4247714579105377,-0.7553595900535583,1.209282398223877
4007,0.6908377408981323,0.6974733471870422,-0.5476105213165283
4008,-2.006731986999512,0.2389383316040039,-1.0246965885162354
4009,1.4376373291015625,1.806328177452088,2.752452850341797
4010,-2.0879485607147217,0.1667883396148681,0.2052817940711975
4011,-0.4643833935260772,0.1709735989570617,0.5549532771110535
4012,-2.91044020652771,-0.7008681297302246,-1.4465726613998413
4013,-2.7839391231536865,0.3930659890174866,-2.877058982849121
4014,2.121965169906616,0.220725417137146,0.3178326487541199
4015,-0.0972577631473541,1.875872611999512,-0.2730088829994201
4016,-0.7165209054946899,-1.3306668996810913,-1.8679507970809937
4017,0.1849890947341919,-1.031341552734375,-1.5243875980377195
4018,1.9304202795028689,1.028122901916504,-0.4125460684299469
4019,-0.1616910696029663,-0.1848161816596985,-1.4275569915771484
4020,1.6246871948242188,1.963477373123169,2.655042886734009
4021,1.360775351524353,1.102003812789917,2.7320265769958496
4022,1.335072636604309,0.886672854423523,0.3744615018367767
4023,1.3798285722732544,0.968285083770752,1.288944125175476
4024,-0.9026681780815125,-0.1736761331558227,0.4800523221492767
4025,-0.3462401330471039,-2.0095202922821045,-0.5962961912155151
4026,0.3665317296981811,-1.3119890689849854,-1.0192835330963137
4027,-2.227407932281494,1.0583699941635132,1.713310718536377
4028,-4.491076946258545,-2.607329130172729,-2.2519235610961914
4029,0.4254167675971985,-0.0467183589935302,-1.023949384689331
4030,-1.3226051330566406,-0.0960912704467773,-1.868656873703003
4031,-0.4231125712394714,-0.5928348302841187,-1.0316531658172607
4032,-0.3744435310363769,2.902873516082764,0.9684762358665466
4033,-0.6362035870552063,-0.4288585186004638,-1.0380078554153442
4034,1.3289295434951782,0.8766881227493286,-0.7932339906692505
4035,1.2846002578735352,1.100513219833374,0.4049311280250549
4036,-0.0601409971714019,0.1078385710716247,1.3416244983673096
4037,0.0208224654197692,1.3558506965637207,0.2572973370552063
4038,-1.2768350839614868,-0.8294150829315186,-1.2193254232406616
4039,-2.240330219268799,-2.896837949752808,-2.843679428100586
4040,-2.5939481258392334,-2.276830673217773,-2.156412601470948
4041,1.5567240715026855,0.4220015406608581,-1.0485479831695557
4042,2.2812578678131104,0.9095454216003418,-0.1572145819664001
4043,-0.2608928680419922,0.1504685282707214,-1.9564604759216309
4044,-0.7744606137275696,0.3608962893486023,1.001416802406311
4045,-1.4840165376663208,-2.4645729064941406,-1.9196839332580569
4046,0.3216071426868438,0.2637932300567627,-1.0390037298202517
4047,-1.170230507850647,-2.421621799468994,-2.158823728561402
4048,0.8205186128616333,-0.0702016949653625,0.0410712361335754
4049,0.733530580997467,0.1516878604888916,0.097619891166687
4050,-0.4239909052848816,0.0786941647529602,-3.2796847820281982
4051,-2.067793369293213,0.9656263589859008,2.338917255401612
4052,2.495172500610352,2.155280113220215,3.146924018859864
4053,2.138840436935425,1.958330988883972,1.2195158004760742
4054,1.0884805917739868,1.5253463983535769,2.2423646450042725
4055,-1.9242111444473269,1.5763486623764038,1.3016504049301147
4056,0.6811346411705017,0.4492507576942444,0.0506942272186279
4057,-0.5863865613937378,-1.5088846683502195,-0.7085379362106323
4058,-1.1707055568695068,-0.8461798429489136,-0.8038396239280701
4059,-1.6926997900009155,-1.3502483367919922,-2.7152316570281982
4060,-1.8356142044067385,0.5598233938217163,-1.8208674192428589
4061,1.6605899333953855,0.8703608512878418,1.021046161651611
4062,-0.6740128993988037,-0.5370045304298401,1.8880054950714111
4063,1.895484209060669,1.139477014541626,1.8153166770935056
4064,-1.0677026510238647,-1.5249131917953491,-0.5916708111763
4065,-2.3243775367736816,-2.448129653930664,-2.220155954360962
4066,-2.1006650924682617,0.6582430601119995,1.3196498155593872
4067,0.2261518239974975,0.6011039614677429,1.8861116170883176
4068,0.3982599675655365,2.081398248672486,2.019092082977295
4069,0.6743110418319702,0.3520974516868591,0.8658393621444702
4070,-0.7793470621109009,-0.4257263243198395,-1.903679132461548
4071,-0.3194182813167572,0.3191918134689331,0.8138765096664429
4072,-1.264121174812317,-0.1763279438018798,0.1492121517658233
4073,0.9143478870391846,-0.9454329609870912,0.3907650113105774
4074,-1.5615371465682983,-2.372673749923706,-0.5047799944877625
4075,-2.8587450981140137,-1.8283016681671145,-2.879361152648926
4076,-2.8590972423553467,0.6595571041107178,-2.0052638053894043
4077,-0.570695161819458,-1.546945095062256,-0.2416092902421951
4078,1.4746586084365845,0.8793044090270996,0.8100745677947998
4079,2.4325144290924072,3.153005599975586,2.8018441200256348
4080,-0.8383458256721497,-2.0434916019439697,-2.620274782180786
4081,-3.070972681045532,-2.136594772338867,-2.8264803886413574
4082,-2.1237385272979736,-0.1036171317100524,-1.714499592781067
4083,-0.8950966596603394,1.7752200365066528,2.505126476287842
4084,-0.0024563074111938,-0.5443552732467651,-1.8474242687225344
4085,-2.1022520065307617,-0.6340634822845459,-1.4011666774749756
4086,-2.391763925552368,0.2179577946662902,0.8056976795196533
4087,-1.7917336225509644,-0.5859092473983765,-1.915068745613098
4088,2.928278684616089,2.5225796699523926,2.7008328437805176
4089,-0.6298004984855652,-1.675270915031433,-1.512297511100769
4090,2.923253297805786,2.2887651920318604,3.216310977935791
4091,-0.142221450805664,-0.9734148979187012,-0.0722284913063049
4092,0.5934512615203857,1.5070068836212158,1.5511369705200195
4093,3.293752193450928,2.0591065883636475,2.425013542175293
4094,-2.836940050125122,1.2729806900024414,0.5499752759933472
4095,1.1783500909805298,-0.0712142586708068,-0.2838888168334961
4096,-1.4061734676361084,1.200830578804016,-3.315965414047241
4097,0.0688136219978332,-0.0951268672943115,-1.443785548210144
4098,-2.7813611030578613,-2.684562921524048,-0.4167803525924682
4099,0.2222431004047393,2.905914068222046,1.4638527631759644
4100,2.240920066833496,2.8497872352600098,2.434316873550415
4101,-1.8138084411621087,-2.0238606929779053,-0.5356029868125916
4102,0.796595573425293,1.8942500352859497,0.1990020871162414
4103,1.173103094100952,0.8973379135131836,0.5508602261543274
4104,-0.8338601589202881,-1.4503873586654663,-2.183497905731201
4105,-1.2133442163467407,-0.9997315406799316,-0.9526125192642212
4106,1.0008336305618286,2.283411741256714,0.3349318504333496
4107,-0.9287219047546388,2.19492769241333,-0.1987712085247039
4108,-2.611605644226074,0.0561617612838745,-0.695586085319519
4109,-1.107327222824097,-1.6569713354110718,-2.286740064620972
4110,-0.6735779643058777,0.4456069469451904,-1.8634016513824463
4111,2.412083864212036,-0.0881977677345275,-0.9107815027236938
4112,0.5472253561019897,1.2544399499893188,0.9872087836265564
4113,-2.2095694541931152,-1.3572099208831787,0.3356783092021942
4114,1.608567476272583,1.5792253017425537,1.548843502998352
4115,1.5548136234283447,2.205946207046509,2.78902006149292
4116,-2.760744571685791,-2.55164098739624,-3.088655948638916
4117,-0.3097019791603088,-1.6941149234771729,-0.1530362069606781
4118,-2.108874559402466,1.5220288038253784,2.03646469116211
4119,-2.521900177001953,-1.7616242170333862,-1.606536030769348
4120,1.551061511039734,0.6066475510597229,1.3854682445526123
4121,2.737827777862549,2.856170177459717,3.444754123687744
4122,-2.6729207038879395,-2.906484603881836,-2.203940868377685
4123,0.7140491008758545,1.9392699003219604,0.3399003744125366
4124,-2.425987482070923,2.572349548339844,-1.1943258047103882
4125,-2.8735921382904053,2.295846700668335,-1.3986599445343018
4126,2.088283061981201,1.3718267679214478,1.1140546798706057
4127,-0.933400571346283,-2.338627338409424,0.9177681803703308
4128,1.3336820602416992,1.0586748123168943,2.911964654922486
4129,2.4882755279541016,1.9355744123458865,2.023118019104004
4130,-0.9575139284133912,0.9416956901550292,-1.5408530235290527
4131,-1.1410329341888428,-1.8358174562454224,-2.829291343688965
4132,-3.4368672370910645,-2.8598790168762207,-3.124654769897461
4133,-0.4459941983222961,-0.2964637279510498,-1.522957444190979
4134,1.8365116119384768,1.1647270917892456,0.743726909160614
4135,-1.737703800201416,0.2076825499534607,2.066229343414306
4136,-1.2403851747512815,-0.3439900875091553,0.1405445039272308
4137,2.4223387241363525,2.0803382396698,-0.3721110224723816
4138,-2.1567206382751465,-1.4136366844177246,-2.5042500495910645
4139,-2.23308539390564,-1.5311250686645508,-2.767910480499268
4140,1.0051591396331787,2.189666271209717,2.751767158508301
4141,-0.7052605748176575,-2.200050115585327,-1.7708667516708374
4142,-2.291709899902344,-1.741938829421997,-2.0903987884521484
4143,-1.2125786542892456,-0.0724592804908752,-0.2077865898609161
4144,-0.5491418838500977,-0.1348709464073181,-1.1240187883377075
4145,-2.419769763946533,-0.9636969566345216,-2.331286907196045
4146,-2.237199068069458,-1.407167911529541,-2.4567134380340576
4147,-0.0387764573097229,1.1925711631774902,2.469367027282715
4148,1.4074084758758545,2.004385709762573,0.1904757022857666
4149,2.118009567260742,0.115794837474823,-0.493123710155487
4150,-2.943237066268921,-1.7543647289276123,-1.9085992574691768
4151,-0.967770218849182,-1.2480372190475464,-1.623504638671875
4152,0.1127153635025024,-0.543769121170044,-0.5410669445991516
4153,1.4066712856292725,0.9458850622177124,0.3011164367198944
4154,2.344614267349243,1.2375197410583496,1.9607627391815183
4155,0.2801196277141571,0.8936036825180054,-1.33549702167511
4156,1.7364767789840698,1.2368885278701782,2.1188230514526367
4157,-1.4014960527420044,0.3762495517730713,-0.8656853437423706
4158,0.7359453439712524,-0.4389514923095703,-0.6260926723480225
4159,-1.3105133771896362,-2.315741062164306,-1.4235464334487915
4160,-1.6429458856582642,-1.160508155822754,-2.3517353534698486
4161,2.526655435562134,2.0956578254699707,1.9751629829406736
4162,-1.0175460577011108,0.1832426786422729,-2.0311384201049805
4163,-2.174717664718628,-1.3535206317901611,-2.2667105197906494
4164,-2.902990341186523,-2.970071315765381,-3.0149364471435547
4165,2.6811459064483643,2.18384337425232,2.4373786449432373
4166,-0.9102303981781006,-0.3752303421497345,-2.2976324558258057
4167,0.3090099096298218,0.0256401896476745,1.7891312837600708
4168,-1.2478429079055786,0.3929060101509094,-0.7164028882980347
4169,0.1222104132175445,0.4839778840541839,-1.1714651584625244
4170,-2.408914804458618,-1.832160234451294,-1.2072125673294067
4171,0.7383213043212891,1.9729779958724976,1.6784899234771729
4172,-1.496575117111206,-1.2394555807113647,-1.900892972946167
4173,1.4784399271011353,0.9637925624847412,1.623308777809143
4174,-0.4038007259368896,-1.6984374523162842,-2.483884334564209
4175,-1.2129309177398682,-1.2051079273223877,-1.4625825881958008
4176,-1.5226800441741943,-2.081071853637696,-0.6460082530975342
4177,0.7637425661087036,1.610090970993042,-0.0846409499645233
4178,-0.5645238161087036,-1.3932197093963623,-0.6950722932815552
4179,1.302621364593506,1.380035161972046,1.4676790237426758
4180,-2.473186016082764,2.029318332672119,-1.541531682014465
4181,0.5215593576431274,-0.8496630191802979,-1.2094202041625977
4182,0.3004570007324219,1.8999768495559688,1.2836204767227173
4183,-1.9928138256073,-1.5168496370315552,-0.3127826452255249
4184,1.5142878293991089,2.559506416320801,1.7794181108474731
4185,-1.398256540298462,0.323111355304718,-3.1122639179229736
4186,1.4109002351760864,2.545722723007202,1.8583751916885376
4187,-0.3436498045921325,1.4328854084014893,-1.4773770570755005
4188,-0.4694355130195617,0.3375914096832275,-1.127448558807373
4189,-2.3145945072174072,-1.3428865671157837,-2.015441417694092
4190,-2.325021266937256,-1.7012680768966677,-2.3602194786071777
4191,2.452991485595703,2.1185519695281982,1.4551810026168823
4192,-0.0789206027984619,-2.747286558151245,-2.383096933364868
4193,-3.3015406131744385,-2.1389238834381104,-1.6659765243530271
4194,-2.818166255950928,-1.806427836418152,-2.442352294921875
4195,-0.7888404726982117,-2.540915012359619,-2.340038061141968
4196,-0.3910562694072723,-1.3510035276412964,0.0275138616561889
4197,-0.3759651184082031,0.3219181895256042,-0.8534767031669617
4198,2.3924288749694824,1.176347732543945,1.2158997058868408
4199,2.1740477085113525,2.9788856506347656,2.4391372203826904
4200,-1.2765610218048096,1.824304819107056,-0.6492172479629517
4201,-0.9286194443702698,1.54925799369812,-0.4646204113960266
4202,2.100372552871704,2.1507132053375244,1.6466156244277954
4203,2.2095630168914795,0.9867328405380248,1.355337142944336
4204,-0.6849939823150635,-0.0949234366416931,-2.8122000694274902
4205,-1.990993618965149,-1.9999738931655884,-2.507505178451538
4206,1.8502885103225708,1.2923215627670288,1.942924857139588
4207,-2.886411666870117,-2.5739612579345703,-2.16434383392334
4208,2.241185188293457,1.8533796072006223,1.7154533863067627
4209,-2.800537586212158,-3.105200290679932,-2.478977680206299
4210,-0.5480131506919861,-0.8609932661056519,-0.5902513265609741
4211,-1.3196369409561155,-2.100728988647461,-2.4186758995056152
4212,2.291438341140747,2.1713099479675293,2.534260034561157
4213,1.094313621520996,1.5288320779800415,1.5458036661148071
4214,0.0012932419776916,-0.1722868680953979,0.723536491394043
4215,0.020787090063095,1.2520607709884644,0.521643340587616
4216,2.899149179458618,2.329059839248657,3.209142208099365
4217,0.7343887090682983,-0.4586427211761474,0.0228689312934875
4218,-0.9824283719062804,-3.477456569671631,-2.0686848163604736
4219,2.9048757553100586,-1.3988149166107178,1.674125909805298
4220,0.351296067237854,-2.0530686378479004,-0.6799156069755554
4221,-0.3487738370895386,-0.6431683301925659,-0.690934419631958
4222,0.0959824323654174,2.2624635696411133,-0.3040608763694763
4223,-1.1245195865631104,2.110414266586304,2.576294183731079
4224,2.860170841217041,2.3861565589904785,2.669328212738037
4225,-0.2446357011795044,-0.1117343306541442,-1.3882114887237549
4226,-0.8589388132095337,-0.6789011359214783,-0.5958152413368225
4227,-1.5111875534057615,0.7224337458610535,-0.7676894664764404
4228,-0.871094286441803,-0.8320056200027466,-0.7119227647781372
4229,-1.1915998458862305,-0.615894079208374,-0.3768417835235595
4230,-2.2755157947540283,-2.5907905101776123,-2.1450343132019043
4231,0.3483079075813293,1.305668592453003,1.246502161026001
4232,0.2940241396427154,-0.070713460445404,-0.720500111579895
4233,0.55729079246521,-0.0546751618385314,-0.797920286655426
4234,-1.3301392793655396,-1.525261640548706,-2.768542528152466
4235,-2.75588607788086,-2.2305684089660645,-2.731201171875
4236,0.2958730161190033,0.7129553556442261,0.120548129081726
4237,1.4738130569458008,1.1498148441314695,1.3604660034179688
4238,1.72036874294281,1.1394519805908203,1.6145641803741455
4239,2.72549057006836,2.7219507694244385,3.608901262283325
4240,-1.997622013092041,0.3468949198722839,-1.2053310871124268
4241,-0.0905141234397888,-0.3632243275642395,-0.2214575260877609
4242,-0.748888373374939,0.9714112877845764,1.884523272514344
4243,-1.0386923551559448,0.7905725240707397,0.1599956303834915
4244,1.953313589096069,2.1095223426818848,2.362681150436402
4245,0.2272135019302368,0.6130337715148926,1.2578293085098269
4246,-2.886237144470215,1.0841896533966064,0.6483523845672607
4247,-1.6261794567108154,-2.0881707668304443,-2.61426854133606
4248,2.6846747398376465,1.9441903829574585,2.3402178287506104
4249,-2.2086706161499023,-1.7615123987197876,-3.539346218109131
4250,-0.5278898477554321,-1.646064519882202,-1.4759318828582764
4251,-1.4817317724227903,1.5919175148010254,-0.0544282793998718
4252,-0.3466548323631286,-0.3280905187129974,-0.6879299879074097
4253,0.0804378390312194,0.3501996397972107,0.8634951114654541
4254,-1.607858180999756,-0.366349309682846,2.088819980621338
4255,-1.6874746084213257,-0.2869592308998108,0.8667547702789307
4256,-1.7762973308563232,0.4390224814414978,-1.2038002014160156
4257,-2.094508171081543,0.8489530086517334,-1.719328999519348
4258,-0.8045493364334106,0.6380869150161743,-1.5658280849456787
4259,1.863713264465332,1.3446974754333496,0.4674956798553467
4260,-1.062116622924805,-1.445607304573059,0.3175933361053467
4261,-1.225866675376892,-1.4449057579040527,0.4099724292755127
4262,2.395888090133667,0.8753089904785156,2.125528335571289
4263,-1.4458677768707275,-2.13070011138916,-1.869757056236267
4264,0.9159474968910216,-0.184298038482666,-0.0888725221157074
4265,-1.98577880859375,1.1833255290985107,-0.8044071793556213
4266,0.591748833656311,1.1130317449569702,-1.0412969589233398
4267,0.2831612825393677,-0.1296609044075012,0.7238951921463013
4268,-2.0679757595062256,-0.2538055181503296,-1.923855900764465
4269,-0.966947853565216,-0.3020814657211303,-1.8626660108566284
4270,-2.4650309085845947,-1.8349500894546509,-0.8704220056533813
4271,0.4188818335533142,-0.3205347955226898,-1.3485231399536133
4272,1.9363211393356323,1.4878664016723633,1.9589897394180296
4273,0.3767403960227966,-0.3112869262695312,-1.7039660215377808
4274,-1.1572529077529907,-0.21755450963974,-1.7158660888671875
4275,-2.4613823890686035,2.0180206298828125,1.6279135942459106
4276,3.099527359008789,2.5140812397003174,3.2370946407318115
4277,3.306131601333618,2.4708893299102783,3.0426173210144043
4278,2.7640249729156494,2.440759420394897,3.005988836288452
4279,-1.8393322229385376,-1.1679505109786987,-3.554856777191162
4280,0.212921917438507,-0.7174531817436218,-0.3199814260005951
4281,-2.3318049907684326,-0.8736193180084229,-0.2341475486755371
4282,2.396061420440674,2.3332014083862305,2.1938464641571045
4283,0.2207419872283935,-0.3638498187065124,-1.060727834701538
4284,-0.7064193487167358,-0.4361662864685058,-2.050821542739868
4285,1.7057924270629885,2.682897567749023,2.0846242904663086
4286,0.7927321195602417,1.797318935394287,-0.0719335079193115
4287,0.1293268203735351,0.6267210245132446,1.0386494398117063
4288,-1.592372179031372,-1.4571067094802856,-1.5475146770477295
4289,-0.873360276222229,-0.4214760959148407,0.0351880490779876
4290,-0.8076338768005371,0.3690856695175171,-0.1878368854522705
4291,-2.0197458267211914,-2.6590075492858887,-2.828171730041504
4292,-0.3894844055175781,-0.681251049041748,-2.2800724506378174
4293,-1.8191829919815063,1.3236011266708374,2.445220947265625
4294,-0.7575473785400391,0.3663663268089294,1.1222964525222778
4295,0.4617148041725158,-0.9996566772460938,-1.5449258089065552
4296,0.9184145331382751,1.2106459140777588,1.1185038089752195
4297,-2.639939785003662,-1.0875933170318604,-1.3316463232040403
4298,0.2155041396617889,1.191193461418152,0.5551835298538208
4299,-0.7313187122344971,-1.1640775203704834,-0.4537169933319092
4300,1.918691635131836,1.97346305847168,2.4291837215423584
4301,-1.7065024375915527,-1.264020562171936,-1.4676482677459717
4302,-1.502352237701416,-2.5864975452423096,-2.366713762283325
4303,-0.8457159399986267,-0.9643073081970216,-0.3072741329669952
4304,-2.572951078414917,-2.313204050064087,-3.553750991821289
4305,2.9408299922943115,2.5459024906158447,1.1220473051071167
4306,-0.5903217792510986,0.2639175057411194,0.4392342567443847
4307,-2.242993831634521,1.512101411819458,1.2906423807144165
4308,-1.0482584238052368,-0.2629284858703613,-1.8406916856765747
4309,0.1517189741134643,0.8651275038719177,0.1401891261339187
4310,-1.2166796922683716,-0.5595470666885376,-2.15376877784729
4311,-1.0797388553619385,-1.4325335025787354,-1.382157802581787
4312,-1.0738401412963867,0.1601353883743286,0.5502167344093323
4313,-0.5136916041374207,0.5591027736663818,-1.817044973373413
4314,1.5970128774642944,1.4627708196640017,2.3618743419647217
4315,-0.9252544045448304,1.089745283126831,-0.5323492288589478
4316,2.1912996768951416,2.811903476715088,2.7611114978790283
4317,0.6493353247642517,1.1783310174942017,1.216861367225647
4318,0.8870791792869568,1.9212512969970703,0.9216126203536988
4319,-1.032033920288086,2.512866258621216,-0.8678342700004578
4320,1.061151146888733,1.5433341264724731,0.3302145600318908
4321,0.5458526611328125,-0.0618250370025634,-0.1767263412475586
4322,1.7341142892837524,2.113612174987793,2.35746431350708
4323,2.3760740756988525,2.2766261100769043,2.17768931388855
4324,-0.6089600324630737,-0.4808884263038635,-0.5555036067962646
4325,-1.909164905548096,0.3344770073890686,0.3932974338531494
4326,-0.943231999874115,-0.2386171817779541,0.0239733159542083
4327,-2.4744060039520264,-2.556281328201294,-2.4684512615203857
4328,-1.775509476661682,0.5353779196739197,-0.0251564085483551
4329,-1.8237361907958984,-0.8191184401512146,1.1626636981964111
4330,-0.8045834302902222,-1.832697391510009,-1.1553988456726074
4331,-1.1415754556655884,0.1435052156448364,-0.8573750853538513
4332,-0.9528335928916932,-2.3745486736297607,-1.2883174419403076
4333,-0.8948562145233154,0.8804463148117065,-1.4465641975402832
4334,-0.9368401169776917,-1.8276175260543823,-2.369014263153076
4335,2.289351463317871,2.271944999694824,2.624941110610962
4336,1.742505431175232,0.8728795051574707,0.3188306093215942
4337,-2.263040065765381,-2.876573085784912,-3.075856685638428
4338,1.5921342372894287,2.3394360542297363,-0.2872869372367859
4339,1.189985752105713,1.0193170309066772,1.6927188634872437
4340,-2.916313409805298,-2.057505369186402,-2.926588535308838
4341,-1.7221248149871826,1.4450076818466189,-2.010237216949463
4342,-1.00164794921875,-1.4671432971954346,-2.499380826950073
4343,0.1424869298934936,1.3645685911178589,1.8372536897659304
4344,-2.372807502746582,-1.8644298315048216,-1.9270379543304443
4345,1.661335825920105,0.0998491048812866,-0.0542676448822021
4346,2.975582361221313,2.497222661972046,3.128798723220825
4347,2.679152011871338,2.388382196426392,2.897923469543457
4348,-0.8779724836349487,0.1162052750587463,-0.2483824491500854
4349,1.4436131715774536,1.820169448852539,3.1369612216949463
4350,-1.5392277240753174,-1.4673587083816528,-2.7163281440734863
4351,-0.594957172870636,-0.1426820158958435,-3.1842575073242188
4352,-0.8971129655838013,2.067840337753296,0.1030269563198089
4353,-0.7785182595252991,-0.6706596612930298,-1.0465376377105713
4354,2.353790760040283,2.7513537406921387,0.4332384765148163
4355,-1.6609055995941162,-2.297338962554932,-1.674582600593567
4356,2.2660515308380127,1.0800578594207764,1.6913899183273315
4357,-2.796785354614258,-1.125654935836792,0.5285313725471497
4358,1.863380551338196,1.819746375083924,-0.3158006966114044
4359,-1.1158225536346436,-0.7400546669960022,-1.3288381099700928
4360,-0.1227900087833404,0.580043375492096,1.3756279945373535
4361,1.2053967714309692,1.0446206331253052,0.4271069169044494
4362,-1.0315020084381104,-0.3475604653358459,-1.0515605211257937
4363,-0.5153019428253174,1.311615824699402,-0.2830115556716919
4364,-0.8950966596603394,1.4703842401504517,-2.795804738998413
4365,-1.2470873594284058,-1.2553449869155884,-1.256919026374817
4366,3.0443038940429688,1.814344048500061,1.383094310760498
4367,-1.0557794570922852,1.1313426494598389,-1.7417315244674685
4368,-1.644514799118042,0.7967647314071655,-1.2016003131866455
4369,-0.4451510906219482,0.5159175395965576,0.0721458196640014
4370,-2.874447822570801,-2.2103705406188965,-0.8591114282608032
4371,0.3237027525901794,0.6637006998062134,2.279760360717773
4372,-0.8164923191070557,-1.646563172340393,-2.580702543258667
4373,-0.8562551736831665,-1.6433924436569214,-0.5629380941390991
4374,-2.418461561203003,-0.2828940749168396,-1.6523768901824951
4375,2.174349546432495,3.072700500488281,2.1207916736602783
4376,-3.670684814453125,-2.854720115661621,-2.185760974884033
4377,-2.575554132461548,1.4875303506851196,2.1708130836486816
4378,0.1746777892112732,0.013686180114746,-0.4410910606384277
4379,-1.165376901626587,-0.9465092420578004,-0.9942642450332642
4380,-0.5480153560638428,1.487580180168152,0.3793889880180359
4381,-0.5023536682128906,0.4167309403419494,1.538925290107727
4382,-0.7814881205558777,-1.8225691318511963,-1.241858959197998
4383,-2.233337640762329,-1.8919906616210933,-2.907221794128418
4384,1.751888394355774,0.8767012357711792,-0.0378163158893585
4385,-2.632655382156372,-1.7424018383026123,-2.152313709259033
4386,0.1408970654010772,-1.660388708114624,-0.7977039217948914
4387,-2.303704738616944,-0.7934459447860718,-1.625923991203308
4388,-0.015152484178543,-1.2477463483810425,-1.0496103763580322
4389,0.9633405208587646,2.331622838973999,1.30403733253479
4390,-0.6250693202018738,-1.1641690731048584,-0.090047687292099
4391,-1.9030848741531368,-1.6462923288345337,-2.539816379547119
4392,-1.7280371189117432,-1.7534054517745972,-1.9147640466690063
4393,1.5407581329345703,0.7556029558181763,1.4678462743759155
4394,0.2376956343650818,-0.7610213756561279,-1.3169667720794678
4395,-1.4467241764068604,1.0179009437561035,0.2212925553321838
4396,-1.9958981275558472,-1.6113489866256714,-2.1341753005981445
4397,3.2245335578918457,2.4680652618408203,3.0413496494293213
4398,3.0852038860321045,2.479477405548096,1.9620646238327024
4399,2.097494840621948,2.34627366065979,2.175021171569824
4400,-0.4455531239509582,0.604006290435791,-0.1480778008699417
4401,-0.0556425750255584,-0.4998531937599182,-1.0226351022720337
4402,0.9997669458389282,0.0263271331787109,-1.0573419332504272
4403,-1.405841827392578,-2.27398681640625,-0.3309779763221741
4404,-0.3200075924396515,0.8476501703262329,-2.201775074005127
4405,1.939910054206848,1.814494609832764,2.671440601348877
4406,2.563290596008301,2.304249763488769,2.578721761703491
4407,-0.676397442817688,0.5097997188568115,-0.226521611213684
4408,-0.6924113035202026,1.8668251037597656,1.1410980224609375
4409,-0.5155134797096252,1.219042420387268,-2.538919687271118
4410,1.8962730169296265,1.2439799308776855,1.8226679563522337
4411,0.5749523639678955,1.040832281112671,0.1820636391639709
4412,2.3539910316467285,2.2855465412139893,2.0995430946350098
4413,1.3340476751327517,0.8079193234443665,0.703338086605072
4414,-2.302311420440674,-1.486982822418213,-2.3492159843444824
4415,0.6401917934417725,-1.0429141521453855,-0.2066292464733123
4416,1.0931187868118286,-0.9502915143966676,-1.0579471588134766
4417,-0.7167094349861145,0.5613535642623901,-0.697068989276886
4418,-0.3047176003456116,-1.122790813446045,-1.819411277770996
4419,-2.2542178630828857,-2.1067302227020264,-2.2838668823242188
4420,-2.1852564811706543,-2.851192712783813,-2.335335254669189
4421,0.8741251826286316,0.2905734181404114,-0.0900382101535797
4422,0.6726598143577576,0.6711283922195435,1.3731343746185305
4423,-2.2261033058166504,-1.227342963218689,-2.741518259048462
4424,-1.2906334400177002,-0.3358912765979767,-1.1286362409591677
4425,-0.6558585166931152,-1.4631738662719729,-0.9420524835586548
4426,1.1674578189849854,0.0860686302185058,0.9026603698730468
4427,0.6774798631668091,-0.1982744336128235,-2.62934947013855
4428,2.2877321243286133,0.5647110342979431,0.350051611661911
4429,3.1134238243103027,1.3820325136184692,1.0430477857589722
4430,-4.22725248336792,-3.123777389526367,1.1485939025878906
4431,-2.3049838542938232,1.0724859237670898,0.5640910863876343
4432,-2.4471898078918457,0.8818624019622803,0.2207003086805343
4433,-0.2959967851638794,-0.4519519507884979,-0.7625496983528137
4434,0.2319297790527343,0.6430706977844238,0.1201772689819336
4435,-1.4050116539001465,-0.998431921005249,-1.4690591096878052
4436,-2.303424596786499,-1.429826736450195,-0.023603469133377
4437,2.516873598098755,1.8075617551803589,2.600572109222412
4438,3.008378267288208,2.2355287075042725,2.761547803878784
4439,2.266404867172241,0.811822772026062,1.0736260414123535
4440,-0.2050331830978393,2.5904347896575928,-0.1340178847312927
4441,-2.561300039291382,-1.5550416707992554,-2.0375752449035645
4442,-0.800806999206543,0.0345224142074584,-1.8626689910888672
4443,2.5050861835479736,2.06211805343628,-0.4806050360202789
4444,-1.5063000917434692,-1.0321869850158691,-1.2925868034362793
4445,1.3759386539459229,0.2088606357574463,0.1924998164176941
4446,0.3978523015975952,0.456186443567276,-0.811821460723877
4447,0.5687937140464783,1.9297659397125244,2.268115282058716
4448,-2.073608636856079,-1.0097461938858032,0.6933556795120239
4449,2.923943996429444,1.303327560424805,1.699987769126892
4450,-0.1686578094959259,0.6629596948623657,0.8900452256202698
4451,-1.9109458923339844,-2.0979220867156982,-2.589223861694336
4452,1.5625345706939695,-1.3844419717788696,-1.3422198295593262
4453,0.5925297737121582,2.34688138961792,-0.9128382205963136
4454,0.2799859941005707,-0.2267902493476867,-1.1236765384674072
4455,-2.753256320953369,-0.81944739818573,0.7046470046043396
4456,1.6191108226776123,0.5516785383224487,-1.1167727708816528
4457,0.6731311678886414,-0.162227988243103,0.0716100931167602
4458,1.5121031999588013,2.425265550613404,1.843369483947754
4459,-2.14905309677124,-0.3538147807121277,0.3111129403114319
4460,-1.6485121250152588,-0.084345519542694,-1.7313040494918823
4461,-1.9632933139801023,-2.1875109672546387,-1.504988193511963
4462,-3.034389019012451,-2.587798833847046,-3.426442146301269
4463,-1.4098258018493652,-0.2684460878372192,-1.4535489082336426
4464,3.005493402481079,2.601409673690796,2.7009356021881104
4465,-1.403931975364685,1.333274483680725,-1.2447834014892578
4466,1.9354554414749143,0.9672765135765076,1.6232929229736328
4467,-3.105975389480591,-0.7484767436981201,1.5841524600982666
4468,-1.347568392753601,2.0002100467681885,-0.631639301776886
4469,0.3753618597984314,0.392244279384613,-3.208508014678955
4470,-0.6619917154312134,0.562614917755127,0.2501834630966186
4471,1.5170538425445557,0.6523474454879761,2.774830102920532
4472,1.7411723136901855,-0.1412455439567566,-1.649641990661621
4473,-2.6286284923553467,-0.96210515499115,-1.425773024559021
4474,2.998276472091675,2.445530652999878,3.3111822605133057
4475,-0.4352366328239441,1.012672781944275,-1.16300630569458
4476,3.1363916397094727,1.94954776763916,1.2106552124023438
4477,1.093642234802246,0.6990242600440979,0.8497768044471741
4478,-0.6357042193412781,1.1428098678588867,1.894217848777771
4479,2.1361539363861084,1.9217844009399407,2.523848533630371
4480,1.6204057931900024,1.6630995273590088,0.7154443264007568
4481,0.306292325258255,-1.212299942970276,-1.774982452392578
4482,-1.157428503036499,0.7994260191917419,1.2482731342315674
4483,-1.9099539518356323,-1.3567895889282229,-1.2567138671875
4484,-1.4240667819976809,-1.341091275215149,-0.926988124847412
4485,1.7939832210540771,2.0594093799591064,2.315927267074585
4486,-1.338219404220581,1.6797534227371216,1.8411635160446167
4487,-1.0119856595993042,-1.2767729759216309,-2.028884172439575
4488,2.654235363006592,1.5449120998382568,2.4873156547546387
4489,2.088505744934082,1.219204664230347,2.128877639770508
4490,0.5474698543548584,-0.0170084238052368,-1.8408476114273071
4491,-0.4872292876243591,-2.0945866107940674,-0.2848204374313354
4492,0.3084166049957275,1.596887230873108,0.4370245635509491
4493,0.9635091423988342,1.430044412612915,0.7308439016342163
4494,-1.4426803588867188,-3.39223313331604,-1.4039143323898315
4495,-0.0401358604431152,0.5294777154922485,-0.5454517006874084
4496,-2.1630258560180664,-1.8224709033966064,-1.1146742105484009
4497,1.7176486253738403,2.6812310218811035,3.4021620750427246
4498,0.9844211339950562,-0.0375846028327941,0.5241150856018066
4499,-0.2673263847827911,0.7326301336288452,-0.3921204209327698
4500,-2.185300350189209,-2.669928312301636,-2.1889960765838623
4501,-1.2484560012817385,-1.4261062145233154,-1.206132173538208
4502,2.393018245697021,2.5849931240081787,2.935563564300537
4503,0.5762302875518799,1.5436666011810305,2.040119171142578
4504,-1.899636387825012,0.8201198577880859,-1.358338475227356
4505,1.8421558141708367,1.6124950647354126,2.01613998413086
4506,1.094855785369873,0.1521574258804321,0.6528979539871216
4507,1.2573273181915283,0.9341385960578918,-1.9209587574005127
4508,0.9099975228309632,-0.9500077962875366,0.7964089512825012
4509,-0.3587918281555176,-0.058861494064331,-1.364840745925903
4510,1.2618484497070312,0.2608895897865295,0.118658497929573
4511,-1.4171357154846191,-0.5089110136032104,-2.256935834884644
4512,-0.3860043883323669,0.6480555534362793,-1.116706132888794
4513,-2.830807447433472,-2.54491925239563,-2.048639297485352
4514,-0.3457643091678619,0.312138557434082,0.9620797634124756
4515,1.3250514268875122,0.1057698130607605,0.2972778081893921
4516,-0.7355471253395081,0.2795447111129761,-0.4459950029850006
4517,1.00648033618927,0.7072477340698242,1.4733598232269287
4518,1.351588249206543,2.535629749298096,2.594518661499023
4519,2.4161617755889893,2.0596535205841064,-1.205131769180298
4520,-2.7900333404541016,-1.5142778158187866,-1.7382516860961914
4521,-1.1676476001739502,-1.2793428897857666,-0.7227936387062073
4522,-2.1889848709106445,-0.7007488012313843,-1.550577163696289
4523,3.21274209022522,2.499530792236328,2.8097946643829346
4524,-1.3950541019439695,0.8151054382324219,1.550922989845276
4525,2.0088460445404053,0.8062047362327576,1.4628126621246338
4526,0.8846126794815063,1.9604207277297967,1.7027966976165771
4527,2.110499382019043,0.6895339488983154,0.7899518013000488
4528,2.6791553497314453,2.536865234375,3.076721906661988
4529,1.0088140964508057,0.5248247385025024,-0.296578049659729
4530,-0.97532719373703,0.4319299757480621,2.66519546508789
4531,-1.390531063079834,-1.039159059524536,-1.242202639579773
4532,-0.7357887029647827,-1.6459027528762815,0.4508413970470428
4533,0.4020229578018188,0.2046735286712646,-2.717925548553467
4534,-1.178357720375061,-0.7201751470565796,-1.864187479019165
4535,-2.3002359867095947,-2.810399055480957,-2.770685195922852
4536,-2.9808061122894287,-2.159834623336792,-2.8661975860595703
4537,2.3314332962036133,2.3041422367095947,2.779655694961548
4538,0.2923475801944732,1.0772044658660889,0.6297969818115234
4539,-0.7035383582115173,-0.3898274004459381,-2.634052991867065
4540,0.8418266177177429,0.7800201177597046,1.3197656869888306
4541,-0.1055356264114379,-1.7299566268920898,2.6367075443267822
4542,-1.419338583946228,-0.9309200048446656,-1.757672667503357
4543,-0.2850284576416015,1.3634631633758545,-1.5637547969818115
4544,-1.5994266271591189,0.6236280798912048,-2.634827375411988
4545,-0.6582263112068176,1.6124234199523926,1.014608383178711
4546,-1.561004877090454,-1.414876937866211,-2.656127691268921
4547,-1.969207763671875,-2.627410650253296,-0.7027819156646729
4548,-0.7781200408935547,-2.182076930999756,-1.4726438522338867
4549,-0.8749969601631165,-2.275987386703491,-3.180295467376709
4550,0.7428237795829773,1.7256118059158323,1.953994512557984
4551,1.6031595468521118,-0.4674437344074249,1.0178905725479126
4552,-0.4248541593551636,-0.6671063303947449,0.8100920915603638
4553,-0.5066303014755249,1.7390649318695068,1.3714004755020142
4554,-0.6720730066299438,-2.042753934860229,-0.9421217441558838
4555,-1.8947336673736568,1.529249906539917,-0.3478473424911499
4556,-0.2581686675548553,0.2006241083145141,-0.8051843643188477
4557,2.4308295249938965,2.717671632766724,2.4328765869140625
4558,1.2734274864196775,0.6350565552711487,-1.3762776851654053
4559,-0.514805257320404,-0.4021443426609039,0.6359251737594604
4560,-2.2495365142822266,-2.82654333114624,-1.8066365718841555
4561,-0.5908973217010498,-1.0727899074554443,0.956506848335266
4562,-0.6771449446678162,-1.3617146015167236,-1.201014518737793
4563,0.3729450106620788,-0.2029752135276794,-0.2955429553985595
4564,1.8955579996109009,1.9065130949020384,-0.1768848001956939
4565,0.8716186285018921,2.1584646701812744,0.8997328281402588
4566,0.6789354085922241,1.275098204612732,2.6894099712371826
4567,-2.191397190093994,-1.1185507774353027,0.8344250917434692
4568,-2.5932962894439697,0.5952233076095581,-0.7113151550292969
4569,2.109373092651367,2.348272562026977,-0.6672446727752686
4570,-1.5160871744155884,-0.8595914840698242,-1.2058461904525757
4571,0.2983579039573669,1.2010737657546997,-0.0356419682502746
4572,-3.3489935398101807,-1.042827010154724,-1.9848459959030151
4573,0.8600178956985474,1.81392240524292,2.402686357498169
4574,0.1428501307964325,0.1052107214927673,-1.1561249494552612
4575,-1.0015615224838257,-0.320679247379303,-0.0821313560009002
4576,2.5437986850738525,1.3773019313812256,1.791775107383728
4577,-0.3456561267375946,0.0049374103546142,0.1970569193363189
4578,-2.4134392738342285,-0.5509450435638428,-2.150665760040283
4579,-1.0288742780685425,-1.0230823755264282,-0.6197015643119812
4580,1.2927920818328855,1.7247276306152344,1.3841842412948608
4581,0.9170857667922974,1.2390962839126587,1.9934073686599727
4582,0.2006692290306091,0.2846371531486511,2.270882368087769
4583,-1.3271743059158323,-0.2691873610019684,0.465444952249527
4584,-0.0320998728275299,-0.4170127511024475,-0.2840103805065155
4585,1.4039180278778076,2.0149495601654053,1.9455654621124268
4586,0.2672062218189239,1.5625815391540527,0.1596935391426086
4587,1.0622236728668213,1.9411665201187127,-0.5278735756874084
4588,-0.4459413886070251,-0.5499863624572754,1.2444645166397097
4589,-0.0807935297489166,0.6292431354522705,0.6505853533744812
4590,-1.396965503692627,0.8309249877929688,-1.1473451852798462
4591,-0.2888752222061157,-2.013991594314575,-0.9390159249305724
4592,2.346187829971313,2.899486541748047,0.7986659407615662
4593,-1.9883188009262085,-2.5540659427642822,-2.204505681991577
4594,0.4718522727489471,2.098849296569824,1.8361140489578247
4595,2.3435378074646,2.3299522399902344,2.6383018493652344
4596,1.9954699277877808,1.617184042930603,0.7637304663658142
4597,-2.434924602508545,1.4379006624221802,2.2061171531677246
4598,2.392279624938965,2.292196035385132,2.904982328414917
4599,-2.6636228561401367,0.343388557434082,-1.1156587600708008
4600,-0.3486811816692352,1.3643733263015747,0.7595779895782471
4601,-0.691391110420227,-1.065343976020813,-1.117161989212036
4602,-0.7077860236167908,-0.8685034513473511,0.239257663488388
4603,1.9071011543273928,2.6279613971710205,0.238262802362442
4604,-2.1172544956207275,-2.013404130935669,-2.3938677310943604
4605,-0.6360451579093933,-0.89613938331604,-0.2339696288108825
4606,2.6931681632995605,2.554119348526001,3.359872579574585
4607,-0.6933767199516296,-1.5175610780715942,-0.2445944994688034
4608,0.292567491531372,1.7864983081817627,1.263373613357544
4609,-1.875316381454468,-0.5341651439666748,-1.0273072719573977
4610,0.3094897866249084,-0.0626215934753418,-0.3368702530860901
4611,0.4295381903648376,2.24153208732605,1.4660249948501587
4612,1.318878173828125,2.7314929962158203,0.1183525323867797
4613,-0.2550900280475616,1.8298418521881104,2.893972635269165
4614,1.1885600090026855,1.1188950538635254,1.664751648902893
4615,0.7388362884521484,1.4454187154769895,-0.200047880411148
4616,-0.5904639363288879,-0.8551640510559082,-1.348383903503418
4617,-0.8114950060844421,-1.4704009294509888,-0.1369020938873291
4618,-1.8925318717956543,-1.4447320699691772,-1.957505702972412
4619,1.1843245029449463,-0.3378984928131103,-1.0467530488967896
4620,0.3220194578170776,0.5693401098251343,-1.3717888593673706
4621,-2.474057197570801,-2.762487411499023,-3.7607035636901855
4622,-2.6856417655944824,-2.4638702869415283,-1.096530795097351
4623,-1.4043693542480469,0.2829039692878723,0.6618106365203857
4624,1.130966305732727,-0.572736382484436,-0.5061778426170349
4625,-1.6085197925567627,-0.5787966251373291,-1.4277772903442385
4626,-0.0974099934101104,0.1938914060592651,0.3497596383094787
4627,1.4085832834243774,1.665709137916565,-0.1926368027925491
4628,1.9794574975967407,1.0616140365600586,1.1597323417663574
4629,1.3926355838775637,1.4529664516448977,-0.6687234044075012
4630,-0.695786714553833,-1.8050307035446167,-2.3670530319213867
4631,1.437582015991211,1.2596269845962524,1.2011029720306396
4632,-1.4089850187301636,-1.1167035102844238,0.5674620270729065
4633,-0.7667343020439148,2.274996519088745,1.1805938482284546
4634,-1.2373775243759155,-0.0647569894790649,-1.6949808597564695
4635,2.2298824787139893,1.944625735282898,2.722658157348633
4636,-1.8992905616760247,-0.5996658802032471,-1.0677094459533691
4637,1.1888264417648315,-1.995640993118286,-0.8796713352203369
4638,2.2049684524536133,1.7862226963043213,2.596518993377685
4639,1.0535660982131958,-0.0848808884620666,2.847778558731079
4640,-2.070718050003052,-0.7398900985717773,-1.734467625617981
4641,2.186131477355957,-0.459755003452301,-0.4551160931587219
4642,-0.7377521991729736,-1.213557481765747,-1.5329124927520752
4643,-1.5983444452285769,-2.01534366607666,-2.339345693588257
4644,1.7269353866577148,2.717891216278076,1.8674428462982176
4645,-0.5151636004447937,-0.1576555371284485,2.941633939743042
4646,-2.215438842773437,-0.508094072341919,-2.022878170013428
4647,1.5491137504577637,1.0020575523376465,1.6255333423614502
4648,-1.472950100898743,-2.814774751663208,-0.7806235551834106
4649,1.440671682357788,1.907359719276428,2.072746515274048
4650,-1.3290951251983645,-2.000138759613037,-0.5432756543159485
4651,-0.3210900127887726,1.703094244003296,0.7860828042030334
4652,-0.082649827003479,-0.7395930290222168,-0.9656352996826172
4653,-0.8155230283737183,-2.3753976821899414,-2.191762685775757
4654,-3.016031742095948,0.0154671669006347,0.0451408624649047
4655,-0.1053761839866638,0.3804188966751098,-0.4213003516197204
4656,1.2527073621749878,1.1331337690353394,1.969844102859497
4657,-0.6867495775222778,0.2524335980415344,0.4272875785827636
4658,2.810767650604248,2.766275405883789,2.277031898498535
4659,-3.196457862854004,-2.9672391414642334,-2.359704971313477
4660,-0.2568296790122986,0.7389343976974487,-1.4611799716949463
4661,-1.1582499742507937,-1.6317976713180542,-2.171095848083496
4662,0.2967184484004974,2.129652976989746,-0.1222140192985534
4663,-0.800806999206543,-0.8237469792366028,-2.563353538513184
4664,0.0073148608207702,1.3258973360061646,0.436366856098175
4665,0.6926594972610474,-1.383180022239685,-1.0730892419815063
4666,0.5761635303497314,1.7807101011276243,2.1199328899383545
4667,-1.9028420448303225,-1.3817195892333984,-1.2012083530426023
4668,-0.2139509618282318,0.3264849781990051,-1.944407224655152
4669,-1.904161810874939,0.516005277633667,-0.6938406825065613
4670,-2.4741287231445312,-0.3857602477073669,-0.4415532946586609
4671,-0.3458949327468872,-0.8737689852714539,0.6114014387130737
4672,1.5779331922531128,0.2491955757141113,0.7469919323921204
4673,-0.6924281716346741,-0.4060087502002716,-0.9853003025054932
4674,-1.5538547039031982,-1.4150753021240234,-2.164525032043457
4675,2.354606866836548,2.280724048614502,3.3599348068237305
4676,0.2250617444515228,0.3736882209777832,-0.974361538887024
4677,0.4489986300468445,-0.8301065564155579,-0.9863155484199524
4678,0.1131291985511779,-1.1716914176940918,-0.7360160946846008
4679,-0.7082123160362244,-0.288264513015747,0.2576944828033447
4680,2.495420217514038,1.6509522199630735,2.787348508834839
4681,-0.6645527482032776,-2.196613550186157,-1.1133146286010742
4682,1.3685643672943115,1.3313356637954712,2.511171817779541
4683,-2.151947259902954,0.7969824075698853,1.899105668067932
4684,-1.9148774147033687,-0.9294233918190002,-2.81949782371521
4685,-0.479385644197464,0.3772144615650177,0.0237403810024261
4686,2.242516040802002,2.1095986366271973,2.231709718704224
4687,1.086965560913086,1.305067777633667,1.7869036197662354
4688,-0.8520215153694153,0.7039239406585693,0.8142076134681702
4689,-2.361571788787842,-2.128572940826416,-2.0697059631347656
4690,-0.2584805488586426,0.3815706372261047,-0.2389683127403259
4691,2.872886180877685,2.297951459884644,-1.6328561305999756
4692,-0.548174262046814,2.247889518737793,2.96772575378418
4693,-2.4876866340637207,-1.33146870136261,1.9722517728805544
4694,-0.1984782218933105,0.1468849778175354,0.416527658700943
4695,1.4586925506591797,2.3300843238830566,2.682869434356689
4696,1.994585871696472,1.5769691467285156,2.596641778945923
4697,1.948803424835205,2.582376480102539,1.199197769165039
4698,2.4657301902771,2.455312967300415,2.401443719863892
4699,-1.0837368965148926,-1.1676908731460571,-1.342231035232544
4700,1.8498846292495728,0.3159573674201965,0.9945827126502992
4701,0.1287056803703308,-0.1633656620979309,0.4815423190593719
4702,-1.4818323850631714,-1.766945242881775,-0.6058419942855835
4703,-0.5773743987083435,-0.0081971883773803,0.9281154870986938
4704,0.6912447810173035,0.1092624068260192,-0.5327621698379517
4705,-1.746151566505432,-2.1729204654693604,-2.742716312408448
4706,-1.7052175998687744,0.1493772864341735,-0.0827906727790832
4707,0.7836681604385376,-1.030937433242798,2.3154146671295166
4708,-2.345250368118286,1.978232502937317,2.645968675613404
4709,0.1707290709018707,0.1577752232551574,1.1344163417816162
4710,-1.9099602699279783,-1.8870742321014404,-0.4704731702804565
4711,-0.7815051078796387,1.4911786317825315,0.8778921365737915
4712,-2.2932348251342773,2.2020246982574463,2.351593017578125
4713,-1.014986515045166,-1.2666828632354736,-1.3357839584350586
4714,-1.2643094062805176,-0.2215058803558349,-0.4645264148712158
4715,-1.0702465772628784,0.7843009233474731,0.1117058098316192
4716,-0.1634679734706878,-1.1405693292617798,0.8153592348098755
4717,0.6437886953353882,1.173763394355774,1.6268882751464844
4718,0.577643871307373,-2.008084774017334,-2.5406312942504883
4719,3.136282205581665,2.2818610668182373,2.0710389614105225
4720,-0.6767768263816833,-0.2164143919944763,-1.0654672384262085
4721,-2.0005910396575928,-1.1041477918624878,0.3344667851924896
4722,0.6756760478019714,-1.1965456008911133,-1.3750823736190796
4723,-1.9231537580490112,0.126757264137268,0.307135134935379
4724,-3.707216739654541,-2.1193747520446777,0.6970939040184021
4725,-0.2217306494712829,-1.8101577758789065,-0.0186338424682617
4726,0.6543184518814087,0.9771518707275392,-0.7619291543960571
4727,-0.6068817973136902,-0.9144108891487122,-0.2039222121238708
4728,-2.4067258834838867,0.3406524062156677,-0.8575699925422668
4729,0.9142324328422546,2.4254467487335205,2.9430713653564453
4730,-2.334678649902344,-2.4027881622314453,-2.589555263519287
4731,-0.1440022885799408,2.5987250804901123,0.3286735713481903
4732,-1.4917080402374268,-2.958869218826294,-1.5769505500793457
4733,-0.1684232056140899,1.3546451330184937,0.5396350622177124
4734,0.4567964375019073,2.425966262817383,1.7145262956619265
4735,-1.9674426317214968,-2.34070897102356,-2.102726936340332
4736,-0.5944204330444336,0.7440723776817322,0.5596238970756531
4737,-0.9631387591362,-1.6249196529388428,-0.2279651314020156
4738,-2.0719187259674072,0.1245906949043273,1.2558753490447998
4739,-0.3885881304740906,-0.912129521369934,-2.2832581996917725
4740,0.3706703782081604,-0.1913610696792602,-0.2933517098426819
4741,-2.092242956161499,0.6218938827514648,0.6265732049942017
4742,-1.0039938688278198,0.0994821786880493,-0.3665501475334167
4743,-2.9485669136047363,-2.690014362335205,-3.298239231109619
4744,-2.193474531173706,-1.912046194076538,1.6484755277633667
4745,-1.3089313507080078,-2.0931670665740967,0.274032860994339
4746,0.561347484588623,-0.4341490864753723,-0.9323585629463196
4747,-2.5101969242095947,-1.2637211084365845,-2.1166701316833496
4748,0.2156962156295776,1.1781513690948486,1.9850890636444087
4749,-0.5493073463439941,-0.6424280405044556,1.2141677141189575
4750,0.3920183777809143,0.3146544098854065,-0.0046204626560211
4751,1.6055492162704468,0.8431419730186462,0.5749297142028809
4752,-1.0167009830474854,0.7748013734817505,1.343720555305481
4753,-0.5788221955299377,1.356817603111267,0.2882388532161712
4754,-1.2129225730895996,-0.9909954071044922,-2.56713342666626
4755,2.388001203536988,2.3604331016540527,1.1140127182006836
4756,2.260080099105835,1.527316927909851,1.2831605672836304
4757,1.0901381969451904,0.3748293817043304,2.068063497543335
4758,0.4292952716350555,1.2207176685333252,-0.0894664824008941
4759,-0.1545375287532806,1.187584638595581,0.303072839975357
4760,0.8323546648025513,0.7065764665603638,0.373993456363678
4761,-1.037991642951965,0.0561029314994812,-1.3724969625473022
4762,-0.9079128503799438,-2.3364624977111816,-2.8869786262512207
4763,-0.2813187837600708,0.9890708923339844,-0.7618511319160461
4764,-0.1068193018436431,1.0006680488586426,2.6133573055267334
4765,-1.7361843585968018,-0.6192878484725952,-1.250157117843628
4766,0.2088512182235717,0.3122633099555969,-0.1151162087917327
4767,2.397958517074585,1.7718232870101929,2.060109138488769
4768,-1.5212639570236206,-1.4971641302108765,-3.010348558425904
4769,-0.6211559772491455,-0.4372014701366424,-0.7804082632064819
4770,0.4077057540416717,-0.0986145734786987,-1.6457875967025757
4771,1.812544703483581,1.1132993698120115,0.3478966653347015
4772,0.1646613776683807,-1.5649240016937256,-0.6185914874076843
4773,-3.1488800048828125,-1.35319983959198,0.3746778666973114
4774,0.9804598689079284,1.287268877029419,0.7979110479354858
4775,-0.705337643623352,-1.6282360553741455,-2.960903644561768
4776,-2.23733139038086,-1.7650511264801023,-1.7644776105880735
4777,0.6286599040031433,2.582619428634644,0.4279617965221405
4778,-1.5588737726211548,-0.5503055453300476,-1.148065209388733
4779,-1.895601987838745,-0.2598158121109009,0.0272402465343475
4780,0.7756103277206421,1.0172104835510254,1.6475441455841064
4781,-1.0642921924591064,2.053785562515259,1.6387667655944824
4782,-2.5207762718200684,-1.6782917976379397,-1.897238731384277
4783,1.711769700050354,2.271981954574585,0.4834967851638794
4784,-0.764319658279419,1.0996054410934448,2.3814573287963867
4785,2.6743104457855225,1.6864557266235352,2.473682880401612
4786,-0.1228534877300262,2.2749011516571045,2.8113667964935303
4787,1.4174866676330566,1.043107032775879,-1.496100902557373
4788,2.4840030670166016,1.3089163303375244,0.9612497091293336
4789,-1.377171277999878,-1.1351364850997925,-2.628625631332397
4790,-1.3569867610931396,-0.0320688486099243,-0.655890166759491
4791,1.16228449344635,-1.724567413330078,0.802793025970459
4792,-1.7128527164459229,-1.5623894929885864,-2.0987648963928223
4793,-0.1237638294696807,-0.1099241971969604,0.0274982750415802
4794,-2.571447372436523,-2.4645705223083496,-2.715479850769043
4795,0.2011597156524658,0.2384095788002014,0.1944378912448883
4796,-1.3133699893951416,-0.2352805137634277,0.1728219985961914
4797,-2.038403511047364,-1.357121467590332,-1.548920750617981
4798,0.2383554577827453,0.9235210418701172,-1.0430908203125
4799,-2.5937066078186035,0.0490815043449401,-0.778774619102478
4800,-0.8186400532722473,-1.5840457677841189,-0.7729189991950989
4801,-0.2619280517101288,2.0301666259765625,1.6182574033737185
4802,-0.5489743947982788,0.8255787491798401,1.7461600303649902
4803,-0.3739672005176544,-0.9443278908729552,-0.9669961929321288
4804,-2.1055121421813965,-0.5084418058395386,-2.4283907413482666
4805,3.009089708328247,2.5435879230499268,3.188509464263916
4806,-1.6322768926620483,-2.6470892429351807,-2.50518012046814
4807,0.083438754081726,-0.1854979991912841,2.6433236598968506
4808,-2.2295546531677246,-3.4832024574279785,-1.8301671743392944
4809,0.7283936738967896,0.0268466472625732,0.7418922781944275
4810,-0.8998926877975464,-0.0868219137191772,-0.4122532606124878
4811,-2.578986167907715,-2.0131959915161133,-2.715438842773437
4812,-0.3054543435573578,0.8955076932907104,0.3936915993690491
4813,-1.2954812049865725,-2.4182281494140625,-2.3811111450195312
4814,-2.6132607460021973,-1.2266552448272705,-3.075250148773194
4815,-0.83912193775177,-1.4339497089385986,-1.7923860549926758
4816,0.5822573304176331,-0.2288697957992553,0.9724087715148926
4817,-1.743561863899231,0.2357106804847717,-1.810816526412964
4818,-1.4996886253356934,-0.2924801707267761,0.4214736819267273
4819,-2.8307976722717285,-2.338992118835449,-3.083357334136963
4820,3.225827932357788,2.41892957687378,3.156898021697998
4821,-2.885893106460572,-0.771682620048523,-3.822481632232666
4822,-2.5615575313568115,0.6337023377418518,-3.009050369262696
4823,0.7378890514373779,-1.1113520860671997,0.070771723985672
4824,-1.1293851137161257,-1.321954369544983,-1.305680751800537
4825,0.0762194693088531,-0.5746402740478516,-0.2213666141033172
4826,-0.6362086534500122,-0.6190521121025085,-1.8699619770050049
4827,-0.5820682048797607,2.590503215789795,-1.5253667831420898
4828,-2.515636444091797,-1.3535206317901611,-2.876636505126953
4829,2.7198641300201416,2.2156572341918945,2.690947294235229
4830,-1.904072999954224,-2.7760329246521,-1.9929848909378047
4831,1.053850173950195,-0.4213919043540954,-0.3848867416381836
4832,-2.7131881713867188,-0.0316246151924133,-2.2634382247924805
4833,3.175668239593506,2.548708438873291,3.0899720191955566
4834,1.781483769416809,1.272620677947998,2.0309722423553467
4835,-0.7565842270851135,-0.8363761901855469,-0.5323492288589478
4836,-0.7961734533309937,1.1422382593154907,0.3298442363739013
4837,0.5784211754798889,0.7743247747421265,1.623284935951233
4838,0.652867317199707,0.1078516840934753,0.9878911972045898
4839,-1.900342583656311,-0.7636377215385437,-0.46453657746315
4840,2.408956289291382,2.8756344318389893,2.152761697769165
4841,-0.5959538817405701,-0.7724316120147705,-0.5260149240493774
4842,-2.8339693546295166,0.5413128137588501,-0.0136751234531402
4843,1.0073672533035278,-0.188117504119873,-0.4445687532424927
4844,0.0799327790737152,1.4333876371383667,0.6617941856384277
4845,-0.3325245976448059,-1.7406377792358398,-1.333381175994873
4846,0.1736435890197754,1.634258508682251,1.973848342895508
4847,-0.2857263684272766,0.1112405061721801,-1.3646903038024902
4848,1.797551512718201,1.5482518672943115,1.6998027563095093
4849,2.079608917236328,-0.2165918946266174,-0.2094614058732986
4850,-2.058593988418579,-2.4643707275390625,-3.033220291137696
4851,2.291841506958008,0.328842282295227,0.8059389591217041
4852,-1.228578805923462,-0.8689600229263306,-1.4510345458984375
4853,-2.1383018493652344,-0.9276655316352844,0.8007141351699829
4854,-0.9652063250541688,-1.6599091291427612,-1.9542138576507568
4855,-0.6832588911056519,-0.5207253694534302,-0.0139910578727722
4856,-0.1275229156017303,-1.0813310146331787,-0.5038917064666748
4857,1.7708393335342407,1.515494465827942,2.974897623062134
4858,-2.3154420852661133,-2.359943389892578,-1.5607900619506836
4859,-0.2856920063495636,0.2421307563781738,-1.376141905784607
4860,0.3014992475509643,-0.0274938344955444,0.4240999817848205
4861,2.6241321563720703,1.810750126838684,2.7424919605255127
4862,1.2656227350234983,0.885219931602478,1.351263403892517
4863,-2.7962348461151123,-1.5370447635650637,0.4999788105487823
4864,-2.008440017700196,-1.6321510076522827,-0.9105480909347534
4865,0.7705531716346741,2.3785269260406494,2.7572062015533447
4866,-0.6340683102607727,1.3387598991394043,0.3794791102409363
4867,2.0083601474761963,1.4019737243652344,3.395643472671509
4868,-1.2279906272888184,-1.3286973237991333,-1.030501365661621
4869,0.0422732234001159,-0.031478464603424,-1.5392444133758545
4870,-2.449129104614258,-0.1718142032623291,-0.4916989803314209
4871,0.3445243537425995,-0.3318682610988617,-1.0306247472763062
4872,-2.6047303676605225,-0.4974063336849212,-0.6645772457122803
4873,0.4438982903957367,0.9860512018203736,0.4929662644863128
4874,1.9590606689453125,0.8063671588897705,-0.2415147721767425
4875,-1.4200726747512815,1.8755496740341189,-2.183792352676392
4876,-0.5153768658638,0.5254318714141846,-0.8663657903671265
4877,1.0986754894256592,0.8758707642555237,1.7920334339141846
4878,0.1147884130477905,1.8820947408676147,1.2821742296218872
4879,1.0038385391235352,0.1365877389907837,-0.6383854150772095
4880,2.100402593612671,2.6518375873565674,2.54183578491211
4881,-1.0328669548034668,-1.27816641330719,-0.1182043552398681
4882,0.3469010591506958,0.376421183347702,-1.315018653869629
4883,-2.142167568206787,0.7017162442207336,-2.6012625694274902
4884,-1.706933617591858,-0.5435361862182617,-1.1164544820785522
4885,-1.5966047048568726,-0.5758906602859497,-1.156590461730957
4886,-0.0548897981643676,0.1265305280685424,-0.0740602910518646
4887,0.0254067778587341,0.5422928333282471,0.6345323920249939
4888,1.4237277507781982,2.066769361495972,2.277292013168335
4889,-2.1527135372161865,-2.3362691402435303,-1.512500286102295
4890,-0.0814538896083831,-0.3277689814567566,-0.5887109637260437
4891,-3.191425323486328,-1.9899863004684448,-3.185652732849121
4892,-0.6284574270248413,0.6500177383422852,-0.5720260143280029
4893,-1.5745108127593994,-2.085213184356689,0.195057600736618
4894,-2.0479888916015625,-1.7033960819244385,-2.1428744792938232
4895,-0.4530355632305145,0.3603419661521911,-0.4932158291339874
4896,-0.8355302214622498,0.8793044090270996,1.0699857473373413
4897,-2.823737144470215,-2.4602017402648926,-2.5923259258270264
4898,2.137913703918457,1.9751479625701904,1.3299940824508667
4899,0.0164414942264556,0.4211663603782654,-0.0743930339813232
4900,0.2782222330570221,0.7241040468215942,0.4747684299945831
4901,-0.6175343990325928,0.7822484970092773,0.218026727437973
4902,2.6279525756835938,1.3312675952911377,1.7925608158111572
4903,1.7493342161178589,1.839115619659424,3.487614154815674
4904,-0.9749976992607116,-0.2576646208763122,-1.258960247039795
4905,1.976619958877564,1.4104925394058228,3.091030597686768
4906,0.3741253316402435,0.4280372858047485,0.584784984588623
4907,-1.813525438308716,-0.6394999623298645,-1.261513352394104
4908,-1.6171889305114746,-1.5377463102340698,-1.5411487817764282
4909,0.9990912675857544,-0.1989080905914306,0.6237951517105103
4910,-1.2378571033477783,0.5283015966415405,-0.451842725276947
4911,-2.1686851978302,-2.55383038520813,-0.5648012757301331
4912,-1.231913447380066,1.4855196475982666,0.8856968879699707
4913,1.7625575065612793,-0.0788133740425109,0.071725994348526
4914,0.6706633567810059,-0.3378517627716064,0.7868964672088623
4915,1.5723539590835571,0.9989472031593324,0.5893514752388
4916,0.2925171256065368,0.0835773944854736,-0.3180881142616272
4917,-1.090009093284607,0.0660827755928039,-0.8879677057266235
4918,-0.8591445684432983,-1.6462575197219849,0.450926661491394
4919,2.3285017013549805,1.5350651741027832,2.5098726749420166
4920,0.8284289836883545,1.0466175079345703,-0.47820645570755
4921,-0.8998216390609741,1.8279714584350584,-0.7813510298728943
4922,-1.92917799949646,-1.510705828666687,-2.016520500183105
4923,-1.8312301635742188,-1.4348915815353394,-0.1181404590606689
4924,-2.02102279663086,-0.1691874861717224,-1.087389349937439
4925,-0.2277118563652038,2.21390962600708,0.5499434471130371
4926,1.4278476238250732,-0.0535699129104614,0.7498973608016968
4927,-2.099889278411865,-1.0250946283340454,-2.5201361179351807
4928,1.4510869979858398,0.6655290722846985,-1.0313364267349243
4929,0.7854741811752319,0.1465690732002258,-1.377341628074646
4930,1.150856375694275,0.6774333715438843,-0.0741356909275055
4931,1.9549349546432493,2.676034450531006,2.9592125415802
4932,-0.6738572120666504,-2.105362892150879,-1.1533405780792236
4933,-1.0941879749298096,1.5503654479980469,2.004075288772583
4934,-1.188180685043335,-1.4135992527008057,-1.382864236831665
4935,2.7431468963623047,1.853700876235962,-0.0389506518840789
4936,2.237492084503174,1.805862665176392,2.317277669906616
4937,-0.1961899995803833,-1.5042681694030762,-1.550360918045044
4938,3.2231192588806152,2.247446298599243,2.8932530879974365
4939,0.1522888839244842,1.0780178308486938,0.6673754453659058
4940,-2.851532459259033,-2.282547235488892,-1.8534001111984253
4941,-0.5107126235961914,0.8534790277481079,2.734224319458008
4942,-0.7379298210144043,-1.3833541870117188,-2.2827634811401367
4943,-1.104067325592041,-1.314636468887329,-1.7971701622009275
4944,-0.3764671683311462,0.1657791137695312,-2.552227735519409
4945,-1.989420771598816,-1.031693696975708,-1.623515248298645
4946,1.4442508220672607,0.8766425251960754,1.7578456401824951
4947,-1.3061619997024536,-1.0700464248657229,-1.1105490922927856
4948,0.4554216265678406,2.2718451023101807,0.989237904548645
4949,-3.009028673171997,1.3447130918502808,-0.1051013022661209
4950,0.146754652261734,-0.1032957434654235,0.7418344020843506
4951,0.006601333618164,-2.138166904449463,-2.153073787689209
4952,-1.080073356628418,-0.8237020969390869,-1.92977261543274
4953,-1.2962658405303955,-1.811597466468811,-2.359297513961792
4954,-0.7663111090660095,-1.201839804649353,-1.0275110006332395
4955,0.0054888129234313,-0.7309374213218689,0.9288318157196044
4956,-1.8226083517074585,-1.088495135307312,-1.5430307388305664
4957,0.378605306148529,-0.3822019398212433,0.8028972148895264
4958,-1.1786277294158936,0.3550199866294861,-1.6253299713134766
4959,-1.0660892724990845,-2.0990750789642334,-0.9384877681732178
4960,-0.685483455657959,-0.7933062314987183,-0.4407309293746948
4961,2.8495025634765625,2.243565559387207,2.5050644874572754
4962,0.2039633989334106,0.1148133873939514,-0.7193588018417358
4963,-0.746040403842926,-2.82781195640564,-2.283889055252075
4964,-2.445539712905884,0.3124426007270813,-1.4556076526641846
4965,1.8250024318695068,3.1120853424072266,2.356574773788452
4966,-2.3119537830352783,-0.0496214032173156,-1.951476812362671
4967,-1.713197946548462,-1.5695940256118774,-2.0866823196411133
4968,-1.9863009452819824,-3.2474818229675293,-2.112952709197998
4969,0.7944105863571167,2.016474962234497,1.1522332429885864
4970,-0.1793295741081237,-0.4895653128623962,-0.0058240890502929
4971,-1.4663403034210205,-0.0292492508888244,1.4131594896316528
4972,1.317625641822815,2.3467867374420166,-0.7545674443244934
4973,0.5374608635902405,1.4959079027175903,1.3429416418075562
4974,-2.30666732788086,-0.0150766372680664,-3.1666736602783203
4975,-1.8242862224578853,-2.502960681915283,-2.904571056365967
4976,-1.46910297870636,-1.298211693763733,-2.2160446643829346
4977,-1.7123403549194336,-2.361018419265747,-2.758786201477051
4978,-1.5149590969085691,0.5311405658721924,-2.495194435119629
4979,-0.9912487268447876,-1.989665389060974,-2.093236207962036
4980,-0.8980904221534729,-0.5604697465896606,0.2689828872680664
4981,0.7400785684585571,-0.0767924189567565,0.1216359734535217
4982,-2.502856492996216,-1.0549962520599363,-1.7064040899276731
4983,-2.5925486087799072,-1.1676239967346191,-1.2068872451782229
4984,0.1781403124332428,0.5699511766433716,-0.6348864436149597
4985,0.3034579455852508,2.3482398986816406,2.089052200317383
4986,-1.028072476387024,1.3181508779525757,1.7000679969787598
4987,-0.716497540473938,0.6324378848075867,0.4921965599060058
4988,2.3949575424194336,2.359739303588867,2.29641342163086
4989,-1.1574950218200684,0.8774313926696777,2.564021587371826
4990,-0.9154068231582642,-2.378939390182495,-2.0764172077178955
4991,-1.8125087022781368,0.0663698315620422,0.5604702234268188
4992,-0.8705214262008667,1.345563530921936,-0.3107233643531799
4993,0.7121537923812866,1.3939402103424072,1.4292861223220823
4994,2.31328558921814,1.70626699924469,1.3316937685012815
4995,-0.1694995760917663,-0.8463581800460815,-0.2640994787216186
4996,1.5495784282684326,0.231781780719757,0.0252825021743774
4997,-0.5653984546661377,-1.2891546487808228,-0.587259829044342
4998,-2.6549553871154785,0.155557096004486,2.008861780166626
4999,-1.074895977973938,1.3455016613006592,2.627827882766724
5000,-2.614615678787231,-1.7646152973175049,-1.4097766876220703
5001,-0.3557256758213043,0.1161826252937316,-0.038068801164627
5002,-0.1244346499443054,0.1070814132690429,0.939110517501831
5003,0.130082219839096,1.801912546157837,-0.2201852202415466
5004,-1.0679528713226318,2.853598117828369,-0.825641930103302
5005,-1.9693294763565063,-1.1699899435043335,-2.399969577789306
5006,-2.554931402206421,-1.8370168209075928,0.5923067927360535
5007,1.843899488449097,0.6580542325973511,1.0387691259384155
5008,-0.387394905090332,1.4691743850708008,-0.1978811919689178
5009,1.664751648902893,2.375901937484741,3.0824360847473145
5010,2.48529052734375,1.574151873588562,2.434712648391724
5011,0.3246542513370514,1.2099642753601074,0.149695873260498
5012,-0.8196591138839722,-0.8962608575820923,0.2211350053548813
5013,0.2886861264705658,-0.0239275693893432,-2.769209861755371
5014,-2.615870952606201,-1.894747734069824,-2.1732430458068848
5015,-0.1617288887500763,0.9584752321243286,2.2279140949249268
5016,0.5337692499160767,1.125348448753357,0.9685558080673218
5017,-0.6282825469970703,1.6512928009033203,-2.054898262023926
5018,-1.1414122581481934,-2.821349859237671,-3.728433132171631
5019,-0.6773322224617004,-0.2476012706756591,-1.014294147491455
5020,-2.1039090156555176,-2.584161281585694,-2.015437364578247
5021,-2.607642650604248,-2.932830810546875,-3.2631521224975586
5022,-1.5607424974441528,-1.7634552717208862,-0.9472935795783995
5023,-1.72668719291687,-3.099692106246948,-2.9478559494018555
5024,0.0766416788101196,0.810600757598877,2.267794847488404
5025,1.0489530563354492,0.1547290682792663,-1.956181883811951
5026,0.8873794674873352,0.5517768859863281,0.4419739544391632
5027,-1.2407845258712769,0.9772236347198486,1.7000679969787598
5028,-1.274752855300903,-0.7516128420829773,-1.374454379081726
5029,0.6197025775909424,1.6079771518707275,-0.0892289876937866
5030,1.6302201747894287,2.235676527023315,1.755552887916565
5031,3.109461545944214,0.7791953682899475,2.2171337604522705
5032,-0.478251576423645,-0.1986368894577026,-0.8025978803634644
5033,-1.303255558013916,0.515930712223053,-0.4184560477733612
5034,-1.987274169921875,0.2256096005439758,-1.13198721408844
5035,-0.7574303150177002,-1.9921975135803225,0.1597344577312469
5036,1.4107401371002195,2.0577609539031982,1.2466177940368652
5037,-1.418512940406799,-1.554482102394104,-2.6146223545074463
5038,-2.7765860557556152,-0.5693948268890381,-2.5879430770874023
5039,-1.2396690845489502,-0.1859613060951233,-1.1487411260604858
5040,-1.796988844871521,0.513542115688324,-2.526773929595948
5041,-1.327812433242798,2.1020395755767822,2.250218629837036
5042,-1.7258559465408323,-2.4658074378967285,-0.5043412446975708
5043,0.3678598999977112,-0.7853237390518188,-0.94014310836792
5044,-1.813475608825684,-1.9234541654586792,-1.9858787059783936
5045,-2.394625186920166,-0.456274539232254,-1.5400954484939575
5046,-1.4178400039672852,-0.0195714831352233,-1.133529782295227
5047,1.1439203023910522,0.0288737416267395,-1.35840904712677
5048,0.0987926721572876,1.078791856765747,1.2841224670410156
5049,-1.481034278869629,-0.2652122378349304,0.225485622882843
5050,0.9025928974151612,0.8799999952316284,1.1682099103927612
5051,0.2945888638496399,1.87081241607666,0.1087976992130279
5052,-2.712327480316162,0.68367600440979,1.7226569652557373
5053,1.842187523841858,1.6965646743774414,2.707453489303589
5054,-2.1853435039520264,-1.90671181678772,-2.499811887741089
5055,2.492731094360352,2.4253058433532715,2.731472969055176
5056,0.6734665632247925,1.7973275184631348,-0.4279778003692627
5057,-0.1909496784210205,-0.5268876552581787,-1.9225703477859497
5058,2.3675765991210938,2.444981813430786,1.5929747819900513
5059,-2.683855056762696,-1.4780217409133911,0.8432039022445679
5060,-0.5908854603767395,-0.5741048455238342,0.064184546470642
5061,0.4440943598747253,-0.7969852685928345,-2.1232872009277344
5062,-0.7166001796722412,-0.7099743485450745,-0.8976169228553772
5063,-0.3758360743522644,-1.0457401275634766,-1.1591813564300537
5064,2.174492120742798,2.149020910263061,0.1289064884185791
5065,-1.323621392250061,-2.2550833225250244,-0.8565698266029358
5066,0.6991153955459595,1.4453827142715454,0.5812530517578125
5067,1.3395150899887085,2.391873836517334,0.8657063245773315
5068,2.1813981533050537,1.7987852096557615,2.401787042617798
5069,-1.8783669471740725,2.26120400428772,-0.7095212936401367
5070,-0.293970912694931,-1.0158066749572754,-0.4163627028465271
5071,-0.4350823760032654,-0.2901034951210022,0.626594066619873
5072,1.870492935180664,2.3844118118286133,-0.2602199018001556
5073,1.0865284204483032,0.7795497179031372,0.3525836765766144
5074,2.566290616989136,2.037281274795532,2.770471572875977
5075,0.8705962896347046,2.271123170852661,-1.8268533945083616
5076,-0.8832818269729614,-1.328904151916504,-2.337549924850464
5077,3.052865743637085,2.1875364780426025,2.9362754821777344
5078,0.8674876689910889,-1.3980412483215332,-1.1286494731903076
5079,-1.8085589408874512,0.0707652568817138,-2.35772705078125
5080,-2.680631637573242,-2.4039902687072754,-3.370561122894287
5081,0.1428034603595733,1.4565521478652954,-0.0719304978847503
5082,-0.1225918531417846,-1.2790597677230835,-1.5429130792617798
5083,2.535402536392212,1.3200173377990725,0.6070083975791931
5084,-2.247864484786988,-3.1006388664245605,-3.603808879852295
5085,-5.005581855773926,-2.877340078353882,-2.968191146850586
5086,-0.1226270496845245,-0.1253125071525573,-1.127046823501587
5087,0.7366496324539185,-0.0166991353034973,1.65012788772583
5088,-0.1350021660327911,0.949859082698822,1.8152192831039429
5089,-0.7575225830078125,0.8910707235336304,1.9815856218338013
5090,-0.975146234035492,-2.0517570972442627,-0.7965993285179138
5091,-0.2278229892253875,0.4515042304992676,-1.63575541973114
5092,-1.837457776069641,-0.929065465927124,-2.2867367267608643
5093,-1.3972243070602417,-1.6534035205841064,-1.425790309906006
5094,-2.707136631011963,0.2234497666358947,0.4544126391410827
5095,-1.394845724105835,0.2196344137191772,-0.4999659359455108
5096,-0.7961609959602356,-1.781787633895874,-2.518118381500244
5097,-2.009132623672486,0.0650113821029663,-0.9491968750953674
5098,1.084560513496399,1.344424843788147,2.5205485820770264
5099,-0.8530606031417847,1.491459608078003,0.8815647959709167
5100,0.3043619394302368,-1.1758970022201538,-1.2904644012451172
5101,-0.102897822856903,1.0540975332260132,-0.1582183539867401
5102,-2.103758811950684,-1.331464409828186,1.9611045122146609
5103,-2.0604655742645264,-3.0625386238098145,-2.6931471824646
5104,3.0174660682678223,2.5369815826416016,3.2660977840423584
5105,-2.5607173442840576,-1.4340015649795532,-3.0401182174682617
5106,-1.068809986114502,-0.6827466487884521,-0.1821508407592773
5107,0.304423987865448,0.8876951336860657,0.989757001399994
5108,2.231581687927246,1.949794888496399,-0.6949785351753235
5109,0.6810113191604614,1.017875909805298,-1.4625619649887085
5110,-1.998867511749268,-1.3238407373428345,-1.6227014064788818
5111,0.7997981309890747,2.7642126083374023,0.6925302743911743
5112,1.7685939073562622,0.7196779251098633,1.8302472829818728
5113,1.062037467956543,1.2080284357070925,-2.182409286499023
5114,-1.8767626285552976,-2.7985315322875977,-1.1099159717559814
5115,-0.570793092250824,1.0061428546905518,0.4922271072864532
5116,-1.7876423597335815,-1.241122126579285,-2.2664527893066406
5117,-2.4983224868774414,-3.1410937309265137,-2.567979335784912
5118,-0.6912823915481567,-1.4305269718170166,-0.7773951292037964
5119,0.1040142178535461,-0.0103135108947753,0.8429285883903503
5120,0.5370793342590332,1.08030104637146,-0.2054284363985061
5121,-0.9575051665306092,-1.9235641956329343,-0.2946140170097351
5122,0.7352424263954163,1.5575909614562988,1.6319124698638916
5123,1.1704585552215576,0.9474953413009644,2.068966865539551
5124,-0.8945101499557495,0.0608772635459899,0.2365415394306183
5125,1.1226516962051392,0.1293078064918518,-0.8739272952079773
5126,-0.3461987376213074,0.8636363744735718,-0.639367938041687
5127,0.2014826536178589,0.257958173751831,-1.4586799144744873
5128,1.411907196044922,2.209935188293457,2.550575494766236
5129,-2.307805061340332,-1.930667757987976,-2.839263677597046
5130,-2.6105401515960693,-0.692278265953064,1.964690327644348
5131,-0.2682437300682068,-0.3172421455383301,0.309205561876297
5132,-0.897376298904419,0.5564045310020447,1.303020715713501
5133,0.7863063812255859,-1.2125399112701416,-0.794894278049469
5134,2.845010042190552,2.500937223434448,3.051621675491333
5135,-0.2859842777252197,-0.0529399514198303,-0.8857874870300293
5136,0.2103143036365509,0.4760380685329437,0.5050384998321533
5137,-0.7113515734672546,-0.2683274149894714,-1.5015487670898438
5138,-2.3241004943847656,-2.382820606231689,-2.6009786128997803
5139,1.493158221244812,0.0226647853851318,0.0467558801174163
5140,-1.4771901369094849,-0.6021019816398621,-1.560001254081726
5141,2.377379894256592,2.299971103668213,1.9748783111572263
5142,-0.5488320589065552,2.2290472984313965,1.122604489326477
5143,-0.9647746682167052,1.1244069337844849,0.0744204521179199
5144,-1.2317795753479004,-1.0880529880523682,-1.8171247243881223
5145,-1.4782150983810425,2.721498727798462,2.34637188911438
5146,-1.7018043994903564,-0.9753854274749756,-1.3316501379013062
5147,1.403923511505127,1.951676607131958,0.1825754344463348
5148,1.0034029483795166,0.4213675260543823,0.3831852376461029
5149,-1.046547293663025,-2.379352569580078,-0.0211120545864105
5150,1.0622377395629885,2.16633677482605,1.5152356624603271
5151,2.459019899368286,2.2836508750915527,0.7991453409194946
5152,-0.781447172164917,-1.330803632736206,-2.4382338523864746
5153,-1.7035104036331177,-0.6801188588142395,-1.3671287298202517
5154,-3.332352638244629,-1.711821436882019,0.0375762581825256
5155,-1.2571030855178833,-1.524861216545105,-2.216137409210205
5156,0.0437745451927185,-0.1385508775711059,-0.6682643890380859
5157,1.874013900756836,1.4021998643875122,1.3924391269683838
5158,-2.289341449737549,-0.9892163872718812,-1.9528354406356807
5159,-0.106186419725418,1.120708465576172,0.6794516444206238
5160,1.6153953075408936,1.5236787796020508,-0.3160938322544098
5161,1.0051759481430054,0.8750781416893005,0.885780394077301
5162,-0.0153135061264038,-0.3807038068771362,-2.0638298988342285
5163,0.6255251169204712,2.6708550453186035,2.30587124824524
5164,0.0838930606842041,-2.139373302459717,-3.1904537677764893
5165,-1.8239833116531368,-0.4579956829547882,-0.7905481457710266
5166,-2.602161169052124,0.3197031617164612,-1.232499599456787
5167,-1.4014825820922852,-1.9127063751220703,-1.0348691940307615
5168,0.6663725972175598,0.3454187512397766,-2.42151141166687
5169,0.4524117708206177,1.657971978187561,-0.0212627351284027
5170,0.1465776860713958,-1.5107719898223877,-2.5534262657165527
5171,-0.8429552316665649,0.9482970237731934,2.548475980758667
5172,1.466269850730896,2.506476402282715,1.704709768295288
5173,-1.5506608486175537,-1.4095250368118286,-1.5135140419006348
5174,2.640995502471924,0.4477619528770447,1.2928816080093384
5175,1.7186989784240725,1.3468265533447266,1.248152732849121
5176,2.409000396728516,2.8413658142089844,2.4114315509796143
5177,0.4024454951286316,0.6613765954971313,0.9911712408065796
5178,1.9754419326782229,2.375182628631592,2.8290493488311768
5179,0.9732604026794434,1.9349262714385984,1.9025213718414309
5180,-0.766883373260498,-0.6864157915115356,-0.6380909085273743
5181,1.3043240308761597,0.0243898034095764,-0.7561954855918884
5182,-0.8695019483566284,-1.069801926612854,-1.3716802597045898
5183,1.1556085348129272,1.8646225929260247,1.7145801782608032
5184,-2.1436309814453125,-0.3118476569652557,-0.6706483960151672
5185,-0.7159819602966309,-2.290719985961914,-0.8529682159423828
5186,2.089060544967652,1.257375955581665,1.5295653343200684
5187,-0.603232741355896,0.4268408417701721,-0.0955830514430999
5188,-1.8009873628616333,0.5762436985969543,0.5654680728912354
5189,-0.5788497924804688,0.2340787053108215,0.6507377028465271
5190,-0.3900879323482513,0.2472798228263855,-2.922741413116455
5191,0.297870010137558,0.667617678642273,-1.21362042427063
5192,2.8685381412506104,1.4737181663513184,2.120171070098877
5193,2.979744911193848,2.7292604446411133,3.649742126464844
5194,2.478670597076416,3.136155605316162,2.824502229690552
5195,0.6769184470176697,1.9677584171295168,-1.7989529371261597
5196,0.2944887280464172,0.9836866855621338,0.8901543021202087
5197,-1.882757782936096,-0.3498374819755554,-3.271126270294189
5198,0.8295531272888184,1.2536057233810425,2.4029018878936768
5199,-2.390020608901977,-0.7677211761474609,-1.771159052848816
5200,1.4384310245513916,2.100164890289306,0.2841091454029083
5201,1.5683332681655884,1.01059091091156,1.696662425994873
5202,0.763816237449646,1.5812833309173584,0.6459124088287354
5203,-0.815461277961731,-1.3133918046951294,-0.0162742733955383
5204,-2.237639904022217,-1.920599579811096,-3.186089038848877
5205,-0.7547486424446106,0.063474416732788,0.4908894896507263
5206,-0.4241563975811004,-0.4058981835842132,-1.5404751300811768
5207,2.3868887424468994,1.6913012266159058,1.965915560722351
5208,0.8270488977432251,-0.3469911217689514,-1.247580885887146
5209,-2.055462598800659,-0.9786803126335144,-2.5767059326171875
5210,-1.9913029670715328,-1.3085254430770874,-1.7046126127243042
5211,0.6161371469497681,0.3446782231330871,0.873125433921814
5212,1.962673306465149,1.1401594877243042,0.1053182482719421
5213,0.0255925059318542,0.9744423031806946,0.9578995108604432
5214,1.5249806642532349,2.8806073665618896,1.9694081544876096
5215,-0.6355471611022949,-2.3377206325531006,-2.618002414703369
5216,-0.9052751064300536,-0.7398697137832642,-0.3692286610603332
5217,-1.713965892791748,-0.0220534801483154,-2.211763858795166
5218,0.6723644733428955,1.5629305839538574,1.661514163017273
5219,-2.5887787342071533,-0.5019306540489197,2.0758614540100098
5220,-1.91206169128418,-1.343291401863098,-1.7680672407150269
5221,-1.0658754110336304,-1.7404533624649048,-0.9181211590766908
5222,-1.182651162147522,-1.4685415029525757,-1.6353318691253662
5223,-2.2350175380706787,-0.877869725227356,-1.5501290559768677
5224,-0.5488971471786499,-0.1413114666938781,-0.6031445264816284
5225,0.8741470575332642,0.2890472412109375,-0.7655156254768372
5226,1.6390913724899292,1.8198987245559688,2.5630364418029785
5227,-0.9533551335334778,-0.643291175365448,-1.4405378103256226
5228,-2.128235101699829,-0.9941957592964172,-1.787118434906006
5229,1.1721810102462769,0.9661570191383362,0.0316779911518096
5230,2.8210368156433105,2.6788504123687744,3.644421577453613
5231,-0.4795523285865783,-0.2993464469909668,-0.1910391002893448
5232,2.136497735977173,1.6125869750976562,-1.2091443538665771
5233,0.6423513889312744,0.3094146251678467,-0.2213837057352066
5234,1.5599817037582395,0.5159809589385986,0.9057381749153136
5235,1.3976320028305054,0.2293717861175537,0.9103692770004272
5236,0.9887975454330444,1.0428361892700195,0.0179616212844848
5237,-0.7585502862930298,2.0171375274658203,1.1837129592895508
5238,2.6476166248321533,0.2735903263092041,3.137325525283813
5239,-1.4257442951202393,-0.0065050721168518,-0.703464150428772
5240,0.7416814565658569,-1.0270870923995972,-0.2611238360404968
5241,0.9125251770019532,0.687053918838501,0.8220853805541992
5242,1.7584363222122192,2.1949424743652344,1.2114871740341189
5243,1.4182854890823364,2.080607891082764,1.6776790618896484
5244,1.2324568033218384,1.3936257362365725,-0.8577092289924622
5245,-2.583004713058472,2.117205142974853,-0.2416092902421951
5246,-1.736722707748413,-1.77601158618927,1.5405458211898804
5247,0.7079336643218994,0.5527327060699463,-0.6478357911109924
5248,1.2405951023101809,1.6801066398620603,1.1583143472671509
5249,2.2982068061828613,2.7227160930633545,3.6471917629241934
5250,-1.1384787559509275,1.1031241416931152,1.7008472681045532
5251,3.004680633544922,2.5170977115631104,3.189763307571411
5252,-2.311014175415039,-1.6928125619888306,-1.641411542892456
5253,-0.2686800062656402,0.7916752099990845,0.9026819467544556
5254,-1.0548361539840698,-0.188740849494934,-2.3011977672576904
5255,-2.8738820552825928,0.3019253015518188,-2.62226939201355
5256,1.7758355140686035,1.7711039781570437,1.1565319299697876
5257,-2.393695116043091,-1.026226282119751,-2.1297831535339355
5258,-2.2292816638946533,-2.333364963531494,-2.420706033706665
5259,2.6779820919036865,1.0313999652862549,3.0163064002990723
5260,-1.4784042835235596,0.5466997623443604,-0.6042296886444092
5261,-0.7389533519744873,-0.0487090349197387,-1.550850510597229
5262,-1.1273595094680786,0.4544840157032013,-2.761148691177368
5263,-0.2470721900463104,0.7938493490219116,-0.4654799997806549
5264,0.4716918766498565,0.0553056001663208,1.0515731573104858
5265,-1.330794095993042,1.038219928741455,-2.080120801925659
5266,-2.093799591064453,-1.21168851852417,-1.9995962381362915
5267,2.3289682865142822,2.4589531421661377,3.192966938018799
5268,-1.0914467573165894,0.3205002546310425,-1.4447307586669922
5269,0.2963884472846985,1.412327527999878,0.9792596101760864
5270,1.876195788383484,1.5951911211013794,2.517472982406616
5271,-2.497215509414673,-0.0524356365203857,0.2314368486404419
5272,2.933220386505127,1.155927300453186,1.90046226978302
5273,-1.3083624839782717,0.5101962089538574,-1.0753957033157349
5274,-1.59542715549469,-0.7423686981201172,-2.304804801940918
5275,-1.5600857734680176,-2.0948946475982666,-2.14507269859314
5276,0.378739982843399,0.790492057800293,-0.6909248232841492
5277,-1.0391314029693604,-1.2359862327575684,0.8764481544494629
5278,-1.1714973449707031,0.4408751726150512,-1.7253886461257937
5279,1.734779715538025,2.099727869033813,2.98644757270813
5280,-2.4399943351745605,-1.6399608850479126,-3.316122770309448
5281,0.3415683209896087,0.2868416309356689,0.6424620151519775
5282,3.0276072025299072,2.2210826873779297,2.372735500335694
5283,2.026576042175293,2.200564384460449,2.5804147720336914
5284,-0.430029422044754,0.2816734910011291,-0.2571398019790649
5285,-2.919252872467041,-1.353210687637329,-1.1423628330230713
5286,2.464607715606689,3.1463499069213867,2.733262777328491
5287,0.6767727732658386,1.0941426753997805,-0.6036643385887146
5288,-1.0128841400146484,0.3536297678947449,-0.153061494231224
5289,-4.576088905334473,-0.4577288031578064,-2.132514476776123
5290,-0.920649528503418,0.3264520168304443,1.3579826354980469
5291,2.387969970703125,2.2567124366760254,2.532660961151123
5292,-1.557436466217041,-1.5079776048660278,-0.0045260190963745
5293,-1.971523880958557,-2.922133684158325,-3.115061521530152
5294,0.96733558177948,0.7370203137397766,1.8364781141281128
5295,-0.8421371579170227,-1.1643211841583252,-0.6917885541915894
5296,-1.0073068141937256,-0.6421856880187988,-1.964643120765686
5297,-2.772273302078247,-1.7511337995529177,-2.495093584060669
5298,1.689988613128662,0.4055703282356262,0.5149941444396973
5299,-0.7359979152679443,-1.3397094011306765,-1.0692803859710691
5300,-1.6430089473724363,2.1423869132995605,1.4611533880233765
5301,-3.236364364624023,-1.7722450494766235,-2.907036542892456
5302,0.1821950078010559,1.4290248155593872,2.150762796401977
5303,2.622004985809326,1.6116286516189575,0.8856968879699707
5304,2.376007318496704,2.975046873092652,1.4730935096740725
5305,-0.226321130990982,-1.8102670907974243,-1.377533793449402
5306,1.0580204725265503,1.3357824087142944,2.512864828109741
5307,1.6249560117721558,1.042070388793945,-0.1599136292934417
5308,0.7907465696334839,2.333024024963379,1.3869564533233645
5309,0.5017369985580444,-0.823721170425415,1.96941876411438
5310,1.5620076656341553,2.8109323978424072,-0.226776972413063
5311,2.039668321609497,1.420384407043457,2.3584372997283936
5312,1.607675313949585,0.92223060131073,1.3835015296936035
5313,-0.7203983664512634,0.1512956023216247,-0.19428551197052
5314,2.328939914703369,2.101569652557373,2.764556646347046
5315,-2.989043474197388,-2.46385145187378,-2.2634382247924805
5316,0.0069273710250854,1.5711888074874878,0.2211041897535324
5317,-0.8527040481567383,-0.8729226589202881,-0.5745853781700134
5318,-0.0251710414886474,-1.510784387588501,-0.5118207931518555
5319,-0.7670899033546448,-1.3821393251419067,-1.5460261106491089
5320,-2.317591905593872,-1.4324721097946167,-2.13418960571289
5321,0.7297312617301941,2.045323848724365,2.627180337905884
5322,-0.907550811767578,-1.3437418937683103,-1.1092112064361572
5323,-0.7460929155349731,-2.004544496536255,-1.212415099143982
5324,0.6695812940597534,-1.0289067029953003,-0.5462416410446167
5325,1.2253453731536863,-1.7440035343170166,-1.8961615562438965
5326,-1.1424943208694458,0.2132170796394348,1.1766406297683716
5327,2.4575629234313965,2.091395139694214,2.425595760345459
5328,2.736295700073242,1.306420922279358,2.283920764923096
5329,1.488212823867798,0.8719209432601929,1.0704418420791626
5330,0.915116250514984,1.186238169670105,-0.2234982699155807
5331,-0.3533509075641632,-1.7273838520050049,-0.4483576416969299
5332,-0.0992272496223449,0.8421493768692017,-1.4097929000854492
5333,0.099511444568634,-0.97897469997406,-0.2274520248174667
5334,-0.2866424918174743,-2.0078582763671875,-2.302160263061523
5335,-1.905215859413147,-2.649505615234375,-2.9882969856262207
5336,-2.1147310733795166,-2.184214353561402,-2.134167194366455
5337,0.1256414055824279,-0.2663154006004333,0.0615017861127853
5338,-1.7396860122680664,-0.6325811147689819,-0.2274127006530761
5339,0.4219495058059692,0.4277131855487823,-1.8604577779769893
5340,0.0946941673755645,-1.341458439826965,-1.924736380577088
5341,-1.6454010009765625,-3.1867403984069824,-2.141373634338379
5342,-0.6368733048439026,-0.8310137987136841,-0.8448818325996399
5343,-0.5909225344657898,-1.3596752882003784,-1.658764362335205
5344,-0.5111205577850342,0.909084975719452,0.7030577659606934
5345,1.32372784614563,2.293320894241333,0.7594491243362427
5346,-1.622739315032959,-2.0692737102508545,-0.65604567527771
5347,-2.9866185188293457,-0.689407467842102,-0.1314028203487396
5348,-0.7673106789588928,-1.6554771661758425,-0.4791619777679443
5349,1.5850121974945068,0.1056976914405822,1.9860498905181885
5350,-1.4806091785430908,-1.2142313718795776,-1.4388830661773682
5351,0.958216667175293,-0.0132087469100952,0.0975790917873382
5352,-0.2505159676074981,0.1038751602172851,-0.0558929145336151
5353,2.055037498474121,1.686040997505188,-2.1785054206848145
5354,0.9244678020477296,-0.0597092509269714,2.7888779640197754
5355,-1.2371091842651367,-1.8073713779449463,-1.0218061208724976
5356,0.8620084524154663,1.359673261642456,0.9649516344070436
5357,-0.5069264769554138,-0.860810399055481,-0.8784955739974976
5358,-1.9245847463607788,-0.521660327911377,-0.2687668800354004
5359,-1.5172934532165527,-1.700611591339111,-2.8294806480407715
5360,1.4923343658447266,1.1991955041885376,1.355739951133728
5361,-2.560070276260376,2.269987106323242,0.0425594747066497
5362,-2.2807154655456543,0.0572941899299621,-1.7110867500305176
5363,-0.9412268996238708,-1.9178597927093504,-1.90429162979126
5364,-0.4785038232803345,1.263119101524353,2.3149664402008057
5365,-0.6989333033561707,-0.3282997608184814,-0.4648801684379577
5366,1.8973147869110107,1.729292392730713,0.8881192207336426
5367,1.1437565088272097,0.6284098625183105,-0.6167471408843994
5368,-0.2626841962337494,1.624465823173523,0.6429294943809509
5369,-0.9527449011802672,-1.0873596668243408,-0.3300948143005371
5370,-1.8382384777069087,-2.4242513179779053,-1.8776588439941408
5371,2.4634625911712646,3.274047374725342,2.95924711227417
5372,0.8688032627105713,1.6640530824661257,1.8186687231063845
5373,1.9204384088516235,0.6481118202209473,0.2378292381763458
5374,-1.5165698528289795,-1.273492455482483,-1.5440300703048706
5375,0.974511981010437,1.0900102853775024,-0.0722591578960418
5376,-0.272663801908493,-0.0356670022010803,1.456445574760437
5377,-0.3587095439434051,-0.5670669078826904,1.625186800956726
5378,-2.94973087310791,-1.626715064048767,-2.027132749557495
5379,-0.3046518564224243,1.0774827003479004,0.1989610493183136
5380,1.0854698419570925,-1.284106969833374,-0.7094889879226685
5381,-1.193864345550537,-2.105546712875366,-0.6914924383163452
5382,-0.5994161367416382,-0.7730966806411743,0.4852138757705688
5383,0.142040878534317,0.840294361114502,0.9970859289169312
5384,-0.1330598294734954,-1.370086431503296,-1.5469423532485962
5385,-2.2109498977661133,-2.273658990859986,-2.131394386291504
5386,-1.1725846529006958,-1.5309202671051023,-1.3095020055770874
5387,0.5481923222541809,2.19368839263916,-3.077566385269165
5388,-1.5419459342956543,-1.496083378791809,-1.289646863937378
5389,0.9629905819892884,-2.3157639503479004,-2.0811209678649902
5390,-1.1064836978912354,0.5818697214126587,-0.1531545966863632
5391,2.040779829025269,2.426733016967773,3.042592287063598
5392,-4.576075553894043,-0.5292737483978271,-1.139535665512085
5393,0.4936031997203827,0.9334875345230104,-1.7897282838821411
5394,0.1370394825935363,0.35025155544281,-0.5888453722000122
5395,2.813316822052002,2.5506391525268555,3.266534805297852
5396,1.5809366703033447,-0.5298247337341309,-0.2809478044509887
5397,0.2165888845920562,1.0174766778945925,0.9694008827209472
5398,-0.3889330923557281,0.0320661067962646,-1.535352349281311
5399,0.196300983428955,1.0731674432754517,0.7732683420181274
5400,1.4044475555419922,0.9603488445281982,-0.320688784122467
5401,1.1608543395996094,1.3886078596115112,0.7285917401313782
5402,-2.119362592697144,-2.678472757339477,-4.016631603240967
5403,2.0364272594451904,2.521254777908325,3.568309545516968
5404,0.6461229920387268,1.2281687259674072,1.2611867189407349
5405,-1.142216682434082,1.293631076812744,1.5357823371887207
5406,-1.0351760387420654,0.03665691614151,1.5514962673187256
5407,-2.785205364227295,0.1974692344665527,-1.99863862991333
5408,2.882299900054932,2.10205078125,2.206193208694458
5409,0.1291576325893402,1.2747186422348022,1.04913067817688
5410,-0.0840176939964294,0.556949257850647,-0.0533128380775451
5411,-2.05279803276062,1.9855773448944087,1.1066194772720337
5412,-2.309252977371216,-2.7165415287017822,-3.5661799907684326
5413,-1.6508116722106934,0.0413010716438293,1.1147336959838867
5414,0.1636757850646972,-0.680472731590271,-1.2216582298278809
5415,-1.391362547874451,-0.550956130027771,-2.357900619506836
5416,-1.681719183921814,-0.9452027082443236,-1.1846132278442385
5417,0.6884275674819946,2.051075458526612,2.534745931625366
5418,1.488305687904358,0.0349200963973999,0.0963400900363922
5419,-0.3960978984832763,-1.484516978263855,-0.0056405663490295
5420,-0.9924624562263488,-0.4218343198299408,-1.422343373298645
5421,-2.4626193046569824,-2.744682788848877,-2.803072452545166
5422,-1.6148841381072998,-0.3116769790649414,-0.3105258047580719
5423,-0.2030324041843414,-0.5612951517105103,-1.0430908203125
5424,1.828994512557984,1.1876490116119385,1.3078150749206543
5425,-0.2504189312458038,-1.259108304977417,-0.7991703152656555
5426,-1.4343688488006592,0.154122769832611,-2.48687744140625
5427,-0.7576185464859009,-1.235939860343933,-3.2807838916778564
5428,-0.9334661960601808,-1.300059199333191,-0.952662706375122
5429,-0.8706726431846619,-2.0610740184783936,-2.306207656860352
5430,0.8692482113838196,-0.4972251951694488,-0.7122792601585388
5431,-2.363672971725464,-0.6285407543182373,-1.6278014183044434
5432,1.0694384574890137,1.4776381254196167,1.72897207736969
5433,-1.5437103509902954,0.8557721972465515,-2.970142126083374
5434,2.57336974143982,1.745643138885498,-0.3811077177524566
5435,1.5885982513427734,0.7198079824447632,-1.0449045896530151
5436,-2.576451301574707,-1.736581325531006,-2.746936798095703
5437,-0.6860167384147644,1.1880428791046145,-0.5423728227615356
5438,-0.6507295370101929,-0.5936354398727417,-0.0498096644878387
5439,-0.6920638084411621,0.4215416610240936,1.222761869430542
5440,-2.4531283378601074,-3.0851292610168457,-2.8600432872772217
5441,1.7167681455612185,1.4247105121612549,-1.1440407037734983
5442,2.215482234954834,0.7261602878570557,2.7618091106414795
5443,-1.171916365623474,1.4867823123931885,-0.71944260597229
5444,-0.4872904419898987,-1.923974633216858,-1.0722278356552124
5445,1.812886476516724,1.83349084854126,2.858863592147827
5446,1.0664721727371216,0.9073048830032348,0.5343767404556274
5447,1.522670030593872,2.417069673538208,3.2372467517852783
5448,-0.3285674452781677,-2.005586862564087,-0.3667564392089844
5449,1.6470420360565186,2.5868422985076904,0.4834967851638794
5450,0.7971407175064087,2.633185863494873,0.6312378644943237
5451,0.6491527557373047,1.188443303108215,1.4894413948059082
5452,0.0622564852237701,1.8754023313522337,-0.0358330905437469
5453,2.2937026023864746,-1.505332350730896,-0.3078472912311554
5454,1.98589026927948,2.410752534866333,-0.7998285889625549
5455,-0.677291989326477,0.7915782928466797,0.2900661826133728
5456,-1.4012569189071655,-1.3063231706619265,-0.946739375591278
5457,-0.0411800146102905,-1.0186563730239868,-0.8821452856063843
5458,-2.109478712081909,-2.5627684593200684,-2.314408779144287
5459,-1.7073756456375122,1.3525383472442627,1.208795428276062
5460,-2.553806066513061,-2.186600923538208,1.023012399673462
5461,2.2672536373138428,1.2078397274017334,2.581626892089844
5462,3.306949615478516,2.363976240158081,3.2168936729431152
5463,-1.2572922706604004,-2.288224220275879,-0.0919198095798492
5464,-0.1024444997310638,1.240647315979004,-0.9293067455291748
5465,-0.2392928600311279,-0.7110985517501831,-0.7105200886726379
5466,-1.5401556491851809,-1.4416532516479492,-1.856096863746643
5467,-0.0709288418292999,1.255750298500061,0.1454162448644638
5468,1.2721924781799316,0.6109983325004578,1.6947150230407717
5469,-1.1701339483261108,0.0487467050552368,2.443848133087158
5470,2.466440200805664,2.892075777053833,2.544506311416626
5471,-0.2141903638839721,-1.0082049369812012,-1.712626814842224
5472,-0.6361375451087952,-1.159560203552246,-0.3083565235137939
5473,0.825371265411377,2.314984083175659,2.2777881622314453
5474,1.0120288133621216,2.030165433883667,2.5656073093414307
5475,1.0166712999343872,1.2948615550994873,2.234140396118164
5476,-1.559897541999817,-0.7453505992889404,-1.5637922286987305
5477,-1.90759825706482,0.6570179462432861,-1.716901421546936
5478,-3.1960248947143555,-1.998478889465332,-3.303253412246704
5479,-2.166689395904541,0.6060662269592285,0.0316779911518096
5480,-1.5297874212265017,-2.1812736988067627,-2.6083202362060547
5481,1.091428279876709,1.4236458539962769,0.4254649877548218
5482,-1.400254726409912,-1.4150490760803225,0.4418496489524841
5483,-1.7266677618026731,0.4516540169715881,-0.894672155380249
5484,-0.5243722200393677,0.2005787491798401,0.7309784889221191
5485,1.4053510427474976,2.564747095108032,2.97749400138855
5486,1.702137470245361,-0.0718454718589782,0.4914367198944092
5487,2.1370232105255127,2.323887348175049,1.530992865562439
5488,0.739845871925354,1.2301441431045532,-0.711607038974762
5489,0.3779104650020599,1.4170377254486084,-1.6749162673950195
5490,1.8286372423172,1.3913229703903198,0.8858469128608704
5491,1.0943390130996704,0.7055753469467163,-1.444194197654724
5492,-1.907206535339356,-0.4215428829193115,-1.815615177154541
5493,-0.6744511127471924,-0.8012679815292358,-0.7405959963798523
5494,-0.9950295686721802,-1.546424150466919,0.464404821395874
5495,-0.3755817711353302,1.301834225654602,-0.5751669406890869
5496,1.573641300201416,1.4190940856933594,0.5485928654670715
5497,-0.3402446210384369,-0.7392563819885254,-1.7124873399734497
5498,-4.152254104614258,-3.5921406745910645,-3.1666088104248047
5499,0.2972865700721741,0.068016231060028,-0.8504083156585693
5500,-1.048359751701355,-0.4988607168197632,0.00677090883255
5501,-1.4817628860473633,1.8756520748138428,0.9005833268165588
5502,-0.1547745466232299,-0.0039939880371093,-2.555990695953369
5503,-2.7111194133758545,-2.9283201694488525,-1.789453148841858
5504,-0.5278898477554321,-1.842444896697998,-1.075882077217102
5505,-1.9899722337722776,-1.227067470550537,1.1595945358276367
5506,-0.920969784259796,-0.4033927619457245,-1.6552371978759766
5507,-0.5138410329818726,-1.3306156396865845,-0.895616888999939
5508,0.8219590783119202,0.0025131106376647,0.4246580600738525
5509,-1.397374153137207,-0.8606733679771423,0.4553870260715484
5510,-3.0862245559692383,-2.6937501430511475,-3.166321277618408
5511,0.0763747990131378,0.3239120841026306,0.7225930094718933
5512,2.008174657821656,2.35404372215271,2.1830151081085205
5513,-1.6949435472488403,-1.149603009223938,-2.2425668239593506
5514,1.6191407442092896,2.036488771438598,3.357054710388184
5515,-0.0410498976707458,-0.0458636283874511,1.0523871183395386
5516,-0.8129553198814392,-0.3378517627716064,-0.9658692479133606
5517,1.2973217964172363,1.5895413160324097,-1.471710205078125
5518,-1.4047943353652954,-2.3734912872314453,-2.523387670516968
5519,-2.303279399871826,0.4538614451885223,-2.030067682266236
5520,-0.8907885551452637,-0.8752974271774292,-0.3237385749816894
5521,-0.6581736207008362,-0.8566572666168213,-0.4480530321598053
5522,-0.6623767614364624,-1.393388271331787,-1.857925534248352
5523,2.294150829315185,2.113617420196533,0.6189135313034058
5524,-2.101660251617432,-0.3708753585815429,-1.9510400295257568
5525,-2.120514392852783,-1.1907784938812256,-1.779632329940796
5526,1.7043949365615845,1.2266594171524048,-2.445962905883789
5527,-1.3355449438095093,0.6189737319946289,-1.5262088775634766
5528,1.9032427072525024,1.2942194938659668,0.7244917154312134
5529,-2.8218281269073486,-1.623883843421936,-2.001404047012329
5530,-1.9231311082839968,-2.1258277893066406,-1.0401548147201538
5531,-2.771894931793213,-0.2511441111564636,-1.5442800521850586
5532,2.663144588470459,2.313038349151612,3.0719826221466064
5533,1.047986388206482,1.5333833694458008,2.1885855197906494
5534,-3.580294609069824,-3.39502215385437,-3.040895462036133
5535,2.017347812652588,1.654628038406372,2.54717230796814
5536,-1.9149980545043943,0.2421307563781738,1.546269416809082
5537,0.0260794460773468,-1.5802490711212158,-1.8173253536224363
5538,-2.7052135467529297,0.3256055116653442,1.0646051168441772
5539,0.8747673034667969,-0.3401567339897156,-0.6549499034881592
5540,0.5469139218330383,0.3798062801361084,-0.6176148056983948
5541,1.136729717254639,-1.3206791877746582,-1.647240161895752
5542,-2.1738944053649902,-2.784343719482422,-0.9650673866271972
5543,0.9614951610565186,1.3861548900604248,2.0354182720184326
5544,0.8657503128051758,-0.0175442099571228,-1.6956212520599363
5545,-1.7271842956542969,-0.1822332739830017,-0.8991633653640747
5546,-2.65696382522583,-1.3846646547317505,-2.068134307861328
5547,-2.9753267765045166,-2.076045513153076,-2.023367166519165
5548,-1.5269314050674438,0.1664947867393493,1.357807159423828
5549,-0.2363466322422027,1.2755012512207031,0.1252548992633819
5550,-2.0812082290649414,-1.4146263599395752,-1.9263153076171875
5551,-1.469569444656372,-0.0087060332298278,0.2377321422100067
5552,3.167149305343628,2.501271724700928,2.79056453704834
5553,0.0612581968307495,0.0678293108940124,-0.1229325830936431
5554,-0.8520007729530334,0.8070443868637085,-1.0561977624893188
5555,-0.8583542108535767,-1.3360825777053833,-2.0534372329711914
5556,0.8895695209503174,2.150593042373657,0.596167802810669
5557,-0.3899856507778168,-1.244392156600952,-0.9636154174804688
5558,1.414278268814087,1.1841471195220947,2.6448395252227783
5559,-3.649633884429932,-2.605456113815308,-2.421770572662353
5560,-0.1871117651462555,0.4024636745452881,1.7222940921783447
5561,1.653080940246582,1.6302886009216309,1.5105948448181152
5562,-1.5086593627929688,-0.3463719487190246,-1.5515170097351074
5563,3.135446310043335,2.5541861057281494,3.909658193588257
5564,-0.7086423635482788,-1.2122820615768433,0.4913934469223022
5565,0.5845567584037781,-0.1426715850830078,-0.774764358997345
5566,-2.883880138397217,-3.001291513442993,-3.4516022205352783
5567,-1.1382744312286377,0.8936761617660522,2.2032437324523926
5568,2.4046454429626465,2.9880921840667725,2.5837295055389404
5569,0.4782377481460571,0.6092783212661743,0.4098433256149292
5570,-0.595899760723114,2.095139503479004,1.2696605920791626
5571,1.048845291137695,0.7495961785316467,1.5969399213790894
5572,1.7140358686447144,-0.1461070775985717,-1.5490710735321045
5573,-1.1045610904693604,-0.94210022687912,-1.3660264015197754
5574,0.2264989912509918,1.1974889039993286,2.174757242202759
5575,-1.0435296297073364,-0.5747217535972595,-0.1472143083810806
5576,-0.461157351732254,0.1217768788337707,0.366252988576889
5577,-0.27893927693367,0.6130058765411377,-0.3415988087654114
5578,0.5673140287399292,0.4195295572280884,0.353531152009964
5579,-0.4688173830509186,0.6820324063301086,-0.9889746904373168
5580,-1.6583192348480225,-1.602198600769043,0.7339267134666443
5581,-0.2173285484313964,-1.6612799167633057,-0.6136555075645447
5582,-0.4346845746040344,1.1757655143737793,-1.2008968591690063
5583,2.7816002368927,1.864637851715088,1.136849045753479
5584,0.2290872037410736,1.0839321613311768,0.8393378257751465
5585,0.8633849620819092,1.4293479919433594,1.5465319156646729
5586,-2.8858911991119385,-1.231522798538208,-4.0136799812316895
5587,2.2604713439941406,0.967387318611145,-0.2048049569129943
5588,-0.9336099624633788,-0.6098684072494507,0.638852596282959
5589,-1.5164514780044556,-2.253581523895264,-3.728753566741944
5590,0.020798921585083,-0.9983302354812622,-0.0900968015193939
5591,-1.3481299877166748,0.6256978511810303,-0.9626052379608154
5592,-1.218830943107605,-0.5681511163711548,-1.8948924541473389
5593,-1.897951602935791,0.0219853520393371,2.08418345451355
5594,-0.0769953429698944,-0.9454050064086914,-0.5492261052131653
5595,-0.1810180246829986,-0.3209686577320099,-1.5463184118270874
5596,-3.63711929321289,-2.132704734802246,-3.017352104187012
5597,1.7337701320648191,0.0385084748268127,1.2561142444610596
5598,1.2539609670639038,-0.5295621156692505,0.1938053369522094
5599,0.6036497950553894,2.374849557876587,-0.8729760646820068
5600,-2.4235222339630127,-0.0004574060440063,-1.7068536281585691
5601,1.915555477142334,0.7366533279418945,-1.5709474086761477
5602,3.1145942211151123,2.122082233428955,1.0384546518325806
5603,2.4058985710144043,1.5737351179122925,2.741410255432129
5604,0.0404309630393981,-0.3104668259620666,0.0655209124088287
5605,-2.5789623260498047,-0.7286093235015869,-3.5057201385498047
5606,-1.906602382659912,-0.4579354524612427,-0.8789042234420776
5607,0.6456654071807861,0.1995555758476257,0.9268040657043456
5608,-0.9927921295166016,1.4030537605285645,1.4659631252288818
5609,0.0967390537261962,0.8244609832763672,2.0772347450256348
5610,0.8280642032623291,0.331719160079956,1.435033082962036
5611,-1.9843956232070925,1.8813594579696653,2.567412137985229
5612,0.4202353358268738,-1.3112765550613403,-0.959755539894104
5613,-3.187286138534546,-2.498547077178955,-3.0421957969665527
5614,0.1519941091537475,1.2114129066467283,0.7107675075531006
5615,-2.413454055786133,2.0036635398864746,-0.1773340106010437
5616,2.4677042961120605,2.6330406665802,3.398818254470825
5617,-1.0754600763320925,-1.1298147439956665,-0.8772199153900146
5618,0.2288302779197693,-0.0164954662322998,0.2055277824401855
5619,-1.1647130250930786,-0.7318483591079712,-1.299882411956787
5620,0.0583078265190124,0.8917046189308167,0.0678183436393737
5621,-1.0166031122207642,-0.0230994820594787,-1.3466758728027344
5622,0.8365491032600403,0.2212890982627868,0.8081783056259155
5623,-1.7123403549194336,-0.5377120971679688,-1.7840347290039062
5624,0.2215480208396911,0.1113419532775878,0.6175552606582642
5625,2.024009227752685,1.4460780620574951,1.4423534870147705
5626,2.281585454940796,2.545921087265014,1.681954860687256
5627,1.0860716104507446,1.4026880264282229,1.69692862033844
5628,0.1094751060009002,-0.184636116027832,0.1935192048549652
5629,0.9183675050735474,1.2334468364715576,1.4974591732025146
5630,-1.7391555309295654,0.5182943344116211,0.3180350065231323
5631,-0.73786860704422,-1.1761281490325928,-0.97121399641037
5632,-0.5086257457733154,-0.734204113483429,-1.5435396432876587
5633,1.06024432182312,0.835839033126831,0.6668778657913208
5634,0.3229827284812927,1.123745083808899,1.623996019363403
5635,0.5877562165260315,1.2635194063186646,0.0846224129199981
5636,2.02830171585083,1.2322156429290771,1.2026666402816772
5637,-0.6852195262908936,0.4273110628128052,1.93869423866272
5638,2.5817666053771973,2.156521797180176,1.078405261039734
5639,-2.713897466659546,1.076559066772461,-0.1822447776794433
5640,0.5789310932159424,0.2223277688026428,-0.0374869704246521
5641,1.6470528841018677,2.450538396835327,1.7201030254364014
5642,0.4759692847728729,0.9440633058547974,2.546273231506348
5643,1.4546852111816406,1.986563205718994,1.6560826301574707
5644,-0.5485466718673706,1.084221601486206,-0.0418119579553604
5645,0.7783839106559753,0.6287373304367065,-0.6393906474113464
5646,0.2026914358139038,-0.194097638130188,-1.243546485900879
5647,2.328972101211548,2.344174861907959,2.721654176712036
5648,-1.685592532157898,-0.5183084607124329,-2.795804738998413
5649,-0.4711441993713379,0.3692570328712463,-3.2313878536224365
5650,-0.0725577473640441,-0.1200329065322876,0.0084825456142425
5651,1.7288315296173096,1.2627419233322144,1.085123062133789
5652,-0.8959313631057739,-1.1758970022201538,-1.8647993803024288
5653,-2.855182409286499,-0.6431562900543213,0.1456007808446884
5654,0.5135338306427002,-0.447014182806015,-1.1384930610656738
5655,0.9182022213935852,0.968373477458954,0.3697588443756103
5656,0.6680370569229126,0.3480884432792663,0.4958128333091736
5657,-2.010390281677246,0.8277270793914795,-0.5927304625511169
5658,-0.0157253146171569,-0.061937928199768,0.4849055111408233
5659,-0.3146407008171081,-1.4424915313720703,-0.9601726531982422
5660,0.6240610480308533,-0.0918044447898864,-0.1531609147787094
5661,2.355343818664551,1.967244029045105,2.465721607208252
5662,-0.6934813261032104,-0.0214705467224121,-1.543944239616394
5663,-0.411619633436203,2.2802863121032715,-1.7293267250061035
5664,-0.0450367927551269,2.405103921890259,0.589486837387085
5665,0.988856077194214,1.19662606716156,-0.8043492436408997
5666,0.7497084736824036,0.661454975605011,0.184147760272026
5667,0.3958165645599365,1.0188984870910645,1.1376824378967283
5668,-1.200941801071167,-1.027127981185913,-0.7781989574432373
5669,-1.687966227531433,1.9603135585784912,-1.985092639923096
5670,-0.078420877456665,-0.0427615642547607,-0.5770184397697449
5671,2.3983097076416016,1.4649782180786133,-0.0851212441921234
5672,1.3101577758789062,0.9969684481620787,1.4909948110580444
5673,-0.6747170686721802,-0.5762243270874023,0.8062899708747864
5674,-1.2610013484954834,-1.8331220149993896,-0.5429170727729797
5675,-0.2271191477775573,0.657044529914856,0.2839919924736023
5676,-0.8993759155273438,-1.1700704097747805,-0.2277005612850189
5677,1.6791120767593384,1.51981782913208,1.2137519121170044
5678,-0.679593563079834,-0.363619863986969,-0.7877439856529236
5679,-0.4125382304191589,-0.3475604653358459,-1.0498459339141846
5680,-0.7439097166061401,0.1747874617576599,-0.10732102394104
5681,-1.1430039405822754,-2.694513320922852,-1.7219038009643557
5682,-2.238083839416504,0.5094023942947388,-0.2371968477964401
5683,-1.564669132232666,-1.087949514389038,-1.1624897718429563
5684,2.892158508300781,2.8606202602386475,3.161919593811035
5685,-1.142380714416504,-0.4767770171165466,-1.924513816833496
5686,0.2923114895820617,1.0509060621261597,0.3402109444141388
5687,-0.4036973118782043,0.3532425165176391,-0.2259376943111419
5688,2.1289074420928955,1.2052292823791504,1.4636030197143557
5689,2.544419765472412,2.131946563720703,2.3278520107269287
5690,-0.2791327834129333,-1.0389318466186523,1.260128378868103
5691,-2.209852457046509,-1.3737667798995972,-3.475881099700928
5692,0.8849518895149231,2.347054958343506,1.7281302213668823
5693,0.8840728998184204,1.3044536113739014,0.0212701261043548
5694,-2.722726345062256,-1.8690069913864136,-1.0587749481201172
5695,3.098679304122925,2.1475043296813965,2.851973533630371
5696,-2.10745906829834,-3.039188861846924,-3.1665055751800537
5697,3.108120441436768,2.298156499862671,2.634751558303833
5698,-1.824037909507752,-2.325783014297486,-2.948474407196045
5699,-2.171295166015625,0.2578301429748535,-0.2106900811195373
5700,-0.3566894829273224,1.738316535949707,1.047207951545715
5701,-0.445708155632019,0.643046498298645,-0.7316697239875793
5702,-2.254630327224731,-2.378178834915161,-2.095855712890625
5703,-2.711189746856689,-2.4958243370056152,-0.0743054747581482
5704,-1.5605300664901731,0.0795387029647827,-2.261549711227417
5705,0.0346624851226806,-0.4857567846775055,-1.4804002046585083
5706,1.3239480257034302,1.1043059825897217,-0.2346496284008026
5707,-0.7865742444992065,-0.5209815502166748,-1.8323413133621216
5708,0.642041802406311,-0.316571295261383,0.0702176392078399
5709,-0.8946605920791626,1.216562032699585,-0.6688342094421387
5710,-2.2318100929260254,-2.110219955444336,-2.569141864776612
5711,0.5866111516952515,0.6845334768295288,2.3577239513397217
5712,-2.757516384124756,-0.9256388545036316,-0.8114403486251831
5713,1.2439159154891968,0.5973541736602783,-0.5574703216552734
5714,2.430858612060547,2.708422899246216,2.629790067672729
5715,-1.3320986032485962,-2.185723781585694,0.7819328308105469
5716,-2.2162981033325195,-2.408079147338867,0.333462119102478
5717,0.2920048832893371,-2.874903917312622,-0.6136794090270996
5718,1.208537459373474,2.385271072387696,0.0196286439895629
5719,0.1725890636444091,1.946869850158692,-0.0248310267925262
5720,2.13855504989624,-1.5087980031967163,1.2980573177337646
5721,0.0433607101440429,-1.2059195041656494,-2.0264010429382324
5722,1.3466932773590088,0.1262319087982177,0.1968046724796295
5723,0.9729955196380616,2.4729936122894287,0.5340381860733032
5724,0.3479928970336914,0.2482628226280212,1.6062713861465454
5725,-2.05301284790039,0.1533572077751159,-0.6052120923995972
5726,3.202352523803711,1.9798535108566284,2.390576362609864
5727,-1.3169864416122437,-1.3513776063919067,-0.3252201080322265
5728,2.912825345993042,1.859708547592163,2.478148937225342
5729,-0.8007024526596069,-0.4275582730770111,-2.4489221572875977
5730,-0.7744506597518921,1.769111156463623,0.6989946365356445
5731,0.1945021748542785,1.6801197528839111,1.9041370153427124
5732,-1.9001526832580569,-1.8220291137695312,-1.24130380153656
5733,0.9136359691619872,0.4720147848129272,0.9211441278457642
5734,3.0572540760040283,2.202014207839966,2.387444257736206
5735,-0.762238085269928,2.015049695968628,1.769969820976257
5736,-2.837313175201416,-2.602401733398437,-2.521977663040161
5737,1.0617892742156982,1.879286766052246,-0.74970942735672
5738,-1.572800874710083,-0.1567510962486267,-1.9660494327545168
5739,-0.0851949453353881,-0.9311919808387756,-0.3472517132759094
5740,-2.157554626464844,-2.2377312183380127,-2.904560804367065
5741,2.8195250034332275,2.0174436569213867,2.3172755241394043
5742,-0.9232445955276488,-2.1071197986602783,-2.8544998168945312
5743,2.7505249977111816,2.474568128585815,3.0084598064422607
5744,-1.8379873037338257,-0.3332783877849579,0.2049659192562103
5745,0.4557079076766968,1.0015408992767334,-0.0213008224964141
5746,-2.6385419368743896,-1.4691838026046753,-1.5395238399505615
5747,0.5830655694007874,-0.5045219659805298,-0.7056758403778076
5748,-1.7263259887695312,-1.2811667919158936,0.0489338338375091
5749,-0.813785195350647,0.650963544845581,-1.7895176410675049
5750,1.867768287658692,1.168129801750183,0.7289914488792419
5751,-1.475885272026062,-0.4518762826919555,-1.873585820198059
5752,-2.6834311485290527,-2.2723283767700195,-3.4760541915893555
5753,-1.984549045562744,0.4518183171749115,-0.128622829914093
5754,1.2099604606628418,1.1193697452545166,2.073768615722656
5755,-1.909918189048767,-0.9636944532394408,-1.5964574813842771
5756,-0.6620580554008484,-0.4993733465671539,0.618915319442749
5757,1.885973691940308,1.8091257810592647,0.5188362002372742
5758,-0.3387604355812073,-2.2901735305786133,-2.236776828765869
5759,-0.8146052956581116,0.0255539417266845,1.5263686180114746
5760,-1.014732837677002,-2.197763204574585,-0.8969391584396362
5761,-0.8520410060882568,-0.734263002872467,-2.088855504989624
5762,-2.9863646030426025,-2.4538838863372803,-2.718228340148926
5763,-1.9255427122116089,-2.043077230453491,-1.5010805130004885
5764,-1.1604231595993042,2.6932945251464844,2.3612754344940186
5765,1.7969136238098145,1.3741228580474854,0.7677572965621948
5766,1.0639193058013916,1.0321853160858154,-0.8883647918701172
5767,-2.2866461277008057,-2.015008449554444,-1.8277803659439087
5768,0.827080488204956,0.7134665250778198,1.0218969583511353
5769,-1.4856024980545044,-0.1714738607406616,-2.0373029708862305
5770,-0.3093437254428863,0.997115671634674,1.9639217853546145
5771,-0.9541217684745787,-0.8323034048080444,-0.6689035296440125
5772,3.211658477783203,2.460813045501709,3.1568081378936768
5773,1.2499176263809204,1.5622941255569458,0.3499271273612976
5774,1.8047897815704343,0.3843531608581543,0.6796337366104126
5775,-0.90135657787323,-0.4289565682411194,-0.8815650343894958
5776,2.581296920776367,1.8540173768997192,2.688380241394043
5777,2.247381687164306,2.499928474426269,2.234152317047119
5778,2.906698226928711,2.518904685974121,2.9772748947143555
5779,0.6789354085922241,1.633908987045288,1.768436312675476
5780,-0.7391684055328369,-0.6932417154312134,-0.8815650343894958
5781,-0.2609942555427551,-1.2756668329238892,-1.757645845413208
5782,1.343852400779724,1.2742464542388916,1.9265135526657104
5783,-0.1598989963531494,-1.5216939449310305,-0.5253101587295532
5784,2.3969736099243164,2.450423240661621,0.7845126986503601
5785,1.5623877048492432,1.289351224899292,-0.2703992128372192
5786,0.044313371181488,1.2736122608184814,1.809106945991516
5787,0.6590510606765747,0.6365266442298889,0.5396429896354675
5788,0.4756808876991272,-0.1486697196960449,1.9134714603424072
5789,-2.005747079849243,-1.381402850151062,-1.87547767162323
5790,-1.56377911567688,0.0288987159729003,1.9927786588668823
5791,1.894952774047852,0.7050020694732666,1.6904399394989014
5792,-0.2262206375598907,2.37849760055542,3.150377035140991
5793,-1.9115310907363887,-1.5702970027923584,-2.2333984375
5794,-0.4188076555728912,1.4914523363113403,-0.0900953114032745
5795,1.2459497451782229,1.1120301485061646,1.0723861455917358
5796,1.7816678285598757,2.1342031955718994,1.6232798099517822
5797,0.0010673999786376,0.3263555765151977,-0.6977481245994568
5798,-0.4053255021572113,0.0694884657859802,0.059394896030426
5799,-2.3027920722961426,-1.9917469024658203,-2.078415870666504
5800,-0.2393737435340881,0.4217236638069153,0.656484067440033
5801,-0.5229701995849609,-0.6153912544250488,-0.1258585751056671
5802,0.6682271361351013,-0.1198830008506774,0.7237933278083801
5803,-1.4457082748413086,0.3293782472610473,0.5969308018684387
5804,-1.1663007736206057,-1.8438796997070312,-1.3986507654190063
5805,-2.0672976970672607,-0.8576242923736572,-0.5613484978675842
5806,2.3253109455108643,0.693963885307312,0.657378077507019
5807,2.50657057762146,3.228077411651612,2.887595891952514
5808,2.229854106903076,0.4144468903541565,1.6244128942489624
5809,0.4801162481307983,1.5833650827407837,1.82558274269104
5810,0.8991254568099976,1.0937085151672363,-0.0338941812515258
5811,-0.7856709361076355,-0.9117997884750366,-1.4508137702941897
5812,1.1766387224197388,1.5954660177230835,2.3157708644866943
5813,-0.8867983818054199,-2.4577677249908447,-0.384198397397995
5814,1.7272504568099976,1.3153468370437622,2.119277000427246
5815,-0.4755295813083648,-0.5760695934295654,-1.780535101890564
5816,-4.3290791511535645,-2.000152587890625,-1.924904108047485
5817,-2.4355990886688232,0.3413813710212707,-1.2443820238113403
5818,0.0102097988128662,1.0627306699752808,-0.8892040252685547
5819,1.232596516609192,0.8115226030349731,1.402500033378601
5820,1.5592504739761353,1.838800072669983,1.6937941312789917
5821,1.2821862697601318,1.6127331256866455,0.0541514158248901
5822,0.0465003848075866,-1.3050628900527954,-0.625145673751831
5823,0.599042534828186,0.1050297617912292,-0.6951541304588318
5824,0.6478865742683411,-0.8430706262588501,-2.3213014602661133
5825,-0.9536859393119812,0.0300046801567077,0.4485422968864441
5826,0.5626786947250366,0.7785552144050598,0.8038098216056824
5827,-0.3461292386054992,-1.2143806219100952,-1.1491886377334597
5828,-3.1962411403656006,-2.468061923980713,-2.160733699798584
5829,1.2476426362991333,2.116030693054199,2.437162399291992
5830,-1.8147623538970947,-1.5313687324523926,-3.102255821228028
5831,-2.653515577316284,0.3881754279136657,-1.5592057704925537
5832,-0.8830511569976807,1.3308202028274536,0.2786861658096313
5833,1.0834059715270996,1.0313366651535034,-0.1289167702198028
5834,-1.1937105655670166,1.1962217092514038,0.7114381194114685
5835,2.756499052047729,1.7239259481430054,2.148005723953247
5836,0.1893391013145446,-0.9731828570365906,-0.0218041241168975
5837,2.9153802394866943,2.54749608039856,2.91162109375
5838,0.374522715806961,1.4192708730697632,2.208084344863892
5839,-2.263069629669189,1.8703382015228271,-2.7654473781585693
5840,-0.980925440788269,1.3557207584381104,-1.5079902410507202
5841,0.6898499131202698,1.2540674209594729,1.2199316024780271
5842,-1.9077534675598145,-1.457876205444336,-2.815422534942627
5843,1.9317562580108645,2.5098636150360107,2.828720092773437
5844,-1.9019672870635984,1.1806474924087524,-3.102406740188598
5845,0.0075975656509399,-0.8386703729629517,-2.2251014709472656
5846,-1.825252771377564,-1.0458728075027466,-0.4127106964588165
5847,-2.2791190147399902,0.0539674162864685,-2.370199918746948
5848,-0.4351188540458679,0.5450326204299927,-1.785608172416687
5849,1.0005038976669312,1.7311429977416992,0.536158561706543
5850,-1.8120118379592896,1.3466463088989258,-1.755348563194275
5851,-0.6791359782218933,0.8082457780838013,0.3178920745849609
5852,0.4728899002075195,-0.2123062014579773,-0.5634168386459351
5853,-2.67689847946167,-1.135455846786499,1.1676050424575806
5854,-0.6095857620239258,-1.5267221927642822,-2.5881919860839844
5855,0.6495901942253113,0.5234087705612183,0.4100346267223358
5856,-4.573334693908691,-3.272305488586426,-3.1807169914245605
5857,-1.570068359375,-2.463383674621582,-2.716840982437134
5858,0.153938740491867,0.9202259182929992,-0.53342604637146
5859,-0.1027134954929351,-0.8940231800079346,0.0711730420589447
5860,-2.257520198822021,-1.344269037246704,-2.904874324798584
5861,-1.1615447998046875,0.4260370433330536,0.3745403885841369
5862,-1.872286438941956,-0.7553434371948242,-0.7543286681175232
5863,-2.664586544036865,0.0100036859512329,0.0722827315330505
5864,2.085757255554199,1.895685195922852,1.4677835702896118
5865,0.6812540292739868,0.3926780223846435,-0.0269562602043151
5866,1.3387033939361572,1.9598252773284912,2.2463982105255127
5867,-3.3462138175964355,-1.1761040687561035,-3.01585054397583
5868,1.7814030647277832,1.603335738182068,1.2758198976516724
5869,1.0495522022247314,-0.8067007064819336,-1.027429699897766
5870,-1.9010002613067627,1.7975574731826782,1.5482803583145142
5871,-1.9046193361282349,-1.392508029937744,-1.6255780458450315
5872,-0.2403071820735931,-0.6152719259262085,-1.976725697517395
5873,-3.0443077087402344,-3.153874397277832,-2.271270513534546
5874,-0.7573198080062866,-0.4571487009525299,-1.0622819662094116
5875,-1.0729368925094604,1.0937085151672363,-0.978064775466919
5876,2.024744272232056,1.946095585823059,2.008533477783203
5877,-0.3588722050189972,0.6377649307250977,0.0012921690940856
5878,1.6695748567581177,1.8299987316131592,1.0761510133743286
5879,-2.8736257553100586,-1.477933049201965,-0.9805552363395692
5880,-1.0970808267593384,-1.039623737335205,0.0833534300327301
5881,1.8098156452178955,1.4943138360977173,1.881251096725464
5882,-2.1443896293640137,1.5761945247650146,1.48318612575531
5883,-3.0454046726226807,-2.755178213119507,-2.9133033752441406
5884,-0.8955221176147461,-1.433332920074463,-1.04325270652771
5885,-2.054929733276367,-2.886446952819824,-1.5790555477142334
5886,0.5017358064651489,-0.2631754875183105,-1.986222624778748
5887,-1.6437267065048218,-2.645572662353516,-3.055724859237671
5888,-0.0544821619987487,-0.5183286666870117,-2.0655643939971924
5889,-2.294463396072388,-1.7254552841186523,-1.050538182258606
5890,-0.4612496197223663,0.0175849795341491,-1.1951719522476196
5891,-0.9644708633422852,-0.9272634983062744,-1.8803893327713013
5892,0.7843961715698242,1.612751603126526,0.9617013931274414
5893,-1.0126421451568604,-1.201958417892456,-1.7354072332382202
5894,-2.4990880489349365,0.7886432409286499,1.4534733295440674
5895,1.3311755657196045,1.6654738187789917,1.8294049501419067
5896,0.8839412331581116,1.747161626815796,1.7598577737808228
5897,0.1288490891456604,0.0650848746299743,-1.8838058710098269
5898,-1.696801781654358,-1.6201331615447998,-2.132164478302002
5899,2.708970308303833,1.6203978061676023,0.6453447341918945
5900,-2.4081170558929443,-1.3192565441131592,-2.08625602722168
5901,0.7439287900924683,0.1329889893531799,1.7876662015914917
5902,-0.7419820427894592,-1.5152369737625122,-2.144031524658203
5903,2.3634285926818848,1.848611116409301,2.715914249420166
5904,-2.167369842529297,-1.694537878036499,-0.5134713649749756
5905,1.178362488746643,1.6422278881072998,0.7240760326385498
5906,-2.593434810638428,-2.0000131130218506,-2.8694052696228027
5907,0.0188299119472503,-1.62841534614563,-2.8456907272338867
5908,-1.5702784061431885,-2.697805881500244,-2.779052734375
5909,-0.6667386293411255,-0.1922528147697448,-0.0822276175022125
5910,0.6162585020065308,-0.1435142159461975,0.3559024930000305
5911,0.8729220628738403,-0.0076302886009216,-1.3003395795822144
5912,0.270177960395813,0.8789507150650024,0.2687012255191803
5913,-0.9294410943984984,-1.797815442085266,-0.5149856209754944
5914,-0.8520594239234924,0.7777643203735352,0.8764864206314087
5915,-2.7975425720214844,-3.070409774780273,-0.0009754002094268
5916,-2.074991464614868,-0.1974261403083801,-1.0434986352920532
5917,-0.2775118052959442,0.3721189498901367,0.6737792491912842
5918,2.751792430877685,2.172330141067505,2.683367967605591
5919,-1.0797085762023926,0.4727484285831451,1.3016923666000366
5920,-0.1117646694183349,-1.146698236465454,-2.0871822834014893
5921,-0.8140022158622742,0.1450715661048889,-0.5987414121627808
5922,0.6534197330474854,0.0674631595611572,-0.856590211391449
5923,-2.4783051013946533,-2.7905914783477783,-2.1862776279449463
5924,-2.436223268508911,-2.011717796325684,-2.806325435638428
5925,-1.0016567707061768,-0.2310295403003692,-2.143477201461792
5926,2.95766282081604,1.756595253944397,2.242228984832764
5927,-3.958404541015625,-0.238395094871521,-0.6123956441879272
5928,-2.409614324569702,-0.3595896065235138,1.0067113637924194
5929,-0.7576618194580078,0.8589204549789429,2.160844326019287
5930,2.3648622035980225,2.102572441101074,2.424499034881592
5931,-0.1806967854499817,-0.6286478638648987,-2.0264010429382324
5932,-0.2561554908752441,-0.6435850858688354,0.2885847687721252
5933,-0.6940029263496399,-2.105370044708252,-0.4844622910022735
5934,0.1878843307495117,1.2277032136917114,0.8695225119590759
5935,-1.703054666519165,-1.47774076461792,-0.6986244916915894
5936,-1.5260676145553589,-0.2247946262359619,-0.4801304936408996
5937,-0.9592326283454896,-1.6949301958084106,-0.5960288047790527
5938,-0.7621455192565918,-2.107279062271118,-2.3037478923797607
5939,0.7946078777313232,2.465418100357056,0.7930000424385071
5940,-2.5172717571258545,1.5469274520874023,-0.5596269369125366
5941,-1.4818540811538696,0.6579525470733643,-2.529472827911377
5942,-2.2791285514831543,-3.0337603092193604,-2.6408584117889404
5943,-0.2437577545642852,-1.328425645828247,-1.4458194971084597
5944,2.4833319187164307,2.417886018753052,1.0561532974243164
5945,1.079131007194519,0.0982912182807922,0.2163669764995575
5946,-3.732753038406372,-0.6429629325866699,1.7214200496673584
5947,-1.2571613788604736,2.2643086910247803,-1.2864320278167725
5948,-1.0552713871002195,-1.640002727508545,-2.02651047706604
5949,-0.6557585000991821,2.5483646392822266,2.794417142868042
5950,0.5170302391052246,-0.2615331411361694,-0.5156999826431274
5951,-1.9880136251449585,-2.8349175453186035,-2.2074296474456787
5952,1.4401217699050903,0.5604320168495178,-0.8447979688644409
5953,-2.1894938945770264,-1.364010453224182,-2.74255633354187
5954,1.0063891410827637,1.3887839317321775,-1.2659469842910769
5955,1.8739556074142456,2.7678821086883545,2.157355785369873
5956,1.7595350742340088,1.262415885925293,3.441866159439087
5957,-1.5935389995574951,-1.1039438247680664,-1.926496148109436
5958,-0.2277604639530182,-2.4627513885498047,-2.2241322994232178
5959,0.5086184144020081,0.1717255115509033,-0.2073145806789398
5960,-1.3308299779891968,0.0742201209068298,-3.57737684249878
5961,-1.0835450887680054,-0.0871009230613708,1.071510910987854
5962,1.61442768573761,-1.1652323007583618,-1.6703808307647705
5963,-2.3954992294311523,0.4485238194465637,-1.5400424003601074
5964,2.002360343933105,1.821792483329773,2.1292734146118164
5965,-2.560723304748535,0.5431360006332397,0.8794195652008057
5966,1.668596625328064,2.2636563777923584,0.9352594614028932
5967,-0.7086049318313599,1.231356859207153,1.6241590976715088
5968,-1.521657109260559,-1.7297013998031616,-1.2821632623672483
5969,0.783926248550415,2.1312851905822754,2.5584731101989746
5970,-0.6138400435447693,2.195547819137573,-0.3942020535469055
5971,0.412776380777359,-0.7771470546722412,-1.351460576057434
5972,-2.5275917053222656,-2.553724527359009,-2.802436828613281
5973,-1.1286832094192505,-1.0852100849151611,-1.7657170295715332
5974,-2.38252592086792,-3.0489182472229004,-0.3199266791343689
5975,-0.3397447168827057,0.4444641768932342,2.313647747039795
5976,1.963896870613098,1.7074220180511477,1.9632068872451784
5977,-1.201724886894226,-1.6979891061782837,-1.4125144481658936
5978,-1.2911288738250732,-0.5339690446853638,0.1226627826690673
5979,-0.8216565847396851,-0.7783769965171814,-0.4926027059555053
5980,1.6105808019638062,0.5863921642303467,0.6861529350280762
5981,1.0638190507888794,1.8304005861282349,-1.0272899866104126
5982,2.221615791320801,2.990898370742798,2.4925696849823
5983,2.334620475769043,2.051269769668579,2.3515193462371826
5984,0.5607105493545532,-0.166161298751831,-0.4788408875465393
5985,-2.307602643966675,-2.959590435028076,-3.2983644008636475
5986,3.2141292095184326,2.5093679428100586,3.748191595077514
5987,-1.0594788789749146,-0.0214083790779113,-1.5919867753982544
5988,0.1423557996749878,1.649512767791748,1.779280424118042
5989,-2.502596855163574,1.869512915611267,-1.707053780555725
5990,0.5985004901885986,0.7500865459442139,0.9563310146331788
5991,-0.9104503393173218,-0.0243680477142334,-0.3716558218002319
5992,-0.2024703025817871,0.3963645696640014,-0.7215722799301147
5993,1.1651394367218018,0.8828543424606323,0.6316490769386292
5994,-0.6160632371902466,0.942649781703949,-1.0722452402114868
5995,-2.644467353820801,-2.239725351333618,-0.5927774906158447
5996,-2.333756685256958,-2.1815850734710693,-2.043726921081543
5997,1.5385198593139648,0.1179261207580566,0.9350339770317078
5998,0.8254116773605347,-0.0619855523109436,-0.7924565076828003
5999,-1.3105254173278809,-0.5966292023658752,-0.4290386736392975
6000,2.217689275741577,2.421069622039795,2.4840424060821533
6001,1.145380616188049,-1.6207618713378906,0.7836604118347168
6002,0.8727278709411621,0.5307419300079346,0.8350704908370972
6003,1.559237360954285,1.018683910369873,0.7405310869216919
6004,-1.90889859199524,-2.138312101364136,-1.9109158515930176
6005,-0.5823426246643066,0.2698071002960205,-1.6469340324401855
6006,1.0030403137207031,0.6031162142753601,0.7475699186325073
6007,0.7976126670837402,2.1239542961120605,-0.2193252295255661
6008,-2.098895311355591,-1.8133738040924072,-2.086475133895874
6009,-2.2036406993865967,-1.7721906900405884,1.4725947380065918
6010,0.6854345798492432,1.1349002122879028,0.2625017762184143
6011,0.0829628705978393,0.3204869627952575,0.9849905967712402
6012,-1.259405255317688,-1.8423309326171875,-1.0225454568862915
6013,-0.2567399740219116,-1.3541864156723022,-0.3364801406860351
6014,0.0068857073783874,0.4468264281749725,1.7241015434265137
6015,0.079019010066986,0.1170833110809326,-1.3480782508850098
6016,-0.172661155462265,2.132873058319092,0.913896143436432
6017,1.1696863174438477,1.5773026943206787,1.3411481380462646
6018,0.1427263617515564,1.0462052822113037,0.1129316687583923
6019,-0.6735994219779968,0.3071820735931396,-1.247846603393555
6020,-1.526317834854126,-1.647083759307861,-2.1776344776153564
6021,-0.9962772130966188,2.7642524242401123,-0.5173033475875854
6022,-0.3728245794773102,1.2069848775863647,-0.4384714663028717
6023,1.413965940475464,-0.1734809279441833,1.463168740272522
6024,1.1731005907058716,0.0171397924423217,-0.7088242769241333
6025,-1.2642203569412231,-0.8459314107894897,-1.2889822721481323
6026,1.267622709274292,1.1174228191375732,1.8004318475723269
6027,-2.8529038429260254,-1.8801921606063845,-3.739235162734986
6028,-0.9963759779930116,1.4409902095794678,2.602895736694336
6029,-2.369753360748291,-1.185665488243103,-0.932650864124298
6030,0.303942322731018,0.7856241464614868,0.245148554444313
6031,0.2073374986648559,1.230011224746704,0.710678219795227
6032,1.5607086420059204,1.1821105480194092,0.6354972720146179
6033,0.4572628438472748,0.5600813627243042,2.486968278884888
6034,-0.1812145411968231,-0.3101336359977722,-0.9798924326896667
6035,0.9826700091362,2.122550249099731,1.6252610683441162
6036,-1.8199228048324585,-0.4923340976238251,-1.542101263999939
6037,1.7100247144699097,1.552333950996399,1.1152859926223757
6038,-1.3130828142166138,-2.424566507339477,-0.366986334323883
6039,1.0058673620224,1.7649857997894287,0.8094698786735535
6040,-0.8407607078552246,-1.5462138652801514,-1.541538953781128
6041,-1.7126930952072144,0.6159422397613525,0.4224740862846374
6042,2.0916872024536133,2.450340509414673,2.5237176418304443
6043,-0.9252691268920898,-1.3488715887069702,-0.797895073890686
6044,-0.4933728873729706,1.361412525177002,0.1457232534885406
6045,0.4004946947097778,-0.0851106643676757,-1.768080711364746
6046,-0.3149389028549194,-1.5359221696853638,1.0243521928787231
6047,-1.2382277250289917,-0.6580486297607422,-1.0430908203125
6048,-1.818753004074097,0.0126742720603942,-0.9377140402793884
6049,-1.1518077850341797,0.716230034828186,-0.7685151696205139
6050,-0.3555948138236999,-1.1673991680145264,-1.9122384786605835
6051,-4.326272010803223,-2.945746660232544,-1.9630584716796875
6052,1.861416339874268,1.0495259761810305,0.7290598750114441
6053,-2.45467472076416,-1.9264986515045168,-2.0437495708465576
6054,0.3204535841941833,0.0227119326591491,-0.6503515243530273
6055,1.422495722770691,2.036346673965454,2.213234663009644
6056,-1.3032124042510986,-0.8099858164787292,-2.062258720397949
6057,-0.9770517349243164,0.7804313898086548,2.6347522735595703
6058,3.3353018760681152,2.811171293258667,2.918588399887085
6059,0.5940619111061096,0.1367306113243103,0.0311647355556488
6060,0.1584666669368744,0.2858940958976745,0.2243760824203491
6061,-0.3844901919364929,0.3585980534553528,0.4168206453323364
6062,-0.3897581100463867,-0.8556544184684753,0.2947396039962768
6063,1.094285011291504,0.654388964176178,2.208087682723999
6064,-2.1986680030822754,0.836300253868103,2.1768252849578857
6065,-2.585740327835083,1.0925753116607666,-1.7567594051361084
6066,-1.311348557472229,-1.508633017539978,-0.866323709487915
6067,0.1462598741054535,-0.5597816705703735,-1.0375672578811646
6068,-1.7424272298812866,-1.4445585012435913,0.5499149560928345
6069,-2.22434663772583,0.8114836812019348,1.903999209403992
6070,1.4028304815292358,0.7997178435325623,1.3794567584991455
6071,2.1744401454925537,-1.6552526950836182,-0.8882516622543335
6072,0.294634461402893,-0.349147081375122,-0.6855381727218628
6073,-0.1516426801681518,-0.013741135597229,-0.1223714351654052
6074,0.471812754869461,-0.6031172275543213,0.1792876422405243
6075,-0.2111076414585113,0.4245639443397522,-0.4124533534049988
6076,-1.7818607091903689,-0.3495778739452362,0.149672269821167
6077,2.364605665206909,1.258278727531433,1.0720593929290771
6078,-1.720599889755249,-0.5164294242858887,0.7946681976318359
6079,0.5193710923194885,0.5482073426246643,-1.3510550260543823
6080,-0.0751309692859649,-0.5916040539741516,-0.8007029891014099
6081,0.9665943384170532,1.3103699684143066,1.0714374780654907
6082,-0.5707658529281616,1.0041342973709106,0.8471469879150391
6083,0.6022964119911194,2.201799392700196,-1.1917903423309326
6084,1.6220859289169312,1.3253391981124878,2.4876022338867188
6085,1.5233834981918335,2.001002550125122,0.6632960438728333
6086,-1.016157865524292,0.7583259344100952,2.020686388015747
6087,2.08092999458313,2.284151315689087,1.2424226999282837
6088,3.164151906967163,2.724686622619629,2.790567398071289
6089,-1.6150240898132324,-0.866844654083252,-1.471278429031372
6090,1.163479924201965,-0.3217720985412597,-1.07274067401886
6091,-2.574397563934326,-0.819486141204834,-2.252735614776612
6092,-2.681553363800049,-1.8013286590576172,-1.949418544769287
6093,0.9710636138916016,0.7831249237060547,-0.0404699146747589
6094,1.5491137504577637,0.1429178714752197,-1.2919646501541138
6095,0.7098594307899475,2.090559720993042,-0.1053532510995864
6096,2.386214017868042,2.587310075759888,1.842504620552063
6097,-0.120420902967453,-0.2852992117404938,-0.1581448912620544
6098,3.0018272399902344,2.601520299911499,2.7906439304351807
6099,-2.455371856689453,-1.00805926322937,-1.9666852951049805
6100,2.6450860500335693,1.91992449760437,2.127845048904419
6101,-0.9629915952682496,-0.7426066398620605,-0.7181395292282104
6102,0.1959568858146667,-0.1980066895484924,-0.380635917186737
6103,-1.0674818754196167,-1.9156723022460933,-2.4059133529663086
6104,-1.3170360326766968,-0.688982367515564,0.6079338788986206
6105,-0.5488971471786499,-0.0154629945755004,1.7272906303405762
6106,1.2977555990219116,0.9707342386245728,0.7926335334777832
6107,1.313069224357605,2.4187779426574707,2.62204384803772
6108,-1.3295727968215942,-0.098385751247406,-1.28895366191864
6109,-0.5683809518814087,-1.5467702150344849,-1.1594055891036987
6110,-0.2275920212268829,1.7160322666168213,-1.3763545751571655
6111,0.0777094662189483,1.4679042100906372,0.842255711555481
6112,-0.2862119674682617,-1.7071014642715454,-0.2846399843692779
6113,2.0780770778656006,1.876521110534668,2.8873894214630127
6114,0.7060595750808716,0.6413201093673706,0.7592610716819763
6115,1.0490328073501587,1.774755358695984,2.5451040267944336
6116,0.5387290120124817,2.682968854904175,1.764998197555542
6117,2.937279462814331,2.4695727825164795,3.309536457061768
6118,-2.013786792755127,-3.0093700885772705,1.85201382637024
6119,0.5386762619018555,0.565589427947998,2.376234531402588
6120,-0.1033513247966766,0.6477954387664795,-0.7315158843994141
6121,-1.1052310466766355,-1.3502633571624756,1.3523322343826294
6122,0.7064766883850098,-0.6826983690261841,-1.978804349899292
6123,1.720287203788757,1.066749095916748,0.9715733528137208
6124,-0.3588780462741852,-0.4564670920372009,0.3721076548099518
6125,0.1717498302459716,1.7201884984970093,1.2179408073425293
6126,-0.4226551949977875,-1.1789953708648682,-1.39615797996521
6127,-1.5963078737258911,-2.644867420196533,-2.952399253845215
6128,-1.099721908569336,0.6977390646934509,-0.9623218774795532
6129,-1.4724774360656738,-0.823493480682373,1.3567132949829102
6130,-0.8716696500778198,1.684659123420715,-1.1061748266220093
6131,-0.8163030743598938,1.9163944721221924,-2.295275926589966
6132,-0.4343760013580322,0.459767609834671,-2.412775993347168
6133,-0.2984839975833893,-1.8797956705093384,-1.3858290910720823
6134,-2.770994186401367,-3.032015800476074,-2.622648239135742
6135,-2.006724119186402,-1.3317346572875977,-2.56339430809021
6136,-1.68686842918396,-0.4067641794681549,2.5217268466949463
6137,0.3116225004196167,1.801593780517578,1.3396079540252686
6138,0.3931874334812164,0.3500621914863586,0.6654817461967468
6139,0.5451549291610718,-0.1997854709625244,1.7214186191558838
6140,-0.7584224939346313,-0.9568995833396912,-0.3942159712314605
6141,-1.3163084983825684,-1.458202838897705,-0.8798625469207764
6142,-2.6630921363830566,-2.85880708694458,-0.7695741057395935
6143,0.6601083278656006,2.1123206615448,2.7341790199279785
6144,0.7114158868789673,0.8096243143081665,0.4098568856716156
6145,2.4333691596984863,2.1890172958374023,2.028451919555664
6146,-1.903494000434876,-0.0409605503082275,2.571117401123047
6147,2.7627058029174805,2.501080274581909,2.8336939811706543
6148,-1.2346842288970947,-0.8444207906723022,-0.7599352598190308
6149,0.0434294939041137,1.0457477569580078,0.3350101113319397
6150,-3.566854953765869,-3.206583261489868,-2.904236316680908
6151,-0.8702166080474854,0.1576696634292602,0.4761123657226562
6152,2.397547483444214,2.3301262855529785,1.625449776649475
6153,2.0655181407928467,1.2774367332458496,0.9352268576622008
6154,0.3892557024955749,0.4156591296195984,1.165074586868286
6155,-0.8957027792930603,-0.5000664591789246,-0.8821452856063843
6156,0.8843727707862854,1.831762194633484,-1.641746997833252
6157,-0.1441235542297363,2.32857894897461,-1.03972589969635
6158,-1.0740195512771606,-0.2296456098556518,0.4867938458919525
6159,-1.0747203826904297,0.0478155016899108,1.982189416885376
6160,1.7585844993591309,0.6788774728775024,2.324831247329712
6161,-2.92781925201416,-3.334909677505493,-3.338336944580078
6162,-2.374475240707397,-2.054025411605835,-1.8207483291625977
6163,-0.7881179451942444,1.2588207721710205,-1.1231911182403564
6164,-0.586461067199707,-1.6903096437454224,-1.676984429359436
6165,-2.768239021301269,-1.49517023563385,-1.826773166656494
6166,1.5515527725219729,0.0905069708824157,1.0853500366210938
6167,-0.778663158416748,0.111401617527008,0.6362904906272888
6168,-1.733247995376587,-1.5073299407958984,-2.058798313140869
6169,-2.989224433898926,0.881877064704895,-2.0407583713531494
6170,-2.2090036869049072,-1.3429949283599854,-2.537563800811768
6171,-0.8107333183288574,0.2104116082191467,-0.1143510043621063
6172,-2.444396734237671,-1.566791534423828,-2.5154330730438232
6173,-2.4342057704925537,-2.270363569259644,-2.929543972015381
6174,-0.9080289006233216,1.3135849237442017,0.749078631401062
6175,2.2443196773529053,2.18320894241333,1.592226505279541
6176,-0.300152838230133,-1.442750096321106,0.1744487434625625
6177,-1.5235108137130735,1.427479267120361,2.934458494186402
6178,-1.248795509338379,0.4002856016159057,0.2317555844783783
6179,0.7768293619155884,0.5858403444290161,1.727315902709961
6180,-2.797148466110229,-0.3637349009513855,-3.128674268722534
6181,0.2925461828708648,-0.617957353591919,-0.3426503539085388
6182,1.00822651386261,0.9811363220214844,-1.3426806926727295
6183,1.0956637859344482,1.2746822834014893,1.464142680168152
6184,0.0067201256752014,-1.97832989692688,1.3869634866714478
6185,0.6368363499641418,1.4781787395477295,-0.355845957994461
6186,1.231655240058899,2.6289381980896,-2.334936141967773
6187,-1.80489981174469,-2.1842241287231445,1.0118796825408936
6188,2.251976251602173,2.3439950942993164,2.718091011047364
6189,-1.3985309600830078,-2.7814278602600098,-2.130722045898437
6190,-0.6010283827781677,-1.0275659561157229,-0.6794922351837158
6191,-0.0540359020233154,-1.4435502290725708,-0.4695582985877991
6192,-0.687638521194458,0.6140322089195251,-1.8488328456878664
6193,-2.0707099437713623,-1.8744654655456543,-2.13293719291687
6194,-1.5627692937850952,-1.9312788248062127,-2.604231357574463
6195,1.3200352191925049,2.3785288333892822,0.2840245962142944
6196,-1.7972584962844849,-2.267375230789185,2.32382869720459
6197,-0.0813856422901153,-1.858395218849182,-3.313181161880493
6198,-1.2460148334503174,-2.109590530395508,-2.0426244735717773
6199,2.239500045776367,1.2470349073410034,0.9689837098121644
6200,0.6871541738510132,0.9932183027267456,-1.5332854986190796
6201,0.9828223586082458,2.3167686462402344,2.362318992614746
6202,-0.6739647388458252,-1.0436958074569702,-0.6413113474845886
6203,-0.5070832371711731,-0.2165964841842651,2.617816686630249
6204,1.677702784538269,1.3913229703903198,1.4423927068710327
6205,0.8908903002738953,0.860762357711792,1.2189724445343018
6206,-0.3061839044094085,-1.0188888311386108,0.345777690410614
6207,1.0986796617507937,-0.4533247649669647,0.5882201194763184
6208,-1.970291256904602,-2.741812467575073,-0.3674915432929992
6209,1.5398005247116089,1.392500638961792,0.8063212633132935
6210,-2.7382519245147705,-2.6918811798095703,-2.9694902896881104
6211,-1.4762800931930542,-0.2509366273880005,-0.2080060243606567
6212,-0.082062542438507,1.0357012748718262,-1.045403242111206
6213,-2.102806806564331,-1.725324034690857,-0.594743549823761
6214,-0.9420300126075744,-1.833492398262024,-1.2460201978683472
6215,0.3092292547225952,0.4205887913703918,-0.263508677482605
6216,-0.4240762889385223,-0.8080856204032898,0.2673788666725158
6217,0.0978484749794006,-0.1413441300392151,0.5637108087539673
6218,0.9778838157653807,1.4000152349472046,2.301980495452881
6219,-2.6440861225128174,-2.776080369949341,-3.4804224967956543
6220,-0.0406661033630371,-0.7771807909011841,0.4208541214466095
6221,3.169940948486328,2.6657750606536865,3.349357843399048
6222,-0.0005935430526733,0.436398983001709,0.0721826553344726
6223,-0.2915977537631988,-0.3894879221916199,-0.5590676069259644
6224,1.702764630317688,2.043962955474853,0.0934813022613525
6225,-3.0012333393096924,-2.667738437652588,-2.8276143074035645
6226,-3.1860573291778564,0.8832119107246399,-1.794922113418579
6227,0.4166077673435211,0.1677187085151672,-2.1042075157165527
6228,1.1232411861419678,1.8918983936309808,2.880387544631958
6229,1.4812676906585691,1.6287721395492554,-1.2659797668457031
6230,1.27924644947052,0.6608121395111084,-0.4539500474929809
6231,-0.5028720498085022,1.0868195295333862,-0.925291895866394
6232,-1.1771578788757324,0.3892468214035034,-1.7626464366912842
6233,-1.7996790409088137,-1.531681776046753,-1.147315502166748
6234,1.919816493988037,1.7298680543899536,1.5934501886367798
6235,-1.4145324230194092,-1.4037063121795654,-2.384793758392334
6236,-1.2520434856414795,-1.0356967449188232,-1.7578365802764893
6237,0.7434507608413696,-0.550956130027771,-1.1570088863372805
6238,-0.3807432353496551,-1.836313009262085,-0.3910393416881561
6239,-0.0146445631980896,-0.1634796857833862,-0.6561765670776367
6240,-0.9255172610282898,-2.7051591873168945,-0.5502670407295227
6241,0.0659449696540832,-0.5288456678390503,-0.2969803512096405
6242,-0.8779222965240479,-1.2138971090316772,-2.185228109359741
6243,-0.4621606171131134,0.8641793727874756,0.589665412902832
6244,-2.9579923152923584,-2.9373526573181152,-2.2720985412597656
6245,0.9772923588752748,1.18258798122406,0.9275881052017212
6246,-1.1417832374572754,-0.2996856570243835,-1.2250633239746094
6247,-0.802238404750824,-0.9451450109481812,-0.5138635039329529
6248,2.430127620697021,2.210245609283448,2.526836395263672
6249,-2.1906538009643555,0.0575416088104248,-0.3489599227905273
6250,-0.7575257420539856,-0.1199969053268432,-1.5700011253356934
6251,-0.5642080307006836,0.7194035053253174,0.8911353349685669
6252,-0.9074272513389589,-2.00632381439209,-2.005695343017578
6253,-3.904136657714844,-0.4799369573593139,-2.616326093673706
6254,0.988876461982727,-0.1615566611289978,-1.5551295280456543
6255,-1.790857195854187,-2.059260606765747,-1.646229863166809
6256,-0.4695037007331848,1.1134684085845947,1.6223539113998413
6257,1.2638412714004517,0.8984099626541138,0.802182137966156
6258,1.773414969444275,0.6469433903694153,0.8794456720352173
6259,1.3137564659118652,1.838592529296875,-0.2997546195983886
6260,-1.2953764200210571,1.1350257396697998,0.034422755241394
6261,0.5595619678497314,1.076209306716919,0.9928541779518129
6262,-1.4050052165985107,-1.9239693880081177,-0.857948899269104
6263,0.5484045743942261,0.9271422624588012,0.8369991183280945
6264,-0.3058970868587494,-0.5753081440925598,-1.234660029411316
6265,-2.0220935344696045,-1.3639764785766602,-2.388657569885254
6266,0.3792408406734466,0.3563019037246704,0.064184546470642
6267,-2.388235092163086,-2.008211374282837,-2.470931053161621
6268,-0.0595926046371459,-0.2521554231643677,-0.1193025708198547
6269,2.107123851776123,1.43095064163208,1.885342121124268
6270,-1.3918280601501465,-2.3188841342926025,-2.357371091842652
6271,-0.9571648836135864,2.113792896270752,2.074401617050171
6272,-1.184539794921875,0.154079258441925,-2.1086697578430176
6273,-1.8988518714904783,1.0451717376708984,-2.065759897232056
6274,-1.5704017877578735,-2.690366744995117,-2.158820629119873
6275,-1.50518798828125,1.3068997859954834,1.1839070320129397
6276,-0.0412834882736206,-0.6697933673858643,0.7122294902801514
6277,-0.8124218583106995,-1.0075443983078003,-1.54241144657135
6278,-1.876497507095337,-3.0545458793640137,-1.954265117645264
6279,0.2930818498134613,-0.5534259080886841,-1.4320895671844482
6280,2.236455202102661,1.3555240631103516,0.7210361957550049
6281,-2.588780164718628,-2.046948909759521,-1.8676505088806152
6282,-2.368895530700684,0.8381708860397339,1.462674617767334
6283,-3.294752597808838,-0.5510329604148865,-0.8688676357269287
6284,-2.623236656188965,-1.5310224294662476,-3.0360302925109863
6285,3.009666681289673,2.504713535308838,3.0299272537231445
6286,-1.8238437175750728,-0.4794842898845672,-1.5395309925079346
6287,0.2033158242702484,0.6534603834152222,1.4672963619232178
6288,-3.045182704925537,-2.463385581970215,-2.5406174659729004
6289,-1.723838448524475,-2.273496627807617,-1.4565958976745603
6290,0.5602864623069763,0.9198940992355348,1.074485182762146
6291,0.467048317193985,-0.3393362164497375,0.0741293430328369
6292,0.3785432577133178,1.612787842750549,1.9583938121795648
6293,-0.66294264793396,2.216373920440674,-0.0763827562332153
6294,-1.240760326385498,-1.0317124128341677,-1.7114087343215942
6295,-2.003323793411255,-2.268592119216919,-2.791921138763428
6296,-1.1266894340515137,-2.668840169906616,-2.383096933364868
6297,-0.331224650144577,1.5077972412109375,2.1163992881774902
6298,-0.1275531649589538,-1.1226890087127686,-0.0918330550193786
6299,1.1384313106536863,0.9490221738815308,0.595866322517395
6300,0.7963643074035645,1.879530429840088,1.242869853973389
6301,-0.8045501708984375,0.1082882285118103,-0.2122619748115539
6302,1.6413538455963137,1.0496758222579956,-1.2355713844299316
6303,-0.0403199195861816,0.1390219926834106,-1.2117260694503784
6304,1.4804377555847168,1.1200511455535889,0.932504177093506
6305,-0.2300473749637603,-0.209027498960495,-2.455888271331787
6306,-1.8729511499404907,-1.6318416595458984,-0.6903868317604065
6307,-1.8249105215072632,0.5181801915168762,-0.0015874207019805
6308,2.007845640182495,2.727149486541748,3.565449476242065
6309,0.7805050611495972,-0.7412245273590088,0.2136794030666351
6310,-0.563726544380188,-0.0250022411346435,0.4077252149581909
6311,-0.3462993204593658,0.5020641088485718,-2.4472548961639404
6312,2.251638889312744,1.907093167304993,1.9506120681762693
6313,-2.441447734832764,-1.6956918239593506,-1.4761475324630735
6314,-0.8410307765007019,0.4842995703220367,1.903038501739502
6315,-2.850752592086792,-1.7507387399673462,-2.607727289199829
6316,-0.9606164693832396,0.0660480856895446,1.6296417713165283
6317,-2.407663583755493,-2.667490243911743,-2.531648635864258
6318,0.5573922395706177,-0.6817456483840942,-1.630281925201416
6319,-2.4092776775360107,-1.990013003349304,0.376328706741333
6320,1.002997875213623,0.2118092179298401,0.0317329466342926
6321,0.5566848516464233,1.5695985555648804,-0.7986597418785095
6322,-2.533914089202881,-2.0585501194000244,-1.273828387260437
6323,-0.5906911492347717,-0.7231460213661194,-0.8420872688293457
6324,1.9908849000930784,2.410263776779175,3.208332061767578
6325,-1.0837491750717163,0.4117815494537353,1.0693225860595703
6326,-2.4502615928649902,-0.8869819045066833,-2.269467353820801
6327,2.457521438598633,2.0513808727264404,2.3378796577453613
6328,0.068820059299469,0.1162829995155334,-0.0045260190963745
6329,-2.754990339279175,-2.2265756130218506,-1.3660858869552612
6330,2.2142322063446045,1.3388714790344238,1.0608512163162231
6331,0.5565859079360962,-0.3169227242469787,-0.0058037340641021
6332,-1.00411057472229,-2.1865274906158447,-1.4232335090637207
6333,-1.8834235668182373,1.2196383476257324,-1.3882114887237549
6334,0.7344359159469604,-0.5603036880493164,-0.0193490386009216
6335,-0.9055694341659546,2.249342918395996,1.810892939567566
6336,2.535534381866455,1.6347736120224,2.95090126991272
6337,0.0164327323436737,-1.6837886571884155,-1.063833236694336
6338,-0.0988117754459381,-1.2522319555282593,-0.7755874395370483
6339,-1.0183815956115725,-1.72848641872406,-1.4035637378692627
6340,-1.803187251091004,-1.6583808660507202,-2.4149155616760254
6341,1.7490891218185425,0.0187766551971435,-0.7470264434814453
6342,-0.9888562560081482,-0.3603553473949432,-1.1117151975631714
6343,-1.4901649951934814,-0.1276123523712158,-1.123671293258667
6344,-0.9209832549095154,0.4120449423789978,0.317678153514862
6345,-0.6318010687828064,-1.3933675289154053,-1.1238019466400146
6346,-1.4479718208312988,-0.0372171998023986,-1.2016170024871826
6347,0.3864219486713409,-0.3865583837032318,-1.472132444381714
6348,-0.8950304388999939,0.0609044432640075,-1.1257803440093994
6349,1.1588704586029053,0.38410484790802,1.2480931282043457
6350,-0.7077600359916687,0.2175908088684082,0.9089759588241576
6351,-1.273223042488098,-1.2241359949111938,0.561245322227478
6352,0.0246046483516693,1.4124716520309448,0.8108797073364258
6353,1.8034288883209229,2.4184494018554688,2.5401546955108643
6354,-0.4316896200180053,0.2889188528060913,-1.3371413946151731
6355,1.4547760486602783,-0.2810512781143188,-1.7240796089172363
6356,0.7955832481384277,0.8851054906845093,-1.1544420719146729
6357,-0.9446373581886292,0.626545786857605,-0.0721531510353088
6358,-0.5489131808280945,1.1581405401229858,1.5599894523620603
6359,0.5630189180374146,0.4180892407894134,0.9302704334259032
6360,-0.3308102190494537,-1.408297061920166,-0.966320812702179
6361,-1.8950623273849487,-1.1069551706314087,-1.6219005584716797
6362,-2.47472620010376,-2.494602680206299,-0.3459585011005401
6363,2.758329391479492,2.540375232696533,3.1580970287323
6364,1.723041296005249,1.1177736520767212,1.2233850955963137
6365,1.546154260635376,0.6580513119697571,0.8343127369880676
6366,0.0870433449745178,0.541884183883667,0.857358455657959
6367,1.4065701961517334,0.2140756845474243,0.3961257636547088
6368,1.1742537021636963,0.0041688084602355,-0.1006001830101013
6369,0.4761869311332702,1.2530148029327393,2.7313289642333984
6370,-2.3036556243896484,-0.5297315120697021,2.1844146251678467
6371,-1.7118120193481443,-1.2664686441421509,-2.4873178005218506
6372,0.3779961466789245,0.9687770009040833,-0.693637490272522
6373,-0.5481399297714233,0.8820807933807373,1.8583637475967407
6374,-1.183571219444275,-1.28124737739563,-1.2052059173583984
6375,1.5399253368377686,1.931239128112793,0.8966379165649414
6376,2.3247599601745605,1.1883624792099,2.397034883499145
6377,2.3084726333618164,3.1436383724212646,2.414872169494629
6378,0.88866126537323,1.1678673028945925,0.405489981174469
6379,0.5167431831359863,-0.5603575706481934,-0.7836918234825134
6380,1.7883459329605105,2.3594136238098145,1.4940941333770752
6381,-1.188510179519653,-2.738179922103882,-0.4302560091018677
6382,-0.4936544895172119,1.1515971422195437,-2.288445472717285
6383,-2.472601890563965,-2.016099214553833,-2.5981035232543945
6384,0.7811607122421265,0.5330716967582703,1.464447855949402
6385,-2.8144571781158447,-2.496522665023804,0.9786389470100404
6386,0.2375296950340271,-0.9506932497024536,0.9002671837806702
6387,1.3515658378601074,0.4416804015636444,-0.6415461301803589
6388,-2.450483798980713,-3.2004425525665283,-2.5216548442840576
6389,-2.0753538608551025,-2.0487070083618164,-0.3720980882644653
6390,2.5727970600128174,1.511158466339111,3.0082058906555176
6391,1.3327765464782717,1.54412043094635,2.4369325637817383
6392,2.2213146686553955,0.4638615548610687,0.527984082698822
6393,0.05494225025177,0.2596275806427002,0.0093286633491516
6394,-0.4117012023925781,0.1597274541854858,-0.0493579804897308
6395,1.191417217254639,2.550935745239258,1.303020715713501
6396,-0.2030324041843414,0.0782422423362732,1.372493863105774
6397,-0.735660195350647,-1.6749181747436523,-1.1568801403045654
6398,0.3463305830955505,0.5641969442367554,0.6572830080986023
6399,2.551599264144897,0.8779655694961548,2.0343334674835205
6400,-0.3395096063613891,-0.2461556196212768,-1.459856033325195
6401,-0.1516983211040496,2.41103196144104,-2.0902490615844727
6402,-0.7784387469291687,-1.381176471710205,-0.7794941067695618
6403,-0.7670508623123169,0.350077211856842,-1.5420969724655151
6404,1.1640667915344238,1.522036910057068,1.2762006521224976
6405,0.2896409332752228,1.0474873781204224,1.7587165832519531
6406,-2.2138469219207764,1.423977613449097,-0.4541419446468353
6407,1.7091269493103027,1.8579646348953247,2.1269891262054443
6408,-2.298145532608032,-0.422213077545166,-0.8965122699737549
6409,0.0267988443374633,-1.2358962297439575,0.2390105724334716
6410,-0.9525746703147888,-1.9239457845687864,-1.3763576745986938
6411,-1.922369241714477,-1.6016881465911863,-0.5701631903648376
6412,-2.848552942276001,-2.036400318145752,-0.3808676600456238
6413,1.611802101135254,0.8015682697296143,2.4240589141845703
6414,-2.435564517974853,1.3961496353149414,-1.1543467044830322
6415,-2.514563798904419,0.1189700961112976,-0.8630204200744629
6416,-2.333602905273437,-0.4487362802028656,-0.5512763261795044
6417,-0.2550083100795746,0.4058020710945129,-1.4352962970733645
6418,0.0266568660736084,1.256602168083191,-0.7126719951629639
6419,-0.1115759313106536,-0.7927913665771484,-1.1533952951431274
6420,-0.081524908542633,-0.2756831645965576,-2.202531337738037
6421,-1.1968339681625366,1.967235803604126,2.9937665462493896
6422,-0.891884446144104,1.1182843446731567,1.3429641723632812
6423,0.5409797430038452,0.9167004823684692,-0.1588255763053894
6424,-0.2111777365207672,-0.7060701847076416,-1.5226774215698242
6425,0.4827862679958343,1.0346403121948242,1.3029911518096924
6426,0.7806546688079834,1.870526432991028,-0.0174493789672851
6427,1.590193510055542,2.623846530914306,2.008924722671509
6428,0.5653089284896851,0.4245639443397522,1.7105703353881836
6429,1.6280467510223389,1.0413599014282229,1.7852046489715576
6430,-0.7796758413314819,-2.015486478805542,-3.279816150665283
6431,-1.151111721992493,0.2847889065742492,-0.4410399198532104
6432,2.812246084213257,2.3655216693878174,3.171883344650269
6433,-2.8081765174865723,-2.4164083003997803,-2.158825397491455
6434,-0.2550768554210663,0.495539516210556,-1.2492927312850952
6435,1.7799971103668213,-0.5382157564163208,0.9126824140548706
6436,0.0722560882568359,0.5172286033630371,-0.5177503228187561
6437,-2.37192702293396,-2.813035488128662,-2.5264430046081543
6438,-1.5395594835281372,1.7195943593978882,2.221565723419189
6439,-0.204708993434906,-1.2045948505401611,-0.3688747882843017
6440,2.8437631130218506,1.4736969470977783,1.463862061500549
6441,0.6215171813964844,2.9455325603485107,1.6764626502990725
6442,-1.2396690845489502,-0.0606788992881774,-0.5294790863990784
6443,-1.901517868041992,-1.145480751991272,0.6653396487236023
6444,0.6812343597412109,0.4881217181682586,2.4484357833862305
6445,3.013397455215454,2.553489923477173,3.097218036651612
6446,-0.3822040557861328,0.5355169177055359,1.631893515586853
6447,1.89420485496521,2.7558183670043945,3.3565402030944824
6448,2.662428855895996,1.890562653541565,1.767290711402893
6449,-2.102278709411621,0.1035866737365722,0.7205232381820679
6450,-2.345454454421997,0.3099367022514343,-3.0557212829589844
6451,-1.1271090507507324,-2.1955714225769043,-3.351282119750977
6452,-1.1471935510635376,0.3075073957443237,-0.6957671642303467
6453,2.993544101715088,2.6726438999176025,2.811657190322876
6454,0.6504822373390198,1.7907410860061646,2.11881685256958
6455,0.6831766963005066,0.738396942615509,-2.065762758255005
6456,-0.970760941505432,-0.6212459802627563,-1.782123327255249
6457,0.0431470274925231,-0.4841934442520141,0.3760843575000763
6458,-2.654946804046631,-1.7716349363327026,-1.3440293073654177
6459,2.1855263710021973,0.4290944933891296,-0.6158217191696167
6460,-2.140844345092773,-1.0370441675186155,-2.806859016418457
6461,1.7170658111572266,1.6138442754745483,2.3777341842651367
6462,0.0273231863975524,0.7126917839050293,0.5551131963729858
6463,-2.453404426574707,-2.0921852588653564,-3.3702683448791504
6464,0.8711385726928711,-0.0210608839988708,0.0230335295200347
6465,1.0652825832366943,1.9073810577392576,2.168745756149292
6466,-0.3091513216495514,-1.211548924446106,-1.2069376707077026
6467,-2.4202914237976074,-2.825286388397217,1.2256097793579102
6468,-1.363820195198059,-0.822882890701294,-1.2842952013015747
6469,-0.1577546298503875,1.2897212505340576,0.8467418551445007
6470,0.1717498302459716,-1.4957616329193115,-1.7071679830551147
6471,-1.815118670463562,-2.0564968585968018,-1.6546406745910645
6472,2.294618606567383,1.987641453742981,0.3126604855060577
6473,1.97543740272522,2.636208295822144,2.974947214126587
6474,0.3035156726837158,-0.2492388188838958,0.5695167183876038
6475,-0.3097416758537292,-1.1641464233398438,-1.503208041191101
6476,-2.087853193283081,0.3619978427886963,-0.4172201454639435
6477,-1.4896767139434814,0.2177278995513916,0.2383640706539154
6478,2.09549880027771,0.4059538841247558,-0.0784581899642944
6479,0.9943461418151855,0.4091865420341491,0.3177578151226043
6480,1.623139500617981,0.1236994266510009,0.8116474151611328
6481,2.3952205181121826,3.111788988113404,2.234160184860229
6482,0.3058052659034729,1.207568883895874,-1.8929473161697388
6483,1.34264874458313,-0.1476842164993286,-1.015199899673462
6484,-1.7940490245819092,-2.129958152770996,-1.3935439586639404
6485,0.3723191320896148,-1.015276312828064,-0.7053599953651428
6486,0.5053087472915649,0.6045827269554138,1.476029634475708
6487,-0.0821417570114135,-2.016927480697632,0.268583208322525
6488,-1.2540708780288696,-0.5098900198936462,-1.2942583560943604
6489,-0.6575458645820618,0.3343427777290344,-0.127449169754982
6490,-0.6645416021347046,-0.1209375858306884,-0.0722310543060302
6491,2.937898874282837,2.67893123626709,3.611307621002197
6492,-0.0565039217472076,1.217411756515503,0.5896203517913818
6493,-1.5420026779174805,-2.3855233192443848,-1.392524242401123
6494,1.5797737836837769,1.2827121019363403,1.2559868097305298
6495,0.1429909467697143,1.317817211151123,0.4275968074798584
6496,-0.3531578481197357,0.3087835311889648,-0.5115158557891846
6497,-0.2364985346794128,0.4623804986476898,0.311883807182312
6498,2.348376512527466,2.163938522338867,2.377732276916504
6499,0.7800016403198242,0.2588682770729065,-0.596401572227478
6500,2.3813836574554443,2.548281192779541,3.359806537628174
6501,0.0969740152359008,1.0490995645523071,2.474522590637207
6502,-0.7577114105224609,-2.361079216003418,-1.4595296382904053
6503,-0.8369600772857666,0.1328123211860656,-2.5116190910339355
6504,2.8274178504943848,2.1802680492401123,3.1234242916107178
6505,2.300464630126953,2.490048885345459,1.3355048894882202
6506,-1.3950636386871338,-0.9999635815620422,-0.4063323140144348
6507,2.1372406482696533,1.7325247526168823,0.7501024007797241
6508,-2.305822372436523,0.1182153820991516,-1.0561977624893188
6509,0.6216652393341064,-0.5208790898323059,0.555042028427124
6510,0.2153717577457428,-0.8187620639801025,-0.1642814725637436
6511,0.4571850895881653,0.9504785537719728,0.1029078066349029
6512,-0.2853893041610718,0.3110337257385254,-0.7981993556022644
6513,-0.4555533826351166,-0.4932622909545898,1.0028153657913208
6514,-0.7359570860862732,-1.7272844314575195,0.250936210155487
6515,-2.7962162494659424,-1.4877660274505615,-2.50518012046814
6516,-0.2050150632858276,0.7596315741539001,-0.1220731437206268
6517,-1.0173014402389526,-1.2641960382461548,-2.063037872314453
6518,-2.24318790435791,-0.5518795251846313,-2.41906476020813
6519,1.5586673021316528,1.212049961090088,0.8857699632644653
6520,0.7341632843017578,0.9783342480659484,-0.3794110119342804
6521,-0.3644015789031982,-1.219334840774536,-0.5780165195465088
6522,-1.235947847366333,-2.098515510559082,-3.012024641036988
6523,-3.3855466842651367,-3.193692684173584,-2.512006998062134
6524,-0.1965079307556152,2.2802953720092773,2.5520436763763428
6525,-2.943460702896118,-2.1286845207214355,-2.222421884536743
6526,1.751533031463623,2.099727869033813,2.2434802055358887
6527,3.0138278007507324,2.27778434753418,3.076135873794556
6528,-2.728077888488769,-1.1935486793518066,-2.9073705673217773
6529,-1.2741961479187012,-0.7512550950050354,-2.436706781387329
6530,-1.349287986755371,-0.7930539846420288,-0.7255532741546631
6531,1.7901185750961304,0.9291561841964722,-0.3855064511299133
6532,1.5676872730255127,0.9476598501205444,0.7215719819068909
6533,1.3884074687957764,2.33193302154541,2.9188809394836426
6534,1.0110456943511963,0.5999534130096436,0.9887681007385254
6535,1.534396767616272,1.5967968702316284,0.7900485992431641
6536,1.3571237325668335,2.029308319091797,1.2064274549484253
6537,-1.2239869832992554,2.4862632751464844,3.068453788757324
6538,-0.881367564201355,1.1438171863555908,0.121454894542694
6539,0.2280953228473663,-0.9110469818115234,-1.0395601987838743
6540,1.0679863691329956,-0.4517649114131927,1.9003925323486328
6541,-0.4272467494010925,1.0027910470962524,-0.8951078057289124
6542,-1.1588462591171265,-0.3076092004776001,0.2316907048225402
6543,1.343661189079285,0.6565828323364258,1.6611732244491575
6544,0.4711835384368896,0.4664736092090606,1.6222506761550903
6545,-3.30145001411438,-2.427650690078736,-1.999724268913269
6546,-2.069262981414795,1.0276038646697998,2.1928904056549072
6547,-0.8334977030754089,-1.4150969982147217,0.3794103264808655
6548,-0.5820427536964417,0.4172057807445526,-0.0888351202011108
6549,2.1492834091186523,2.424156904220581,2.424360036849976
6550,0.290968656539917,-0.3006137013435364,-1.048536777496338
6551,-2.664731502532959,-1.5538331270217896,-1.844726324081421
6552,1.0600898265838623,0.958206057548523,0.9915394186973572
6553,2.791266679763794,2.241520881652832,3.220374822616577
6554,1.0565195083618164,1.0194039344787598,0.3011164367198944
6555,0.8737435340881348,-2.1399126052856445,-2.503452777862549
6556,2.9239370822906494,2.249272584915161,1.7383941411972046
6557,-1.1926878690719604,0.7964334487915039,-1.516178846359253
6558,2.20676064491272,2.500128746032715,2.8292622566223145
6559,1.3385366201400757,0.4946658015251159,0.190259039402008
6560,0.4772900342941284,-0.1479473114013672,1.346238136291504
6561,-1.4823442697525024,-1.264603853225708,-2.2172393798828125
6562,0.5978316068649292,-0.0484678149223327,-0.7054283022880554
6563,-2.9178433418273926,-3.187419414520264,-2.469567060470581
6564,-0.2032131254673004,1.613660454750061,2.3957977294921875
6565,-2.4626193046569824,-1.3985952138900757,-1.9344444274902344
6566,-2.294447660446167,0.3458813428878784,-0.9250582456588744
6567,-1.9018789529800413,-0.7646518349647522,-1.7489445209503174
6568,-0.1612809300422668,-0.2038536667823791,-1.0691808462142944
6569,1.1532893180847168,1.85297966003418,1.0725523233413696
6570,2.0861682891845703,2.247685670852661,2.125398874282837
6571,0.2183393239974975,0.0843713283538818,-1.0520482063293457
6572,1.5869059562683103,2.282734632492065,2.383229732513428
6573,-1.07561457157135,-1.3296409845352173,-2.512014389038086
6574,1.56129789352417,-0.0838500261306762,-2.56376314163208
6575,-0.2886595427989959,-0.5700252056121826,-0.5735515356063843
6576,1.0082281827926636,2.0295538902282715,2.24771499633789
6577,-1.6069313287734983,-1.1060709953308103,-1.785499930381775
6578,-0.5868293046951294,0.9263180494308472,-0.8787417411804199
6579,1.9419043064117432,2.4500746726989746,1.9565390348434448
6580,-1.3009521961212158,-1.1349830627441406,-2.1461381912231445
6581,-2.303279399871826,-1.232843279838562,2.042248249053955
6582,-1.5094836950302124,-0.9625420570373536,-2.9859447479248047
6583,-0.4316917955875397,1.491586208343506,0.5831086039543152
6584,-1.0540436506271362,-0.7451256513595581,-0.3552179336547851
6585,-1.643562078475952,-1.740528583526611,-1.5068693161010742
6586,-1.5361086130142212,0.0711615681648254,-1.2871990203857422
6587,-1.1703579425811768,-0.1480064988136291,-1.2046525478363037
6588,0.7976347208023071,1.3558531999588013,0.8896899819374084
6589,-1.4796953201293943,-2.1997780799865723,-2.7140049934387207
6590,-0.5072628259658813,-0.4171241819858551,-1.0101908445358276
6591,1.0049006938934326,-0.0501582622528076,-1.3680951595306396
6592,-0.8947471380233765,0.3627411127090454,0.6346108913421631
6593,-1.348737359046936,-0.1627334952354431,-2.647632122039795
6594,-2.469768524169922,-0.0857329964637756,0.5640611052513123
6595,-2.5758702754974365,-1.994683027267456,-2.868368625640869
6596,0.7034949064254761,-1.4643142223358154,-0.9213421940803528
6597,-1.6535199880599976,-0.9122424721717834,-1.25005042552948
6598,0.9806617498397828,1.8305598497390747,1.7349038124084473
6599,0.3690731227397918,-2.1041667461395264,-2.2560677528381348
6600,-1.1854478120803833,-1.833224296569824,-2.283829689025879
6601,-0.252577930688858,0.10040283203125,1.211763858795166
6602,1.948817133903504,1.4034570455551147,-1.0192973613739014
6603,1.1347084045410156,1.2850172519683838,0.2854262590408325
6604,-1.322681188583374,1.1683307886123655,-1.6780998706817627
6605,2.021745443344116,1.325631618499756,1.924097180366516
6606,-3.021153688430786,-2.6426374912261963,-1.8253979682922363
6607,2.436239242553711,1.8547542095184328,2.326946258544922
6608,2.308052062988281,2.545828104019165,2.43209195137024
6609,-0.374460220336914,-2.647163152694702,-2.6147103309631348
6610,-0.6791468262672424,1.629327416419983,0.2454342544078827
6611,-0.6362318396568298,0.7871362566947937,2.239797592163086
6612,2.9240081310272217,2.8098127841949463,3.6472361087799072
6613,-2.18992567062378,0.23233562707901,-1.426262140274048
6614,2.3262386322021484,2.4167044162750244,3.1578822135925293
6615,-2.336355209350586,-2.3787150382995605,-2.0633139610290527
6616,-1.4794138669967651,-0.8496665954589844,-1.9225659370422363
6617,2.1358659267425537,2.0179808139801025,2.3687987327575684
6618,2.3748443126678467,2.717660665512085,2.357297897338867
6619,-1.4839680194854736,0.4254112839698791,0.3917826116085052
6620,-1.02826726436615,0.4590385556221008,-3.14670991897583
6621,2.935776472091675,1.6085686683654783,2.561119794845581
6622,-3.277464866638184,-3.0624563694000244,-2.0391616821289062
6623,2.434104681015014,3.1172447204589844,2.6964004039764404
6624,-0.418691337108612,-0.7929798364639282,-0.5452631115913391
6625,-3.3743491172790527,-2.185450553894043,-3.715327739715576
6626,-0.8271981477737427,-1.455816626548767,-1.7045848369598389
6627,0.1129081845283508,1.664359450340271,-0.0492530763149261
6628,-1.0206390619277954,1.0276143550872805,1.4563889503479004
6629,-1.34132719039917,-1.1431890726089478,-1.0334678888320925
6630,-1.8138564825057983,1.009093999862671,-0.318229466676712
6631,-0.441675066947937,-3.047224998474121,0.0819712877273559
6632,-3.124074459075928,0.056160569190979,-1.9506977796554563
6633,-1.479879379272461,2.131274700164795,1.0304685831069946
6634,-0.5277786254882812,0.8697047829627991,0.0326376557350158
6635,-0.7891791462898254,-0.3029975593090057,-0.343565285205841
6636,-2.223320484161377,-0.0071261525154113,1.1352444887161257
6637,1.4749767780303955,2.048924207687378,1.4666117429733276
6638,2.614537715911865,2.0030510425567627,1.6253888607025146
6639,-1.899405717849732,1.2622631788253784,-1.7995381355285645
6640,-1.309613585472107,-1.4316883087158203,0.297727108001709
6641,-0.7206382751464844,0.1254612207412719,0.0251723229885101
6642,-1.6056022644042969,0.3500831127166748,-0.5202319025993347
6643,-1.7069079875946045,-1.3692409992218018,-1.7762070894241333
6644,-1.712775945663452,-2.838786363601685,-1.2615772485733032
6645,-0.1225042343139648,1.406285047531128,-2.17490029335022
6646,0.9679635167121888,2.4788572788238525,2.46668028831482
6647,3.142624616622925,2.333227157592773,2.991942882537842
6648,-1.290538668632507,-1.725008487701416,-2.0767602920532227
6649,1.4908651113510132,0.9069766998291016,1.7925684452056885
6650,-2.477023363113404,-0.5688686370849609,-1.1593645811080933
6651,-0.5910595655441284,0.3482763171195984,-1.5487595796585083
6652,0.0796185731887817,1.263183832168579,-1.814355969429016
6653,1.1377341747283936,0.7994378805160522,0.8434056043624878
6654,2.3969736099243164,2.771324872970581,2.5720415115356445
6655,-0.1992881298065185,1.3140051364898682,0.8783714771270752
6656,2.787536382675171,2.164064645767212,3.024095058441162
6657,-1.273800253868103,-1.4686490297317505,-2.476707220077514
6658,-1.8034957647323608,-2.2293052673339844,-1.9150469303131104
6659,-2.117950916290283,-1.416698694229126,-0.5610577464103699
6660,1.9200631380081177,0.984272003173828,1.0508662462234497
6661,-2.812448024749756,-1.6590882539749146,-2.620765209197998
6662,0.7816207408905029,1.6158685684204102,1.6588001251220703
6663,0.1289949417114257,-0.4366686046123504,-0.8790028691291809
6664,-2.2309370040893555,0.1151846647262573,-0.6842995882034302
6665,1.230075478553772,-0.4636171162128448,-1.0282540321350098
6666,-1.4357657432556152,-1.125701069831848,-1.4575862884521484
6667,0.0457114279270172,0.5159987211227417,-0.147916704416275
6668,2.097208023071289,2.676475763320923,2.887749195098877
6669,-0.037889540195465,2.243037462234497,0.9636484980583192
6670,3.216636657714844,2.5916194915771484,2.615403413772583
6671,0.195308119058609,0.4303228855133056,2.0833308696746826
6672,1.5158730745315552,2.237388610839844,1.5030802488327026
6673,-0.2860915660858154,-0.4919169247150421,-1.3603734970092771
6674,0.5654085278511047,0.3222118020057678,-0.7867235541343689
6675,2.4578537940979004,1.1647095680236816,2.462442398071289
6676,-0.1685088276863098,-0.7390072345733643,-1.9400228261947632
6677,-2.7347936630249023,-2.4647836685180664,-2.69507360458374
6678,-1.3284296989440918,-2.7346231937408447,-2.8696489334106445
6679,-2.491105794906616,-2.265371084213257,0.5498090982437134
6680,0.1874074935913086,0.9241130352020264,1.1354587078094482
6681,1.2299779653549194,2.339616537094116,1.5753034353256226
6682,0.6428154706954956,1.594250202178955,1.814723372459412
6683,-1.9040806293487549,-1.18462872505188,-0.9627489447593688
6684,-2.4765114784240723,-2.629432201385498,-3.839651584625244
6685,-1.6399024724960327,0.0049073696136474,0.6206866502761841
6686,2.01681923866272,0.6130760312080383,0.1965482383966446
6687,-0.1324041783809662,-2.553052425384521,-1.0252296924591064
6688,1.3295538425445557,-0.0851439833641052,-1.0400662422180176
6689,1.1809622049331665,0.8383665084838867,1.901533842086792
6690,-0.3497183322906494,-2.301248550415039,-2.145038604736328
6691,-1.0160584449768066,1.0965605974197388,0.1131571233272552
6692,-1.4025579690933228,-1.832785606384277,-1.3294851779937744
6693,1.6981996297836304,1.8710743188858032,-0.0747333467006683
6694,0.1299835443496704,-0.3706627488136291,0.4357546269893646
6695,-1.6420625448226929,-1.937356114387512,-2.8240413665771484
6696,-0.6367136836051941,-0.2142879366874694,-1.8953542709350584
6697,0.6045478582382202,0.2448476552963256,0.4100712835788727
6698,1.4862898588180542,0.6092997193336487,-0.8080588579177856
6699,-0.7566170692443848,-0.9167270660400392,-0.8761130571365356
6700,3.2143704891204834,2.54544448852539,3.505401611328125
6701,-2.19165587425232,-2.4238317012786865,-3.4012036323547363
6702,2.129389524459839,2.650855541229248,2.494178056716919
6703,-1.2738171815872192,-0.0458021163940429,-1.0397745370864868
6704,1.5249691009521484,2.4159486293792725,1.5092264413833618
6705,1.76804780960083,1.4979791641235352,-1.112139105796814
6706,0.0973680615425109,1.420079469680786,1.8420439958572388
6707,-1.1780164241790771,-1.6655923128128052,-1.948901653289795
6708,-0.724137544631958,1.4564419984817505,1.2777509689331057
6709,1.9534642696380613,2.592594861984253,3.71979546546936
6710,0.3713065385818481,0.8791834115982056,0.9915360808372498
6711,0.3211626410484314,1.4283891916275024,-1.5449299812316897
6712,1.208580732345581,2.415170192718506,1.214420199394226
6713,-0.1635126173496246,0.2144262194633484,0.9041929841041564
6714,-0.2618160247802734,0.695730984210968,-0.2693648338317871
6715,-1.4979965686798096,1.8136612176895144,1.6974929571151731
6716,-2.517904996871948,1.438058853149414,-0.1598031520843505
6717,-0.0875841975212097,0.2386946678161621,-1.1266415119171145
6718,0.0711652934551239,1.6856167316436768,-1.3036757707595823
6719,0.319997489452362,-0.2339063286781311,-1.2425493001937866
6720,-1.5602129697799685,-1.91584575176239,-1.8516652584075928
6721,-2.6334428787231445,-1.5247291326522827,-1.476122260093689
6722,-2.307370185852051,-0.6816675662994385,-1.1538995504379272
6723,-1.2311418056488037,-1.5194566249847412,-0.7310559749603271
6724,1.6254128217697144,1.8139889240264893,2.120601177215576
6725,1.5553165674209597,2.448527812957764,2.967381477355957
6726,-0.6250767707824707,0.0893744826316833,-1.159452199935913
6727,-0.3436761498451233,0.0725010633468627,-1.2494888305664062
6728,-0.5957844257354736,-1.0273410081863403,-0.5961655974388123
6729,1.1654044389724731,1.1673710346221924,2.774125337600708
6730,0.3877179622650146,2.265732765197754,1.9693318605422967
6731,-0.2112899422645568,-0.3816903233528137,-1.239818096160889
6732,0.732114315032959,0.2774608731269836,0.4922654032707214
6733,0.8721745014190674,-0.1515287160873413,-1.8984440565109253
6734,-2.5181455612182617,-2.464316368103028,-2.750502109527588
6735,0.1158980429172515,0.8475383520126343,0.30031418800354
6736,-1.5248162746429443,-2.894653797149658,-2.6177077293396
6737,0.3265385627746582,0.2223982214927673,1.9854942560195925
6738,-2.554030418395996,1.882330298423767,1.41736900806427
6739,-1.4350550174713137,-1.2479965686798096,0.5504993796348572
6740,3.026155471801758,1.875598430633545,2.173830509185791
6741,-2.886390209197998,-2.921427726745605,-3.1069929599761963
6742,-1.4582122564315796,0.7564879655838013,-3.258615016937256
6743,0.2499485313892364,0.594996452331543,0.3179717361927032
6744,0.9139238595962524,1.4236363172531128,1.0715442895889282
6745,-0.5487934947013855,0.7068657279014587,-0.6422331929206848
6746,-1.4820374250411987,-1.247160792350769,0.0530752539634704
6747,-2.1866464614868164,-1.93995201587677,-2.5072901248931885
6748,-1.5362688302993774,0.9379026889801024,-1.8716161251068115
6749,0.3915248811244964,1.8531066179275515,-1.9160308837890625
6750,-0.2956822216510772,-0.0627784132957458,0.4014395475387573
6751,0.7755017876625061,1.4727637767791748,0.4165458977222442
6752,2.44276762008667,2.9518401622772217,2.650956869125366
6753,2.349531888961792,2.98447322845459,2.3754584789276123
6754,1.7863023281097412,2.2555389404296875,1.2121381759643557
6755,0.0845440030097961,0.4438682198524475,-1.1234127283096311
6756,-2.834233045578003,1.6932244300842283,1.2932727336883545
6757,-1.833828568458557,-1.6945215463638306,-2.580825090408325
6758,2.070291042327881,1.986682653427124,2.288424491882324
6759,-1.0631990432739258,-0.5065745115280151,-0.4309908747673034
6760,-0.4937041997909546,-1.2472012042999268,0.5412540435791016
6761,0.5708633661270142,-0.4589447975158691,-0.500315248966217
6762,0.795880138874054,1.296907663345337,-0.1770226061344146
6763,0.068458080291748,0.0991840958595275,-0.0724660158157348
6764,0.2626529932022095,-0.514041006565094,-1.5837725400924685
6765,2.690525531768799,2.317024707794189,2.1712486743927
6766,-2.529764175415039,-2.12576675415039,-1.8067570924758911
6767,0.687562882900238,0.5736340880393982,0.7384403347969055
6768,1.708307147026062,1.396053433418274,3.0067734718322754
