item_id,cn_ftllm_output,de_ftllm_output,es_ftllm_output
1,-2.4433660963203687,-2.0164386717025726,-2.141470174541023
2,-2.4522529517117,-2.5725964176782976,-2.409341271625315
3,1.627505766250212,1.6623384687559224,2.561105443927009
4,0.8064162510774394,0.4202985324197165,1.516957926826691
5,-2.902701330528336,-3.1528921280828355,-3.325087591761191
6,-0.2583210074700814,0.5644210198644493,-0.1534496352513038
7,3.018249909336952,2.732500737975448,3.085866931670457
8,0.5134238705262986,0.9682479622241016,0.6863046877969486
9,-0.2327254617594674,-1.2895613386312903,-0.7119491054654088
10,-2.054980224105337,-2.205476848812181,-1.131339673384192
11,1.8132162328252568,-1.8308570866879197,0.2847406047509315
12,-0.324404921760654,-0.1880901540072924,-1.4068733199241747
13,-0.7490584124488163,-1.545513628381379,-1.3206885996184174
14,0.143961100824245,-0.6095151500267532,-0.1363295796209064
15,-2.052230675163103,-0.8224665189224946,-1.6310574055811846
16,2.3073456455795385,0.9939142151608652,2.2929502383453566
17,-0.4027999812776757,-0.5163503046636285,-0.9444855551203176
18,2.508846550466051,2.2948848079788045,2.647686805246
19,-0.1566659077935764,-0.0191201182507538,-0.3510420731579216
20,1.0398339851216944,-0.4941679639933395,0.0371325982243097
21,-1.8392893520440452,2.47045967369037,2.7349598537109587
22,3.0699180543618985,2.961680137542616,2.579511289757864
23,-2.199866999340349,-3.557904371460152,-3.16833871326786
24,-0.0464056395334274,-0.2213625976065734,1.0984802180057534
25,0.169635108711142,-1.887130341509476,-0.841858543934295
26,0.8553376535907178,-0.9044196589832064,0.0603448400498314
27,-1.7264325063677743,-2.532102305556944,-0.3375355278489099
28,-0.1200023502436559,-0.2033274841907073,-0.1371685998242794
29,-1.2077192550641676,-1.2039411739247767,0.4644626333690213
30,-0.4170458441583924,0.5255109955594521,0.6096097558702808
31,-2.199513343348548,-2.296695263616542,-2.481226767857252
32,2.3510197338820293,2.6384794051383618,2.6653059029316526
33,-1.9377319024451387,-1.4965929215647868,-1.0237258379103602
34,-1.6786519953588552,0.3086874028238702,-1.942970320703828
35,0.3448772270499238,-0.506078001132439,-0.1323715565259905
36,-0.4313142034552926,0.3728263817333815,0.7586142845092235
37,1.554605341926093,-0.6468045800807085,0.0164597996929286
38,-0.4697655500654547,-1.167483899888773,-1.429789401809723
39,-2.4833291171897707,-2.288512851438541,-2.657147867478149
40,3.821476495657528,3.630505327072238,3.6227743247523465
41,-1.469720885661166,-2.072689815379683,-1.9850103452884256
42,0.484005342344334,0.2148251637666405,0.5163322817742433
43,0.5950458607441163,-0.8014552410617676,0.0977391260452781
44,0.5232507664662301,1.2936278848491418,1.1018378427902966
45,1.1987255475832466,2.778298592513893,0.812490238898068
46,1.984952015728532,0.946686186847626,1.2794603076473845
47,-2.6706352016381,-2.573171370905168,-0.9728792895999911
48,-1.1429666200778743,-1.5988244173223396,-2.0746785009361206
49,-0.775688227835101,-1.0625040421893968,-1.236263779714592
50,0.7414156803180378,-1.4448982159739834,-1.685643793608105
51,-3.0389348965171377,-0.5789464815984208,-2.999670080414468
52,-1.0832694610164284,-0.4359033398021184,0.2616953301797303
53,0.9972329472113568,0.3094814727807625,0.5720537013371683
54,-1.399091568792776,-1.5150046786475202,-1.2767628217724671
55,-1.0692656639763205,-0.064679057795921,-0.3413683520449732
56,-1.0852992764797726,0.0175537089595081,-1.448734364706712
57,2.824299608805187,1.5693208374862064,1.1341092266188109
58,2.540314125104651,2.209178225223297,2.042943215994586
59,-1.5581773819335707,1.3439398335479014,1.696173106465561
60,1.4930559861939643,0.3396871955585362,1.1034245105858755
61,-2.4659708069339303,-2.06494743187586,-1.0113501608429434
62,1.5016819414865112,0.516328828024605,0.9015136405441456
63,0.6501090753257323,-0.9345209614543386,-0.5527954064267823
64,2.986694376656947,2.787463171137616,3.1760545123698565
65,0.0021570895972924,-0.4469009914068949,-0.3320633177480271
66,0.9014388980375596,-0.5142042580152523,0.9958939876613184
67,0.1191130318941377,0.669130169602009,0.0186635126042881
68,-0.1284969551764009,-0.2594860193691528,-1.6636166124423273
69,0.5637411764443517,1.48983363121669,3.082061570184462
70,-0.1159178254660404,-1.2872691439918098,-0.3523676668395822
71,-1.7669091273262496,1.9835000327731511,2.1245746773638543
72,1.471323236344352,0.7735982887675595,-0.0086687202107837
73,-1.0945626341478916,-0.6557471115962838,-1.6686618577557808
74,2.8960671845818218,2.217932868718479,0.5599911089247422
75,-1.852837902888719,-2.802525640391744,-3.0207966933113464
76,-1.5510911225346835,-1.7302896546436,-1.8193112878162916
77,-2.5672356460642685,-3.3821580273366103,-2.241868834918667
78,2.559168703372916,2.839879265177757,2.957892077104953
79,0.3423610057469845,1.1795222813135735,0.7547452313933929
80,-0.8718648258851058,-1.937252616391021,-1.5037349055871865
81,-0.522650252225745,-0.9756918895449505,-0.4680094474114595
82,-0.4470364235713416,-2.6200730906890177,-2.580260824825192
83,0.6246720304126194,0.4890136253286555,1.110584178351227
84,-1.0333527930716409,-0.4242017283022475,-2.064698206610165
85,0.2380319539783226,0.4409271986411435,0.1198399523968207
86,-0.8617518413733364,0.7569057373407259,0.8940788447408474
87,0.0418902922059616,-0.3946491208932202,2.410578719529312
88,0.9567791983063922,-0.4811369612690015,-0.06747726384606
89,-1.3119779964071878,-1.8979899995602556,-1.4070174961640165
90,2.1652039535890206,2.177973189498768,2.3776356956450324
91,0.4893260381097721,0.0204351351114526,-0.0752940912000233
92,-0.2091867787508262,0.4810000749562346,-0.5422870810270767
93,1.1050131508644625,1.2464550057825985,1.5216525867719115
94,1.651420185409572,1.4377374905635918,3.387407928991952
95,-2.716945280835916,-2.986892051868793,-2.71218473219673
96,-1.9171208951961016,-1.3329568374578074,-2.8846377286473857
97,3.476272694323021,3.2389604344278187,3.74768541489632
98,-0.3056090266788585,-0.988608467176686,-1.6745720049416486
99,0.7810334600490882,1.7478664376623103,-0.8364693421991356
100,2.622999624795339,2.613363002604796,3.0847903171528217
101,-0.5293782813785279,2.0532037264625527,2.756508921629554
102,-2.30408642706571,-2.97718747384756,-3.23488302210412
103,2.67321194539232,2.6988842020303925,3.138796514697432
104,2.1900756824450847,2.0684504996214894,2.1780348309015505
105,2.0067245467861605,1.18719799676962,-0.2897105851150887
106,2.5509688712585588,2.65654432171938,2.6665248489530904
107,1.4211610770414245,0.529946485177874,1.2932679831358111
108,-0.4033664571700344,-1.8022472084964087,-1.042147808852819
109,-1.811142226673208,-2.1661878183335936,-1.674889908355999
110,-0.0397659902951501,-0.3065055974193303,-0.920577944539065
111,1.0940463427526672,-0.0944265969526472,0.2626663066323373
112,-2.4583805503052134,-2.808412019554141,-2.953765056074272
113,-1.3632125262698394,-1.4664951960778303,-1.7119918286971472
114,-0.8735233585357375,-0.6741799045460712,-1.1862516014294102
115,0.2749037509477194,0.6580482565708289,-0.5172025887365028
116,-1.7678159520039851,-1.1623725503779363,-1.1116367880771827
117,-0.7873852761177951,-2.3110283903202427,-2.811430636050838
118,-1.217287220766101,-1.149991777628329,-0.8004793099010465
119,0.2558113462815974,-0.1831656222643169,0.2743179482623261
120,-0.4780439733692161,-1.3723933353741409,-1.98039201900306
121,1.5513977307878335,0.7799164413948625,0.5590005208685834
122,0.5568404269528247,-0.5179272977630812,0.2086528742270166
123,1.160271192505994,2.878676715835592,1.2430921212409596
124,0.0592325232541411,-0.8500410334733165,-0.6570988299475878
125,2.7496448620465057,1.6825474431888126,2.509222248360835
126,1.0931890225176333,0.8572604535349035,1.1421690293510771
127,-1.0765498913645648,-1.0019903768665943,-1.8462314173782308
128,-1.445828260004639,-1.2203473020241788,-1.3578637319644402
129,-2.6868175705019186,-1.98432259345738,-2.075470835371887
130,-2.43999615077434,-3.264931226402631,0.0418895517980556
131,-1.0226373816210526,-0.9503348047615152,-1.0679788467036753
132,0.2702278793303262,-1.2220781580682418,-1.6473902818613675
133,1.008835381037791,1.9169863133003116,1.199396157830465
134,0.7591121366597193,0.2928439438328419,0.435274692994404
135,1.3546612056751977,0.6015077539434723,0.6408334326996747
136,-1.013628886498595,-2.07531260416704,0.3602594929261887
137,-1.7120082885336534,-1.5439326306037795,-1.7570672738564603
138,-1.0668832853801986,1.1908428691636816,-0.5303562599790905
139,-0.7723743620123351,-1.275325536077498,-1.2462252045327464
140,-2.2468599302890597,-0.9973864497182888,-0.3925404422820926
141,1.0534114863686206,2.3319062127489065,2.4762276508748537
142,3.505368684968692,3.1869161048079686,1.495741477544354
143,-1.248434711547842,-0.7312408037874297,-1.9957810538784064
144,1.3090770147760742,-0.195890908159425,1.7223626504654637
145,-2.3227142454246845,-0.1081521964121402,-0.3349153313874599
146,-1.349619465314724,1.249540290936282,-1.680146091713606
147,0.4061100379889461,0.7848089752034562,-0.2496038848198414
148,-0.989637683680536,1.772474579164464,2.5529465629126187
149,1.5414940966296586,-1.4828171851483276,1.2136063936625443
150,1.4943811005808012,-0.0136348645502951,-0.975641868068704
151,0.6958478564657438,1.2270599168266805,0.6928581407797402
152,1.008695768337618,-3.073992439425118,-2.829561105037052
153,0.9705054767956248,0.5272632522682222,0.4704583935460599
154,-2.198736061267286,0.4578913518614176,-0.8324773387553712
155,1.2212016543093076,0.9573494389988,-1.0414429988283471
156,-1.5518638631491966,-1.3391016767805852,-2.302590874874416
157,-0.7212962344028013,1.7422828408505842,0.2640357661985637
158,-2.514242065364685,-2.965889493569457,-2.5064596108151216
159,-1.485073897884694,-2.025923804800982,-1.2165714484305885
160,-0.0559980904340228,-0.4303329051361216,-1.269678547772798
161,0.066911739613529,-2.462772028903624,-1.1821422152678658
162,-1.9859760605986856,-2.547268591469229,-2.7481156745356325
163,1.108600999511613,0.4727200664000941,0.9059303374762628
164,-0.6068955258865733,-0.6953101216863069,-1.1469147901375014
165,0.5627181771181511,-2.028435443782004,-1.171979866254223
166,1.096474546812356,1.311940454171999,1.9129333960013184
167,-2.4425086439121726,-1.8151927050203305,-1.817019712757056
168,2.086700215560404,1.9407578979191251,2.520240823945731
169,-0.7767898840321122,1.3567333923538207,-0.5067531592409805
170,2.285998165927911,1.5907111179720517,1.956243832354412
171,-2.3160221406281125,-2.726285567064775,-2.270156808900693
172,1.4952305830295534,2.3113485650860786,2.34425388256975
173,-0.7773630912575613,-0.7699463261060957,1.519391247669833
174,1.4407871934564045,0.4739971155899551,2.212630869334244
175,0.7603116177462356,2.2852011411136828,2.8418351166709725
176,-1.144244813435573,-1.849387946699652,-1.9403189430710188
177,-1.0658270218290622,-1.0900942262911706,-1.0613056133916288
178,-1.364415802501104,-1.7715499519470463,-2.360523998496278
179,-1.847110992350724,-1.8919719719365973,-1.0282586330347392
180,1.146759909047866,-0.3525390462460647,-0.7125780805154109
181,-1.8027611211695476,-1.802469111477456,-0.4024916168597296
182,-1.7159621851118734,-2.5020898290345115,-2.723014486169077
183,-0.0582754039587939,2.135375538207,2.795373812353056
184,-2.887436304244003,-1.9338123886365093,0.0385880476468426
185,2.010944380758949,1.7195385738379825,2.450439963998144
186,2.892854611749188,2.769442523598143,3.17338575524024
187,-2.617841143621157,0.1640515443615601,-2.6193822801165143
188,-2.679952553602575,-2.9910545891979123,-2.0683139151883325
189,-0.4967347434641542,-2.022659220059682,-1.984800731740033
190,-2.3725343040021283,1.885573521697976,2.147835490326368
191,-1.8107847296237367,-2.9394568221729305,-2.747313181966074
192,-1.0668797495634676,-0.7858590100976012,-1.5389134777918207
193,2.466681896464652,2.478093405446443,2.443792619764744
194,0.1761023494968441,-0.1831692005730188,-1.358065418993574
195,-0.0638946436257683,-1.0061909911932283,-0.933288973173028
196,2.506467576340785,2.511304775336482,2.72273678274716
197,2.093451369525753,-1.356859587621826,-0.0811603599403106
198,-2.499851157121697,-3.1392434421882704,-1.9685126473912475
199,0.1090471456839853,1.2887844543664544,1.4890700674087498
200,-0.5661421412697887,-1.1830138457518729,-0.50512245193772
201,0.7577226219466682,1.838649179739199,1.1079957331980326
202,-0.2674841362449651,0.5210709677881938,0.7556447919396357
203,-1.984944809780676,-1.419847897494532,-1.307597786833246
204,-0.2788653473779597,-0.0751705644772926,-1.291494681224697
205,0.7590361278834882,1.0930513227388752,1.7952088059133242
206,-1.2077978965052527,0.9008638331981348,2.111125618019493
207,-1.1852256109854802,-1.520596744424411,-0.739776380160866
208,-0.3092714096341208,-0.953163481669653,-0.9107242125177256
209,1.5263803645093337,0.9550018970669824,-0.0001309965749489
210,0.9488440127642908,0.3837387791163576,0.5597283569195933
211,2.76195264372034,1.9441881467659008,2.392772551542073
212,-0.7076003458374096,-0.6855730987195828,-0.0216678980790162
213,-2.1602329133739384,-2.757248913220201,-0.3185519041738087
214,-0.5573875807339849,-0.0329227348409179,0.4690305017219988
215,2.2397887089834043,0.5439782361444597,1.6477236283096794
216,-0.9274927331909042,-1.847281930800959,-1.1377848236413208
217,0.5282675319417746,0.94859641135963,0.8249196637365035
218,-0.6021068606396566,-1.479777832214522,-1.155259859444732
219,-0.0637030554090224,-0.9814264357191498,-0.2852362833342159
220,-0.5325676590952231,-2.112711886371652,-2.1151250464593105
221,-0.8060257188076587,1.8478347280500564,-0.1146973571480091
222,-1.682283299741868,-1.541083590328993,0.2584418724638939
223,-1.681512665288289,-1.94030936210392,-1.1158977330559623
224,1.1392976604454268,0.6019935625244079,0.4196629970021884
225,0.9051308876259198,-0.3841190357339932,0.1032278887811357
226,0.882399538685834,1.0310969193843955,0.1567386545908085
227,-1.2096777799052365,-0.1531506241981275,0.9483349106536264
228,-2.070592367157998,-2.282581445529093,1.1705198090450837
229,-0.4106050544501775,-1.2724165610010914,-0.6120501941910347
230,0.8559146107282403,0.6640260933897445,-0.0063225905620634
231,3.3088735378064005,1.8319850795814945,1.797145945783032
232,0.0929727290837425,-1.1774333214102493,-0.3713663355900778
233,-1.1172830824410669,-1.6277840161351351,-1.687178858759451
234,0.9498223366763338,0.0224810003030878,0.1028803519271495
235,1.4820733941974005,1.707128597590172,0.3369599670500903
236,2.508494845511976,2.6595446924092614,3.299395110473124
237,-0.096582792603545,-1.0398739096887166,-1.8927956906341623
238,-1.5621092334874391,-1.3386518956770448,-2.320037844823064
239,-0.9217395502248342,2.743768082305885,1.005702502148164
240,-1.3881217988237444,1.289941038334848,1.897425269849715
241,-0.4944804280056146,-1.1751968022141654,-2.7949326264531726
242,-0.7861338591649734,-0.813697229491373,-0.8903147589002904
243,1.187145974295044,-0.5273017843588097,-0.293250811976871
244,0.0415228882265494,-0.2676336985423101,-0.5200871062308117
245,1.5622810077684863,2.196384645680322,0.3295274385810181
246,-0.6029222534851347,0.5646299743064261,-0.2233822599338151
247,-1.3048824832769337,-1.2265731331418157,-1.0918950966509793
248,2.266861939244613,2.055027911015583,1.9641361619793205
249,2.7802479854715005,1.694897427744625,1.6851856886256698
250,2.996594566852015,2.765113784402781,2.5475173239136297
251,-1.6787291595016105,-0.8837841608377429,1.831697607476768
252,2.529831452822025,2.7350578188045307,1.1566823240463395
253,-0.1123321627973673,-0.936370193604632,-0.4702989192259365
254,-0.2351245331064791,0.1316481021491424,0.289243589315555
255,-1.9863526041490165,-1.3191099297957958,-0.1414401943348079
256,1.1368635176355475,-2.029614018168539,-1.8075110401426264
257,0.0246150612267544,1.0075715927972315,1.1592099912839795
258,-1.0024057546058116,1.382333124646569,-0.717987523830005
259,-0.1259783603701813,-0.4908589590495272,-1.6150509971548208
260,2.8480290135928805,2.2287802248242548,2.964634637724933
261,0.6264213924771004,-0.3645283959051942,1.3073853391997106
262,-2.8499243799476885,-2.6147795192314773,-2.74000647985017
263,0.437420488839334,-0.3178116283943961,0.2259390410988862
264,-1.0779756881107962,-1.435473430181874,0.2962490303061796
265,-0.8217486605813892,-1.0929581965681117,-0.116266569463781
266,-0.8325716626967097,-0.2761955477911397,-0.021454372772869
267,-0.0799833117439267,-1.2200371891902368,-0.3790764307035713
268,1.789368703470546,2.6010401835068597,0.9992649478986668
269,-1.0394281752371173,-0.8035207831707908,-1.2299094608067036
270,-0.2325238092799313,-0.8577734379274293,-0.7068420408906309
271,-1.5501799310685307,1.9486122875062823,-0.504502611891723
272,-1.9225927082998813,-2.110343382972732,-1.8736415751106763
273,-1.0610897887041593,-2.3593515899492847,-2.218903340858573
274,-2.357343572308333,-2.512677247935995,1.6650502470764617
275,0.2684270498170579,-1.6050153314877316,-1.4292759712389254
276,-0.316574503051541,-0.4272208236130933,-0.6641265935058377
277,1.5684549766727942,1.0386847904348968,0.7066963482526354
278,2.8915751442446624,2.816501668388766,3.4307163181849263
279,-0.6895856759785494,0.1501941128798063,-0.8487869500316935
280,-1.393807782414856,-0.67898088044765,-0.2602379554302155
281,0.5250383705057742,-0.0009826526522264,-0.5642344721850079
282,-2.1142273013960247,-2.6619335796964982,-0.6593540659093594
283,-0.928387471624927,-1.1979239708253613,-1.5589009891534964
284,-0.2943321718255585,-0.0923741842970924,-0.1291186660958625
285,0.7017103006798018,-0.7357248978608697,0.529824577991931
286,2.379881605160099,1.849179459894562,2.363660213220381
287,0.0198484030625596,-1.3304315162068616,-1.9426669726103445
288,1.4904235983492296,0.33742479222231,1.1833037763449803
289,3.5875853889469487,3.2739767336178094,3.774098014559209
290,-0.8318877846024108,-1.0755759079261975,-0.4529573231818589
291,3.1958163485117184,2.9756995165087954,2.73179787596554
292,-2.0297548468415627,-2.1647114259336147,-1.9404436110766463
293,2.8616800054951934,2.8211114203972274,3.238190541891192
294,-1.0325941539704735,0.6087481885293674,0.9950359225375842
295,0.1562450239723391,1.0160894926885538,-0.2507837485884845
296,-0.2587495411158754,-1.5744820871592948,-0.3734888362745804
297,1.0939724407867926,0.8985174558340813,0.5177635758374588
298,-0.996836805144395,-0.8026842549742433,-0.7495428193409582
299,0.481371518600058,-0.185132800417161,-0.5796102480037547
300,2.4882990333992394,1.8112339773936417,2.316392624700709
301,-2.2539153653659336,-2.110919065938429,-2.54289413758095
302,-0.4065676529632066,-1.1114803163432625,-0.957904437631302
303,-1.9152462134010872,-2.006607825821639,-0.7765285437720677
304,-1.526172248623737,-2.1609932905794733,-2.311352361562776
305,0.236462611303078,-0.119995594974707,-0.0544887092096578
306,0.2034723455745317,1.1955223450546524,1.1584988991102574
307,0.5208459662369219,2.7525357084328608,0.2651039206764853
308,-2.6988168195589486,-2.0760480540470803,-2.833935495513666
309,0.7420070743787477,0.0753501705591484,0.1033246259922651
310,-1.8095704398412515,-1.8567036294303916,-1.8999965491605704
311,0.0150671506016284,-0.6457485742684002,-1.0549597252235028
312,-0.1875057601801389,0.7557559872795887,-1.8905493543636016
313,3.055995996383727,2.775098528640008,3.067274825412171
314,-0.918238514643302,-0.3241822955077408,-1.0202245796762512
315,-2.777038337945516,-1.005429079821038,0.6566381179412197
316,-1.0725595550909297,0.4300948811498043,-0.3479821789238523
317,2.2371760274673185,1.150040976443128,1.308671364168606
318,1.9361473972372476,2.036791776378695,1.6973622806028967
319,-0.7755541292499767,-1.5420580635118823,-0.6888762882770414
320,-2.5727930041885063,-0.4314543583670427,-1.9696426557758535
321,1.8916437675947164,1.942352567570736,1.1394374380274663
322,0.0928819991688144,-1.471308220944237,-1.511232429465626
323,-0.457672855401479,-1.2550303440365236,0.406989397613425
324,-2.020721049165031,0.5120057147080577,0.8554903115103735
325,-0.2684122417083014,-1.1465643041595384,-0.626991315040523
326,0.424317153092746,1.0389602764638968,0.2496795984526015
327,0.516290955241776,-1.4250688388113908,-0.6562869884263236
328,0.7648314492268092,0.1333335826403483,-0.1074052304713311
329,0.5723939961719755,-0.4844470428501061,-0.0615984795269074
330,1.5010076277464397,0.9506219701069536,0.6543805907153996
331,0.5998902516627961,-0.9630241106051202,-1.2999135964625907
332,2.521713444628566,1.5950639469146966,2.01671389414435
333,-0.7010094208942267,0.9086122714154306,1.7161918150535738
334,-0.6177212658678636,-0.8722096441890133,-0.8994467753018532
335,2.094631039522819,1.8395776007098807,1.491422013644444
336,-1.4849473293348208,-2.157789173162469,-2.158486691224617
337,-1.8912454225607416,-0.5597209131179465,1.853561242897401
338,1.257994299470158,-0.3161854908896221,0.2336245683542595
339,1.0444634862276143,0.8555300773039336,-0.2021998781265824
340,-1.6847847396987048,-1.0081136449082109,-1.2377442061970976
341,-1.153308245491835,-0.6358921523817792,-1.2245147297983296
342,2.7062598366541426,2.779279590226849,3.2494322475506583
343,-0.304192467365779,-0.7750181960004703,-1.1226540884518137
344,0.2397715033792717,0.6952406400938435,-0.9298756909062248
345,-0.5598297150879243,-1.5159762941825068,-0.8619128749575419
346,-2.245063201441242,-1.5158965732054943,-1.04919215680485
347,1.795391427058159,1.5651947697629192,1.3047815817945745
348,0.6069208345801623,-1.982059176555208,-2.2970100369723503
349,-0.4627268263510635,0.3531788565543259,0.3009505080099199
350,3.585105196397251,3.4942378764541027,3.911337205154785
351,1.8412182412480225,1.7292494600918813,1.9541913972037968
352,-0.8325291922786738,-0.023794879967915,-0.754116657799184
353,-0.9582568291565878,2.133600845029097,-0.8334415883056577
354,-1.943386826573787,-3.100297763220933,-2.155127264929338
355,-1.893280467976483,-1.471921821286854,-2.559826546208542
356,-0.4987550827135987,0.0049320781596485,0.659803002561493
357,0.9909109032972424,0.0531470909859389,0.2595066277346688
358,1.8311531715806624,1.506878645754137,1.2499889485323892
359,-0.055842691726248,-0.0592647635191363,0.3581168743351532
360,0.5645421393004862,-1.0185853508632006,1.3448536156910598
361,0.7637624148369118,0.4907939512294563,0.34568042267826
362,-1.6044034863121317,-1.828220140577296,-1.640326880009696
363,0.0001603956857025,0.0309085584897537,0.2207062812124235
364,-0.046401513643707,2.3023815886089327,-0.5932166604394172
365,-2.124825255474281,-2.029614245639503,-2.6153025353196235
366,0.759772825088627,-0.6268842239323384,-0.3108592131274987
367,-1.2035612806480722,-0.5544966168393748,2.111921222527541
368,0.1675729520890373,-0.5217128988702382,-1.218495189238434
369,-2.543496274780737,-2.350394442490192,-2.111892047814264
370,0.8038496787552804,-0.6435441545847285,-0.3891995673326803
371,-0.6543468411803035,-0.9447539869337598,-0.9868319642283904
372,-0.3158596801779904,-0.5907976642631076,-0.5171694780992241
373,-0.6657849659384576,-1.982285225811444,-3.0161132628580702
374,-0.0293597424720625,-1.0640654832950514,-0.9078411514990744
375,0.4255515663187286,1.0376106650552923,-0.6421296436610268
376,1.0953029188719323,-0.0118700009782984,-0.5949972245531764
377,-0.4783551775978859,-0.4977809356286202,-0.2218804879959312
378,1.4441015543521265,-0.4519980702135875,0.7779783691865838
379,1.2435502624165629,-0.5657526148405521,-0.0635529888986404
380,-3.044348791565659,-2.7668327668844537,-2.752423093724227
381,1.4046861327953952,0.4837105417151455,0.8670576032129873
382,1.0818962270253878,1.2490520359511292,1.1293692095940284
383,0.903733532488263,0.0999238528633187,0.1265340921771243
384,-3.485666179315422,-3.5734480751748947,-3.8046483491640286
385,-2.460593364948964,-2.153489537488369,-2.262789622057222
386,3.01150001212486,3.091883633486776,3.4069776312437137
387,-1.879071731381548,-1.6427564223065387,-1.9248096459264248
388,-3.693703181165068,-2.6685130452018258,-1.6024731717406868
389,-0.3442068684799648,-2.0650110191174336,-0.6447005438433243
390,-0.5389214547041468,-0.8446063361124357,-0.3421113964067673
391,0.4789688141855868,0.2171554639827663,0.1151246255506611
392,0.478764998776654,0.0069594675584473,1.7333860834001535
393,-0.4987257160867651,-0.4105221119318271,-1.6036474776957126
394,1.5461035611089824,1.3813844580400922,1.9085450822032264
395,-0.4343754352748141,-1.302414113442133,0.5590498787692277
396,-0.3110091103415328,2.545038268834539,-1.9757554040960603
397,0.3041666162980456,-1.061292261517767,-0.8353416627093976
398,-1.9856998519414348,-0.207841810303335,-2.36011290765388
399,0.5716632586064052,-1.5113791698823995,-2.337792849594962
400,-0.4879385167378621,-0.164803414785176,-0.397839248280935
401,3.727178458087627,3.4431653203449324,3.770438810016808
402,0.0888737016463012,-0.9863505481180792,-0.4436147504621159
403,-2.44048928988393,-3.0049269440462014,-2.9562178686235137
404,2.197419924918873,2.651242310729237,2.919187539848916
405,-1.758065959195885,-2.996987367492417,-2.268583029025174
406,0.1504778116988075,0.9485072890310092,2.3171295582605618
407,1.0875683683115862,1.8392563038016465,0.6633772885710263
408,-0.4779709709461932,-0.7819872298148398,-0.5131124475563313
409,-1.1489309372244632,-1.984030740193365,-2.6453108899905877
410,-1.2243043681032029,-1.640006696983882,-1.4547114307764788
411,-0.4215654198176406,0.3361040492386317,-1.9684080439518647
412,-0.9003390327000075,-1.14304674047348,-2.113479059160256
413,-0.5903547734479446,-2.444809621247201,0.1109969584718016
414,-2.114463115454248,-2.294802260231408,-3.1913412984953675
415,1.485363113058933,1.8623885922533212,1.7991492907729096
416,0.0092815391526507,-0.57514021547298,-1.583627686327647
417,-0.0900717296193541,-0.0290471611218261,0.2180280806769043
418,-0.9049483189410606,-2.402409534195604,-1.8639198867820737
419,-0.9595233311825484,2.479957878299952,2.4431402721534443
420,1.454387529624979,-0.076270947100677,-1.1127227108028297
421,-0.5766017182576386,-2.1132034446676915,-2.241493344521147
422,-0.3642194674329156,-1.638115617095977,-1.940735195689809
423,1.4305825878711782,0.7622596425037033,0.5708821900758145
424,-0.2473070388323271,-1.482733139408046,1.5223993556899775
425,0.2077087867468265,2.1990792499002594,0.4349301402262922
426,2.559430585676362,1.8593788631915964,2.021330592142017
427,-0.6328147245305825,0.068577155616657,-0.2676146049295012
428,0.8659352259377369,-0.5936555578719045,-0.0850587114475112
429,-1.6261914560541828,-1.5825970304062835,2.2708818649555567
430,0.5201005341413544,0.7152003075312132,0.4582127172385174
431,-0.3042287650406858,-0.7742541163131955,-0.5393574407204904
432,-0.9655229538012534,1.0994804309480442,-1.3640986882932924
433,0.6064806106608988,0.1527201407682129,0.7301035464476304
434,-1.263261549108087,-1.5987117543839209,-1.2306837214374968
435,-2.215365478812225,-1.1729964526043553,-2.321878234337769
436,0.6662604446979017,-1.6877940277462218,-0.7898988548845599
437,-1.0297049093624449,0.852228674336679,-0.8017685542114351
438,-0.5490100328328483,0.4108025359438865,-2.074502118794825
439,-2.1732269287797115,-3.01610174889057,-3.3234581048416487
440,1.0105497789003075,0.8190297095882662,0.6923261524687625
441,-0.9038518017293548,-1.254695273100764,0.3465214953162228
442,-1.6482643637336098,-1.1555819215423204,-2.014114771624443
443,0.7606304034019873,1.3320357922565884,1.7008922748578448
444,-0.7941322876466826,-2.4931944300210542,-1.8019212621579588
445,-1.454850926155055,-1.6763697046559614,-1.8197981724429455
446,0.2064419523300585,-0.8002208092614445,-0.4347896484843944
447,-0.280032719341972,-3.0555907255396773,-0.3956716055280986
448,-0.7994842168061272,-1.723744529361337,-0.7575153098782826
449,-1.6301366959776478,-1.1256066173468822,-2.322641765250714
450,-0.958315642442576,-0.8399886209678629,-0.9054820919742924
451,0.9064456675992242,1.6358506134542266,1.2659862937067394
452,-0.7872054520775147,-1.3500631591355663,-1.2698090662779526
453,-2.326153239178703,-2.689482861602954,-0.7945837091631078
454,0.4440358757138946,-1.7288664484437146,-2.598017631057147
455,0.0953980150632161,-0.9918046063879462,-0.8957796271567574
456,-2.9203477564436646,-2.777094983310449,-3.5976401726838723
457,-0.5299506917476445,0.906200017130146,2.9217155805226644
458,0.4443707049181306,-0.2338984716782612,0.4346864639860127
459,2.2309329882819946,2.498905466688176,1.8927910076027148
460,0.621372038711491,0.1056812691200012,-0.0177173878471479
461,-1.941917549095361,-2.5544180853912826,-2.2792272872068757
462,0.9090301023161516,1.192932495310163,1.1520015429145822
463,1.39559006743166,2.3641562226194863,2.242924527837981
464,0.7624198260436756,-0.1483699050164456,0.2990145759588322
465,0.7635237827090527,1.4348136739376027,0.0845299101668711
466,1.4800446350719911,-0.6692409465264277,3.3417712643701347
467,1.2687022422535237,0.1499810806535232,1.14274080606752
468,1.3109386937584515,1.4824815775138185,1.4954510197765472
469,2.005980060493144,1.1787240402053802,1.3156511035309126
470,-0.0904512415321678,-0.5221723585949118,1.638718150513465
471,2.407640052466121,2.0316124891585914,1.6201268055171196
472,1.149828604440326,0.4855812060323392,0.4234143397115509
473,1.4432194689249294,1.1148103439288468,0.7816718692360057
474,0.4364393467176919,-0.8435371201458665,-1.923644082080404
475,-0.877382824994952,-1.6393020818129609,-1.0139609995880896
476,-1.329029462876905,-0.6816148885187414,-2.305442211486319
477,0.6504170400102838,-0.4718870569847865,-1.4180724315630453
478,-0.0799184401279667,-0.2931189898996642,-0.881735644629819
479,-1.7622312741986603,-1.764010448245641,-1.5122161686127715
480,0.7658368953112497,0.6688161583482162,0.9983172652428955
481,-1.7415930813569274,-2.352397440599761,-1.2393272894923668
482,-0.9502954874594732,-1.388409640306593,-0.5039001278698189
483,0.9012571623282756,0.7589747997519132,-0.028070693424197
484,0.3431107208186634,-0.7527779697250739,-0.8411062684436041
485,-1.5533303225309063,-2.1956206614663425,-1.823627314718788
486,-1.771512610819485,-1.984809079907524,-0.2041852283324461
487,-0.776165709600424,-1.480029147438375,-1.5191700070196856
488,-1.7407498223078908,-0.9852071887276492,-0.9597659819139208
489,0.532427309002674,-0.6953541415826816,-0.4628538856403807
490,0.2460886107881645,0.5210491737454125,1.4008219788710508
491,-1.6677457154483168,-2.9654959205898868,-1.372473683761234
492,0.6663995094368572,0.2687279554707494,0.7603752816769541
493,-1.329344766674673,-0.0025050924756879,0.2922830809804699
494,1.4307643190245969,2.3995283983712934,3.095359738536755
495,1.2959507607617415,0.7472579094192957,2.9350773119598585
496,0.0901709085226497,0.3907853558307208,-0.7076057426308616
497,2.9211293777108653,2.6426975931182346,2.821959492390703
498,0.2131859462734787,1.524529354987804,1.6028475736539072
499,3.1318303170985167,2.64174222094301,3.0708786890430377
500,-0.701733930945751,0.3041780055942478,0.3486672620876315
501,1.4448481512772051,1.2284573323768389,0.2092169565325843
502,1.4280558034746005,1.144268371325461,1.930316862700952
503,-0.961523706677898,-1.5977636673980695,-0.6607306017749192
504,0.2562996837330394,1.045133934400872,-0.1702966963011149
505,0.7654758967579448,0.718740956000563,0.9061196191236596
506,-1.4878109035908127,2.158704233797953,0.1489298464304502
507,1.4626868133434812,0.2175812678050517,-0.1413050796120421
508,-1.2360476733333157,-0.2049528000647241,-0.1543684497256557
509,-0.6933387567950853,-0.8857550380632621,1.1012802655942584
510,1.7740291308887923,-1.0831838424707243,-0.135447982461164
511,-2.3422386659473413,-3.6708069017200127,-2.9977986784065305
512,2.244714668044867,2.011357862977614,1.427976585609966
513,-0.4731062424951152,-2.886896490786959,-2.290609675141709
514,-0.3493206449642694,-0.6012986430196913,-0.9918058256350948
515,-0.5431008019463897,-1.2900842409881577,0.6699499542595385
516,1.9666373715588936,1.6892419398037006,1.657950501257846
517,0.8541053392748833,0.8520482254857523,1.7755656370268198
518,2.273359439226502,2.0491937688781805,1.2966360265847865
519,0.3453296296657777,-0.9199273008962188,-1.3209279228859778
520,0.2767070679388621,0.6824491604556706,-0.6956832509292349
521,1.7905886017452397,1.1014728103713152,0.1174769571695934
522,-1.877930194775664,-1.7381907998836454,-0.855039554612775
523,-0.5899201274628972,-1.154201862351709,-1.8971386786884927
524,-1.5441495346715168,-1.9825281400074208,-0.1819573626621483
525,1.812425995473752,2.703986956816978,3.169021326592902
526,1.1815500716527356,1.8404528027294844,-1.6293952055356635
527,1.5645051770233505,0.7547726034918791,0.8977930373296512
528,0.8759257632566011,1.816865154331385,1.007437926959836
529,-1.4224058732075835,0.3862403758321,-1.9585153568678677
530,-0.4119562031294581,1.7899741500841695,2.9105029977657706
531,1.2482583737807376,0.9044364061745972,0.6192250819779219
532,-1.6484931079136982,0.5090398067475596,1.2253654034737846
533,1.6513906321387657,0.7171700784804212,1.050582042143103
534,0.0619922282126573,-0.2975124256068082,-0.4512099896120104
535,2.2716288743931297,1.915148677201318,2.802741128034644
536,0.0002612372844576,-0.0492962196691033,0.3928549645823312
537,-0.9186062288586682,-0.889571245918233,-1.6404671388155354
538,1.5514567940389503,0.3367343630432321,-0.6819826278905954
539,2.6562101246520253,2.2529568275497622,2.771043828946087
540,-1.847556139484681,-2.916981588847926,0.8030038870082912
541,-1.2699452316585162,-1.7316050986330782,-0.6390899517831511
542,0.1151313128816778,0.6670227804197731,0.8614924781741026
543,2.022923726262136,0.7691623759720974,0.4803526224196561
544,2.0573837086663795,0.9921268553080854,0.2135485299708214
545,0.1999391289420042,2.252912282014914,2.1229703580158943
546,0.3454023927916698,0.1588665041712852,0.5618037142102048
547,1.3323374161125905,0.908837925244246,0.0471896299601329
548,0.0685631103889186,-1.896403791186412,0.9473507293942752
549,0.7345781019427172,-1.846546785938066,0.734661213946469
550,-0.6211207468847981,-1.258118134585172,-2.246340245441225
551,-0.7518366120908966,-1.736648445226392,-1.555895764918175
552,-1.2255594012673108,-1.2514513337151447,-1.282149660347505
553,-0.4773372954241863,0.3836645508443042,-1.4371228116297878
554,0.9521472279740296,1.2163813920048947,0.760902935558491
555,0.5413505289335244,2.4024259198504296,-0.3344815699978566
556,2.579768376078138,2.686616856096947,1.7614293198117172
557,0.4838026692858894,0.4022429243118656,-0.6634901825040819
558,-0.5632472449726532,-0.5788472060931218,1.2021228124001495
559,0.7102887980114279,-0.1589727250401696,-0.6818989265738435
560,-0.3451071747469563,-0.7357022224329548,-0.6820367045951368
561,-1.7830219894876094,1.848049898117492,-1.7341083533549817
562,-0.2800522882587072,1.6693554328903066,2.20435827743094
563,-2.064072985954525,-1.5166790617758272,-1.600718460043303
564,0.5661361170315647,2.430082295049905,-0.7122953145449199
565,-1.7340213026725144,-0.6713965435721663,-1.8240062634764007
566,-1.2724863370772457,-0.5483218229190306,-0.2213493401521041
567,-1.4005782239388038,-1.050541259199085,-2.447164030790647
568,1.788605269392523,2.59518829041737,1.5898462314855668
569,0.2656454075739883,0.270274128008557,1.1077756590607404
570,-1.2305475195544764,-2.102642826728492,-2.0135131403651623
571,-2.2527501245744213,-2.297503399061288,-2.836135672975595
572,-2.066376688614895,0.6101339645609339,-2.206258184002873
573,-0.8429570856151907,-0.7420037874846146,-0.7495709229877336
574,0.9640144445329972,2.1167681247359207,2.393380110422415
575,-0.1863234179025405,-0.922495811742306,-2.079551634756098
576,3.016504899354297,3.188612363755188,3.354007628753562
577,-0.7031757006420143,-0.936326457199966,-0.782128756639354
578,-1.5193265481296665,-2.016724275522915,-0.9098461747631482
579,-0.7659424222965452,-1.874641011220601,-1.1944950077411238
580,-0.6233041919399915,0.4750405351604621,0.4677151506396529
581,1.0727611883417612,0.781637574061448,0.6938724431299037
582,0.5459113839341246,-0.0815667801584223,1.1130810323143816
583,-0.8079739348393601,-1.8106068468490408,-0.9504064963855506
584,-1.2901177887091373,-2.591009908513775,-2.2018386464340303
585,0.5769314089276036,-0.136182604990535,0.4780403603990359
586,-0.8027222345229225,2.1807602365684966,2.0853195205709207
587,-0.1483573756601623,0.3397191780816085,0.8062530357340872
588,1.4826150680097527,2.37521467065374,2.198533742690215
589,0.5154020388333416,0.3295684131486949,0.6664604580063865
590,0.2724827488166833,1.9905558519052604,2.7345775107576817
591,-1.4856664476431514,-1.736599905347328,-0.7098516189706894
592,0.739225160375427,-1.2063977397727703,-0.2677160802897472
593,-0.6758051924088221,1.556574497136883,-1.0416146154236765
594,1.945721543214736,1.4387002273273737,2.09311398673482
595,-1.683897292948828,-1.0287073271253744,-0.3208311652260646
596,-0.6824904737640785,-1.2265036787565191,-3.0732502630038616
597,-1.5195018534308895,0.1713223398259216,0.2050653789953591
598,-1.8925506266333263,-2.030136327268537,-1.7545659883310916
599,-0.7960593605802264,-0.3415741230923203,-1.852275941894053
600,1.954801715935238,1.1510391345785522,1.6459467067169928
601,-0.5572725517497628,2.3515743229548134,0.3287734322465773
602,0.4188950478591892,-0.2357148616487779,-0.9384810781805608
603,2.931723691715338,2.815590089459947,3.475545566193728
604,-1.7148936588192087,-0.7766790087199434,0.2308987504732589
605,1.479849422866503,1.8578060500527536,0.5124949104112376
606,-1.1405308110814003,-0.4681813595374937,-0.4161854469946186
607,-0.8222999809158594,-1.09826530739157,-0.7885251463296374
608,0.8298556252436236,-0.5103002707854576,0.4576888742353747
609,1.9574742576631183,1.2346914956703974,1.5367033766205336
610,-1.2601043494323152,-0.6853993454347455,0.0046737920997504
611,-3.0346674035461683,-2.854440169338618,-2.9839836480726225
612,-0.6513334339684781,-1.4652693143935516,-1.5187761298088935
613,1.0864077669508263,0.2176262005392783,-0.1653363112017192
614,-0.2373766764639762,-2.838297340419989,-3.1031867455688937
615,0.2912236677245355,-0.1180604952128673,-0.0829597506005888
616,2.4045599756334712,2.1167954284932367,2.15358525903209
617,1.5755314842918131,0.9022621254793098,0.5182994864397479
618,-1.957797114052355,-0.8093859821322359,0.6032591964971514
619,0.0151181985177055,-3.005535683394604,-2.937624243359444
620,-1.7415043747279382,-1.0930503009886352,-1.236338810488104
621,2.32094439672682,1.1310814701746734,2.2034453051660625
622,0.9084051742916016,0.0055920369058152,0.994041466106389
623,1.1785141748490262,0.7764023708973661,0.1262592409993664
624,-0.6412412703295761,-0.191447157500497,-0.2732366992092114
625,1.6762157708213778,2.065901546632764,2.3927102592915905
626,1.940711588593372,1.9841265720698391,1.637215200399792
627,2.853774809088212,3.009890053693956,2.054357448910622
628,-1.1004002675707103,-1.9842459373150945,-2.2189365043810154
629,-0.9584025060298303,-2.0344980027223394,-2.03103084696583
630,-1.7121343586888194,-2.778425367482423,-2.410658973059277
631,-0.6914442996660392,-1.034288308758754,-1.1051709067292104
632,0.2173902186993287,-0.1421554049747515,-0.6120323557854787
633,0.1005673181615257,1.822303159899115,0.4754398202597239
634,1.6122869728662292,0.4216504590639175,0.2118487847557035
635,0.1662479182075949,-0.6946959007962006,-1.7519552144117778
636,-1.2003965786143445,-1.714628816430156,-1.2198508861175297
637,-1.159958984678257,-1.0377493628616137,-0.8328774078635235
638,-1.8518264946064265,-1.8794097425014744,-0.5792563227067207
639,-1.3227967082299354,-2.3984304776093457,-2.0210579159257342
640,0.4288662449837126,1.2522129328435418,1.6823777296030005
641,-0.5504944089757288,-2.099869813466901,-2.618561732868605
642,-1.535045095817211,-2.9896224200661337,-1.0738086075289397
643,1.533059514323761,1.8747565528910493,1.7562220508162656
644,-1.479245861658268,-0.5572674751614236,1.0050290082815112
645,-0.8786457454128775,-1.810756910189148,-1.72617440113769
646,-1.0810623015196297,-0.0840096344672244,0.5495904439100485
647,2.270423817409579,2.6597776110433853,1.881861520304384
648,0.9196554903305972,1.2745066922488746,2.1353900617765302
649,-1.5573925062854022,-1.853221718739378,-1.6814446750518866
650,-0.5603057250127762,-1.3970559009220334,-0.9731934082880234
651,-1.087047016307067,-0.6048930310782468,-0.839311201823977
652,0.3470550165473996,-0.5572735106608935,0.4726779871234161
653,0.0462413839233682,1.2738935956371058,0.8496353353786577
654,2.061564440675737,2.7628468701716304,2.447868268746315
655,1.5681662110279713,0.4417831474768566,0.4754316560337412
656,-0.1482722767710222,0.3851555747842185,-0.8333093048529725
657,0.1739838850536963,0.5510289932404917,0.0728009653028821
658,0.3493212051304651,-1.0213638164178622,0.1299069707630727
659,-1.035511428109268,-1.3121431876904763,-1.50778520035719
660,-0.5967903547629992,-0.3477597342834431,-0.70821119447616
661,-0.9567799198905254,-2.751197083037832,-2.751383624376719
662,2.712575359439096,3.3167167108639646,3.539651662697154
663,-0.098716035931204,-1.03772743052729,-1.809447088096688
664,0.3855698871704598,-0.8930314752566446,-0.4313934408188177
665,-0.8760004173101319,-2.0294346347604413,-0.4469026651903037
666,1.1942631033279636,1.101347683679602,2.4250561699723696
667,2.3208861167131167,2.444661892594907,1.4435447647324104
668,0.0929788681677858,1.1428730925017712,1.1505450630872058
669,0.311679216071043,-1.961901727437446,-1.145771168361421
670,-0.4169626631462725,1.0065101843111253,-0.6411388344751389
671,-0.8647537799349718,-0.1292449499658987,-0.5348779146392664
672,0.439307204122481,0.6610406481279232,0.8066152039067523
673,-2.450139039978469,-1.5544253706316338,-0.3673542019588341
674,-0.4498210598317638,-0.3871193070019598,0.0578009863377934
675,1.145666198492802,0.806850622320212,0.3045128700849394
676,-1.476333927794943,-2.015514419037249,-1.9228718126044984
677,-1.0308454103166298,-1.245739576350464,-2.030425283671827
678,-0.3971587798513087,-1.1118575625307092,-1.5130755825038256
679,0.3320158589792097,2.8113267337973817,1.2707363704734091
680,-2.701767754131416,-3.658316127834878,-2.584618145355554
681,1.4370040088303209,0.6387768617977133,1.6397204990161331
682,-1.1597956741369806,-0.4652346538360302,-2.0273887953825884
683,-2.3483590672445387,-1.677264164509844,-2.058308637806105
684,0.3490826623365958,0.1358034818521785,-0.1511759723505383
685,-1.297486881780449,-2.747563163899039,-2.8334899706701604
686,0.0190662548139821,0.8028182566299157,0.3424610754567065
687,0.7286306300409101,-0.4908771686586826,-0.2807132299717082
688,2.088073215519371,1.8202485470150795,1.7837178685788055
689,-0.8801293798123389,-2.832673646999736,-1.3986827424082413
690,-0.8016681980114707,-0.1048691328227724,-0.3871692120651223
691,-1.1572824144182816,-1.9372620045940652,-1.2803074998306738
692,0.2998840505919629,-0.7425396466064277,-0.2092683463850681
693,1.4147806593219134,1.053509919912449,0.6178013257401475
694,1.1759186562318622,-2.638715574863888,-0.6647387652902725
695,-0.3657654834464019,2.043950102837797,1.28954642476422
696,-1.898535652951553,-1.244955668548411,-0.4419873693434232
697,0.0961561166148849,1.031517969356785,-0.0799466715997861
698,-1.6971239992507794,-1.8270140459322572,-1.9715791542511047
699,-0.4042835748752171,1.3257278154400112,0.1152455297718271
700,-0.8611046125018014,1.9061432748289755,2.370313392058167
701,0.3258587042583791,0.7581842421962112,0.1262636072357384
702,1.4229128899421546,1.5688433702088085,2.217088277813806
703,-1.8976898728800409,-2.3893518596074035,-2.3429899061145862
704,3.1966470706638983,2.9242601999104827,3.417641859059686
705,0.0669940147085422,1.7178904551072098,1.093543469605566
706,0.8541490939769909,1.5503134395720808,-0.1706919088641077
707,0.3476743912068049,-0.3453441050149578,0.5258095790232679
708,0.9483933790181654,0.8513402086665558,1.5545575833872896
709,0.5536898471272714,0.6823336655176934,2.272468305631022
710,0.1971849760593461,2.417747857322395,0.6502166477345712
711,-0.7287129026947847,-2.33972937603407,-3.134624354116288
712,-0.0771223398805649,-0.3239920644613652,-0.3087729038728705
713,-0.4419906591935717,-1.252692010897636,-1.675570503320055
714,-0.8041742156345043,-0.3578753954382057,1.289165687343927
715,1.0991362344713012,2.6449080992108014,2.000155555299209
716,-2.525581206690242,-2.302527750554758,-2.2975625009306224
717,-1.7749753390699523,-1.1781069949022864,-0.3400670089220046
718,-1.3868444813533896,-2.120684458012867,-2.1654859836352456
719,1.84940379669428,1.8091726100794985,0.9987296743822904
720,-1.4077177147956248,0.0249510183595625,0.6890163323526879
721,1.7183972844197972,1.6776206884457745,1.76014986927121
722,0.5525452101422683,0.1852583169459669,0.2436019912546487
723,0.0222520714710632,-1.1592868163479146,-0.7232002681792732
724,1.4380269087454918,1.782596619434297,0.7708423217713056
725,0.4774911121437203,-0.1804961254357207,0.5689390375790356
726,1.2392791171080382,-0.8322915829889034,0.8556310771596587
727,0.756562275418963,1.3561152340494766,1.8782570938924512
728,-1.1700042830162845,0.7023088254237903,2.2301321867547887
729,-0.5482570221804804,-2.448588433541776,-2.2069719629245066
730,-1.0702521871765167,-2.363648704599838,-0.907630892328297
731,-2.874727577584332,-1.800617014864758,-2.439523113272175
732,-0.4132895744195868,1.95615857388316,-0.8075272265732282
733,-0.1609304481720969,0.2986835339836168,1.849065716436601
734,0.6152655339687351,-1.2543799605583654,-0.6676693391234154
735,1.4484120291043672,0.6408825063869532,1.0746122252632917
736,0.0905906454809706,-0.4510996477450614,-0.3400245865232459
737,2.250882233118574,2.059422868985852,-0.364105094141423
738,2.499544509881354,1.5046127793843855,1.1905745665044776
739,-1.4363806162923944,-1.4831314823730586,-2.069628492252004
740,0.1773514495840719,-1.071132849391956,-0.538538749518112
741,0.5263272543387205,-0.0678224049739734,0.0743637031971068
742,-1.786496109981906,-0.8736934908118562,0.2586047625890952
743,-1.9834102653194383,-0.7162636513067823,-0.8253427439839696
744,-0.6780225897888286,-0.8874927778391081,1.1144297126164842
745,-0.81169325472392,-1.030600807072255,-1.1214175244384634
746,-0.2295942329976142,0.0492617901380344,-0.3109812605859198
747,-2.406482758147245,-1.3363138510522374,-3.357135804213694
748,1.748048493402946,0.8126266252543297,0.9504868340755416
749,-1.4861921841713606,-2.2996336058907803,-2.0329615849863174
750,-1.0376901455589402,-0.2534952896514012,0.6449384583296427
751,-1.4331167203634003,-2.124356333020927,-2.8225960093327545
752,1.033754262926721,1.569353849369579,-0.4305193633898386
753,-0.9556258247849514,-2.3142730966721,-1.7546860841752294
754,0.3048127643064544,-0.3813141146682095,-0.3556201570252882
755,-0.1882861588283766,-0.2691879999880148,-1.384391994516479
756,1.9058952360469592,0.4144189575435627,-0.3858863333988895
757,-1.2131088378651285,-0.9270581125049404,-2.403807968111433
758,-1.362368685318288,-2.124167105863463,-2.513681455525755
759,0.7602470597070806,0.4314191097255146,0.6630239875864716
760,0.0924991330426863,0.254912485289711,-1.2428282082566164
761,0.9659983973225544,2.060984733017812,1.9764589017355791
762,-0.1280144033567816,1.5959725981631765,0.7113026007512471
763,-0.3356039636889345,-1.6494450962918377,-1.921828326554324
764,-2.0200558101224613,2.2145935768310543,0.6126688383953452
765,0.1263627847040404,-0.4388390404679717,-0.95343448600557
766,0.9068210849508324,-2.698781547885757,0.7660231433461446
767,-1.6397409185026777,1.0969713719014498,2.2295187924922457
768,-0.0539759497032661,-1.5569649411994348,-1.5116542391207388
769,1.3175583638922628,2.4480124008885618,0.0615252636438876
770,0.66838734791197,1.9716525459650944,-0.0419959178498193
771,0.7557528172370024,-0.3720585374445487,-0.3169480481474408
772,-1.0213800067982184,-1.916256352349399,-1.6356616916469795
773,-0.7357117149820689,-1.4602755248255654,-1.1972409741218184
774,-0.5345861283989793,-0.961422100832082,-1.1636201241313755
775,-2.2001969076705064,-2.4368979220464637,-2.766673209512827
776,-2.16668602862275,-1.8423024175131384,-1.4838101017971648
777,-1.3974914677268224,-0.5745509457882306,-0.4946042685578214
778,1.2280508668704837,1.886254461413868,2.564811113926599
779,-1.7217808848791425,-1.8981097504945168,-2.235861715856909
780,1.6139719846378042,1.4415236187341636,1.2290824832596108
781,-0.9265863436951368,-1.1113078251528057,2.513338795064371
782,0.0934831905038591,0.1464624559284821,-0.1121160152166071
783,1.9945710852536904,1.1384109839628862,2.085908764068498
784,-0.3535447966389745,-0.5885778205430514,-1.4578709013778768
785,-0.6671706246595556,1.335890950801536,1.863892465196045
786,1.2549358018362118,1.6305288823048258,1.693905011130857
787,0.5259593764435714,0.0484076445190394,0.2950197604448961
788,-1.2896481566129108,-1.085021341616991,-1.024555433136779
789,-0.3075587137131287,0.5226046400010417,0.3896008510898917
790,1.7060924734516514,2.3465395300902814,2.615577391887688
791,1.924627485795866,2.3154159718363823,2.227175264853124
792,0.4239332224949499,-0.1511626249903532,-0.3243544485333757
793,0.6195199996258104,1.594804850022598,2.9640752784119897
794,-0.7659845913164819,0.0461269633983942,0.5654049817398237
795,-2.1128150336146625,-2.405594721059773,-2.893736014865245
796,-1.3014078868665733,0.6218923298200119,-2.789781105858633
797,-2.0266719811091,-2.98382255100266,-2.69015048937609
798,0.534331409188082,0.2965168955370466,-0.221950177024421
799,0.0171572185910495,-1.1313380543430576,0.8507868533481602
800,-0.708281368958223,-1.2551661548724895,-1.2378749565500995
801,-0.3420989603175082,0.043503603665814,-0.9567993952755915
802,1.115223578219654,-0.4161881827116681,1.589225985203596
803,1.916137516639628,2.351056285318071,2.209523935562314
804,-1.435405369186052,-1.6290850953119735,-1.251422315633008
805,2.250300729237628,3.26838892393574,3.16504407252317
806,0.6558291855313928,2.117336169485464,1.6201494160958965
807,2.170956710951456,2.3961201041612465,2.673080645019452
808,0.9485394394302832,0.7074281476043716,0.948280721874873
809,0.472810757017989,-0.1903729059936711,-0.3068043388994825
810,-0.2396156854168606,0.564592060115202,1.219792054559675
811,-1.3862352044028547,-0.7820150896121856,-1.0085373104060091
812,0.0075114569956764,-0.653143570407688,-0.3630532956369585
813,2.5301578835087293,2.633845860772153,3.1290188841582083
814,0.2562548459191495,0.4723227539619508,1.004283363498557
815,0.0153591722807466,2.4319985984706767,0.7593491932940973
816,-2.4127790144673296,-2.156828711714474,-1.6401882648961044
817,1.1378458533551492,2.136806133011758,1.3611708423511786
818,-0.60843835748938,-1.8117464912295624,-1.242716780881839
819,0.302277950924718,0.7591341553542362,1.3269505984053498
820,-1.9849304226643227,0.5589328591174842,-1.2209736908166824
821,0.2513558194325074,-0.7698329207645139,0.5166744540138505
822,-2.921523787035272,-0.6683197064961985,-1.9979281123066468
823,-0.3957638492818551,-1.7163174329260718,-0.067201897616963
824,0.4695793259528685,-0.2810672810287444,-0.9228135064839774
825,2.214700614823341,2.2657946425964344,2.717039492766001
826,-1.4204311038615065,-0.7253072309300864,-1.3038037068061326
827,0.7384385148090061,-0.4172597094937212,-0.6483879489524648
828,1.7791488115955048,1.7099265551707548,1.4728959686709977
829,-0.949293754116573,1.0831552209334987,1.5346154322431755
830,-0.2082332434675525,0.276600826226231,-1.2245490249728876
831,0.7791433898038832,-0.7875736739517148,-0.3975976598071395
832,1.6396079971091453,2.43520102242057,2.36031730104738
833,2.379694795980203,2.557403481781797,2.409653405367503
834,-0.7759976635466194,0.1191665892030697,-0.197324901806607
835,-0.3609822867230217,-0.5721090737713754,-0.3670694390748032
836,-0.6376072197687415,0.6251499985979182,-1.8165290061485544
837,-0.4505296813912469,-1.1364184986376151,0.4199816883591273
838,-0.4125613141125147,-1.070330213946079,-1.3951013833448074
839,-0.110320465964522,-0.8027105907126533,-1.2373424495608858
840,1.1534639216299547,-0.0592651926836834,0.1154335986444999
841,-1.5967375535171018,-2.6994476999122976,-2.528549318811072
842,0.9448961574574494,0.2843362075422012,0.7517585270060946
843,1.1329722597932264,0.6334873557127305,1.139215356475045
844,-0.2978017794014328,-0.651297130183506,0.3270554756801415
845,-0.6592634783600566,-1.5419301136133232,-1.2138090256206244
846,-1.1168565362075036,-0.4442167320138654,-0.2586411427714023
847,2.497030311431367,2.2368179307351044,2.719960227364864
848,-0.1315744243311256,-1.4337330417366447,-2.844325899211975
849,2.7069122002832424,2.6183443804623683,2.127764196157683
850,-0.4204591049615025,0.4314455639596044,-2.1578505761094853
851,1.9837616764652324,2.054563176394604,-0.6839082026555968
852,0.332420961547344,0.64201539761436,-0.0275575295440501
853,-2.253244058838481,-2.156841917422539,-2.204210529204565
854,1.0393872201020533,1.3146707989285824,1.1737900654691094
855,-0.3706297336729107,0.1637797425187862,-0.7143729266809392
856,-1.152235001736245,-0.3902424348354816,-3.410781681233628
857,0.9064460078059132,0.9073863990649368,1.1458234797693077
858,-0.377134168479738,1.0431092004115654,0.3917940951879667
859,-1.1460816013065116,-0.5048766631237244,-1.8610319035271168
860,-0.47450041441886,-0.6946822452281362,-0.6070173388831636
861,2.378075205826532,1.0481608763502677,1.0429799546362784
862,2.1338171120996945,0.8688471570090771,1.0389446796577486
863,-2.2545995975245745,0.2564062900409787,-0.903099028416719
864,-0.8166106178303558,1.0467170048986243,1.501640306342276
865,-0.9190044149847012,-0.9093038012301408,-1.4827880550176955
866,2.4655012442780224,3.025835447571973,3.0655115020963164
867,-0.6245057932462909,-2.3158310506785917,-1.6671662072785836
868,-1.9709403694426253,-3.0571600796973697,-0.1656728550314826
869,-1.104428445513837,-3.1902037046173337,-3.325700293888933
870,-1.9401969300321775,-0.3453140549711764,1.2479884222518178
871,-1.197926413141844,-1.7841274852332885,-0.5964230228258278
872,1.750649955770876,1.3575602857700064,1.1406797495026582
873,0.5711231317898038,-0.5268646901028083,1.035519561911857
874,-1.433900208581096,-2.1246579747654923,-0.6939930048150282
875,-1.0150809803710177,-1.465624359826643,0.1642614259180628
876,-0.8579282213529451,-2.076853001014591,-2.029797864260084
877,-0.876119979015581,-1.08553218114572,-1.4714015173566033
878,2.6345347633487304,1.2311037511825726,2.442790104372364
879,-0.8334898360963474,-1.1009008190575345,-0.9899092247501438
880,-0.5430149225375436,0.3510838154701515,-0.1762210929770684
881,-1.1592496600079714,0.5744508784067958,1.6715528178325143
882,-1.4702287746962972,-1.1764082567396317,1.6498397972555463
883,-0.1249228956392034,-0.3480595792117782,0.505937960805045
884,-2.3240483728402146,-3.1378261604854627,-2.678143793888613
885,0.6170930056726186,-0.1260085838667418,0.00116459477126
886,-1.0943504851440338,-1.4620055623025123,0.4712875521704254
887,0.1608893269894639,-0.0055641226091873,0.0753366444047392
888,2.611450622220044,3.151825684496208,2.2589020396019026
889,0.0609201043665702,-1.0376812571918723,-0.6654354054883861
890,0.163543920765761,-0.9906968871376256,-0.5648455822310114
891,-1.855265004264947,-1.523647993862147,-2.12025135212665
892,0.130738054534877,1.5581769648539858,-0.9204602025337502
893,1.4628521138842765,-0.137057652203643,0.5594005652517247
894,-0.9044093442589056,1.142600055682037,1.8405347113414336
895,0.655313949684822,-0.0089512041485892,1.7579012734257844
896,-0.2854832533397611,0.4805964460281728,1.074644467000345
897,-0.2974042174223692,-0.446711272445435,-0.6684373407307803
898,-3.605324339164076,-3.847053293409254,-3.481835600523025
899,-1.236399056895492,-1.8974708958368225,-1.2763853962338416
900,-0.7415931639504566,0.2168362319179166,-0.1313465501102926
901,1.0965188428424817,1.5120750576922646,-0.4358216126361137
902,2.0765633488106867,1.7482850869806796,3.213299020893431
903,-0.5937346775591585,1.0472071422523648,0.9993502285729328
904,1.378687242651671,0.3390360998792902,-0.332044213530498
905,-0.5388921829657491,0.1640077247451612,-0.0550250091198881
906,1.228676717808554,-0.9299036115402036,0.0013667487694307
907,0.2090864715857149,0.3331195086158612,0.4691875513628422
908,1.085171499236596,1.3011535196204662,0.1108988776168901
909,-1.0702380439095929,-0.8176683756941304,-0.7622364623674708
910,1.3140270644778462,2.383844502830719,1.5844442902404074
911,1.99653059056318,2.698817668913288,2.9703958129380523
912,-1.8232861435153396,-1.7694023285795104,-3.0085044626729625
913,-0.7377681775921272,2.0822307873603667,-1.9209686852961032
914,2.101590437981059,0.1028729658416826,1.3567539841604417
915,1.9579301077530895,2.1465180953397907,2.456899071031634
916,0.3866307948527541,-0.9628909582491096,-0.6094419250941273
917,-0.5979158061315872,-0.3351906769561303,1.8760244012195624
918,-0.050429430522438,0.1039676765342779,-0.9429021882785832
919,-0.3279574116126831,1.982176776727022,0.9646492124616513
920,-0.978704055862926,-1.3979169626198773,-1.6807132894188712
921,0.3511415083653701,-1.336226355716989,0.5749956025806647
922,0.7583559098992799,-0.4669653146345706,0.0437546074390679
923,-2.5810047433060537,-3.5783230221644717,-3.691071892392392
924,0.2669328177183547,0.7641352628714919,0.7631995058155413
925,-0.1726415083015945,-0.6411880555605073,0.2598799677811167
926,0.3034904617328297,0.9481190484097288,-1.353803108325174
927,-1.3158695334941752,0.4747027369529212,0.9706838056227368
928,-0.3110026071162682,-1.275504451512594,-0.3017196824227158
929,-2.1677005310685145,0.1106999892409578,0.0010604767306681
930,-0.5721305934835483,0.8993906168684719,-0.9681983356072498
931,-0.505283575097987,-0.8821249284800935,-0.2281203802446896
932,-0.272279465761618,-1.0866020475899167,-0.6570310398061252
933,0.961204964597982,2.73031556507215,2.6082658076051857
934,-0.7028897145457713,0.0871046565818959,-1.978138136911542
935,-0.7068082677446145,-0.4168198130948444,-1.1950465221262536
936,-0.4402482372447648,-0.8330713761460639,-1.030854576398072
937,0.3903344100122439,-0.1474851443708095,-1.3854093903816571
938,3.4495844127329223,3.1864813635888507,3.2226366746842348
939,-1.7479339317532667,-0.9383732057256912,-1.1163466533095605
940,-0.9960594551164949,-2.2780989308386923,-2.1974357777740168
941,0.6650750072699622,-1.525005721384092,-1.2043259080300184
942,-0.7415058180216508,0.7180338587367447,-2.015793872206647
943,0.9493922472446624,0.5683763550199531,2.4589609793043485
944,0.7599794836237412,1.1400862966950187,1.840372466795663
945,-0.3831902943925161,-0.669809847245968,1.49292342077802
946,-1.1602378716241797,-1.1271303203630103,-1.2664756749865087
947,0.0976555641658888,1.1845859589249768,1.188383233664141
948,2.827489640812446,2.016104424712912,2.2991155828461225
949,-0.8137350905970427,0.0183139767439088,1.0126735434164122
950,-0.491910349265617,-0.6347029667736717,-0.3719959291034677
951,0.1764994396766249,-0.3168849216263216,-0.4780220269205412
952,-0.1376394469670571,-2.0199395224667844,-0.492710954936733
953,0.267492141408864,1.0452410719000491,0.5709928926176525
954,1.139168998799709,2.297258927811329,1.1947699326260712
955,-0.2105222858282308,-1.623798766416369,-1.0844681208038702
956,1.4030816096115657,0.2090115488484329,1.2230305061880664
957,-0.5085012548402968,-0.1236998440685903,-1.347016412921879
958,-0.1361550930760891,-0.1923775380614156,-0.5345048831932062
959,3.251223826296476,2.976357392557044,3.4706443080388967
960,0.3053507897472789,0.9500729962344564,0.5242582723310489
961,2.60290334687354,2.4080593616454133,1.494068781549422
962,-1.0613340039080257,-0.6819928695666437,-1.2839369547426494
963,0.3965322361923392,-0.0404800893139036,-0.8323904162816974
964,1.200790525008245,1.0026752932770409,1.1624662522027245
965,-1.16192079634573,-1.6702006695820386,-1.0513298372042692
966,2.267680592481568,1.815576571973217,2.2256665511183527
967,0.4752615757422871,-1.900589494678584,-1.5865687747925614
968,0.8644454728863428,0.99121008357003,2.087704091140577
969,0.994354729155657,1.0401557482931068,1.0418316034988682
970,-0.1026524859255653,-0.8817761821208547,-0.047177099213027
971,-0.9044957849268488,-1.7341740553915277,-1.6391378132380985
972,1.2330497321774732,2.4400844391973537,2.0563101445401304
973,0.2513628631883142,0.199739429266323,2.315749805051452
974,-2.2540843031013136,-2.943094357537132,-2.5084730624513
975,-0.7454530986303833,-0.2050800495425282,1.8570431689043956
976,-0.0823864895607414,-0.8876330388519047,-0.477815626677407
977,0.4656437896111328,-0.528632354712983,-1.1631976978577885
978,-1.1554938216618194,-2.832062943422501,-0.2089579888124147
979,-2.015701782970435,-2.6053999106490338,-1.921303853161039
980,2.1896334002188484,1.9408856932689165,2.9677575136377725
981,1.0948948415743802,-2.445777060687817,-0.8008625485850129
982,0.4318262944595831,-0.5302820125541166,0.8756864699457992
983,-2.17391970500955,0.4641123436632263,0.1986543491327974
984,-1.050379799826074,-0.0342571534562327,0.6417022443113671
985,-2.482105218292118,-3.0313068535807424,-3.0086546343168465
986,2.272347100625552,2.7165431294102613,2.4739518881261584
987,-1.641708094780446,-1.3205101892549735,-2.008338084731012
988,-2.618433383041724,-2.3820092476341777,-1.6589713811392546
989,0.0919090428103465,2.456665342229065,0.123865489526892
990,-2.762358948988646,-2.545867690572401,-2.878138938225057
991,-1.5216455408519414,-2.644703378825208,-2.650855565797154
992,-0.3687799445541747,-0.3015202357081827,-0.5106985713817441
993,2.936200556409754,2.1805729794385247,2.6479988806934456
994,-1.6835284776792845,-1.0729666892513527,-0.0180570771985251
995,1.8259921221100504,2.0948962774819404,1.4213524434776137
996,0.628788267953895,0.1839599424308809,0.5557927375101446
997,-0.9533770069758004,0.256094795259428,-1.4895211005071356
998,2.7447314965723155,2.559656684566242,2.451260693470125
999,-2.104161906763653,-3.0434489349183247,-3.4851504335759587
1000,-0.5427564317172222,1.4403430746015329,0.8216483148731388
1001,2.687160152626367,1.5361899908676586,3.479673969263983
1002,-1.4864429973532274,-2.152630485971066,1.3310144571914062
1003,-0.3505989941416082,-1.739923430866829,-0.7928026317998562
1004,-1.8027655104592823,-1.93663604310797,-1.5457486992316307
1005,0.6656720336294208,2.769068200672116,1.422484830659224
1006,0.474749391080646,0.7099444826166611,1.0886130192685133
1007,1.5016260411506372,0.5718326768368264,-0.2546739636722243
1008,1.4193174691524195,1.1855870063682996,0.9638603410260408
1009,0.0576776783278791,0.5209314554332144,2.6534172439392183
1010,-3.0094904333723367,-3.7710521367089114,-3.4298152331663125
1011,2.045114845845581,2.175101710551808,2.3982475921417072
1012,-0.6979343505623316,-1.548552652013398,-2.27519160785659
1013,-0.3832333966949588,0.0047663016091829,-0.0334527372956204
1014,0.3851741992703354,0.7076846735953922,1.010811928012141
1015,0.822269289777704,0.2119048690418249,0.5115560800077162
1016,2.8233003138421884,2.9775704363083766,3.165162339496585
1017,-0.3630602429071495,-0.6411017972095315,-2.071584774939049
1018,-0.8719387221434503,-1.725470142339233,-1.897922701923884
1019,0.5510081793880359,2.6693069604787336,0.9196940080859474
1020,-2.017420094689295,-2.1592339626628045,-0.1421572858950652
1021,-0.3180719445631206,-0.0671513563170903,-0.0229046020445208
1022,2.758810080526233,2.7676353586382247,2.999179318950957
1023,-1.4690499870975475,2.18148698032405,2.329756486350392
1024,-1.8304027362394013,-1.303251276476998,-1.4379362137620997
1025,-2.503670032107045,-2.0162252855661387,-2.505454115362036
1026,-2.314063630011969,-2.858808625044124,-2.869616275618812
1027,0.6146828544404741,-0.7226620463727004,0.180132871701602
1028,-1.855275739565432,-1.5025330430090005,-2.120602269475824
1029,2.0863778158124413,2.9464246642831085,0.6140233943413016
1030,-0.8234553834041225,-1.332632950673129,-0.1198819106687288
1031,1.4997847317343274,0.2606618610486434,0.664973993375131
1032,0.739680868788672,-0.3954743767342872,0.0837839631735263
1033,-1.817943539021708,-2.779490998482349,-2.196483184175442
1034,0.0788170046077845,1.9532812725559885,-0.2386806038409873
1035,2.105123529173546,1.663499457671321,1.4849008558462593
1036,1.099870133898969,2.6016149271556404,2.08587908680823
1037,-0.9575610346334266,-0.8487817611177034,-2.285304753140365
1038,-1.5156853291016927,-1.872635950166172,-1.7338325254922011
1039,0.046249430954549,-0.4644732953875313,-0.911054904095732
1040,-1.1039293988476009,-0.6729843578949011,0.1421544348808062
1041,-0.3327486636970025,-2.987292248687996,-2.424432502388144
1042,-1.766785812004256,-2.074949076681668,-1.5203110469115144
1043,-1.1172173124188065,1.9764564111547445,-1.6302895945131943
1044,-1.812753573542977,0.5059377632862345,-0.3714103890955542
1045,2.6067240067196016,2.977803635403777,2.9747760498004427
1046,1.4055239853356416,-1.034666091026043,0.3471669753007133
1047,0.6175825303529774,2.346117233142426,2.1970481094452445
1048,-1.3603129038053976,-0.8566955418665404,-0.6380934738987117
1049,-2.0550135434388244,-0.3419972424930962,0.190853311182116
1050,2.199046438068162,2.445498519639239,2.4958545914813643
1051,0.0813506547392531,0.3290325472946411,-0.0793090033053374
1052,1.046240035678062,-0.1883035613919258,-0.174461632325423
1053,-1.9221350985900072,-2.062681833020556,-1.3540032391794714
1054,-1.4394623446286037,-0.1497616105604436,-0.0044219180996894
1055,3.3820130038187064,2.9030506353088037,3.009303643365977
1056,1.4607600000565033,1.9220478969794208,1.9428647989524468
1057,0.8076018982984224,-0.7025271939193517,0.1031522200710777
1058,2.2707911529677003,1.519775022656523,2.448735641167835
1059,2.833726242341805,2.384948374252536,3.0380699603246843
1060,0.1366161889808364,1.0395510017073972,0.4767894049285178
1061,-1.6967035225483889,-1.3542442396790233,-1.3886090178598476
1062,1.9130823050080403,1.0862177175160208,1.6365126833567918
1063,0.9497865892924768,-0.4456184062575751,-0.4875874363587077
1064,0.5237052122151182,1.1812143525064114,0.5225466835745112
1065,0.0463634986428063,1.0499878098805728,-0.8119295467679197
1066,-1.8977109971809945,-2.436136299119292,-2.166542660416278
1067,1.4214297459332936,0.3917631510150635,2.496610759590735
1068,2.260079335218892,2.610240044665572,2.29249180141748
1069,0.0332554081677629,-0.1258781065156557,-0.4590555736472294
1070,-0.6410488887413519,-0.5821848201000326,-0.5220991240523742
1071,-0.0498214631102485,0.5285121106866477,0.4421483437628591
1072,-2.25375275677107,-2.538060293724378,-2.300672374671755
1073,-1.5876891253651215,0.2476716325575093,-1.6271674907182083
1074,-1.1519432092298134,-2.509767428329295,-0.0688517672390415
1075,0.1268959871392201,-1.1037232893610311,-1.4939801516538362
1076,1.45556550613961,1.3490880141833974,1.5592679092834911
1077,-1.155707882528491,-1.6016689922250706,-0.2295248513079773
1078,0.0385592928780979,0.2639214568926549,1.0029871678498283
1079,2.638718568855673,0.9892493923403736,1.0338843364012773
1080,-0.1621051233708364,-1.0084420872037028,0.0460903801640131
1081,-0.2149446547967529,-1.5072963031527875,-1.1613919023668662
1082,-1.588554489463002,0.2028417012279107,0.0969868240094235
1083,0.8116817171138299,0.1416499826891934,0.347840342605456
1084,0.6956647154861347,-1.1439288723879777,-2.169178696135271
1085,-0.98915980749821,-1.5947688187171898,-1.152336135231424
1086,1.189192403461095,1.555701323942548,2.683217234722939
1087,-1.0943935245683796,-0.8240860659478996,-0.2092790757599758
1088,0.0048032564818017,-0.3262072220859053,-0.5504615002678308
1089,-0.4220134770417851,-2.1198618800424023,-0.7497579009447735
1090,3.22895481340832,3.400988879130864,3.39423132373442
1091,2.1292814273094107,3.1685879362853133,3.616876582445101
1092,-0.7621833120372952,1.473511701322116,-0.5914923419105232
1093,1.4814997653290254,1.5075604879746227,0.825277619620951
1094,-0.8902230185288598,0.0874282723219873,0.950443112812318
1095,1.006764009585768,1.588781610050097,1.015824111236628
1096,1.097122474141604,2.848766477912266,2.008862194198291
1097,1.0393138581369932,0.1738218205323887,0.0438483065824384
1098,-0.0331211256610799,-0.0379255623709889,0.6625400981890448
1099,0.900784450210909,2.6798818101744817,1.72566375269019
1100,-2.554093743877349,-1.1556751181101228,-1.9202720166818397
1101,-2.693843536085743,-2.9434517391532644,-2.429841488301806
1102,3.0799926144166725,2.989585223668941,3.285604093098145
1103,1.1384222282910126,0.4746560980139003,0.2489015800893854
1104,-0.1199059682462898,0.3003613452408827,0.4790322411483249
1105,0.6446397458233001,2.6627743775465262,2.4286856691912666
1106,1.8292243382629017,-0.020154975161291,2.9524134660417234
1107,-0.7619666458400136,-2.198578808207659,-2.6694105554172247
1108,-0.882427346820567,-1.2733309676463405,-1.059590602410231
1109,-0.6232827807485785,-1.8250064300889857,-0.9201542878240446
1110,-1.84379048089169,-2.2071909499265403,-1.9770012870419007
1111,-1.6289090360237146,-1.543920803906438,-1.3551679335833255
1112,2.903776613644939,2.126411663934573,2.283966286590299
1113,-0.4452715060543994,-1.4360126200443426,-1.856626239661488
1114,-1.3578379629140616,-0.6940210474994462,-1.9354098462506155
1115,-0.6217757769558433,-1.8917159300353896,-0.7454203008820858
1116,2.186307189802948,1.5208403213875876,1.748132026379856
1117,-0.958508720863273,2.1760764384440217,-2.6828307258694712
1118,-1.9231441213260467,-2.2110442160785677,-1.477730541465307
1119,0.9496213933346164,0.0392318735773762,0.3899385672984783
1120,1.1691301189000658,2.195585216319835,3.1895267449796103
1121,0.9172169610538532,0.4530946562196546,1.0459187846968936
1122,-1.627458497691016,-2.315633288791087,-1.712135699860683
1123,2.7084904997134256,1.4706476735361744,2.564499184080205
1124,1.5259628169463784,0.0584718449483302,0.7121931203624411
1125,0.6072655640312066,-0.3002436713977164,0.6950293976123975
1126,-1.0394986794114576,-0.3583702894545773,-0.2796154581582057
1127,-0.6233642019367467,0.4722159590570844,0.4181756664415444
1128,2.3071647794161683,3.047798405392403,2.7282779353258864
1129,-0.1343012065341046,-0.7046924127395169,-0.309246449464405
1130,0.5264595255091695,1.5996514355974245,2.5047615760831348
1131,-0.1748353558986405,-1.525989394889109,-1.5408225091376793
1132,0.2884742361038982,1.0133101440607364,0.5656789772584361
1133,0.8297183172874254,-0.3370133590298093,-0.485288983023094
1134,2.0476079555823343,1.5631396845353498,1.536379801524846
1135,0.1963729906116382,-1.0243851258528756,-0.8821457765610857
1136,1.6448722442214367,0.6256463862739121,1.3904752614377316
1137,-0.5053351487194924,1.9129369163027496,2.400988654031349
1138,-2.4376168687915567,-1.6359142850448565,-2.194258792370872
1139,-0.5300625009309733,2.507047306457769,1.5915303377411538
1140,1.0455006091431864,1.9172042968271363,1.4347221630921112
1141,-1.0841635532927012,-1.2801913055774117,0.4683252997793468
1142,-0.7121966031049919,2.139133992286905,-0.1734253052841712
1143,2.474784478206926e-05,0.0969479905608879,-0.4547078952108647
1144,0.1985893022974191,0.8522337949017704,3.038939534587539
1145,-0.8115391464681948,-2.109156340230226,-2.109599752025474
1146,0.8655935151359745,0.5220457216798413,0.0486325937890011
1147,-0.4763512588322895,0.5659635240607264,-2.4088316028951446
1148,0.6457892546428965,1.611777995615317,0.9919290412919288
1149,-2.1050917977397647,-1.5982945284280246,-1.0489768620801807
1150,2.0654993337464576,2.4450407785763386,1.8070846671815672
1151,0.000161486165834,1.3642130566407862,0.7628315852880261
1152,-0.970640487645911,-1.9830372976166797,-2.0773336282405723
1153,-1.2199423029859535,-0.7820597852195739,-2.346279063663061
1154,-0.1876880366295688,-0.1016622576760938,-0.0802526770635631
1155,-0.9576594640406692,-0.7486756695598179,-0.1372129571400308
1156,-0.5692138494922915,0.3877137991514273,2.584807768392764
1157,2.7621861136979406,0.2508910251644649,1.754993110681392
1158,0.0329725954972456,-0.2351831753478731,-0.4306266624167311
1159,-0.2011196604732419,-0.8649837607525084,-0.4379172694990294
1160,1.8712641540203343,2.723034407769949,2.443287021741921
1161,1.9428049600871005,1.4210889959822657,-0.6075597699788391
1162,0.2970959358527431,-1.5472155568593395,-0.9656631475909152
1163,-2.0775260254406223,0.0484201176155728,-0.9207510280073924
1164,-1.207962877530328,0.4820564839697528,-1.0835663191736735
1165,-0.6222934649742565,1.6801927740952138,-2.8637427102217994
1166,-0.7321402213140706,-0.1280637623463046,-1.8298380960961915
1167,-1.7776636461386652,-1.2658458337357394,-2.379671028210269
1168,2.9670903527241945,3.131543611644317,3.379325345320247
1169,-1.0282366865860644,-0.7717411035144425,-0.8776267440599963
1170,0.5510939244934228,1.6397429699026096,1.744528390999377
1171,1.1096297671613875,0.3476974155701737,-0.7444344583813759
1172,-0.8338945518201377,-1.9695960574919524,-1.9223748855925824
1173,-2.1621058246076164,0.5102958974680339,1.4230193056229363
1174,0.383909944488266,-0.1369623042660056,0.6505336276822133
1175,0.1004105232692465,0.9961872835908134,-0.1826719725047224
1176,-0.8245944920088689,-1.7133812827477004,-1.846122426762633
1177,1.1939195856925795,0.6231405142881987,-0.0282251781056793
1178,0.6773715325936986,-0.7297185002235116,-1.105229730207733
1179,2.7444593914373367,2.9293027110151453,3.1331753399495965
1180,0.8573479326821465,0.2872506632308916,-0.112446480981457
1181,1.4064826810020856,2.1513683445581235,1.355966452943732
1182,-2.029992746761353,-2.2791110897404456,-2.639571875687702
1183,1.9844408692945696,1.7406024038143484,2.672289032224848
1184,-2.5192540745379635,-1.8523478883665991,-1.1160729608638722
1185,-1.5088993432911724,-1.5547415840186234,-1.410098016453745
1186,-0.1938856232911224,-0.2381416124418564,-1.71300075571262
1187,-0.6853144674045246,1.7978174334706996,2.9948146130255364
1188,-1.5514324016885577,-2.063819850485207,-1.6863275166500056
1189,1.5243792656638104,-0.0985621683880638,2.2478171227959143
1190,1.3275365095164635,0.7545595207274732,1.2308629088268572
1191,1.6726591326884723,1.2683584817713394,1.2222460951564549
1192,0.1651218367869895,-0.6064461990922311,-0.5293898282805093
1193,-1.1123311891949654,-1.5979780600841345,-2.2558229600464648
1194,-2.200518368845695,-0.8682289809641323,-0.2733230164850767
1195,-1.412846799721886,2.058109986606872,2.461201888611248
1196,0.3857853435586543,0.2547484815594443,0.4331281988673523
1197,-1.0139258951039958,-1.4256022563371014,-1.7112961262741515
1198,-0.2872896845261534,-0.3617548872940897,0.3060772185227558
1199,-0.5412997784181344,2.2802311976481127,2.4233096664401264
1200,-0.0207864842219124,0.0191364224873844,-0.4886643475818786
1201,-1.0837166889931478,-2.3536288973316104,-2.262194812537852
1202,1.7108125060440806,1.7559555989152105,2.03860959640778
1203,-2.39883675639711,0.7028309963330844,-2.7403213584948736
1204,-0.6947219926851808,0.5688653340889023,-1.221010634005285
1205,-2.0326988190007658,-2.692645965890415,-1.709266811320009
1206,-2.0748733524115828,-2.0307009384842702,-2.385722866310254
1207,-1.6251880066457471,-2.210850593083041,-1.808315610512279
1208,0.8544585963808716,2.332218566870682,0.6107132880175609
1209,0.4740595725910282,-0.7202428083291044,-0.151156218440064
1210,-0.1334604558528005,0.2407890491053185,-0.2005725306474224
1211,1.4373105253646412,2.044752496951742,2.1662821009710225
1212,0.3850146819662428,2.592423384175447,1.7192091622716763
1213,0.0293003156892268,0.7205974508616191,1.4490023064924178
1214,-0.7504134835115938,-2.311795045259838,-2.311012582409329
1215,1.449406025101174,0.7804393864003327,0.4786010119583215
1216,0.1719835407300658,2.2076663380391413,2.419909231153295
1217,-1.3540085785661684,-1.8760769421930068,-1.521686314350355
1218,-0.3791757819148218,0.762372564540608,0.0787077672656577
1219,-2.8049732889022323,-2.302135969803739,-2.210783641746686
1220,-0.1162966641888005,-0.3560733823772765,-0.4804817598412267
1221,0.1981287012058538,0.0593449988036001,0.4526967154978843
1222,-1.0763505716850592,-1.6092190462341804,-0.800914776236434
1223,-1.7677671108152195,-2.508927408071809,-2.028803906998637
1224,1.4552438760650557,-0.4659030995039544,-0.1310681418012415
1225,-0.7246832844162079,-0.165138335945964,2.8116867409022697
1226,-0.249409728502693,-1.3832540984015251,-2.27137855765673
1227,-0.4242017283022475,-1.3765392295880017,-0.0550201402736216
1228,3.010536196863003,1.1951321806324835,3.00070418785663
1229,0.1945697300270327,1.0822720073755596,1.425812185949184
1230,-3.0646400310158706,0.2757981948489522,-0.4861099591629251
1231,-1.6698925658275854,0.190657002273292,-0.170408105009319
1232,-1.5167799410854506,-1.1600694543832435,-0.3774782272730937
1233,1.84980667769051,2.4610897614906104,3.0473672838915804
1234,0.8244888306061203,0.1866327661914468,1.5552526663464408
1235,-0.8009701520301162,0.5747610180478947,-1.1966612881121077
1236,-0.7197591403472964,-0.0174627813776305,-0.2584313386566524
1237,1.2260252210344769,0.9465745061218724,3.1931299182902086
1238,0.4383055074064603,0.6543704375387213,0.5215192794690708
1239,0.4585224760896709,0.8655755483893839,-0.3207214150693775
1240,-0.2762529007753945,0.289197349334416,-0.961353908851468
1241,1.7648056543932271,3.110314722478835,2.8210505823820484
1242,1.3194701513744966,0.9000736391211219,1.6800479865341666
1243,-2.95676230451962,1.950059731174169,-2.417554617524511
1244,-1.7787623724003625,1.0477209743214206,0.8568167243806417
1245,1.7657914428258754,1.5748166806051165,2.151441990967794
1246,0.3454672402229237,0.2847636315147827,0.12655554073716
1247,1.2921404052691183,1.0494035467034055,1.6815811159608358
1248,-0.4334066341339384,-0.7919715855567695,-0.3911884575311508
1249,-2.1032906765859343,-0.4032497922797462,1.0718673474828666
1250,-1.032754305914933,-0.3861835794833067,0.0012793309103972
1251,-2.3602417277558723,-2.3046557998471293,-2.996613618847698
1252,-0.118192716652443,-0.3589244318075172,-0.3900759848200441
1253,3.5873183738214034,3.133234158265424,3.668321740482885
1254,-0.1119295064265396,2.70577561809131,0.6595851860894265
1255,0.0387114171977874,-0.7278455250996647,-1.7623825359111231
1256,-1.8979028473896544,-0.9061084332692328,-2.2974646134595367
1257,-1.1256174686465048,0.2905891809169092,-2.0312080455121637
1258,-0.5428150141365333,-1.3638054876133905,-1.168023157708947
1259,-1.5973009318248594,-1.063286811883141,-1.6747591137753082
1260,0.0807828815702968,-0.0527069959222251,-2.2829453805064737
1261,-0.6212180323477127,-0.6070152661630109,-0.5385064394686738
1262,0.1757851742157918,0.3330173052236291,-1.8759065618829676
1263,-2.5236511421453325,-2.699111456215914,-3.3676451111712136
1264,-0.55330529558433,-1.2236735917025592,-1.087429428704962
1265,2.72821220411999,2.6348971236012964,3.0013345386324604
1266,2.9727573362645328,3.265936042522171,3.461383555088859
1267,-0.5639708280305944,-0.7485189721997493,-1.618369539466706
1268,-2.195880311106899,-0.6517070224086053,-2.1096665291652643
1269,-1.1628382798250574,-0.4554076136952371,-1.6625712305496256
1270,0.167581401878797,-1.008684253437532,-0.2500027918502249
1271,-0.4479960497729933,-1.4442598696118345,-0.8617088465316652
1272,0.5219227554289595,-0.100732875367537,-0.2530376891724469
1273,-0.5870977666680698,-1.6217816829670983,0.3758550051287451
1274,-1.1227049310579107,-1.352194189787871,1.195005866627888
1275,0.2558326206315866,-1.4213214795983395,-0.8008958022943081
1276,-0.1679096937463297,-0.9340255244627668,0.4612257517283656
1277,-0.4727358771725051,-0.5575555433464021,-1.0714995884716976
1278,0.4384155776931626,0.1790809101960009,0.2199092365024846
1279,2.455950658094436,1.3902971936348392,1.830224242849475
1280,-1.680335643913654,-1.8256281172303448,-2.1973232324788747
1281,-0.7898851266728163,-0.8074258573479528,0.4869702431988266
1282,0.2676340291478082,-1.2945069297518628,-1.398046478825724
1283,0.7111792751664135,0.7082518018002489,-0.2286732134163771
1284,-1.5103927265668735,-2.4567801664979507,-2.797754092529302
1285,1.4821008333883814,1.876079850251456,1.393386324030878
1286,2.00407223814087,1.891194448273685,1.5446717707781883
1287,-1.9635156033228087,1.2588725759633992,1.7551639309263096
1288,-0.8650118034369263,0.3791567568883536,2.4587368816784343
1289,2.242212768018377,1.709648140942775,1.5526074342566376
1290,-0.9362662587139152,-2.121564752652605,-1.8936053796289969
1291,0.2144258597119856,-1.1346070798546315,-0.2409172369421285
1292,3.272052273918447,3.274487598173076,3.678487579358547
1293,-0.9503213120029554,1.2844845919231067,-1.5814840639120622
1294,2.6253542549605866,2.0517528363344097,2.63531545947691
1295,0.8078820225587806,-0.8009531990593809,-1.054090323876019
1296,2.013495743766592,1.3085895898203213,-0.5985354632068015
1297,0.558021598589477,1.3980854688939897,1.0552357557508028
1298,1.445137516812537,1.352778017027519,1.9206222875915129
1299,1.7295474284140877,1.3698675312995472,2.217401123436107
1300,-0.6127963601955493,-1.3212956600611283,-0.767336205171606
1301,1.1835610358435122,0.963846604458754,2.076530371586222
1302,0.569223366014091,0.8994817555928303,1.044696224674522
1303,-1.018166192837424,-1.3950470693199877,-0.714420515392232
1304,3.179860524287252,2.816549480169644,3.2223380151554104
1305,-2.804775493008704,-2.1241580834345632,-1.4904163374346548
1306,1.1543984745693625,1.4821063820002869,-0.7182039002567192
1307,-0.0854245078406159,-0.5271459895033347,-1.3879213090159928
1308,-2.649077563931637,1.842221126042641,-1.8912997141249168
1309,3.012644497713708,3.0502198252171064,2.699942224225901
1310,0.9516956571480072,0.3914567286683182,0.1602702106364076
1311,0.3187316866823085,-0.3236342495932603,-0.0253686652112732
1312,-2.558720932894184,-0.3476995034743019,-1.750247293006008
1313,-2.6034946143842173,-1.0402698024698187,-3.241161360804924
1314,1.00327032170504,0.2814651940554917,0.956173461862382
1315,1.6279379287721774,1.8452276681990232,2.226259408665862
1316,2.2273510840088147,0.2438478783784532,1.706030021346283
1317,0.5470708417784841,0.581873300749496,-0.0395574599690702
1318,0.5739395908880103,2.238757217504478,2.3895875048325763
1319,-1.5882303985625046,-0.9040202316491406,-0.4991502688057305
1320,0.339819270346116,0.0869296061074947,0.0346095120744036
1321,1.2667660788661237,0.2413427588109984,1.010273893221187
1322,-0.7917462668793684,-0.5385221677568909,-0.4630363211793609
1323,-0.9175041278836438,0.4452775682501181,2.168907747689546
1324,-2.3128405942548733,-1.850057989468721,-2.055576322823796
1325,-0.3831400918911721,-0.6414679595777217,-0.3609933209097166
1326,2.0075259378713044,1.246886495602076,2.2159244390785853
1327,-0.4872267047605643,-0.7123607891066368,0.9172566124056432
1328,0.1638533411104167,-0.3396535851243816,-0.2351952193053658
1329,0.8070453279101067,1.7924570532759825,1.6648480168614117
1330,0.3046699004620354,-0.2148620084534507,0.2155939898731577
1331,-1.2597911612180974,1.922229473620951,-1.5013691286564603
1332,0.6169066588995612,1.3112551079366075,1.137536774202977
1333,1.6826855252751722,0.9075045875202352,1.47963519083859
1334,0.2774920495124385,0.0416492388696573,-0.3595099071174404
1335,-0.1875637337407846,-0.1649024058010418,-0.2507915981847916
1336,-1.5664310769818692,-1.7743049600321696,1.895967892728936
1337,1.949833202521168,1.919941122249472,2.151440996177911
1338,0.3757614641454547,-0.0497555586121693,-0.0279326964084055
1339,-1.6845987755942653,-1.941565853993972,-1.2946199389902977
1340,3.338378990185927,2.8003818020333857,2.952270799450865
1341,-1.0103847746479369,-1.8909915753044015,-1.471477649550616
1342,-0.204169515771948,-0.5752805184919764,-0.6493384437714144
1343,0.5279415693666861,1.8551260416874185,0.3455546726800874
1344,-0.8883156399624106,-2.3174604525679907,-2.804711604458117
1345,3.1299962346231585,2.8518821435390005,3.179462254579533
1346,-2.0031883705617672,-0.0611724261481857,-0.4699820525569956
1347,2.9558417610953653,2.9782121424576187,3.2481266731615293
1348,-0.4343810626500682,-1.1434351639990248,-0.9178405583488304
1349,1.8579575759196645,1.2333645188916829,2.027800187719834
1350,2.0568370802816145,0.9105527967852132,2.293732577923057
1351,-0.1432610916742278,-0.2944231090374564,-1.7192166437024972
1352,-0.6264589052536457,1.367165758656168,-0.4755400055001204
1353,-0.2800261049261908,-0.9333247580768396,-0.2366718100042097
1354,-1.7298334462058294,-0.5590903950893428,-0.3023912795376904
1355,-0.6583539229623646,-1.6269622641015329,-0.8695805053898318
1356,1.379371217383357,2.272690232070327,1.62947453131332
1357,-0.0207810429891107,1.3339719266827472,1.1856279887787795
1358,2.310328734895279,3.003045684482031,1.8011869731192145
1359,0.6937079052611779,0.3393604033984714,0.651814939375327
1360,0.3790315503176961,0.7644101473727573,0.6593615041673709
1361,1.2788922222086918,0.9611875913845548,1.1155629199468582
1362,-1.3602768229854216,-1.7111856624824875,-1.7996116838599787
1363,-2.826717928617137,-0.8775313519625729,-2.5777900896469945
1364,-3.447524447433379,-0.4060405620772594,1.1820038415597751
1365,-0.4651309504175687,-0.4067719292373206,-1.0779037610680808
1366,-1.916272073443368,-2.667814277771379,0.6609088587073575
1367,3.248643455096804,2.915448947013762,3.267734494611913
1368,-2.3272306040373465,0.8175708508632774,-2.6967123746502097
1369,-0.6792607861870051,1.8674416376215448,2.9479249728627845
1370,-1.4229421502264838,-3.5614587465563257,-2.424461128857759
1371,-2.1122094986233413,1.2461773620211951,-2.3105293679132486
1372,0.4052836258138685,1.4821918735392636,1.8492488399351967
1373,-1.6391150389410918,-0.9506950220152416,-2.8264348860710267
1374,-1.863897952814958,-1.3365026480774156,0.1990291012972152
1375,-1.2554825824485991,-2.987755903638486,-2.657764509790846
1376,-1.5467982271771523,-1.6702822372162804,-1.5447485507956278
1377,-1.423713543797605,-1.1123933214458763,-1.6459991289273983
1378,-1.0668352470425435,-2.169971538892929,-1.2153957570365168
1379,-0.1522662261029093,-0.6211257670666003,-1.0304356294616308
1380,-1.0528033708411637,-2.473988276027961,1.3584107995697088
1381,0.7395884860022235,-0.8453999050121328,1.406268076530026
1382,-1.705636616977264,0.1911600772457105,2.677759143726187
1383,-0.7740962344158477,-0.2421670777487367,0.5604344878547838
1384,-0.1122119842827766,-0.5935662761775164,-0.7479637853166361
1385,0.828098614397644,0.9140335981601536,0.5946183533748182
1386,2.81264346154831,2.839856409376725,3.074875916252367
1387,-0.655715837906922,-0.3952470941521321,0.2877127330439138
1388,1.655637805146036,1.6434031477086166,1.7067018265251657
1389,-1.861299396767785,2.173612289101319,2.686382283583745
1390,2.8302195414105373,2.512100403179838,2.430416208910574
1391,0.6165671595310314,0.4717575719462137,-0.7374287454465364
1392,1.3885207778955648,1.341000450850458,0.8670900337910823
1393,-1.7703481542675568,-0.0281425130797884,0.5158053536672016
1394,-0.4728856647317788,-0.4359996251117638,-1.351789988862399
1395,0.1391796591473057,1.9542400265351765,1.9883225370089648
1396,-0.9313676225538944,-0.7490548766320854,-0.1764848327979799
1397,-1.1475830831021556,-0.4773359462258233,-2.698323759015105
1398,-1.8760194224363165,1.2658094374582616,1.854536888905281
1399,0.7126746208318235,2.877408551501962,0.4276595362635819
1400,0.9019518343023942,0.5663117370181605,1.2880365761797783
1401,-1.2659252505723495,0.8682740665921234,0.3465026837360994
1402,-0.7361309274713039,-1.032680403949058,-3.053839709270008
1403,-0.5721057788114073,0.1481294101363822,2.250504864149768
1404,1.1447205202989408,-0.556127945595228,0.4329548204868212
1405,-0.8707312894222791,-1.005548771341385,-0.6034154967887561
1406,0.1478420752363859,-0.0047886837431663,0.2557032477509727
1407,-1.8292491860134492,-0.9191686832613,-0.5442943478034065
1408,-2.3162974377639904,-2.6983461335908245,-3.061228790615081
1409,2.9244085782853526,2.886721648921887,3.24729302207167
1410,2.4459023405753704,2.572545607510442,3.424086405571062
1411,-2.7901472617663066,-2.401134371339276,-2.5523859822335653
1412,-0.6071924498978768,-1.113168789624866,-1.7309798885758425
1413,1.5354274607512923,1.379571009337771,1.8935557235763167
1414,2.0471703535792667,0.523775315326992,-1.189052616800911
1415,-3.1337479997800584,-0.387103015805049,-0.2615060483899476
1416,-2.5540777959028564,1.4213161822672835,-1.845470739161702
1417,-0.7034360157595551,-0.9609586805247844,-2.873941049382185
1418,1.5056488704322448,-0.4115635517510391,0.019757297755101
1419,1.7008075522924486,1.1833372106000752,1.5788434571868883
1420,1.680468271293852,-0.2771036407663499,0.3014326810466704
1421,-2.3158351961188965,-1.8443836584040036,-2.408261201616825
1422,-0.7147288053685632,1.8190315195705724,1.4522792612880626
1423,1.2331983870095362,1.000374323460111,1.2810457711476255
1424,1.172476482805141,-0.0490732845150266,-1.6435636531551847
1425,1.447597518708618,2.9696606858068466,0.6412979969392446
1426,-0.7757734010358013,-1.8555094920759836,-1.6318547436800226
1427,1.8204342377258296,1.678828352033623,-0.083080676800411
1428,0.9961924538035372,0.4333620085724825,0.6653348159460407
1429,-1.9843058023500908,-1.625934682604686,-1.3449806359578484
1430,1.272988375596401,1.4465382039418475,2.261601835006867
1431,-1.3255224798517864,-2.1110130660189568,-2.07068284324351
1432,0.2994542354908999,1.7175433721705855,1.7139451299856143
1433,1.694340611233721,1.1330197073668151,2.238524264878656
1434,0.173939039201672,0.2046578129550095,0.5589428720643974
1435,0.5633341871292916,-1.0019172385107882,-1.1677434627296548
1436,-1.6397226613980675,-1.2471286981495815,-0.6767202456694421
1437,0.0050263061998812,0.3281696295945837,-0.3397081318134796
1438,-3.2873473503902675,-1.1127372264890436,-2.113487553639092
1439,-2.009394917674844,-2.19767472798284,-2.392086703511552
1440,0.2499887995294884,-0.8599550978127906,-0.5765919407250188
1441,0.4011768914736393,1.6804999975886283,1.871063278467776
1442,1.280845011330178,0.3396326049590089,0.9490531746126346
1443,-0.9652406858741572,-1.0755031188714257,-0.4210716631950055
1444,1.7437833842324133,1.6689103195859143,1.7251111182561985
1445,1.4278296076381627,1.4439838007403052,0.4686991323680641
1446,-1.5374336203177748,-2.4709655386248457,-2.59385379303879
1447,1.8428692368250088,2.2019797611581304,2.092555098287547
1448,-0.8893138985653332,0.20448335638204,1.0500683495360026
1449,1.1436562834504662,1.6487151813060574,-0.5521987637347081
1450,-1.8964749762362345,-1.719147263661862,-2.699379952602825
1451,1.103821908200246,1.002624699677591,0.4182969069282443
1452,0.7380450845492197,2.3342011316176934,0.3139113700034723
1453,0.6692288957257029,0.0969064587156263,0.8062542440641984
1454,0.9965322171478244,0.533027848926213,-1.2113411529097284
1455,2.089828292186501,1.8762528366121944,1.9939763725929989
1456,1.0472498741512386,0.1706534065950012,0.348775542383822
1457,-1.1105902475399143,-2.219001856028181,-1.7127753169148423
1458,-0.1264367795866062,-0.5967776136302962,-0.96524915964184
1459,-1.505725692331433,-0.6819342847411531,0.6542320205211067
1460,1.098092691352067,0.1667257253093903,1.5223996713389691
1461,1.2654306893162874,-0.3659290838526927,0.2328988744922586
1462,-2.2708474148295683,-2.4540529544759453,-2.883145285829193
1463,-0.24612329124471,1.029473796452218,0.8252017528285492
1464,-0.3150639405723278,1.8710630691445904,2.2794504065462005
1465,-0.4360876757161796,-1.5256470072089017,-2.1199568865418086
1466,0.1018357975135385,-0.4717502396202772,1.4684038803015544
1467,-0.054257611627152,2.4302269214110344,0.7777702854712155
1468,-2.0289744959535927,-2.1995171789930708,-0.8741707947194933
1469,-0.9934805684146852,-0.5160279986784649,-1.691152744678044
1470,-0.2868114578136539,0.7756671759641788,0.6018320712837847
1471,-0.1410707976352987,-0.1656891769239361,-0.0083998866549568
1472,0.333035794280853,0.9147625838371536,0.9180925227186788
1473,1.241938611326764,0.9646534755480296,0.7611026169162176
1474,-2.34040654012812,-2.614495131680872,-3.008823342773022
1475,2.153807814377598,-0.0069874352181159,0.8091917006874608
1476,-1.2990687398577867,-1.6418868242662124,-1.4227996576431028
1477,-0.0103996279942827,0.3299016358139612,1.0575164524426288
1478,-1.6938597618268554,-1.694807617276313,-1.063830555687345
1479,-1.7654769133785049,-1.852919860559085,-1.8534335389156065
1480,2.211552310708309,2.467090504039877,2.639808984915146
1481,-1.0083763865580309,-1.8991560917577543,-1.8991487589079312
1482,-2.962537205788096,-2.902972805113252,-2.3912014833905784
1483,-1.0703202416103523,1.3268710002435429,2.2155263681252424
1484,0.2566323142659118,1.620839092808789,1.653117869686845
1485,2.553523837354927,2.021646776729179,2.223707485829915
1486,2.92124721497003,1.52705942191152,0.9562119520162145
1487,-0.5768946938113451,-1.0487588417868343,-2.429760540901031
1488,-2.9842895971298624,-3.5413041510095447,-2.848279898608663
1489,-0.2616414203524576,0.0951624230622969,-1.5493532668558376
1490,-1.1115164165270075,-0.6210405931955766,-1.98073066164892
1491,-1.01815631693552,-0.7393015700291552,-0.6455640203734695
1492,-2.114012991288176,-2.1587205869688666,1.0888000487274183
1493,0.4350992820064371,0.3451102597498336,-0.1423899132654786
1494,-0.4167933094213145,-0.9407997798357456,-0.6791531436219557
1495,-1.1000714733740626,-2.500080764065004,-0.6881820377280711
1496,2.096130721604331,2.784115266260524,3.1938920747581885
1497,-0.6456520626834191,-1.019386378534919,-2.0722983264661035
1498,-0.5775978682824151,-1.1812316209894391,-0.6232174326191696
1499,2.575920245920342,2.8456773241198223,2.776488320275513
1500,1.5168865732044674,1.947247208469325,1.872453686365929
1501,0.0570829135187499,0.0548088557722247,-0.6368015949794705
1502,0.1995897410845659,-0.1858058148125088,0.2876534887598364
1503,-0.1419524920632863,0.0253058130593396,-0.2442425727675959
1504,0.5750933314707859,0.8557478261875651,-0.1245894714043061
1505,2.7245782132396386,2.5921170720602325,2.8769285186501907
1506,-0.996862348372158,-1.2176474626705656,-1.3139625007984082
1507,1.5368393163749487,2.2686819835438774,1.4865825583872632
1508,2.139208049894515,0.1394094232359393,0.8533436146187906
1509,1.4302694565293612,-0.950978718894338,-1.854588014823746
1510,-1.5996820870277222,-1.392912696527314,-0.8195989377807891
1511,0.4830149720850804,0.2142005435853615,-0.4339234064373736
1512,0.7121288858081066,0.4761323526401331,0.0061688755889371
1513,1.6285352496575018,1.3754833404070823,1.5639822548413802
1514,2.5621859519114207,2.466976192624682,2.872216469676423
1515,-2.5911605700100795,0.1154416871659703,0.2791860905992889
1516,-1.591662132956182,-1.5842102163086065,-1.5886603464763098
1517,-1.6479546793051825,1.6761524692965886,-2.5167243471824734
1518,-2.466148705590699,-2.7033859083188285,-1.874193230836237
1519,-1.6367584139337183,-0.1842927015142233,-1.1913014509630224
1520,2.16293344271883,0.7196317788849453,0.6255739988486962
1521,-1.3331723653972525,0.1240881130513598,-0.9277746937472656
1522,-1.8884146964558195,-0.8027495456590513,-1.0798719252543167
1523,0.6805999722060997,1.8255463185565928,-0.4002902213528461
1524,2.297742632366801,2.5763040184365327,2.88795770975743
1525,0.3434553715063961,-0.4813661475185637,-1.191309407691056
1526,-0.0935188702935603,0.3516388639445374,1.5130078142646788
1527,3.6810065439675705,3.360608876665554,3.6318174808535697
1528,-0.5701063412018198,0.8716412240298601,-1.1262137796549705
1529,-1.4036663310448452,-2.304637354693085,-1.6940557934951543
1530,-0.8322768390006376,-1.7369245157885675,-1.3089419705487446
1531,1.116123826551798,1.941648162735409,1.353995044472026
1532,1.935890409054212,1.6211936004144878,1.9037770393514493
1533,-0.800276378091886,-1.7210253816385923,-1.2475247529310485
1534,0.1261447458073763,0.2509652640896296,2.74302020458926
1535,2.2974140269622776,1.587246574277773,2.216430448350061
1536,2.7782602564628904,2.4055061517697944,2.738683012876341
1537,2.3984196991165727,2.945688002820717,3.150393560661296
1538,3.775160710373936,3.820556939458048,4.139121834446278
1539,1.0007549138248255,-0.695709356871644,-1.2703247996602614
1540,-0.1329159040166811,-0.2037490326808139,0.3338175895103888
1541,-0.3958190264176793,-0.4469635274180511,-0.6660492799827635
1542,-0.2675960189755261,-0.6880790292560123,-0.0363106873109543
1543,-0.7116090052921955,-0.1372541513611294,-0.2905659031878852
1544,-2.5851447878133738,-2.530989373380989,-2.5807801897698086
1545,-2.2005476136128457,-2.160936912624668,1.132148246863957
1546,-0.8419531809565448,-1.185674300372401,-1.8988001107301575
1547,0.2185732202807807,0.6605308951402441,-1.0469496918228958
1548,-0.4162126067422331,1.4760848505803326,2.270969381436427
1549,0.4685150496157438,0.1884541466402293,0.1286363020233355
1550,-1.429384848690942,1.4758550580199452,-1.0813250240060277
1551,-2.2079383919166675,-2.650778630088838,-2.3019300429383
1552,-1.3163863956061863,-0.4826699448632017,-0.7620946658516652
1553,0.394431535076378,0.8634990294439023,0.8625161677668429
1554,-1.5969326593325537,-1.8172731770369568,-1.962693178929352
1555,0.0122893542755161,-0.4651510029415084,-0.699440039113285
1556,1.808323189754104,0.8267787103863026,1.820614851067018
1557,-0.4186763607280294,-0.8176728869085803,-0.756812031803315
1558,-0.3452483412615827,1.6208677762330062,1.4896046194597672
1559,0.7583116512277854,-0.6556700551764918,-0.4341234600714216
1560,-0.6484893114996366,-1.6415877110815986,-1.1877798596977474
1561,2.660210587622178,1.7890781817995838,2.1699748305126523
1562,3.195448904542082,2.545705476527737,1.8082846861966544
1563,1.7882283362720286,1.98122629861745,2.0777167954397777
1564,3.009433611995729,3.1290727796931126,3.424017598422846
1565,-1.2075680106699915,-1.13630989065821,-1.2471712125993852
1566,-1.8297257262761588,-2.0635249707198944,-1.9208451513038856
1567,-0.5385646585200199,-0.8074634599473559,-1.4968245785230223
1568,1.674135083942068,0.5508922503798196,0.989993733003968
1569,0.711258184557668,0.6654362404664607,0.6152802019468522
1570,-1.6026626912622692,-1.809698848208053,0.0935061855208663
1571,1.6776941341377791,1.38248706855589,1.0891383770670626
1572,-1.404132096526736,1.6861019564143505,-0.5227034106412016
1573,2.198102320311434,1.127964220989828,0.8506092700009654
1574,-0.7324558646889127,0.613728271864591,0.271098467664173
1575,3.2439700582854165,3.277160836983676,2.813254103909208
1576,1.1372438704860504,2.3796837139374816,0.0184941968514296
1577,-1.7226983936116391,-2.491325794259948,0.2918204380670224
1578,1.3426548486269438,0.9069948416444468,1.7493361663930336
1579,-2.515240384929965,-1.350650500973019,-1.0596436396611957
1580,-2.112537870905208,-2.5579320348143217,-2.7166778261022744
1581,0.7634310986475933,0.5799543758511433,2.1413124802906665
1582,-1.436355340888351,-0.6824389094059383,-0.3262027094334744
1583,0.3413343996478568,0.3477784866023933,0.3882653560802787
1584,0.3995633542765754,1.2780647383094093,1.1182860019319818
1585,1.142289577147151,1.614514205730429,1.809517245166361
1586,0.762550600063728,0.9586811610029328,1.0146664990411585
1587,0.8577846464293353,1.5262950717084711,0.7647187031722996
1588,0.6792890534969237,1.557669519897746,2.834362705928734
1589,-1.4779107457663316,1.239358722509703,0.2898496097056671
1590,-2.561859010139596,-2.671373430053366,-2.8023733255753376
1591,0.4780567208959594,0.3468253096627905,0.2509011316896128
1592,-0.5816223173549938,-1.139800745334964,-0.8584267881335104
1593,-2.1194015318882884,-2.5974112176660418,-2.9090916207355537
1594,-2.245070872730288,-2.570585101429235,-1.5979857963411763
1595,-1.355187563462418,-0.024807317468591,-1.5338846929273882
1596,1.8790966115152103,2.33104948388343,1.2939823473160057
1597,-2.453715720329695,-2.201505170986685,0.6073660804803219
1598,-2.0306986440534747,-2.358586390438819,-2.265699021819857
1599,0.995226247017482,0.0381207711771387,1.5878301065245055
1600,-0.6694648013686589,-1.5643515332007931,-1.1302135245471874
1601,-1.0216896951721852,-1.8463713970303783,-1.7137286462603387
1602,2.6470802587989084,2.7667441664586128,0.9557238269305216
1603,-1.889248173806608,-1.5037072286769129,-1.502894478527651
1604,-1.4782179859081572,0.9151122021955704,-0.0046840717637478
1605,-0.3216920778403161,-0.5921135665503697,-0.3124290305158411
1606,-2.0097839560897803,-1.358725235653888,0.8572401568986598
1607,-2.6897646686623142,-2.73839477493306,-1.138136466394506
1608,-1.623625550429938,1.1426899222765676,2.233700923158764
1609,-0.2664395810231471,1.329382238417866,2.598214434447158
1610,-1.854280855848797,-2.488594364107333,-2.609960023092327
1611,-0.3312773112238107,0.3895458094357465,0.0523941927341023
1612,1.2974173699367195,-0.4373515769930183,-0.1582686431387853
1613,-0.5301059099217834,-0.1929034907797991,1.076411799534302
1614,0.2008636554472533,0.8052279157320665,0.4686698590235433
1615,2.4001708514352837,1.6733178039345358,-0.83989992159664
1616,-0.6543100608597117,-1.6822718022253833,-1.5894836765095326
1617,2.009545559562472,1.4269892842653984,1.0983415656299682
1618,-0.8673197972498533,-1.9132658248473704,0.3764239605075709
1619,-0.2388790337499446,2.551052585339881,-1.2985542534678955
1620,1.935398502640145,0.0843698958918726,0.7070818762421
1621,-2.0528320656682197,-1.3651995106508263,-1.7114340795732368
1622,0.4206205311969301,0.3399834912512146,1.0078233649439308
1623,-1.37256237302856,-2.194837241422814,-2.929864283237284
1624,1.355174972223641,-2.2563719610045805,-0.7440652481378024
1625,0.0120597694109742,-0.1065903211199891,-0.3102732550144056
1626,2.436378571316695,2.041500631522963,3.021770096240845
1627,0.600842634422454,-0.0891978934265472,0.1661219800904701
1628,-2.253672667816065,-0.2112090853342335,-3.373325953624809
1629,-1.564278844731895,-1.922265064116201,-1.21826522921808
1630,-2.031178832505842,-1.3867916128843365,-2.6369282050498715
1631,-0.147817798369211,-0.8906260257550228,-0.6711374974864668
1632,-0.5809848272390952,-1.4243541130310715,-0.8332721178149399
1633,-2.213242829900764,-2.71567474950142,-2.583422266905905
1634,-1.8297788774437336,-2.064808850521133,-0.3618122219415695
1635,-1.1596562886166208,1.3153838445559378,0.2975992728790081
1636,-1.118887159101519,0.5067618311773722,-0.2561000007643645
1637,-0.3160669119926027,-0.9205907576396436,-1.9884606477775089
1638,1.3817275259222452,1.4646404071650014,2.279865504831605
1639,1.523963566222277,2.0547984747074395,-0.5917367402016097
1640,0.7362442441092113,-0.3363587746718934,-0.2897467250790367
1641,0.6042185957100449,-3.157456312275313,-0.0121875856213386
1642,2.660453275384404,2.51958633682286,2.464456126203124
1643,2.921515646783472,1.0082258953424972,1.296535624249444
1644,-1.4014998980149471,1.509538550491741,0.6328765402018245
1645,-1.4772252105561696,0.2719288699262114,1.0977019150595335
1646,-0.8027302205917458,0.0552696042470213,-0.2288545154673751
1647,0.131146106896762,0.8222191443662206,0.1350281457964465
1648,2.684795502132114,2.7708530672213665,3.2178905487361864
1649,-0.6737393385383496,1.3168893961107413,-1.3568304918658236
1650,0.8533305077119431,0.017232933838978,-0.4167638496507233
1651,-0.8811706089837985,-2.750194452671715,-2.519841240611363
1652,0.2504285596535148,-0.3859418129804359,0.147914473026756
1653,-0.6054316070291718,-0.3954766611990399,-0.574417544327985
1654,-0.3930883561131647,0.7502446243937372,-1.3564928894597177
1655,0.2266065842622168,-0.0653007706478564,0.2538323839316507
1656,0.6154577578218068,-0.0072065320972403,0.2492410255311637
1657,0.8246773412531143,0.1454142532697214,0.7372974105634379
1658,1.2275548743960971,0.8727585033136284,1.4299178280642622
1659,-0.5632167854426183,0.31092964728347,-0.5506596749661031
1660,0.8039649585731813,-0.5046940946564118,0.6148917920241295
1661,-0.3185393748175255,0.2969519951477121,0.7591061298496852
1662,-0.1900323380024982,-1.775512671983224,0.6679563083653849
1663,0.9991036741504772,0.2445479776613011,0.8558513875357596
1664,1.91763064350985,0.5357879568121576,0.6677695323833045
1665,1.2006792563026418,0.0577894618024863,0.4683699378522707
1666,1.6842989688139045,2.0009910257096464,2.2793640624089693
1667,-0.9092893720628228,-1.5985555730768704,-1.5225742329470098
1668,-2.111263059791392,-2.7566560528805257,-3.0816601408579247
1669,-0.8552714818161288,0.947072202807934,0.7088109485426004
1670,2.457897035373219,3.0047997021597466,2.923501411487305
1671,-1.049922731877796,-0.476106780391935,-1.843444976698048
1672,0.8533829353393332,2.1342396177639387,-1.3079323482508238
1673,0.6072751531425139,0.9142353539664374,1.644541845503937
1674,1.0435486940290668,1.4288579133265296,0.3420366679578005
1675,-0.0210318577105697,-0.8576924799167618,-1.587084347612019
1676,-1.0241575733256822,-0.2675095575480135,-0.7317065747286905
1677,-2.3894943043471666,-2.956906879960641,-3.356642142338355
1678,0.4582289002514186,1.043647056594346,0.8243148249935073
1679,-1.3725927657153751,-0.9884702430058844,-1.0053841456494697
1680,0.3126114758699208,-0.4201658937545325,-0.4433740841067782
1681,3.3371058162176253,2.827058152066979,2.218318387485512
1682,-0.6233976972526285,0.4873211146430478,0.6658849369133618
1683,-1.5245887755712813,-1.811369399483463,-1.0428216191905793
1684,-0.3880122034970087,2.023213387390425,1.923582606641944
1685,-0.4937653905380444,-0.847082288561365,-1.0768982581377051
1686,-0.1590543515088552,2.4526957602041013,1.2259725160111756
1687,-2.2769904295715686,-1.813809616730596,-1.558406908639924
1688,0.7578413876025675,2.2615431633455105,0.0086732092321774
1689,1.0465490507253443,1.5124535885899948,2.062096586934669
1690,0.4347277253523119,-0.1561127979660378,0.8044672274360503
1691,1.3997914582043327,1.6652810954220882,2.6177769797518757
1692,-0.284860129008841,1.003931338292212,-0.0280857413879012
1693,-0.4011064793480259,-0.6500742871116392,-0.5974017661506246
1694,3.106034830628148,2.2177812892154343,2.9769038765548648
1695,1.648293463588586,1.7377443736931408,3.147853565479972
1696,-2.2514641014732097,-2.6475351953697923,-2.446501704140821
1697,-2.8323313689537244,-2.986596444005294,-2.596769762850879
1698,3.008438600681254,2.771498654688576,3.173175020417628
1699,-0.383134757684897,-0.3216815008713019,-0.350292903121748
1700,-0.1522651392990452,-1.600380137086228,-0.6952462727346251
1701,1.8277979612582345,2.4002878722675702,1.7333657562954865
1702,-1.5117426770098124,-2.5960357480278944,-2.4126246433122622
1703,0.1318067684625662,2.88013584013734,1.4919254983946142
1704,-1.4788710555408788,-2.209961756376252,-0.6956536602857964
1705,-1.6063637905332435,-0.9958623248544654,1.4829374677577156
1706,-0.3493651779663723,-0.2935746535721285,-1.35767287685014
1707,-2.0678934271707545,0.3807235426813257,-2.077809470767092
1708,2.578678784520284,2.758458821569037,2.735733921943216
1709,-1.2990076756216968,0.7700830882121084,-0.7298603677965823
1710,-0.0136082186143666,0.5854887883460353,0.3126702884641156
1711,0.3082461221755451,-0.85512996602238,-0.5903499632624765
1712,-0.7668818549660237,0.4275703788158399,0.7549081228124469
1713,3.153230450389356,3.0207559189426787,3.283598323407603
1714,-3.00071653449078,-3.320506176552345,-2.694214241935048
1715,-3.447856595484609,-2.641753853073894,-2.823867955640154
1716,1.4348337359306529,0.0970822651284074,0.0063734887331612
1717,-1.439560685393222,-1.6972549103366403,-0.9687245626765888
1718,1.5159518824143812,1.2914245088855414,1.8305157209280956
1719,0.8547967000024357,0.5768522168497744,0.5282223856523321
1720,-0.7264782264458206,-1.6084271995871284,-2.396678673373932
1721,1.0710033350195225,0.118270807144456,0.2153251076222575
1722,-0.6698288065391289,0.0661496171399799,0.4171730049066577
1723,-0.9255899147246524,-0.4782440740457313,-0.3658131160146963
1724,0.5649330220017218,-0.6499297088310666,0.4371486939403093
1725,0.8106248255091996,0.2608291616456577,0.5658490935737731
1726,1.095931146256716,1.504270087838195,1.5668208816441105
1727,-0.5084759215943179,-1.646311483049174,-0.8735469610519323
1728,-1.1915537954690762,-2.1146039061708537,-1.6691756971257627
1729,-0.4678446391856418,-0.7755394753752417,-1.8070490759217728
1730,-1.4656751339959606,0.3528359548573249,0.5762092358385986
1731,0.8684887498723326,1.1169208509210455,1.3826820554850807
1732,-1.378976937725983,-1.2418682323929724,-1.518537195145396
1733,-2.578862647935841,-2.583604858323058,-2.715618266503674
1734,0.4869098076864819,-0.426381690064009,-0.3002390178584055
1735,-1.047907842953509,-0.6649549719333656,1.5335388730751351
1736,-0.5543757336184502,-0.601339975498029,-1.0596750962376296
1737,1.5739923845416035,2.4738097707419167,2.676292091349884
1738,-0.981532980690626,0.7132812281480253,0.0794844978879157
1739,1.966426406834726,2.273854216284325,-0.250769178828149
1740,-2.3915624080405227,0.0791092241043088,-1.4312217894566182
1741,-0.9138837043528992,1.0002275710303368,-0.5357014510182411
1742,1.916072085056589,2.010351550551477,1.052717238195732
1743,2.198211812228639,1.0664328937982266,1.7662571571886412
1744,-0.3165767028314806,-1.1919643179848531,0.7094079056547846
1745,-0.4266889024111711,-0.4777278973401135,-0.1753216106975765
1746,-0.2636146814113295,-0.8901149566230939,-0.5482228015657404
1747,0.6121894034678917,0.0834568052583362,-0.0083924409920594
1748,-0.9130200256875006,-0.8892761628660838,-1.251354769340975
1749,2.0109332991584488,0.6854950383604004,-0.0227983284292158
1750,-1.8527558487117148,-2.322963562318674,-1.3649905851141708
1751,-0.5823102350125638,1.6816783704789136,2.3006135235140324
1752,-0.4273726105342954,-1.890990599906683,-0.8027149800023883
1753,-0.0362743050945236,-0.463339253173069,-0.3326853835529483
1754,-2.739761981642472,-3.2524545438710204,-1.3990816358373075
1755,3.1856993089883603,3.0004221054914604,3.097814136687817
1756,-0.7371015558053747,-2.277179053031637,-1.688663027563672
1757,1.2236337193190931,0.4605468305477185,1.0526647090014103
1758,-1.475154131456908,-2.240759833912676,-2.6657289406986693
1759,0.2259690436283836,-1.7687070807969671,-0.4338609913478843
1760,-3.279371403178021,-2.9778419940670298,-3.3398553791841383
1761,-0.2944067897510533,-0.6684616037490376,-1.456364349595334
1762,-0.213744751328824,-0.3169477738168323,-0.3953125372428336
1763,2.6327992435633263,2.550908986266732,2.362145465079124
1764,-0.0497252543317596,-0.3879962923217193,-0.6570190302217114
1765,1.4597109418758143,0.2408268872210449,0.4490675333378668
1766,-0.5702020931561421,-0.5179661410815013,1.0687037096587575
1767,-0.3819061924229757,-0.6939421301752032,0.0788695844934913
1768,-3.375215639168504,-3.4076914303743324,-2.9100979230087143
1769,-0.1506872091170908,1.9753439154653625,1.707961186904963
1770,0.3507030549529932,-0.4092123239701383,-0.4612165245401853
1771,-0.1929273903773385,-1.194453263445129,-0.7318558382976054
1772,0.8256386145199309,-0.2660672211272419,0.958065241131112
1773,-0.8539826045995629,-1.0996566086228243,-1.5255698435155676
1774,-0.468083268754747,-0.3632702590900676,0.1533060225369472
1775,-1.9842919029325967,-2.409221724520498,-0.4918871835697935
1776,-0.3860897673272538,0.3516157389014922,1.7108532577076685
1777,-2.327494361004834,-2.5275198384827986,-2.827200550067594
1778,1.1493466134731196,2.1460157075914803,2.4118530924628123
1779,-1.9593286301767756,-1.3201754707393485,-1.8583469987847112
1780,-0.162099039209032,1.9290321911280317,-0.5935905036119143
1781,-0.3439370286984132,0.0108479194087916,0.5609718670864584
1782,-0.9043389259519482,0.8199375792187343,-2.1549804603403024
1783,-3.063380513633615,-3.253890772100073,-3.526854140821865
1784,1.8940633978257535,0.613295245534664,1.0924411289520262
1785,0.9959376605385384,0.4290143227669944,0.6621524540578804
1786,-0.1659066805310005,-0.2931695301569074,-2.0340041540538807
1787,-0.3929559658690373,-2.5171311081055485,-0.7036656784337247
1788,0.0971212380207008,0.0889465516634305,-0.2090881721376826
1789,-3.019395897691243,-2.9694508422275816,-3.312312788599095
1790,0.8091945579228036,1.9556882443258805,2.7335985948527326
1791,-1.3291972668888583,-1.2082768301233224,-1.1234526117187789
1792,1.7391230182843955,1.2923038342534388,0.6617927009567312
1793,0.4608776624959859,2.40925912047254,2.577074030247844
1794,-0.3202598131209544,-2.438941720132007,-0.4731638053662275
1795,0.7175726088789878,1.0719988649928616,0.144005389727031
1796,0.347571808029434,0.0742908327036623,-0.4772062888019991
1797,-1.1120545348909583,0.1592326703223685,0.331646837653077
1798,0.5296880645528274,0.0976014422007326,-0.7263876995713665
1799,-2.115172484064839,-1.2972260277016243,-2.689903879995881
1800,2.2463337360512865,3.304706694560452,3.0411580689303155
1801,-0.6577540363333113,-1.4028070658215923,-1.9549424449594024
1802,-1.1222845579011955,-1.5566951059266767,-2.596696976162325
1803,1.910486380508212,2.3033475322023027,2.745656015999329
1804,-1.304658599276784,-1.766606890329513,-1.8930784264385427
1805,-0.9339178709507808,-1.1065536089179853,-0.0595686985809443
1806,-0.5597385238245427,-1.262644391198262,-0.8337966226141265
1807,0.2247025391183248,0.2046485611199204,0.9991403217591704
1808,0.1017115816104941,-1.282170631398461,-0.7182474273799245
1809,0.3817992841074317,0.4356763237210465,0.665399342824272
1810,-0.0560295101771289,-0.9338710787422152,0.397156684761324
1811,1.8539876661887225,1.657861152844607,2.5639180119261265
1812,-2.010156569481167,-1.5836957328537815,0.7166227145706247
1813,1.137519178998478,1.4931233525840786,1.5533989481049688
1814,1.4746902553570291,0.9905112065753394,0.4290197786589662
1815,-1.441652371249923,-0.6401084846235972,-0.6219846694070484
1816,-0.1948260286168436,1.0386731437603998,-2.025891762170089
1817,0.5744287576197618,1.3292625876159736,0.0050491806178901
1818,-1.9845247791379808,-2.218204712242421,-2.696231284055611
1819,-1.121995125521929,-1.9172363396473373,-1.8214971064859773
1820,2.0540456211831595,1.657295454378474,2.127650644347677
1821,1.1410112683561138,-0.3674855383136821,1.6330192087990931
1822,-0.3609950888180821,0.1665743716316346,0.0485959940167595
1823,1.5596340671499185,1.0412020685631471,0.94559039907776
1824,-0.6076255392897439,-2.111679565661351,-2.2791672706513992
1825,1.1897431997258117,0.5218475695747679,1.285596597808937
1826,1.4751058245040856,0.9131388166364292,-2.008084546196681
1827,-1.52390219444474,-0.1009509588066446,-1.3252157238587936
1828,-2.5389408084890106,-2.205513193886986,1.3948647393683145
1829,0.0778775500637975,-0.2474227004366542,-1.022000257464214
1830,0.1579713637462365,-1.6372071794102776,-0.3973492736210119
1831,-1.783984656639143,1.2893297999077369,-1.361789642529799
1832,2.040204885146459,2.9434317427855348,1.3864031532999737
1833,-1.0010352123709727,-0.2468225212251868,-2.164606843328894
1834,1.747495258666637,1.579211920403521,1.6077970243272095
1835,-1.7231613784681703,1.5415234280289514,0.2504810741395565
1836,3.1114691335661973,2.9621201364412197,3.22797453870084
1837,-0.1762206440433222,0.027545235519664,-0.9963893205454658
1838,-0.3735082832666007,-1.191391706873587,-1.0016342988247366
1839,1.4781464103248287,2.115240696166822,2.2418188668997745
1840,1.3155594161453374,0.7076371793126358,0.8506338378310099
1841,-0.1811068987587292,-1.3521453352203747,-0.7096647857682703
1842,0.479462268821661,-1.1215861424355391,-1.487980315976569
1843,-0.5192489693553752,-1.0054124201542944,-1.0619186074214435
1844,-0.681919531850655,-0.4813975736138191,-0.5871261141642748
1845,-0.8970214303776144,-0.8552671534887513,-0.2840100559466241
1846,-0.017967619884691,-0.6633934979849552,-2.509646863136741
1847,3.2604986573832764,3.2580476805331315,3.425801173126003
1848,1.4894224745155076,1.7878077318718455,0.4787283736689487
1849,1.5329991067841031,1.1740488670141251,1.4240708986003268
1850,-1.0930902250391652,-1.226231836869432,-0.1357001167954762
1851,-1.0681152437638448,-0.7776430814945806,-0.4093988687928656
1852,-1.2237949067938458,0.8018299958536117,0.6559568284998847
1853,0.0063997687708408,0.0585071587489622,0.3370466383797146
1854,1.0456812679283094,1.2789115643145677,1.676515911641079
1855,-1.618095832890065,1.764550245277028,-1.345719198077587
1856,1.4749294190743405,0.9929985092353776,0.2056375387044506
1857,-2.5982393076895365,-2.41059627019851,-1.9215460671575677
1858,-1.4644257678924986,-1.2103550235500278,-0.5219522332331671
1859,-0.3356041457134811,-1.2661435097302765,-1.1215564371161522
1860,1.8062980784413376,2.4753774748930506,0.9016497949049196
1861,0.7128342766351063,0.521718817545551,0.2490966193909488
1862,-0.5744747969631433,-0.712769355082723,-2.838979137519031
1863,-0.2903989110053286,-0.6275598854288384,-1.7108862153827895
1864,0.567445931967336,-0.6446760312043971,0.2985801440412108
1865,2.002177848010706,0.8060565705735764,-0.7984938112703934
1866,2.950931649959084,2.7858545595454403,3.3435712171052487
1867,-0.8115516454870537,-1.6960489622792132,-1.9219217658215213
1868,-0.4081677305165367,-0.0100999658514378,-0.9256844067824466
1869,1.2548448082242014,1.4392012670141376,1.3545089180843797
1870,-0.9446120278016508,-1.4967573792751871,0.5158665736958085
1871,-2.518844811799377,-3.0777764225321533,-2.92144840262037
1872,3.074578559972277,3.024206914031793,3.236883605632195
1873,0.5675034959862648,1.5580703563471434,0.8526362683855259
1874,0.2726693187935082,1.605764156255678,2.5996055991508813
1875,-0.4777303981461908,-0.286756614828653,-1.782716673648298
1876,1.5416838494428062,1.5082291901326352,1.4398961167146902
1877,-2.0643826703829524,-2.5565874801642536,-2.568813947602248
1878,-1.2298212395765051,-1.4258429882921355,0.1712522142012685
1879,-0.2411567932444312,-1.7260175272306086,-1.5219287297178712
1880,2.447924810865928,2.927265081268882,0.4982858780891609
1881,-2.172691191582613,-2.315444305483053,-2.980241495605149
1882,-2.159919103055791,-2.498843954631123,-2.5055249835854694
1883,-1.5105322270700905,-0.8196370307825086,-1.377192869051041
1884,-0.0023997495220482,-0.4703057165287899,-0.0666451737494912
1885,0.1763435589286754,-0.2927147795205729,-0.1015972098339143
1886,-1.0326477608803877,-2.5024395461727766,-1.9691015574739896
1887,-2.6473691505211843,-2.8522591708367564,-2.431036915955768
1888,0.4027902876543603,-0.3512901773113636,0.1560722966583637
1889,-1.310075175114502,-1.097470538597321,-1.210419643648904
1890,3.915870366053309,3.679858744701872,4.096361129998596
1891,1.0321814230461757,-0.8585510349045021,0.5656841314497686
1892,-1.729314008244743,-0.588654666188945,-1.6766414214741137
1893,0.4696360804830148,1.1798048350072876,1.0957553971132263
1894,-1.4879558901509755,-2.207510875732284,-1.447201111077938
1895,-1.6850467723811549,-1.1931445688762818,-0.2105337425870813
1896,-1.2014508937606692,0.7495350364958779,-2.064328548417796
1897,-0.3901388985263195,1.1122602346828858,1.956398743916005
1898,1.7998576859374504,2.07833619016368,1.421919756012443
1899,-1.385428365702244,0.3440810946917845,-0.4655683831127927
1900,-0.694135862326191,-1.4799149573728774,-1.3923003543129548
1901,-0.9076398537948392,0.5153361778623599,-1.5463827077489067
1902,1.4981823340791118,0.9646155059267962,1.1403604551934023
1903,0.8528714611604923,2.116828524632391,1.0431793592969392
1904,3.681017517191908,3.541131828735564,3.676310247800564
1905,0.2532763439246903,-0.6199195783670973,-1.6742517928605272
1906,0.4414523592347236,-0.2327050478016269,0.3944432965664556
1907,0.2367495508369905,2.7873093067380386,-0.43706950510476
1908,1.000113303635005,0.8472280959955226,0.8063692887444451
1909,-2.196946395510004,-0.2116640646871664,0.0854471890713282
1910,0.2187824126103031,-1.0421081833204895,-1.4244607971565748
1911,-0.5384001211173153,-1.588594507130285,-1.35050931215321
1912,-1.6724489613240712,-1.38091916491021,-1.3235372486564247
1913,1.0449761655100582,0.9461882890381288,0.2951460992845665
1914,-0.8844455056632999,0.7550565051904324,-0.6070861653847024
1915,-0.7803158608986563,-1.4165979848803794,0.3746399976372697
1916,-1.3579572052851954,-2.1706304200520363,-2.4599645962006846
1917,-1.2415062952668932,-0.0871034320774093,0.0245118768823827
1918,-1.0910276708899331,-1.799459156041688,-1.3951766752918844
1919,0.5308542610329917,0.9059265664361512,2.044413757788288
1920,-0.6685314666106529,-1.5728848733946188,0.9476604895571372
1921,1.2821857851035774,-0.1973014961480485,0.7143606368630289
1922,-1.651541048269814,-1.7391190037210436,-2.205794628157814
1923,-0.4014299251598334,-0.5522409327546448,-0.3582334980078905
1924,2.5404184858446386,2.631425419702635,2.687607417326282
1925,0.3396405954149109,2.296130523965821,-1.3795561357910544
1926,-0.5084838196060718,-0.7054567322803827,-1.3488250441421237
1927,1.382362907298159,0.1921529355383715,-0.3324479402350185
1928,-2.301302771966128,-3.814963056160674,1.4356593668901063
1929,3.056109563689414,2.833485967711591,3.375659570066456
1930,0.0648160910097967,-1.1635184344686529,0.0602111126830105
1931,1.0086062277792407,1.008939368394279,0.9669836208670284
1932,-1.27779708524562,-1.7340929419433786,-1.47340612363951
1933,0.117662631861425,-0.5003119332340723,-0.06282257764356
1934,-0.0935270828053352,-1.7757455553528407,-0.7120165067227613
1935,-2.0694368852904743,-1.2001909198498697,-0.2352294399201059
1936,0.7598381486578423,0.2168460957324204,0.2167685820949477
1937,0.3103218194370551,-1.5536879285189564,-2.065465109686076
1938,-1.217949057205404,-1.865449296289235,-1.594272626768666
1939,-0.3560840611506706,-1.7342441436666625,-0.5039299192205943
1940,-0.7868748560702635,-0.3150095137532042,-0.5477235282747744
1941,-0.2023510005589718,1.0355570158524925,1.625513664278036
1942,1.051116170764841,0.6432992472056474,-1.0230620865986175
1943,-0.1756796241373122,0.1418466947895474,0.8069180320772619
1944,-0.3550961801990349,-2.788048095786831,-0.5766685600041042
1945,0.7605318473478626,1.317411946502818,0.9608685635141752
1946,0.96453354825643,-1.0993118092405931,0.3359325879975283
1947,0.3142831851337798,-0.6336433929671441,0.3160343824846404
1948,0.812039313340828,-0.4630086328265391,-0.4404392426099726
1949,1.198183404484507,1.0495019795231078,0.8549697493576924
1950,0.072184608991726,-0.9656510848070372,-0.8117229210919258
1951,0.8299176706630911,-1.4301405253744757,-0.915239787514763
1952,-1.5446987380123007,1.8539157480498936,-2.199266547408008
1953,1.1379175450874872,2.0829202860318907,1.421236809277909
1954,-1.0374984107836185,-1.0430824985356888,-1.6353123184694338
1955,-1.8751590530799096,-1.648628655525984,-1.693455961939623
1956,0.9044922512546664,0.108097707172071,0.2560327321347292
1957,-0.4016453607829241,-0.3899513599538601,2.261120825640285
1958,-0.6993980726496813,-0.2921443977516204,-0.8027316898539912
1959,0.2066703932125257,-1.4733434146913564,-2.163790037025356
1960,-1.3069491430135145,-1.2112507497602765,-0.8423788991090954
1961,0.9480794838397564,0.6643753642868766,-0.8334227558001505
1962,1.1744974409677074,1.218635455760134,0.5551889221782743
1963,2.354407450820871,2.846385242634818,3.292562560209769
1964,0.245199725174065,-0.7552479899569738,-0.6924755975447833
1965,0.1663263157992504,-0.1429033829144854,-0.475561982429974
1966,-1.0875691544281925,-2.7062800752050062,-2.4621380261677928
1967,0.4268439895596777,-0.8932443688718715,-0.0243263195315239
1968,-0.0668916042137368,-0.1708580463577912,0.3938752344654303
1969,0.3469169360860084,0.522047981009552,-0.3081974503995257
1970,2.7687960124607613,2.826623827515684,1.3675820636140408
1971,-1.6083035442452134,-0.5657481249017386,-1.6910049407462946
1972,-0.0710635163075871,0.0236795827190076,0.650102888161215
1973,-2.7890877810786905,-2.15911520710243,0.4718930337531083
1974,-0.4630384548618709,0.5182169540627328,0.6595008751491003
1975,-0.529494988051923,-0.9152100057134186,-1.467062571307834
1976,1.0893537795187584,0.6251924103551557,-0.2685509898662793
1977,2.724660091310266,2.760576932124157,2.975032428012465
1978,-0.9961048059723246,-0.4900713828297885,-1.5168528896355176
1979,-0.7075866192105859,-1.425331756509784,-2.0593661746795173
1980,-0.1348329215185764,-2.551494918752271,-2.418092283722338
1981,-0.048842336951757,-0.1704993773627023,0.1064443525693899
1982,0.0944187952721513,2.3202535779114046,1.9946642157050372
1983,-0.527277843749695,-2.0659895830793604,-2.572226058401041
1984,-1.5489175060028335,-0.1957877684714358,0.3622185772590996
1985,3.633207666452413,3.44865827259884,3.678710213887883
1986,-0.6409673103006404,-0.4629022221382559,-1.5364771924744556
1987,-0.0707425349082097,2.31414136555106,-0.5469877786203912
1988,-0.2854575892404646,-1.4063651952088632,-1.1059801409529042
1989,-1.1259367971525704,-1.7784252629402642,0.3455412332010716
1990,-0.1094131329264846,-0.7943923735140457,-0.697790187121512
1991,2.027938579714854,1.3108522686787074,1.6489744975541796
1992,0.6944927458184116,-0.993656198196738,-2.563423050600353
1993,0.1525981407971012,0.2691447404433252,0.761965634582162
1994,-0.739724204291844,0.4000827323849857,-1.1761622469763524
1995,0.0109835606540742,1.6804241242795122,0.7097146545291485
1996,1.0863435126260947,-0.4103381123657734,-0.8008860483171192
1997,-2.4495611727182145,-2.062717752531063,-2.112914054967953
1998,-0.8868148515952413,0.7051742589948912,2.210856006143139
1999,1.2848750301502432,2.268195194304797,2.5665107254376744
2000,-0.6924343590035137,0.7648707519617319,0.5677360354756515
2001,-1.8761601880856011,-1.540325627910868,-1.372037139098361
2002,1.776339329460527,1.711261753849359,-1.1073604956864256
2003,-1.8732826227049997,1.9633764035337495,-1.96867792567946
2004,-0.771417062272486,-0.3958561382360211,-1.9843789249265895
2005,-1.416167898247434,0.2738300237556535,0.1366144598755588
2006,3.112288541023132,2.8191762525518245,2.2382947357699545
2007,0.9927712928837602,-0.036648036152295,-0.4944186454620903
2008,-0.4568176985729771,-0.755265024817506,-0.394510924877321
2009,0.9533518650652184,2.261389175340732,-2.3775139156225524
2010,-0.1361542718249116,-1.1156759496759394,0.2142963953299342
2011,-0.8932098543036469,-0.2603544252026949,-0.8005638648215301
2012,-1.1652227371434476,-1.869097528662836,-1.5791942205067695
2013,0.8044527793573393,1.608446356560314,1.7114898100777485
2014,0.2588038981992087,-0.4367190783472748,1.050315871428715
2015,-1.2261269907306542,-1.7347809947291084,0.8531129495835245
2016,-0.2295187534856699,-0.7346851671733876,-0.4725621145228688
2017,-0.1463546514053162,-2.291212421380545,-2.734180054710674
2018,-1.2047432209497797,-1.4226439187274589,-0.8326397092228445
2019,-1.4424327907293586,-1.8079851248640275,-1.3523360310956496
2020,1.108550056506183,0.9085156780947832,-0.239399682087725
2021,-0.9688897402698996,-1.9424228310993237,-0.9225432548444475
2022,2.6596256504199287,2.4760955471825925,2.273309386028435
2023,1.2315858415051322,1.906654823080104,-0.0505448932274111
2024,1.1886687695027336,0.656893764909802,-0.1076114236279083
2025,-0.3888078291305754,-0.7707357585614745,-0.0087162145150233
2026,-0.4468265657618685,-1.438232748706432,-0.9907053137713392
2027,-0.5818154393590842,-1.981469955407144,-1.7042686295590062
2028,0.6181501690664263,-0.6940286068317676,-0.1533542208111341
2029,-0.5643455827251077,0.8572884735819651,0.6208536962591032
2030,-0.7782723596652731,-2.028698862660561,-1.3173989768518954
2031,-0.972405724328614,0.6792739894462437,0.3178322653554648
2032,0.8098053928164605,0.4835469375352991,0.3525760581900488
2033,-1.4838702425665462,-2.639897843117257,-3.285237618648429
2034,1.9989438924880207,1.6973532555569604,1.8299491176396885
2035,-2.3024571860249328,1.0024471010203944,-2.762307011318048
2036,0.4401799511480488,2.372549624286638,1.8717719437644773
2037,-0.1790285792149121,-0.5325030654210434,0.4228097963859042
2038,1.9468750180894048,2.7282267181901982,0.8660391267790782
2039,-0.4456130956977558,0.4864147759774908,-2.4538523006409387
2040,-0.3855222611574732,1.602547968323211,-1.326744132632336
2041,-0.2474972006249107,-0.5762991994846381,-0.079907412683757
2042,0.0537325803854348,-0.1762865290976748,-0.0551158160357991
2043,2.4345154732126324,2.7277969564516016,2.2465532902611973
2044,-2.594760211857636,-2.84577157606771,-1.05316459696309
2045,2.465654539751609,2.800741130011029,2.996190550167111
2046,0.2836162654609262,0.5721153166256792,-2.373108080207479
2047,1.3463507860919766,2.400434703474198,2.122633292667346
2048,0.512118678808769,0.9924156040809684,-0.6732436023394207
2049,0.7142345914712492,1.878352373819464,1.800881270637209
2050,-2.252811203377537,-2.2818797482075475,-2.32439470897802
2051,0.2291465167337411,-1.314219226200565,-1.0929704528875752
2052,-1.830532337716502,0.3378725390574738,-1.467949027735758
2053,0.9898202264958432,0.8232727056662068,0.4752519302244428
2054,-1.0057608652967436,-1.6874310194439677,-1.1848643669122647
2055,-1.364740140089439,-1.5880669324179837,-0.7905525031760577
2056,-0.3317633058909461,-0.1379200694891382,1.1645497411582353
2057,-1.5280854657897505,-1.000731934010052,-1.347069450172843
2058,1.2956853508084734,-0.4871851167328296,0.3053382364801859
2059,0.855344327824089,0.8500647665280132,0.0745532514248511
2060,0.1940869184028306,-0.7869199905056343,0.5984167450962807
2061,0.4382673889006604,0.9466244805263662,0.3031347925808926
2062,-1.2472323498029814,2.1819939354382907,2.079358405537152
2063,-2.252797491951094,-2.2087441539091275,-2.399867986127821
2064,0.7132125277168988,-0.735536847142062,-0.2019800761150073
2065,-1.0442256498434763,0.4985062388841955,-1.6621913131381194
2066,0.8073412873192023,0.6712265305541472,1.4147254008498282
2067,-0.0888575789082391,-0.5270420886619933,-2.499114183276808
2068,-1.1819842397243594,-1.1832329926539635,-1.1501812751753604
2069,1.4685018665245997,-1.1590184191407098,-0.6231758421131096
2070,-0.34202242223497,0.0873906539157128,2.316190213405013
2071,-0.5306444900050215,-0.4756104170229525,-0.8777818932596566
2072,1.3094153859140734,0.3452986903080187,-0.6213196565975492
2073,1.9203314554862163,2.374670543636492,2.887644903982471
2074,1.7950195951655843,2.479295419288135,1.9647789042177937
2075,-0.1830557061766255,-1.166425924134067,-1.4577309418376998
2076,-3.1905359593794267,-2.564555786150524,-2.481408562650413
2077,1.0716826953523757,0.2326905651507419,0.9489171389295906
2078,-0.4682929598711495,0.9054907613326288,-0.1937456756652674
2079,0.9564296999800228,1.393280956619572,1.4698866746574448
2080,0.5234761156758949,2.2475110917616137,2.108011173103089
2081,-3.1697515836066024,1.3169225248403529,-3.131236071942792
2082,3.588517137617915,3.36195224317389,3.680127466773425
2083,-0.8566165546087102,0.0051084599451968,0.517645138532543
2084,-2.417081479339283,-0.4843767735402634,-1.7568246436738877
2085,-1.2369855382730792,-1.5915817365578673,-1.470803156811028
2086,0.0530865385683602,0.5601055813369435,-1.6293920536948314
2087,-0.793527394803898,0.7272143784103127,1.2085154149699735
2088,-1.257300340638993,-0.6175508862601725,-0.010731215801163
2089,1.369043067626954,0.3189321555151681,-0.546989922068801
2090,0.5798267299538421,-0.699274442739225,-0.197366199008675
2091,-1.1128871872431767,-0.807486564680822,-1.1021642743453162
2092,-0.7145161653310402,2.186425834218648,-0.4645101471325979
2093,-1.329273074942335,-2.405231616301964,-2.2196597617895693
2094,0.9044613460499946,0.1360689323097301,-1.032859758802199
2095,-4.026980047500104,-1.118045821928936,-3.21106570803812
2096,-0.8633472262672895,-1.843389240429599,-1.8457801840880188
2097,-2.2677663772850365,-2.3141275185625565,1.2313224841210328
2098,-0.176683017434007,-2.010440018458997,-2.1524197991688907
2099,-2.459260654052146,-2.4024838002105717,-2.602664445764391
2100,-0.345231410144923,-0.6077033803109444,-0.9895177633826576
2101,-1.0566518029148853,-2.2082374131650804,-2.790458931780376
2102,-0.935921459331684,-0.3236901008117198,0.1665835691529733
2103,-0.2001769191612324,-1.199270500719478,-0.9253607517716316
2104,2.5092623382050543,2.218031418859778,1.7863619726215625
2105,-1.316710656843214,-2.308429532744947,-2.420027811400009
2106,0.3294014938468702,0.0211113103995932,-1.8073448369090952
2107,1.0619913764557571,2.8838076530273877,3.406718367965344
2108,1.536089899123015,1.5711515257070114,1.714257279408684
2109,2.03857809610775,2.9860100650710395,2.7133851833952005
2110,2.2011096556692085,2.1769179424123104,2.174311525818153
2111,2.711914732565079,2.5273750922419995,2.940690706274196
2112,-1.350744139154032,-0.2367231403091661,-1.7067268756600291
2113,1.4478517993778728,-0.049254013347005,-0.5108287628570805
2114,1.6369869795506782,2.769425376010864,3.214391277077869
2115,0.8090988074939024,0.9968160503250474,0.7139236328709966
2116,-1.5069856623348044,-1.8437031965703652,-1.9319829082900235
2117,-3.190568340140139,-3.1036886473599368,-2.348928076988942
2118,0.5590133441175785,-1.387167002101282,-1.3121727324493118
2119,-1.1424817294319023,-3.026799911071313,-1.5627024527577362
2120,-1.946021914361032,1.2355239433449448,-0.0487932283454209
2121,-1.0284697508918863,-2.0111885302464807,-1.0849198584357729
2122,-0.3200045207296429,1.1956217431295353,0.7582743990219264
2123,0.2854364308076532,-2.249252853391011,-2.366748572678529
2124,1.5016209778010017,-1.6263025155293904,-0.6177040663004205
2125,-2.2115233385800765,-1.51682519095416,-2.4336909592755736
2126,-1.8468744584038943,-1.5815507944280631,-1.8461227925367776
2127,0.9537080744976464,1.0050362730907256,1.1185528958480022
2128,-1.0281663360255895,1.80036158821277,-0.4510949231623606
2129,0.1953865590210583,-1.1280667527987038,-0.3903352948793362
2130,1.3120101876957402,1.2681026593800784,1.2279013985467544
2131,-2.054993364124177,0.7154869828529553,0.8607914816333171
2132,-0.4279121122286534,-1.6040911271039944,-0.9269400126827648
2133,2.1254387845273213,1.7628999531286844,1.33984034579809
2134,-1.8948266644090477,1.3979703704880622,0.3667722318272668
2135,2.898836332439884,2.43279276545264,3.297737422049877
2136,-0.2734298090071302,-0.0985147469171011,-0.0278880700570912
2137,-2.3650810761500223,-1.9822143057913693,-2.833853805954709
2138,-0.5344380098830392,-0.9675661155340728,-0.7315140069099292
2139,-3.112826122603876,-1.9124261541791856,-2.362116197683452
2140,-0.5132487593875457,-0.7858734581763122,-0.8332375521582769
2141,0.3523404264235141,0.2984481459075816,0.1809260907489934
2142,-1.2238206329086814,0.6630204758929862,-0.172462323086472
2143,-1.2027535639899167,-0.542951686196877,-1.3110660353570407
2144,0.7330620004742792,0.7644400717407113,-0.2102474390491573
2145,0.7602636239408112,0.5222447471352077,0.205160292794951
2146,-2.575768915084769,-0.5506691008333404,-1.380749784374989
2147,0.7646200943702026,0.961939123084831,-0.2116098327790529
2148,-0.2204651420544076,0.099339955398324,-0.7622086695347302
2149,1.9941468503597188,0.430350128539839,0.9026258406322252
2150,-2.3007724890161008,-1.7259800804289267,-2.009050930753073
2151,-0.3354997084895956,-0.6231486235026558,0.2020330621220757
2152,-1.101120880522256,-2.647282113783922,-1.89897279900462
2153,1.8286525113502048,2.5158788500933738,2.276331168161544
2154,2.664990251950031,2.114810139731744,0.8657895842589401
2155,1.8155588942965917,0.9900382894377984,0.0665667825518761
2156,0.1866087757406944,-1.471601168236521,0.9992108866083594
2157,0.7536758297193491,1.3084004845875723,-0.4847203269055624
2158,-0.0581446989119071,0.948253121174829,0.7675219509648117
2159,1.8685211486536744,0.6899841713078695,1.6315886483238933
2160,0.0121264521963663,0.6133534087675232,-0.0009038527198952
2161,-1.6400458341099164,-0.1260131648178284,-1.924843502492072
2162,-0.8260841090271858,-2.025698629904872,-1.6442570940434014
2163,-1.6437632607480204,0.6053627371483542,0.7054243607217676
2164,-0.1905552497047004,-0.4587857512887059,1.1382293065833862
2165,-1.7864773007787689,-0.6427628925459448,-0.6768965602275765
2166,1.0977220250947763,0.7520038960947623,1.4365618105320492
2167,-1.855979707933228,-2.7050634752811966,-0.8088902683878334
2168,-1.4024258944353687,-1.0066326913464267,-0.6121373839488031
2169,0.6936155428603,0.4948111681527725,0.7817607864725827
2170,0.0146077294926579,0.5490434243841947,0.1588239092693625
2171,0.438652919283457,-0.4027235462573707,-0.9786043179675123
2172,-1.938337746353282,1.230470596138301,-1.9825827622796783
2173,-0.6122561898878323,-1.7237198266268885,-0.793371675230202
2174,3.4915065189917915,3.355985491478034,3.172643883849872
2175,1.4152447835587918,0.7666484087962059,0.0432995814090063
2176,0.5125521066398587,1.1991548132309302,0.4653692792980695
2177,2.1569502905516256,1.0427711553515853,1.948921854357314
2178,0.0182338252686047,0.1687063582192191,-2.6208955389419777
2179,2.550429835901555,2.415228798352307,2.4260815872127948
2180,2.734099616736109,2.833227303610815,3.075912045899139
2181,-0.0324731813723116,0.654049315123001,-0.4014856777997568
2182,-0.1850669915523149,0.994484335127554,-0.2458847157896982
2183,-0.357167597687994,-2.459719771373244,-1.2282934410733488
2184,1.1489109159337036,0.4318621886733285,-1.7551106051479668
2185,-2.1660698338313646,-0.5348861664187072,-1.8241293209194935
2186,0.0928556375498125,-0.2795562091683234,0.3885586392115423
2187,2.6002363200698317,-0.3394752681182243,2.037443447080147
2188,-0.994684416022752,-2.2387166382562693,-1.385051850007468
2189,-0.7454274334779051,-1.315832947849087,-0.7567995954823992
2190,-0.1523856105386851,2.320706183965109,-0.5893932543023486
2191,-1.50821990622334,-0.980560038597554,0.4302059644146279
2192,-0.7478943451273177,-2.5095849163681563,-1.3497943044142473
2193,0.2474493555699885,-0.981162785973915,1.3895555223422742
2194,0.9567740984472056,-0.1305608180462298,0.1269023060086315
2195,-0.9904600179269332,0.7703513552908848,-2.21244357315495
2196,0.1937329799421571,1.4792778505402318,2.1872139555755075
2197,0.3457025377992538,-0.4628923084633276,-0.1706376408645125
2198,0.8535640064097252,1.967887942593338,1.871487985471954
2199,0.0527376359331173,0.7779160963696236,-0.5789963449772187
2200,-1.6048825108195317,-2.2786429154825014,-1.8546261766689345
2201,-0.1980063909606075,2.358505338377703,2.104636431487141
2202,2.0405717322963524,-0.4239038422521178,0.7371142878238695
2203,-2.221710047794668,-1.4228871148618667,-1.711715059594413
2204,-2.157578241779482,-1.8122001126009348,-2.031296865899145
2205,-2.2539114821756083,-2.6543392729175657,-2.455632540791519
2206,-1.5581573592334568,-2.756684879825479,-2.459284438592887
2207,-2.1644353093878173,-1.5106585111424575,-2.431803162457024
2208,1.91621513203468,1.8584337419976216,0.8229792788602036
2209,0.3031975071241979,-0.4187197354453411,1.33162238770467
2210,0.8102065153558656,0.4429569207222832,1.1639545939795284
2211,-2.279147189924191,-2.6743717759395462,-2.439382142373697
2212,-1.3701919525016808,-1.639155440609582,-1.6832226947654811
2213,-1.375068402658916,-1.2155890721804246,-1.6331027013315322
2214,1.760121010936574,1.182996220518016,2.452020015536136
2215,1.531500161671398,2.6690055472408467,3.072672792080211
2216,-0.7648545038262466,-2.4731506917234856,-2.2557569321768174
2217,0.2864083201061256,2.522210418912544,2.284756903814813
2218,3.070231993924601,2.7579467987770827,3.199416513463885
2219,0.3488978568506092,-1.4420388043405752,2.2995546260522546
2220,-0.0224637285505336,-0.8782436287309245,-1.644758096905939
2221,0.2972422764676823,-0.9817840482019592,0.0938701468372958
2222,-0.2547332183893216,-1.4678600784073736,-1.451426781000614
2223,-1.233310522489406,-1.6422011492470678,-1.5154846635936474
2224,-1.0390763824636022,0.1292490793012611,1.2015990651871538
2225,2.594898745493501,1.718063259154752,2.685891404043526
2226,-0.4467704059321425,0.0778323823555818,-1.836869682076564
2227,-0.0944372150511924,0.3376789256148579,0.5202004597910098
2228,-0.009072981459518,-0.1125535417522172,0.4349318800985157
2229,0.3017163656880693,1.0847122818659725,-0.3025717526123134
2230,1.2301168925404895,1.654371373132777,1.6499263638030977
2231,-0.6455607284061682,-2.0772885160960737,-1.983889917147701
2232,-0.0123407724738754,-1.1554220429128874,1.6038311551991848
2233,-2.562871715840233,-2.4326218156939783,-2.599326487619165
2234,0.2560789999991415,-0.7652544648344195,-0.6178640663289651
2235,0.557124162098966,0.7363360362554051,-0.3168674710537407
2236,-0.1931526525209695,-0.3018817622086732,-0.9515794054698732
2237,-1.480645646282985,-1.217075158806907,-2.025798356662468
2238,2.243062302765774,3.212949999937976,1.2835068717050184
2239,-0.3009747565250921,-0.5698183809188575,0.3805428725429888
2240,-1.5879372605423203,-1.7305259403395234,-1.4999464149189747
2241,0.4391931206742933,0.6526041232359174,0.6944744701003905
2242,1.735019693030047,0.7531540485291799,2.1916980439748284
2243,-0.8233666767751334,-0.102891709161985,0.8546589447317077
2244,-0.9952383809759656,-0.9627517456428254,-0.881690530583655
2245,-1.3950718529113062,-1.6447417390101795,-1.4399817224340437
2246,-1.6372331264173443,-0.8958763122289284,-1.5944082681320355
2247,-0.2601775722322481,-0.7856876649771811,-2.6497891301921626
2248,-0.4680250313519232,-0.86898481916842,0.5685598008421533
2249,0.2833076480974335,0.1503803976092327,-0.5116902034916982
2250,-1.1914281582875494,-1.3370769372936742,-0.8803305276900254
2251,0.7388210851675824,0.3948635005577185,2.5051706036687302
2252,-1.011553178887128,-0.9616212974414384,-1.7768633709816877
2253,2.032359580763507,2.518901000155035,0.3105846022073371
2254,-0.3658312185108212,-1.3975362545172811,-1.7246489316646174
2255,-2.1031344042190177,0.4322189442550141,1.1256730262352372
2256,-0.7201598117586911,-0.9117438888569552,-1.5962813054408749
2257,-1.3999353145443207,-0.9252206734153084,-1.9858324615255367
2258,2.3754168360115377,2.384509520088656,2.529684027441953
2259,-1.9839417351515167,-2.638463354154576,-2.8665705962415897
2260,2.2033645992449573,2.617444762603545,2.405196097822465
2261,-0.1805292279958054,2.167687224791695,0.5584809451618528
2262,-2.680550475675076,-2.5338020413422933,-3.615492850457636
2263,-1.2199680557685106,-2.601710855805804,-2.0315199289327768
2264,-1.3212764981269298,-0.3775929102949372,-1.5800823141763056
2265,2.483712744786976,2.8956307482417847,2.8960737545912414
2266,-1.2943543243050688,-1.1819635125228332,-0.3720422909762935
2267,-1.2700996801919402,-1.5896787823249847,-1.0325724871314292
2268,-1.0489497215083865,-2.4490718829431826,-1.085260527263038
2269,-0.8980095432288852,-1.6500104645332336,-1.6482751638567017
2270,-1.94155892799366,-1.5066811400295823,-1.2956876973718303
2271,-0.2656734021584133,1.889279205559412,-0.5508793784281144
2272,-1.4527129482346834,-0.7459712177061841,-1.4145203970786906
2273,-0.1566809401357141,2.7501253152761325,0.866692088852568
2274,-0.1590422830899976,-1.207723156655043,-1.8904935128441955
2275,2.9662277839588347,2.699658612157354,3.213002548134424
2276,-0.458926923191422,-0.6358031480340948,-0.5151096276858892
2277,1.9953223671799407,2.386484780019378,2.2383907706156494
2278,1.1461653669221077,2.389465073312353,2.1677113965688752
2279,-0.4630933209835583,0.7979666283761758,0.7530441377716555
2280,-1.629406719394478,-1.808254475330668,-2.3375615741206044
2281,1.665892285430871,0.9555918487164116,2.722850294084947
2282,3.0380310095545524,2.885720123675038,3.000340273371666
2283,-0.390132240525702,-2.009291205383287,-1.336594862852488
2284,1.1020373000254997,1.2003190095107694,0.7616913366888807
2285,0.7731246989660759,-0.8281607439339428,-0.2807408185396203
2286,-2.2635563011288875,-2.1654755946347763,-1.4242275680408931
2287,-0.3082612683780892,-0.3552437961066302,-0.835389044200563
2288,-2.5036710395697925,-2.961235122042229,-2.262690602629536
2289,-2.2192822828723604,-3.035655790810511,-3.3778891991463738
2290,-1.0212053149406066,-2.7904533586082065,-0.9511915402709046
2291,-0.678940355781344,0.7247059542470803,0.4574813250926725
2292,0.8547068778622832,0.9935986451161498,0.1000244922887505
2293,2.3686734722439957,2.274965051416701,-1.5668838586915534
2294,-2.256871201301526,0.2916665483912997,-1.2729775606533715
2295,-0.137910744237741,-0.9633180089141148,-1.87597464439788
2296,0.1739971482723585,0.7091052138419169,1.0953899606946196
2297,-1.8542830128539525,-1.4691059722667414,-1.8943254527948343
2298,1.0156660153312589,-0.2467413138715211,-0.0230383720567182
2299,-1.54050507753525,0.1108264315308758,-0.691804400689581
2300,1.1887189539503302,1.0480145763190778,1.2967457472292847
2301,1.4176924649333886,-0.742974096789574,-0.3152915817395702
2302,-0.5471329692454667,0.8126559556535258,-0.2020305830624229
2303,-0.7878107506271534,-0.0857401024157002,-0.2531479357492123
2304,-1.3329557815634363,-0.3667480224890702,-0.5302141977556152
2305,-0.5715226480308495,-1.257260529595077,-0.5002440197634018
2306,-0.7271787392655602,-2.004714489892736,-2.0557766031043085
2307,0.4724638115020408,-0.1762890651728266,-1.1833729297670623
2308,-0.2311083008693942,0.0093336299416229,-1.4997308951456825
2309,-0.7485009785144138,-0.5396398682517588,-0.7332111969414677
2310,-1.3878920838460749,-0.3251662818067157,0.4235602909431086
2311,-0.2914239062251874,-0.6672049666239932,-2.109275020234537
2312,0.806974609197162,1.2290128642474252,0.8526740650471327
2313,-1.1590827113757474,-1.544360499848772,-1.1634419126258604
2314,-0.2338482698602406,-1.4925438155930777,-1.853456079463296
2315,-0.3972166939945168,-0.7485849255924102,-0.7098845654136039
2316,-1.9727286999370348,-2.11484302976195,-2.214976674380924
2317,1.5327051130428833,1.8483450205822003,1.551315181326261
2318,0.7595420544878029,1.3139286730840745,1.3175644680812229
2319,-1.538245228937993,-0.4707150192329048,-2.789529568355128
2320,-1.0695852218064994,-0.6064742328989056,-2.415746246005437
2321,-1.7729305583491486,-2.0712611230618765,-1.688021572423751
2322,-1.2202588212002417,-0.8933112624915578,-1.7236512592237934
2323,-0.1972915185726497,2.8104269105815862,-1.5299890934483895
2324,0.369912607894682,1.5059309589829415,-1.9771472365664704
2325,1.9427043466118703,2.3397800248695293,0.7667998177638988
2326,0.4778703320748965,-0.2510038732344508,0.1008933985391432
2327,-1.56402607331167,-1.4299703342089334,-0.9595690313546194
2328,-1.968056183761551,-2.1519481663498183,-2.058944051574288
2329,-2.497854954595198,-2.1602821813511883,-2.30088109615173
2330,-0.6394058771690397,-1.6872118627011747,-1.731513318898059
2331,-0.514175044937653,-0.9354513228815484,-0.2676059644041827
2332,-2.7876305841193685,-2.16680654102819,-2.892525320587737
2333,1.138515910257606,0.4703637468457097,0.7070559680816496
2334,-2.3599626234512554,-1.3686448083002871,0.3824557202168461
2335,-0.4706534253945932,-1.8150634247615265,-2.1038927710206305
2336,-1.1012818150299784,-0.6427765443869315,0.3441996819560204
2337,-1.6370820269826531,-2.3494128479378564,-2.119789849639151
2338,-0.1370521691200622,-0.3577384914986924,0.5039840784001786
2339,3.0718639769919807,2.6212070862086163,3.286231652204101
2340,-0.4275041237457965,0.1177408677283851,-0.252822667453015
2341,2.4010668032366422,2.1004991348951347,2.664208283224769
2342,-0.3947358177407456,-0.5393286733865685,0.3316698233169459
2343,-0.596819921506353,0.8520623687526762,0.7060339912369314
2344,0.2973439320449109,1.489796173766556,-0.409762475305737
2345,0.4563727898842988,0.8274278889840335,0.9186071824666092
2346,0.4867111596613668,-0.608736251945703,0.5756588802280841
2347,2.0642936034931805,0.9944136187929348,0.6650577769159524
2348,-1.1309842164770234,-1.1725450317290615,-1.9691326229965904
2349,-2.35136621086905,-2.6026265846587213,-2.5055958518089025
2350,-1.6047681421535989,-1.78155098845258,-1.311739566478589
2351,-1.9232910758099124,-1.6272173508218326,-0.1185778564802544
2352,-0.0610239566955501,0.5694841629791781,-0.3081199672432316
2353,0.2241685809156053,-0.7306464481059888,-0.915073938692283
2354,-1.818117657890609,0.8157285496125051,1.6129791893868346
2355,0.6963362806705077,1.5444341181564754,0.3484841607746778
2356,-1.5981152610281384,-1.0831636714535102,-0.605351171913689
2357,0.5760895091490804,-0.7679544468358862,-0.8058776557628001
2358,-2.246917848381147,-2.939979780348813,-2.8273460789333167
2359,-2.3004608828550417,-2.6312561642838475,-3.443589023271969
2360,0.4748360436172671,0.0292496749253183,0.3376768020064417
2361,-0.9153054113677253,-1.1497314754499122,-0.5428065297861504
2362,-0.5737301238178067,-1.0104664642068937,-1.275820182624938
2363,-1.6087383402119275,-0.3266360390073443,-0.6097606287704423
2364,-2.454912215794697,-0.8592250930228679,0.1392143851507207
2365,1.188261921225065,2.564318797670775,1.158531953340999
2366,0.0286634070585047,0.256391617140604,0.1790041542374608
2367,-1.8990578315701232,-2.639378514078517,-2.201484187754883
2368,1.6911455244954727,0.2487111019050172,0.8694858332062023
2369,1.3220097798807902,2.5350118476240526,2.125710115777532
2370,-1.0438725558692397,-0.671067500679757,-1.6714536898766628
2371,1.0417498410983828,0.8027687218651874,0.7562114541617133
2372,-0.8415820871285744,-0.7097795829901824,-1.4092187252294968
2373,1.7879055154931638,-1.290847647580958,-2.9604238524516786
2374,2.4965406881793584,1.5801929652359143,1.9059519824795657
2375,0.90875805358771,0.3178610517821432,0.8232391437766313
2376,-1.5877401806532554,-1.5840947536036332,-1.04691543097802
2377,-2.777474758994259,-2.429892740704119,-2.164269547113668
2378,-2.1019304499928184,-3.1684496994984173,-2.564930745973846
2379,0.4350005513235695,-1.2302448298347732,-1.8631982468117367
2380,2.8766522865246715,2.667891731947528,3.02562821365405
2381,-0.816614336534159,0.4300968113136487,1.477958015501864
2382,1.6513047636762872,2.4743266802479167,0.9934137741615208
2383,-1.4108839590178142,-1.898220871372608,-1.5994827130227822
2384,0.8077555876905084,-0.2033185953253537,1.6634363558285377
2385,0.2618713993527471,2.4475505329393883,1.9932568507232773
2386,-0.3037031911190881,0.7523083624861902,-1.8709909336646984
2387,-2.258511121115698,-0.4199551093296978,-0.552252278951376
2388,-1.199051810237939,0.123648790754271,0.5195101620358733
2389,-1.5034202178981306,-1.2018132218763118,-1.31398712959081
2390,-1.1721432044282627,-1.8975260729726464,-2.427845645878378
2391,-1.013701135442723,-2.074188601847339,-1.5585043602022588
2392,-1.6250200033938005,-1.2653584324663092,0.3657140998572726
2393,-1.9188181867367784,0.9144489832089494,2.139360014276984
2394,-1.0245683385124251,-0.570033558329755,-1.065041942971032
2395,0.1716245942549812,-2.470316389824885,0.0785217409207679
2396,-2.938539588864859,-3.1991181146942567,-2.8001029254823804
2397,0.0923532373354879,-0.9365749274611822,-1.8103003713352064
2398,3.7264834872129207,3.181793358302454,3.578386656909563
2399,1.4803328891772591,2.574976695443532,2.8566383235890704
2400,-0.8674390806603746,-0.6583432545498142,-1.4966301086028193
2401,-1.3762384170138469,-1.7778903114636522,-2.0162626893073963
2402,-1.7705722010329248,-1.8544924931760032,-2.0744169559996446
2403,0.594970482774047,0.209559631959615,1.0025834933407027
2404,-0.7241506562993386,-1.5390675906314049,0.6106390579697857
2405,1.4010108390566025,1.0446016803430809,0.0052280500722403
2406,-1.0138857818728066,-1.890802226222223,0.2909256626487462
2407,-0.4469873355441258,-0.9054721069905084,-0.6957170331886572
2408,3.5270262517350512,3.1244557291824258,3.567743885114969
2409,-2.007005546034738,-3.361360897161066,-2.751836485740306
2410,0.566289824845167,-1.855684927370334,-1.0274714659369344
2411,-2.3409132603541782,-0.1679245846470019,-0.9975037602448936
2412,-1.4416026194813951,-2.463368255356104,1.1344524359657913
2413,-0.0238511943343714,-1.2181086145770303,0.7154656303223407
2414,-0.5596796692211777,1.3359652168165037,0.2115738063408068
2415,-0.7579219734450501,-2.5549454121738058,-1.9373628363332551
2416,0.2288885953304733,0.5229591127351298,0.2978149863909727
2417,1.5571009073056743,-0.2954419211003911,0.9957626461337185
2418,-0.6236927610685408,0.5736000035261185,0.7625879669923038
2419,1.8353038986637251,2.620364995202034,-0.2036423722759991
2420,2.3669369580704864,-0.9778081336122512,-1.5648632648758236
2421,-0.4186500554707982,-1.4292520726764586,-1.7104469206351465
2422,0.2003649376488654,-0.8262390013780672,0.4687965404923712
2423,0.8649208107744991,1.4512753377407257,0.6472758489282128
2424,-0.705442893825246,1.78626696925015,-0.5985884394954085
2425,0.3415421898431583,-0.9763613171918936,-0.0245200018780216
2426,-2.1673631605866497,-1.8958208916956731,-1.1330817169983285
2427,2.710773317308893,2.4368943306730557,2.882837480614381
2428,0.8541252130034056,1.1855910839957686,-0.0507100402536901
2429,-0.8364833310203368,-1.7682741987114,-1.8081027417458644
2430,1.9923194424515367,2.149483318079378,2.5766808642967627
2431,1.739999645255567,0.9028198318925078,0.4765567701469015
2432,-1.5217428820428152,-0.7264520830427295,-0.5415316262786002
2433,1.4116937425256928,-0.2419027849191465,0.6063031556951767
2434,-2.494362040151355,-2.8031639804038044,-3.1749120076924835
2435,0.5211647079768492,1.2457636476511722,1.5016592360630387
2436,-0.8149877586419945,0.594813031274478,1.829257911934044
2437,0.9059190592931304,0.8015662677110785,1.0633870989395762
2438,0.9506703401211856,0.7560673513957425,0.4364330365334136
2439,-2.7409650409461803,-1.3482583484115795,-0.701038971828894
2440,-0.0585385823454706,-0.8334193419081344,-0.547194428875508
2441,0.1957939953221636,-0.4948836358433905,-0.8970052753528953
2442,-0.6532315620708278,-1.7638566910387,-0.3727405544758979
2443,2.1331633526760148,2.285567911755683,1.9469871543385333
2444,-0.1622242555230177,-0.8148973379018882,-2.030142241125717
2445,-0.2788452853849097,-0.6046051825405367,0.1565636107684065
2446,-0.5647236269088396,2.35487685861768,-1.4012929260389375
2447,0.5152611998037812,-0.0225863563621928,-1.4525354485183326
2448,-1.604845805960101,-1.4300109863576491,0.4771063304341939
2449,-2.244292699108228,-3.2409924585084,-2.8693296066989857
2450,-1.018667539400244,-1.941638807863932,-0.950853800572409
2451,0.8554762266910098,0.4416346183353279,-1.860876452411378
2452,-1.198153683169064,2.1335119613584177,-1.5282668280373115
2453,2.026720193404416,-0.9525892253840808,-1.1311120779427504
2454,0.904459753172357,-0.6559814829882975,0.1340985194513812
2455,-3.0247488109637004,-2.241538691945316,-2.00079500998737
2456,-1.3081017016797656,-1.6894985476760571,-1.690239728017696
2457,0.7124357703154113,-0.4305467985609807,-0.1688072639843757
2458,0.0035525540950972,-0.0507403995076904,0.5652626416518387
2459,0.1377363722986198,-0.2800768256075729,-0.1875106066875546
2460,-0.2587944703733015,-0.3196814783299045,-0.3668978605198155
2461,1.5806523966089212,1.4938528344793225,1.1074340934775715
2462,-2.0261338627451493,-2.1544849072848224,-2.406153953871656
2463,0.4785369827182234,-0.906400970337027,-0.3534673350546977
2464,-1.232981428402956,-0.5395078303289216,-1.5914256215462292
2465,-1.508746011367964,-1.7139961490847433,-1.2733438916661155
2466,1.1390817115317011,0.8115693230241107,1.0577513302793906
2467,-0.1256261519147398,-1.0490606167603287,-0.7943557139401426
2468,0.2220547493902413,-2.065800277551012,0.1773466993919773
2469,2.1726008932539607,2.15127538658498,2.9692044697347675
2470,-1.9624683907499136,-1.779781183639023,-1.9666222792056545
2471,1.972563026559716,1.5119897774357245,1.5454016109772957
2472,-1.641218234369365,-2.5081094474348857,-2.2519390899378102
2473,-1.4214037787808704,-0.1450426434802539,-0.7652640968868936
2474,0.2194887224834915,1.6262640686159229,1.84912720679206
2475,-0.6083866326948577,-0.6879904709927626,-0.7100439040230411
2476,-0.0209181074726172,-2.309332859894325,-0.1875675562562609
2477,-0.2789247346826408,-1.025726288052215,-0.5151101471359127
2478,-0.8637945105749727,-2.207300092506978,-0.9355470092550195
2479,-0.8040791131297226,1.3438750328093512,2.2937286270676176
2480,-2.7037408710933155,-3.0158908191338605,-1.3846851755028295
2481,-2.60244674440679,-2.353539341254738,1.3226595865172224
2482,0.9060860651469794,1.106476162639829,0.0904420973936163
2483,0.4333092829536848,-0.4215448207064628,-0.7439058632752028
2484,0.5225224133248881,2.124330435063776,0.2119237088252169
2485,-1.4787036446908397,-1.6907365152150715,-1.0312688642658816
2486,-0.877507476767406,-1.599487337102529,-1.365153520584887
2487,2.272364770095251,2.015986108757694,3.044667738517445
2488,2.308694029206689,1.104686539002483,1.5376264608122745
2489,1.9781073176826385,1.1893073599837083,0.7789784570893977
2490,-1.724113916044678,-2.209066455402504,-2.5983217558404776
2491,2.634061419526405,2.704101191019487,3.3406712992013152
2492,-1.4735265772353745,-2.3239222478232557,1.516300455272389
2493,1.4921882756641485,2.100271743233205,1.3338571493672504
2494,1.044872229494013,0.7068241901591198,-0.5918925532134046
2495,2.356967818112067,2.220198243004842,2.290106750627237
2496,-0.3578586864624514,-0.6815582684661855,-0.612883916382835
2497,1.2604256244661758,0.8616532928932695,-0.0492308302602562
2498,1.0780354251869222,1.2291671522397272,0.991620271907834
2499,-2.0320574950005983,-2.5463343572620487,-2.1716619031397584
2500,-0.835707551657154,-1.239974544499279,-1.11886815300284
2501,-0.3911769013538676,0.5759657348644731,0.1670273480031925
2502,0.2613865272215802,0.62230319005195,0.7653150488487537
2503,-0.2407592047512602,-0.305560204893446,0.4701982622355901
2504,-0.7263077336528801,-0.7359824903396066,-0.4786690253492636
2505,1.148609163763351,1.1506066812701987,1.0471203511083889
2506,-2.83235078490535,-1.7785336282202742,-1.9672642017017252
2507,1.3202110878667055,1.6192564456292995,2.634831040405842
2508,-0.8521849576594284,0.0438980518661016,-0.302558097044249
2509,-2.3003619621451423,-2.2516868995181127,-2.752485452188272
2510,-0.9864231542857788,-0.4433033242591828,-0.6819994535012462
2511,-0.2508579334653331,-0.0023553689258389,0.0360604873454213
2512,2.882983585650363,2.6447644211687726,3.133279957441827
2513,1.0745643925198294,1.0346391686807728,1.1151981952779584
2514,0.1583878021163429,-0.8144511303317461,-1.1637794818840508
2515,-1.5628781051718104,-0.8435060546232657,-0.6419965692052245
2516,-0.9354539340369148,-0.8793787848220569,-1.5524562290877115
2517,2.8956949664802054,2.7178594115540275,2.8008332381263545
2518,3.053463877978902,2.891360515394437,3.132169724206147
2519,0.5708629486171812,-2.314056070679648,-0.8253865149566045
2520,3.63383167714307,3.302308379610007,3.536365060083367
2521,-1.5821665830109932,-1.0819164093044242,-2.831092149875317
2522,-0.345280839343892,0.9133795968542616,1.2660803455834322
2523,0.6177614730754502,1.2297472168050316,0.1664393400099263
2524,2.145753700136531,2.819513088349183,0.7571774465677931
2525,-0.3460455538981809,-1.0417539395703177,0.3054726532580993
2526,1.9740807440948935,2.2897872311461462,1.135042441286676
2527,-0.4801881114315072,2.199504780816155,2.2961867135392797
2528,0.4774229562281131,0.0600344221037804,0.5107113600594397
2529,1.105401496813286,1.535869921865222,1.3638426723597386
2530,0.4751109773555773,-0.4303243196450123,-0.3990362416986491
2531,-1.439379463491529,0.9271358592516006,0.3454094342253211
2532,1.780101955158469,2.17886409995035,2.104997568187376
2533,-0.2534611502415267,0.9630292209885234,1.6561990312121164
2534,-0.2458603613279048,1.3151460913619597,-1.1620900278499566
2535,-0.4403015704368862,0.9022530849268342,-0.8772972734581019
2536,1.0947871773090274,0.7648089821410251,-0.3162614303705223
2537,-1.09179813780142,-0.577171034670726,-1.415607929785129
2538,-2.0572205973175284,1.5566231737635692,-0.9568939564825996
2539,-0.5702003039393947,-1.8525561301093327,-0.4988891081036815
2540,-0.5777854863317962,-0.9527104303895522,-1.0844452650028384
2541,0.227021562178024,0.2564767136160878,0.3013713387745035
2542,-0.5936077493619796,-1.0212657355629506,-0.5244308296421389
2543,0.670245663344233,-1.0349266622925006,-0.8941861496094388
2544,-1.9436289940537708,-2.848897059418321,-2.166633160153697
2545,-2.109897301484135,-2.494467841834123,-2.1584512571129
2546,-1.4351378897340694,-1.64420400284992,0.2173239010895578
2547,1.73392919119476,3.055533045362816,3.460247502775076
2548,-0.9876714002533812,-3.0744619604554484,-0.1839665768055625
2549,3.25011811604183,2.92355831325922,3.657596324217809
2550,1.0857290120631964,0.0887358657561511,2.260260027646316
2551,0.857472558821643,0.8529435454055917,-1.7754735528943923
2552,-2.111472663259152,-1.6037309662877024,-1.3943103907049883
2553,-1.898520277271544,-1.897247971420677,-2.3293905231560466
2554,2.6295296456412927,2.201291973430611,1.3951106377266744
2555,-1.653043964275328,-2.7793056769662035,-2.211893663962184
2556,-1.9932177152063544,-2.45559586302437,-2.418293543160544
2557,0.6669039014697417,0.899126813340879,1.5240803046314255
2558,-0.6457103870427823,-2.4767483144375224,-1.4887376152825262
2559,0.6438561553474533,0.6371973254968682,-0.0135959249638117
2560,-0.3036961224991995,0.0426864567703495,-0.1706364520522773
2561,1.349758794250074,0.9444903033936268,0.375102960011105
2562,-0.2032166615793197,0.3047813866284357,0.4290082552821115
2563,-0.1420239529147617,-2.211934437460598,-0.5947513093908693
2564,0.2606832135792581,0.9604286075262346,1.2087247499555656
2565,-1.984897750983848,-2.357619964340131,-2.6570982892698063
2566,0.4257220352256984,-0.2388943286673017,-0.3572975650037886
2567,0.2258990167998239,-0.052634276814899,0.1339007165867974
2568,1.5520341782848937,1.4253149992032608,1.5738091680329307
2569,-0.3505900446014057,1.4823059139115065,-0.9431227495302102
2570,-0.8308296225063494,0.3480175254689377,0.3186921575325209
2571,-0.265999346324178,-0.6989715607355693,-0.1123177482201966
2572,1.992206317779764,1.2693112685476822,1.7127096529630528
2573,-0.9672219593946144,-0.4621972073890453,-1.080282854248277
2574,-0.6845590921212523,-0.8493984537878367,-0.7693481013422345
2575,2.005967408861782,1.3632146929613056,3.461597664075361
2576,1.0064349266812262,2.5327644815143406,1.866009282149792
2577,0.389751679316789,1.7598195478014105,-0.9595393642825524
2578,-0.1555563064386876,-0.345076695168795,-0.5594991140063341
2579,2.51588115050462,1.8221672717811324,1.7028374375332145
2580,1.761307325762136,2.363298985756781,2.5920062848463865
2581,0.0819676998666761,-1.0833398753529402,0.3339144092230928
2582,0.0367426493251799,0.2501214064906072,-0.7934235625158775
2583,1.650125992891048,0.8533477612484958,1.4403970677265807
2584,-2.0752681344294035,-2.0305707296783924,0.5941136211020341
2585,-1.249800011099785,-0.9188018431252748,-0.2352299253188965
2586,3.2200947882288173,3.1660892111789565,3.533897303854585
2587,0.0286135450415587,-0.7202350165787527,-0.1217484499709063
2588,0.9637946594564092,1.96346780294915,1.890882973372611
2589,0.0588120607380781,0.0934764614361912,-1.0569859824299703
2590,1.958696474509039,0.7856432278871909,0.8278596288567832
2591,-0.0310875317632213,-2.349237102074872,-1.0745781943224406
2592,-0.8311763821867378,-1.3010971344826834,0.6883386232220955
2593,0.2363615216694745,-0.9179199187690796,-1.354884337477349
2594,1.6448207663683028,0.9003052960793574,0.9031951556709876
2595,-1.546170187294147,-0.8368340104614983,-2.206375311400049
2596,-0.4987973277468853,-0.5137888858743789,-1.7978593818579998
2597,-1.5225171212782,-1.093438234198974,-0.7146672658365852
2598,-2.269091211236713,-0.8008834878981071,-2.5965731921710007
2599,-0.2458731024606077,-2.02825990590683,-1.936650186374894
2600,1.139144595417846,2.845177996977946,1.4610987536297757
2601,0.3996686245048279,-0.8650686891115568,-0.5704487007999758
2602,-0.8690637468503019,-1.262688305034229,-1.0402852261572626
2603,-0.1653370122688297,-0.5660631929355742,-0.1763390413201852
2604,0.6959014426759904,0.8227304696250478,1.1159227936535672
2605,0.0111791278967109,-0.8165979376600102,-0.4103150076323072
2606,0.5209608673339693,0.5678101630848612,0.8514112020983952
2607,-1.6105337089888014,-2.111653231609269,-1.170578195829395
2608,1.9478902405172236,2.115430244394566,2.3834361483630757
2609,0.6653534114191311,0.6710178740942665,0.432882133911236
2610,-0.7698761229360439,-0.1948537538833625,-1.7204894008056608
2611,-2.3361660763927072,-0.7919126340051921,-1.049228144175521
2612,0.1890565811670349,0.1754069851497375,-0.380417557586738
2613,1.1513192494417996,1.8710538021695424,1.2131612332717374
2614,0.1702433254348444,0.7393057320394597,1.102681051125856
2615,-1.7582326302810996,0.0724817772062742,0.6149283084762304
2616,-1.511476898772521,-1.5538508784558378,-3.382214810989454
2617,-1.0064648647145635,0.248742733335149,-0.3865992628726397
2618,0.8571989183573903,-1.014106654405583,-1.3581415607098868
2619,-1.7843544091679118,-0.5038566846780567,0.8027001592860098
2620,-2.1495808511699077,0.0696225587930859,-0.3905028887803425
2621,-0.7885518393500162,-0.2324029818875043,-0.4186513966426617
2622,0.7171801681377447,-0.4517963251434717,-0.170478523448874
2623,-1.3272996015075984,-2.3132060115676385,-3.657484760620232
2624,0.5760785067594439,-0.4306804810076431,-2.2648314987686
2625,1.03463533303625,0.952513845361346,1.1958727424631284
2626,0.063121176908954,-1.2840624341381914,-0.7356932537935557
2627,-0.7873268389453577,-2.1959895141627284,-2.0726503032576185
2628,0.9501492645194354,0.3074683116340143,-0.0904936229140754
2629,0.0924147001776452,0.5679915606198526,0.569770686059101
2630,-0.1948225494687971,1.3037024486321993,-0.1604359120857448
2631,-0.2144749101171127,-1.5566981291191002,-2.571655472122645
2632,0.5183012040407016,-0.3025827258366508,0.6598308034275135
2633,0.1153681632244007,-0.6651254092577259,-0.5215325117924903
2634,-0.0101933601830212,-0.296936544697342,-1.1985774618686216
2635,1.704435209103158,2.548347850755788,2.838158772104669
2636,-0.0462228754538477,-0.244275522921787,-0.9595766732453
2637,-0.9851185598367684,-2.076662066911119,-1.5411194616577968
2638,-2.213565134697748,-2.4134251743503508,-2.114409325942514
2639,1.1626428617649738,1.354467392813716,1.2341450291389555
2640,-1.7154482724387352,-1.428058185868542,-1.8459022307275943
2641,-2.988763538026624,-2.7207083924117352,-3.047510946418086
2642,-1.584300056398817,-0.211701255633347,-0.1504183782139283
2643,-1.0848505213720732,-2.4336300462896365,-1.4971332776712838
2644,-1.4049632444712856,0.8182075933511551,-1.4972420405034936
2645,1.8573308883247084,2.031452960284723,0.0938645483203764
2646,-1.647398825346894,1.4297378553053168,-2.5298101695152777
2647,-0.9869849515905968,-1.9148704323265875,-1.6811889238870652
2648,-1.3067895909613565,-1.2970956917135177,-1.7336020824163456
2649,1.6117417826184977,1.642691711087,1.286231728003296
2650,-1.3856581572618594,0.4674744408818592,-0.0118979114087601
2651,-1.6039354450615937,-3.000299351742375,-2.4919814638472184
2652,1.969499929307298,1.6198272509911271,2.0055527386774803
2653,1.194485662397063,0.3929813228185287,0.7125877902140231
2654,1.0284673910172488,0.3308019523370986,-0.6401218529728903
2655,-1.181010000493114,-2.0984415403476504,-2.301997561129721
2656,0.8274891263701312,1.864150805399232,2.194192727897598
2657,3.636641554121751,3.540139605406027,4.052593571255595
2658,-0.7716608160897066,-1.1195279387627834,-0.669808993772964
2659,1.1505359618598814,1.4393401118599656,2.115986026009847
2660,0.0152433663418799,-0.7425919523091029,0.8076439149193902
2661,1.3084477876476703,1.2831890108074684,1.5980025055517435
2662,0.8073499104565659,-0.7803586246206842,-1.4417577186323438
2663,-0.0160163312064041,0.7796559749775698,1.23610802304886
2664,-1.120060028377185,-1.4105259770557252,-1.0571246178695617
2665,2.9793677673110515,2.7299776350617098,3.057550465120382
2666,-0.876119255932163,-1.0511784157344786,-0.4017438733851317
2667,1.2523828419669871,1.71300652085499,1.7794599647191436
2668,-0.1112781267149339,-1.3585102140743572,0.8239658122944192
2669,2.005111534162316,0.5714703905632332,3.036832550868392
2670,-0.0753403581582386,-0.2586168423193772,0.0745884300201699
2671,0.6212976266459128,0.6708127959430877,-0.0902866016413577
2672,1.14106714491408,0.7183997261363162,0.9081510425719778
2673,-2.4538778241633614,-1.8301261802784357,-2.4009397466575506
2674,0.711351079955462,1.5150956943664071,0.3848480081565073
2675,-1.2473514932532364,-2.270125864367022,-1.6619291750011689
2676,-1.43032648848287,1.7965612381148497,2.299441382981943
2677,-0.0527414603163943,-1.4811007342243216,-1.521250230454895
2678,0.7567527218235756,-0.6940147683766309,-0.5721341293002793
2679,-0.6065534366637385,-0.1207894875109513,-1.3930796131348486
2680,1.3475533706129288,0.6474296252087628,1.0119827683649938
2681,0.6123906619922708,1.829117234030512,0.9933989956488
2682,-1.086444339559745,-1.598276916997625,0.4578212762746847
2683,-2.4490112158884214,-1.9698758898947557,-2.1127383406057416
2684,-0.5859622702765981,-0.4886853614001246,-1.8421780436221
2685,0.2161459637534306,-0.72261748520839,-1.5268269191519956
2686,-1.1546099465932482,-1.6264153098306673,0.8063104852753153
2687,-1.7679939373254587,-2.821437545978776,-2.680715302493124
2688,1.456258561586638,2.1360634998735963,1.4206658459799533
2689,-1.3249061840241103,0.0933878086321893,-0.0109771465289312
2690,-0.432098785936464,-1.5154335284790492,-1.2260252996840155
2691,2.827695449899677,2.7523914096182267,3.3023043108209422
2692,2.7741432110103768,2.7605834875982795,1.786216794914559
2693,0.4649835713973678,1.3308916037535987,1.1502199988467607
2694,0.3834396453432689,0.7156142181246677,1.244322938138209
2695,-0.2196247240224557,0.4049093465695297,-1.4689398636925766
2696,2.487085293723248,2.644080979671554,2.5724426710570047
2697,-1.853343962644896,1.7405394765526474,2.3566840829659257
2698,-0.6095517021990827,-0.6152659410403616,-0.572583136630291
2699,0.4350373329857818,0.5181321452066754,2.56266091462806
2700,0.1344378210627764,2.213896935573358,0.9010881746734783
2701,0.5723635071152932,0.4774277554458698,0.5251460667191264
2702,-0.550610262839602,-0.0980299305161587,-0.1289090687805982
2703,1.493116715776604,-0.2077183106385487,0.5209878069668497
2704,-0.861762265936457,-1.1283622378274507,-1.2426032571576984
2705,-0.0164750465064419,-1.4019545785684604,-0.9713238348404916
2706,-1.6088411234058455,-2.757178044996768,-1.5601877823746972
2707,0.4777855908112878,-0.7144781857823611,-1.1390810052850058
2708,0.9420916095010574,-0.4990745148264029,0.1336618948580367
2709,-1.1037362628645646,-0.0848725698750754,2.0818727833349997
2710,-1.4447607348677771,-2.341083409095192,-2.255556770767782
2711,-1.2850597089626816,-1.9601740496032023,-1.6783109077963525
2712,-3.0757234022640723,-2.0509922283874498,-3.4679942618350146
2713,-2.2063865719829967,-2.716171069764848,-1.9685457758587084
2714,-0.6819053885837311,-0.9613334254993714,-0.8216429994738768
2715,2.87752389228222,2.5621307468263788,2.979994299639809
2716,-1.4447171559112248,0.2061877131681956,1.1027465090780595
2717,1.2565354912284172,1.9503212318801728,2.162271051301445
2718,1.3192338612770966,1.9750934821010384,2.5540846910432866
2719,0.7701849004167043,2.0293906282582945,2.270045128988305
2720,0.9982823351918462,-0.7552790136387073,0.0393546773468956
2721,0.2165209834802441,-1.5856979416793375,-2.031409465141113
2722,2.2260220486572395,0.950518410299716,1.5466557169852253
2723,-0.943483208756361,-0.4124772980779808,0.1659580358914029
2724,-1.0992659319861775,1.255677660612174,2.072601804896957
2725,1.1023978292924173,0.5717873261950045,0.6604404522321967
2726,2.3808865912152477,2.7839059261004224,3.253021771607429
2727,1.0869695960369048,1.0864612919006502,-0.1290772726551673
2728,-1.903507517655931,-2.646844483329303,-1.2587827164053045
2729,2.820291042364468,2.495022546716972,2.171205319221695
2730,2.209579581420138,2.2928305082753635,1.6403423496667515
2731,0.3533650184300914,0.2309356449684326,0.2117231553825516
2732,-2.0152629824636983,-2.3456851034234183,-1.3165538730338378
2733,-0.6244773238253709,2.4902500311802096,-0.3007038050182889
2734,-1.4745233742779542,-0.2744473063471926,1.1754441097771076
2735,0.1906539817891796,1.2085567454289707,1.943052591030627
2736,2.381816922033776,2.229014579669485,2.616382545022263
2737,-0.4496709948986803,-0.0253578685185448,-0.7490196403894906
2738,0.4795639542210683,1.1351641192517865,-0.908556118027018
2739,0.9034834028439191,-1.3854485143261954,-0.6056006562892505
2740,1.004300795118223,-0.5860397780710683,-0.4680811043796493
2741,0.8547265971881529,0.3452193531280296,0.8531844852302948
2742,-0.4016244482082973,-0.368752608622124,-1.818219258393424
2743,2.364608985470585,2.3669505492366243,1.6225390807233022
2744,-0.4782292915245365,-1.3430765291100235,-1.678992898238459
2745,-0.1537091053219718,-0.3976042311687118,-0.2937282369069001
2746,0.918417063758027,1.4589832501096327,0.96178231006557
2747,-1.4860837922664678,-2.564716340590168,-1.5604950081254516
2748,-0.7265088065696308,-1.0538641779700977,-1.259426075866632
2749,-2.5200473324404387,-2.873809651676229,-3.165808901390651
2750,-0.9199618804053186,-2.0548605560766178,-2.6763334682002657
2751,-2.2006550116594874,-2.67417863995651,-2.468672026455295
2752,0.4812524790669908,1.917145636028744,2.3595632657131493
2753,0.5675008136425379,3.0007931928984783,3.0635110223734308
2754,-1.3905762178086074,0.4224950226222038,0.9189967948602068
2755,-2.1733405626139617,-2.3603582003951757,-1.937727513155404
2756,-0.006773347751091,-0.1232987617873849,-2.16417870912498
2757,0.1453216647317275,0.6607179186069976,1.6965779290569534
2758,0.1774671866196535,0.3003068855031,2.2563623383616465
2759,-1.1050843712662315,-2.0292916328439814,-1.5366383626125188
2760,-0.2975074571746776,-1.2839323216034846,-1.5046282479729711
2761,-1.6492168080376832,-2.149775412689124,-2.1955779720680337
2762,-2.4379056448585223,-1.9834354679160224,-2.793951378333751
2763,-1.0479170719871964,-0.5115704602343352,-0.4589602696116005
2764,1.4778120391590053,1.3011478881838203,0.4758726972464522
2765,-2.357102896476209,-2.40718925608702,-1.4602202654918188
2766,-1.2181610573307928,0.4311876287584828,-0.0549442918613006
2767,0.7368132376769464,-0.2357588706090978,-0.3641063427611425
2768,1.976828745617501,1.552334276087206,2.5448717770493503
2769,-1.5075451913826874,0.8442238415305641,-1.4031959796167166
2770,-1.781242881570222,2.301875560369692,-1.9200328364277524
2771,-1.0125219838894952,-0.9894765258825376,-1.1210571415555288
2772,-1.048419274433482,-2.027674212460324,-1.3494889405878705
2773,2.954169745291433,2.5510744454955225,3.262545538579149
2774,-0.1163319162759707,2.1559122608344103,-1.6900227362934377
2775,-2.156280440173845,-1.5835705417194557,-1.1217217128456027
2776,3.17557816452431,3.086120555447028,3.4195504263105367
2777,0.2281252983530868,-0.9270227997429216,-0.1838144224696206
2778,0.2260762480332558,-0.1239254949567172,0.7118474608937386
2779,-2.022525276469834,2.359431479270241,-0.5399817615731312
2780,0.1006820493182097,0.3027745807695247,-0.5762958465549795
2781,0.8300568255527059,-0.5820210818229944,0.3835660108560739
2782,-2.5718330367780884,-1.8955521628835423,-1.8932224872450456
2783,1.587322715828709,0.162127820448921,0.145350852322019
2784,-0.1565149639002922,0.0062944111058061,-0.1564686541333317
2785,0.4332490865355777,0.5787460220650646,-0.2786893649827835
2786,0.8316111354562021,-0.7174313139355245,-0.1559727322074854
2787,1.9585898209289536,0.7197246016722179,0.9162798154948832
2788,-1.5101677754679557,-1.3028839335072988,-1.2426805574269202
2789,0.1114529529643316,-1.37675214456448,-1.9818017602102544
2790,0.5251567114206136,-1.0987614319183396,-0.9842278455201824
2791,-2.6945765218255207,-1.0027781964995603,1.363232833128904
2792,0.2548667330404595,0.9937476660003652,0.949995469771436
2793,-1.558327006110785,-1.4206150006175648,-1.6407452937672262
2794,-2.066084947884154,-2.5514382930572785,-2.299714248213107
2795,-0.9151582338610816,-2.3455093541616496,-2.814910945017493
2796,0.9013999971317348,2.398351471998769,0.6636529603513265
2797,1.6873238348210484,1.5141180863519226,1.237518252870714
2798,0.1786117411304609,-1.2464971559940925,-1.128151458991582
2799,-2.921490394365308,-3.418981385903008,2.456515526466523
2800,0.7138195496586602,-1.0444029623079525,-0.7036809832536405
2801,-1.2907610024827685,-1.1397661153334009,-1.1789810136702603
2802,0.036806457170254,-1.9705559336004397,-1.2424717028581225
2803,-0.5902913611248828,0.7173755085963903,1.016557957824513
2804,-1.1547492472430851,-1.9392638823567256,-1.4718514387906745
2805,0.259601648860899,-0.0858492612566032,0.2508366639966302
2806,2.3879225195884377,1.8317148944133628,-0.0127535963080251
2807,-0.4919210176781674,-0.4562061596152177,-0.1589579416684927
2808,0.7641488135159205,0.1361867265525428,-0.6736975720498944
2809,-1.9589290328181288,-0.4988756047874151,-3.012770041288842
2810,1.905646125076749,1.1897920945961151,1.292758220797784
2811,-1.6864455737771284,-2.528583440146389,-1.717572054706759
2812,0.5712621910959929,-0.3720322321873175,-1.0085412119968846
2813,0.6638665185373221,-0.4803848014327967,-0.4104886497526975
2814,3.0260986992320205,1.7578022589947924,2.659744415033897
2815,1.495836151473203,0.559861432855862,0.5155308752547438
2816,-1.821563862474548,-1.1811777703765154,0.1608435612798919
2817,0.856359727252659,0.4273301566463855,-0.0465633197389177
2818,0.4395520271375093,-1.1068408446797642,-1.692124877105995
2819,0.379243506322977,2.384404016166985,0.8060716957212606
2820,2.009549528445408,1.7342574217072748,1.5012863588950351
2821,-0.3312392097504167,-0.366906791505179,-0.3609699113644634
2822,-0.1609120508902527,1.2451436269953498,-1.2503920183852724
2823,1.81447349099009,1.5060772818354962,1.8643261486404803
2824,0.8563122985385782,1.924964379435461,1.805113725899184
2825,1.0472971605023444,0.1019318061617152,-1.5569086708445397
2826,0.8674321426193429,-0.227351505933205,-0.2676397904483171
2827,-0.9889182747063404,-0.5221527700260145,-0.7197296961349293
2828,-0.1651977102902965,2.301806391042026,2.7121931087715105
2829,-1.1951238223954754,-0.6435619555930981,-1.7974409362365975
2830,0.0414369528672749,-2.106418189506649,-1.6285143679775282
2831,0.1623709711484251,-0.2517736202309518,-0.623686073737524
2832,-1.353736415506145,-1.0596474193273562,-1.11812994998219
2833,1.5712273742524845,1.3525241854226822,-0.8179054583021772
2834,0.6198171454160932,-0.8909793984045368,-1.0547392296278324
2835,0.559653537413144,0.5973783644994074,0.824261725657777
2836,1.506771936752406,0.5352205015789118,-0.0434800360491392
2837,-0.1832648470047971,-1.382244578839616,-1.4520882371939812
2838,-2.455274316484028,-2.163587747115435,-1.3503714854279152
2839,-0.3421972464852141,-1.4198976547899345,-1.075296085173163
2840,1.091647932627812,0.5437340102611901,-0.3402002137819999
2841,1.4321112745963416,0.7102823360015402,-0.2234612976302236
2842,-1.454758007450402,0.3400215914397703,-0.2218982915482432
2843,2.778600812947209,1.77558070448508,1.797991123938004
2844,-2.4863510868797376,-0.5389110130820329,-2.48805107681714
2845,-1.1039732383176806,-1.5923746949645272,-1.35451160322719
2846,0.3001744970439113,0.0222526238808462,-0.8691166049400783
2847,-3.339959795405276,-2.390658430392301,-3.276007089068638
2848,-1.0613130328570692,-0.9451109154506434,-0.86747809656913
2849,3.5651980064647524,3.2400911799776244,3.792142322208943
2850,-0.6961406069067243,-1.0561944867143434,-1.5899989529626086
2851,1.2376010378495894,1.0065427414194263,1.863661368043805
2852,-0.3075159379447038,-0.7059095133673687,-0.7019026070254978
2853,1.0509591814244212,0.7822087832594723,1.4433039397351888
2854,0.2063014105458696,0.084663356905027,0.8271871527564999
2855,-0.0934937048110501,-1.960626676323596,0.3263215966184911
2856,0.1598448222662651,2.12782245096267,2.1329482258021795
2857,2.277912775562718,2.0277288692052937,1.61959356746589
2858,-0.1231941069929535,-0.171953695876439,0.143895870016433
2859,-2.299739589678013,0.3301162463448787,1.0199528928706567
2860,0.3860072840279884,0.94725235639357,0.8206192857544039
2861,0.874490465125144,1.397422535230731,-0.0754016471037732
2862,-1.5620572829293071,-1.4832808399399402,-2.6957952829738465
2863,-0.9174647651152004,-1.528391265176262,-1.445953161254938
2864,-1.0817867434015696,-2.5298560833650083,-2.015345014859316
2865,0.5739114438586389,1.3797987905560083,1.244076070656522
2866,-0.4844126676222483,-0.0492205817797892,0.3416451756872674
2867,2.4223453371570747,2.102033913616903,1.0172045758051889
2868,2.3174287084193264,2.1036204918183348,2.2976059926072367
2869,0.8658147415744876,0.7359213166843039,0.0997807724857741
2870,2.9271134604971523,2.970147135782812,3.0903458563282453
2871,0.8994745010722961,-0.2587642635251948,-0.46457178007596
2872,-0.4368768595767701,-2.7540241238593586,-1.9393607535816133
2873,-2.2567066511115,-2.623305301238102,-3.042845426662049
2874,2.6464843275810823,2.133625316896868,1.9856988787526797
2875,-0.4143273481948269,-1.0572139632735948,-0.1988022812491801
2876,-0.8166100691691389,2.1053583351571485,2.4435028762554403
2877,0.0222968596064183,-0.965794222146832,0.274512817224989
2878,0.760278906502064,1.805587159566988,1.4675696640215814
2879,1.6953355508523145,1.8110052332135531,0.8539252644596578
2880,0.9649180567071204,0.5916835761756732,0.7305071143922828
2881,2.9068146717326098,2.900744725058608,2.906990823007228
2882,0.8520651120587606,0.7526936651787881,0.3267549775377714
2883,2.681550898030683,2.5843013115740896,2.8139834117421296
2884,0.957465045487352,0.3535216852415148,1.270147583085434
2885,2.876623543769757,2.6844563551618377,3.1951214398136827
2886,0.527140698550093,1.8969155225522447,1.4780510696506248
2887,-0.96748697777721,-2.8858589632907656,-2.363918623594958
2888,2.462230411179523,3.0874472371996613,2.9235348041572697
2889,1.2061525912676692,1.1123665280495725,1.0762716002261448
2890,-0.8447720528678935,0.9542240548803032,-1.4882357250927682
2891,0.4632397716783243,2.1833978488458943,2.0229061280226186
2892,1.276253570417951,1.7350255474108978,0.8531401832320454
2893,-2.247749462635877,-0.4844958486343683,-0.2895505877874742
2894,-0.640167880940153,-0.6794774205154671,-1.3908672469168664
2895,-0.1925368314594494,-1.916715197114422,-1.4915939384791186
2896,0.1359777767886702,-2.204482900244226,-1.2116230767068008
2897,-1.130744793523541,0.1638044978571087,0.3898781048116194
2898,-1.1772172377883512,0.5135778607160865,2.0671922833785064
2899,-0.407072824600685,-0.0311089516376975,0.6487462578681966
2900,-1.0342244565587548,1.5680140813003385,1.922276127259336
2901,0.127559807471102,-1.961648781399698,-0.0186963923440455
2902,-1.8002683703742188,-0.6947208953627471,-0.602941700477155
2903,0.3504342475753592,1.3445161515382271,-2.3445106338653905
2904,2.674242954670052,2.3989377640284024,2.578254371100982
2905,-0.8593096283723176,1.286628510179599,1.893529871374771
2906,1.255199081177313,-1.6170784683130093,0.2945168087696524
2907,-0.1973966783440633,-0.7398598961813027,-0.0948710957159736
2908,-0.0041903246870623,0.4331525598191574,0.7118900546376171
2909,-1.6408927123546706,-2.75839293553289,-2.997845082608625
2910,2.348078729655396,1.0411702142675117,1.243752673712259
2911,-1.766948688444942,-0.5149503873953677,-0.2887348946754795
2912,-0.397206106233396,-0.5218103117719444,-0.2844723584573333
2913,2.657759625223392,2.326714125279724,3.036660786060638
2914,-1.7124291726493528,-2.508386021309922,0.9972106936765558
2915,1.546940683680104,2.435367602117765,3.197257880043457
2916,-0.3322438331805158,2.679597965676343,2.177281282076515
2917,0.2463396218084201,-0.8541008209753892,-1.7247686176205332
2918,-1.4608888054108036,-0.8488775958242393,-1.615582379655435
2919,-1.336385913088615,-0.96140027901508,-1.2412711827869376
2920,-2.6463948104155284,-0.2902018130203735,1.5851800571103625
2921,-1.4687020334168106,0.3750342079483024,0.6068467726011136
2922,-1.7148147516203187,0.949318665679244,1.2841221038162058
2923,-2.215767591571665,-1.2461994627712236,-1.2553169650161289
2924,-1.9394979342798448,-1.6820716980771853,-0.9419730881053608
2925,0.3000904927157065,0.3835012085370323,0.7583555819696606
2926,0.3447292104460828,-0.6275122128653279,-0.6147392578117984
2927,0.291895140884266,0.1583418198672645,0.0354741588396493
2928,2.603926565519023,2.75669035931633,2.8337958392729243
2929,1.811990471408852,1.5942784350341506,-0.1495691737409909
2930,-1.4372808151500405,-1.8017148851913272,-1.6728058349644688
2931,0.3438768084404977,2.1733961827200425,1.5062934992807202
2932,-1.5633870749893353,-2.833520184390863,-2.880847391460585
2933,-1.6770145743852414,2.027734621583541,2.66091695789925
2934,-2.110287903577977,-2.929827506175094,-2.8162563281129662
2935,1.6199725865768246,1.2717175919229722,1.010969379085915
2936,-0.5919978624109071,0.5309008083765158,-0.3536191785313357
2937,2.0569397179685502,0.8678873895770756,1.2626680799144698
2938,-0.4385603918887413,1.2718725715635737,0.756023733953423
2939,-1.810157811162104,-2.9981343585550166,-1.9868448119045683
2940,2.520638309515636,2.3759645903003843,1.699574611938029
2941,-0.2352613245531659,0.0778350326483571,-2.2665891277895014
2942,0.849668681788172,-0.5986820167140642,-0.2344540604032497
2943,1.648121006180801,2.35341477995168,1.8480625147063263
2944,1.7399535369261976,0.9688388654841088,1.3706540057557106
2945,0.9530320479370368,1.19775045952588,1.148665963018947
2946,-0.5675415910656185,-0.2975341891684108,0.3411288650597803
2947,-0.6269643147327938,-0.7320027321066224,-0.2075394715216229
2948,1.044361286592017,0.308707898795607,-0.9841783859908914
2949,2.860404775505029,2.6564838895699454,2.7056894930751425
2950,-0.7075775201407161,-0.9679522484109138,1.6481459397819265
2951,0.905093213925708,2.1036857779556755,1.3957787254923115
2952,2.5041340122886044,1.77875275981096,2.028267231007584
2953,0.0734239437236611,0.9507606173751496,-1.885540907458285
2954,-1.0001819832871126,-0.8566375559463998,2.093856239329189
2955,0.4808022867697307,0.4796124111351456,0.712381304203683
2956,-0.0866149342787992,-0.1255923950744157,0.1267564166030304
2957,-1.093018264668453,-1.018780888229431,-0.3699378280342801
2958,1.6169275304050097,0.0049859848687931,0.4308310004346581
2959,-1.9105129909004264,-3.303164457649047,-3.135705945765533
2960,0.9504121686394148,-0.0867464959374693,-0.3899598303873511
2961,-0.6293855251468062,-1.3429480290364044,-0.5871648862236006
2962,0.9017747311083544,0.8560606055645917,0.9044298361651772
2963,-0.8682881110489115,-1.2806101700830446,-1.23045471817142
2964,0.428913584248015,0.1365744744299146,0.4280614481601723
2965,1.002091852976233,-0.510720393198746,-1.0345680101711314
2966,-0.6854654561092258,0.3615165982690784,-2.4058156549505925
2967,0.855768202318014,1.566655117957107,2.504506984417445
2968,1.2262322492003104,2.470270715854834,1.503570496503237
2969,-0.6853055482017467,-1.9689598210271229,-0.590011632899681
2970,0.0242251428998422,1.1130214172028217,-1.8728612054876723
2971,2.566271366359089,2.180037531105454,2.209522356179276
2972,2.568224910515054,2.5211098699215757,2.4812916015241457
2973,-0.5699667245788507,2.2595400025807613,-2.120225725925493
2974,2.9415818081020277,2.007613436341921,2.1006280044740087
2975,0.9940806064006236,-0.96085449894684,-0.7219208545840803
2976,1.94085350744072,2.437163120465361,2.2814458803854074
2977,2.6595987016106912,2.8804824183082047,2.2833260496204333
2978,-0.1313042814605978,1.6121991901259272,-1.1494843326720892
2979,1.0864223979166097,1.9817591062624769,1.966083611446972
2980,-1.275982764749,-2.308088405339104,-1.6229222810768038
2981,0.3907853558307208,0.8108388787625324,0.6155393653541484
2982,-0.1209878423688637,-1.0811607873334097,-0.7881029928958776
2983,-2.1149608467376333,-2.4753920756594483,-2.6582085955461165
2984,0.304084869701294,-0.6112842348994073,-0.5221486347290194
2985,-2.219892550633114,-2.117544516731247,-1.6047152336854194
2986,-0.8079686983846652,-0.1135128762754097,-1.5154663041404826
2987,0.3503008110426762,-0.729333888205995,0.5682065215348419
2988,0.6000019911345067,-2.3881949866885144,-2.25256704729949
2989,-0.1084150467852518,-2.0531988129797667,-1.2822883382034456
2990,0.2567532089022052,2.331857430170447,2.817511055173898
2991,-2.17320181228845,-1.982408044163283,-1.3790816375325434
2992,-1.1570836556484625,-0.0093685829563193,1.8676604406243265
2993,-1.5766151398446628,-1.3251933154338078,-2.062631469361215
2994,-1.2943457848112552,-1.8527215460834665,1.0064456619817108
2995,0.0423879388795417,0.9570497206358451,0.4346646346561543
2996,-1.408626175169967,-0.3744803657544344,0.2211052167641256
2997,-0.783764939861716,-1.3118919793984012,0.1908804124709731
2998,1.582158356369859,0.6886296306685652,1.231578187977713
2999,-1.3618458912582658,-0.9205603409549372,-1.806377023024769
3000,0.3008203690286871,0.2480005436540938,0.1947990124643631
3001,1.4663138845974206,1.5144011343550992,0.6902747777870176
3002,-0.3773882934676151,0.1725754451347244,0.4300881241777149
3003,0.9483297471527276,0.4700791514672735,0.9540004185243602
3004,-1.091023525449628,-0.9863786517648546,0.7073986336080107
3005,0.3967574943934228,-0.0599501990832873,-0.4987599843537842
3006,-0.4438169930828913,0.4241120757223502,-0.2680132285451034
3007,-1.7630303580149678,-1.675583297992717,-2.1052490086794555
3008,-0.8824456355277961,0.7046508772715508,-0.2941972316473863
3009,0.3055960981610977,1.239585403744931,1.9573094040495609
3010,-0.4521902190822246,-2.45806443871409,-1.8098953414949577
3011,0.94985848735429,2.134459569949548,1.2719786460655025
3012,-1.0700875928839293,-2.5781608678000048,-2.10332915806968
3013,-1.4666028556010526,-2.957424748315533,-3.1269608204800097
3014,-0.2839943886207645,-0.1938404501842665,0.0969059799366141
3015,0.816040331755959,1.591062107248388,1.0265618530607032
3016,0.530730883179665,2.1937835598788062,2.1538959142580985
3017,0.3979392742148728,-1.4255682525766342,-0.813039514130058
3018,0.0532273010816975,0.6908829530700485,0.286267158082819
3019,1.7851604644335424,1.9035954160797943,1.442859521381794
3020,-0.2105604365466196,-0.4486322894767137,0.0609647770685868
3021,1.265837763957552,1.944838478174873,3.1417986251399803
3022,-2.031185527639478,-2.0757831979859875,-2.032923491984598
3023,-1.9839016115386312,-2.152488792749866,-2.3980878190661072
3024,-2.077789429409884,-0.9155280245611076,0.6900206023980214
3025,-2.9694855886544365,-2.845786729668766,1.7716642428524605
3026,1.1480137083940267,1.281347659495084,0.1796044711917828
3027,-0.9886574109122286,-0.6655172477254139,-1.2250526523166392
3028,1.1878888483886738,0.6041114232895515,0.738802111347164
3029,-0.8104543951276056,-1.666544025458649,-1.1163149786767723
3030,2.0989089112966157,2.001292435066789,2.165479003879495
3031,-0.4699849269361169,-0.5751562298709411,0.3301081804850997
3032,-2.172644128642677,0.0386162122559754,-1.2681481918670383
3033,1.3387347071114473,1.6504208732399028,1.946427827063262
3034,-0.711881352243266,1.1202884342292303,-1.288050471107904
3035,0.436228468485912,-0.2107494548490361,-1.1390789098376577
3036,0.4848508984762535,0.5230149840036775,0.026525832134231
3037,-0.794461785541107,-0.6718401610254966,-1.8244698281711265
3038,1.7971222052425888,2.3366694595910498,2.1399293244600397
3039,-1.5045652488627712,-1.2029781175261616,0.7109339076641564
3040,1.5331915056205792,1.3730484958265488,2.2644214849835085
3041,-1.8718503322235236,-1.1122879899083078,0.803179915315707
3042,0.6023525024906108,-0.714831408851496,-0.3068676252273393
3043,-1.0286823376252594,-1.866566080569024,0.3263946879732876
3044,-0.349736097651372,-0.25013196845755,-0.9700364390759604
3045,0.7807054371749433,-0.1190471078406321,0.2308793615553386
3046,-0.2412471107521962,-0.3042410736539643,-1.119071073958386
3047,-1.896954447080176,-2.686676741828895,-1.6384123962093735
3048,-1.152684578095122,-1.9617334882676576,-1.8161986285320104
3049,0.2079098676061297,0.6136408444496579,-0.0548235362836628
3050,-2.223575028558292,-2.113907423592994,-2.0639805174849086
3051,0.0525216650234892,-1.658921901909128,-0.4042964074514562
3052,-1.5177689739300964,2.197071635360888,1.569526255266302
3053,-0.313432554816068,-0.527306360928645,0.0263401670968119
3054,1.4990964059259946,0.8117239528886722,0.6589824967489597
3055,-0.8040088516547776,-0.0209482021976368,-1.7334701752949897
3056,-0.957064858993716,-1.7828779473964875,-2.063512350351337
3057,-0.7908475093650998,-2.6710494309042536,-3.0498867897608117
3058,-1.1619384754293849,-1.237359397096251,-1.9364882703535589
3059,-1.2995386689789996,-2.1202183381918265,-2.030270141264824
3060,0.2992989948477034,-0.0637413537780096,-0.4103801763924004
3061,-2.1104571490038992,-1.7156760765481625,-2.260574590309937
3062,2.423148520507153,1.7103661519055913,2.2277400238492207
3063,-1.463086629722436,1.1635291212759165,0.2898866245522949
3064,-0.1352701656019452,2.9313068379646925,0.3557037639691174
3065,-0.5071547123101311,2.3033335642909725,0.5495758029415602
3066,0.244826290531501,1.25108934391114,0.1011090356340325
3067,-1.545148550294651,-0.5917376503243421,-2.0463010800328827
3068,-1.6614457337157844,-2.075531322441284,-3.432290226419839
3069,-0.3258918366309518,-0.0288261039029244,1.616912344248466
3070,-1.7370498700262498,1.4452492353874995,1.9834773742025729
3071,1.1071756519412492,1.1962351658512045,2.204886814515264
3072,2.317429921916303,0.902154366947788,2.117579832938908
3073,-1.4000630417532909,-2.9397167002597704,-2.8725877317072865
3074,-1.147140303472834,-0.7079271359052242,0.6905326120681097
3075,2.801597876249703,2.6330878269096867,2.752144156217321
3076,-3.3546742700739483,-2.566780203625552,0.2990326811976882
3077,1.093230023336511,-0.1791420950606334,-1.0143368196017413
3078,-1.2363446352735918,-0.0871142765336511,-0.5979425030650724
3079,-1.877795496611262,1.667318696705761,1.5220839807552276
3080,-0.7454530986303833,-0.8334396423731587,-0.1356605671528961
3081,0.032992436172813,0.9959067163656352,0.9500647444550157
3082,1.1161411997652253,0.4425991448073762,1.116479074922465
3083,2.085490702870586,2.501015495803556,3.2030889728494665
3084,-3.396916145639286,0.0245806273380983,-3.6154836993730863
3085,-0.8103801429762554,-1.3929319193665826,-1.62942111982613
3086,0.4369217117658888,0.21356934144397,2.4490285723408283
3087,0.8603920602570653,0.393728221434056,0.1227568647078592
3088,0.9599065850813434,0.662859095610701,0.8543647218830763
3089,2.301763918647845,2.645728665866376,2.9359287014386384
3090,1.1556319172252554,-0.9736991020059658,-0.6708888930228811
3091,0.3979296544668935,-1.8735202008968093,-0.9202330106154868
3092,-2.074600237132588,-1.8083600523476184,-1.2446959435366869
3093,-1.7587447140835148,2.119198253390425,-3.763701670616063
3094,-0.4299301899084288,0.6678943625622829,-0.9066830114556962
3095,-2.350802905572514,-2.2528545263089934,-2.1598892510301666
3096,-0.8161570042087506,-1.2615144655292223,-0.6647994832263467
3097,-2.113951352183547,-2.911804014049177,-2.460330230287317
3098,-1.8746846971117583,-1.68980382143886,-1.088731950647721
3099,0.8968803089142035,-0.1589826619044307,-1.4052895988412963
3100,2.250925433610941,1.2824218470187667,1.9100125099388516
3101,1.133885860541186,0.0939857610909837,0.6624712660148959
3102,2.1185300380405296,1.5568225730870564,-1.7185489031162868
3103,2.537986421142495,2.155699012850647,2.5741484264522723
3104,-0.6853574138408532,-0.1657388428798542,-2.391017372453478
3105,2.652567184827209,0.8770366957964679,2.6346964355206355
3106,-2.3869829366338013,-0.4576250371409871,-2.434852218661327
3107,2.0990715877496164,1.6081124732082976,1.8840665646527652
3108,-0.4988270430843108,1.0417730188906358,0.233784380828593
3109,-1.9867526235499016,-1.596835779862746,-0.8826673678096656
3110,-0.1123332906009798,-0.0168395983147968,1.521254091372499
3111,-0.1283943027230077,-1.5729444526340814,-1.2735307695959257
3112,1.7394970395349436,1.3867020815635556,1.487905333451945
3113,-0.6530074767217628,-1.3413645468185271,-1.1066909778031546
3114,-1.6473111618584937,-2.1628196035292504,-2.832049837655154
3115,1.6244573954642687,1.624108351812683,-1.885387932929665
3116,-0.6347064416280452,-0.932913201201827,-0.4780265686161697
3117,2.2774901845010107,2.6189252298039647,2.653059272976387
3118,-1.3612070426313354,-1.190217552248321,-0.6559831533329225
3119,1.914380791448131,1.5459651043864908,1.718472539926297
3120,1.234371492635289,1.7233236451205227,0.8536621783151318
3121,-0.9075727342393084,-0.9181078830762832,-0.2548519127935636
3122,-1.287326461815779,-1.5863374368087824,-1.7129729568776315
3123,0.6939030873066133,2.345657659601517,2.734597134425234
3124,-0.1362349010923015,-0.1063486028402936,0.2852478921923332
3125,0.6110863997486099,2.0054733413781825,2.792431658383167
3126,3.1165353481835254,2.603407522830908,2.141412203647933
3127,2.381950099965536,2.317137469144944,2.8002932319717693
3128,-0.372045339094165,-1.1587133228718876,0.0085088547165451
3129,-0.673658151993375,0.202224003020842,0.3867152643254832
3130,0.8535574535260515,1.4148465248352606,1.488471085301102
3131,-2.011681984882555,-0.4989230027125159,0.4265610515892987
3132,-1.4749743074166275,-1.933932865329387,-2.7460583926898505
3133,-1.0067673902827328,-1.04909593257859,0.1200524116552132
3134,0.7145752767243455,-0.3452337933835815,0.0490622422606501
3135,1.1115253400211156,0.393992052403768,1.0811349644006627
3136,-2.4123014761500228,-2.55658820826244,-1.1500613597466924
3137,-1.410600459762341,-0.7252322102357411,-1.8514826403562543
3138,-0.7582215424694629,-0.5818309847602289,-1.3847735709211038
3139,0.7766619534237035,0.1358609601134852,-0.6586721016099282
3140,0.9076903206614064,0.0831131345641053,0.3742599636548867
3141,1.5898796609813153,2.414981027708059,2.0537743048691373
3142,-0.1264621094461185,-0.959581367346822,0.5663595983114411
3143,0.6707708534722374,0.188077892827791,0.1954693880683879
3144,-0.5471863818443272,0.0560085899437925,-0.6583195401927738
3145,-0.6231631713806569,0.9588250559413884,-0.0682487955798203
3146,0.0474181553404144,1.1408437745818865,0.6062566311501797
3147,0.7623825955371331,0.6686630536644128,0.4243365167926738
3148,-1.2679140961654478,-2.792495692965025,-1.7206891110571536
3149,-0.5177379054640044,-0.56924140447785,0.0575872101894524
3150,0.3059442575817602,-1.1572463247026827,-0.6608132663858213
3151,3.037839071422213,2.3216233384586937,2.799613110931256
3152,-1.9848982022361448,1.091318149356714,-0.0540672395644336
3153,-0.0594821199518192,0.2920724789676466,-0.1904405787883926
3154,-2.520019589903077,-1.4917900631969911,-1.0563862989789752
3155,0.6806019027721257,1.0790157708017505,1.8069763144611888
3156,0.4899618771346637,-0.5949848702650323,0.0865706606821335
3157,0.5275265837381147,0.8003168512239754,0.9004331428361845
3158,-0.4962553810514596,-1.986545146957708,-2.6404260660744345
3159,0.0605593689636134,1.1806605704515138,-0.6940902397751297
3160,1.530471356775385,1.6037930862231946,0.345380362867386
3161,0.8535171654264285,0.387162389590271,0.3454993068805303
3162,-0.974979429696981,-1.3073314844495496,-1.4691131041463856
3163,1.2375896866172214,1.1454567489146414,1.2500507230207918
3164,-0.1144276774941257,-1.083172131633383,-0.6961363082352361
3165,2.3364607661607955,1.8407035764280435,2.302879570870066
3166,0.5153636123471935,-0.4421377501252115,-0.2358167315700431
3167,-2.167205709512875,-1.5881097794053387,-1.1106203516844035
3168,0.9021435061498476,0.7058100707357786,0.5701185377085908
3169,0.7653151661703504,1.5002205814663805,-0.6851788394935896
3170,-0.5717717392986907,-1.7660592268124888,-1.2379088004723604
3171,0.3149748862098136,1.3208379404736388,1.0103049447892554
3172,1.4150389324592831,1.7449576875854225,2.199776931083006
3173,0.9110562815353832,0.0353035034457116,0.0157308863237046
3174,0.4065303795034283,-0.3159698139416815,-1.4207589386551416
3175,-0.1508080974718753,0.9459695156867332,0.7050161637172737
3176,1.4770439502582409,1.40378372021788,-0.5690232879029299
3177,-2.7764421400704977,-3.50610839933655,-3.2506219871298305
3178,1.4199953925069573,-0.0550991318737606,0.2156128096777087
3179,-3.2047271797264414,-2.906170934521154,-3.09270359160984
3180,0.6153617508375604,1.618458570295251,0.7097978071846835
3181,-0.7716469776345699,-1.0874208939749217,-0.5044914557803132
3182,2.771365309634867,2.208011337863394,2.53668568639693
3183,1.2088472337026082,0.2422463299574185,0.5706122330816141
3184,0.9190680500707464,-0.2195737602034885,-0.739716123958146
3185,-0.4360911447182113,-1.644297932376263,-2.2472644101451
3186,1.4830695718756948,0.3052279654374736,0.61933460168852
3187,-2.205490283116083,-2.4513486537647404,-2.495559989113059
3188,0.8547203476787234,-0.3636773667945974,-0.8337299409552624
3189,2.256672354916472,0.4773875945321888,-0.9258515357363124
3190,-0.6372698477956356,-1.710517149270906,-1.4619806896606806
3191,2.501554303573992,2.706971673980614,3.1393481704229926
3192,1.3949296105028366,1.9274598468884288,-1.0927392255398416
3193,-2.741066188530198,-2.6463126824975083,-2.811293906604903
3194,1.0049118992124757,1.0908215453571748,1.777712128263985
3195,-0.7880346845794474,0.5951571675573358,0.4192284781194292
3196,3.047988562760013,2.494987819524323,3.275089854800701
3197,-0.884601990248414,0.9662019062984076,-2.209849093437833
3198,-1.5595408361490462,-2.472680647168934,-2.339460416355262
3199,0.1338713499599638,-0.2593376203050439,0.4300731292164989
3200,-2.671130205065383,-3.150400080110034,-2.7940978097040667
3201,0.4835022482738892,-2.6446157643434978,-2.417760270949542
3202,-0.2674715170369769,0.6594048594361475,0.8017583041212736
3203,1.5174233387562883,0.1378039185906527,0.3421237097706868
3204,0.3875033266123989,-0.0986093532527149,0.469566645782523
3205,1.3033081182489947,0.5061267520302339,0.4553153916449004
3206,-1.5932535713789986,-1.9136540420111288,-2.20337186472268
3207,2.6973799511782044,2.8424069164463446,3.3381349933494944
3208,1.3662964354392106,0.8526026781265817,0.4328743477617133
3209,2.422561658406361,2.953677375048031,3.159994844028039
3210,-2.399946077280124,1.6099844383073216,2.8255972635438225
3211,-1.824812262846308,-2.6154951809718607,-2.30238284525356
3212,-0.7437424102314368,-1.4584783284542977,-0.9627493643225816
3213,-0.1064416732173186,-1.9210440434583496,-0.1421377182563176
3214,0.9099480058944084,1.1892589631748751,1.7110608337642026
3215,-1.9711779721506428,-2.2544954169207463,0.0427937905779294
3216,0.1414965260405997,-3.167504087428337,0.1330199233513458
3217,0.0820776501216394,1.3894839536723769,1.0098974651041948
3218,-1.3997037321119523,2.4961088542412733,-0.4794929008617282
3219,-1.7106118847743528,-1.4665110462907625,-1.5074131303851062
3220,-2.968335934809891,-2.592572482980951,-2.82976306008793
3221,1.2398761576205233,0.1690972862702294,1.9782719575717669
3222,-1.4762185242324686,1.9632760473337851,-1.2470542314908413
3223,1.2226048619726495,0.5226206754747833,0.8633923576574994
3224,-0.5085012548402968,-0.6275306844596292,-0.3621262758413817
3225,-0.8507994051997505,-1.5771393143949706,-3.507141833219709
3226,-1.588089738810761,-1.8002003363833263,0.747975300638391
3227,-0.9253353363238002,2.6099223088586454,0.9673797394657148
3228,-1.394866059482157,-1.766014140136089,-1.0446358849724766
3229,2.428613135746196,2.613498558492078,2.5394790079507734
3230,-0.0831981700244788,0.7278464952720414,0.3578491971133369
3231,1.2496001808831585,0.2346133868706396,0.6583225627670486
3232,-0.4085700286237813,0.4831711824073786,0.3812283247818492
3233,-2.314924418498886,-1.4718589081339857,-1.189293626380263
3234,0.7160260169293803,1.841165706197776,0.385062936286774
3235,0.296724320120161,0.1736141344114468,-0.0158344923045115
3236,-0.809454429578675,-1.2076870669394444,-0.4780143151823262
3237,-0.5269771647377892,-1.0378917839749615,-1.8595019577360088
3238,0.400998505800055,0.1201695639963747,0.5222923310600501
3239,1.3375016274497542,0.5755655508978422,-0.0216365732126748
3240,-2.3699483107672643,-1.845255176265828,-0.4120169547270488
3241,2.689897003980206,1.8973540692592368,1.5952537732582932
3242,-0.2380735174886066,-2.075998064913988,-0.1619602463284031
3243,1.9973076516597736,1.8971682238384608,2.3129184718266944
3244,0.9999151267302976,-0.1362291230036599,0.1262687107251985
3245,0.811032870022815,0.7655574939285081,0.7628705360581585
3246,0.950962759496784,1.1355458655340154,0.2940574513558388
3247,-2.101881409565362,-2.336099898953366,-2.470723146258504
3248,-2.160156705763808,-2.015372197191592,-1.7829511212641762
3249,-1.3280556400774093,-1.5194428011400245,-0.9744796327551464
3250,2.0536624539059787,0.6709020190174421,-0.2683794656917808
3251,2.8026940143902666,2.6147459037593244,2.831171876038229
3252,-2.8256530096927266,0.5605826661045292,-0.9402933599795792
3253,2.5932383687449287,1.9830539851074385,2.487875522954407
3254,-0.7121020928276154,-0.2762189827800974,1.0122386459173065
3255,-1.69119739466553,-1.6427879227572475,-1.7728170909755108
3256,-0.5815518453018127,-1.1470454570953297,-0.7287032640110164
3257,-0.1476139155801615,2.528958413475865,-0.8520779545135855
3258,0.2755081758617017,0.7146595722916349,0.3630675126520749
3259,-1.4634291552732266,-2.077352160797231,-2.077797917554762
3260,0.3990848029088306,-0.4855058116002849,-0.4978069223623079
3261,0.057789336766818,0.1175459324344236,0.4781678065770468
3262,-0.7845073509261663,1.0913579843566226,-0.7543784609424079
3263,-1.9007799231478395,-2.564319237661825,-2.721169121006782
3264,0.9119926300512722,0.3177687988907133,-0.3767935187605902
3265,-1.854200645753039,-1.4314345526800911,-1.8115108247175515
3266,0.808782752206348,0.5701174758987362,1.849231358773906
3267,0.4835853192027796,1.0272774387105503,-1.075615235044789
3268,0.3896634978713085,0.0049207319629174,0.168807260492823
3269,1.361954208644159,1.0403632641577998,1.3604965986779984
3270,1.5284086825266483,1.4317529224367394,0.5358634618540432
3271,0.7619222255913519,0.8612988388786103,0.2983455286053232
3272,0.2837867605019558,-0.6956999490545527,-2.07813780722561
3273,-0.5132344131012405,-0.5324570075189643,-0.8042886677896708
3274,0.2588771112428388,-0.4886320375324405,-1.0310811901837662
3275,-2.903974908872548,-3.3701332675958127,-3.339534152652143
3276,1.414446527414272,0.0828370768468721,0.81072842047916
3277,3.069911041691911,1.6379880475653346,3.071978717513636
3278,-1.9418304272059157,-1.0516916323576455,-0.7333516491208483
3279,-0.924403636335448,-0.5769046213618749,-1.8953539527178749
3280,0.908261207551358,2.599814900894182,1.473704140769204
3281,-2.296816404772538,-3.1034861502838877,-2.9698552090443497
3282,-0.2085634473357461,-0.9185320542623794,-1.4001144845151274
3283,0.0528726731829389,0.014939953860464,0.8668460222923187
3284,1.929354004068509,0.0126563535449461,0.1058371546452334
3285,-1.2456103234220837,-1.162913489068742,-1.941757128903844
3286,0.6707337798476536,0.2610580854113828,0.3012125457963375
3287,1.4217145103107336,2.3064373064538257,0.5055398623162626
3288,0.9185132774457034,-0.173275439338544,0.7841077771118611
3289,3.0097844606565016,2.6596541935402067,1.945206738348084
3290,-1.0374576628151124,-0.9204703029508728,-0.3523811148235226
3291,-1.7260449934578854,-1.6005949371213544,-1.9851096139372024
3292,-1.900059837295199,-2.551010904924189,-2.157303880383019
3293,0.3421192595185943,-0.6275289165512637,-0.8500546280790234
3294,-1.5163625220274046,-1.9167110908585343,-3.485439513990435
3295,1.0432703255883191,0.2239111934903898,1.0057143919201383
3296,1.0449993433023113,0.7513975116555573,0.9988311227295336
3297,-0.0166946298288274,-0.1937445563960285,-0.4432472084091681
3298,-0.004123248641681,-0.2352209757786941,0.3067113018825894
3299,-0.6484948393402726,1.962811444203685,-1.418969384859052
3300,-0.9028746837232584,0.8657952757493025,0.5440402549083475
3301,2.707039387111908,2.651354195150479,2.891729986458876
3302,-2.856572914698149,-2.470082011851629,0.4617801203367235
3303,-0.1318661034353458,-0.7378536684541284,-0.7587656191524105
3304,-1.8567003578512395,-0.0179829624627827,-1.5821496610498629
3305,-0.4422902492821315,-1.9223868992126507,-0.8958265228428379
3306,2.411659017527884,2.582031804077612,3.0058563094127364
3307,-2.821846667192045,-2.5103384072816084,-2.91642959985654
3308,-0.1755334597321395,-1.21735232516904,-1.366802367948672
3309,-2.1132497082316792,-2.5052597131463856,1.1053335635307766
3310,-1.8552925634982544,-1.3872636087933865,-0.8913868031279267
3311,-1.5197651591460803,-0.5571727121790927,0.9118922828217682
3312,-1.2963382796678646,-0.1438410057681826,0.7282679384912045
3313,2.473951012710819,2.3980429307238205,1.3881473976779424
3314,0.6037041691682927,0.4142901522596537,0.6433302410570465
3315,-0.5689819283801758,-0.435939834182436,0.0928775994589204
3316,2.1256537214036904,2.2020798261869614,2.0185311215014208
3317,0.0385474612825761,-0.6979133570646364,-1.5142591061050996
3318,0.4766514892230111,2.799322645683973,3.210736359099825
3319,-0.4407739544724506,-0.4987810515488978,-2.257141325728516
3320,-1.1597115205124529,-0.7670049379656757,-0.9268225130333144
3321,0.3556303684141877,0.1435359432558178,-0.0687666573088871
3322,-2.644653004065242,-1.984932774084924,-1.80842815801736
3323,-0.1051023795608547,-0.2473664913224323,-1.720597588543822
3324,-0.2267301033172236,-0.6851494993450963,-1.2515441783121124
3325,0.5259058466398618,0.3051157973011252,-0.004417641542111
3326,-0.9786614535851464,-1.7792106487138617,-2.1485446668271093
3327,0.1480062321597668,-1.406424559936836,-0.8803016665772164
3328,-0.1559382932178933,1.8912610962806415,-0.1046770281312975
3329,2.1394988297688786,1.935570696801919,2.360485427686146
3330,1.7087443300985083,2.662507913065258,0.0418330113675348
3331,-2.278642464230205,-2.315492629292623,-2.873649077109393
3332,-0.5766478023984507,-0.6824366833497252,-0.6915065724829995
3333,0.2024910241703817,1.5330344561223317,0.9520144093724634
3334,-0.9075263009665696,-1.2525736917256285,-1.2945166261523005
3335,-0.5049628640778558,-1.3333579822056314,-1.368234895680004
3336,0.139273111404725,-0.34985656504844,-2.81476259025238
3337,0.2170794982488486,-1.7269253405342169,-0.1831478187120049
3338,0.2625505390207701,-0.3803356162033934,-0.9353413821923352
3339,1.4748346557260008,0.9016586534328488,-0.1237406186923329
3340,-0.8978658045120074,-1.478927656232719,0.1969603296749994
3341,0.306152017295883,-1.754871409741818,-0.9363818374149012
3342,2.824863390655697,2.6836050615980733,3.029472086677115
3343,0.2022792623491443,0.4679181931564266,1.4561088627493834
3344,-1.0764675378203965,-1.8585612095102255,-1.8069781082091296
3345,0.2387132039301689,-0.8741555649544759,-1.2668650962935386
3346,-0.6021282788612935,-1.321055097369125,-2.063257758685648
3347,0.0462581657213848,-1.12016033994838,-1.6802217742633505
3348,1.0077263948728574,-0.0862292365425396,0.5023141042914612
3349,1.338237765519581,1.9596267311189208,0.868841572761904
3350,1.871365391880493,0.6392280462472221,2.2084201724443075
3351,-0.7637562468183587,-1.9148143140295992,-2.308537291276469
3352,0.7572452367092557,-0.3313203506481565,-0.4919553394854007
3353,2.480696196363936,1.3183425025609927,2.839627851366408
3354,-0.9028322619713436,-1.2203311979035087,-1.4064394060045875
3355,-0.0517217902320303,-0.6993618473288292,-0.5108467485584826
3356,0.6670457592663057,-0.4917976798228325,-0.1473973782019772
3357,0.4753172968072758,1.7204957510413743,2.5648420368223985
3358,0.5732536701724116,0.5232048049314655,0.1598414588609598
3359,0.3511909007576163,0.2817173040499077,-0.6401204830150521
3360,2.629268957053238,2.199006079438868,1.2230710694535287
3361,2.0076614099840207,1.8663106892777317,1.277952489300577
3362,-0.0857355359788168,-0.1905739651484315,0.9472446043547472
3363,0.1312411379261992,-0.7652870796956448,0.5188228284520547
3364,-0.2731943063156311,0.1431146439435665,0.0689847391306145
3365,2.157176582822407,1.607154442281649,1.233905824979503
3366,-0.8460326365475537,-0.7426271885516977,-0.3081573981306938
3367,0.5573222945965308,-0.3401159995782127,-0.3558017665509448
3368,-1.2082961881867915,-3.124533644746969,-3.1033179111140985
3369,1.8378679134337697,0.7180431271428906,1.4050816829157653
3370,-0.413236049469763,0.6137046720378876,-0.961434379163276
3371,0.0006847628768569,0.662260092408757,0.3372073699745345
3372,-2.2560853406594825,-2.779146708862269,-2.30775118793503
3373,0.199080546817405,0.2884867308539557,-2.417788580362256
3374,-1.6290547259240786,-0.9615153715015254,-1.2596198112375965
3375,0.7645884761998692,-0.9949012263336094,-1.4015805858488106
3376,-1.51123979182542,-0.53892133738255,-0.5388819759868289
3377,2.172724762009436,1.6484474341328614,2.1401610425144533
3378,-1.4968881928556017,-0.1683975609563137,-1.3199208828743267
3379,-2.765398030816833,-2.015935017089337,-2.2748399364327723
3380,-0.1727519804507878,0.2763753128908982,-1.9819623547930731
3381,1.5935111898272154,1.473956406309335,1.769451301588885
3382,2.978609331700679,2.7177720397717127,3.205915760571138
3383,-0.0850792998335533,-0.1247028051056529,-0.6213378556461028
3384,0.5713549148416445,-0.2247260226974744,0.2986878472144638
3385,-0.6526343099772007,1.0170905781622313,-1.3609659429185443
3386,0.7354313695030382,-0.0184179132703742,1.153185177689125
3387,-0.9393919757377414,-0.9757934528324294,-1.1820206952141028
3388,1.636920307023824,2.8448361779667737,0.096728924999153
3389,0.1284281757139405,-0.8793361522107097,-1.5565454564471657
3390,1.088272361615192,1.7074299609223142,1.5356722985283595
3391,-0.5726727663102136,1.7650501526009257,-0.5887153214544825
3392,-1.0743366000634569,-0.0116663155107767,1.1489874183680473
3393,3.243404576514003,1.8081654874543216,2.6181252825042898
3394,1.6823205568245971,1.664982931108629,1.6280915904433233
3395,0.1122052715655762,0.8527378576680587,1.3445635709938717
3396,-1.2448645161885243,-1.5819780723639991,-0.1015663383597523
3397,1.908052203611464,1.7201095704460638,1.3263182745384638
3398,-0.456791018280928,-0.6386418018458777,-0.9152343588838004
3399,-1.3084302883636871,-2.386295005564704,-2.255640513235581
3400,-0.1125402171219057,-0.6652165438785065,-0.0568250176485421
3401,0.2830555738453751,-0.6919110369693,-0.9943345062371156
3402,-0.4187102557987607,-0.8418481803335319,-0.4630970701685403
3403,-1.3996048590109127,-1.1256128355073405,-2.172224951472985
3404,2.466568299508795,1.584323128998713,3.010200966526461
3405,2.260084273532682,1.7729828020637508,1.972843008388007
3406,0.754778090104048,0.6158599352224815,0.4780593727585076
3407,1.0497367423692394,2.207321884956926,1.6480369707103408
3408,-0.0290626119419468,2.835010207306847,3.4658920871949808
3409,1.3036263679633608,1.6943160430660833,-0.6281642891392704
3410,-1.1714570159938504,-2.0298807730661887,-2.360700808843934
3411,-1.173700053865207,2.092747832184958,0.0738518704169875
3412,-0.3791230458570673,1.5741448022784963,-0.6028639540618643
3413,-0.4103192445161487,0.3010480658447387,-0.3196161266827391
3414,-0.7772772171174107,-1.1282862787300922,-1.391888487656804
3415,0.2205794047565531,0.902681038906517,0.6064960660520646
3416,1.3116590820045058,1.9408746329079256,1.3856495895188046
3417,-2.471976862958198,-2.4601518725627107,-3.010751936251909
3418,-2.2698332450513563,1.102098624280404,-0.2762952086514512
3419,1.3444827588682629,0.993978854850206,1.072015945173573
3420,-1.8586414196059848,-1.564136120613348,-2.770409094756672
3421,0.7139750244679554,0.2598540880639252,-0.3488575349679198
3422,0.9047086846957132,1.9960982955043125,1.701836559938881
3423,1.2361956018425817,-0.0155731584476748,0.907367275644661
3424,1.3260268713546806,0.6231445032224894,0.2021436377270448
3425,-0.6698024098383616,1.2739921108067132,0.2764344530698625
3426,1.2342372798696777,-0.9402386919407836,1.0976154800602311
3427,-2.031970705208255,-1.7594899632749157,-1.849338772097432
3428,-0.8177420182219063,-1.019060266771498,-1.0798518076763648
3429,-1.3176482849286493,1.753753671312372,-0.945162428642672
3430,0.5292052747806887,2.6400286278679093,-0.868420482399454
3431,-2.236487828418739,-1.0085648972050247,-0.6632364057791268
3432,0.3190680670663148,0.5275768903015008,0.6931519624315031
3433,-0.0049065135112506,-1.2049994513171562,-0.1542825703168097
3434,-0.2247290098529885,-3.4292202356510484,-1.1665644210359174
3435,-1.898085116631216,1.140443336330477,1.613500470151335
3436,1.1223365553612576,-0.8526805245556386,1.234559842812802
3437,-1.7034221438106345,-1.001384629086746,-1.6764417941593857
3438,-0.7075462605812921,-0.4977450352200043,-0.3310123040645967
3439,-1.2451156380917014,-1.529562072136059,-2.3725654404106087
3440,0.6549199500231664,-1.498200827199011,-0.3718223824425453
3441,1.0403913068422177,1.479880158631644,0.7576802031295214
3442,-0.7774641513653815,-1.9211493749959183,-1.520269677979877
3443,0.469456730652076,0.0229992413036035,-0.4119470309030761
3444,-0.6878752888440007,-1.9848729321075231,-0.6631542778611067
3445,1.7431306067089465,0.4254095694472611,0.8066867501307434
3446,-2.319183196202116,-0.6040618306821931,-1.0190615896942876
3447,2.2293106254638144,2.346992164462552,2.2692747213940474
3448,-0.3185332163203692,-2.312777977810881,-1.7337839856131372
3449,-0.3728337957551069,-1.1986809826595335,-0.2177117338777685
3450,0.9033480839236656,0.0086911277440497,0.8075996533290157
3451,0.9993004788847454,0.4381303102305819,0.8591491552607337
3452,0.2710044870579232,0.0577336979304411,0.1790334601894456
3453,-0.759423538397755,-1.63747553923375,1.804939274393041
3454,3.019619462024738,2.778240594115487,3.1752713214211616
3455,0.6920138477324014,-0.0179896184341607,1.4021572021109758
3456,-2.8526758118866264,-2.554726679235346,-2.6204180086563222
3457,-0.641342678517487,-0.9163335761141376,-0.9730690620085576
3458,2.984395527984484,2.8818965350587287,3.344032831355146
3459,-0.7680874895266395,-1.315715255594404,-1.3425817839363847
3460,0.6592964074022788,1.4755852386259585,-0.0025812344601185
3461,3.104547896710505,2.572595351867478,2.4405731243630457
3462,-1.9239552227052037,-2.43030904318452,-1.6356416895327568
3463,-2.914242256301391,-2.604081879433828,-3.406731207466084
3464,-0.6200765677075173,0.0091413837459025,-1.6754360234806511
3465,-0.7384614399066981,1.8019320736955813,2.917487996365871
3466,-1.1105031868457813,-0.9439206433927738,0.4316762311194757
3467,-0.8067885498858508,-2.119596383363751,-0.973692228886688
3468,-0.5470467378718304,-0.8029074835578134,-1.4521262493913394
3469,3.029648771836908,2.8254931955865508,3.1771388932681424
3470,1.185989527471384,0.8609505802540561,1.8937831547339112
3471,-2.032240382072889,-0.4886656277913847,-2.31914276978364
3472,0.8537278415949334,-1.2180125281892642,-0.1010362222771075
3473,1.417072184750302,0.8159904700773257,0.9160927761014924
3474,0.0296766668768143,0.8636975962464596,0.3755024580256295
3475,1.8574494383633933,1.6390319005371778,1.8929761261004308
3476,1.699183751519149,1.145398081520805,1.2658743563258703
3477,0.0627945870713344,-1.6225673517572148,-1.4862873940460757
3478,-1.7295058290554848,-2.1030116858287813,-1.8133135731454904
3479,-1.5896897568438793,-1.671069017401277,-1.8021686889800388
3480,-0.5688512186954409,0.6073125234154997,0.4167995655748242
3481,0.6943867529951131,0.5896963335359674,1.453143477512687
3482,2.332673859659796,2.588806615467923,2.915995196368389
3483,-1.855400638437736,-0.7699345519055641,-0.0842762776043814
3484,-2.114927489151521,-2.1588747675577324,-0.9499389620477496
3485,-2.5569302069276456,-2.6707385180717487,-2.897805515062436
3486,-0.2039936936418581,-1.3743807974907687,-1.13899629039865
3487,-2.1199909345148944,1.292104273843244,-3.3451639128868846
3488,0.8063363942772234,2.038783295402861,1.1864951557564614
3489,-1.2571865233671886,-0.6798692478566084,-2.118815361395161
3490,-0.3720275685669741,-0.0150382825774438,0.0358760762141944
3491,0.1343022407798512,-0.1653630127142737,0.3372470869504004
3492,1.617468604956294,-0.3043000799444513,0.3847963131853043
3493,2.136048493539586,0.2818923262664394,2.777269838418182
3494,3.4362430347866453,3.116037669969967,3.56762492101583
3495,-0.4619211977372442,-1.0755483529406389,-0.8253842593493796
3496,-1.2470476786071678,1.049835856852232,1.2673161153044032
3497,1.3187257412449591,0.5879011142549297,-0.0389656909590239
3498,-1.2807115473951254,-1.6821055419994464,-2.7548081747250723
3499,1.3311363482975354,0.5670792131810086,0.429125934151417
3500,-0.8950988631722516,0.0820165858855496,-1.2528379186375558
3501,-0.84321947751685,-0.3924716331655786,-1.721477746830737
3502,-0.4086902873608822,-0.543438848525561,0.3516238050362978
3503,2.4368398389175563,3.230317988202484,2.4249354295801813
3504,2.3529705924649624,2.1916174101146795,2.529431921030573
3505,-0.1313266934300369,1.271159314829816,1.5450482250248418
3506,-1.8231611930315652,0.4907833514831623,0.9496480902681012
3507,1.7387437955382554,1.5553513875931035,2.051510426323467
3508,-1.4969926090767394,-2.5842435233068777,-2.0638194678502515
3509,-1.5563235895986085,-1.719978470392593,-1.5152238688440192
3510,-2.077591377087788,-2.633794612973128,-2.642237899477236
3511,-0.1756808072968644,-1.4599943123547765,-0.4109717125616559
3512,-0.5597006627188729,1.6988060308556812,-0.1655927945684517
3513,0.1658835813880419,-0.6506961842230454,2.434068053592436
3514,-0.2788053882514791,-0.7144426420822447,-0.6852570083226829
3515,0.4036393188508157,1.0025685551331331,-0.3896503171687269
3516,-0.175427261060679,-0.1461016811285647,-1.6240606846615258
3517,-0.6610706203805684,-0.7742540599066584,-0.5767524929313115
3518,-0.1974601442772999,-2.4708205231838347,-2.612390382234564
3519,-1.5168838310901402,-2.560320408191732,-2.9216355307684627
3520,-0.208983896972865,-0.1591253410819861,0.3364202258758838
3521,1.87356935779106,0.0765292312711792,1.547215184159162
3522,2.5941325381512126,2.989965461086105,3.158491901960195
3523,-0.1095266859060696,-0.1421710287483251,0.7077037327677566
3524,0.4765965809919655,-0.4369035874196769,0.0562481720084939
3525,2.366906863345467,2.525542226408549,1.282950446301772
3526,0.6013517531621028,1.3268288153107386,-0.1810898146246247
3527,0.7620692882129209,0.178940300262255,2.099769372155775
3528,-2.059507899168433,-0.0933736261567415,-0.1817012140932568
3529,-1.8971601492894616,-0.945026033042672,2.7292105531154127
3530,2.819530645508123,1.939762260153398,0.185784524893311
3531,3.0222834009045987,2.354154036171818,1.9421434659771464
3532,-2.461068990267893,-2.455391931694546,-1.5057962867413377
3533,-2.055555334572773,-1.822338771621307,-2.245629930668374
3534,-0.1612354880982282,-2.248465124376261,-1.4522183468448149
3535,2.15110377128586,-0.6676989378238971,-1.8035737243982264
3536,0.5744024245873239,-0.1684909196169547,-0.6765388664808137
3537,1.4143576448951958,1.6150774049891854,1.8109929449663087
3538,-0.5701276386527812,0.6397348388614137,1.5808143660091902
3539,-1.4353742783837626,-0.9595125408452831,-1.164034848976701
3540,0.6158957201262931,0.4776215715886213,-2.0776511201980696
3541,-0.5204392556155492,1.1115259188086135,-1.9964588037702269
3542,0.7406187402810626,1.164047835791104,-0.2770951900594132
3543,2.634004343477297,2.707414600377071,2.948498588521009
3544,2.2958074250159157,2.4161519300628376,2.821482560501408
3545,0.7624426641946865,-0.5138615616310457,1.4558412237292315
3546,1.2611111895181104,0.7413567634125018,0.015338578858162
3547,1.130376013774489,0.7548654491622456,0.2001284494166428
3548,2.0850871320643964,2.403965617419248,2.7094557936846675
3549,-1.370177475606261,-0.8485077692215848,0.0148236405109717
3550,-1.461653526770876,0.7036819610879224,1.218814582745027
3551,2.5942611308903505,2.31609564333373,2.03327842310046
3552,-1.1215264637408302,-0.9515854347455946,-1.921431148993884
3553,-2.079241993877573,-2.171834304686572,-3.074140595508025
3554,-0.3355200637866377,-0.3912240939661741,-0.3312276185250948
3555,-1.0533422813749231,-0.5885826307285196,0.7141533296015111
3556,-0.0149079450572576,-0.0538917266503394,0.3011430147164365
3557,-1.2668793453713971,-0.3819321937824828,-1.443407509840025
3558,0.6882603875340403,0.5647139390116186,0.5170974018060541
3559,-1.9853325325718283,1.2116711981876578,1.4540057525756729
3560,2.810280461241065,2.3933547533343447,1.9941625075052636
3561,0.1133519655336105,0.1264590677275206,0.1237001823512298
3562,-0.2935834626327772,-0.5461384998824562,-0.5692756043603684
3563,0.052703876620662,-1.728091648250085,0.1477081661173064
3564,-0.915176760911918,-0.1816873264432635,-0.3422448845076314
3565,-1.18920852446946,-1.513580407979023,-1.3530786526090253
3566,-0.7234341361231635,-1.2456480377129986,-1.8044353188371196
3567,1.5174705079496054,1.092387735085056,1.239595354420139
3568,0.0648073284962728,-0.5851445213347591,0.5244172063126332
3569,0.7174825058926575,-0.3632506363585346,-0.1462008721223314
3570,0.805519620612371,3.307076855208212,3.67150543863733
3571,0.946387734805499,-0.6856354551482736,0.5252379295429369
3572,-0.3175514399879628,-0.5606488864813916,-1.3424873400509736
3573,-1.5242999441385472,-0.7485827412978523,0.1382472807324175
3574,-2.0694660414251507,-2.619089082683021,-2.3589642449323405
3575,1.904782070800028,2.573984803241727,2.269100191678983
3576,-1.759086956758129,-2.2651603584296023,-1.0190000359623566
3577,1.2751884361089272,1.0892456866139255,3.132889111322368
3578,-1.4676830931249218,-2.148525191442043,-1.96269435214532
3579,-0.3560542697998951,-0.6269729305613276,2.4413107315696783
3580,1.2552463103260871,1.4075564417483608,1.6832057991233549
3581,-1.599437978033599,0.2847241928630433,-0.3769848173393435
3582,2.4895204336864825,1.3821728621848064,-0.9188692419582314
3583,0.0222129601933967,0.0244966250748008,0.3209887141062669
3584,1.6094967802372715,2.586363181867164,2.796539587354701
3585,-1.3482927208370412,-1.471453996155933,-0.7875989977033793
3586,0.1724489482430564,-1.0237159620084566,-0.1293481284092305
3587,-1.3314465565424043,0.7665767253005707,0.9750329172155264
3588,1.9848442571970104,2.6023201801177724,0.8560628393839315
3589,-2.456521929951876,0.6123895920633993,-2.7377446986702667
3590,0.2587299954770799,0.8052345477216304,0.904054763887986
3591,-1.461711776787118,-1.8134685828072787,-1.0392950658049789
3592,0.2785749917320393,2.5212096656919747,3.0015712115651256
3593,-1.0155459557549311,-1.3651294696575462,0.5148361674416523
3594,-0.9692653597493538,-1.6296739916847511,-1.469314461259556
3595,-0.6940001374108475,-1.2732601293870065,-1.8893103554111863
3596,-0.8054478338350514,-0.3859248064094998,-1.167171392928404
3597,3.018281091951903,2.6504168788031675,2.946148254601085
3598,2.58298236704085,2.99578999880156,3.269509940124502
3599,-0.9432379103932892,-1.1121052372636326,-1.352023054813062
3600,-1.0797436604542834,-1.666841765612339,-1.122819418365165
3601,-0.2439913267514668,2.604935753950618,3.1797217098499693
3602,-0.635884600147745,-1.2566822697568163,-1.2218265541971334
3603,-0.2761984004278517,1.0007571178577113,-0.6435522016159092
3604,1.2292004320966172,1.112883270995303,1.0370568656740276
3605,0.9898496707082104,0.739341019402634,-0.6890351764664239
3606,0.2217645602340297,0.8588793742489285,0.1526643101776875
3607,-2.154372030539379,-1.1980312523977568,-1.2140125656685044
3608,1.4910210806225137,1.1388579748589125,1.540596698260398
3609,-0.6213136572416861,-0.6215085982339097,0.3344654159055138
3610,-0.4160445152616699,-0.0737449420650611,1.337685207082132
3611,0.1961342781466236,0.1329173849748309,-0.3200907627292604
3612,0.2587974448933476,0.4832759833075259,0.3836141318880861
3613,1.2635212477196491,1.093312712236295,1.096333371839317
3614,-0.3781275721083535,-0.224917386859089,-0.3420256929803165
3615,-1.2306514664892272,2.3412221458446845,-1.045207788461892
3616,0.5245627690599013,1.09609945828737,0.5627965093137819
3617,2.6998871714456905,2.922896733409575,3.0039687210551635
3618,-1.2046149657774454,-0.6418214615915017,-1.018674464544583
3619,-0.9065742543354772,1.2937427836379969,-0.0908636479151407
3620,0.4872946586229729,-0.8965195588478794,-0.7218960997271588
3621,-0.9646971948617792,-1.986833848963328,-0.9830764752848616
3622,0.8099184908357604,0.0904317730930993,-0.657587322344281
3623,2.891476365590768,2.7432363030279965,3.040488940328839
3624,3.2151163582716222,2.8280573285171964,2.962185731937814
3625,1.5064957142621769,1.6826633935926452,2.097524672227344
3626,-0.94204297580483,-0.8914457479591981,-1.0545388196436496
3627,-0.4033820635335365,-0.6704505616225614,-0.8935081697189012
3628,-0.133696404397497,-1.98510149139586,-1.985084569434729
3629,-0.8691111442036836,-0.9341596181616776,-0.3893731652740159
3630,2.40904305024491,1.4668637199225376,2.292617383873787
3631,1.1488640057255275,1.3394144606227798,0.1752208347135277
3632,-0.976108293723998,-2.327948546441577,-1.8982391470906288
3633,-1.5552027358532208,-1.2551546657421355,-0.8397899024755593
3634,-1.0006235429385408,-1.93757766768084,-1.389034717780773
3635,0.1225258624739943,-0.2817905548175677,-0.0253049822308854
3636,-1.17142591239584,-1.1214449823745816,-0.5301631187663697
3637,-1.0139043400070755,-2.236694050718383,-1.939767331901043
3638,-0.5482592671498872,2.269833658101468,0.7097786912480378
3639,0.3551450606358226,0.3052270130556661,-0.2018095208226835
3640,-1.7204204446005178,-2.5289812969304317,-1.3950469461238997
3641,-1.315940161095439,-2.878407951858146,-1.0155800963395956
3642,0.3876919746274672,0.0887098957918858,0.5222016366314552
3643,1.1360233227174104,-0.7067199942510553,0.1712686865220254
3644,0.1146260766841874,-0.5272431984110132,-0.6268510954648774
3645,-0.3640635786543953,2.052909380290146,1.995368620540364
3646,1.359900874521189,0.3851419496973328,-0.0695863026837202
3647,-1.517032262423501,0.1413602308384137,1.3608007187994997
3648,-0.5778997052166155,-0.4042647679879498,-0.1292508020055929
3649,-0.7680837352355424,-0.0753560792522076,0.0433751951781337
3650,0.8746345259316469,0.2512643985505361,0.4655851494751524
3651,-0.3239232484861011,-0.4163484618868426,-0.8481968253279584
3652,-0.831069669765695,-0.4436228584556542,-0.2629968800015866
3653,3.523336252872995,3.2835245736799026,3.5642477015308005
3654,-0.2674317086175749,-1.2480231765074044,-0.974619744564822
3655,-2.0303583323354712,-3.4428987810987177,-1.575040647682054
3656,-1.16409703058128,2.0088930857805973,-1.1743202959976409
3657,0.3554733736834324,-0.4433540683516764,0.1331543739012605
3658,-1.80816005078756,-0.1316376221998206,0.8229295282944799
3659,2.851834817156913,2.738483520769461,1.4841460607268169
3660,-1.649320227452946,-0.4837390284258055,-0.1114467718347129
3661,-0.006536439066764,-0.3583493566317309,0.5673483061355687
3662,0.2529353957267123,0.6629651329831067,0.0780758511233626
3663,-0.085854747868772,-0.3082267123310922,-0.8395207594515546
3664,-1.2450744272784966,0.4324584930405019,-0.776722154853007
3665,2.1653814900637016,1.3054552937792534,1.5324082035240958
3666,-1.693473193596691,-1.2221275473951894,-1.558867861713254
3667,-0.7145957423475402,-0.8708692072898543,-1.2875094376204788
3668,-3.040609493790614,-2.6032751715673257,-2.793670925031281
3669,0.2813136877986526,2.6434170329092885,1.724904608013543
3670,-2.675277435150542,-2.7118930075235568,-3.0777395322240646
3671,0.0846222626365053,0.8129158982456169,-0.2659957390323485
3672,0.0211283189320301,-1.1419084803094328,-0.9190829496999032
3673,2.7471173278069805,2.077676776908539,2.1448457374994185
3674,1.8384079447437671,0.9119603574979632,1.3506242826932584
3675,-2.847068804335691,-2.762206533768386,-2.940522148098505
3676,1.596605993022037,1.5829067107036403,1.8876726567943607
3677,0.4690172028655133,2.495573217764955,-1.2845967168576191
3678,1.0443896824212695,0.4776013158509474,0.5251220091415655
3679,-1.2394769136695811,-1.780759909773537,-0.3718474475515003
3680,-2.253043951655554,-3.1835344411265405,-2.985744307540025
3681,-1.7738380235107267,-1.8646278104685523,-0.7917024498137466
3682,2.1398923217717005,1.7198098261079051,1.959330258359914
3683,-1.5238956069459455,-0.7771476713538853,-0.7193918895012911
3684,-0.9199791778919684,1.588962104779684,-2.134668657966783
3685,0.2876738095098381,-0.434043895717271,-0.4776923692368536
3686,-1.1015433236284349,-0.864482806060098,-0.6883930485592996
3687,-2.2882596714326806,-0.2049028503948932,0.4607614702678553
3688,1.4915989951079758,1.1418590944281275,0.4278347430308944
3689,-0.4781268638164566,-2.597989538692148,-2.211379046906897
3690,0.7633679796285234,0.3975111390007652,1.262068533581397
3691,-0.7317271190431445,-1.2373906098232557,-0.8882974122175389
3692,0.0308712434577233,2.114748987191905,1.2454712281305145
3693,-0.3819581951419899,-1.5896568170085066,-1.2880969164625091
3694,-1.629554842960907,-0.9041006673710476,-1.593768730814376
3695,0.3895646163230138,1.522824359775191,0.8499473407239864
3696,-1.7776363102066144,-1.226572311890638,-1.1651674786713622
3697,0.665585004251183,0.1604514725034391,0.3349829514922808
3698,-1.3208951400853917,-0.6414492441339906,-1.9308726618365013
3699,-0.6028801894585077,0.5614335959816361,0.9017596140782168
3700,-1.0144797990836083,-0.9140547397801664,-0.1874552223858291
3701,0.483121574272331,2.38520761124951,0.0604035733034986
3702,-1.551986152521633,1.372729347639627,1.87051320191796
3703,0.8034902671674714,1.6737083650360267,0.949905230277442
3704,-0.4511297021872746,-0.4703649109778549,-0.5920654062879996
3705,0.5584275776411366,-0.3243725715675271,0.5958663609144876
3706,0.1355233777615393,2.371700923975071,0.1314575542950771
3707,-0.6952657297416078,-1.9437015750508149,-2.564890071817295
3708,2.762409756552298,2.8460775730353087,3.297562264782088
3709,-1.135572883877448,-1.259759417049998,-0.9053788368529648
3710,-0.7771831385652775,1.4071497447098509,0.1325189574000127
3711,-2.565177970782662,-1.141630512928736,-0.9470653574618316
3712,-1.923690073615817,-0.7984324689982265,-0.1356961425928779
3713,0.0879958392989133,-0.0007003943405693,0.5737887919201579
3714,-0.9199872915935048,-0.7820322200346235,0.0693596510328344
3715,-0.7945535834390378,-2.597145750631987,-1.5038714612678303
3716,1.6220506175372953,1.7941128970043292,-0.2791498296928016
3717,-0.9007375127994984,0.4210181446392219,-1.1179718136270154
3718,-0.6765243807048545,-1.969576156141536,-1.0127886401590005
3719,0.2219135039688149,-0.095476406581563,0.2099072033270982
3720,-3.751227000016909,0.0252756169075485,-2.9807768783048187
3721,-2.1590232995876675,-1.8744356875321608,-2.35116501307033
3722,0.6400258463078834,0.6449473466967106,0.7815775937643132
3723,-0.6223108954083767,-0.6485333097587448,1.4143308643606536
3724,0.0502265861209592,-0.4868474672017386,-0.7365286346080324
3725,2.4789712635072987,2.439469362838416,2.804031575755021
3726,0.781282430717656,1.6648123206342609,1.1938613835084786
3727,-1.320783578971294,-1.8912790737820435,-1.4256570005340738
3728,0.7816574159179165,-0.0458248553686523,1.3037224085010295
3729,-3.4168476770737573,-3.536354740562834,-3.178917836293083
3730,-0.5818244008256264,-0.9967318889272572,-0.8674429212888927
3731,0.7420386056329876,0.0441360338708617,0.8719970108539125
3732,-2.6129906335177293,-0.4729075222649057,-2.287278305060481
3733,0.8086518868768784,2.5222087764101886,2.550477180512144
3734,-0.1075980191852467,-0.4229005144723142,-0.6711932252449393
3735,0.7114712238961477,2.4559291993446206,-0.5940679587672305
3736,-1.3452438714172328,-2.695830151743719,-1.884560168520211
3737,3.1339403424964907,2.875943118891549,3.3379153503967305
3738,0.3940687766991213,0.9038954362918252,0.8591624712619687
3739,-1.1679960610378126,-1.89196502222785,-1.846749729420592
3740,1.0991080813414442,1.8411465565170333,2.231020442703838
3741,-0.0254953542936037,-0.4632189098261625,-0.0955712823769681
3742,0.359351444212699,-1.4757370366113172,-0.3859744159588807
3743,-1.957539945112204,0.9562076111171334,-1.246006399754744
3744,-1.0710271042309771,-2.663835198494847,-2.797986343694525
3745,1.7210172455390802,0.9559841134752596,1.4490764604586557
3746,0.4391348875518044,-0.3717740309844163,-0.6120734326581365
3747,1.2852727154658836,0.8015081412058996,0.0183018417741429
3748,0.0770756262404034,-0.4048593586279667,-0.943163098304682
3749,-3.0089629291771605,-1.8950156287259896,-2.979493721313563
3750,-1.38128262248521,-2.8302058184860748,-2.747206788091752
3751,-0.775970214878019,-0.2416965595354634,0.5991657920300933
3752,2.836773620781591,2.8527929943696333,3.4328173668502044
3753,0.7111231852232573,0.1236281613056688,-0.2796047793848117
3754,0.1724779663251933,-0.3026046418041471,1.66048577565833
3755,-1.918984196796228,-0.815490694099304,-2.492306565775696
3756,1.2301478534798131,1.5131250643203056,0.7773611602073133
3757,0.992407103760471,0.3419470408588535,0.614529675620993
3758,-0.0231894984271034,1.3296865890068257,2.0510553837277423
3759,-0.3492985765908796,-1.285702424613833,-0.5921100307336388
3760,-2.205389796187368,-2.533458289063716,-2.059646573295832
3761,-1.363226059913189,1.228010033467695,-2.3646345878442023
3762,-1.304830133217861,-2.208382628304969,1.1139030185657584
3763,-2.4535096491806625,-2.014896749076162,2.2576814566784407
3764,0.6594699062715256,1.8073191001415851,0.7513209757765281
3765,-0.313624712062312,-1.0950568182394365,-1.6423272084259166
3766,-1.987188341520076,-1.8101544635952864,-2.341527134848556
3767,-1.2842594057657506,-0.7035697873206518,-0.3718358071983755
3768,0.8583977690941293,0.1416593097561377,0.1331513235397441
3769,0.5689456215136381,0.4771373475835517,0.6629756075979174
3770,-0.2295460268302189,-0.353738401832335,-1.4916289650376555
3771,1.5109816969163516,1.0881654937046883,0.8044583950553996
3772,-1.044388062465161,-0.8931299032735908,0.2262723492864699
3773,2.4704436051005065,3.088136644732721,2.2093847457257905
3774,1.3018976283656365,0.4536173721386817,1.5679037501137674
3775,-1.130936556257021,-0.9757647395620797,-1.6686295477063426
3776,0.662468461746454,-0.7183471008343232,-0.6435884742185803
3777,-1.6380116491280483,2.361668196897502,-2.1265110458913146
3778,-0.0591879942221409,2.208276674213921,2.6044612994907475
3779,1.769365902091713,0.5599671032883587,1.53157963241636
3780,-2.253487743607718,-2.720214974876172,-2.6384424595848928
3781,0.967191054576392,1.9056179236044253,2.3067817889799613
3782,0.2061247114707224,2.297492163145736,1.4213300201407937
3783,0.3509735038387752,-0.3262564091653571,-0.741488043799738
3784,-0.3041616813752766,0.210454009668772,0.80572841668657
3785,1.6948079486657823,0.4305011136681271,0.9483530219375466
3786,-0.9263739730829488,0.2723939984859146,-0.487269867554825
3787,-2.2024015836743054,-2.526639896504012,-2.2019740221230744
3788,0.6199876813605905,-0.510270076874215,-0.855090218111548
3789,0.8058349788873583,-2.3645092492373254,0.9517496616064954
3790,0.141503915995857,-0.5937245217179641,0.0170857369711839
3791,0.712175651151059,1.6031788286089934,1.7181985619895674
3792,-0.6821003993123127,-0.4726206657519896,-1.236604080927188
3793,2.165213419122781,2.5114963506209467,2.3093550289627864
3794,-2.829205620598796,-3.486235892989406,-3.659825396877668
3795,2.45687285949694,1.948903995891472,1.4608043250322964
3796,-2.291106597300246,-2.63897545606586,-1.9591399770491464
3797,1.6140012465693707,0.6127076326821136,0.9024453186745938
3798,-0.1680421535023091,-0.1907122222923215,-1.7604527927517115
3799,-0.4275523513350185,2.4626936216622024,-0.3197110903280287
3800,-0.3420617091995873,0.057801835785677,0.6666743078417697
3801,-1.1539340570062868,0.1220914048778934,-2.5683778860887867
3802,-0.8484474774500862,-1.3157672304277772,-1.4244126368942047
3803,-1.9688870112085275,1.4413560943871844,-1.0596763430892011
3804,-1.7680097516928392,-1.3139433644292395,-1.9417002184000371
3805,-0.0527819897343751,-0.1281624803253507,1.1459929932285993
3806,-0.7622452259715776,-0.0548120704217248,-0.0749629932421822
3807,2.519370866184373,2.389919134610841,2.469321154182256
3808,-0.0169070226821148,-0.0366882713081991,-0.5472416747025165
3809,-0.3484199620947129,-1.767225151290755,-1.7679635783574217
3810,1.6374198739644097,2.6002345752933302,3.1948607913352505
3811,-2.974520622222406,-1.283316475613383,-1.241024355337615
3812,1.051601683386758,0.1396412547867749,0.5510492517914062
3813,-1.2821027193322838,-1.2349149284880077,-1.9341531682145452
3814,-1.365912943280871,-2.0558606053676063,-1.225075640280462
3815,0.8065018512942115,0.6676733286739415,-0.2118621328729373
3816,1.0393100784708325,0.2579582256292906,0.991797602110882
3817,-0.4386191291201254,-1.8893275467959816,-1.843696490711048
3818,-0.5428546654883233,-2.0298169499776995,-1.101060393452859
3819,0.1310558425158889,-0.3819353393409581,-1.0524992039941
3820,0.9126545737812368,-0.4590737832563847,0.0473791965886558
3821,0.9934574328212376,1.2320309121283826,-0.6995911522261805
3822,2.2778257785199973,2.1189134410326305,2.102319709026669
3823,1.974423330116346,1.1391878875767911,2.8131501460546016
3824,-1.5033975614621942,-0.9717696721097436,-3.0506083421834167
3825,-1.1913087980674817,-1.5079497210552084,-1.432992113304813
3826,-0.3268253141982687,1.920204306996188,2.02117283753506
3827,1.97569652174074,1.2694272494823258,1.181480148384808
3828,-1.9645409940787029,-2.526226820481132,-2.0081855666551927
3829,0.3054446537384185,-0.6436258102460022,-0.0242376284520954
3830,0.6202182457861437,0.0878016653416859,0.5230149840036775
3831,-0.7819129540129458,-0.8396944968212525,-1.0770641110363135
3832,0.7176086266092004,0.9122676227599412,0.710090482704875
3833,1.8236436308373711,1.1810004935279272,1.4696823045259302
3834,0.0209312762148499,-0.374404582326721,-0.9007258689892294
3835,1.2973553502461752,-0.2325115844885298,-1.448026446191716
3836,-0.6710505531443913,-1.0138711509070233,-0.9329373422953694
3837,-1.1518760287119252,-0.5219070601263113,0.169947937048296
3838,1.310768628324313,1.5975378742464352,1.983284384445385
3839,0.2910320205706795,-1.3716191702994398,-0.9076299023879132
3840,2.3740632646837696,2.579031087069521,2.802108091606068
3841,-0.2686337895832097,1.058294294629308,1.2792681143131517
3842,-0.4244461430470284,-0.6596116983208683,-1.9843928565965012
3843,-0.8003263607274756,-1.8516959208705024,-1.1494047991018324
3844,2.724333291241409,2.7660708034819788,3.2750538165488896
3845,-0.861055551552175,-1.4456990924768025,1.1906035083947486
3846,-1.095053784496995,-0.5624275117749816,-1.5875427952702152
3847,-0.7501253993293499,-0.661094584622891,-1.5781886751758232
3848,2.46216152202034,2.506759477505402,2.669656641950289
3849,0.6535940579620529,-0.3125657358341286,0.9596893209460584
3850,-0.6730693625463134,-1.6453830813370265,-0.9411751048249823
3851,-2.694626754808043,-2.82026212644089,-0.9903452285134202
3852,1.1440160853040269,0.2570993892522035,0.2139822944651056
3853,2.643389667690209,1.4912246437258647,1.6442263833833566
3854,-1.904671900561332,0.0174025400820517,1.976038731182468
3855,2.2556995354074,2.089608507109913,2.2303420630627424
3856,2.2391737091730617,2.9720411310113537,2.5491319710834164
3857,-0.179634168084643,-0.685197425621132,-0.9403581607181294
3858,-0.0136126627979006,-0.5576311717220136,-1.889819050691412
3859,-0.541709162753281,0.7722044066745332,-0.217687983468363
3860,1.007420365258977,0.5645605504762925,1.1672168382997097
3861,1.1442142967478155,0.7646535896860844,1.004885514838858
3862,1.5591489904207358,1.6315469745802862,1.439471224008338
3863,0.3487245694823513,1.0932911835841317,0.7128198360210849
3864,-0.3669549822487277,-2.3627654819653867,-1.1699296650907896
3865,1.7602457943755403,1.9340823996893357,1.3609935050862942
3866,-2.3152382215812315,0.5977772888973508,1.3120632095678892
3867,0.8760207648942229,-0.324310497289725,-0.4002228371414709
3868,-2.114595476378724,-2.306342317945202,-1.8305200813970384
3869,-1.468223715260249,0.4904734141569626,0.1217799657305015
3870,-1.4068249533553248,-2.251594636855595,-2.253129669391554
3871,-0.4220550619019957,-1.763606546994075,-1.80699066665247
3872,3.777424608479471,3.3604901219932795,3.7296888879666095
3873,0.4367404456550098,0.6637270877347112,0.7107058029381571
3874,-1.2048910893782572,-1.5823864664237188,-1.3382919680253011
3875,2.2239074088258235,2.375497936540976,1.840939533932826
3876,-2.212804879504593,-0.316933960656742,-0.3208376275829567
3877,3.08735803350362,2.6266664737999053,2.30916549387355
3878,-1.468325758331522,-1.6646873327287797,-1.1563247968808734
3879,-1.3417642870499926,-0.8799003093946178,-1.342401108677337
3880,-0.736096076744734,-1.8515016465617324,-1.1330786002981874
3881,-0.4717344252528966,-1.98551109511103,-1.14716354540066
3882,1.2625522637279856,1.1991548132309302,1.1149591443737212
3883,-1.1331946108034243,-2.296362686809795,-2.7173266018791216
3884,-0.5597242090164951,-1.3868345540862748,-0.7524822431677525
3885,1.808331086669298,1.1945632082977744,1.073253955849882
3886,-2.067875600080386,-2.161501745812667,-0.0770577843892054
3887,-0.8225269044129598,-1.8074325454724167,-0.9250860204258968
3888,0.9498213003162574,-0.8502710444479014,0.902180071457414
3889,-0.4745360773979568,-0.0839319341530601,0.1201409289982021
3890,1.094753147908902,0.1586868179778614,1.8505138565741712
3891,-0.4814740549267966,0.8137935058559451,-1.535632711620803
3892,-1.1925538833718905,-1.7723397562795449,-0.0631600861583083
3893,-2.70207872937564,-3.2998660279002263,0.5694198668243157
3894,0.8700117670229718,0.5390096122979269,-0.1745331144203165
3895,2.6898435053320724,1.6191993458051384,0.9214768988211122
3896,1.4621461235857407,0.3049548972658363,0.4085545293924096
3897,0.097010774229037,-0.0560703384178291,0.1714507506024912
3898,0.2174485272290541,0.7079528636970517,-2.2085519359880346
3899,0.2678110801594724,-0.7307064082549278,1.0016036649094708
3900,-2.262134865787208,-2.503530965353527,-2.3046902631612647
3901,1.0339824837758342,-0.2941087554061884,0.8272409055513142
3902,0.4317495112158814,1.1589186817591643,2.6539548288757917
3903,-1.6895808747353915,-2.6674195574286825,-1.5557509504339515
3904,0.5509555199205084,0.5430783488982597,0.2740925244393499
3905,-0.7669147136766787,0.8033028464091299,-0.4669938754990267
3906,1.3206247784242282,1.357656118595887,0.9960183918899324
3907,-3.198390310623898,-3.1769375508072155,-3.0261649077696005
3908,-1.8673836947770128,-2.8241267686740086,-1.3432663554536206
3909,-1.4095202063769907,0.2765440111083455,0.3642943861278034
3910,0.1894754018319576,-0.3082249143649271,-0.4945108029258439
3911,1.4008903786360878,2.403716159452643,1.9149554576678247
3912,0.7142869589002484,0.6706259026394106,0.613545132852011
3913,0.3422639298957834,-0.6395604387091167,0.5036540882251335
3914,1.941445871762668,2.860021062542656,3.3257307834798184
3915,0.7414690124213342,0.4025200721383744,0.4672614929916845
3916,0.5634967423475001,1.473610070171531,1.6208224454003584
3917,-1.4701353803647137,1.039698530612379,0.7991564307061446
3918,-0.5726756993501332,-0.5751504811126986,-0.2588617511526642
3919,0.5060625710940034,-1.2515386009789031,-1.4570162924210033
3920,0.2793758022254882,1.1969652242737148,0.9084873586161588
3921,-2.4342092549656367,-0.78763787043804,-2.2551515997494924
3922,0.2041524746571981,0.7804143142951352,1.1369803361741542
3923,1.291233274682783,-0.6032203770728947,0.7142718244142632
3924,2.9511835532021244,2.90490702037983,3.102796008712703
3925,3.0890839292802053,3.170356498571728,3.3789458421386267
3926,1.2441513074690709,0.4760649983411525,0.4765327104133571
3927,2.533075920661733,1.869562782043533,2.088412848589273
3928,-0.3487323824254824,0.5071359857091249,0.6957270494889485
3929,-2.2715982272236808,-1.2085652906605864,-1.32070847334694
3930,0.666221591235334,0.716493660814162,0.9051972953905408
3931,2.448932706079677,1.7715330889576322,2.3688363235382544
3932,1.7907689086200456,1.93298947684,2.0278382807215536
3933,-2.9691101952719423,-2.389568309189266,-3.4517686670377588
3934,-1.393161927565041,-1.8567109622802145,-1.718029962974951
3935,-0.5391850724315889,-0.8104297663352037,-0.4561567191433417
3936,-1.290719129150599,-0.9743579190083936,-1.557379507671459
3937,-0.6493442961577277,-0.5138032729907325,-0.4511084568057101
3938,1.3051852269740742,1.1590305871289783,1.7074457388013522
3939,-1.9851120958248345,1.9216755104522765,-0.8596517520695055
3940,-1.1215253715935514,0.0391204745549247,-2.2134879562900363
3941,0.1851908651983909,0.0522045203062795,-0.7098297760251107
3942,3.175934144205105,2.607712789175938,3.39816388348754
3943,-1.2475984848848447,1.7548843958375269,-1.7391199745186248
3944,3.300201838662774,2.806856077030324,2.6789982969253425
3945,-1.0596582706269788,2.463514135856109,-0.3670719690126366
3946,0.0132743431592359,0.6149223341652021,0.4783653428304507
3947,1.4734220996505347,0.7673658303605412,1.1621978203892822
3948,1.6410780328735932,1.154748766897585,1.4527205860343466
3949,3.355398789750123,3.138452292212035,3.394988232364276
3950,-1.9377828669759507,-1.176277553445301,-0.6954175731834615
3951,-0.6079896759645669,-2.512886885640384,-2.2408415670172244
3952,-1.8707280642149424,-0.8411842997774348,0.2055636795949005
3953,1.405500961728548,0.7115019489242925,0.7591921305561525
3954,-2.252351186956413,-3.031479125326894,-2.118921098333268
3955,-0.3945883428494931,2.007695705158578,-0.1801243430532537
3956,2.5792167038778997,2.08694315132293,2.983329891053237
3957,3.1506545803171075,1.969031346849742,-0.0401907491008995
3958,-1.3496203307994024,-2.213653477277644,-1.1673333049139776
3959,-2.418141794398984,-2.6846419913189328,0.3821082353575978
3960,-2.1620538869370183,0.1827959075653812,0.2226947780331224
3961,-0.5001552922805408,-1.2228885293336866,-1.8984598094637704
3962,2.204416313595214,2.236848531597609,0.3106669809307135
3963,1.5106231085597674,1.089833202599624,1.929540588685024
3964,-2.06538817397776,0.6543895925488987,-1.4346492145015943
3965,0.6191404177715312,0.8046148148156828,1.1482399042304643
3966,-0.6404116208040925,-0.2547439578375645,-0.8131255510656986
3967,-0.76228417674171,0.0648523213286395,-0.0909745168241017
3968,1.3180769253133908,0.366800157914562,0.4725971662554354
3969,-2.1254912082668507,-1.4643461510536946,-2.411597793363705
3970,-0.3452205800897994,0.3589642133354956,0.7349669180765425
3971,-2.1658158921168047,-2.6900868735161643,-2.557238107185928
3972,2.6665110883517738,2.7946194692013586,2.755633475174832
3973,0.6952478601305925,0.7381321709060066,0.5194110287383562
3974,3.5679954226184742,3.279728985380741,3.5147372837582957
3975,1.546825363862553,-0.0832267176194284,-0.7241572921283833
3976,-0.4103636860747154,0.382344539520746,-2.2210748200302435
3977,-1.2411930466034795,0.0389823226297436,-3.4325922353621943
3978,-2.932238575036866,-3.445096375261644,-2.798852928964606
3979,-0.4793208299455955,-0.8253624348254196,-2.077779141148673
3980,-0.731120093798032,-0.7552038801312878,-1.3732745619660065
3981,-0.7735175558232474,1.374627351840547,1.0482447196165194
3982,0.3204093863153256,1.0343033241588688,0.0689047083776067
3983,-1.641887978599598,-0.1061735779095103,-1.6800883333239935
3984,2.5709425460945368,1.458413978687798,2.551072018501569
3985,-0.3808229761449901,-1.7270660645925011,-0.8716181168829541
3986,-2.4581677754900606,-1.7729982461936706,-2.075549148012351
3987,1.0447390746584604,1.001040064861063,1.390646668290633
3988,3.225333161678096,3.1831791546115613,3.0133994768667933
3989,-3.1899554521185385,-0.3555966927059314,-1.1709354776556598
3990,0.7599349482847002,1.3833731459005714,1.5906287215273407
3991,-0.1937790001279767,0.0061697290619411,0.5200613701867892
3992,-2.414769542896093,-1.4543980697187742,-0.1704355990325201
3993,-1.0559010326453138,-1.23331878056245,-0.3185357343265956
3994,1.4558609898040715,0.946102474588289,1.9402847075565768
3995,1.2404634095687996,-1.4802609068729602,-1.0950023591418083
3996,-1.866561035740362,-2.101833073067488,-0.3010626814807244
3997,-0.3698972972352619,-0.7318964297714725,-1.0607388810419087
3998,-0.1252025329018264,1.415400238808926,0.5133735415906934
3999,-0.4341389555410653,-2.710782139377617,0.2056248041468251
4000,3.091019308742128,2.710802070024792,1.8450045861661517
4001,-1.8077632619873456,-0.3522750604437352,-2.1638214348934395
4002,0.10656343294611,-0.2865109922814639,-0.040276292495355
4003,-0.4467582292254504,-1.9398211945152168,-1.4056514580356856
4004,-1.5560978506371272,0.9997738368458904,-1.488837906105493
4005,2.621540514186677,2.2771746436578453,2.1966052102822764
4006,-0.4452361673589051,-0.3088386456918626,1.035696678438356
4007,0.7304493185200641,0.1476405346793214,-0.0980945724076773
4008,-0.889394612726571,0.2821334885730635,-0.7405559314956429
4009,0.8551462851175086,1.1884606547712475,1.8893450788813533
4010,-1.82901012710906,-0.4201552149811385,0.4770037596022471
4011,-1.4087098673205949,-0.6738323745645994,0.3742026813852567
4012,-1.6430854840536542,-1.9405124093464188,-1.130906837466819
4013,-2.594841516155068,0.0222242280515938,-2.8708132996767435
4014,1.9988942945483312,0.8635682780654407,0.962677380172641
4015,-0.4268273856382776,1.5956297889759865,0.6631573857705247
4016,-1.3362430153837324,-1.736464524925545,-1.595404428212843
4017,-0.3950513559092927,-0.6954781003537959,-2.2550674648616065
4018,2.146373733975936,0.6716189712953903,-0.3110306469778996
4019,0.2896805714722623,0.0567042000286488,0.0508432223845554
4020,2.10629398541899,2.0229090633021327,2.376099479988388
4021,1.1355532787389446,1.140848736845414,1.8974897065391725
4022,1.6768714106452849,0.6843449760084857,1.1816062876886066
4023,1.7296621303173176,1.297013611944145,1.2658144793947277
4024,-0.8797132245888067,-1.0311032219285765,-0.4918119384123075
4025,-1.1495094971398918,-1.5425021827799072,-1.7205977011192866
4026,0.3480667439568503,-0.7756411818747906,-0.3529158942194129
4027,-0.9239381513074144,1.8582575871665403,1.2376779164530598
4028,-2.779892625703404,-2.714380281346122,-2.51082467042412
4029,-0.0641867073572432,-0.2352455490924702,-0.2006655572228465
4030,-1.565032426354361,-1.6511255469050277,-1.9238275628232653
4031,-0.2154659883525545,-1.6764697799780184,-1.3830129179769557
4032,-0.0490993299095127,2.729448929974476,1.5451527585675766
4033,-0.5084510828201316,-0.6212227264492348,-0.7041756083389832
4034,1.418417781711807,2.044719944750273,-0.4878916296489128
4035,1.8488750760615773,1.3716916599547662,2.046512231952452
4036,0.8700210334527014,0.6910390863647462,0.9542032211475432
4037,0.5768220065386025,0.5335522764638383,0.3054762472666682
4038,-0.868771673801189,-1.0609167067937433,-0.6378173074930616
4039,-2.5769579119909896,-2.7052320180140565,-2.5121064137805256
4040,-1.984360058848204,-2.5042493595841258,-2.077177076906691
4041,0.6077832370524253,0.383903595654646,-0.1334724081418021
4042,1.8607889164758984,0.0902948587896522,-0.7678448098036914
4043,-0.3268218773310108,-0.2459391551748836,-1.712618887505676
4044,-0.7476915405512984,0.4301048384113625,1.029758397286685
4045,-0.8449066794002033,-1.9609676128838505,-2.114941649719378
4046,0.2546494631985776,-0.5045535764225347,-0.5871962208753199
4047,-1.1957051111918668,-2.254061678166959,-1.7255459820426562
4048,0.6834194657068947,0.091883575258845,-0.0332387308938564
4049,0.4850736620907461,-0.0669907951092302,0.0687713633238982
4050,-0.2058396049568074,0.2260957246597301,-1.2628438901012145
4051,-0.9813846488505968,0.8654239844158754,2.4977323101996265
4052,2.92778249623475,2.68570513946577,3.565236098531513
4053,2.741348232476953,2.578080864592857,2.111220427710589
4054,1.889062915596417,1.3946447851173445,1.564836568398342
4055,-1.0992008388423622,1.951714247720437,2.351174062167539
4056,0.4303202993159885,-0.6595666471387273,-0.4745306212669667
4057,0.3025570806258834,-0.6231895687399334,-0.2593785821168977
4058,-0.8035393739619194,-0.6178590064532984,0.3441853652554463
4059,-1.4057135004443624,-1.5638430779675994,-2.345741652382528
4060,-1.3130859665515948,2.1001473732252207,-1.846041327348198
4061,0.8118766469468868,-0.0431067187281719,0.6193099641531953
4062,-0.584519648957852,0.2985452863405581,1.607618649997265
4063,1.666861608693434,0.8664576899625378,1.1933899537538644
4064,-1.107860806149355,-1.6401067723059388,-0.6960287407641906
4065,-2.066020648601961,-2.3506572859353225,-2.1619400609206134
4066,-1.8555593664187453,0.9460732341419952,1.7941654873807895
4067,0.645742797832618,0.2474880257384008,1.431902819753866
4068,0.2960556450265132,1.1830549280019498,1.466544521019032
4069,0.4850267645255867,0.1207907626749923,0.9108810484304312
4070,0.4419542135750991,-1.4341494097887733,-1.3201677609102138
4071,-0.4577662698306959,0.0366613842548448,0.4258455200396059
4072,-1.3258040612849984,0.1601510251529219,0.2747181452373862
4073,0.9127972128964914,-0.4990263718469866,-0.0745581833137254
4074,-1.7313256043432044,-1.8636188447362083,-0.5140114986317359
4075,-2.2683043091270023,-2.7690030255179825,-2.409741855354094
4076,-2.12543926833832,0.338217089500654,-1.2590669952547784
4077,-0.1843889638843847,-0.7074796219143187,0.5738361132396467
4078,0.4152496630279668,0.204249611811583,0.9170525839797664
4079,3.213393008127029,3.119871974396068,3.339257728945841
4080,-1.5575921123417584,-1.8732840789013716,-2.881558330005709
4081,-2.374367560661635,-1.9683717603922648,-2.602602072019794
4082,-1.1835059820905367,-0.6029410908535807,-0.7917298680052197
4083,-1.1260066945784224,2.1043517450964315,1.059003098412228
4084,-0.0104822223984188,-0.1545448720768199,-1.42431586880323
4085,-1.5959169173733585,0.8585209814814728,-2.1176426391375984
4086,-1.5501167429569682,-0.2560714154676896,1.1465519531728916
4087,-1.236495715647178,0.0119548278626044,-0.1796022531141585
4088,2.7144253893813315,2.614453653935191,2.811983644585192
4089,-0.3207959394166302,-2.249055486651278,-2.055010493077308
4090,2.891609122160007,2.7375707283436657,3.254916525786686
4091,0.7556981975603544,-0.0871462251298363,0.2411598733103985
4092,0.8063787540208627,2.045151537792595,2.3334223558714653
4093,3.8177265791272696,2.521105274920596,2.7388396499661143
4094,-2.0790825136682547,1.052358926087607,0.6444737814253335
4095,1.1523140351301258,0.4036553383073526,-0.0625833575197115
4096,-1.0414671066700252,0.7651459297669893,-3.792673333780267
4097,-0.0984217867294045,-0.0909065745717284,-0.6024803606014717
4098,-2.9215770332998896,-2.825447200605496,-0.1610020141562917
4099,0.4837513410872963,2.3920911477079505,0.9065636227066894
4100,2.2013766796234893,1.6656147025328798,1.2882576470235458
4101,-2.339136181878141,-2.100025851190624,-1.1076766112424037
4102,0.3771814180668087,1.3859146190059402,0.567588738210889
4103,1.8353890884675708,1.1477316818928125,1.637703378243874
4104,-0.6244851879694794,-2.030314703126378,-2.4606434730130293
4105,-0.5427575703704461,-1.3282680116386767,-0.6055582397049653
4106,0.7195555495479201,1.6993985729621794,-0.2122361534639295
4107,-0.3803845628541399,2.048829648057959,-0.332890771456742
4108,-1.589116222985174,-1.0282715570545145,-0.5986237367003607
4109,-1.0141155260819843,-1.7723024151519835,-2.5273296356396915
4110,0.3110585941263954,-0.0870802076060332,-0.3582915638382206
4111,3.005281155098636,-0.1176823383760326,-0.5822956596608473
4112,-0.278891172439459,1.0986678956780322,-0.3326772788174085
4113,-1.6287234666076966,-1.754708396398049,0.3411739772042788
4114,1.3394134898251986,1.8244186220443563,1.6398362666277004
4115,1.916348928340685,2.219021668279505,2.705884088844199
4116,-2.535840152121628,-2.5646160894512717,-3.0467606889523484
4117,0.3892145369713774,-1.633459447953744,-0.1684733507078363
4118,-1.7780949490632347,2.055007317537112,2.512284286540448
4119,-1.231228566795425,-1.4833088902412064,-1.6402445541587456
4120,1.713790910159927,1.1503724093100098,1.157333314427587
4121,3.2181987183322365,3.215307319240402,3.508101243897371
4122,-2.6316435601964288,-3.130952074663838,-3.159642836514216
4123,1.2129046838057924,1.0659334557607163,1.1117128121122908
4124,-1.9124850496207717,1.9408640739642151,-0.4630676455897216
4125,-2.9210635096925217,1.7309283442621777,-1.6675589729593527
4126,2.7619397383446938,1.045895982924349,1.4177514767956825
4127,0.0723565910253534,-2.165603312626021,1.5094568757519833
4128,0.9982365092110016,1.3744421722019184,2.8129672370947323
4129,2.6096341690951115,2.5882467702813994,2.0125378357489985
4130,0.215468982001368,1.76506005719286,-1.0194067745002804
4131,-0.6765020523604851,-1.7795369475205236,-2.2577614226835565
4132,-2.4739476434927936,-2.9333044560952075,-3.0703847777497937
4133,-0.2931156391489552,-0.9054278463525006,-1.2813095241214751
4134,1.553899467060896,2.3952418193064537,0.7388454416020152
4135,-1.356333833909447,-0.7008203410856915,1.5019805526505663
4136,-0.8824578889616396,-0.7068005864875783,0.0062864110140629
4137,3.251490380964369,1.6242472248283744,0.7165946747089932
4138,-2.411626771831036,-2.4498038721135336,-2.417937926906915
4139,-2.113670039542597,-2.605711933970121,-2.490829867985749
4140,1.5621815782347577,2.791047269106773,3.073776298269396
4141,-0.5673685395980039,-2.0570868506971944,-1.7675860729396944
4142,-1.984618417318994,-2.077238283113551,-0.9269305992930386
4143,-0.3972033758651987,-0.0464154688589379,0.1435634289623377
4144,-0.3234975694991531,-0.3880204029340831,-0.562957587560998
4145,-2.0641455530737254,-0.9430637735771475,-1.561606967088826
4146,-1.3545380025369216,-1.555218359910637,-2.407905489661739
4147,0.081737698939627,1.5041340770144451,2.542713680963456
4148,2.45701435324441,2.1783435097473904,1.3154531133720098
4149,2.491096278433404,1.7526559369329278,2.1672932970166685
4150,-1.9841171221147715,-2.0716548400662966,-2.028812679932366
4151,-0.4162724258748295,-1.2134240764733857,-1.8151040339440063
4152,0.0631547194064973,-0.8103947739420386,-0.3004152701805709
4153,1.8381446750805837,0.2560043109779082,0.6653904850437149
4154,1.9572039563883763,0.5585036231588169,1.839499421683079
4155,-0.9341950383204186,0.310078781155466,-1.2863339030829255
4156,1.177854588752585,1.635552508846782,1.6417249603254116
4157,-0.5662776861784442,1.0334549698408588,-0.6535295740288997
4158,-0.0047756058489885,-0.9585536082699848,-0.2920872808351423
4159,0.0087996433471428,-2.3464695286716597,-1.0864015137911451
4160,-1.3698333617590113,-1.0479670750966592,-2.008526268572254
4161,2.25135064295154,1.9073095667731816,1.1999357248813338
4162,-0.4547062527085097,0.0969311549117494,-1.792475615054265
4163,-2.015652757692581,-2.0628706531501138,-2.304013131848324
4164,-3.0170216337315567,-3.205377049935468,-3.2978982108558195
4165,2.6031231791570573,2.5266903792401507,2.488505261716443
4166,-1.1859630836661486,-0.9691254368769312,-2.010894287681746
4167,0.6037241391358609,-0.2730890311108789,1.0520820015084398
4168,-0.1523129207424987,-0.1421607746988729,-0.4013907898823382
4169,0.0350698216470475,0.1264923782195282,-1.4606452321330226
4170,-1.937262979991784,-2.219488579489905,0.0894184003099417
4171,1.188914657672406,1.431929587710942,1.310133208408639
4172,-0.4200218516634105,-0.8016417437773808,-0.7981639827921546
4173,1.298738343242711,0.4601626106803745,0.7370207868196487
4174,-0.6737179860077349,-0.9676382683160948,-1.5051113808958017
4175,-0.0867990706939803,-1.1864144527236693,-0.8957558366439512
4176,-0.9660236509882636,-1.7726681551385512,-0.5110648806213883
4177,1.006482160492122,0.641636346073364,0.9039276500796876
4178,-0.4631105246651215,-0.8062397252094227,-0.3308278034731138
4179,1.3231508146667137,1.577627568309671,1.000206627770115
4180,-1.5448387750846246,1.9977508737883307,-1.031718856442488
4181,0.7424606393435829,0.7362544536924268,-0.7944122896968556
4182,1.4692004327270651,2.484082754905034,1.520783534028161
4183,-1.6405510296725805,-1.7611757517510134,-0.950691905315101
4184,2.1489891168231723,2.682754249866408,1.8755207486557035
4185,-0.7422620206652016,-0.242105453606953,-2.4551391956999944
4186,2.2364763327464163,2.656411268909153,2.5854453020768604
4187,0.392983317285674,1.062147839797281,0.0062529994532638
4188,-0.5542977627632967,-0.6178951571312546,-0.5563502434132629
4189,-1.846479056553601,-2.171045695630852,-2.3117487673756227
4190,-2.481664256959013,0.0527243239903613,-2.0693561614908766
4191,2.315555554486253,2.655948252004476,1.871524390381252
4192,-0.1485761104457134,-2.362103607161275,-1.0498680199324029
4193,-2.433173125318865,-2.302411855482859,-1.5397522143557714
4194,-2.445754918101424,-2.111238458342669,-2.1555830356590184
4195,-0.92716805533102,-2.559595011071049,-2.0627175098316672
4196,7.689729455263167e-05,-1.4943639013791932,0.667633322009438
4197,0.2103961773640441,0.2437364133773833,-1.2517349530877668
4198,1.6877461911057612,0.5152972533971406,0.7024902493995031
4199,2.3858036486930927,3.06689141843388,3.1494395978608107
4200,-1.2656900356843777,2.724890806720416,-0.4114415724478939
4201,-0.6435509214064032,0.4324856822519159,-0.3609839936690298
4202,2.67790063606583,2.0196082179370154,2.4559122192129963
4203,1.999363646502852,1.0046498655339804,1.6744994864048808
4204,0.0122370090090857,0.9047450105056069,-2.7402458118545905
4205,-1.869977675281911,-2.481975225962881,-2.723395853534272
4206,1.7845401256722064,2.044288224064118,2.536540998618149
4207,-3.130493223318956,-3.0159242265057324,-2.2229192971166576
4208,1.6512555949808672,1.1391918765110818,1.9441358213337356
4209,-2.7208300049057264,-2.8328159336491465,-2.7416426633393782
4210,-0.673761101694553,-0.8123738112375386,-0.6794232179377528
4211,-0.8339035923726134,-2.30388061797848,-1.6889754884026356
4212,2.257360390282372,2.6956028291983323,3.113341075055383
4213,1.852051083379136,1.3933638440630174,1.041763447583261
4214,-0.021630027609811,-0.4694845140513337,0.2577057231329696
4215,0.9018733985712498,0.4018386340893473,0.7168478547148535
4216,3.097542714180473,2.718007215485777,3.3952441026632605
4217,1.1976835051171684,-0.2604659788564493,0.5094507624169309
4218,-0.8759296069528627,-3.102151056403948,-2.070521069295102
4219,2.624984177750864,-0.5167977804855685,2.2462245890230035
4220,-0.6236496453817225,-1.869603654031363,-1.2706074480628222
4221,-0.748661848817502,-0.4978391858014236,-0.5904674608416558
4222,-0.0387597722136836,2.390141305549474,-0.7163095559619274
4223,-0.8671016538852896,2.331245584994848,2.690696980628695
4224,2.828305323387223,3.102507179325071,3.029545966855806
4225,0.2366364844536941,-0.3954141627559311,-1.5322478129936212
4226,0.349473488563091,-0.5429787288249357,0.0001739222550931
4227,-0.7212442319612159,-0.0561483213597254,-1.5558018402521865
4228,-0.4886635550712321,-0.4886380423246474,0.3791567568883536
4229,-0.8682082150415015,-1.5397346266091685,-0.0908376025206546
4230,-2.202927066973946,-1.9448035331596345,-1.6841935991898784
4231,0.8088838316737207,0.5301335251335473,0.8115706135616753
4232,0.0414616302890387,-0.2403918244981481,-0.260598102680237
4233,0.5180854751164653,0.568027371814049,-0.0985785404960103
4234,-1.8183534743001453,-1.2709149479679935,-2.7892822544291067
4235,-1.6850458489144464,-2.4269752785057555,-2.3404983929354506
4236,0.5307211303510408,0.0865422101949134,0.0123609964250419
4237,1.1404900868325871,1.230361866889474,1.101847045254875
4238,0.6234843643278538,0.6010827357666257,1.146411355366545
4239,3.015113750281874,3.128532856319975,3.4642476431884006
4240,-1.097440788966895,0.3302473585890647,-0.9332574556342365
4241,-0.3792200874933894,-0.7287767950476689,-1.0625870388828067
4242,-0.1512056527672955,1.5442559350922456,1.754972337737492
4243,-0.4236951172846647,0.0438467825235026,-0.1509617835749573
4244,2.3337393212817523,2.608257578124861,2.3984165258397567
4245,0.7348260527539099,0.7325091324993223,0.4574087463810629
4246,-2.4142355126450026,0.8044054116056158,0.0628962390109925
4247,-0.8252926938885192,-1.2017714016991143,-1.7560583468409874
4248,2.3268138596842256,1.74313511060315,1.7698109471073191
4249,-1.9236763610999816,-1.9690203745262551,-2.82521784967692
4250,-0.4912946351680116,-0.9511592768317888,-0.3402259796856471
4251,-0.727272831186181,1.512373925677254,0.3240122676377904
4252,0.1274910196991064,-0.0958399749164522,-0.0595759583843266
4253,-0.52239414936218,-0.4756278827383563,-0.1947636641251923
4254,-1.083367929962074,-0.9100212217020222,1.3067154497417286
4255,-0.974546739137952,-0.2149970778661419,1.3751195462142545
4256,-0.6669759510984591,0.8489507281047144,-0.3783412875201457
4257,-1.8455413335716064,0.5195997632163263,-1.7979889878298967
4258,-1.3726565886640256,-0.6923850252720659,-1.4522990641034024
4259,1.9326258687596267,0.5316963661243094,0.5738530662103819
4260,-0.9656293833393912,-1.5533592654366717,-0.0180661387156008
4261,-0.9654472295311683,-1.8520868935881512,-0.5542377201521638
4262,2.7668135121183024,1.084379343815109,2.0169215533706577
4263,-1.1248557728600497,-1.1897276902369447,-2.4950353137659063
4264,0.8209216811998064,0.4801159787318,0.4393563893959343
4265,-1.3052911143985328,0.1230085781937597,-0.69961719778423
4266,0.7578885724672185,-0.0150939412097777,-0.8858147202111863
4267,0.3790222739278622,-0.1851623671605148,0.2536568740948961
4268,-0.7287350658957852,-0.2459614750946518,-1.5474648928705947
4269,-0.5701835083886365,-1.0319999745687478,-1.9844327168623512
4270,-2.326932777521449,-1.896284773393128,-1.1704536893223545
4271,-0.363043314624326,-0.9273988017811198,-0.54835555813498
4272,1.1307215484164044,0.8024000548579432,1.2646960828468683
4273,0.1369292306862415,-0.8035294980600156,-0.9505048038737266
4274,-0.7203017369006137,0.3801301428494446,-1.3027690804258998
4275,-1.3384622968519615,2.292034827586182,2.5062489922642404
4276,3.0599883805463635,2.9143121943957446,3.3042240630379167
4277,3.58442266184346,3.1390543564540176,3.770580486535476
4278,2.831178914320693,2.755246039905971,3.216237523154668
4279,-2.2814878355877646,-1.5166217356464746,-3.013977034484953
4280,-0.0915510020327684,-1.3267614286411908,0.3916736733970605
4281,-2.6406329755852265,-0.5542521610599277,-0.8463667466721825
4282,3.2051936363709763,2.689806900993876,2.407704305807989
4283,-0.2196877217669662,-1.3189268525208648,-1.555091573548203
4284,-0.8491399990348365,-0.4263409645442215,-0.3273449536364983
4285,2.146328447839577,2.369954908826711,2.9033141396151807
4286,1.186996875958113,0.5697620294043458,-0.4103729828342236
4287,0.4402789118264902,0.6636189651540966,0.8562432863843513
4288,-1.7831614202902204,-1.5975863029970112,-1.6319749870682745
4289,0.0955050654988144,-0.1234732246335399,-0.0072455460250378
4290,-0.4064136917714228,0.1154694923844082,0.6551587512665696
4291,-1.8440210543020077,-3.81554747326688,-2.2208516978020483
4292,-0.1293254504122664,-0.5533405927892822,-2.3608917429474063
4293,-1.2548389555612174,2.315363103367329,2.573303977410994
4294,-0.3267535690095101,0.6137266184865625,0.3337826571399889
4295,-0.7127201533187837,-2.4069473408894853,-1.1546442074381242
4296,1.072531613735757,1.2392877259395956,1.830947964598686
4297,-1.810836443759405,-2.0741939117809123,-0.9657462018779976
4298,0.0828971455044256,0.3943089926685369,0.4803720098135248
4299,-0.3409688893668837,-0.6824397908342676,-0.1245961294049236
4300,2.6633520397580828,2.3874273399190997,2.900148257684917
4301,-1.1162699884569889,-1.7971281993429795,-1.6649586383913144
4302,-0.8875956069562446,-2.595268376438808,-2.554847677577849
4303,-0.470785353530177,-0.2929857054805167,-0.8061335341653865
4304,-0.8735158348544826,-2.0163565859390067,-2.69054468331249
4305,2.054353691114156,3.054855830714894,1.2311449617361956
4306,1.1930899030375657,1.141841134672874,1.4908849734869467
4307,-2.0189022598965094,0.5240303775988442,0.6169458084893575
4308,-0.1913460521297119,-1.207718605644787,-1.3977717694810303
4309,-0.0701181979029795,-0.9287218147508062,-0.4854255049672862
4310,-0.0800796345603246,-1.595417177151346,-1.0112197099179594
4311,-0.4899869986502843,-0.8689563488036601,-1.220485949292375
4312,-0.3880057719682998,-0.247553895617321,-0.3800613709162228
4313,0.0501992007471963,1.2747743193741163,-0.6818384356172241
4314,2.5355853076711483,2.471602244505903,2.962416732686093
4315,-0.9581818449807684,0.2542514562990481,-0.1758059149792816
4316,3.048955190655285,3.0857315759671744,2.925112833439228
4317,1.2795628959348315,1.0365222445153772,1.244241799280167
4318,1.893367101880432,1.8405756511411544,1.100012492409136
4319,-1.0413324699250934,2.170807165374125,-1.076244167933473
4320,0.1791711920962893,0.1690082762669961,-0.0279364279116085
4321,1.0491604244350587,-0.3266659517078173,-0.0596253239093413
4322,1.775801973016615,1.487663416319376,1.9274970378346092
4323,3.014043905162445,2.4077390330006376,3.0827232639903244
4324,-0.5293533505392113,-1.1710556149707667,-0.1972675022153803
4325,-1.5577592380019567,0.8222878732853424,0.3150656168139093
4326,-0.3611159704483383,0.9496318097546697,0.5584177285272482
4327,-2.077743539131934,-2.989225883993809,-2.740309263122648
4328,-1.1466187901737876,0.368270759670899,-0.1816084063158669
4329,-1.3388865859923185,-0.7815734768520771,0.8556866553211867
4330,-0.2177715923725573,-1.821583220538017,-1.033056908004551
4331,-0.8419356003540871,-0.6301174392101154,-0.6543101678692922
4332,-0.4455756407779825,-1.3764900718389488,-0.7542291105497017
4333,-0.6141716902803684,0.1689523947312239,-0.5844391334334549
4334,-0.7144658713861602,-3.083352251565186,-2.827928752511335
4335,2.852228092797864,2.0470973719931296,3.5633987624564702
4336,2.2155709619083965,0.6550788486281723,2.481589230984789
4337,-2.2567474246099133,-3.1124673887002863,-2.4038458292171025
4338,2.200433458042998,2.4622270267872968,0.9114093864576402
4339,1.5315412759711309,2.05182389289016,2.218788596468201
4340,-2.8527397004372133,-3.130030640950774,-3.589838734170608
4341,-1.1971854473990562,0.8504424769910359,-1.245191353080048
4342,-1.0412864314109775,-1.2893151979212374,-1.63179488913857
4343,0.9024239818494932,1.8005633736158648,1.2341128531453365
4344,-1.6824604884310743,-1.94054957888143,-2.2541210109029706
4345,1.8672821975715157,-0.5919124522884482,-0.1181192733328561
4346,2.974011877055148,2.845402312383374,3.209520331990418
4347,2.1386478393483803,2.5265392355245204,2.61064428397843
4348,-0.7322407186707,-0.5772225756563859,-0.348411708611007
4349,2.52419930971794,1.109785198351527,2.764786276773468
4350,-1.4389726094852937,-0.8227628921226353,-1.941740206942713
4351,-0.5154208481827903,-0.8577438102217182,-2.4135485888014774
4352,-0.6889463292703216,1.0042714536012896,0.7625852685955777
4353,-0.2366278256633237,-1.0136591238278805,-0.781906942390104
4354,2.617432850440069,3.049111095798044,1.0536291186547817
4355,-0.6090164116815987,-2.0304782942327253,-1.117357990322338
4356,2.538838122055177,2.354254903789604,2.215373129453699
4357,-1.671586465891146,-1.3221713260758394,0.556628542968973
4358,2.392878799439082,1.1692066648613548,-0.4165554174714689
4359,-0.6595475315833511,-0.951296191135236,-2.104562677338268
4360,0.4411152842801845,-0.0209008454781252,1.191912325571477
4361,0.8999960950024705,-0.0231868160833764,0.3019087933692983
4362,-0.3218386943531458,-0.4221250722218226,-1.0606703837296203
4363,-0.2006993607460957,2.1183420914589064,-1.0269458698242204
4364,-0.8609873886938623,1.1451775232603267,-2.738109396205935
4365,-0.5052900673068118,-0.7501437231336965,-0.3185401939279846
4366,2.014097320309715,0.9916751896971618,0.614059838732277
4367,-0.736023930908144,2.248071700396406,-2.0735317861510234
4368,-2.008714921699883,-1.1342310641369382,-2.1007060818087786
4369,-0.3171759089343304,-0.5629065330101478,-0.8514685242027419
4370,-2.3984449852590357,-1.6857937398343807,-0.6055151451106194
4371,0.5726080267560772,0.3462068362927345,1.77965805796443
4372,-0.2905536165309972,-2.2584744735070044,-1.7300477497718962
4373,-0.5052323882785313,-1.0081793021173973,-0.8469443181716142
4374,-1.651521875017584,-0.8737199450459461,-0.776219528191336
4375,2.22115498905256,2.4159822830338875,2.4666687324925576
4376,-2.4695641778949207,-2.725242789369798,-2.8146740758068005
4377,-1.4684654994699806,0.7534893458679696,0.2806448792481496
4378,-0.5430814002999472,-0.9580660423600984,-1.4630627133507046
4379,-1.2115649170105125,-0.812432204072063,0.8232390873700942
4380,-0.1121788702620843,0.6242543655280678,0.9110183823973832
4381,-0.2789333056080276,0.2094462187044955,0.6391680034524929
4382,-0.4230351996654224,-1.963231685058592,-1.2132925630290397
4383,-1.3687178608182782,-1.2449020946028484,-1.3945933781999305
4384,1.502376373568434,1.4688567252886628,0.153269718751975
4385,-2.2675672063526378,-2.521054589793758,-2.413313532628504
4386,0.3660794184167146,-2.391405880433457,-0.299334676420629
4387,-1.5510024351949814,-1.3951543630690648,-1.0282565603145866
4388,-0.6357135140467153,-1.1042176106953785,-1.1160577236631843
4389,2.024828175485564,2.7994162805355622,1.5859474116410943
4390,-0.3263124302278215,0.2478236813469416,0.2342960906121368
4391,-1.9220036768674416,-1.967797290923544,-1.9203557479732245
4392,-1.091874096085155,-1.5316191397948162,-1.864281711758039
4393,1.7004732543518264,1.0919608268486896,1.2881143613359782
4394,0.6515351065447652,-0.281833987851136,-0.7959217850362353
4395,-0.3931764772008303,0.3775168085111188,0.2363674923099576
4396,-0.8706882655493164,-1.5127940512052551,-0.6530336275816084
4397,2.972682962188468,3.2659753022803564,3.0010433824133727
4398,2.9566296981146345,2.566439618501131,2.607762445033144
4399,2.27874722234114,2.2804523744288017,2.910230247745608
4400,-0.3160853236101005,-0.1260832026999139,-1.0150399313031575
4401,-0.5869075129696351,-0.9445872729447294,-1.1056612608528449
4402,0.6941621774349755,-0.2140300164032393,-0.7820614590029829
4403,-0.8449720861904104,-1.5557242697132876,-0.1318491558309161
4404,-0.4412040481383805,0.7078840584184787,-0.8109182607401195
4405,2.108857445058323,2.123466963793822,1.9305044872655888
4406,2.0811000508775748,2.0638435171218923,1.699674773341226
4407,-0.2256098271926283,0.8726181363739588,0.5997615434903194
4408,-0.4545719194801918,1.129131666908435,1.4524570822699918
4409,-0.2081546127548327,0.1033629260309572,-2.121991357521994
4410,2.4310764103897533,0.7611315366898249,1.568471833787594
4411,0.5716432663222591,0.1688125392046712,0.4768537713759398
4412,2.786007090709001,2.0256021783167197,2.577585039378709
4413,1.1395570391571357,0.5941438069200634,1.0112586550323066
4414,-1.6301375494506518,-2.4105611894379586,-2.0312609608384125
4415,-0.1158539619714909,-1.8901789718409925,-1.354440958024001
4416,1.052815580374887,-0.9157674910219172,-1.0263804487817445
4417,-1.3205269662433137,-0.8562999556463103,-0.7802119139639055
4418,-0.2932649015504638,-1.4682449462519211,-1.5497777072586847
4419,-2.170911393393443,-2.904166818690621,-2.3123523645590947
4420,-2.5655213737805376,-2.631070056789579,-2.523455634671544
4421,0.8239437178315692,0.2458635221993338,0.1177796754259111
4422,0.6185131005094799,-0.0984567114241954,-0.3803185665708722
4423,-2.279242404158819,-2.154688647696834,-2.627252236732385
4424,-0.2083466770136641,0.4844667277515314,-0.6221173939888488
4425,-0.1383123769546808,-1.3530276610994854,-1.1525413422134
4426,0.5373449481227826,0.2503644513849118,1.0481661563650086
4427,1.189840036784544,-1.2476276088122829,-0.3978660058892689
4428,2.389496463273471,0.8108653934434056,0.8617354512010426
4429,2.225913835470036,1.3498151401831906,0.9953376862068646
4430,-3.622427866069476,-3.4473362694990297,0.5525195262244422
4431,-1.669036034539899,1.635594753401933,1.9141116194530816
4432,-1.7649621961219366,2.177693840819491,-0.3634050852294871
4433,0.1531493663122886,-0.1018468480687593,0.173025196774486
4434,-0.681894476321751,-0.4103629240452476,0.2462860069015241
4435,-1.5096036248366678,-2.0562034190734093,-2.977839882278288
4436,-2.1141129899808293,-2.116538285038254,0.8606879010856803
4437,2.807781178462156,2.5520905619200693,2.4331434325506973
4438,3.0569569682434907,3.0474060138123527,3.095503853850196
4439,1.892159088930216,1.5290643305731506,1.9351383838703369
4440,0.1375593492963852,2.950945483824617,1.430982272783359
4441,-1.8012501081782777,-1.533975161065815,-1.3430003347390798
4442,-0.6094913882796935,-0.6520012735486249,-2.079929794373168
4443,2.647287766781906,2.360824816498768,0.4600816959507392
4444,-0.9076076047077586,-1.469987973384447,-0.8176774590853876
4445,1.143183626378082,1.093830825689624,0.0622773339850604
4446,0.4368252571844193,-0.6012637115888836,-0.4497197038222671
4447,0.3178666933486855,2.6743023769701453,2.888103389287967
4448,-1.7166709636888922,-1.3006551515016058,1.1885893135858836
4449,2.4165916531913703,1.92419052327024,1.6017492758224412
4450,0.6170243772117593,1.1319100705368672,0.8997949192229502
4451,-1.9232789408401465,-2.205163367030588,-2.3609513807877858
4452,1.6229336825771576,-1.9414955550907989,-1.854574828333792
4453,1.344089718117738,2.6831109648070397,-0.5505034288583314
4454,-0.1123845599435787,-1.3310564677466037,-0.9180935569222872
4455,-2.508042989811906,-0.4847068529394895,0.0874691671700986
4456,1.4844947652396947,0.013245325077099,-0.4305172013364483
4457,0.3475414402675947,-0.5657301044716362,-0.6271954859068353
4458,1.762568801557879,2.024104366801475,2.079001239344224
4459,-1.7159056927876992,0.5960287049620948,0.454850588259337
4460,-1.0526130212659046,0.1225790530165729,-2.16620397900099
4461,-0.3510115854246181,-2.679797633556437,-1.491050508929846
4462,-2.603589243165908,-2.1108510664444005,-3.112996679731722
4463,-0.9633627869525512,0.1756236550349088,-0.3440567285665354
4464,2.822142932710457,3.0383456510700277,3.083144175425603
4465,-0.7121489628055306,0.531664454649984,-0.2117338417068538
4466,1.5393677949382576,1.5042682105538332,1.9925660080626677
4467,-3.5276775142123444,-2.2774052690412963,2.3496397721660887
4468,-0.6954353132294737,2.1550370479260303,-0.1508504663102894
4469,0.0689303311592475,-0.7347597365625994,-2.2140750461273133
4470,-0.3321393494390551,0.3883541172726973,0.6150829090146738
4471,1.2241219762355,0.1683443527172684,1.9885567748901096
4472,1.978321211271328,-0.3085525235324141,-0.1657986620124506
4473,-1.8499356778910436,-1.1869436053630318,-1.5061313310380968
4474,2.967680092530666,2.8678464243643056,3.29637176680176
4475,0.0669303667921197,0.9472641754575788,-0.5101885298773877
4476,3.125754077008715,2.626546256031052,0.2239401328607009
4477,1.2288705666676465,0.8242764035873952,0.7805048179833708
4478,-0.4016805293406057,0.7166055351480873,1.5839123659490364
4479,2.041978698329932,1.7795879333700768,1.8883855018806504
4480,1.0992056996023092,1.2358770409384334,0.5991487078959888
4481,-0.0770277806764591,-0.2796706722706409,-1.0116719802411367
4482,-0.6955613136149612,-0.5734398828689653,1.1900332677023409
4483,-1.4473834957528375,-1.6024554884195823,-1.4048769003340549
4484,-1.9694741010458043,-1.5985590421734506,-1.6894589455981113
4485,1.9830607652335928,2.7163339642008197,3.2362771188714845
4486,-0.3329207649365978,1.738786193316063,2.2237228483439875
4487,-0.8566414312967304,-1.694660964437383,-1.6940834612262208
4488,1.7764392276087972,1.800971333711789,1.7816326108382918
4489,1.534334670511058,1.0915704768576489,1.8202444653172636
4490,0.5240611272504865,0.6080698648437404,-2.117124601500856
4491,-0.2309388591532387,-1.7253124032216278,0.1192527619159077
4492,0.524551119488926,0.6556371887905369,0.2937861332228954
4493,0.9913494077166712,1.528464412185305,0.3751486307901438
4494,-1.070811203092908,-3.052132221189757,-1.9861204190820652
4495,-0.7683495148993208,-0.5038406665179657,-0.5560127847321491
4496,-1.6388087261591189,-1.6336435255390984,-0.8807670226908609
4497,2.6445478460259157,3.16862549476115,3.30091010557215
4498,0.4349969656039033,-0.2119175875519204,-0.146058184911508
4499,0.6160970535644621,0.3323485243668913,0.1908092569225235
4500,-1.8567431140063624,-2.754819456032493,-1.8559728263357007
4501,-0.6516024446888188,-1.476457686529329,0.0338434766393701
4502,2.8146972626887203,2.84395149783887,3.008328946373128
4503,0.7617729108054524,1.9925006950211448,2.488539305800605
4504,-1.0886436080678248,0.3749838856202765,-0.6271906319189289
4505,1.8910466307072016,1.488481459566212,2.127739811214711
4506,1.5260129840828631,1.1086853836911172,1.6361245235983926
4507,2.068613531037496,0.1835687837897752,-0.6097576557028497
4508,0.7803688335597488,-0.6243473703669715,-0.6469244576027866
4509,-0.1609313582948294,-1.1553147095080738,-1.1939611904211194
4510,1.222966983411624,0.0207552778889484,-0.4630525371664374
4511,-1.1821243312217344,-0.7653312164424244,-2.40742479807288
4512,-0.5986181281634771,-0.4497411625720827,-1.0083437549211676
4513,-2.4042544073282177,-2.3185618217894026,-1.4673700293368677
4514,0.2139098816143222,0.3640036095480109,1.2314110405035013
4515,1.009688299894753,0.4725311486137006,0.4687187317416049
4516,-0.5902697739510745,-0.7484368846556683,-1.416612884723171
4517,1.2004399797722562,0.6518579775631356,1.1234729214577093
4518,2.0002525241487814,2.919417803827288,2.463509485814842
4519,2.120955676230428,2.084765250817164,0.1459998198483087
4520,-2.331553375414676,-0.0851015804157085,-0.1514748423873719
4521,-0.3411829843680297,-0.6221921145030148,-0.2921617641968379
4522,-1.5817126946499025,-1.759821487823214,-1.2458161086539188
4523,2.577349145885871,3.135168128092545,3.244164190038912
4524,-1.4775866287828987,1.3987197750892897,2.2507437513170245
4525,1.7772091282484443,0.0902153147470325,1.003206290824086
4526,1.1385439942724418,2.7348792913780064,2.1251357431547144
4527,1.563207434314399,0.9111534786468094,0.6872435071393277
4528,2.580288657108883,2.588925357790711,3.1274886644707207
4529,0.122044423509106,0.1223027633207677,0.0423829531131212
4530,-0.5979180511009939,0.3799913505567751,0.9512929854198772
4531,-0.902514762573678,-1.8094103802950312,-1.3116065319237529
4532,-0.4913102389403839,-1.1637526975357415,0.4164611579565397
4533,0.4840009348564212,-0.7293085867940329,-2.9802704842662995
4534,-0.6737226788716062,-1.583156874759752,-2.005858375461382
4535,-2.123650105419292,-2.6642603387994237,-2.066683946049369
4536,-1.9049893173855936,-2.782433163457576,-2.573283138911885
4537,2.4501556683326906,2.345772842700468,3.01734366979483
4538,0.5987698556788871,1.0069793103058002,1.004616043565787
4539,0.0969125007778607,-0.3397785737763107,-2.4766225454312
4540,1.1577548126742552,1.668731085836821,2.012461749488566
4541,0.0977906870542328,-1.0426318072553304,2.0546014027984403
4542,-0.8036235056898596,-1.6951560712038338,-1.5628242259060494
4543,-0.2032895017353399,-0.0403322691901114,-0.522050038099671
4544,-0.0243927133657043,0.5680732492293872,-1.968467262604323
4545,-0.9510949845967512,0.9139848589720712,1.3813973855649586
4546,-1.5347782584314238,-0.4016113081894575,-2.252671103620973
4547,-2.510162870138148,-1.8478634841227324,-0.7429822193309167
4548,-0.590409738616038,-1.5659291368447692,-1.0748311396851074
4549,-1.672057432044562,-2.609226688055682,-3.2613151401465488
4550,0.6918174377457987,2.3551418935629767,1.0601827669074484
4551,1.6024069883358216,-0.1407936370481453,1.2731583575174217
4552,-0.1253094292089135,0.1555690375343419,0.9506605521783312
4553,-0.0145548327015924,0.992171936720766,0.1712514861030825
4554,-0.4117113368782457,-1.3281131192877953,-0.6211629389745502
4555,-0.7717156212490365,1.371032966762122,0.1585462387816269
4556,-0.538818563663767,-1.3568402295583566,-1.9114129648693576
4557,3.1089744405571724,2.8454576980906423,3.1387023253231225
4558,1.1761691078054726,-0.2968733572138654,-0.5137873008530857
4559,0.0848496085967679,-1.7059676797922083,0.029731690075366
4560,-1.9202124339802888,-2.9657478378491904,-2.652967050536431
4561,-0.5676126858409118,-1.5768284305076166,0.8156809757050091
4562,-1.6029182095715009,-1.6409199704953883,-1.3784050749546324
4563,0.9029804451585054,-0.2042898450516958,0.0513968247150585
4564,2.4721140970856985,2.043253447196093,0.8544653838131172
4565,1.5752009277153889,2.1148892674424,0.9524580638671069
4566,0.9482040299359868,1.7542979432395105,2.12038458086602
4567,-2.3056040263846413,-1.8752942366431025,0.6581246148931632
4568,-1.7676255895421644,-0.8609525850141936,-1.5380266013778758
4569,1.8737379302162604,2.38475910276696,0.3452773886209352
4570,-2.071586927220176,-1.458220099327446,-1.4636581407563507
4571,0.760735224335888,0.9596999817494064,-0.2618015077336846
4572,-3.15758150561926,-2.884466919223974,-3.073943125843754
4573,0.5701095881683884,1.089364064668472,1.232933498718023
4574,0.8087807059901474,-0.2562051502454824,-0.3014008609834548
4575,-0.3952606805684773,1.0734518299820348,1.3848563018642044
4576,2.2408878220054533,1.8303029801379795,1.8662926709959171
4577,-0.1915007185695815,-0.4577626913972009,-0.2993311845621381
4578,-2.369311161459555,-1.6295816069813345,-2.1103159579410606
4579,-1.1626735356599112,-0.5165570159193734,-0.4088153124503682
4580,0.8983485263305568,1.4478758963784095,1.0420621631346698
4581,-0.0094226634754272,0.075964011928998,1.1537104362293649
4582,1.6267626178225427,1.1999994447174915,2.3866729522271486
4583,-1.2912479500865075,-1.3750310615313548,1.267638779617672
4584,0.8244035439220225,0.8661713437020447,1.1112874172476206
4585,1.8408926627158717,2.577619007867068,2.236679847532279
4586,0.4305365232267298,0.5319398670984349,0.7147805895187178
4587,0.5720496967971455,2.226380758363521,-0.2654498832264599
4588,-0.1974294353493416,0.0388727442583472,0.8121250754280773
4589,0.2523740493214224,0.2464730512392552,1.33454482953553
4590,-1.3301877209958566,1.709784456731007,-1.591739696169196
4591,0.0647785260442622,-1.3585110064181602,-0.819827604246028
4592,2.936410327424805,2.6691986585891536,1.513671502537687
4593,-2.924369156684736,-2.74185359106994,-2.679905206892763
4594,1.17290964120901,2.038637398272664,2.1907825251710387
4595,2.6699738500599715,2.6136192931662525,2.6495264260043303
4596,1.9951214408642048,0.8124472405328467,1.2935172915289774
4597,-1.9710241007340104,2.0897627203947025,2.7082337108362733
4598,2.027743438264536,2.262252457089882,2.5593148180647947
4599,-2.1755122856350617,-0.2810818205509915,-2.030787527170608
4600,-1.085092438504642,0.5727569891924258,0.5698198430169338
4601,-1.0993088009543748,-0.8894080618063976,-0.9017032203246124
4602,-0.2727461248105161,-0.9292822097636456,0.7572712617462233
4603,2.771618687799528,3.045069231501272,0.2189538811703552
4604,-2.015299387372996,-1.96893093979908,-1.7822142858999872
4605,-0.3487718014065233,-1.5057532203973485,-0.9002816342930146
4606,2.735201273689754,2.556122250951447,3.0063684807696203
4607,-1.6728652123006058,-2.077066369265597,-0.7875338289432862
4608,0.6917544111429537,1.7029703113234107,1.305731179458374
4609,-1.277369347258773,-1.4117662700711595,-0.9086062523351232
4610,0.5709161687552179,0.1297211025060299,0.1263900583336762
4611,1.4073973787434924,2.9691056910544527,1.7754089637682238
4612,2.139495219750504,3.12821494907687,0.961266447723423
4613,-0.1280753815798555,2.0010245404841496,2.982221184101819
4614,2.037437292789287,1.2686210430547618,1.1604514677985711
4615,0.7000689832632153,1.0821374213780348,-0.8851671363144034
4616,0.178903919387194,-1.7335630078136992,-0.2796164592932114
4617,-0.9980787337041817,-1.5469858445156368,-0.5179479603306806
4618,-1.5681766350722066,-1.6176647542394746,-1.3909931555406645
4619,0.5229292833297443,-0.6244371496318243,-0.6212321146522791
4620,-0.3038995737195046,-0.971108495663904,-0.6213377014553485
4621,-2.59028070911823,-2.586145354121386,-2.592406270422435
4622,-2.718614763822123,-2.607882886486116,-1.105565995716256
4623,-1.4066202523602718,0.3461979282416751,1.0152778618820009
4624,0.1487125228292461,-0.6136968624620962,-0.7295024806957948
4625,-0.6211123987173071,-0.8249444149450451,-1.6292372741570242
4626,0.3028137216188488,-0.4229168221742673,0.528143809512886
4627,0.8278286158187894,2.566835554852337,0.3624679998453588
4628,1.8801417857877447,0.9569963284161936,1.424058431799764
4629,0.9950103183474636,1.1318316729452118,-0.4947859131844296
4630,-0.3723906501005768,-2.028367561614378,-2.1579676725116324
4631,1.5497907159316489,1.459701221585028,1.895502382497192
4632,-0.9935564119757222,-1.4349325660456294,-0.3042963484412483
4633,0.0579281608209406,2.4018252388470143,0.9054709755345224
4634,-0.1944135345760684,-0.7993259576989833,-1.894123559885721
4635,2.357678194877467,2.1349301753557706,2.8176661969750403
4636,-1.3246589155604558,-0.7170004454757501,-1.0347376572000813
4637,0.8550854889189811,-1.5998971652895428,-1.424004783071988
4638,2.3201702093176597,2.421538688160183,3.067154349370476
4639,0.9550424483781632,0.3181858259190362,2.842497686020194
4640,-1.0103663817255228,-1.263325037444286,-1.0334056063321992
4641,1.346019723277032,0.3894511776134018,0.0952685640170882
4642,-0.1415162649049085,-1.7204667997133776,-1.2145397918754133
4643,-1.254066423770101,-2.3041106970052425,-1.829875714502466
4644,1.9821563485251816,1.94172122555032,2.415955299066628
4645,0.0382734768437295,0.4371525295848322,2.909629915883245
4646,-2.077517734560012,-1.268068087329375,-1.8889642111456968
4647,1.273396996273478,1.0409817882362884,1.272929171142557
4648,-1.812264077614008,-1.6406501216218936,-1.007998349946375
4649,1.7128808491495948,2.181303045399057,2.022870291242807
4650,-0.4912778581796715,-1.1503550404693754,-0.2763111388943714
4651,0.4998705764434876,1.1808949097534762,0.1981583593927437
4652,-0.3312765187131641,-1.353655091721333,-1.0325242911088583
4653,-1.0443609611763038,-2.4340535772540277,-2.96231424608945
4654,-2.6532601755204435,-1.4849777100165382,0.055629044144394
4655,0.5737248923658952,-0.2771329766798446,-0.9152894304917918
4656,2.015575335434661,2.233665619746104,2.4449070132150488
4657,-0.0255912933851457,-0.3448544207342044,-0.1357533213797264
4658,2.9742494704131475,3.3393283723659968,2.37771446600465
4659,-1.6823185054246652,-2.9331463124214023,-2.21047728166619
4660,-0.230444901448019,0.1352253327960622,-0.5220317281472564
4661,-1.6479867156253647,-2.575549341221146,-2.066001960748522
4662,0.8248890913933943,2.039482593824596,0.2533879568258261
4663,-0.4271072616883895,-1.4754422236527651,-1.8523313813991875
4664,0.4879816903384465,0.5731424508245702,0.5307209628418813
4665,0.0089604633980052,-1.4763747012933566,0.3904753576860755
4666,0.6621908391707161,1.7348920398481251,2.13717215100577
4667,-1.8457829883564605,-1.6258782314617055,-1.2780590861639265
4668,0.6927646837218915,0.510862981910698,-0.6896002782958751
4669,-1.259414502234428,-0.2251239971290308,-0.8043746079102169
4670,-1.0702714512814646,-0.4497418331580144,-0.0231116494966648
4671,0.2508691740170638,0.2987645426882379,0.7657984724883029
4672,1.8903820661728248,1.6783022860900705,1.2633005528491772
4673,0.8583212167522277,-0.0959183022605912,-0.1612783398114536
4674,-1.3205374957288831,-1.5536138195562408,-1.941510068271338
4675,2.7811944871640675,2.8490411724946343,3.297510370767954
4676,0.4419473683819552,-0.2249587720523546,-1.295096102281181
4677,0.5711439345582401,-1.7759045261164832,-0.6231804176553842
4678,0.0267124584946883,-1.891423920343298,-0.91301837970385
4679,-1.438278662608895,-1.1943910110502296,-0.3582937481327785
4680,2.162394276284595,1.1380312395651535,2.400307154129293
4681,-0.433946812095932,-1.822497507741756,-2.148223440295114
4682,1.4570180553481002,1.2241787931526251,2.5117287766489427
4683,-1.1624409168902934,0.8611220724716836,1.3321064275489745
4684,-0.9097361316798084,-0.8718744281875445,-2.628875165617876
4685,-0.5430937533315725,-0.0592828136110089,-0.2005008661420347
4686,2.2363245112661283,2.150189308377914,2.5902738325103605
4687,1.0544672005827762,1.3149224436066085,1.7460032827659548
4688,0.3019434146132289,2.149496477479972,0.8757535367154934
4689,-2.442186224146099,-2.6748343095437805,-1.7307566315019938
4690,-0.0238642756924128,-0.3496561429831636,-0.2930734033741129
4691,2.231660147281424,2.117177717015752,-1.290903489100364
4692,1.0107656738512023,2.6699141455587405,3.0652330870461246
4693,-2.1277199920545056,-1.7985848339114212,1.9016455461700488
4694,0.0938974875974245,-0.1874461694757506,-0.4680234687536685
4695,1.528038489069686,2.2343233387747365,2.2777454156894774
4696,2.116686941863529,2.000364155429486,1.9580951433419067
4697,2.75495089082426,1.88950689693673,2.1464370876381995
4698,3.196629159805731,2.2388201018803544,3.0775873937695004
4699,-0.1097814180473712,-1.6836509524514798,-1.5986875133828264
4700,1.6579465765243353,0.5291350982188497,1.745496068676392
4701,1.4253533457077212,1.1454067528392058,1.8888085918680004
4702,-1.0289697363754309,-1.3364759524784993,-0.6997687764115139
4703,-0.3808642657301486,0.1962163496581067,0.7815455185928979
4704,1.1684581501140148,0.7822541539185071,0.563136868640791
4705,-2.198415672136548,-2.2384787535522817,-2.610263039009637
4706,-0.937429767167964,1.1285937325219535,1.6163392538315122
4707,2.207883633463396,-1.0802455348623965,2.6471459311248213
4708,-1.1162150004105866,2.9620060149081096,3.249564235660096
4709,0.3385608562342039,0.2090787598474999,0.3827161355704629
4710,-0.581620008688223,-0.8078873021187828,-1.1982282531057635
4711,-0.7415200139348617,0.666347711951877,1.1576778885515748
4712,-1.2708010298129793,2.0969794249024862,1.9687234034484224
4713,-1.4136636544232102,-0.8337665831599566,-0.8563339202485793
4714,-0.7490542670085111,-0.4987875737696964,-0.092949272695912
4715,-0.5725989123650379,0.8126705621923254,0.909985600380892
4716,-0.1974542218633276,-0.8511939082903456,0.075823991289344
4717,1.1799034150784042,1.404933782569795,2.286060581244589
4718,0.23035233834196,-1.3719122702594693,-2.1627232518693087
4719,3.016539282123888,2.8515351516107867,2.4046196215897613
4720,-1.1126606359431703,-1.2974645627520394,-1.464267583881666
4721,-1.4840673013273933,-2.2100688072087795,0.2488436659461774
4722,0.3915817997680279,-1.4673999993868123,-0.7750481285179687
4723,-1.5627513401275002,0.4042648109407369,1.8735744974995447
4724,-1.9358873417709728,-1.417448629801553,0.3901439507946742
4725,-0.514168005641846,-0.8432945046779935,0.5639632662270643
4726,0.7352252212385954,0.9029006875409382,-0.5366069514729629
4727,-0.4912718747782355,-0.8547863897261976,-0.4707534420558517
4728,-1.1256981828077428,-0.2679814061945247,-0.7460054175887025
4729,1.8824508558040236,2.694353464529861,2.2646865957078868
4730,-1.515520172163178,-2.354737062770638,-1.9230601473352664
4731,0.8703633647263719,2.4776767772994632,1.001464679202052
4732,-1.52572936075307,-2.3981606963120425,-2.3179553387024847
4733,0.4338138266537802,1.6173308807537607,1.2219393313885845
4734,1.0447450580598965,1.7150607107487503,1.6472850801809005
4735,-2.1125574770048026,-2.705094611689677,-2.280305328943964
4736,-0.1948331307314842,0.7535489670535365,0.9506886117754196
4737,-1.152351816248738,-2.291904543607417,1.0756542796297093
4738,-1.8980011965940944,-0.2175386127282869,0.4527325706949764
4739,-0.4611830966516009,-1.8063205761222216,-1.5185843950335718
4740,1.0473785759429108,-1.0157017588354609,-0.1460986850115324
4741,-0.9333492039821693,0.0751778984259905,0.6111830250851371
4742,-1.1802477620788072,-0.8432675207107331,-1.2884500684665507
4743,-2.4981148856475843,-2.2104561554437088,-2.305803039888803
4744,-1.651457316978429,-1.831303757744524,0.7545595207274732
4745,-0.9981909349092464,-2.208622037049109,-0.4003249667877478
4746,0.7848429883453285,-0.1005014675490771,-1.215824964318584
4747,-1.7710070954339792,-1.817182840462354,-1.4233450655681823
4748,0.0182654975396938,1.3768559390380657,1.825292461217203
4749,-0.6704539145522201,-0.1759498271491709,0.8983342611389181
4750,0.6008321877053158,-0.7994832933394188,-0.2921559059549068
4751,1.045040296219859,0.0387854437602022,0.2043009570086082
4752,-0.4344225320769401,0.5938155722219133,1.1035876645667813
4753,-0.3525970039629367,1.120610628139019,0.5592611754765305
4754,-0.798920682875921,-1.2909108045832558,-2.2714628907901853
4755,2.8805406098202098,1.5623395512452816,1.1871863819315385
4756,2.238360435864154,1.1445493672282314,1.2570023523890623
4757,1.6313869385472175,0.9975998160929151,1.3296251641825905
4758,1.0305891793168678,1.6693087150014947,0.3593741478438825
4759,0.4367717554702203,0.2298229994219455,0.4841158299581055
4760,1.0483581220070073,0.6856704970349874,0.872751000146623
4761,-0.9401396180892676,-1.2733525483208707,-1.5411110488524715
4762,-1.896761634257785,0.0047882437521154,-3.101705444760844
4763,0.1865960340224401,1.428229818941044,0.2968120789463105
4764,0.0576076325791915,0.7563756086805112,2.473466118781905
4765,-1.3162737326677676,-0.8518864506049408,-0.3319726448606007
4766,-0.8934106505960443,-0.6485902761113164,0.0942151770862041
4767,2.62085212389069,2.619350336156232,2.35827660130448
4768,-2.1105926352517246,-2.3467634168368217,-2.923820303810825
4769,-0.4422420431147363,-1.2693934973329954,-0.5275668987295201
4770,0.0872296131708699,0.0293667475755589,-1.9852005794303464
4771,1.7870059508663108,0.1989983630388577,0.177696280710754
4772,0.477963730902146,-2.028810014491404,-0.5223879288791916
4773,-2.391924406990197,-1.57868811031337,0.8243145941268302
4774,0.7567458940395434,0.8032345076064503,0.7572084764077252
4775,0.0866346009523809,-1.084954468306824,-2.2992527050513583
4776,-1.4504043862225364,-2.3416859711223923,-1.9418292728725297
4777,1.4945661497877702,2.2178566096805694,1.473106152590395
4778,-1.6270451242927624,-0.5724846411297702,-0.7413368162614832
4779,-1.5144228068472425,0.1518551931285687,0.6576376992313041
4780,0.1381825406687161,0.5620619189189996,0.19980270364328
4781,-0.8099716515433825,1.4882514321624585,2.21591352939463
4782,-1.8317556640186083,-1.969985832720835,-0.7637568535668471
4783,1.1064991576727987,1.0544087206654125,1.5373238884141682
4784,-0.1147247989283091,1.937411354920623,2.750639066016056
4785,2.842083811077272,2.463837849869602,2.4373955350093075
4786,0.7607462923632522,2.11482859259357,2.416661452882876
4787,0.7123112594381935,0.2046908514895548,-0.7496162159979702
4788,1.7887241224610757,2.043338900287931,2.0336392677167483
4789,-0.6134998376792762,-1.3187938671029362,-1.553757947294506
4790,-1.1619284776027663,-0.8499877523729223,-0.9469732545077842
4791,1.295631661346222,-1.7517507077353462,1.798491265905095
4792,-1.8773088843236472,-2.251775242098009,-2.0631837353700755
4793,0.2605766562389789,-0.0119848774100306,-0.4339361065002255
4794,-2.34095232019636,-2.7889504689534013,-2.6645762017001355
4795,0.1690391442203859,0.0835269749904908,-0.4901782732175964
4796,-0.2025865542579086,0.1314009516313877,0.184343112037413
4797,-1.6178609499113206,-1.5869318197937283,-1.798282948317426
4798,0.4693093236718093,1.2363633395322366,-0.7111393384282563
4799,-1.8935707707225664,-0.2058472912919683,-0.0295694529816231
4800,-0.4455104099701704,-0.8905904773111972,-0.7323946814761897
4801,-0.890890798532296,2.684248806019136,0.6853370101199335
4802,0.0057286175750861,0.567248071285302,1.435933461797568
4803,-0.5968769822729079,-0.9863167749720628,-0.7716484407311482
4804,-1.6300803667593822,-0.7567973398751743,-2.2197619347006228
4805,3.024229537038826,2.8810623772370167,3.3004789686687466
4806,-1.3963377643515036,-2.6857562441030622,-2.36584505641334
4807,1.2340368414007945,0.5526934803290894,2.7568575482922992
4808,-1.1451368822758416,-3.6276888559069618,-0.86019568861336
4809,0.7800449354863803,0.6521410255663121,0.9915137763657856
4810,-0.8906263777198131,-1.5021524129033077,-0.7886080340377655
4811,-1.9211991283719587,-2.2073670775400864,-2.2529207832439155
4812,0.0779001408819067,0.8225608551679828,0.8660020112776653
4813,-0.8934986685166841,-2.431921827929047,-1.9422733449259089
4814,-1.553187038895564,-1.123815652046717,-3.052882082359708
4815,-0.5766854569813171,-1.430227958094204,-1.284131668512282
4816,0.4808672306014844,0.3829204288840335,0.081207765470259
4817,-1.248559482807911,-0.2602724762309217,-0.7501726426479609
4818,-0.3771202132645072,-0.0279469853353049,-0.6718129786932209
4819,-2.7508432464191173,-1.6799238499574252,-2.962970859245334
4820,3.636427454322456,3.033696040300237,3.542279871850693
4821,-2.457193583302212,-1.8733682955915472,-3.153700559768644
4822,-2.032767462615233,-0.1503615482036977,-2.744950693167968
4823,0.8692031950712633,-0.6209789408505244,-0.1334996301928176
4824,-1.0670484358159251,-1.774718758388348,-1.985276802913172
4825,-0.5973226943137219,-1.0680315677285772,-0.804239493187451
4826,0.3434500975952083,-1.1742870323917036,-1.854959221351144
4827,-0.1335235465645488,2.796445461039488,-0.707688649066358
4828,-2.2035744140894336,-1.5008502072131102,-2.44757297927176
4829,2.9357272609405234,2.597079086675855,3.098421771390319
4830,-1.5585986692398497,-2.716151259626065,-2.16284856271619
4831,0.4833265339116781,-0.3108369454579781,-0.1874780305168125
4832,-2.1555198544275656,0.6922432531187941,-1.7209721279501775
4833,3.632834820674368,3.4433457689229265,3.91299757592176
4834,1.5513344759281884,2.02560185880024,2.268912371196836
4835,-0.8263378820376065,-1.2057111594031678,-1.32089274409955
4836,-0.1544021210239328,0.1391910980029921,0.6696863326315644
4837,0.7838329303327877,0.8720182870302144,1.410358687748013
4838,0.6484568664884666,0.5055943734728686,0.2896069960063527
4839,-0.2458440538972922,-0.1805349279762251,-0.6819493424434384
4840,3.3866969512487177,2.980558209651498,3.1430413472585883
4841,-0.2823141623674268,-0.4622942616237202,-0.0571948720524116
4842,-2.3918147520502058,0.2919462807695284,0.2726677613427583
4843,1.380992905325032,0.3785987930385088,-0.8024923569170686
4844,0.4779269984061433,0.8556065709850369,0.2851489020950465
4845,-0.0557919990588647,-1.4602612115907576,-1.123196967959386
4846,-0.0402237522229793,0.5635811867962732,1.352781129819984
4847,-0.883906766765678,-0.9041758067657596,-1.3249545485537184
4848,1.5806305740366915,1.087498383525256,0.3137096731524216
4849,2.1739235571159643,-0.4692142268891328,0.9142545952867964
4850,-2.116310767983552,-2.677691639087206,-2.639345798286998
4851,1.5092219168441143,1.6805126398763195,1.6494277115731202
4852,-1.1066243568191394,-0.461290062456967,-1.5995639390197696
4853,-1.8713358095054464,0.2773907879340789,0.8536490118729357
4854,-0.8166029365733195,-2.0291586129800683,-1.7530335165900064
4855,0.1669340773337491,0.0514682149067017,0.7478811768882211
4856,0.8600367518012044,-0.4579127692702183,-0.0157069637288071
4857,2.470548344766694,2.091495287312259,2.925540169364311
4858,-2.457313719502895,-2.711866795988862,-1.694831946161385
4859,-0.0539358329159403,0.7977362516274463,-0.0986116088599399
4860,1.9491994186702928,-0.8991489066984971,1.5011286761750595
4861,2.8273384390891625,1.5547781376483725,2.7061103338266257
4862,0.8237831390361732,1.0518958075333682,1.520341956646082
4863,-2.2243328922607533,-2.170606522807923,0.5899467878742618
4864,-1.1636587147191475,-1.2516378522708391,-0.7017675448120027
4865,0.5692436664791153,2.886518278497499,3.101986804642045
4866,-0.0933411574048314,0.5762189148703334,0.5751693558655021
4867,2.965812631845766,2.038597011192099,2.963038107098805
4868,-0.9268374488108848,-2.21923960922216,-1.3000695453141675
4869,-0.8372353416338468,-1.2199237970970165,-1.0943955972885322
4870,-2.832751178944554,0.5452311775032147,0.8613416467757825
4871,0.950613396313314,-0.0903414938830432,-0.2932739950636198
4872,-1.6008990283934206,-0.3200233299327801,0.0051058509266971
4873,0.9501372508993672,0.2115448037630662,0.476833596988704
4874,1.5849613086963863,0.6665320535210622,0.8242305586563701
4875,0.0226285292080693,2.095150310330145,-2.1729228485408485
4876,0.1453663077131849,0.7403026380471445,-0.5270490266660568
4877,1.3433748216665105,1.4496367278379203,1.7630164438363185
4878,0.8550071576891418,1.4258319489152906,1.4743848123967769
4879,0.5095194532833833,-0.340170720564002,-0.1805049138982218
4880,2.037845860157117,1.290416247082778,3.4606658715892085
4881,0.0753698282373283,-1.8028642666452257,0.1934582674167114
4882,0.4287551473901534,1.0295718310137008,-1.5363179958978086
4883,-1.5215430931955272,-0.09033805308428,-2.5643785773388563
4884,-0.7948707340222199,-1.046601398565171,-0.0635713733778358
4885,-0.6403963307421875,-0.6695058782413167,-1.14171055895255
4886,-0.2356628012130945,-0.8196191963317035,-0.6152777729575624
4887,0.343059817250209,0.1388246113411096,0.5198489773335017
4888,2.10443013700112,2.193161035929813,2.268714813889046
4889,-0.9338164772143008,-1.852469303503238,-0.3715393908459059
4890,-0.4243840833671642,-0.9464242275167662,-0.7182104232289643
4891,-1.4313973380344338,-1.892551358181616,-1.9381175503182435
4892,-0.3355048068621783,0.1261758975720232,-0.2233516568303851
4893,-1.1859888393316929,-1.0217609809338284,0.990871869973568
4894,-2.3548711609740898,-2.1225506847438957,-1.981375952433364
4895,-0.7404688162868749,0.2861147877309485,-0.2404228238569015
4896,-0.8706661850193402,0.9630950179914936,1.055931703348885
4897,-2.408830372518203,-3.186468654262113,-3.2396763448356745
4898,2.7620988264299333,1.8476528865703608,0.9616482241856046
4899,0.0963416900488633,-0.2410680250070908,-0.2591505709150186
4900,0.7654758967579448,0.4809953394572391,-0.2730383649608791
4901,-0.3674585269124628,0.1955974502126839,0.0294705798635793
4902,2.422512945537495,2.327924559267697,2.051972852277675
4903,2.2396154693492023,2.6652041455387208,2.8903885179471
4904,-0.4239931722064428,-0.094310616979109,-0.1371272499148018
4905,0.611003071095572,1.714513778420134,2.9142476363565897
4906,-0.5725735556631919,0.2312226025874995,0.8762484571545012
4907,-1.0780967417951368,0.1687826265041981,0.1265531744180556
4908,-1.541768223065571,-1.063294309473557,-1.1296600044924288
4909,0.3684203776640541,-0.167977539691059,0.7825154319233147
4910,-0.6782219563989149,-0.1207732979852204,-0.8582986571277265
4911,-2.248961864017045,-2.8027594555380926,-1.3571160526323962
4912,-0.9980663823369574,0.7567216792756299,0.6229186255356493
4913,0.5298359517338203,-0.7728768322717144,0.0841495631151672
4914,0.6636030931429484,-1.0837186500081744,1.229657602139609
4915,1.609920189723051,0.9545122029707248,1.0505451220390636
4916,0.8587158279430113,0.5780709535971684,0.6245539462254561
4917,-0.6819428804335508,-0.3610590078498479,-0.5660723372891887
4918,-0.2051079578764711,-0.8207833646342303,0.7106136783657341
4919,2.334216710992345,2.16766352285637,2.630820127410709
4920,0.943835022749798,1.0388221646591635,-0.0576889904986621
4921,-1.0920176977196188,1.1175883950008394,-0.402043755595204
4922,-1.4022702295500815,-0.6677787113988557,-1.2671806344620855
4923,-0.950070472132464,-2.169030799446471,0.9490468739649246
4924,-2.0174538299052447,0.8047383488079003,0.1484401092621837
4925,0.1007552041471262,1.835820953035729,0.1726517395250486
4926,1.4060802767664018,0.0061691885934402,0.9096026286677344
4927,-1.1503631564447718,-1.137807103227934,-1.1943874919089974
4928,1.0956365091907987,0.0262371412034989,0.2189859672235523
4929,-0.3503073816816377,-0.8318920519674309,-0.5494561323361753
4930,1.2359818031232317,-0.0448727501525915,0.0428968771460912
4931,2.5716169010671464,3.087331039733232,3.213164998961277
4932,-0.6231160667595481,-1.409630724533754,-0.8325089543032286
4933,-0.6368550683766431,1.914463370618448,2.377131899289464
4934,-0.6560438980777867,-0.99663887650358,-0.4772603324566959
4935,2.175691338472875,1.5799153636593186,0.8993024043372702
4936,1.6615272565726706,1.7306122385070823,1.792739220813819
4937,-0.0167671140718121,-1.5410471603018845,-0.4963257308895851
4938,2.8951588391902527,2.4150990508320445,2.804569263747557
4939,1.09808109846034,0.5311485622585248,0.7607418530061063
4940,-3.0342908110733515,-1.959728462178616,-2.4499203846463136
4941,0.343312719590009,0.8064991637715625,2.843050898402485
4942,0.2153767796222059,-1.6395864686957058,-1.4038580856880645
4943,-0.8873215275924672,-2.197329507858117,-2.452719129632181
4944,-0.6510973297079959,-0.6557137651867694,-3.2110896052822326
4945,-1.3602721898462569,-1.6220177292150688,-1.338420842448909
4946,1.896962227164965,1.704033256119771,2.294140509999377
4947,-0.974771540834824,-1.1227843040472851,-0.9330311633634548
4948,0.903921599007908,1.9564257278832655,1.1347005711429896
4949,-2.031865707424122,0.4210921834223212,0.2685126995335709
4950,1.1139196847080102,0.909404472502896,1.7842001444710254
4951,0.2685845010497711,-1.5162396545206018,-1.60193656830841
4952,-1.682157591350735,-1.8536856453269868,-2.214170917632924
4953,-0.7074363451676766,-2.074743374472382,-1.9413179031827796
4954,-1.9129982142851056,-1.730825697019307,-1.0152980552209263
4955,0.5638444886487324,-0.7564925438779141,2.5062421758185267
4956,-1.399458690289472,-1.0966623832543292,-0.830875158889807
4957,0.2531229330177652,0.1950023913524891,1.3628342051027185
4958,-1.1427408194509816,0.2424842418862716,-1.7960723313122853
4959,-1.1708312960777154,-1.7239504168045603,-0.4547955344436625
4960,-1.4295162791663352,-0.3417729279323354,0.5122122572538208
4961,2.822108302708894,2.679385368599596,2.772767245614931
4962,-0.49503789877489,-0.9180298770236134,-0.6850729815061821
4963,-0.4361706779355248,-1.9848397650637075,-1.5817084491166529
4964,-1.854167002348716,0.0425881935890526,-1.336398380909544
4965,1.6909352841940355,3.004223852868416,3.0608298808144285
4966,-1.1227163919811076,-0.5629134508142184,-1.5422965228550627
4967,-1.3487983426295689,-2.123977634856569,-1.9377800627075088
4968,-1.4689518687597851,-2.53259424374015,-2.3860823257264805
4969,1.113571772813336,1.9124700184321044,2.4154768615949416
4970,1.2550906941870932,-2.634168129433355,0.4784290848332353
4971,-0.7122857254336127,1.2382541325537433,2.4904239778060115
4972,0.9494891898772873,1.616433489160951,-0.5504786878817597
4973,0.2042406080111765,2.326450706401166,0.4669565263953908
4974,-1.924307136828416,0.8989625058502478,-2.553071008625474
4975,-0.6647241052562775,-1.6805395622443624,-2.807627101355361
4976,-0.6648270717942587,-1.8046904265153016,-2.4313880641716192
4977,-1.1953506023651164,-2.7830831354395347,-2.0310049189372053
4978,-1.013879319862919,-1.4560414929503829,-2.1243582838163646
4979,-0.521982104788308,-2.558069611067398,-1.3273619050368923
4980,-1.6377575943993163,-0.4804279802305323,0.5139289338039752
4981,0.6527640921751379,-0.234507718685497,0.0721705058594547
4982,-1.8014704261380312,-0.9470489697557128,-1.2682832844511045
4983,-2.22134037205921,-2.1714165906134584,-1.8429917658591528
4984,0.7406517381052671,1.2721526563427017,-0.8911981232613214
4985,1.46382386955916,2.575263323429404,2.483257438860274
4986,-0.6691821788138648,0.9469885624535396,1.2822387327457514
4987,-0.8447828464547976,0.2511337342178121,0.7673285220927638
4988,2.915316608252589,2.109830872295986,3.130643270196823
4989,-0.4042764727605765,0.3415966292283436,2.7930637161050056
4990,-1.0746339220809131,-1.865937119488664,-1.146050980369751
4991,-1.5921349099536617,-0.5886967259813922,0.1949388011469315
4992,-0.0956546601939577,1.4547786641102525,-0.2411511106599436
4993,1.366605126677619,0.8091924461340615,1.5521936968769825
4994,2.8044148492444387,2.02801876856728,2.57933946653702
4995,-0.1293536150213992,-0.2883654201297019,0.2028128353825538
4996,1.2665655711570725,0.1229091346481398,0.6441935669960177
4997,-1.4062033445691118,-1.8994189462206488,-2.153760421722288
4998,-2.0172128294056924,-0.6916520160396457,-0.0665490825964313
4999,-1.046608922246426,1.2402406921122928,2.6155232699225315
5000,-2.7212510232986538,-2.5039581510569566,-2.0707232303240746
5001,0.3766374710099806,-0.4017295019344831,0.3738409540920767
5002,-0.5488183858818537,-0.0792627690705291,-0.1821892466437145
5003,0.8072069657073894,0.900784086161816,0.6630066345797062
5004,-0.9188422217464088,2.562869626137263,0.1101498965430199
5005,-0.3643127827353108,0.4322588112389594,-1.810082949637358
5006,-2.1140462476471167,-1.7775463270801155,-0.2006126184172425
5007,1.3108464162923943,0.3379334011703517,-0.2927842156456861
5008,0.1531080791175237,1.4670799287715754,0.1494067000605795
5009,1.196709400469658,2.713023868801688,3.085271347354344
5010,2.0799217453133,1.1996884141975035,1.5405909017955943
5011,1.544201046345171,1.8199359419864616,1.0323067583716157
5012,-0.3482555850206261,-0.3863643145325524,0.1784331476545397
5013,0.7793906196560001,0.1749194129001681,-1.3279230292577624
5014,-2.4976543820966146,-2.912293421303944,-2.5833099649470905
5015,0.5010385170997258,1.3117850174411263,2.750692765039376
5016,0.4795621974917219,0.7139602769140028,1.297098885235605
5017,0.1782738710143512,0.853642269207842,-1.498270727565986
5018,-0.8132173521119781,-2.894104675246735,-2.535644463943371
5019,-0.3175636121036291,-0.3497225763373427,-0.2515830899577743
5020,-1.773490224010272,-2.5882065036198187,-1.859104066023293
5021,-2.544266423845861,-3.677227005399085,-3.392597772304854
5022,-1.730698872373183,-2.006849742954208,-1.5420384708052193
5023,-1.259664628087568,-2.289222647099085,-1.7268606963343889
5024,0.8746051481469874,0.8753419014302452,1.6026037938594495
5025,1.6263050479935734,-0.1148000452488028,-1.7653685851722152
5026,0.6168619903754949,0.3872495762076375,0.5204210567437688
5027,-0.5347217134323231,-0.3477542781524531,1.1088700790943415
5028,-0.4378665488176473,-0.9451054288384746,-0.7182596198514106
5029,0.6590948321778805,1.0970214497981854,-0.5673836154231907
5030,1.3323758468862532,1.2855994916052067,1.3354448625365307
5031,2.3716780021286774,0.3362019482946138,2.0849847153039134
5032,-0.018719837711776,-0.7359218301202017,-0.8067146148325134
5033,-0.9028846109903732,0.8716064785949583,-1.2571192257308177
5034,-0.7744802590607611,-0.5818688252494547,-0.984813827038726
5035,-0.800963523359898,-2.387361693522666,0.5276087643707517
5036,1.9290306657477725,2.257209558246694,2.163090419015327
5037,-1.8016741623365635,-2.5043885976084965,-2.172601698841905
5038,-1.774713594587527,-0.703443172376959,-2.1689163888927143
5039,-0.9434370931376128,-0.3524411401595655,-0.4938234314750127
5040,-1.9002750846407788,1.1670312903514892,-2.538874474401379
5041,-0.2091122827500463,1.8484401610238197,2.4429544588879963
5042,-1.6664764436855386,-2.005428274487571,-0.1543293816339266
5043,-0.3718776890521736,-0.5109813989464778,-0.6368233679027918
5044,-1.2133992083605163,-2.430484888923046,-2.389952623666048
5045,-0.7041722554093245,-1.3877122003986782,-0.5384972951150593
5046,-1.163442954956709,-0.9924891413848062,-1.3495435164407836
5047,0.8528999201892831,-0.3351272110642544,-0.0677335769952866
5048,-0.2295431447748994,0.8560703630651864,0.6155818378876637
5049,-1.2853860976449352,-0.1459914824024708,0.3766719490327734
5050,1.0062279547052166,1.2866928743656356,0.8749465999624009
5051,-0.0434895456238186,2.2402772403407067,1.0701712144620843
5052,-2.3897736530264435,0.8606242661992122,1.74381616730056
5053,1.134178357932137,1.8632976629273232,2.380191029569686
5054,-1.911862423906638,-2.004008917809676,-1.958958832503712
5055,2.76291131630336,2.9339666707582737,3.1136760626038376
5056,0.2058779922329749,0.8037371422434639,-0.7531990367278457
5057,0.0683164728054413,0.4705008640109003,-2.24977134228005
5058,2.7794037619556,2.071218926935151,1.6240182130714518
5059,-2.0312499876140757,-1.8445410632108887,1.3658778678930936
5060,-0.6321712000695877,-1.158822445491688,-0.5763398004146868
5061,0.6615119623583713,-1.2957408521624654,-1.5401050480301552
5062,-0.1387135544675609,-0.6560485909416581,-0.8004720045301705
5063,-0.2808813586292977,-0.5023066275246179,-1.2317317407181387
5064,2.334057985587806,2.4263002593679777,2.278607241242256
5065,-0.7078134767329641,-2.4870779307638897,-0.7624696061753629
5066,0.2185960506836384,0.3832511412192719,-0.108426456962696
5067,2.289446438936606,2.649902124668285,1.5803681191914316
5068,1.9738182486830445,1.8261067474152248,2.46329254277832
5069,-1.6733440274045073,2.398252763041839,-0.2038711285305951
5070,0.2285465742927569,-0.3276434852341092,-0.4057629291016446
5071,-0.4370167945174252,-1.1354015612399373,0.5669833651526688
5072,0.9498122764090348,2.4102532180488683,0.5527822772015463
5073,1.056118820790665,0.4248602964951321,0.0692672622267012
5074,2.668485921907586,2.578832772593901,2.6942887360723464
5075,0.9022972562167824,2.359833632168285,-1.0463713195384086
5076,-0.6331953676744182,-1.5472480074502737,-2.219293499946128
5077,2.631582722152521,2.685479054657866,2.4761009118700463
5078,1.4476330548269922,-0.032296572504646,0.2292406003252567
5079,-1.8771675119258735,-0.4092582851681269,-2.315063963415392
5080,-2.0181921214658054,-2.207984262102383,-2.162380560323118
5081,0.7154316657200717,0.8617836117165225,0.5288162382448545
5082,-0.3744309485463096,-1.0365158624239703,-1.5457306543738312
5083,0.8523988809656919,-0.4407667415288618,-0.1946222009747751
5084,-2.009565033990181,-3.706914531535741,-3.7052114912368217
5085,-3.0533927594494266,-3.3674901057613744,-3.394060551627453
5086,-0.6607746162512104,-1.1618642232780343,-1.217659289367907
5087,0.7841224371458563,0.9707913049722436,1.0582322897860688
5088,0.8575620505943146,1.3338303090267918,1.4110565977128504
5089,-0.2854755101143733,0.6661235690412208,2.308898638071481
5090,-0.7213043607364062,-2.0164405599297868,-0.8035087088758737
5091,-0.7425195899908331,-0.6818872218012169,-1.1312661187612896
5092,-1.6876486124004342,1.1313606987929423,-2.07234976922794
5093,-1.0489436600682909,-1.0245716235171352,-0.4626373099727172
5094,-1.940738196956611,0.112206848098363,-0.2175791009717813
5095,-1.0974910791917374,-0.5973085537297502,-0.5750164136901312
5096,-1.3696169034129444,-2.150834080466756,-2.585833934872884
5097,-1.852606258575321,-0.8153709282485265,-1.1719374068742785
5098,1.6626050043346208,1.6772762353635589,2.8550502071292523
5099,-1.0138297754371723,1.1828316389021032,0.9759029155164792
5100,-0.0100875904928795,-1.5480328368398324,-1.0437606289809975
5101,1.1119976883628055,2.1172798435522067,1.7549620415904867
5102,-1.831319411855522,-1.874884196014711,0.5242440744164227
5103,-1.9015490826877588,-2.413759134456009,-2.4054861004723715
5104,3.025100342469232,2.823839684606241,3.2595304839910986
5105,-1.71592146225711,-1.1390661304697929,-2.1728157986412007
5106,-1.4546829216284602,-0.656022838851164,-0.904384681374694
5107,0.1001002572685281,1.184949121739505,0.9670804694380668
5108,1.4772782852165152,1.243163812428311,-0.7613341585151436
5109,0.1749798005117789,0.2057266226994752,-1.2908611812243076
5110,-1.9847143720695892,-2.9045659951336527,-2.365303954528788
5111,1.4001798692805254,2.399969996861589,1.1109268747354335
5112,1.9574806284729585,0.3377787357411829,2.674532715501647
5113,1.746918273584965,1.329880985675247,-0.1018357544303756
5114,-2.199911799126635,-2.1122713830486224,-1.5384413635804663
5115,-0.225011948066097,-0.4125543628079052,-0.6738001697862822
5116,-2.588242152551267,-2.2780382374047705,-1.6938749915918727
5117,-2.555721527650629,-2.63948861963894,-2.1602135551928754
5118,-0.6209765717759661,-1.2260485363552005,-1.128323308321842
5119,-0.018188846323204,0.5677038239172334,0.823468549163024
5120,0.8545121951302341,0.6208965041065078,0.1729365435292197
5121,-1.1707826076150498,-1.549012066518071,-0.3911505919857888
5122,1.386254128859913,2.1760461453451128,2.23831919935617
5123,0.9924771495091586,0.7553944195376692,1.0397034076009732
5124,-0.0230804977320178,0.1341725128832394,0.3441711000638076
5125,0.4743157048698863,-0.3552769720970054,-0.731758209845434
5126,-0.0882500991420963,0.4126972587627492,-1.0526099045657638
5127,-0.4630058400006457,-0.7884701497910594,-1.158773309831599
5128,1.2327401399634978,2.697501476750705,2.220919008770711
5129,-1.1721418192282005,-1.9860674838028125,-2.032473071097599
5130,-1.8903457400897845,-1.6614901241029552,1.548141661041886
5131,-0.8785912058125455,-1.2487883805354698,-0.6827600620269295
5132,-0.119713957134958,1.7445680089987492,2.237243912903297
5133,0.9507004880065992,-0.9821588537392903,-0.2139549533715417
5134,2.7570172600930105,2.5684667695628858,2.9351945357677978
5135,-0.153371137865321,0.2909924469113112,-0.7068325917252292
5136,0.6926265919449376,1.2008537781284343,1.3264166475391692
5137,0.0225777092199936,0.906196068672549,-1.842328536263087
5138,-2.5534289403566666,-2.3577790307747586,-2.636455527325905
5139,0.8712492124121645,-1.7164152049638186,1.050789378983423
5140,-1.1638214996192808,-1.1683779997916317,-1.1561062815710097
5141,2.5257460939006173,2.276021521884525,2.946252648316725
5142,-0.1817151592160774,2.511522967730258,2.421953658301517
5143,-0.3666171502478575,-0.4455334636639385,0.0485999365085221
5144,-0.7594543590991463,-1.4822389386262411,-2.075638213712776
5145,-0.6441454936967255,2.635062297502441,3.1537061150494643
5146,-0.7927992340083218,-1.222191862734949,-1.5091376634650742
5147,2.007865851279677,0.5726750987178704,0.6194862398523635
5148,0.4102002336416981,0.3538072961794075,0.5452742950140531
5149,-0.7486023667679323,-1.5530891093279182,-0.2952173675641462
5150,1.1958029492857558,1.2939493869699337,1.506663296953784
5151,2.273133156380832,2.561587212503168,1.282850939549691
5152,-1.2804216342770125,-1.68104062938873,-2.5899472300561373
5153,-1.0701052574557643,-1.1903745787570923,-0.8136903732334552
5154,-2.770958967443353,-0.987629047156942,0.0539218201210477
5155,-0.2132610462625926,-1.1148820344305008,-2.241405649254563
5156,-0.5391545912528737,-1.1792377635974056,-0.4987946454031583
5157,1.5715958964062988,0.8250541933274911,0.656116107048946
5158,-1.0820527419388395,-1.204770536089845,-1.3068734436024392
5159,0.4849332975140985,0.1706318194211929,0.5751517576259845
5160,1.2736225990758967,0.9035073364496632,0.8552027500489058
5161,0.7369164927982741,1.0067566393957486,0.3425912446981056
5162,0.005837043529945,-0.5439627597545517,-1.425387562876819
5163,0.8612654608843251,2.466013608696114,3.0724358024547067
5164,0.0770138592442947,-1.827398481774443,-2.3067393741559443
5165,-1.116296324373955,-1.2009614836958105,-1.2458334236547004
5166,-2.165351388362503,1.3645470049800357,-1.1544757856640742
5167,-0.429672165405839,-0.7420530908517768,-1.3093112410887464
5168,0.1152385191007226,-0.5347870650794885,-2.418233424045288
5169,0.48098874011742,0.6190885783000635,-0.1386303147946425
5170,0.5712334065698377,-1.0897948231544985,-1.6379095536102684
5171,-0.8751536841061178,0.7583364019449021,2.292655668234253
5172,2.326932607172492,3.294870240455211,2.409882867680871
5173,-0.8355729859180518,-0.6703323481465258,-1.2473606182683503
5174,1.0626457373468954,-0.5988237541950898,-0.0836976558134552
5175,2.220708228412006,1.4258588684198563,1.328157548873878
5176,3.5230110374067096,3.2901220363534645,3.4208462177110768
5177,0.2694023069997235,0.1838818053348881,0.2221708507134771
5178,2.640747624808297,2.7759461973259736,2.810409237738246
5179,0.7590008916408933,1.2727755460018324,1.1330998119044786
5180,-0.3104042655356585,-0.7420400045351692,-0.4966713143131833
5181,1.903681599490673,0.6126094065431512,-0.0223118257461186
5182,-0.6372232725545588,-1.2449951762138372,-1.2733816883277225
5183,0.9531114941779988,1.1039420161492906,1.3542532743249869
5184,-2.1991654278277046,-1.1742484955124108,-0.6230334361513811
5185,-0.6543234941825435,-2.10292744892229,-0.4706116002453396
5186,1.8262331469209307,2.049777310178566,1.4992427047269778
5187,-0.5108389160337587,0.4840316077243286,-0.24612329124471
5188,-0.924601751924915,-0.2407600130657906,0.1484684444165872
5189,-0.9540974476292312,0.0861625704365696,0.8204288008786114
5190,-0.7454379190033831,-1.2478744283552743,-1.3810733996745088
5191,1.2306128070999809,0.387210353058271,0.7114949400220375
5192,1.9070583938862928,1.088010833101816,1.1391672734148102
5193,3.09370475279958,3.1721813628600435,3.383258460339277
5194,3.437513158393431,3.2573339350569954,3.61591589811136
5195,-0.2547084327135747,1.3966154316576744,-1.277143617123723
5196,0.2614384751714552,0.2971569604946719,0.758497159681446
5197,-1.7308438360083531,0.783892989447461,-2.7833169410808853
5198,1.0802927019886597,1.600056491579427,2.4103187982063465
5199,-2.016101508874526,-1.247499948930345,-1.6934116692999772
5200,0.1665839427217512,1.6936920936753763,0.3792824917505538
5201,1.1774842786025357,0.6792173116770186,1.857430738162549
5202,0.6682443909049384,1.4802311981306204,0.9552705251349144
5203,-0.6737475510501245,-0.6997502404749832,0.3241548720386816
5204,-1.7222951483625777,-2.9734480156406544,-3.786126884725652
5205,-0.0494981408395814,0.4421742343633888,0.4377440649394181
5206,-0.4305860583191659,-0.7917429139497097,-1.051423719234712
5207,3.0001032837461623,1.9056220741494083,2.3007480720996907
5208,0.0871364007499956,-1.437931467692832,-2.032174329617447
5209,-2.1526817031067544,-1.1284432286197204,-2.595559434170253
5210,-1.2597168539849863,-2.1238257166618526,-1.7146884376157228
5211,1.0989309761074446,0.3477317907980315,1.6190394364687215
5212,1.5006687499660962,-0.015796714750347,0.0131801944745874
5213,0.1328834638353738,0.1697265522472876,0.122473104944059
5214,0.907922793405434,2.909337665037274,1.85453720054806
5215,0.6045333441870725,-1.2050330400141307,-1.847668091878212
5216,-0.7118012215926623,-1.1553490688796877,-0.1627289920252908
5217,-0.8103928231466009,-0.5675313493895702,-0.9018283122610004
5218,0.1266627531950422,1.611874262544489,0.4692739052110288
5219,-1.404756849661969,-1.443983406766021,0.961501807052908
5220,-1.8080842821018368,-2.0274997411397653,-1.8927263547559836
5221,-0.8775484806654821,-1.0983324153449303,-0.4379504995773897
5222,-1.0181594869781063,-1.845182874909916,-1.3829468948430597
5223,-0.9674424947879032,-1.1626649730004075,-0.6506449318207319
5224,-0.2510738926165302,-1.01387858831463,-1.166436887784173
5225,1.2643836711746048,0.5272906835322466,-0.8255357246734827
5226,2.142619239401347,2.592191072661932,2.762327177381981
5227,-0.7232067901629009,-1.0639648512116688,-1.9368267382800448
5228,-1.029714860037653,-1.1555736697628796,-0.900469362275294
5229,0.5140955771232867,0.1882600454814674,-0.3326717957338276
5230,3.466687789983422,3.382955670048115,3.667678044871975
5231,-0.4086445698625612,-0.7970014625628997,-0.5603810031963654
5232,1.1780613793801118,0.801994350369244,-1.0681670307029678
5233,-0.4178089908353245,-0.3480142139097304,-0.548621715081986
5234,0.8728692616019614,0.1393374919563961,0.6461987595198672
5235,1.2611039581771974,0.7367556364410129,1.4623818384630478
5236,0.4693311786769482,0.0012500668173089,-0.5652466021577942
5237,-0.8503043298950583,1.6823713839005536,1.938771865694584
5238,2.1287051004552384,-0.0872390215293733,2.4645099121568785
5239,-1.024341374075589,-1.0063385396793,-0.8957440050484294
5240,-0.1706027168363279,-0.0696665563293062,1.0134370757140865
5241,1.2247326959189369,0.9077137429598084,0.8632217894704577
5242,2.3986356506156854,2.306734735977305,0.6874652809870542
5243,1.455661135078168,1.0072733612982063,1.7990399790132543
5244,0.9012728293173116,0.3924435499492692,-1.372898388474998
5245,-2.0150744561751663,1.3798035716726456,-0.0309611177426863
5246,-1.0692991412191295,-2.162654172974082,0.7833504189776733
5247,0.4797126037787993,-0.5430910642538566,-0.4708222511723656
5248,1.7072206950436477,1.797966134437889,1.79833018335271
5249,3.218810390820568,3.2145618504460645,3.5065651810790164
5250,-0.6886573654809164,1.1249434398799518,2.058283343892903
5251,2.8522440083374216,2.7029923746949605,3.049726564713478
5252,-1.3774220042280512,-1.7244090790913351,-1.371441864691436
5253,-0.9143339413320452,0.3324403366137557,0.7218068781249468
5254,-1.1832504147684777,-0.483257557757704,-1.675620933681156
5255,-1.855572864978844,0.766984857405585,-2.391149156688535
5256,1.4312657431584417,2.7178708436701955,1.382239011045334
5257,-1.846584033733096,-0.9681318256752932,-1.547807154192625
5258,-1.477870133062363,-2.7717753533369835,-2.2145636218506506
5259,2.697890105307165,1.6623698133358076,3.0934838094931547
5260,-0.5506119652157064,0.435099365438461,0.1618315851072098
5261,-0.4042524535917489,-0.3168971445789864,-0.4436038382001359
5262,-1.2224624190336912,-0.5049953339188715,-2.970010777481685
5263,-0.0754240964479433,-0.6390913966288597,-1.024629932350737
5264,1.0411089557138882,0.0387854437602022,0.5681687781929027
5265,-0.3488371785561374,0.0011145380209755,-1.032675428611454
5266,-1.5431024452202924,-1.934670982478559,-2.2675908056956366
5267,2.735410218326534,2.6448311635024853,2.9481491013917496
5268,-0.6647141202724933,-0.542760818184087,-1.3345639142934016
5269,0.3910867256824601,0.625370797843066,0.8594995362095297
5270,1.858785117523687,2.267810108687414,2.612558469382974
5271,-1.3115616678218198,-0.6268912015399538,-1.1215313177287367
5272,3.008029424725465,1.9435102258882184,0.9484768974478452
5273,-1.1069231372841748,1.505361595136523,-0.1156766563634871
5274,-1.443677632007468,-1.280493475527616,-0.904545316595133
5275,-1.6838387494720328,-2.905566728297716,-2.476691061243722
5276,0.7639452605454999,-0.3109789081537178,-1.0166246105157652
5277,-1.0609943221554825,-1.7374074875852528,-0.3442102359340748
5278,-0.4735924410672918,-0.0210303336516339,-1.2017746936664158
5279,1.6419485858603275,2.2503651054870746,2.9621964613127223
5280,-1.9379395402345467,-2.68735248247002,-3.637162349147239
5281,0.6989913363718866,0.3597218095353091,0.783644575058065
5282,2.13430033627194,1.8349361453799844,1.2795738242530394
5283,2.793458574300186,2.685007621403623,3.0056593928059785
5284,-0.3043253612354725,-0.1708630947428618,0.0779196293404754
5285,-1.7660084839025003,-2.121704196125566,-1.5871542222288706
5286,3.4806870367236225,2.980423993744777,3.377438165473704
5287,0.5256251607000308,0.2970874329260226,-0.4236378126686801
5288,-0.4919210176781674,-0.4619311041203267,-0.0479040039035268
5289,-2.990370773937895,-1.0019642198795755,-1.2816991391070418
5290,-0.8794017183470028,-0.3916456206376216,0.4928709645985234
5291,2.385548122255297,1.4949454505101734,1.9693795573489972
5292,-1.7235415975521766,-1.9353458439798623,-0.6501150350801452
5293,-2.281241000581407,-2.5597372218399768,-2.961335972173977
5294,1.0388110406129072,0.5219343166941229,1.878710775756448
5295,-0.4364173996114124,-1.3733553560944722,-0.8682773174620073
5296,-1.2789320865488014,-1.1877285520651315,-1.7579492745053675
5297,-1.7575309535470758,-2.5919978453211354,-2.544062412125333
5298,1.7004858747203828,0.8504426494865251,1.5359643232226246
5299,-1.1534634761761724,-1.91384773996742,-1.8682262984851168
5300,-0.2732077773466355,1.9835917782618364,2.098566591145544
5301,-2.5881534489182574,-2.205066044573065,-2.4472016491969213
5302,1.2747825547285332,1.680618451316542,2.336233549872328
5303,1.9817120421060437,1.6237347899466537,1.4980013346042746
5304,2.629265672048528,2.8856985365012293,1.1386449232268738
5305,-0.0434874273097366,-0.2763316995042078,-0.879969470475922
5306,1.3754798334666056,1.6394689410928849,1.975500694526315
5307,1.5025557569765318,0.8652163775565039,0.867155946227391
5308,0.5706506167262512,2.823840440329022,1.0935993743321744
5309,0.3893638854677869,0.2444138255705384,1.09181095997208
5310,1.4830032851735115,2.600099288444788,-1.032466076443146
5311,2.2935232845052025,1.1846559214327863,1.232843373014206
5312,1.782679762669985,0.9522719741302536,1.5862406128209494
5313,-0.3703392770402969,-0.2762179998257656,-0.1559878556144842
5314,1.6009606774854737,1.9138896327790755,2.3340368707404133
5315,-2.5838065680997344,-2.719857104953796,-2.581771645867252
5316,0.1401097892792783,1.4497520738906873,0.2132909234529738
5317,-0.3686879350918967,-0.2584550558374118,0.5739529655500437
5318,-0.3551775748320727,-1.0082158535534391,-0.0965640374299587
5319,-0.4919700314135414,-1.275777996673596,-1.1049835395270418
5320,-1.651239130222037,-1.9681778435754047,-1.601196820551477
5321,-0.4118374799407656,2.566854716786536,2.865517240535076
5322,-1.5161055030189194,-1.85560618384454,-1.3545085583245544
5323,-0.0067443829942893,-1.442137467468998,-0.7615142486564708
5324,0.4799291064263025,-0.4847389499345205,-0.3871485219416714
5325,0.3775977360406076,-1.7035793891458983,-1.1937047406392107
5326,-0.3637067637588554,0.3312056170054802,0.3815690179760475
5327,2.4508663974847416,2.306245396952635,2.416588970847643
5328,2.0838322393203805,1.6304556922992186,1.431884871834551
5329,1.306194413445951,1.140165026551247,1.1832901137979492
5330,1.008324570433193,1.656626019131391,-1.6151371104253749
5331,-1.665624336928095,-2.0100913386733548,-0.4989299246867261
5332,-0.0493940143720915,0.4311021387891511,-0.4459083640615466
5333,-0.2644115597201789,-0.2207682143782552,0.4773222757622251
5334,0.0204669201951094,-1.3285647100238318,-1.8142902004267023
5335,-1.9640658416117271,-2.923612432385477,-2.8496761274488933
5336,-1.8756713915034289,-2.160717584066391,-2.0167550983461204
5337,-0.4355663898869082,-0.1814860395591772,-0.481179267587578
5338,-0.8793487921612804,0.5287708483190738,-0.546803524566578
5339,1.165039913965649,1.4312788818989364,-1.0286363737411597
5340,-0.5950995088151719,-1.404434435565601,-1.1283104476313828
5341,-2.113808348371571,-3.102104577417376,-2.690529090053117
5342,-0.4092690852912186,-1.2375597097962572,-0.3442247068855207
5343,-1.405029937597446,-1.92226821920834,-1.9235362021991849
5344,-0.2734683982109859,0.138152992017336,0.1361198991827472
5345,1.2383380115214575,1.1956282574281445,0.8571301092408763
5346,-0.8177136097633437,-2.7972919978599795,-0.3328703185858241
5347,-2.308293863782964,-1.387397826527507,-1.4039123068820012
5348,-0.4713325671392195,-0.925803082520942,-0.4085828893142404
5349,2.1519946857927432,0.92213534474254,2.167023413871153
5350,-0.5725157812772506,-0.8041628454506577,-0.9027120958659192
5351,0.7773423290742246,0.8188231888000103,0.436895710621408
5352,-0.6544480310575299,-1.5427786527593308,-0.4660404575306359
5353,2.679314804860092,1.8818105287948443,-0.8803591559049253
5354,1.9100460618849369,0.6072343712161894,2.5895126646541926
5355,-1.3746022590363072,-1.8552795899947208,-0.8058549198133146
5356,0.8040367112678768,0.341094969989049,0.2154975779048815
5357,-1.025974983125397,-1.2757606833640858,-0.8074847967724565
5358,-1.941662140295364,0.6331125059011885,0.6841856921068847
5359,-0.8690716448770954,-1.6942756791473137,-1.8292763683457252
5360,1.8253523905478397,1.5090539613365326,1.9140716841527017
5361,-0.6542759070244163,2.309662215161893,-0.6513229513928458
5362,-1.877051865664004,-0.2428230792757013,-0.0722177213606282
5363,-0.1658616117078561,-0.7358768006652847,-1.0547572257553075
5364,-0.0186159477070863,1.490101076914317,2.1344977620695844
5365,-0.5048829398291523,0.3836990140633595,-0.2309954961540862
5366,2.6386217752380063,2.6593383169324367,0.1923019052028572
5367,1.044626211282354,-0.1764663537751458,-0.462848371525332
5368,0.5265991533696254,1.0075632629638602,0.8590547700361209
5369,-0.9338148636706264,-1.1902031116342997,-0.6128042612122914
5370,-1.433143670754274,-1.598712086912898,-1.715707028964027
5371,3.614545112574534,3.292707804346588,3.7484961071300975
5372,0.7135461139615775,1.0920206522496358,2.1154549997328886
5373,1.377164774018609,0.74857000302524,0.1615796118253689
5374,-1.396167435524843,-1.6711398556606112,-1.6723558108419176
5375,1.255432120137703,0.4908834089470042,0.3911588491340833
5376,0.7519523200270039,0.6750514956389702,1.2702626701239623
5377,-0.1086782314988835,-1.4291416088847946,0.6612466541788342
5378,-2.077472378566084,-1.6236216488390622,-2.559584891423688
5379,-0.0328423108863223,0.4883666847135884,0.6696681477840629
5380,0.1885309098103611,-0.8231064952057897,-0.5726548784501962
5381,-1.6021901920492434,-2.194623427893677,-1.0621717874273038
5382,-0.952503112113527,-0.8309471892930586,-0.3865292110566626
5383,0.439732838187022,0.3847582093802392,-0.0358240369097843
5384,-0.3400599446905555,-1.4280667205985822,-1.6689422845999604
5385,-2.11268761643212,-2.787719094204338,-2.11292303484558
5386,-1.525716161623388,-2.369240613487684,-2.893697991030687
5387,1.3524483772246965,2.066578940491382,-0.5744130318050169
5388,-1.1356828415571212,-1.9837873784625029,-1.2801165657272018
5389,1.372451430411813,-1.333413350578778,-0.3110461219993189
5390,-0.03334216943356,0.2062287391564506,0.5209837306547109
5391,1.4966340775500926,2.915703153644293,3.247404948959912
5392,-2.801244561200581,0.5050837540998189,-0.8395642880153749
5393,0.9525763798223248,1.6121108944549252,0.0528030170151366
5394,-0.8042442207385295,-0.6147785175699835,-1.1196112133430334
5395,3.0573871284273326,2.828326953726297,3.217135025518558
5396,2.1394503201469712,-1.5154182457708718,0.3664253598273597
5397,1.05459268092917,0.9063209429837412,1.5516733755952443
5398,-0.3861020211290455,-0.4145478835881154,-1.3910399060427745
5399,0.0559312896745708,-0.5846288521544966,-0.0394395024990324
5400,1.503452212283665,1.1470467004618916,-0.0090350960412654
5401,1.7227688216000887,0.851863753392168,0.7565265514775088
5402,-1.7846395809574118,-2.6446647896213524,-2.711813402121892
5403,2.972922563034366,3.050639715479292,3.299640055982767
5404,0.4270954899460306,0.6872907193747922,0.7830033686453406
5405,-0.4048791871516625,0.9564139672232388,0.8319776363060796
5406,0.2936157885848057,0.6634829321430201,0.5234367045404691
5407,-2.493122073687078,1.2962328988088,-2.0180724706639133
5408,2.3517979335211985,2.594758288221981,1.735105042324987
5409,-0.0638125273303095,0.561885570899625,0.6077058541420227
5410,0.5235703203662466,-0.1477951846314308,0.1639454856380672
5411,-1.7660296697870477,2.3509096283216064,2.53620262081319
5412,-2.162388326703768,-2.8783258167594536,-2.7166972420539
5413,-0.8968247317437571,-0.0988130224707422,1.4160768688977206
5414,0.0148581643816665,-0.5789676904563711,-0.5300750681619538
5415,-1.640876667120613,-1.0241372327138172,-2.0761216485345986
5416,-0.493031964539379,0.3438210323524769,0.4712716593403956
5417,0.902953866660278,2.3719613551660137,2.8036431236134747
5418,1.1846080445699507,-0.5482798965984893,-0.3075415123934855
5419,-0.1874160443076642,-1.366994935003544,0.0353486286753929
5420,-0.8242591548078217,-1.1310287350723216,-1.6794875027968714
5421,-2.173612698577531,-2.546755241377748,-2.5968867825376227
5422,-0.2354041587438023,-0.6275256245839625,-0.6147434032521036
5423,-0.2149084312886339,-0.695494263829109,-0.7978691431726043
5424,2.215792506843505,2.074002717652416,2.0507882688689723
5425,0.3494098709272348,-1.4097075701796475,-1.4945644039880972
5426,-0.7803693498109948,-0.4497681384152456,-2.219031849508037
5427,-1.5924862881360302,-0.4231517880022267,-3.168012793871993
5428,0.0095481093854458,-0.5428765317571937,-1.3390570028032005
5429,-0.2057915808139585,-2.308424921456436,-1.198076522717849
5430,0.8673421177861285,-0.4454085175330195,-0.5908119351169945
5431,-2.0310222322467157,-0.515436088772148,-0.6495782696855456
5432,0.6675849159730073,1.2449961440641768,1.6232720328971662
5433,-1.0365641446110552,-0.0881019727695496,-3.129986016505135
5434,2.6934923922639813,1.913503862090216,2.001262871290353
5435,1.4807108317139903,0.6156756460159695,-0.6947092515524779
5436,-2.173759495934223,-2.029595956932274,-2.6964531870366577
5437,0.1316220726389944,0.2465907481342782,-0.1474560507807956
5438,-0.6854878257546325,-0.5323052698258824,-0.4264569927910398
5439,0.372025429034089,1.1852406742848214,2.1848354711513283
5440,-2.323534622100292,-2.7707554308944764,-2.6366793484651248
5441,1.8215547491430768,1.6938181790769429,0.0070778396694191
5442,2.017877465145416,1.0441678551739475,2.7124404194553406
5443,-0.7859078409459029,1.0434233306513754,-0.5763363865226707
5444,0.5289803124979572,-2.102546388375935,-2.055025275598503
5445,1.3731710341189345,2.456711949797843,3.049724137719525
5446,1.0505659690843434,0.4399931718747204,0.8111996426726437
5447,0.3736056867665321,2.662119854928047,3.1296998986614737
5448,-1.076458625587534,-2.028479472183988,-1.552628735792296
5449,1.3422770857252575,1.9968378558251576,0.7125678455425698
5450,0.8595783763225686,2.3004381084409866,0.530832615198385
5451,1.4573331741993043,1.6808194842147726,2.4719068398062523
5452,0.7127690520810547,1.818505391743702,0.855924512512322
5453,3.013717047193805,-2.22508269549398,-0.007752618127638
5454,1.4472410343881297,2.9754611387412853,-0.4755849347575466
5455,-0.7618573021118107,-0.0327391265419506,-0.2215389648276925
5456,-0.7770992056380702,-0.4264297766368882,-0.2344908249276351
5457,-0.4581800293052775,-1.0790501526761551,-0.575236259820482
5458,-1.3538832128628375,-3.5964775348947766,-2.603697009410886
5459,-2.126920165925019,0.2941137805741045,-1.163929627947776
5460,-2.4071746941233005,-2.1124788949521456,1.0043738915198333
5461,1.9841211358814583,1.0995344537504828,2.9165927989740026
5462,3.823498738978208,2.993469419126221,3.530319057322852
5463,-0.9609678316093336,-1.9661009020295457,0.9070972599896624
5464,-0.426476763282294,1.4823590625152332,-1.2039962878622008
5465,0.315742788891093,0.314320723684221,-0.1876194180771845
5466,-1.2930763094438982,-1.6285247293224734,-1.4292206161000245
5467,0.8737460355248731,1.094063606103524,0.644335780869104
5468,1.6694521004188072,0.8667394703437334,1.954342792349378
5469,-0.4919227246241754,-0.424414503583522,2.2050778770980486
5470,3.251197311615602,2.793464051400603,2.939959775013913
5471,0.0846031584189763,-1.369469801535749,-0.9791803338177588
5472,-0.3048088216649716,-0.7707618183816155,-0.085019283278077
5473,0.43448041090598,1.9149360573993608,2.271620989753026
5474,2.004802172815018,2.6578789832954466,2.4830611946040264
5475,1.9270677497730544,2.374261032177133,2.2192281162052976
5476,-0.4307746787104514,-0.4526019095033309,-0.4201459924041163
5477,-1.4694089529135732,0.507917790511371,-1.3812804278403426
5478,-3.211253959797865,-2.410970856479891,-3.656375245715
5479,-1.276454194503614,-1.355405634434214,-0.3602960902641445
5480,-0.6527459957023434,-1.9836452142449752,-2.5923892236558386
5481,0.0873996464785454,0.3272005465283567,-1.850450972314304
5482,-1.628824540951188,0.1156004232864194,0.7640113712652878
5483,-1.413737215064394,-0.1759599351026269,-1.1636790195729614
5484,-1.743023248312435,-0.2757003128034243,-0.0956008958089465
5485,2.135921301559738,2.797023740857855,2.6638212828751344
5486,1.0097020364620397,-0.1156200651692659,0.6500191412923223
5487,2.5389576781842123,2.703410545753095,2.9032958261428115
5488,0.8227613240008425,1.1516601705520424,-1.5016971299947253
5489,0.4383900734449942,1.09402183011374,-1.0883443597133962
5490,0.6465945804377348,2.373213213578731,1.3419773631945566
5491,0.9097913085343396,1.45853621282261,-0.8604671649698482
5492,-0.8577678369204315,-0.8309070762079145,-1.6695980978171223
5493,-0.4345540847066349,-0.4240215680356951,-0.6269911936908253
5494,-0.4680717814219322,-1.7574181731858296,0.4239840242905677
5495,-0.4875973323522947,1.753108551053359,-0.6775346663012234
5496,1.9062603036359145,0.9964252198515572,0.350733053226166
5497,-0.4561431854999922,-0.2178835772183091,-1.0260575261573577
5498,-2.5908391359693725,-3.610290743121596,-3.5347091486431137
5499,0.012045339596014,-0.2462007374201507,-0.8270051713715201
5500,-0.8354686338244136,0.0781760534581399,0.4813517331466249
5501,-1.866613947780512,1.3301516640544189,1.427485649680866
5502,0.811229911644614,-1.0560709470729297,-1.3982939386364983
5503,-1.8966317864093771,-2.698228356741356,-2.2400482090406006
5504,0.3388678801873939,-1.3688773080668168,-1.8203343321402492
5505,-1.6845584893591137,-2.034748031333626,1.6099676328251928
5506,-0.1440618874614867,-0.8309623687770771,-1.1270267766583364
5507,0.5767915029234385,-0.7421446341161406,-0.832620351159375
5508,0.0471747641460942,-0.8723756950465089,-0.0734822792671313
5509,-1.1633741007429192,-1.0745272767494365,0.3477661073650908
5510,-2.468604580771934,-2.562218348835054,-2.7790814227249285
5511,-0.0012760710410166,-0.7762087578721204,-0.3171319865490144
5512,1.9944454338235345,1.2031702762774152,2.087718332377297
5513,-1.3168940162363776,-1.8303696077719405,-2.163897431543863
5514,2.142211299470966,2.3897255422717985,3.4305370899279426
5515,0.0279613943113647,-0.8395097862272172,0.7545474085435313
5516,-0.6304681556524124,-1.3932764786107792,-0.953523598851322
5517,1.0465024174004696,0.2043536589666068,-1.3491320505741429
5518,-1.2635478556195276,-2.293523422194,-2.6249165744800176
5519,-1.846949198254104,0.2948371294261947,-2.1258262573832885
5520,-1.124511128918358,-1.687153250191607,-0.8161402570080571
5521,-1.235941497288226,-2.1949836051958043,-0.6997329355394576
5522,-0.7182828465095916,-0.7224209713319663,-1.044333065517269
5523,2.874525766196278,1.0160164013337571,1.3694421975310538
5524,-1.6318442516092728,-0.3957013856397033,-1.5876016741771737
5525,-1.1635549607276483,-1.2139516115153743,-1.5997697481070003
5526,1.0045692930636767,1.512535546260361,-1.292584618365088
5527,0.0756543785814143,0.3344717744554125,-1.5532041072743876
5528,1.0516118415205495,1.004310953252015,0.4633876738676232
5529,-1.7681026755303673,-1.810667795651792,-1.3564406097476005
5530,-1.3256618039984278,-1.2342104494607478,-0.5574237776757325
5531,-2.318997679372955,-0.5154766897021966,-0.7224471241833039
5532,2.5397212104818863,2.4532396495490114,2.821709997412315
5533,1.4450078945902771,2.247725375627542,1.857629836030848
5534,-2.771268831847452,-3.37099096805274,-3.109328061441059
5535,1.8280308172291295,1.3691135059760688,2.0244870129618606
5536,-1.846340428152804,-0.2403750903310335,2.013477333134648
5537,0.055465244237,-1.0239727402063918,-1.2737530543816822
5538,-1.0429895746981608,0.0335008771621769,0.8689582646587491
5539,1.300644500737384,0.0448005310811888,-0.2342636758027264
5540,0.9946471595017874,0.1349089023770134,-0.1098276961902103
5541,1.4822676883980477,-2.2186719277497677,-1.9557177486825408
5542,-0.502164298218193,-2.564426602910422,-0.1366930848621862
5543,1.5649941881169855,1.4278077364187691,2.1994497280359435
5544,0.6129748644970334,0.3596075016878724,-0.6368525864890106
5545,-1.6862586247273033,-1.5093215837179987,-1.4550018017285196
5546,-2.89189027432965,-2.1564031807985784,-2.116310316731256
5547,-2.9489465913429744,-2.5055780951266784,-2.747160212850675
5548,-0.4163662526962642,0.6635783130053806,1.5318975308049587
5549,-0.4578182080632101,-0.3355451706083494,-0.8808645169377886
5550,-0.8831198838981772,-1.719278413493066,-0.9847931644711266
5551,-1.2667295128979672,0.8241152407511645,0.8288413124978367
5552,3.0788362032311376,2.9969741116691484,3.243928733150218
5553,0.168889243848038,-0.3178329782686891,-0.2769795284550861
5554,-1.0188203731404764,0.033264758268185,-1.064209685322721
5555,-1.3956944682678352,-1.0663335393646975,-2.1185640963276926
5556,0.9076476156001768,1.2030219817790802,1.375459387586921
5557,0.0240095094909398,-1.2800153682138675,-1.3504909015212665
5558,1.608277804182246,1.8173177684518165,2.8327886569243472
5559,-2.03161747919231,-2.1641455717080715,-2.343738606748383
5560,-0.1208864515153283,0.480981099861805,1.0929120431182082
5561,1.2437448946308534,0.577201659225796,1.665789277068895
5562,-1.048041940826088,-0.521802606066143,-0.3339856137835219
5563,3.820853460364589,3.6321120509646736,4.092973817570334
5564,0.309373077163328,-0.3894785574864332,0.7541902535974951
5565,1.112974762398482,-0.3088683719369152,-0.37660182114425
5566,-2.11296642331592,-3.1517632834309968,-3.241520405693928
5567,-0.5325062975545227,2.100451622332713,2.5825063231597287
5568,3.433919363240738,3.120895488006413,3.3775519674225847
5569,0.2512436205495981,0.8663775792255882,-0.2888725777900279
5570,-1.0493565313522373,2.353458875487004,1.0525527386630225
5571,1.191847571975548,1.275423445803083,2.124573885677907
5572,2.2896130957054424,-0.2196283510765033,-1.1644388346450474
5573,-0.5176017829074121,-0.4918741908072068,-0.5717423752421806
5574,0.9187922798249646,1.0920295552450388,1.6778969204249106
5575,-0.34011854469498,-1.1736601139300706,0.057146819396241
5576,0.8051616772281858,0.946004262221628,0.997985800735637
5577,-0.0159845870383045,-0.4010137575188404,-0.8784253254529276
5578,0.6921091955089689,-0.2853259173215954,0.2512922468434598
5579,-0.1199277201795953,0.3848920884341821,-0.4612657925174351
5580,-1.0545907136577832,-1.042188833971372,1.4041009713795018
5581,0.5723085273887182,-2.106980910091184,-0.0829413897706921
5582,-0.5675671952557393,1.039213270247233,-0.7183141811613108
5583,2.681000028332741,2.192700323894812,1.6539367115242982
5584,0.739444130552456,2.010111484329572,1.6260365528769691
5585,0.6178893630635096,0.9509633996410336,0.6173314578285197
5586,-2.2525746939061904,-1.5120715351053902,-2.901980756023633
5587,1.9940036110266588,0.4684191786155635,0.2876817276944029
5588,-0.352487406061348,-0.3237218207421108,1.1638762471052404
5589,-2.5070074884526767,-2.5278812915725464,-3.231179656267288
5590,0.0512779192767178,-2.104281809435567,0.4215084210413927
5591,-1.2931223969861154,1.0893404221173726,-1.0514187203214027
5592,-0.2940845005952347,-0.5171429106202492,-1.5174439173312697
5593,-1.735763320531663,-0.7375663123700704,1.5155323105785865
5594,0.5674132174380853,0.0522792200060915,0.1089798889955485
5595,-0.1837891210576586,-1.6484733279129795,-1.1357788643812516
5596,-2.4479774509871444,-2.7876693697211192,-2.438069576673228
5597,1.6285795271653492,-0.1317394074302397,0.6434010016935741
5598,1.1349544810827057,-1.3894850189725858,0.39689310723267
5599,0.8671115842689936,2.321079369614574,-0.4352861670272324
5600,-2.5267353363647875,-0.6704192142136624,-2.281700826671861
5601,-0.0206516146323113,-0.4460071622082133,-1.1389781673644988
5602,3.6806597900785065,3.057168254856944,0.755385336146412
5603,2.0019664568373834,1.5803592606635026,2.3338317897513687
5604,-0.2443382173827584,0.3703628921745064,1.2335492959055177
5605,-1.600536314147116,0.0049634470564936,-2.772569069850329
5606,-0.6924731832255605,-0.8995485297897798,-1.037680102858487
5607,1.7115487199075194,0.0425050389723484,1.5455708506881485
5608,-0.6512908851928374,0.610571389753038,0.3233850698625557
5609,-0.1211600303333255,0.5237583104284401,1.8663162750178464
5610,0.3320842713571454,-0.0428134881493833,0.920410308931337
5611,-1.3423794439128678,2.603527195841962,2.900832916129255
5612,-0.079455934727001,-1.5581871487713757,-0.6991773538700022
5613,-3.0428898406513927,-2.543316677228201,-2.7525667564857037
5614,0.715212391655682,0.7609722726221904,0.3858246760842945
5615,-2.017911318265422,2.104825251616699,0.0050043419046048
5616,2.884666413197351,3.046926134702661,3.169037488108141
5617,-1.3290990691800473,-1.9841351297155845,-1.625969952081045
5618,0.2219545448773989,0.2999891657181607,0.0874167441007096
5619,-0.2674123874939914,0.1030865622024272,-1.152766968361807
5620,-0.4256481378484833,0.3679006367312282,-0.6107579281727347
5621,-0.6544847272662219,-0.7190734072197835,-1.218211349952319
5622,1.1378099555782706,-0.4480290059911477,1.00784275167811
5623,-1.0910193800093226,-0.0793773449858998,-1.145798569374975
5624,1.0065163071849,-0.0175252180911832,-0.1498012619122335
5625,1.731611169549616,1.182418245791926,1.0948269667713162
5626,2.294546921780066,1.7239038261063582,1.8718328676675804
5627,0.5225862481444835,0.3347264763577262,1.181966140298243
5628,-0.0134112893388104,-0.6799213082922918,0.8259635593679325
5629,0.653941691450211,0.9492393330695158,1.419433509107571
5630,-1.7224551389697995,-0.2625148755668861,0.5374307728099901
5631,-0.186262093941439,-0.9095489816412086,-0.7761492519861009
5632,-0.6094423868274815,-1.167707678394706,-0.8616602490961381
5633,1.7063284986135991,0.8967496334385764,1.101857744140713
5634,0.6646217741356102,0.711238408653121,1.1403064160257543
5635,0.6203122918018299,2.0080999559558896,0.4311579045013024
5636,1.0416990713338143,0.9453210590907464,-0.3078793792996326
5637,-0.2756981693550144,1.3745779026735252,1.9266352244465583
5638,1.8838797481564795,3.27634703194694,1.7527883389722378
5639,-2.5745649608585697,0.8189666843445468,0.6082270621913808
5640,1.0079761926174668,0.0689497628290357,0.2895202478524369
5641,1.8978803739424104,1.0534693266399615,1.3128371081578158
5642,1.4920000678366625,2.0814896701350043,2.529751066725641
5643,2.163020926123309,2.245592357098197,1.628123836508992
5644,-0.1120003446858737,0.7034587583719997,-0.4844472155442742
5645,0.8533755503292598,0.1314813676645581,-0.1929907349195168
5646,-0.2443062152804968,-1.1342019250601652,-0.934474945351046
5647,2.6634726613575563,2.561426545503467,2.571146898985396
5648,-1.5700404070270746,-1.0095773631098344,-2.206946236788603
5649,-0.9513438237035304,-0.9570724026313084,-3.3237898290069
5650,-0.1676694481104849,-1.0991759442011269,-0.8501871564282333
5651,2.130860343850774,1.8925905765452595,1.6899269948276263
5652,-1.0282163251586824,-1.9839594142351715,-2.1244702107046067
5653,-1.808751948531976,-0.8934261763800785,-0.0945490944181048
5654,1.0455931073729596,-0.279572045303868,-0.9768285988527428
5655,0.9180973711269292,0.2018509358949714,1.0055089204394256
5656,1.1817037583118626,0.0035719401247601,0.6131970994499222
5657,-1.6908612627042656,0.6916875749467019,0.1965438575126317
5658,-0.0388073741352107,0.0649323363476857,0.508993654426315
5659,-0.2177366598671148,-1.4515455074872576,-1.3951410380445204
5660,0.5308403290933735,-0.8448352305477618,-0.8433563331594988
5661,2.5347635951252574,1.797964374613937,2.6907959220547664
5662,-0.7126618733050802,-0.745389453929226,-1.2494715201952356
5663,-0.1431578959146001,2.325659354801087,-0.922322911994839
5664,-0.3687347757394128,1.2627521665258583,0.4846536614881634
5665,0.347984539370508,0.3045707147064961,-0.9332636128323368
5666,0.3685361997886187,-0.526825807935582,-0.138176178832261
5667,0.391105317982352,0.0558743508327308,0.5225709465927685
5668,-0.3465366292101887,-0.5950699517897305,-0.4172630092761417
5669,-0.2788024151838865,1.9999018130814032,-1.9719433246937816
5670,0.2417253048949335,-0.1167539091371152,-1.5979091463810235
5671,2.0095711857636287,1.8970227572164324,-0.8220221721401758
5672,2.113487293623634,1.7340029517865192,1.5902213349572936
5673,-0.3847756196162113,-0.4498388982373197,0.1314734799342102
5674,-1.3612448342664252,-1.7221412004605514,-0.4032776561589825
5675,-0.4496759938119896,0.0088870042196858,-0.1588033411300492
5676,-0.5831470764163874,-0.5951717091826622,-0.3860852548042857
5677,0.8963214060212816,0.7552069602885707,0.2204188861331644
5678,-0.5701599599875735,-0.6499095637375367,0.1999007762152729
5679,-0.2519984366921654,-0.7923116508823517,-1.292826104909322
5680,-1.0055403006947894,-0.7357429811876118,-0.5193715704240147
5681,-1.0453800837060705,-2.032640680305165,-1.6818182173354153
5682,-2.028471349642645,1.0411057269071904,1.7853921274130593
5683,-0.9435528150595032,-1.8104826405767676,-1.325070791964874
5684,3.136471737977822,3.1322340276584426,3.215847242613539
5685,-0.7934145587154712,-1.4468123315937214,-1.83920695710674
5686,1.137216063499639,0.8579028479380953,0.7627870030812481
5687,-0.3165602191471325,0.1149894124103673,0.7542576056734414
5688,1.1803783147366111,-0.1702034238942464,1.5345151110596162
5689,2.5481459738753407,2.671630326049527,2.62935078800766
5690,-0.3484062255274261,-1.505251382698375,0.6715792030988947
5691,-1.126009728320864,-1.967973369334848,-3.112393365384714
5692,1.001468523332519,1.4883056347401726,1.3995918534374432
5693,0.8572305365277236,0.7630310320025592,1.003491616947465
5694,-1.356186540969465,-1.894259309491849,-1.515154870545427
5695,3.12850030928624,2.3674840357868963,3.2012518112459443
5696,-2.112477196056378,-2.6462340839114864,-2.621597182893846
5697,3.148260891673155,3.436679169363769,3.38745328498588
5698,-0.4137788955450693,-2.715067802310491,-3.295245227366848
5699,-1.9529981914574943,-0.0002210995612791,-0.2326084334666751
5700,-0.5967640190245893,0.8074799871402599,-0.0254558350269354
5701,0.0656098564272913,0.7107995406419797,0.0850817210894163
5702,-1.5531159759735818,-2.54474110702645,-1.6167845294028085
5703,-2.304919371390446,-2.726611755052084,-0.3351206278431564
5704,-1.3762211707391194,-0.4977994137801138,-1.3947691285827146
5705,0.0329449277661793,-1.5151202035596922,-1.4759008307239958
5706,1.2373200475890218,0.566965538851726,0.2916714630540549
5707,-0.6072247978143324,-1.8213133808654132,-2.365091238734705
5708,0.3850237232405454,-1.2908923632766185,-0.5537041049930953
5709,-0.4407163740409111,1.382687398759097,0.1664786204695843
5710,-1.3385049239046354,-2.9796160806524195,-2.6555780769584088
5711,-0.158897931748572,0.5112265282993854,1.5554161943586664
5712,-3.147669101209716,-2.839597353165666,-1.1401608970110877
5713,1.1381674526277417,0.2067516582828608,0.1999847828273984
5714,3.2548133978716844,2.715866843357965,3.3840482988797183
5715,-1.2804555402184832,-2.497180339549305,0.6648193635105695
5716,-2.2614771504258933,-2.7216065654224164,-1.3861754710229823
5717,-0.4468996927818363,-2.302991561709028,0.0842414480526484
5718,1.321047625465563,1.6509410557798887,1.1154491530050767
5719,0.9027862348235016,2.3727658694478677,0.6143737409726137
5720,2.711085899695721,-0.4912815286767693,1.949039675357221
5721,0.6193464695581572,-1.3167297087457466,-1.604908907802884
5722,0.5351538502072078,-0.5629420287617501,0.7377447847189972
5723,1.2344279173438344,1.4350654460843018,0.7649372733071086
5724,0.2516526183099894,0.2176130182102247,2.5507146394240348
5725,-1.0547299249913502,0.8666817100497413,-0.5722817672071647
5726,2.908571289373227,1.9323338749757908,2.250147591795763
5727,-0.7418717438349947,-0.7968262074521246,-0.3831922199228745
5728,3.021099266459681,2.6074779621751163,2.886565585286865
5729,0.0490117702956848,-0.6955845157160085,-2.119988164114769
5730,-0.8101380722284208,0.961550729938677,0.9544367589352728
5731,0.6615171441587528,2.2240759423182244,1.3279502591424932
5732,-1.8653078064435131,-2.3974602672874608,-2.1002724611870645
5733,1.2369003756633017,0.8678779798885949,0.4421340165024353
5734,1.9840169081322687,1.3196743752718885,1.866071694039836
5735,-0.2588045568742319,1.168109890294431,2.022842070430775
5736,-1.6847527636678832,-2.2959007225889416,-1.723096602032089
5737,1.0050685365298413,0.965323616508861,-0.5427977602618961
5738,-2.031978323808599,-1.502785611153735,-2.079923791839564
5739,-0.2272048489367404,-0.9040871862086804,-0.0088157720530079
5740,-1.231100204922964,-2.1645191139916,-2.431911438928578
5741,2.422952953264516,2.579246294449104,2.5859158202014183
5742,-0.9700390201510896,-2.3845865684723324,-3.1135103421563213
5743,2.90032130235378,2.786102112928666,3.0435916093986
5744,-1.2774632077365105,-0.174664838936982,1.5969173549766411
5745,0.5284084283744327,0.0937891065674738,0.0515926344600913
5746,-2.1203942585997675,-1.6825347120677585,-1.6783212797775606
5747,0.1807318705578892,0.3342436673612369,-0.9275372617861494
5748,-1.7140768658623973,-0.9207725726390972,0.4162922148571705
5749,-0.4854492538133575,-0.0307760199598853,-1.7565714060411215
5750,1.0431720438140475,0.8528893840935768,0.9001079609283552
5751,-0.5116982132199667,-0.5507563557706955,-2.116902585370824
5752,-2.2997644362338665,-2.347661161900107,-1.829912968859648
5753,-1.6433464908795372,-0.1009061126262738,0.3398456383749932
5754,0.8541969047357437,-0.3074501738221439,0.507815465194424
5755,-1.162437572711599,-1.229941739826281,-1.4876440836659095
5756,0.2882229625739857,0.2261322966303088,0.5732361305936924
5757,1.5460206799719076,2.5921590897954627,0.9141546877322864
5758,-0.2516576478325307,-2.575207883208947,-2.448729570438954
5759,0.5131482734305246,-0.1974791843227877,0.9187702320573026
5760,-1.4999996789239147,-1.7709334927391407,-1.212093184345115
5761,0.0254048445300486,-0.9737379982054206,-1.682326701191702
5762,-2.5035583903851983,-2.305322252386676,-2.3621275020575023
5763,-1.1753802362728203,-1.2417937443087057,-0.9786600690559436
5764,-0.0798246924633036,2.785008922829036,1.5181202429723653
5765,2.030391011254256,0.8107946485205447,1.4728268098684518
5766,0.9992284216396712,0.1208204933509189,0.2050317834651294
5767,-2.4106389504496897,-2.0682481114760503,-2.415487882005104
5768,1.718594039607214,1.581965899813231,1.9099361819506624
5769,-0.983829411527622,-0.2807748425161561,-2.47548452296217
5770,0.4403319719817918,0.7098238333355672,1.492360343111092
5771,0.0286966568756635,0.2528611903865935,0.0903372065994342
5772,3.397852975464645,2.986054201817819,3.0163690752219425
5773,2.3638499622164497,1.0482725665104062,0.9016656806841434
5774,2.3321853325307864,2.085386448319615,1.5317707052735825
5775,-0.6819103874970404,-1.0514502988225516,-0.5870953281737725
5776,2.6830439128314123,2.598452977146241,3.1383783353189187
5777,2.65868195065342,2.391401062075666,2.647254357840253
5778,3.006292352828971,2.9479585823664243,3.47542931318337
5779,0.5721988777179107,0.5213118910247587,0.8526604094790683
5780,-0.515371224823842,-0.7054584392263908,-0.5563849919569983
5781,0.0001269638439973,-1.4313627006398797,-1.8759015918798887
5782,1.9272387743935468,1.686934968154269,1.603810459436622
5783,-0.1335350534981175,-0.644333108626369,-0.4274557833435004
5784,3.167797612039212,2.77941361696973,1.546150578748226
5785,1.2377259447510345,0.5745927202173078,-0.1719796532797275
5786,1.0119724947978634,1.5485184265513248,2.2779005985429075
5787,-0.0762659481873677,-0.6070503195185334,0.0908709504004356
5788,0.0648884761044506,-0.2969576344630112,0.387484117976191
5789,-1.8476229542284248,-1.8456079044659204,-1.0370630605442654
5790,-0.604171007989527,-0.2705137710446296,1.6573508250641094
5791,1.9093304906386803,0.873258271952855,1.59364524332172
5792,-0.1340908778925997,2.616727658743314,3.001167501773101
5793,-1.6284170697992515,-1.310034818033883,-1.8910093763127716
5794,-0.7552446462914656,0.8113152044454761,0.2090659052413035
5795,0.7105045444645888,-0.2077295051481578,-0.2543256350923074
5796,0.9505369983924902,1.3746720537265715,1.9142047671984277
5797,0.0651817923190863,0.1814739089179274,-1.1054553084892773
5798,-0.065722465919229,0.5131495646808404,-0.3191776537066575
5799,-1.7598631294929328,-2.218049624005118,-2.266274506474
5800,0.7835517863045326,1.3086598696595415,0.9534834737341248
5801,-0.961652051161779,-0.8067111670471533,0.0652787266721516
5802,0.5685772259876862,-0.4436562963087048,0.2119930653444596
5803,-1.1087546396574322,0.2507848797483865,0.737169931789588
5804,-0.7197243375139046,-0.7254364019000494,-1.665291542980937
5805,-0.9204843281015058,-0.0049099125383845,-0.6310862532378368
5806,2.344555732951775,1.263179218737543,1.010705613907342
5807,3.5231102914775887,3.336118672302283,3.7957131223286655
5808,2.320392303061018,2.0619679941955305,1.859642440929054
5809,0.7135276081326845,1.5990610693183105,1.501224938525125
5810,0.8573885687185918,0.5337177879065016,0.5742804101266683
5811,-0.487220615651956,-0.9287603790250936,-1.150974692506032
5812,1.7850317562610658,2.0014529899305,1.9639325375701289
5813,-1.643022448629219,-2.244871798509955,-0.5869775539629152
5814,1.840579086801852,1.6867297640569656,2.2418419939818586
5815,0.2973566997645142,-0.6653664917852753,-0.9345841063879816
5816,-3.729896893772988,-2.1472677385677104,-2.0070097696122216
5817,-1.1595462948151616,0.2794183896948486,-2.357885359326718
5818,0.3876886528915962,-0.1474252279575901,0.8582048435721698
5819,1.3026905914642128,0.6503487642564414,1.1534896601764002
5820,2.496469630452576,2.123852333255301,1.8573708172124768
5821,1.3157616892472914,1.3583638915656535,-0.6527878158795406
5822,-0.0049578750905496,-1.2852217028660533,-0.4678913319710829
5823,1.0708281363152845,-0.2527763576860545,-0.5807769301339094
5824,-0.1119906211898636,-0.9745834109997936,-2.1238462000139493
5825,-1.0188291854090994,-0.5101055266841885,0.1615578902294878
5826,1.2654773810746174,0.5020142084779237,0.73181872570149
5827,-0.8900830537458337,-1.0680471512292806,-1.5484503472817457
5828,-2.856230885061225,-2.381640623177081,-2.149950648842971
5829,1.3848581934968995,2.8688795828201883,2.327831289130154
5830,-1.2778871267212832,-1.5581449815642956,-2.366409690188514
5831,-1.5549651340868236,0.5106412283701488,-0.0794847176675485
5832,-0.3055651910613094,0.342520482790475,-0.1001487430582336
5833,0.8031341026037625,-0.1290435604715083,0.4693608673450167
5834,-2.150155961637344,0.9080171199692486,1.0270944931101034
5835,2.6288458825848684,2.304596174147968,2.479781964322666
5836,0.7111115963271308,-0.0768099579691601,-0.4847800268071783
5837,2.860774777254331,2.937291612641697,3.3580609071022387
5838,0.2193870372712976,1.3129303535187946,1.966398786834887
5839,-2.3036631593202737,1.6375105996720545,-2.218557218560068
5840,-0.8713156650310145,1.079448521754395,-1.3316350306513536
5841,0.3865354466381406,0.6005953782058516,0.5562289292615523
5842,-0.8956885543822041,-1.3392484300381975,-2.212035862603212
5843,2.781498856838269,2.9695693072167417,2.314622174873316
5844,-0.7361092665502718,0.1057165212071713,-3.100202332058436
5845,0.388838957013136,0.5067108936875011,0.1552955784069158
5846,-0.8043762816936257,-1.2666657936950907,-0.7885016581103654
5847,-2.1140193088203314,0.09245488886988,-3.0281741086211644
5848,-0.2727309224995687,-0.7425468401646045,-0.980673245695302
5849,0.4225304477066275,2.324350050506341,0.7244093482836913
5850,-1.631164872163839,-0.6411056324632489,-1.3808344905678671
5851,-0.8817882449047326,0.6384247859022768,0.0117194719289462
5852,0.9928925777587008,0.3190838326934347,-0.4461142479219679
5853,-2.1231648895915027,-2.166288245338127,0.52339477144306
5854,-0.2176973571321921,-0.2372518169545987,-1.385683040198167
5855,0.8306662558635495,0.8719546255440074,1.0064884877503106
5856,-2.2129556354447315,-2.5575543945335384,-2.3860844035265742
5857,-1.73446366912032,-2.4563047803826645,-1.943980674596394
5858,0.7819844742646236,1.6364420924022751,0.2919569700900772
5859,1.1119684697765868,-0.2318756204447186,-0.1228200395070024
5860,-1.497461479280066,-1.08901123070895,-2.4366859926774387
5861,-0.5936078379415164,1.162284229002081,1.6868585937030331
5862,-1.902230699282096,-0.9942906589260584,-1.048392763361044
5863,-1.4305715534605992,-0.0019390624209446,0.3551603191988174
5864,2.5088747076492792,2.008294661715923,2.112695396403069
5865,0.350478406325201,-0.2664368809923741,0.0391515400775256
5866,1.4625705719715674,1.523409943917907,1.8511428533453755
5867,-2.6313435401311085,-1.5193098935663214,-3.4317924778640365
5868,1.0122449812835328,1.4515168669933636,0.8110131013337568
5869,1.4328720516250115,-0.9007774084828029,-0.0635344223948985
5870,-1.1664055531324538,0.5157178327010529,0.94889290457495
5871,-1.2891552106139756,-1.6263302063796945,-0.7082107067773005
5872,0.403097260179648,-1.0054110122951332,-1.656130790637916
5873,-3.2522811161709,-2.824877051991299,-2.7631825148493454
5874,-0.1796005845558157,-0.8129579671332308,-0.5716951702097911
5875,-1.775801283111313,-0.623364847205529,-1.523138313528078
5876,2.217100904284097,1.5956428910346352,1.7284450877605482
5877,0.0560012744609009,-0.0637276372475877,-0.0232015080115171
5878,1.5561262114396728,1.519090162364268,1.3254466250233703
5879,-1.985681243852044,-1.8537509805966024,-1.1505560157871324
5880,-1.2869861697511948,-1.477361638384422,-0.2476302261987883
5881,1.9921365960432835,2.176440003896225,2.2068659232696763
5882,-1.9412194617921896,2.1390175691943267,2.38406809834379
5883,-2.7484190238196984,-2.6509854099736496,-2.8857788724903104
5884,-0.3378596303238205,-1.3260999842380832,-0.601279500839458
5885,-2.3145321387788544,-2.770687517423806,-2.274124300608355
5886,0.3119603740671283,-0.5656964299305356,-0.770671602038886
5887,-1.91217062774139,-2.565501867506992,-3.2020463812399225
5888,0.2060376831282638,-0.841545075492388,-1.8371101176142688
5889,-3.002964771516007,-2.1031876682239576,-1.0649040900948106
5890,0.3921025357819929,-1.023055916728281,-0.1528622404863793
5891,-0.5779881006348896,-0.694822580574941,-1.1833862520205436
5892,0.8999747581773698,1.770458210721302,-0.2010813761127756
5893,-0.9156901506850929,-0.8144239457805189,-1.7644113482304042
5894,-2.0678447772571804,0.947476901477576,1.106046371654829
5895,1.103677103983752,1.156973724327676,1.8816134999050904
5896,1.5747163930980288,1.2430673624094246,1.2581989153546644
5897,-0.0072974043556481,-0.9757882100696904,-1.3878229080397717
5898,-0.0176832582446811,-0.6821284917673209,-0.866954638726575
5899,2.317916776903313,1.5090545423678197,1.2468635945614603
5900,-2.363765996175534,-2.12469528372824,-1.984637437574512
5901,1.6882608718594143,0.8091041739735525,1.941494143490574
5902,-0.1875786079475914,-1.640646511603519,-1.137300521514658
5903,1.6857817400999244,1.94156906250292,2.155927829892803
5904,-1.7751967249230842,-0.8063653029798336,-0.4550192080679316
5905,0.8737848211266239,1.819419116946673,0.9602722111307364
5906,-2.5065756831436694,-2.030198386948401,-2.5915913483217894
5907,0.3005368613900582,-1.2224992580150815,-2.989890687413572
5908,-1.0570424293325185,-2.0749045194129896,-1.481179837745099
5909,-1.6701685649918276,-1.2738751879114687,0.1779439032162948
5910,1.4863362744165534,0.2022227124832774,0.7119080288822556
5911,0.4801004105275599,-0.1211520135950983,-1.2475914338181708
5912,-0.2010811627445246,-0.1020619258846062,-0.0548998611551657
5913,-0.8338598458066071,-1.3832505792602932,-0.516619699804253
5914,0.115556839016251,0.3451838774818059,0.958725519827584
5915,-2.7658374624022755,-3.0493549012671544,-1.4127755419572725
5916,-1.358679439348663,-0.468999896037791,-1.3820928988388992
5917,-0.390358729868294,0.7596008418165817,0.9066563654289472
5918,3.136472722541556,2.798319646713224,2.4088401675193816
5919,-0.9493919578976672,1.280835088972624,1.9737592761766876
5920,-0.8074468662155678,-1.1101418804961385,-1.848178320745048
5921,-0.4377973069023888,-0.3528693468758888,-0.0909002522533374
5922,0.6972696960464673,0.0904824650805064,-0.4486514703673413
5923,-2.256907340828748,-2.94308581547008,-2.3469668154941075
5924,-2.2053036472810827,-2.0632330033473254,-1.7353000073859983
5925,0.6067909594280326,0.8235096695285713,-1.9860789038707585
5926,2.58742134658052,1.8472393245071557,1.529633001627161
5927,-1.9414219086208075,-1.4573211518680984,0.3754308751805137
5928,-2.423235432689101,1.3010481459168843,2.464153422842396
5929,-0.525079047902952,0.7483067955310163,1.202284933678326
5930,1.5305564594175165,2.510282017982405,2.2453844808850123
5931,-0.0463501220467482,-0.8035383182021026,-0.4645826438035647
5932,0.6489012032947995,0.0279522086848531,0.2596133206995967
5933,-0.6581207249840603,-2.885077449992133,0.0436528953977219
5934,0.0240690087517919,1.3724301020697116,0.9032075919919031
5935,-1.322898520626272,-1.3443478077857909,-0.5395238484890127
5936,-0.8489860249450263,-0.4215747940817848,-0.2242403450117218
5937,-0.4544091357646538,-0.5340419908330942,-0.3092735800836613
5938,-1.3803031410560316,-2.5691726256271754,-3.4472989668054783
5939,1.21463623325273,1.7244535951088888,1.1518845481023718
5940,-2.2101983391531643,0.5149878642662942,-0.7849094120383457
5941,-1.4337999044069156,1.2711701672794635,-1.7689585228195182
5942,-1.7302387066783256,-2.953685215107645,-2.44897463807322
5943,-0.0014997231344458,-1.019402734333431,-1.18395388189474
5944,3.0885121123800414,2.9816008444473834,3.2040083860233244
5945,0.7825764384427353,-0.682355451102171,-0.004589873607271
5946,-2.674288897669697,-1.7616204009710852,1.4888054531224983
5947,-0.5163406842926922,1.6031171359611562,-0.7541607120587764
5948,-1.0016877628122032,-1.8465377023414489,-2.174107225221006
5949,-0.5508529237622137,2.667139115387459,2.9928812264962974
5950,0.6964021070993054,-0.1830866169589572,0.05530328727319
5951,-1.9145861620975797,-3.1793425404734417,-1.1850673332747017
5952,1.4343744726550798,0.9480867218903788,-0.5724143789758909
5953,-2.534989417751959,-1.3332567185930286,-2.543343000270579
5954,0.9653383494927592,2.4328169870692946,0.1502384392818072
5955,1.4396470890819175,2.440219517070338,2.079812264613205
5956,2.520074186846615,2.488341899708512,3.2574470637260724
5957,-0.9431172281189668,-2.062806337810354,-1.5055406157270486
5958,-0.6275206256706533,-2.8309732126414087,-1.7577667559456165
5959,0.4374205196981185,-0.2213222488321016,-0.4402600385028622
5960,-1.078305220575716,-0.5597595779970866,-2.259262761143001
5961,-0.7970028617607835,-0.3487476196261703,0.9312985585895084
5962,1.4865156019857992,-2.716117783957888,0.2247689843545111
5963,-1.847577842083926,-0.4433517893333399,-0.7246920020333204
5964,1.2702331191892953,1.7055359327058917,1.888316774823437
5965,-2.126438319451889,0.2428509914285728,1.245644126902724
5966,1.3715572712778792,1.2487737675554105,0.8562744828355293
5967,-0.165334939548677,1.3753243509510766,1.3842536293686205
5968,-0.0165536208126246,-0.7034603586386744,-0.9896309148960838
5969,1.4917644044385534,2.3312655676892144,2.014305445797982
5970,-0.0086451601537191,2.0225931563659283,-0.7097062962921402
5971,0.3120798125070497,-1.4347638899658826,-1.4715158593990665
5972,-2.809025602022336,-3.485627697831677,-3.084511963079175
5973,-1.0412993367866237,-2.382121641723897,-1.8711228513881213
5974,-2.1206105806761992,-3.2419194114263425,-1.0260370345995755
5975,-0.1378344456153376,0.3912816354147502,2.0928618703232305
5976,1.6030483276461829,1.3451916045063168,1.7062556595717142
5977,-1.082188401626329,-1.941050467807033,-2.287119012999705
5978,-0.841634545208079,-0.3084584092252598,1.0774888458424063
5979,-0.6080216460996906,-1.514991853812175,-0.3900907673412389
5980,0.4810217087666051,0.3450684547789898,-0.2968873729880663
5981,0.6962159091203326,2.259752377468375,0.1150961908298329
5982,2.6992517588213896,2.6595674940659464,3.052190083784048
5983,2.0678400881272685,2.6454345768003624,2.9822838341393503
5984,0.9117733778415578,0.1793583253373895,0.6919329043516603
5985,-2.34811573786754,-2.594531103628454,-2.4507062284653305
5986,3.683084384958228,3.5416217222398747,3.868038325015709
5987,-0.7843124608779518,-0.8339068688144502,-0.7814939928001101
5988,1.018954544742822,1.07611708768318,2.469778458736919
5989,-1.5073463156413625,1.9574252497458489,-1.224993548665642
5990,0.1382690630031474,0.4302085251416625,0.4316050174623291
5991,-0.2676609295722761,-0.3409736408915536,0.4405041660895139
5992,-0.0117528985200569,0.023778778353462,-0.2191989324973029
5993,0.3511924136197029,-0.0720534454026326,-0.3207038980602534
5994,-0.1843153445824027,0.0435097043888468,-0.9736106415219904
5995,-1.3381289575209971,-2.0740140666394606,-0.4680854331298447
5996,-1.5639286295044494,-2.556591606053974,-2.209266928406645
5997,1.7891166510578873,1.6826062176840073,1.0692314928760829
5998,1.217456535073583,-1.0770286730013807,0.0521344152533103
5999,-0.5858904650476615,-1.0240587380436073,-1.3604099005267771
6000,2.2693225331749254,2.7349469051808697,2.461585596355248
6001,0.480147990943456,-0.2543649523943492,0.0844076963226936
6002,1.5638935837650565,1.118590371606183,1.5415412524946757
6003,1.3146864568965655,0.4298142365307757,0.865931390293214
6004,-2.075344782166197,-2.51927577600561,-2.513996778567312
6005,-0.9691317722431576,-0.4773477957070985,-2.107130847091874
6006,1.4510383174718242,0.7827274611713277,0.8674003293324174
6007,0.3104226724390853,0.8639448515116822,0.2055646181676748
6008,-2.3172266009648874,-2.6436273535277897,-1.7084188249281522
6009,-0.8908235175077283,-1.429572671249703,1.5749946332293674
6010,0.4783624166372941,0.2144904187977741,0.2510084559198691
6011,0.0433470523566414,-0.3871295509920958,0.7794870960032798
6012,-1.6398993477228243,-2.1046696746345352,-1.4973311992050586
6013,-0.1744907845676107,-1.466523726461108,-0.9312903222846728
6014,0.015330169703006,0.9507168170553894,1.571407778865945
6015,0.1107379716963252,0.9552344235998608,-1.1084448449834283
6016,0.5785735593177919,1.9963019307710477,1.0989904581570142
6017,1.8934240074539817,1.039799547987333,0.84481797915237
6018,0.3958515436789128,0.4304740686175662,0.3477629944780966
6019,-0.0943674693124625,-0.6270386414226102,-0.0526398892384157
6020,-1.3159397538993052,-1.7993371094021122,-2.2701236697221545
6021,-0.250812697692491,2.2798322124682,0.3699984619644956
6022,-0.2509496119959381,0.7651745562366046,-0.2406555511205013
6023,1.1527191739418947,0.0618373322736812,1.810138132782651
6024,0.9533484040515232,0.9548950376380064,-0.5149849019635924
6025,-1.08374437612301,-0.8506846740430665,-0.5820157616656004
6026,1.0069360228038462,1.004578296864083,1.0526537428342486
6027,-2.3571858996694086,-0.7708504108183873,-2.605382193593176
6028,-0.2206257596688048,1.4991304181916936,2.579004803670584
6029,-2.309924318320718,-1.644376440770294,-1.3718333929559905
6030,-0.1744962623269862,-0.1438209492256105,-0.4469657783681527
6031,0.0047011866925995,0.3855952243713838,0.5268056393799655
6032,1.3036902025995758,1.981784072509295,0.911791132408927
6033,0.9019676090252542,1.6641963649178155,1.5075212290248
6034,-0.5903593489902192,-1.4632306212053654,-1.005592743448552
6035,0.757226582227882,2.0692061941043507,1.6500549943772758
6036,-2.125313929731443,-0.9505081568033852,-1.5440202944737644
6037,1.841447477414804,0.9103886537622472,1.502865207826274
6038,-1.688036125310323,-2.8216677456563586,-0.2206418073286102
6039,0.9168955946393466,0.9101930732701226,0.2051930773458385
6040,-0.7884912427667304,-2.361266539520888,-1.7127588570783363
6041,-0.8323358149537002,0.511773724423557,0.166697960048104
6042,2.2903852001977008,2.817116183257714,2.475193751450794
6043,-0.948412232754747,-1.557356280479867,-1.0495712087341735
6044,-0.6104898866580999,0.9588748905676602,-0.9862557048704804
6045,-0.15127427788706,-0.3369004940830479,-1.2505906624027794
6046,-0.8101659947684555,-1.2652797570312555,0.7657875029190035
6047,-0.791793939442879,-1.2018806462436298,-0.7978467090250698
6048,-1.8321527969699327,1.1182934475948791,-1.3116690343395991
6049,-1.4817653160444544,1.4288074858823607,-1.255519711047043
6050,-0.0539099218336189,-1.3678030595605108,-1.7673109182612932
6051,-2.515178123353972,-3.274865702313565,-2.475098975611433
6052,1.9654636453725771,1.592096243351797,0.7859313929941807
6053,-1.3212680660885177,-2.2096904388514766,-2.163558380488602
6054,0.8653801856126557,0.9051286313644356,0.2587666303744311
6055,1.5688149994581877,1.1490471252841463,2.5639663484240014
6056,-0.0573920896566058,-0.2259756863228807,-0.0145277056987309
6057,0.0014596554021546,0.5655224022568496,3.025848477952938
6058,3.5035704020039917,3.5423391504873782,3.7684058784922176
6059,0.6643785343294629,-0.1937027362188313,-0.1766823508360544
6060,0.6214680362652418,0.3131548577849952,0.8583350020398498
6061,-0.0279223110462114,-0.4236411960795175,-0.4668841127744733
6062,-0.0408139668149711,-0.8735691073717552,-0.7017017732758712
6063,0.8039431950115786,0.4345307559754544,2.468381614322781
6064,-1.7352978230914406,1.4859136404229265,1.7661251396814324
6065,-1.8416307873991389,1.09478094666939,-1.8062919790918244
6066,-1.0077489307740355,-1.981231750384524,-1.2078059880714438
6067,0.4470275656286967,-0.4453127674362893,-1.1047285666652584
6068,-1.0988167156515776,-0.8827978248836392,0.0474134802902034
6069,-1.8114537812539384,1.3766455731928418,1.97709632463102
6070,2.043449608905916,0.2629595751912624,1.4214539117469978
6071,2.583434928837562,-0.0068647869439737,0.6535616523695466
6072,0.7113828129014,-0.5101961142334914,-0.3037844954165201
6073,-0.6851890403276046,-0.2082120628128708,0.3843066833409081
6074,0.7823838325473039,0.0240432356637025,0.7271043544633938
6075,0.6955193271962384,-0.1111465327089936,-0.0636082269214084
6076,-0.6212392570192489,0.6885125247548851,0.0919242725753639
6077,1.916152600946636,0.2441197386363535,1.092121093882504
6078,-1.2375453099472349,-1.0796899886215146,1.404930435002977
6079,1.0012281433074035,0.32835493058291,-0.4199510744522506
6080,1.230966460952314,0.76276723439219,0.0484204344654423
6081,0.3821417582115763,1.2834261371165976,0.2567124050663671
6082,0.064897724786595,0.6705304615204266,0.7639704260280101
6083,0.6627868841678803,1.4600341802767014,-0.543070181009629
6084,1.0101957448509926,0.966597034616244,1.9447359733702465
6085,1.8485647414532271,2.3689836365658947,1.4764280279520594
6086,0.1838470386465086,1.141228925448181,2.268873539293585
6087,1.6192060331361549,1.9291950333048669,1.493934490310684
6088,2.990490682776481,3.368172405825347,3.240630110067982
6089,-0.3971635124895175,-0.8432714856576896,-0.3036818335723001
6090,0.4916594339938339,-0.8195210202772718,-1.181976162505464
6091,-1.941798105871123,-1.724850265311251,-1.8974146798009517
6092,-2.4592888071820025,-2.354470336135182,-1.6931028343194334
6093,0.8089403220225723,0.5342817528222431,0.1300888778988866
6094,1.084460507329785,-0.0539891140163344,-1.0200176196325847
6095,0.8078633684248919,0.5790572762613331,-0.0811005845867491
6096,2.9449644796895327,2.693739520918081,2.5225806858719944
6097,0.2388036236091429,-0.3383720649973973,0.3082794425442819
6098,3.036489713852915,3.069186206995529,3.3269652434985546
6099,-1.7265372081207342,-1.5196514608150735,-1.7669974013138074
6100,2.49975138035988,1.581218007312891,1.723683378886259
6101,0.3484139064327176,0.3162525065636128,-0.5791453146417045
6102,0.5579212293016129,-0.0277048802007016,0.3820782194139137
6103,-1.5915527601904185,-2.5293055738239425,-2.2492631458775865
6104,-0.6412143490541108,-0.4505341106552115,0.0119306185979213
6105,-0.7858588807500768,-0.4918583546716623,0.5714685834324781
6106,1.416757417178639,0.7553588175209298,-0.726937306619839
6107,1.53487185636084,2.23824343674074,2.374227413881021
6108,-1.40648533252397,-1.1973751900285394,-0.7971039947904887
6109,-0.033206711765934,-1.594109549749136,-1.1899526045647948
6110,-0.2840652573612773,0.7090596749609164,-1.2681334389765404
6111,0.2941880911712797,1.0118102461066492,0.7693808874461079
6112,-1.1195236713977634,-2.0766693823940106,-0.5819843050891663
6113,1.843215199293176,1.708203329388676,2.9236745915018907
6114,0.7644838253355377,0.213685795079471,0.7611483723389635
6115,0.9971372022999034,2.126264830800405,2.7448301099570576
6116,1.0668002277177575,2.4697350497461086,2.5792381006773986
6117,2.918675686824188,2.8043045675776046,3.2255994096297096
6118,-1.479620062625401,-2.783733446950845,1.9781269471575496
6119,1.0538449903928646,0.6195798038257988,3.117732028470724
6120,-0.2442142557525695,-0.1974096133247434,-0.6110184812883921
6121,-1.0244190378820908,-1.5627828456591475,0.0087479194025544
6122,0.2558565444267585,-0.1061867576975298,-0.2788733839073395
6123,1.9135658021460689,1.3489628915611975,0.8537080729058754
6124,-0.4493599649510705,-1.1846089130611674,-0.1482598709312851
6125,0.8064847156928514,1.275807447886275,1.6749989621670671
6126,-1.6625233172577047,-2.131527885091957,-1.527441687810954
6127,-1.1093232954447865,-2.2612528961846183,-1.3696227655137256
6128,-0.5179394182636283,-1.0258171340896494,-1.1473992602779672
6129,-1.8113075272140036,-1.39960632952947,0.9079195559508274
6130,0.5208911519326638,2.049853231828416,0.8118183755681515
6131,-0.1064696443226292,1.9376749016185413,-1.8722982339575849
6132,0.7560559111089493,0.5141107680087357,-1.3542223154477144
6133,0.252772605107302,-2.35883722635516,-0.6269978072493478
6134,-1.4130590462367367,-2.2128609801071253,-1.6013365930690746
6135,-1.672780108849633,-2.6907573520572217,-1.6697916121636809
6136,-0.7736208850908046,-0.6436746534993101,2.0917357451289496
6137,1.377322407275869,2.274721623923196,1.010926532494056
6138,0.955132004455036,-0.1280680095857227,0.5225388077900613
6139,0.961374714947171,0.4397018494150921,0.7374409641719492
6140,-1.262549408960632,-2.07665231293393,-1.2345186731647102
6141,-0.8067962262028641,-2.164296096781533,-0.1060328646698251
6142,-2.895758183391791,-3.2507134656917684,-0.0742158238367864
6143,0.9978785972645632,2.4362083644147496,2.8764412008142566
6144,1.468060854642288,0.2627705114380447,1.2395291776936073
6145,2.162567917870028,1.9260553961936564,2.3458603605440005
6146,-1.500563277979513,-1.0378078986273498,2.2720501475733528
6147,3.116702724740464,3.195606259835568,3.594568118845037
6148,-0.8232026726587465,-1.1009155816424416,-0.4306296051468993
6149,0.1057208291214382,0.7078697391541549,0.2872276371257607
6150,-2.6378343567574425,-2.979779534259798,-2.670727548308935
6151,0.0110306845563679,0.0825241673081393,0.5232675634511256
6152,2.266772824707257,2.503349527319859,1.7835440513939096
6153,2.376605635505213,1.7873874806990528,0.9680218959133003
6154,0.21029263365937,-0.1316532653013512,0.5990314276240281
6155,-0.7859439306615017,-1.105053524313372,0.0085870084587708
6156,0.9467817171747784,1.5715392576730982,-1.031168975978466
6157,-0.4963200613903441,2.380129091814537,-0.7459970657457347
6158,-0.4988365570238917,-0.4631184679559983,-0.6213151453830993
6159,-0.671080546624247,-0.1211377485916847,1.2034620771517717
6160,2.118127972244068,0.9993607153681572,2.1067302417311424
6161,-2.875737698365196,-2.9451366915968022,-2.831272650794043
6162,-1.6453267377548262,-2.29722335778198,-2.1653677798965765
6163,-0.3216398635811769,0.0413967053783754,-1.4416785176903535
6164,-0.5482579929780618,-1.5145129696726036,-0.7241116039672144
6165,-2.2516144913898244,-2.250791682552682,-2.385270136756484
6166,1.564277847662718,1.6931948390488043,1.67699942621773
6167,-0.3171357669908518,0.5931226258906331,0.3354736539018117
6168,-0.6326114739400199,-0.9155549782456576,-1.98543260044082
6169,-2.030622674680737,1.193285486582482,-1.406239244595552
6170,-1.1893135001087851,-1.8699044520198007,-3.458215152092089
6171,-0.0181062518007449,0.1468857933971327,-0.0425995901730612
6172,-2.156894444870239,-1.771688457214447,-2.538971934826185
6173,-2.2042784850352546,-2.699491553821537,-2.017358691742279
6174,-0.8222398535975075,0.3375363093942926,0.4531062947384858
6175,2.5086360755214203,1.968435587781272,1.6381125257795226
6176,0.3434905564134849,-1.7286784771549628,0.4775662344960318
6177,-0.2773521130422218,1.04146643897786,2.958334861743652
6178,-1.0347194429188322,-0.5979067655791116,-0.0559754587154093
6179,0.5276726584366724,-0.430380686579575,-0.1706278362237434
6180,-1.943237444169429,-0.9177172755432654,-3.132542398422306
6181,0.1206220008304678,-0.2460537701877321,-0.0847029272147419
6182,1.0472101374551863,2.2375998187903634,-2.123668640680909
6183,0.5231278986902526,0.4314829733969009,0.2580418355025063
6184,0.9017416301827748,-1.931290741683759,1.420364559867795
6185,0.1434949270580088,0.258083474625374,-0.4504775616961021
6186,1.1062355360448246,2.0858205382277166,-1.940112995125881
6187,-0.7587341895807166,-2.390501002965477,0.8033350609041647
6188,1.715210689733793,2.422218540937499,2.592960235237893
6189,-0.7630635670110442,-2.397936423920526,-1.9840956500262608
6190,-1.4135831718078162,-2.052530079878097,-1.9552197932142
6191,0.8306685645303203,-1.2704462355324098,1.621440783209767
6192,-0.2476651142368655,0.6584506815307746,-0.4384466189584617
6193,-1.3391236465992316,-1.8538406723006515,-1.8547066532064087
6194,-1.3690097641495862,-1.4221094015325098,-2.243107047051127
6195,1.5064747611477518,1.341838772239672,0.857211882393835
6196,-0.9123317806203096,-1.5611515416735096,1.7749712899414214
6197,-1.1698443859085812,-2.637799131039668,-2.848038478629867
6198,-1.0562732095057856,-3.158221368047579,-2.2464028453479883
6199,2.6406658116080477,1.434556622319049,3.000281612573274
6200,0.6670575301869788,0.899481882556231,0.4200353552629172
6201,0.7094393485229928,2.652608883079691,2.24730430744521
6202,-0.668768598464999,-0.7723579956495837,-0.3207711552293095
6203,0.3112683470788,-0.1075634298224839,2.0688051422101004
6204,1.6617230936281435,2.457816616064465,2.256296094900996
6205,0.3887737516600694,0.17266688867087,0.9020202891185892
6206,0.0419051271252193,-1.370022725102091,0.3169447839934625
6207,1.7118868441259103,-0.4579878729823659,1.0071157525119594
6208,-1.5202593932241657,-2.525433247862331,-0.4736449531277053
6209,1.0407459858377477,0.8035560840418957,0.3812776982657142
6210,-1.9864179394186323,-2.5975725934733265,-3.0793207033531687
6211,-1.553540726644863,-0.3601064621472511,-0.8017353400577447
6212,0.0605394342727337,0.7573116247164974,-0.3499094498935108
6213,-2.2238937194378248,-2.4614291558755923,1.0003547662986705
6214,-0.1843836257517311,-0.3055553067167803,0.0908494966384494
6215,0.9228048003894264,0.5175708132134951,-0.8544109777189001
6216,-0.5218103117719444,-0.4014736717258397,-0.503921121367514
6217,0.3000602766409892,1.2268014557958884,0.3816395524878121
6218,0.8037999515958987,1.5313904104184393,2.027342377513771
6219,-2.7732226528273065,-2.805433041773884,-2.9566887503952386
6220,0.0690044758245175,-0.4048430977684804,0.1437464849812572
6221,3.142675336433423,3.0246396990169155,3.5255239245736214
6222,0.0001515371577734,0.2581628980024922,0.2117564376357845
6223,-0.0382417440743223,-1.0355564446240382,-0.8198840945948795
6224,1.7412183631994995,1.9725519506565616,0.7280408157923569
6225,-2.725754521220857,-2.6092998409820884,-2.2928199088915044
6226,-2.651011378808949,1.100146228004922,-1.0513114657301306
6227,0.395327434334721,0.0900826149337444,-0.8797081279015051
6228,0.5134495148246043,1.5937840561253018,3.0493560506769546
6229,1.7031718579325088,2.289815858614105,-1.231268044997207
6230,0.0034581234034375,0.6587283601557424,-0.6264712196498465
6231,0.1057324180175647,0.3841990603108483,0.3018758501425232
6232,-0.4841902066017038,-0.7659853800895167,-1.1673357319079307
6233,-1.1364568451420758,-2.062980353276798,-0.1759209886859572
6234,1.7478777904796248,1.1890228168860013,1.682019781411212
6235,-1.4354297541290242,-1.6704114774140328,-2.466292488901958
6236,-0.1245913485498547,-0.2408458467504853,0.0130900328274588
6237,-0.0733547254280401,-0.6094803643958625,-1.2147774691194757
6238,-0.3159563609825828,-2.075640075350159,-1.131345909018976
6239,0.2975288003938185,0.4300844969174478,-0.0279520606766375
6240,-1.082098602419263,-2.0259118466151165,-0.7857315492630462
6241,0.6536209074737134,0.3519583240045796,0.1847084853814895
6242,-0.6790862058045946,-2.0776259758025053,-2.436267662258555
6243,0.4364071786082135,0.4407053432975996,0.6671862094040936
6244,-2.5737993715394407,-3.0917038888542603,-2.2838679658273096
6245,0.9032549776949804,0.1763039080001193,0.3734637606383107
6246,-1.2449088901859175,-0.2727854421125577,-0.5325954481759871
6247,-0.9896883367508532,-1.6030844960428767,-0.0231782865625385
6248,2.3658753909153605,1.9730917816780744,2.4906180261215143
6249,-1.011250073997216,1.0813816865939458,0.0342605465747004
6250,-0.1323953398042638,-0.175872721843713,-0.8204596840928491
6251,-0.9512185242381648,0.8574013567726413,1.535413188888941
6252,-0.2280464344702984,-1.4046733736567645,-1.4342349116210442
6253,-2.60240324782472,-1.015075484771429,-1.7924203243614194
6254,0.4919828703838209,-1.0688502968050475,-1.2941830200806894
6255,-1.4381974796611607,-2.4013210274075973,-1.7389500849419015
6256,-0.2246826479801627,0.7570581432343018,1.6393152558687645
6257,1.0503376883297,0.6386408771120314,0.3737304843870901
6258,0.8534832793796636,0.0754373542192142,0.900535977639874
6259,1.6879683359139728,1.1182027458832196,-0.870709915229079
6260,-0.6270594528957589,1.5285473083519727,0.1029166196330716
6261,0.9198665024734558,1.585996284009773,1.1468483859862728
6262,-1.4061360661303437,-1.9557615843481493,-0.7755481458485407
6263,0.6484448180031093,-0.2496388286695759,0.3030585380799505
6264,-0.1707790202425202,-0.6492153476395326,-0.6507220412908793
6265,-1.92231226914859,-1.7358925579596705,-1.5220383498232657
6266,0.6639267422985463,-0.0585943933836981,-0.1973756572916546
6267,-1.6039202718160512,-0.5395177810041296,-1.1363857342192472
6268,0.7373720928185606,-0.2600676076881682,0.6494883389394914
6269,1.383907830820666,1.389830022821332,1.818060235685332
6270,-1.52054687722216,-2.4310401480892474,-2.80923670382802
6271,-0.3310653040959439,1.61141059963783,2.371282285372728
6272,-0.6209971037554711,-0.6032760312138288,-1.1518380655088154
6273,-0.4305242729699102,0.7573585657317188,-0.990419297777698
6274,-1.0058135754200055,-2.506575569232312,-2.6665350094530136
6275,-0.6560887882447352,1.1463127496819323,1.050826434434227
6276,-0.2927341045878783,-1.10500707099701,-0.1850703140007949
6277,-0.7241515097723427,-1.3077549477907016,-0.5542824612115816
6278,-1.5415460921956203,-2.872106245506586,-1.5812635143519944
6279,0.4750756597959998,-0.5393519692863915,-0.7038444871563373
6280,2.378257758231128,0.7181091205410818,0.8110092297210629
6281,-1.301021756512614,-1.7654688330448067,-1.456633515470391
6282,-1.920716035225576,0.8536216475161135,1.2812334694295864
6283,-2.5278836400608427,-0.8609554708476572,-1.3870943945313376
6284,-2.320704593320824,-2.2180677096627943,-1.9682742932476684
6285,2.705107499925167,2.6500909447978427,2.7622076293613063
6286,-2.0776024274014424,-1.8970531425846315,-2.3867088978880977
6287,-0.0538877945782851,-0.2510679792678595,1.8421565269940396
6288,-2.2599823648501225,-2.8321226474737498,-2.4567290566595714
6289,-1.67308053134705,-2.5955868212277773,-0.9332461775981118
6290,0.4381363615646124,0.2596959390704503,1.0457019580517604
6291,0.2759865872404616,-0.8787022138775616,-0.3011561881516799
6292,1.1366452606879152,1.4891272947808296,1.8113568809236296
6293,-0.3770979152575623,2.033654382037535,-0.4200061975524125
6294,-1.112835247314646,-1.340696811101215,-2.364983292528704
6295,-1.357803336295041,-3.101232754848948,-2.837342559745736
6296,-1.392391188642083,-1.2099718835896849,-2.4062405943126444
6297,-0.0314978898507955,1.0912321219142438,1.7407039555678177
6298,0.3229557573283497,0.5068734333463131,0.5608486124756378
6299,1.1006236921058468,0.5783486538167566,0.8112455154169863
6300,1.6910455664950126,1.7780409383696445,1.2663709511786665
6301,-0.4017112955203168,0.205722943662535,0.4268513052197428
6302,1.3038500777734594,2.1100868431009885,-0.7411671210236451
6303,-0.2010116656570539,-0.7977677627721975,-1.3331354060596945
6304,1.3839550382143928,1.6979194643763875,2.5650094393110487
6305,-0.222955829106672,0.3794599798437096,-1.8389366983740851
6306,-1.7664310587050636,-2.4063633349373776,-1.4237900003328408
6307,-0.7145717992731103,0.6435421189499442,-0.3235594879891571
6308,2.91866398686546,2.72272121454292,3.212869879959161
6309,1.3058827502118744,0.4815688983144666,0.1584999212021484
6310,-0.6058655425190955,0.1448827908771488,0.3892031092005617
6311,0.558920073980035,0.8266309949313945,-2.3965768322668777
6312,1.681642501393989,2.384366151882184,2.122873855744872
6313,-1.9795870720355493,-2.117505870991759,-1.2911322198654431
6314,-0.1162823752619011,0.8071927677927632,1.983654787460551
6315,-2.9159849762286534,-2.5984323002231977,-3.0210050732234106
6316,-0.0962069558468362,0.3785108270438986,2.4569056340771187
6317,-2.124968395089528,-3.241006028718191,-2.0308319077668178
6318,0.7818706790108767,-0.8043191421910464,-0.5974229481682474
6319,-1.6300561037411248,-2.5503134922562447,0.7978448865483873
6320,1.261330900120775,-0.5074108588883605,-0.0052088271685444
6321,-0.2680790069287708,0.8018384696212945,-0.7994276458403121
6322,-2.1584165510993696,-2.252349954266125,-1.73799870331225
6323,-0.2603950312330252,-1.775469062955579,-1.011586307354589
6324,2.1156265882053797,2.741045940985241,3.0039109863620994
6325,-1.220012601889127,-0.309593496942054,0.1270610409688936
6326,-1.8763885682165968,0.1733158871596675,-1.7333496750452135
6327,2.7228218860901188,2.327663584619332,2.639619436687401
6328,0.1824587121862571,0.0147261640980041,0.0333145677537668
6329,-2.2576085220645057,-2.3088760996323345,-1.7759457245679855
6330,1.9533262915580205,1.561706685479987,1.4890737202012747
6331,-1.2775602269803257,-1.157551032399554,-0.7423541889468259
6332,-1.0412379775915055,-1.2081288875897775,-1.4483499018340502
6333,-1.2990578864005404,1.3303554032119096,-0.9423977729231998
6334,0.2624008471533591,-0.4262913831981091,-0.5890588199438723
6335,0.5713811588269376,1.8413856841917464,2.034585727625678
6336,2.150032625283408,2.2274326175428345,2.0212054806037303
6337,-0.9119031291474768,-1.6401972264899425,-1.7190962596848436
6338,-0.0852933344385858,-0.714866155286406,-0.9413852191756864
6339,-0.6708476782694872,-2.275964958727059,-0.7438075033752523
6340,-0.877093345291185,-1.87488892865292,-1.7408140162979526
6341,1.6862784197032583,-0.5023017216077297,-0.4117913931803518
6342,-1.559699746470296,-0.4732157275836297,-0.9014522112345096
6343,-0.5384071317884197,-0.7624559268542201,-0.5060674546446036
6344,-0.0674456351112989,-0.3150431625713898,-0.5102996359020956
6345,-0.3465090746168144,-1.9401741358466205,-0.8262166643893749
6346,-1.001627532003062,-0.9139983495995434,-0.3553043441954917
6347,0.7124253281539936,-0.5108262832134377,-0.8564565550323461
6348,-0.4854886354962575,-0.2248076512940737,-0.7346747709496186
6349,0.7643875043045779,-0.0752060249299207,0.6212952215531787
6350,-0.4411088493005666,-0.0926685128703794,0.6585572872401685
6351,-0.2947010458227579,0.1482086953887468,0.8514821916715261
6352,0.2116562487767014,0.4005440489296322,0.7617655425988467
6353,2.18265547130542,1.96146242546236,2.4312569047785124
6354,0.2649091374954244,-0.4125138868570147,-0.8323846520714356
6355,2.10134523584378,-0.2327703079398381,-0.907282172850473
6356,1.0505970593074914,-1.4579391825472052,-1.0780178288969593
6357,-0.9456565419778205,0.0050939207378345,0.3378730810378616
6358,-0.5484210869717162,1.5678334235213818,1.9474511973110908
6359,0.9494447656776402,0.7779710927432977,1.152587268395847
6360,-0.2353916919417077,-2.361024640886604,-1.355117212901943
6361,-1.0421820696976951,-1.4950622786944248,-1.1547338221035468
6362,-2.0638043177239065,-2.59215507654828,-0.7981724772709908
6363,3.051835622458801,2.94006624073004,3.25903003783795
6364,1.349700927615545,0.8655642401432188,1.120111317472594
6365,1.664716658816042,1.1287806637859088,1.0077831138620406
6366,0.6241986377695953,0.1465219966388501,0.5728611121095717
6367,0.7125701590181502,0.4817954951137314,0.8534200856683009
6368,1.21660128946831,0.3701980799359677,0.6440527383229939
6369,0.5749432196629897,0.6152972728466519,1.9940090717630532
6370,-0.9629019821329404,-0.6371903681800484,1.93063625280044
6371,-1.8770872997757209,-1.519437947152118,-2.209541178723355
6372,1.097009216970724,0.6190793788736084,0.001499701961347
6373,-0.3964396336004407,1.0045686181256868,1.8390826897533503
6374,-2.679571544271509,-0.6392137630543056,-1.9577982872683228
6375,1.8425193856466564,2.0408489629123765,1.149924359383677
6376,2.140099511122452,2.213092397550745,2.4156014898255065
6377,2.29568869555997,3.1503561141748886,2.874577387698863
6378,1.0894739168338654,0.1417153894794006,0.6687112141798927
6379,0.0925999664833057,-0.7710107404298454,-1.2234145766986972
6380,2.5694010266636416,2.5560613318913767,2.165219759434976
6381,-1.8203407848280728,-2.9041985238360186,-0.1479361171995678
6382,0.3456485991951323,0.8137070398391152,-1.512123692735592
6383,-1.9220320726966944,-2.345272757150771,-1.784136586460613
6384,0.5753392444013017,-0.669458369834683,0.2651999973071963
6385,-2.209105010137578,-2.600499290338773,0.4102307369014084
6386,1.0949764529447308,-0.7047444974294977,0.9192089941771088
6387,1.354319648773722,0.221859579045138,0.2156204170551038
6388,-1.1740784443489545,-2.596762482303424,-1.985827382458641
6389,-1.4489483100901412,-2.165695148844687,0.234383138538502
6390,2.6647837234910705,2.5155823286234407,2.9309647707061752
6391,1.866664828079384,1.711965800529475,3.107505688925302
6392,2.130447327212483,0.0124984386756745,0.2982617023244209
6393,-0.3830926631770913,-0.5084627266304008,-0.2762478713809065
6394,0.3563737713223667,0.7381251200888689,0.6946390643756535
6395,1.3570767592200426,2.837638478206443,1.6519156464730989
6396,0.002135119315717,0.4330882748168223,0.4777097114683818
6397,-1.2027623631096755,-1.6422711211234136,-1.1150712741661135
6398,1.0747007835265414,1.3102051831499808,1.4165615138644987
6399,2.874314415265521,2.4634982449876057,2.55954501605657
6400,-0.3610328245173315,-0.6940229373325265,-0.9383562862473566
6401,0.6686155384177151,2.0371602327455096,-0.4547579915326916
6402,-0.9836870196424508,-2.0707367678929787,-1.645370220646567
6403,-0.3004608700239288,-0.5834482551404996,-0.6704380643392882
6404,1.8936510515531064,2.0729355218693395,1.1003730305898478
6405,0.6961903569590255,1.3080642166277472,1.6874912494231664
6406,-2.066128407133484,1.8611816343000271,0.3388602345841496
6407,2.223660826240179,2.4109932085051966,2.2992823173307064
6408,-1.8979414021247285,-1.851859028177865,-1.9418303117725768
6409,0.4379215422623306,-1.1259465051283832,-0.3199523403596492
6410,-1.0135187558840977,-1.6358000138095885,-1.1783785943988416
6411,-2.3242460213462195,-0.859026654825344,0.3790292031198636
6412,-3.413480486510812,-3.038773893468361,0.109810857531623
6413,1.187025536633236,1.0058385980543074,2.3558559641952104
6414,-1.695278998447563,0.9987852525438184,-1.38342495877583
6415,-1.9238406685906129,-0.5915879047974302,-0.6092313013892512
6416,-1.4065675749633155,-0.605607167637872,-0.2618154690037019
6417,-0.3160756849263321,-0.5227633774813859,-0.1325630531590864
6418,0.6169492715874051,1.5505873488972783,-0.1393863121084328
6419,0.6847982827289483,-1.067934372857523,-1.720972051436185
6420,0.3805761044123723,-0.6916631802118304,-1.0262846681339093
6421,-0.3718117100655396,2.239440898224437,2.854491404738077
6422,-0.5427717843512486,1.2685666080807343,0.1596601083737759
6423,0.3727774090274007,1.603776827445735,-0.2876398074510463
6424,-0.4220664032275076,-1.0429158127948313,-1.3233871967222086
6425,0.6153839411356651,0.6176852091663048,1.199950035740207
6426,1.676724875820449,2.082741548237816,1.417364652411395
6427,2.2032742391298767,2.332657903922633,1.9559495195219183
6428,0.9657760727125184,0.4689211729590766,1.1006657004682148
6429,1.9045599770566688,1.596840784432636,1.6546448367419588
6430,-0.0041357476605399,-2.0175992068430406,-2.428429093668378
6431,-0.6055322362913613,0.4753051779954668,-0.2220803432443159
6432,2.8508822220302856,2.701940515515647,3.173775322348414
6433,-2.0309373459616085,-2.597526881871263,-2.25374446735264
6434,0.7133689434029945,-0.0278852486766206,0.3895917801999916
6435,1.485871295270473,0.6120101623507526,-0.3240796380878984
6436,1.1119060841465525,1.0349920479768813,0.4296408146324564
6437,-1.9868128657315265,-1.1941076578428946,-1.1052521321426367
6438,-1.0875391609483367,1.4708830900726375,1.893877844510984
6439,-1.0803397337793563,-1.4227612579091793,-0.4370195117091003
6440,2.1533379050997303,0.9425436750485752,1.0833149027089533
6441,0.1767279082508973,1.982056273203125,1.2314511164686293
6442,-0.9093319669647456,-0.6648940231306143,-0.1414342206595383
6443,-1.6325653513121,-2.4002598483664657,0.8710162102183132
6444,0.9526118139340416,1.0501579796246694,2.149894286628076
6445,3.023916454818864,2.796177050227156,3.2221996765000784
6446,0.0611386773931035,0.8763099254072758,0.8744603370237839
6447,1.926081537878368,3.129094665429508,2.619026144248862
6448,1.9131189056878768,2.1330613373195244,1.8023793203190013
6449,-1.8945030036991577,1.6078558234644846,2.111823977657578
6450,-2.078071548489285,0.3571729571730029,-3.630828411848684
6451,-0.5726662549615921,-2.396437926893084,-3.4085877673737635
6452,-0.2888623907979014,-0.5294497381832137,-0.6483498861837983
6453,2.5151299612516373,3.0240935584933424,3.150978115087683
6454,1.401485557880806,2.2539638797290507,2.0009653995084897
6455,0.4322814278733454,0.0222758010079771,-0.8883487425224953
6456,-0.546078269073315,-0.8176488677397526,-1.189176212879852
6457,-0.6819157521844943,-0.7393563142261277,0.2463999760287402
6458,-2.501614853627482,-1.5535477696181597,-1.2861029866516285
6459,1.008199209827534,-0.3997052629097739,-0.7816463607175783
6460,-1.7842468933357851,-1.3496484839292593,-1.5600854845795702
6461,1.320398120379302,1.52769000937114,1.8399109175957336
6462,-0.0472154807980929,0.5507352153938969,-0.1803317638904056
6463,-2.4520478707226547,-2.4119170403078374,-3.0292282916888755
6464,1.376476095460073,-0.2500723693137399,0.9934063284986234
6465,0.7606393159591924,1.1398061589206807,1.1039539526664404
6466,-0.2547881461676914,-1.3876891566275693,-1.4244559201679805
6467,-1.7734828910372609,-2.2552761123559693,1.318050175989324
6468,-0.7789902451631485,-1.5326913970814056,-0.5300913364899326
6469,0.0092692203849884,0.6257023486755782,0.9059295581368692
6470,-0.0763783322932906,-1.755112089128953,-1.4664969030238386
6471,-1.6085519470763223,-2.3970997568248107,-2.159938519007416
6472,2.755072670641722,0.1952454798009253,0.1826759958862585
6473,2.352343482494733,2.699672826604704,2.7752244192772197
6474,0.824399369838277,0.1999867600208668,0.4783954665371227
6475,0.31176359962953,-1.687794951037192,-1.5530954446941443
6476,-1.2680177324221376,-0.3831482913282465,-0.7495094729314438
6477,-0.792866886464767,-1.222197202121646,-1.51535622872164
6478,2.308937622010611,-0.4915071749621216,-0.1555385874212211
6479,0.9552737167051002,0.1526894353591139,1.1320354028176025
6480,1.616580462490368,0.8316346838572651,0.9706482830657877
6481,3.161273358042044,2.9761734322932862,3.131237152119745
6482,-0.1652769643467607,0.427400415763324,-2.364269545247909
6483,1.0574633057592857,-1.083498155325942,-1.0745482773152608
6484,-1.5636486553197146,-1.898626434374369,-0.964978325042694
6485,0.44148077239626,1.2593267123103598,-1.7660446739259166
6486,1.2356388998675585,1.7423798866114986,1.839980343384788
6487,-0.0118716695366412,-2.712084011947673,-0.2412901292200165
6488,-0.7317435179172933,-0.7994378875163604,-0.8109835483901013
6489,0.1122572347506375,-0.0048791495536625,-0.7699445368893483
6490,-0.4138784250188123,-0.0218349640328369,-0.1459817447099377
6491,3.299036731661927,3.33880108405717,3.585565018177636
6492,0.0785656908119521,-0.0869817402511449,0.6656640790074155
6493,-1.128393139614774,-0.6549005349131575,-1.9876761113753312
6494,1.135921004426335,1.429642404118496,1.6766238061341077
6495,1.0083223336950538,1.0643902074766172,1.0186603021780871
6496,-0.4852211947950339,-1.552211742618205,-0.3883550490307491
6497,0.1361097635850524,0.4831970552032895,0.8110474765616146
6498,1.519316098029787,1.879100812919288,2.18771067686385
6499,0.7585284333708079,-0.228503799025078,-0.4886250878236935
6500,3.0539548404778354,2.9709081727813884,3.258255256589666
6501,0.5682757061678356,-0.2508837510237048,2.7481283624430675
6502,-0.3079385127863401,-3.0552927415365576,-1.5826888397165737
6503,-0.9849451901779892,-0.4247359434730129,-2.347662878525528
6504,2.73246433306615,2.5788965333773324,3.1635176324052487
6505,2.9408406255625685,1.9583880489110777,2.086421224803252
6506,-1.3211399404874322,-1.7159421591424648,-0.0796388009450418
6507,1.849998167513417,1.4521030663113133,0.994731444543802
6508,-1.8541680412487624,-0.8312332331059707,-0.7648220093414464
6509,1.2155711690575033,0.5290360109260305,0.5212753339507529
6510,0.167892012025135,-0.974559391830966,-0.7054552691838044
6511,0.0474302401885838,-0.9789190918116843,-0.4015726213929179
6512,0.3914798298084527,0.5193624491163971,0.2174815950216664
6513,-0.6046103842555076,0.6904349159458495,1.2041326901301588
6514,-0.4491633352076427,0.5187118863914176,1.1236496979770974
6515,-1.9379852620026197,-2.313355491268058,-1.983281147046401
6516,0.6934408767145382,0.8224854960344149,0.3050208368959144
6517,0.1057163391826248,-0.3416688395534144,-0.4879518045297558
6518,-1.0701881392992658,-1.6009897979672698,-2.259059379049724
6519,1.51590084751978,0.2609444594448973,0.3839391713719767
6520,0.7799380940569716,1.335535490303765,0.3264923341380541
6521,0.0152699321025092,-1.0798147017320134,-1.8367090914108637
6522,-0.9936084709960183,-1.8746657665589237,-2.482165652184789
6523,-2.3438655834207816,-2.7955772460114208,-2.1182601270367645
6524,0.7433222491978119,2.417630890423919,2.4570446197845373
6525,-2.030216118462385,-1.5131590281219995,-1.89760826150969
6526,2.3903985666978302,2.834854631370684,3.2000630452760515
6527,2.789037319415656,2.33186349765533,2.88732305083867
6528,-2.052144561111064,-0.953472741398776,-3.282785227001248
6529,-0.8326699926106,-1.036474164171488,-1.545710780645309
6530,-0.7067776646411844,-0.570488023724944,-0.6234313316965804
6531,2.027080747565617,1.1358841993644624,0.9491486149125344
6532,1.459819129789796,0.7634632447651122,0.9936532624843372
6533,2.515912512539249,2.3163261035460847,3.041697925591776
6534,0.7750027416675189,0.5845333466029059,1.1738276967374746
6535,2.057133000191014,1.7451431702076008,1.1968411862413164
6536,2.4034449988867923,2.8275386607801787,1.0418555007429808
6537,-0.9551379790191472,2.834912237455242,3.2923202924761488
6538,0.5684104286075069,1.1887901120384854,0.820855008672952
6539,0.033086542863348,-1.423564162319786,-0.8338182228603098
6540,1.338658694705756,-0.5401399409040304,0.9036665055303242
6541,0.1857144492605736,0.2688002549047677,0.1359871625164129
6542,0.2175667825094234,0.1264707779733448,-0.1589791450337307
6543,1.5449709955766098,1.0768930799975378,1.416345928079696
6544,0.6645211862458501,0.9936454321269546,1.5511160144609146
6545,-1.7229566968257737,-1.6822215414202883,-1.3231798784461837
6546,-1.403420708768321,-0.165280786035992,0.6687029506023916
6547,-0.6392756501966093,-0.7299185505152611,-0.1543108741520339
6548,-0.2705646104133851,1.2080944596700365,-0.7126298617164704
6549,2.341548232749348,2.8829107359869,2.648528421140021
6550,0.1468547995457336,-1.089042859443711,0.0120701584114432
6551,-1.482932923857568,-1.8532524240074304,-1.5590763323947447
6552,1.4694290120940567,0.759124696353427,1.148727972714451
6553,2.35212103401558,2.335990150390069,3.0848968612094403
6554,0.8568111118192201,0.4843736148366396,0.7130785464533713
6555,0.9493530891530908,-2.115297120330592,-1.369348879246108
6556,2.8704771802256386,2.902126000387626,2.1336493270312853
6557,-1.4576889355812646,-0.1928834581171482,-1.812801112410737
6558,2.1180505824751648,2.719369086856038,2.118355629027811
6559,1.3263946088614869,0.6612181220607504,0.3871000461830984
6560,0.6846530675890597,-0.5165762659687612,1.3137163960854998
6561,-0.9571820293414038,-2.1666093808859563,-2.120583338408303
6562,0.9052835801218542,0.2762005936422256,-0.148613310556932
6563,-3.240435415566868,-3.338971008987579,-2.1085246276616703
6564,-0.4244312987129941,0.7055524495755888,1.557441102893747
6565,-2.078671630061454,-2.219294963042706,-1.6721880424342692
6566,-1.712104730983108,0.2649708475292229,0.9983755624023356
6567,-1.0528084499080597,-1.6828939406173076,-2.075381951701208
6568,0.3539897834312981,-1.6464023665109748,-0.6411102080055235
6569,1.4944992764776033,2.588863399120766,2.0952858100130705
6570,1.7621591611548737,2.3680768337505493,1.862114749343744
6571,-0.4031584223739857,1.4954144734875017,-0.9413048662246956
6572,1.964030886774568,2.6058836520150006,2.318994405331249
6573,-0.9926083477905772,-2.1632692018018447,-2.164732665667907
6574,1.0076784900373617,-0.084220407868526,-2.2590294673245426
6575,-0.34521232353137,-0.3719962867996138,-0.4923617924123605
6576,0.7585845187396438,1.6608082665291366,0.9591639644795366
6577,-2.506149434340516,-1.294180581586392,-2.6448392851935054
6578,-0.5834667876971584,0.385800343157581,-1.050259825906651
6579,2.056806438056601,1.6316267532660995,1.7767975640869256
6580,-0.905058509338505,-1.3618449677915576,-2.073506390816544
6581,-1.9849394450932225,-1.464364317836209,1.2179424659122116
6582,-0.2787904015638182,-0.8978111364732118,-1.8770147326565203
6583,0.1106972017920181,0.909451787115524,0.916172554787306
6584,-0.5700475195997723,-0.6071721790781747,-0.7272961195231428
6585,-0.8030181178235809,-1.5110656865757923,-1.2944184527381557
6586,-1.1309459444600654,-1.08381436090934,-1.2450654048495968
6587,-0.3124045541293328,-0.3609968567264476,-1.0442850271796136
6588,1.0443522653538628,0.5730362732535705,0.8552956100927604
6589,-1.691686860367314,-2.534589269256715,-2.2036487436910903
6590,-0.074068304249937,-1.21850113303033,-0.9118456537314852
6591,1.3780311195553865,0.5109116370628943,-1.892321068304355
6592,-0.3123589238047962,-0.4167977142402759,-0.2825340048673408
6593,-1.217704035738261,-0.3008478590688969,-2.7011433869679218
6594,-1.8961421426768412,-0.6153313340266467,0.7753481759331121
6595,-3.252563272439843,-2.8373979135662823,-3.107842293641551
6596,-0.2543811005071287,-1.8186916824885413,0.1099305876016163
6597,-1.4801483254318692,-1.676784977474877,-1.0777950349359748
6598,0.6662543165381699,1.0441558415538794,2.540240829887265
6599,0.8108836956125038,-2.05539929684905,-1.5278048973617655
6600,-1.3907264610007253,-2.289607227293344,-2.5962225276249296
6601,-0.1316844960321522,0.0686265395398895,1.5832951762665708
6602,2.3283493856023307,0.8575077674609246,-0.2493454151423097
6603,1.7343562823349243,1.1523505865661678,0.6106994811968863
6604,-0.6694774824120644,0.898666594612505,-1.0679563970096082
6605,2.429777474123408,1.989718490531957,2.643170849642188
6606,-3.253187803850921,-3.4349621316172345,-1.531527394306131
6607,2.1635086995791624,2.2700215805872417,2.3845300672229164
6608,2.640131529056292,2.967308847083467,2.9951762459676137
6609,-0.4014936052974838,-3.084024843809327,-2.0121059851333327
6610,-0.8721677418871218,1.374422788825837,-0.0397184894763392
6611,-0.7695476611391627,0.3209804791187122,0.7560431421310594
6612,3.2110456925492907,3.255806987253302,3.466526016035014
6613,-0.7368295634834702,-0.9290616317627725,0.7120310611798443
6614,2.4691442263230683,2.5570450933197697,2.823234392314315
6615,-1.9148726614369265,-2.336228952709829,-1.7618742710002566
6616,-1.5162041016457732,-0.3004018917342868,-1.1061902856677128
6617,1.7859773980523557,2.0943112244424733,2.257773007312586
6618,2.65019607955802,2.7109545881006114,3.0546735473447755
6619,-1.3112247938731876,0.4743809967222042,0.8203056519958632
6620,-0.587100631898869,0.4279629154353342,-2.556345107900408
6621,2.81979595368766,1.8781641872597272,2.678769293749649
6622,-2.7587586283493977,-2.864174200041277,-3.1743722081772057
6623,3.436688622211232,3.080767747615126,3.292454389697534
6624,-0.082366779318185,-1.135199226160581,-0.0214908150035269
6625,-3.670045046530344,-1.95232453084876,-3.914129343635123
6626,-1.8562822725982413,-2.2332588926088865,-2.2373287370738515
6627,1.344929047389812,2.122620865737296,0.7770168633551475
6628,-0.8965929168730278,1.3223247218740868,1.512840174840779
6629,-0.6545322356728556,-2.161379182618031,-0.2664644880485917
6630,-0.9351811312441544,0.665827507991736,-0.2310023301370989
6631,0.1988974664656233,-3.399314199077555,-0.2733669534230724
6632,-3.052056862056189,-0.5311616272861447,-0.8180323014820609
6633,-1.890041659850921,0.3263075747965898,0.2129100916061062
6634,-0.5469395645931681,-0.2495953394738591,-0.0419065774538681
6635,-0.3681485682745719,-0.114407878799603,0.6096804406976063
6636,-2.032092141080404,-1.6161863994727406,0.9110149586405564
6637,1.4958020632958828,1.8641677176925695,0.4747605167108771
6638,2.6886708263520824,2.8004303834636683,2.842510221829853
6639,-2.660835050621882,0.861313621399805,-1.211940314304505
6640,-0.927228669505001,-1.7792376991660952,1.6329129023271278
6641,-0.5476299118372151,-0.4124799241864326,0.0434060387926375
6642,-0.7735381852718496,0.4275680467328631,0.709689135171165
6643,-1.2218994651766202,-1.2680817428974394,-1.8008860409797036
6644,-1.6899223800934733,-3.017344515797072,-1.3451817229081071
6645,0.1889691487098711,1.4193018789848326,-1.1013151861968349
6646,1.5174855553121152,2.731242341610718,2.2043281205072387
6647,3.4924460708445086,3.1028456423335244,2.533364561150417
6648,-0.4129942176351239,-2.313679120665701,-3.0678128842561145
6649,1.4361141742439705,1.492108693538276,1.560754014136983
6650,-2.111412473809113,-2.1111270593202174,-1.64758771781946
6651,-0.7568261141078814,-0.2509551989066133,-1.4467465623129716
6652,0.0999920312446266,0.7548318294490214,-0.353866213401395
6653,1.3853341780465305,1.6691748058824152,1.0738534445261991
6654,3.210934182101626,2.768840125381152,3.1914836692139703
6655,-0.3054981417687472,0.7159742781051984,0.8615019225626437
6656,2.6399961061489368,2.2771634225395023,2.971609395740883
6657,-0.9851122807139532,-1.4665329927394373,-1.3863428639260766
6658,-1.5254152692097365,-2.54500028293353,-2.063281300526994
6659,-1.1519608883134682,-1.9357389210560243,-0.4497397604378618
6660,1.1883249858092642,0.9949373143058816,1.348828406118118
6661,-2.5097332894091338,-2.690705168279261,-2.7426663117103365
6662,0.1550519688888642,1.52908877070293,2.1895605904002524
6663,0.5264453482568993,-0.756822090592291,-1.0502320270716627
6664,-1.6808737417594477,-0.9725925531870476,-0.270049353865332
6665,2.04691129994063,-0.1480909230465245,-0.0755093599184062
6666,-0.93936259188146,-1.4642621449251554,-1.2652843022396738
6667,0.442389974428103,0.758508067906269,-1.371335781453314
6668,2.665320568631299,3.090787632326826,3.090457992524004
6669,0.309003139778795,1.7765027349142068,2.0954113441216298
6670,3.53878843571594,3.222084599575345,3.5363053169730856
6671,0.1502249335811976,0.5933751940353676,2.704226623054284
6672,2.3003632791724407,2.155285440120617,2.200221369463496
6673,-0.1379305242384595,-0.1239155442815092,0.1141219900401094
6674,1.0002860236036597,0.3117361441719475,0.5824979682610273
6675,2.892846489207846,1.127298187177801,2.3607428671214787
6676,-0.4187310134814658,-1.1545621521050229,-0.7625284720595623
6677,-2.524658230732128,-2.338806273547984,-2.1030848945051748
6678,-1.413413642100463,-3.265524404395972,-3.4510924433158983
6679,-2.6175849659818176,-3.5148126047304604,-0.6571173015418892
6680,-0.2800613716499643,0.173706845526275,0.5686807400706031
6681,1.607927572579678,1.9448400958569223,1.459224146949103
6682,1.1917028759933164,0.804737013961226,0.5231815364637153
6683,-1.550589673344983,-1.544510838303913,-1.1406664953740446
6684,-2.446378170148604,-2.695965131607549,-3.438306374278799
6685,-1.0044576954254665,0.5266679991908162,1.2058828422511372
6686,2.081484539609857,1.424844879135265,1.8090115317101996
6687,0.0127868151605701,-1.971105606705165,-0.9953549089483738
6688,1.2183955852826394,-0.1208766973982213,-0.0947442344769136
6689,0.853457126528326,0.7582769636464075,0.9009285752217256
6690,-0.6787793398905855,-1.1830324599091164,-1.1883892759245944
6691,0.0461343657299514,0.4749996996828234,0.0903004983158922
6692,-0.9788352068699836,-1.1078928349452768,-0.9510816099347178
6693,1.864178243734033,1.8541079177240545,0.9982129673696556
6694,0.0576871884556382,-0.9919392112731524,0.9967111071574138
6695,-0.8564467836246857,-1.0631998765799238,-1.2600357162981963
6696,-0.2493996564777872,-0.0677631863215155,-1.8216190810737076
6697,0.6972091718321571,-0.6210408752282621,0.4350995290572087
6698,1.5263544175174897,1.4154952404465475,-0.8420440847106483
6699,-0.4370535530542412,-0.454905150322737,-0.5001552358740037
6700,3.867628414124346,3.5815291445103843,3.9581045995822217
6701,-2.325885872192841,-2.6619246582103795,-3.175043419291339
6702,2.2588194451977666,2.8195054569524007,2.9033739736295403
6703,-0.5384186536739741,0.2509632218506557,-0.294320345128217
6704,2.794171265986018,1.734634176669836,2.0003572690854896
6705,1.4159674319925424,0.5247294428696367,-0.6104834482445517
6706,-0.1724482407819056,0.9018467292869848,1.390211480560292
6707,-1.7259631817730432,-2.1710200914407314,-1.936461934615149
6708,-0.5107353922898906,0.9039541043137777,0.8592014279641992
6709,2.3365629640490018,3.085251894775661,3.503981761679757
6710,1.1891746918084452,1.5822008894467972,1.3969974705361312
6711,0.5650912155027444,1.3935902582585138,-1.4144410240893164
6712,2.3576222771500976,2.9381738785931337,2.3853489327071564
6713,-0.5969416488631878,0.7256554511732747,0.4986579264430849
6714,-0.0913921946172664,2.3840692573354487,-0.0345057507743652
6715,-0.3075653621965087,2.2356485485539497,1.0591523504167044
6716,-1.8065031916637984,2.147735426467144,-0.9781476671711434
6717,0.379883733000711,-0.3801093178103418,-1.0632738261214605
6718,0.1998348572164518,0.8233802165259227,-0.1838231171138947
6719,0.1837918852089223,-0.1125297875489003,0.0492901859672868
6720,-0.9967956181568836,-0.978126701747004,-0.9677277846944412
6721,-1.7674251077089065,-0.9108008235204258,-1.0250998053458575
6722,-1.1430496166482873,-1.1395479463235525,-1.24761421376842
6723,-1.1641182454816656,-1.1952965897164332,-1.2857599730792475
6724,0.8065156236080686,1.3575689424247617,1.857913101744927
6725,2.669933946487776,2.923272400946672,3.045728962359214
6726,-0.6046714105819214,-0.3164908527530338,-1.4973374172496885
6727,-2.07639822681375,-0.4479049151522127,-2.1179623090233206
6728,-0.2683428026927857,0.1529296916296133,-0.3054213841140512
6729,1.0005716414430652,0.6596784977716943,2.738630111204234
6730,0.4313035848133427,1.8315679394819715,1.5319771362066237
6731,0.4159696784771356,0.0523847901646124,-1.3470309457228404
6732,0.9046183214232764,0.36769098150358,0.0955305117118895
6733,0.2189321971225095,-0.9451794371403952,-1.619430608690438
6734,-2.917960347138803,-1.910185780966995,-2.9533942850859485
6735,0.3028282935820289,0.560420906957549,-0.6271518000156778
6736,-1.6472495736497228,-2.977762232656449,-2.7126075111793315
6737,0.9609197921599688,0.2739036754974918,1.91283654743028
6738,-2.57016656492394,1.15872091524029,1.1564531468226515
6739,-1.3099932417061155,-1.3429657081200592,0.5095309154513364
6740,2.65240868269789,2.104276862936333,2.116918505071958
6741,-2.5827601829554743,-2.7760214687487443,-2.347626941285367
6742,0.1712685357356037,0.8018101199285255,-2.470825280239105
6743,0.9645797215918476,1.3551050196204832,0.8267787496047309
6744,1.1391807264734817,1.2678745852161624,1.403437881935602
6745,-0.333978393476511,0.3326508615671816,-0.4410771466920531
6746,-1.726093530413017,-0.7300325871073353,0.4196616324560137
6747,-0.5107776585344662,-2.5896762323505413,-1.470766041309615
6748,-0.8326501188820777,0.9944504400568228,-2.029187874911635
6749,0.2190518662301454,1.6223921054460892,-1.1990343137752049
6750,1.0715499143640383,0.6912219563580301,0.2782408180891955
6751,0.6191379421438709,1.6788660483483064,-0.3078852316859459
6752,3.302050123098512,2.699104637539022,3.1911870802173
6753,2.89665754685684,2.7865648375801126,3.005373369873708
6754,2.598375711015915,2.4224380811418778,2.151894053483912
6755,0.0814212195884422,0.0954851034735494,-0.5978395378466083
6756,-1.75725589139035,0.995827274899388,0.6038262097151529
6757,-1.648406697351828,-1.4818492489716617,-2.525279145202969
6758,2.1835139972267106,1.4500665374139174,2.4814597008423327
6759,-0.806454464896169,-1.242260677622834,-0.66577577167291
6760,0.3101681139044627,0.0091892070559815,0.4356763237210465
6761,0.9193186558487256,-0.6094144519595538,0.1286080785720615
6762,0.4291347061275541,1.3740640818363667,-0.2049924840948363
6763,1.0018001914866277,0.3350681856323446,0.5178813081469841
6764,0.7364852692422471,-1.348067721479055,-1.0762496957741092
6765,2.381127655229246,2.151062058372139,1.3541107917371655
6766,-2.755769116491138,-2.107567077854337,-2.595369456953294
6767,1.0315687352401766,0.2926357099510224,1.031674779529928
6768,2.550760149778584,2.1729121399795424,3.0150741877492004
