item_id,cn_ftllm_output,de_ftllm_output,es_ftllm_output
1,-2.6609806857484943,-1.3856818786480352,-2.150832416491413
2,-1.4261877616654606,-1.9109161417055407,-2.153301384870736
3,1.2424031723781674,1.9480097401982768,2.1533950773095283
4,1.1085020322946926,1.0606908506555386,1.5225876357935808
5,-2.7479091464534764,-2.5438083674309544,-3.695802085411183
6,-0.4061852221671925,0.2503925507763846,-0.288376509078135
7,2.621186341573318,2.0758857433934748,3.259199790159077
8,0.2514646544180549,2.4691949764552112,1.3269001497896642
9,0.1695125911540623,-0.9712523411836134,-0.6181929265168014
10,-1.6669238701634128,-1.1300265660141926,-0.6085682173414879
11,1.8236018165384704,-1.257835306957319,0.7778063695278892
12,-0.7531268236001428,-0.1567383651063085,-1.3768106411649368
13,-0.3082803511720665,-1.8823634858404803,-1.1528414029137817
14,0.1544336214086544,-0.9181281749500484,0.0005109694913353
15,-1.707972105446093,-0.3306153556621427,-1.6785565251749268
16,2.322015955199877,1.3256119669087836,2.7800900133703736
17,0.1931196605543525,-0.7703503883300516,-0.8791871176889079
18,2.099348920493207,2.758877120664127,2.4385408445833576
19,-0.2053341355266548,0.4349957020352666,-0.1239742531781202
20,0.0876129900019671,-0.4360944785519032,0.4072770399439626
21,-2.0173502348331867,2.267548437762629,1.227952511270915
22,2.675791581964505,2.629818625518732,2.2686929518292804
23,-2.1220494687029583,-2.694106199982363,-2.5386086029447075
24,-0.328165614676398,-0.2733812664839796,1.5229343707206846
25,0.9856156246763677,-2.096349342085991,-0.8016366327001172
26,1.3596598169602645,-0.8186345404469176,0.2357788856188427
27,-1.5874153540746383,-2.1818118726655333,-0.9257249297283408
28,-0.6293796121942387,-0.2075054211174873,-0.0528823854011153
29,-1.644508181026075,-0.8185038305674623,0.8029102943414835
30,-1.741622408083144,0.8365070638108442,0.227137684591674
31,-0.7678409105817771,-1.3476315048715406,-0.9193403761011558
32,2.6756616725666413,2.358267615043645,2.7494576642767883
33,-2.587421069205215,-2.053592283571769,-1.2394778222065643
34,-2.4972819120140106,-0.3467117765933212,-0.9977192785280672
35,0.8660474292711207,-1.244760859158358,-0.5379895891653073
36,-1.3269093749564078,-0.3733345138956664,0.1473785985514102
37,0.9793116137612312,0.028917048807651,-0.2349642931007841
38,-0.1741222107697106,-0.3437487239932281,-1.2438804088276458
39,-1.840365849776233,-2.5301190043782973,-2.2440738598465573
40,2.585670477304002,2.645812054432772,3.385942002519035
41,-2.2237581247747378,-1.868457007791525,-1.9662175194743383
42,0.4230175415842471,0.4007425614002273,1.2897524360378607
43,0.426635331332429,0.0194318863900956,-0.884933189823452
44,0.4929654932897964,1.093382091480022,0.752070854565444
45,1.337486332874055,2.7587482988368603,0.4002509047471991
46,2.154175981263305,0.4567051799855283,1.2812267732697955
47,-3.5404419626345165,-3.083395231334217,-1.1191252110993066
48,-1.54380575570038,-1.740995594239075,-1.7773579858195605
49,-0.1774202053565408,-0.8101689850992747,-0.4942537920167719
50,0.6243619027579705,-0.621792831349314,-1.7596206254468825
51,-2.526358286805441,-0.8324863820668198,-2.847578864561072
52,-0.1733598886582006,0.0200739793479563,1.0745641746756045
53,1.0758362615313093,0.7158285142311951,1.3559383062167143
54,-1.732392095809948,-0.9850718910422022,-0.0740544381239183
55,-2.14573886806334,-0.6385092391630365,-0.5862024317223664
56,-0.7731411499551113,-0.5994337286139131,-1.8607830264538807
57,2.4217854641798144,1.7948840764706973,1.1376426304377012
58,2.4030627664409865,2.2888896338966185,2.8068503770628253
59,-1.344266854855805,0.8004794185977645,1.998193767190145
60,1.277955619245524,-0.992014164017959,1.3210502570986098
61,-2.5034548329730746,-1.5766027026209066,-0.9956679992907288
62,-0.0983982379124914,0.3844657425426747,0.3172981894257723
63,1.4412950193160496,-2.162230172614597,-1.8628710754709743
64,2.728413547224612,2.2191014356848355,3.0141341680100235
65,-0.0717405818781105,-0.5134110460201642,-0.2949917350393655
66,0.6748713677933964,-0.7627483477582078,1.7398842126463074
67,-0.1604856281599714,0.4498047568830382,0.7735226928066279
68,-0.1036693881901805,-0.6794197762613775,-1.781914599497441
69,1.016118363227342,0.4876159185171815,2.824590917214365
70,-0.2433147334644722,-0.913085329710222,-0.7549182756700668
71,-2.4897782071001453,2.12119297296454,2.1297681618606856
72,1.7599951917240082,-0.2412242052570952,0.2904800960356554
73,-0.9183109328528268,-1.170698656906176,-1.9615049082651208
74,2.245921913590637,2.0933313421554587,0.9223353513459388
75,-2.233074377586393,-2.881860922375637,-3.148859472104932
76,-1.6628039505226224,-1.1395562757057505,-1.89725201676339
77,-2.869439993222471,-3.280804738800504,-1.898242543550732
78,1.4082357333649536,2.669952045519,2.7101503533088622
79,0.9777602179118527,0.9549212398264756,1.7958233036922282
80,-0.6597985838877021,-1.9763163194693152,-1.2415920399085285
81,-0.3932294644543089,-0.8685811244073032,0.3891658932160586
82,-0.4948985968278869,-2.129065544514852,-2.9926698799594367
83,0.4571275585355387,0.7718575997579707,0.8721528626928416
84,-1.042160051736322,-1.348718295625615,-1.5249043581389097
85,-0.6657784427991721,0.0824923179428525,0.0406786669484177
86,-0.994909252137592,0.4553022878938464,1.01085088378405
87,-0.7016785973358413,-0.5757150092293588,1.7157730453023774
88,1.0644752629461127,-0.2681147797017389,0.2036381759058461
89,-1.1507910771460177,-0.793772947771115,-0.6397079037319358
90,1.913495706127592,1.6934511717903389,2.3941789224593983
91,0.2526343050167168,-0.205027483803713,0.127904035181865
92,0.4381683671948102,1.1539815675227076,-0.0995756703716975
93,1.8370994229741813,1.856360524842968,1.9781085639129483
94,1.575655397819314,1.975993752034112,2.957493737166048
95,-2.641574228669497,-3.037620226716046,-2.451964073731047
96,-1.669303863381732,-1.149061141187764,-2.2268685779888857
97,2.5154069942141617,3.0809337591821846,3.00431627043655
98,-0.1090491198235957,-0.8956889478859387,-1.3437961687240565
99,0.8138435183515484,2.112555286332754,-0.5894421031516716
100,2.275723138529268,2.517618636815468,3.489319446124993
101,-0.1834900308073999,2.495355740222288,2.516071435524552
102,-1.892385865140808,-2.4529188195187945,-3.021462641737404
103,2.621212349015896,2.3720829796699268,3.4484107468430434
104,2.0563478803966,1.620130252760032,2.173236525318996
105,0.7889382535506703,1.1337350204155352,-0.3379877318288813
106,2.286248540838999,2.2075223141830462,1.6066700449467568
107,1.4288608406952226,0.1124101545365265,2.4224324774148176
108,-0.1744995911791893,-2.161586336116573,-1.3310024640668987
109,-1.581450107686027,-1.477341127838501,-2.0679200088588003
110,-0.4930412581433191,-0.5598852225949662,-1.2856113690090625
111,1.398022592025306,-0.3407838103734171,0.2359092731225344
112,-1.762785480612051,-2.5048406301209063,-2.823112457956593
113,-1.1067881726092808,-1.4603242571158237,-1.519910052838101
114,-0.9943085930981888,-0.8524877503278511,-1.0784432617764963
115,0.4815018485106856,0.4405400110255552,-0.0268541108991461
116,-1.675680162402785,-0.1126441200380225,-0.3558758243994736
117,-0.5769789214668593,-2.268677511049704,-2.136035335201263
118,-0.7113372590392998,-0.852201666847121,-0.9285898772040456
119,-0.6914177899655444,-0.5998008708216238,-0.3492691147148942
120,-0.3004258387550916,-1.2859014828697108,-2.594275583520407
121,1.907689266053288,0.7252220371809177,0.5736920363244151
122,-0.0713969575462075,-0.4106166230391715,0.7234503092421745
123,0.3336243379952217,3.2186619841511326,1.1307901475325488
124,0.3498880261367584,-0.5704660568566817,-0.9720740879389704
125,2.365402759882747,1.6784277275421609,3.032945913306979
126,1.2716165082507298,0.7150413079393455,1.6707366406221862
127,-1.3751807302276609,-0.775486130170929,-1.2470530542839486
128,-1.4097836129242325,-1.984075038561622,-1.0004250802251162
129,-2.4587576032527845,-2.05153670283026,-1.9258867129660555
130,-1.830157653298785,-2.530823613765652,-0.2619897949937728
131,-0.4824959197916073,-0.4162158918963487,-0.5696367399650606
132,0.3846807309313081,-1.2459637959353378,-1.1645341625264531
133,0.6677573509394485,2.323695594531637,1.115761705865025
134,0.0828707823817075,-0.2975579184329216,0.3202340435044001
135,2.350062905897147,1.0364418654913186,1.2287644558716768
136,-1.9609619465436745,-2.818586451465117,1.3973192928603724
137,-0.8386939467068402,-1.395411281832195,-2.140206654601036
138,-1.0464206350931438,1.162205830059086,-1.1519359757918195
139,-1.1428399205675843,-1.5075171921365058,-1.6971733212883064
140,-2.122197079789341,-1.504712671945212,-0.8572011721239265
141,0.8061510813648768,2.046617046717716,1.9303923810803767
142,2.533292223448087,3.15296908467802,1.2198242876107248
143,0.26771172754761,0.7284069440984926,-0.013197375058397
144,1.3865750009043112,0.0272767890595317,1.511741050504215
145,-2.017008176205345,-0.4873027240002742,-0.2468222309477781
146,-2.064093068112036,1.6018225825459431,-1.3913106993199331
147,0.6510448887053032,0.631050375323235,-0.4728266874245987
148,-1.1732544779509682,0.8209193155873311,2.620022061691569
149,0.7229675851961622,-0.6699802230452185,0.8228441988608763
150,1.636696043019901,0.2593282579048955,-0.0014551747661859
151,1.0196495271325012,0.7312595723363748,-0.201506912269215
152,1.0483223912839814,-2.4881467827039447,-2.5746235701146096
153,0.7435380560931801,0.1076759523844677,0.5667655755824632
154,-2.3149558510167743,-0.3387282818441744,-0.7059152216473584
155,1.5686080452831377,1.450998984788424,0.3376883848328917
156,-1.6314220661869896,-0.3051426359611092,-1.4212210104360408
157,-0.3574556633663814,2.28509160356236,1.2731726585343244
158,-2.6946868366586663,-2.969595720496935,-2.638952059883584
159,-1.2932321794026986,-1.5260681789714932,-1.2291043278071263
160,-0.0439608810595752,-0.0639065707583358,-1.0772968592903904
161,0.3079405912602662,-2.3757759102991205,-1.2411984824943558
162,-3.0936120936054268,-2.9330589903110003,-2.8748736250197675
163,0.5391996311304975,-0.1195699551883498,0.7604448786737503
164,-0.0154626380434918,-0.3898460312992827,-0.4794758231947633
165,0.3934303035649956,-2.2211193628601693,-1.1075627932916543
166,1.1669434401205678,1.2975033860436134,1.808210979476006
167,-1.8915371291425624,-2.07807073598796,-1.1573483126969406
168,1.724080082177123,2.460013241872636,2.661825903734804
169,-1.3816103311438606,0.75961856743133,0.2101496609355345
170,1.9933387673109475,1.7364205561417974,2.3485995216100752
171,-1.9873472842558613,-2.9018792796696684,-1.96936533882796
172,1.0714163320137589,1.5162041721647797,2.4364928752464925
173,-0.3186606463975352,0.3072998245279942,1.8902772185983168
174,1.6000485372688382,0.8968031043511351,1.9006867372358645
175,1.2767337119228328,1.6573335732546548,2.8515814988577968
176,0.0492261857714772,-0.8022578810703328,-1.056602967121143
177,-0.3040919438851395,-0.2347073204925193,-0.942593309521874
178,-1.5025029522034898,-1.0579583650950175,-1.6030425167202365
179,-2.048931705092304,-2.446693426464378,-1.989214960866567
180,0.8985897608960202,-0.749515488816078,-0.4772236151823037
181,-1.7647340741921147,-2.557731439316194,-0.9680538604422638
182,-1.647670593928307,-1.7937372439589263,-2.0285230257236235
183,0.7392321569524186,2.924704628086291,2.78615065362758
184,-2.878264406966723,-2.441578510703186,-0.3674092745663836
185,2.5172517811246595,0.6846080313052859,2.356931561555752
186,2.5955285834149366,2.56313398243232,3.3393530479805067
187,-2.078667721990863,0.1940848608063293,-1.5886149541647552
188,-2.841063365473283,-3.002965464168259,-1.6397105232768976
189,-0.1917093026433145,-1.7193943027690592,-1.6329917186334482
190,-2.395327569543427,1.3114730558684324,1.88751752653523
191,-1.93872990806192,-3.025480676427418,-2.7535083829938003
192,-0.9866143684120988,-0.1595120366225258,-1.5162521726375584
193,2.656554548358532,1.90984429676744,2.0139666186516565
194,0.3916396121677834,-0.6639682306878997,-1.3340716298220707
195,0.6345161363196412,-0.7625054363049386,-0.5625274329769121
196,2.413987749884731,1.6021733941741472,1.3867893296982
197,2.040070401976092,-1.359663435144268,1.1884533316593688
198,-2.456767456135492,-3.4107817846886936,-1.8335476233804
199,0.6125158392887082,2.288826898232633,1.52443214053105
200,-0.2165073356649915,-0.9235989573258104,0.0684775082500402
201,0.4180155325828828,1.206941067013874,0.2432588028299036
202,-0.1363711977141082,0.258159782576069,0.6271829466801655
203,-2.353763072005964,-2.2386162031698977,-2.321438278250305
204,-0.9922819515813844,-0.2912468301519335,-1.782310158192551
205,0.9409347804071156,1.1234463579172511,2.408379158938367
206,-1.5665617276794643,1.3342992198462351,1.9285288733038768
207,-0.8642419628925092,-0.7646513929966692,0.3459436523527973
208,-0.4029709660646362,-0.8266465620210868,-0.9214629422436172
209,1.5687240200624808,1.0650543533251169,-0.644141359576049
210,1.252222252503569,1.3707457049646488,0.8322223000935001
211,2.3927817537637326,3.1208466719320853,2.794234395444012
212,-0.6040450605717038,-0.5355031651198566,-0.393799786836685
213,-1.4915862247822758,-2.691489584284797,0.1509535992005453
214,-0.87946080917334,-0.6293232680270509,1.6314825476212036
215,1.755052761582673,-0.1817474143288996,1.02485699290025
216,-0.9418008896924874,-2.073267444514438,-0.7306473779264232
217,0.5683971758426374,0.5273915196794781,0.7593550859729798
218,-0.8163744458474236,-1.094103861062866,-0.369649495682763
219,0.0828128631598021,-0.2500999572447514,0.0826149487628043
220,-1.0556828802219382,-1.3854475526950858,-1.3485955149122908
221,-0.4062634898193257,1.397810833818408,-0.1257503040406151
222,-1.4372061584098763,-1.1707695744135442,0.1121441534495367
223,-1.9392175667156064,-1.230343956436882,-0.2496087027960617
224,1.5274047086783225,0.497359211159253,0.383533279744236
225,0.9734921938676464,-0.112820971684987,0.2389829547655392
226,1.924906326154395,1.585634399181587,0.0145030704735465
227,-0.2947204903218505,-0.2075229913245366,1.6632729636655477
228,-1.1027495854844915,-1.23726004156485,0.3343638251975012
229,-0.815530578340681,-2.216529373789565,-0.912576459889156
230,0.1601677033386753,0.9849631534559354,0.495972990398967
231,2.410892636357174,1.5172115291913202,2.2506931776784245
232,0.2154167609545501,-1.9848652519407008,-0.9239961600973104
233,-0.8207053178261345,-0.7571632874624026,-1.1567185765829022
234,1.244270039393185,0.3637577090337728,0.3388647785456835
235,1.980717973227072,2.3366318364179848,0.9342390599894296
236,2.3405435840604443,2.382013092782044,3.067262407845925
237,-0.4127359347705448,-0.9695675044801696,-2.899877802541743
238,-1.6950342018087483,-1.837453724773012,-2.1160263379177144
239,-1.018586553888128,2.135275703446468,1.143694233414904
240,-1.4634699592077742,0.1544796214769972,1.192390250725658
241,1.6773219404163315,0.0913234650675281,-1.8984297993020431
242,-1.1387189354231149,-0.9434503852885538,-0.9929277047532769
243,1.354730506821986,-1.1287351697023842,-0.008487705198325
244,-0.3247954444024223,0.1576859447863927,-0.1192255791366962
245,1.6996283580621454,2.4175972750111434,0.0007724566094967
246,-0.5367534091590298,0.4631071961799333,-0.4108376377908087
247,-0.9087996118234444,-1.198529527994676,-0.5546667434320549
248,2.3221595868978024,1.2377121125848822,2.0814564373050493
249,2.9386917707438847,1.4629155046664983,1.140240951381545
250,2.858885571812716,2.5664912327774654,2.437358790660396
251,-1.2931183144628546,-0.4621607420347117,1.9723391487086104
252,2.392602065573766,2.213929925783637,2.1546035302841324
253,0.6353554137325399,-0.649514163641657,0.0986596515481159
254,-0.3387606344696163,0.52374524243643,0.6916703019615447
255,-2.017781006294228,-1.352947040617118,-0.0662571910714344
256,0.8214605438303401,-2.7917297093820106,-2.575912472388729
257,-0.216427612681263,1.3873770319203778,2.076584643283372
258,-1.293786662236033,-0.0481315177471612,-0.7089949645946955
259,-0.4731248431747106,-1.4482238910634706,-1.7498628295717618
260,3.2126930225648835,2.023869870131992,3.0499000701766152
261,0.8659421506270668,-0.2023320564868625,1.1685224898938995
262,-1.987021965712377,-1.6129784462429322,-2.5547067551359564
263,-0.0061898924510255,-0.6800543921136648,0.2486328897002898
264,-1.0542408207343197,-1.8908576286996155,-1.5226456306901188
265,-0.5042748270819473,-0.8804934735281433,-0.0905383022577817
266,-1.4328412671789186,-0.4797511773844077,-0.8373057651295963
267,0.0574919258392126,-1.153990641757347,0.6711208579985657
268,1.4725190083067716,2.4440616981492007,1.7680962309206474
269,-0.8674011010463809,-0.4579486750339911,-1.073448726973154
270,1.0620228246019312,0.570316373953651,0.1634452055268809
271,-1.4980995860839634,1.7589930714207749,-0.5665853445924198
272,-1.8590453809687515,-2.1365315736207946,-1.4912639667034802
273,-1.6869708265840468,-2.404787814954383,-1.7807393577640998
274,-2.839279780966754,-2.6339732299922263,0.6556454622113813
275,0.3865637596370797,-0.9220921330441568,-0.6714145588232077
276,0.1922031632098564,0.1140076027043804,-0.4276457013817556
277,1.8297468788715328,1.595397684425607,1.105952846668455
278,2.313604141578746,1.9996121413577588,2.5750287783819066
279,-0.4056604552641968,0.3125706839637702,-1.3425693433911896
280,-1.5436033254999633,-0.1574648073388394,-0.2806254201465894
281,1.3491278184021014,0.1695572183833579,-0.177118584112747
282,-1.6136770010309085,-2.4575468294509992,-0.8177187475220449
283,-0.9415798137714628,-0.6705768798204007,-1.3205024782867096
284,-0.0504081111327767,0.1419687739681241,-0.0579532618255829
285,0.4905124264565252,-0.4318379466044499,0.0722983448160969
286,2.5475102772865097,2.244157227954307,1.972878971113892
287,-0.1623092950045461,-1.526097914910293,-2.444479009993608
288,1.0953962974129283,0.3550337990193445,2.0790237416326143
289,2.55546928231962,2.6288186195392287,3.2004829517365745
290,-0.3747872051316724,-1.6112332443104418,-0.2513431339130221
291,2.823597419518076,2.8234232830133768,2.337734445655297
292,-1.81884056160663,-2.136132111677705,-1.1683279407011065
293,2.721750987173772,3.0138939752009004,2.7069009603162053
294,-0.926544133699485,0.6618571922448295,1.02967731498814
295,0.2678141156142476,1.5802160611111504,0.0611021668268527
296,-0.6598830861795331,-1.796058904006106,-0.4695348119402063
297,1.6156395506339205,1.1386770317586166,0.5249193491720754
298,-0.971270562591848,-1.152673267701445,-0.8800285482090554
299,0.5966406805997999,-0.2560257837898601,-0.2676689276551346
300,2.4255835201726708,2.012191060224596,2.063933968185486
301,-2.02384756697985,-2.2945869689901466,-2.1466992924444384
302,-0.7919589426465135,-1.1284889837976912,-1.074009869873171
303,-1.6642392327880906,-1.678072230580388,-0.1640472071827327
304,-1.4270173567951785,-2.451055779417308,-1.606983563851338
305,-0.0797378602204585,-1.101914181465306,-0.647543253261202
306,0.1342853534058773,0.5302047818316927,1.7783254342244603
307,1.3116247658510496,2.755780565991199,0.3513412674665795
308,-3.358757121791191,-2.457767251611196,-2.975770949253415
309,0.7693716644813716,-0.1573172995270178,0.2510370326052254
310,-0.5077073532698855,-0.8447611087521221,-1.151905415250362
311,0.3696339512927999,-0.7085249442076027,-1.235195443000186
312,0.6332914764212279,0.6860720035447516,-1.7025443071165904
313,2.570312037025792,2.7132850056435744,2.6295904781626795
314,-0.8865858095483523,0.1382347609679689,-1.244020592568076
315,-2.8337800860363367,-1.3011507208878217,0.5160570155988644
316,-0.6738528676094067,-0.477555974896555,-0.3671427318669226
317,0.4401405714463968,0.0837641901515095,0.7565582287376842
318,2.1397454336951616,1.8641250547189028,1.5275960117585143
319,-0.6311290253607732,-0.908334668061315,-0.9086543387500776
320,-2.3274409018993283,-0.8235048668812659,-1.6388111433691193
321,2.7823960234691323,2.039091861388,1.386264360629421
322,0.1494428988221394,-0.9595825827311504,-1.3985107124595713
323,-0.730682838597648,-0.1571762231365911,1.2106391318379566
324,-1.3891748363030108,0.4560058341712507,1.188016746666001
325,-0.2929024298765069,-0.9780697544659092,-0.4169214294126693
326,0.7131592050957645,1.413640718763019,0.2954208501417536
327,0.5143403593530024,-0.92304111738744,-1.4344015067275728
328,0.977660022034043,0.1093679465719765,0.1008666283475008
329,-0.0494657335884756,-1.0438659846682858,-1.2388904274812935
330,1.1892128589406348,-0.2865186656991114,0.2264201076315238
331,0.151310147900746,-1.3230251092047447,-1.3304810154987257
332,1.3544438107267565,2.0445518070659587,2.6436664995301378
333,-0.5163283555878733,1.0969249017019196,1.66490959505216
334,-0.2584287881724685,0.1150447674178279,-1.0886788974948691
335,1.8252290187114903,2.087696293290205,1.8956902631394583
336,-0.7764662366538974,-2.061514148696946,-1.323295098796814
337,-2.400599781673088,-0.3890062079590441,1.3144607379858535
338,1.2423341909693573,-0.2535304466609882,0.530295880502894
339,1.314966638971274,1.5717019735042057,-0.439354619101899
340,-1.970991202929983,-1.5448929228423638,-1.906177798512828
341,-0.7919006187516646,-0.2546726853481151,-1.0758064432845749
342,2.395252498847888,2.596992635365344,4.051301949746234
343,-0.3248645357262862,-0.4701910293353623,-1.33657139541587
344,0.3307152453175094,0.6273056024894614,-0.3335515997878403
345,-0.3931599978180984,-1.092650044329232,-0.8691997224381929
346,-2.196327831744051,-0.9008073738374084,-0.7785698069238663
347,2.0232518602601672,1.43286307998154,1.5370106460323614
348,0.6636436795567101,-1.875262819347884,-1.6645527886760665
349,0.3069925057806968,1.1054225132110194,-0.1293511946205828
350,2.5779042884819847,2.8261022647670657,3.5578539276771304
351,1.0620827695567832,0.9163311405828972,1.4635052253579883
352,-1.244736272252585,-0.328401633074203,-1.4259589366662913
353,-1.274865827823785,1.2508603563573395,-1.3818163479556071
354,-1.844313326647345,-2.59425883004401,-1.8860983552454025
355,-0.9937121815057224,-1.385784225460983,-2.4634968192874545
356,-0.972853193020406,-0.8698260057835021,0.6914155201179815
357,1.406566187237121,-0.4222683732050461,-0.4187156423905317
358,0.978474944506598,1.2048988754162977,0.7620046490829633
359,-0.1419638323484439,-0.2862310763988079,0.2034449865705474
360,1.34827526852554,-1.1694792412130073,1.5994451396681943
361,1.01169160096656,0.1104488422163879,0.3535794341930843
362,-2.0140702486688293,-1.2666565273442894,-0.9917195755750714
363,-0.5523455144171459,-0.0600509414092317,-1.3471727899358477
364,-0.1108774493459056,2.0688990816142985,-0.8180401200747212
365,-1.7986328813279515,-1.3110855045745724,-2.330250312425324
366,1.382385352871924,-0.4030520152425677,-0.408475411298547
367,-1.4192767254394827,-0.5317794345191469,2.602907843280883
368,0.081847047427872,-0.5927227440204949,-1.0746000136162226
369,-2.4650101238917808,-1.6439497515875767,-3.0455330405981145
370,1.6145119256893403,-1.2525270098695267,-0.2845473167781271
371,-0.1443291760005033,-0.7836201867334291,-0.767859513689676
372,-0.6573908753643125,-0.6040665429908356,-0.6505137504854789
373,-0.9006910318876744,-1.8014509696129173,-3.457213992324859
374,-0.1969028886560372,-1.3343365261094036,-0.8339455971844739
375,0.7625251001529559,0.9214535949756884,0.3497012982671724
376,1.4021257418379078,0.309098304893508,-0.1026743721362024
377,-0.5610741647167073,-0.401293825005468,-0.0156593667282726
378,1.0240597643901084,-0.4269357188445007,-0.0676292266494783
379,1.62513554453559,-0.964089216306198,-0.3979438879849304
380,-2.639873766037726,-2.4476005726496406,-2.147364757710933
381,2.066663042503844,0.2621129319982362,0.6994191519604303
382,0.7930358021397743,0.2425134845917218,0.5629927868654716
383,0.1949091832549613,-0.4686833120713852,-0.1672743793169827
384,-3.769531569387294,-2.811024200292874,-3.19959674543032
385,-1.8459581114871573,-1.4311925598706372,-2.118114930927117
386,2.7442676591979467,2.623935319091232,2.672169424436607
387,-1.31271845263148,-1.4671031427846717,-1.2436074448252463
388,-2.3967553754810345,-2.400684353275966,-1.9890697748260528
389,-0.567632128841624,-2.1384071608550785,-0.4219105790543181
390,-0.4643874374938875,-0.6550497920686721,-1.305389929647604
391,0.6698978163807149,0.2792538303858747,0.5013439165253404
392,-0.2966208334069847,-1.1503776470983498,0.0338531134130565
393,-0.6713153975564021,-0.7529405762262631,-1.320799163209325
394,1.37731689771,1.218424962598628,2.0717207826582493
395,-0.3040949938895786,-1.2056034954276085,0.7868330977786349
396,-1.1841781477874036,2.290428539734181,-1.4399466184424692
397,-0.2474765991292523,-0.9821317920560426,-0.529732143945618
398,-1.0684529322238958,-0.5755928363524703,-2.233503156104055
399,0.6737298420587016,-1.2444592252143614,-2.226865752569635
400,-1.077350251528864,1.0250110919176696,-2.0852028304834302
401,2.468256629615952,2.6946631317808487,3.354653597071439
402,0.6320521817448835,-0.8935173551130833,-0.1878884027819153
403,-2.4900453428738176,-3.1658570227258083,-1.9904887380326912
404,2.2357458933194665,2.4450602408009687,3.058172746430219
405,-1.8446114509795093,-2.912112816253859,-1.799607128068413
406,-0.2733778871777945,0.4276587574543981,2.631672519954023
407,1.6322175136532384,1.5299486776756988,1.3240525435422168
408,0.2709822359953341,-1.4338705860424106,-0.4108437504321527
409,-1.4238059733089148,-2.11560331931242,-2.3136730811681336
410,-0.8298796062105882,-1.0127449891001186,-1.246433753531028
411,-1.3202098647497185,0.5892023272458196,-2.190152567484011
412,-2.1792862278923297,-1.0749350834915603,-2.7364613553289554
413,-0.115445612222127,-1.8325585863845413,-0.6324076107674901
414,-1.673284940343356,-2.691529470343457,-3.308283782423999
415,1.832253030005141,1.6368546722868813,1.408133374617847
416,-0.102451701416235,-0.8266509327616547,-1.4196458633603304
417,0.1572184711933563,-0.1012714944794606,-0.0906498289669804
418,-1.420563493625972,-2.054840537881057,-0.7015185391692833
419,-0.6166692428906542,2.081745963453508,2.304734220580578
420,1.5249546731553736,-0.024473869808794,-0.7933238815907518
421,-0.4476689330310025,-1.896595841286309,-1.8009615248622586
422,0.1088514636744455,-1.6567295134067526,-1.210816510551199
423,1.7036987599413336,1.2975312836684727,0.3230715894878569
424,-0.0177460243244285,-1.0505655587899128,1.783385546449398
425,-0.4228071263668467,1.305294552008873,-1.1565897720770422
426,2.427695620529687,1.8217142919453373,2.066299617602971
427,-1.1399557082670506,-0.1074953449151646,-0.0487370865362036
428,0.8400739653593395,-0.1794690691138879,0.987712945903704
429,-2.0783259275809973,-1.683307291382133,2.0272926469892742
430,0.3225599268922687,-0.0542779862093201,-0.5495186665521716
431,-0.3247982852283146,-0.7410603896750259,-0.7802309428508953
432,-1.0451885215778631,0.7664802003721025,-1.1457763168856634
433,1.5132752605867748,0.0004969675563027,1.0589107703604126
434,-1.1134232208898986,-1.57916960790547,-1.1571224663318385
435,-2.127873742767808,-1.697191627542085,-2.967277955446946
436,1.1279875271791484,-1.7704126167277106,-0.6341766289523962
437,-0.8890433635418744,0.8352765911027986,-0.9946282577491328
438,-0.8572515807557568,0.1190595401579595,-2.1221801081173526
439,-1.924902070533369,-2.652470130207088,-3.143905892230141
440,0.8597148396943826,1.0122349480016006,0.5562491182556998
441,-0.3372900923889599,-0.8604514184162573,0.8279163298161144
442,-1.6142626970954728,-0.9948904406936806,-1.5957945875713997
443,0.1261810505119944,1.4241662312277166,1.52534599667994
444,-1.2053912918689205,-1.7124420811689898,-1.3158368147140116
445,-1.3612063397782728,-1.5184739486235106,-2.0289727362249743
446,-0.0090962602549228,-0.3193128495292618,0.4030155780166946
447,-0.1338974595192893,-2.83237574614412,0.1287665212340736
448,-0.6002484010935958,-2.053324741274793,-0.9290554021207098
449,-1.036851062209866,-1.454504793690303,-2.5826655980497937
450,-1.0567854935968362,0.1188380332327194,0.0604956939337369
451,1.1988651736579277,1.0241671388060165,1.9044748211465228
452,-0.5641711448957505,-1.3577557523327728,-1.3933308664686226
453,-2.571858809528802,-2.985136064142321,-0.4608356228808032
454,-0.1254849840240776,-1.1013110062829052,-2.5031801068884807
455,1.083862466316913,-1.2449003051184644,0.0311781864232017
456,-3.4167148554533804,-2.6921612830986668,-3.2302591260655245
457,-0.9167966594634428,0.0683968276458253,2.355294106568927
458,0.5689927346993321,-0.1478197877518789,0.4134105608458179
459,2.182563432816984,2.218745182248487,1.806454006209384
460,1.0996261996050691,0.5232916113060954,0.2066940471232613
461,-2.194449408092855,-2.506382948806945,-1.7897958976447503
462,0.1254432538282592,0.822953996743043,1.0617408411933973
463,1.349205516576981,2.08228423299048,1.9875490091737689
464,0.91506427762802,-0.625210921191104,-0.4129145795878858
465,1.0133732157754742,1.5598782001118994,-0.8780411385077875
466,1.2404911229198918,-0.3369055586586952,2.819849405416147
467,1.0546308747863449,0.4075091192619018,1.6643489075834703
468,0.9778521658997724,1.8043176526006253,1.4603958891218929
469,1.948838657668063,0.5593749818141349,1.794936781646588
470,0.2002300542040671,-0.6834283626562959,1.8459872096553784
471,2.7441591132455714,1.5235702475619974,0.460025744197747
472,0.7873724768035167,-0.2575391037941956,-0.4816605995736118
473,1.524006045574424,0.4408607230423471,0.6285184509259104
474,1.3913042141352436,-0.8018334591141417,-1.1613341025712984
475,-0.9064137450119422,-1.310997676411426,-0.9996451438687513
476,-1.7785850637645222,-0.2345443965742746,-2.3891771547601235
477,0.7422929753350573,-1.2482536001618385,-1.919579146679876
478,-0.6101386066341341,-0.5531253165843142,-0.588011250632567
479,-0.7606909486280227,-1.7821596626968466,-1.3447152533481408
480,1.1280198152851209,1.765406754385905,1.4545042626005786
481,-1.2107052106105454,-2.059876538748047,-1.0804699355321132
482,-0.6219070184694103,-1.3506499619522918,0.2776300895308417
483,1.4625337678897636,0.81508343521675,-0.1543612266878559
484,0.7110240994014031,-1.2223345879764995,-0.8895173841163867
485,-1.2842229706810182,-1.4823130866122471,-2.331754660776218
486,-0.7534128776594347,-1.517949696008721,-0.0917934224934821
487,-0.0370674022476834,-0.5788481153520375,-1.4013341984305985
488,-1.4170541804189043,-0.7905290152611686,-0.4860231294040408
489,0.2354907685961153,-0.9940742205690876,-0.2750950131736588
490,0.1351048001508846,0.1393832642763116,0.7660428748375444
491,-1.7634068624424224,-2.81525682343808,-1.7891572841147343
492,0.2551361553464434,-0.5698473230630628,1.2773619945934371
493,-1.9288196379768368,-0.8809472978520394,0.5571655073547828
494,0.8619860074876856,2.8413794496643754,2.7224822215505533
495,1.4602621023606794,0.60378868280075,2.7651291553197668
496,0.7480770446550987,0.9975903623854384,-0.1884098193524928
497,2.625305666746548,2.5223595709428466,2.665210896489845
498,0.1975992316248772,1.975996597870032,1.5146443225459885
499,2.32180824975902,2.072840529762148,2.750695140367147
500,-0.828739927580214,0.1600567697255812,0.3541261666245459
501,1.812785389638936,0.5335439328278353,-0.1954497556584659
502,1.601579250559788,1.4082717325192502,1.1986872997992528
503,-1.221974526050817,-0.4749444676073199,0.0950769001099325
504,0.1599178493212644,0.7691411409694597,0.2366957437420908
505,1.6492459723730897,0.911437314816037,0.8751099899486994
506,-1.0035359883091617,2.320051547092825,-0.1816002872831781
507,1.21076134314757,-0.0647127104288204,-1.4797179264783304
508,-1.4772348303093767,-0.2573275254448586,1.7661210558090774
509,-0.4103826166527549,-1.4727837333239548,1.21004951386783
510,1.7119310495663538,-0.0703754019110326,-1.2490228329101838
511,-1.9381210473626704,-3.4490467731222214,-2.9931493829242832
512,2.4935670999238733,1.6800379188597243,1.666845946110762
513,-0.0013661410979816,-3.0705821575341345,-2.070056814453848
514,0.437454569451949,-0.3298734642200315,-0.802924635549907
515,-0.5108889602199936,-0.8679069855900458,0.4760881458624194
516,1.513463622967241,1.4704801225096138,1.672676245919804
517,1.88801933913691,1.6552618100529537,2.2884070404662022
518,2.7396943519860533,1.2907833847638523,0.311018745507952
519,0.9972563596011426,-0.6273351507736504,-0.3558801583771728
520,1.425199222240365,0.4235732938224589,-1.2817228959832374
521,2.042132009238853,1.0176959927549163,0.3087541046564332
522,-1.81057924306866,-0.864038640780847,-0.1532203683658256
523,-0.6079510590333834,-1.199772262784104,-2.1214829948984035
524,-2.0394917312980363,-1.7246266606924954,-0.0147404637339147
525,1.742196735120758,2.519744330230174,3.2957811356380327
526,1.1676370168309669,1.8879138866613725,-2.453256776954569
527,1.0823169253616436,1.051968581228912,1.0390858043211046
528,0.8618823951855948,1.4513569276056435,1.167015320826688
529,-0.8066383976926645,0.6425951903398643,-1.81503525065483
530,-0.8334029404378317,0.93793816110339,2.810524816291618
531,1.1244997619740995,0.9114220172240493,1.0310719372222317
532,-1.7326580906291615,-0.4847915927023136,1.1867366995219537
533,1.297457451597127,0.1953177547049668,1.287191193487026
534,0.0949948306525139,-0.3014021971159498,-0.1420372595014971
535,2.455064299959828,1.7536385411357518,2.4137005527264543
536,-0.1245173486256803,-0.1326921485001919,-0.2464704073000524
537,-1.2522210892056955,-0.937656001612628,-1.4057566462196964
538,1.837136492792051,0.353394529771113,-0.4809954473078793
539,2.281018930454568,1.695254249910083,3.3030729920008133
540,-2.4694092553314824,-2.933143543706681,0.3210330379322538
541,-1.1539840543791664,-1.661444664439854,-1.0761108799907677
542,-0.6288531450682754,1.387868740234276,0.7769140652673368
543,1.5661986142207671,0.4018722253078184,-0.5073787609639206
544,1.939886283763711,1.2340345091003782,0.3852292681796584
545,1.367275713002123,1.10402530393482,1.7479773333706388
546,0.2484855412036067,1.100886182807501,0.5739507227811274
547,1.4678274960585551,0.1716959995051761,-0.0460914068367181
548,0.4302461603858769,-1.8860877909197364,0.4942938945451237
549,0.467446300543744,-0.6606904012482133,0.0823193969120371
550,-0.3981140299750666,-1.458215111290978,-1.2340174940465052
551,-1.18712491789708,-2.0575195598521145,-1.649779501734518
552,-1.0454596722118934,-0.7756613969756239,-1.3331118924828615
553,0.0254914116263885,0.4390108679919352,-1.0395388427834018
554,1.87058063068464,1.4027145356708777,1.6302637052244042
555,-0.1546229985451145,1.9254633962612289,-0.9940968059854456
556,2.229965586941053,2.429477299424842,1.978221874685908
557,0.0665068269973091,1.1194944575281105,-0.7483875935730497
558,0.4797729740511027,-0.1433636322898753,1.7177254086706932
559,0.5150501675483857,0.4646390012431652,0.0010335223388311
560,-0.1513164979101441,-0.6150985763307453,-1.3165200681931608
561,-0.9811589763995364,2.0713039487337395,-0.9135119724947488
562,-0.0905831240886181,1.8598664359443888,2.4219739253550627
563,-1.6961097047085345,-0.7197847255302476,-0.74520146529785
564,0.937206846530405,0.820353206301953,-0.6518692024795861
565,-1.4339549457157568,-1.3951160071445403,-1.7535637993852298
566,-1.5372061335397302,-1.0597957130585982,-0.4093715485283164
567,-1.888829400228904,-1.2749750672698767,-2.055451259750974
568,1.974519637192209,1.7606301039460228,0.7657517150225892
569,0.1426950676874887,0.4461878285048698,0.2792579467704611
570,-1.319084731113547,-1.9410508340553767,-2.4278341290988017
571,-1.6602185531705007,-2.0484785280800435,-1.680162130993467
572,-1.891904198846556,-0.2755637879543124,-1.774159596984807
573,-1.0413691975773152,-1.371427389789826,-1.6144642961958913
574,0.3528052706056095,1.23302315190616,2.196858979449591
575,-0.2439657526362956,-0.6313136978217379,-1.6525785216567703
576,2.4129588501894976,2.6152502159340587,2.969574585070911
577,-0.4466899701206964,0.1250996479672199,-0.9454829634665108
578,-0.7587318038483912,-1.3857376005815785,-0.99728331617892
579,-0.7962044583329997,-2.057188524665152,-0.7437077488349959
580,-0.9003512326240799,-0.8952268170979302,0.5698227335467958
581,1.2730718361901094,0.4353595261592338,0.1990504257090219
582,0.680970090678127,0.7245400312476684,0.91008362674109
583,0.1494420059294267,-1.6117980871305824,-0.921512176375212
584,-1.8565509088786545,-2.8504399087554826,-2.402511221892868
585,0.7494345955506099,0.1933862324323836,0.7036981068620303
586,-0.6864748571002153,1.776832803710689,1.2225944183794673
587,0.0251776584565327,0.2357561313169507,0.2012145582426821
588,1.0134072396074418,2.003790280528938,2.509912673577672
589,0.5924904579927861,-0.6516713246291089,0.6859261111046349
590,0.6601612015909494,1.5642147382393543,2.477205173930872
591,-1.0527663464072918,-1.327952721519566,-0.5117590487571175
592,1.24093699345747,-1.230301773754628,-0.0907576857330011
593,-0.5902759578278582,1.3187128010491298,-1.3179530183208557
594,1.9925641352262464,1.2888627469744276,2.08063005509651
595,-0.546587602230214,-0.50331329344384,0.0474845153978487
596,-0.3847333022758824,-0.9682790874024976,-2.2858396418915143
597,-1.2112900059419842,-0.2001900227840401,0.2599685365978486
598,-1.883173440392956,-2.198783579854025,-2.613264850448547
599,-1.215396796613469,-0.1859085786649817,-1.5559794365490835
600,2.814704446461392,0.830824749388746,2.5987774818905
601,-1.0066127906329074,1.7697886664943987,0.7482324313855077
602,0.5846502748663155,0.2212623327712756,-0.4068898686802116
603,2.656407819315904,2.5197941005236024,3.729843929342317
604,-2.6779691514604647,-1.6177492245923757,-0.7300309533706844
605,1.4821864215428662,1.3342288221336476,0.2602507358183792
606,-1.419041342722697,-0.3273491171778931,-0.6450131971487332
607,-1.140511434196429,-0.8595722708756213,-1.2453898697878347
608,1.139886537189259,0.018495396098951,1.0786937374062062
609,2.2552957369818545,0.418221017724192,0.1726948525016728
610,-1.5552297017588526,-0.3871505398505533,-0.4952681718627886
611,-3.1190178777609976,-2.9137129722453783,-3.303482639821759
612,-1.265197940855485,-2.1357490342370222,-1.250867756095835
613,0.9774662214840846,0.4646429312070555,-0.5486516741091563
614,-0.5060849521792251,-1.2333948104859978,-2.7179783880211774
615,0.4096218093228166,-0.1342279177373543,-0.0761115208356601
616,2.14119213558076,2.1544251484934644,2.4221332675801586
617,1.2093785587766024,0.3830298277534883,-0.5042429843720011
618,-2.26403290858973,-1.0254838575439746,0.1724061622748451
619,-0.5837780034196475,-2.640543620277222,-1.802482914703484
620,-1.1141085999737197,-0.8317249118143958,-0.8218106597395998
621,2.316960560873719,1.6371484709666784,3.045057261401641
622,0.5272931790437504,0.4309547306236898,0.3143253136436458
623,0.2147081102666219,-0.2416084502747817,-0.4830637454595509
624,-0.4800019475764996,-0.4008358387810353,0.207231932093523
625,1.1476471160741617,1.6998879051869922,2.259912301163568
626,2.363558336262294,1.038527150797221,1.822023496680016
627,3.0844013252712985,3.133481135369928,1.387343892055737
628,-1.2453190291998124,-2.6568223619415736,-2.801218615102405
629,-0.5573513143600645,-2.035226781217119,-1.1136564395284518
630,-2.127662907753299,-2.875640854128157,-3.098567486128025
631,-0.8028404653345673,-1.0675242581925894,-0.7136625972447782
632,0.0025908553356177,0.2357717106735071,0.4993724895279154
633,0.3127285904779084,0.2435710112773877,0.3073522376640644
634,2.000986012642032,0.385940448884092,1.607116376412708
635,0.086133553919653,-1.5290205679818212,-1.7898281622564662
636,-1.4123857514519482,-2.5581664456640487,-1.7787907485307126
637,-1.1684841814020783,-0.4582289469225974,-0.6684344142002121
638,-2.330889057853695,-1.021282842945255,-1.3357542318908786
639,-0.9629170812998228,-1.0320219026961723,-1.9785553199252868
640,-0.7687199361961577,0.755637206412738,0.9343969574575596
641,-0.3353093417611783,-2.6565799416215587,-2.2858316003136467
642,-1.4403266126738836,-1.63438277194868,-0.4441896878398858
643,1.669411689707407,2.2207310552785806,2.50885492916286
644,-1.8483953035743013,-0.6237300013613574,1.7177848220167062
645,-0.8424560377262907,-1.6792864845623354,-1.6285423172999782
646,-1.3374965370306646,-0.5473774737587789,-0.001451348047812
647,2.939588776013369,3.211311632756447,1.9197296512723483
648,1.493363922685141,0.9379450570129042,2.0368474534578898
649,-0.5523690323422585,-1.3208866038822782,-1.177805840139424
650,0.1955502001059022,-1.1134743171838806,-0.8009549156479607
651,-0.5588045657470343,-0.525369229299647,-1.2021353091376572
652,-0.2476283514103327,-0.6672932083897778,0.7538277739536786
653,-0.0282209476448162,1.0634317438328604,0.7478892752997397
654,2.350054888846404,2.3860945635560893,2.840477364359842
655,1.1643467989552492,0.2817717220114996,0.2463687377171709
656,0.0864735685935818,-0.1637404067364696,-1.052148681274372
657,0.2857451365544941,1.0869137811764549,0.7578489439262619
658,0.9364089000241216,-1.2158620447754835,0.3619068684198965
659,-1.0472793872084474,-0.8712545501261493,-1.6478020825066573
660,-1.4203424091985928,-0.7181730043347008,-0.8009640531015162
661,-0.81245280885416,-2.4050187476855425,-2.6779093789062864
662,2.410841902460347,2.7015093999097006,2.8644860550852056
663,0.1087911762035227,-0.3180287583930096,-1.1232221211093545
664,0.1880046003480845,-1.1954250951825216,0.0370042147207719
665,-0.8744957927696932,-1.79350968527988,0.765683528108072
666,1.3278463867348251,1.183513039685842,2.393064852382237
667,1.8730064419065413,2.5187763782276105,2.0865006993178024
668,-0.0569555631765274,1.0257536730603771,0.5867950017927592
669,0.3237236466342778,-1.245370869681252,-1.960821450496668
670,-0.9421931130456744,0.6599141348210134,-1.145206480003489
671,-1.4263914866323226,0.0082392859857394,0.066856366376471
672,0.3746711957600317,0.309360670668267,-0.0609288303080766
673,-2.1736660829839813,-0.643633771717623,-0.2706984234739858
674,-0.0660033251486414,0.3086757279168462,0.2358087356280148
675,1.230078580085195,0.8837679134614506,0.4995687294524236
676,-2.371330681397469,-2.445444074273812,-2.479649132092347
677,-1.338956853815201,-1.704212941785238,-1.8924838744344767
678,-0.9039895553439884,-1.7687515854642566,-1.493809468940535
679,0.5190219077708657,2.9273700897158297,1.1973306902753575
680,-2.9714159853331195,-3.3006777826175315,-2.638640721650108
681,1.845717140155489,2.00244549306222,1.7668414303410982
682,-1.0970838191345915,-0.2624055909743055,-1.6485576751361048
683,-2.097916417032626,-1.80486085834676,-1.6209691560153836
684,0.7270909570146915,0.0773040124351379,0.352962867029395
685,-0.2746978480241043,-1.6598433669246777,-2.0021071286089343
686,0.2356978406067247,0.9810063073901802,-0.019273696230838
687,-0.3226820915028746,0.3977488293890511,-0.7648266430802075
688,2.79927771829783,2.3988742253074284,1.8831334111975624
689,-0.6999065790084148,-2.2008971117964733,-1.4283109895225967
690,-1.0830883814206154,-0.5811039852695132,0.0347640743137241
691,-1.2335269755776377,-2.50093505910995,-1.0585380929357002
692,0.2337148823999638,-1.1072726986490298,-0.2439591892033363
693,1.300053522320619,1.7235816426375117,1.1108873143075688
694,1.1357418376989217,-1.6568443593016544,-1.3444437437402472
695,0.0574986510733625,2.412212752670364,0.927398067963457
696,-2.624479451928902,-1.7269749856891812,-1.0707363393748746
697,-0.1334944317350762,0.8214767170156958,-0.3497140708198373
698,-1.852004130194,-1.5149251801680386,-1.418978072717212
699,-0.9562181514610664,-0.0886453693191245,-0.2009274229716776
700,-0.6297015335871265,1.6346094610458557,2.294051655382611
701,1.3528600798651953,0.5473460565510444,1.3534331478216308
702,0.3391077697036708,-0.0952279788335264,1.8891111421425053
703,-1.6205121701462923,-1.9635784102589195,-2.262016949430919
704,2.696669031967838,2.1243592906473308,3.894352396573679
705,0.9192557047355514,1.7138593475404795,1.1087651749816778
706,1.2285281770550796,1.818152579182005,-0.4939984959671444
707,0.262488024958024,-0.6940408811269382,1.5898911808799965
708,2.015781817720095,1.317948808354739,1.8049360546146025
709,-0.45923532249195,1.160517754735611,2.378370980033424
710,0.7813239676566437,1.4939447758109872,0.5046957002910775
711,-0.6228160395470896,-2.791545388809946,-3.033514407694516
712,0.4676180656508618,0.130583939216568,-0.1545029052913305
713,-0.0190464533154038,-1.4513945915895,-0.6172310904303646
714,0.1454199907297995,0.4047872973318275,1.4168976452750146
715,2.0039278138500776,2.5953322314585296,0.5018759093320591
716,-2.3132544905460355,-1.8324376745179447,-1.5249577116838615
717,-2.0694255929638707,-1.126166742014708,-0.7881408620866657
718,-2.1543001171401848,-2.132003073072444,-1.5656270106069277
719,2.0027955386061267,1.996601875080858,-0.0370515445037939
720,-1.9370390084046416,-0.8639994079665648,-0.793512617208755
721,1.351210912050552,1.368244332647033,1.411100445484068
722,0.3468597572793286,0.8571153303422933,0.8605008782554608
723,-0.2177769607815611,-1.698774453745287,-1.1007716983627516
724,1.780253411041769,1.2907133933093682,0.3746936101403252
725,0.5531534921808999,0.8912267566228269,0.8436131757295463
726,1.554914498082823,-0.3955182461937183,1.2013029828532165
727,0.8300483688935504,1.583158084978091,1.7939669512312906
728,-1.4843689122118704,1.3059758345730248,2.510130060716417
729,-0.6830687528968048,-2.293290641053328,-1.88030217625298
730,-1.7657563405320311,-2.8237428351211507,-1.4214791345298066
731,-2.3304918614285195,-0.7672914951766112,-2.6484422160947423
732,0.1597405787982158,1.5867473616538783,-0.6370468956690573
733,1.057931194529376,0.8926297442371512,1.9234640520843893
734,1.0664593807119922,-0.4372671804428117,-0.1568177297548124
735,1.8665618759228184,0.0758220994706628,1.536971641851009
736,0.5148287487785788,-1.241211966249443,-0.1739085714690091
737,2.177625602436012,1.2544238090145203,-0.1387192570720467
738,2.392883284261806,1.3108746141818828,1.6857609303547418
739,-0.753411602186585,-1.6174922654926955,-1.477536018484994
740,0.0784993762148607,-1.0154113511478005,-0.717778377389713
741,1.1330920692523196,-0.1345618804058374,-0.2859311350410602
742,-2.440147008787083,-0.6212584698005824,0.7125439124975921
743,-1.2542943758962126,-0.4626351316923231,-0.5626806901289592
744,-1.5041586319143183,-1.296294974616453,0.0568212390448703
745,-0.4235060882469279,-0.93483103255771,-1.204728120060518
746,-0.0984109509001744,0.4596646303746006,0.1082669424615166
747,-3.124816616230228,-1.164328176698788,-3.781739538005358
748,1.163092628164563,0.9225568238794548,0.9492763759219808
749,-2.174055024397092,-1.3141194609774014,-1.7525717753094974
750,-0.9985817172954992,-0.6540175454052004,-0.444164067436368
751,-2.0078175188134644,-2.505837756821067,-3.1547473233313608
752,0.6066668980416475,0.5187997893329115,-0.5264258592705444
753,-1.1553839825837025,-2.061151907904704,-1.6038814865387507
754,0.2106676089247642,-0.3268722764436187,0.3815641795073626
755,0.0575809232039749,0.1612922963480541,-1.340364208406335
756,2.3016007553371347,0.3853484856146695,-0.6466901812940415
757,-0.7039423685985408,-1.5264633143693578,-2.074537662511872
758,-1.313095395942046,-1.6125531701135891,-1.7007062295627635
759,1.2709827897524146,1.229642280705319,0.4873748993719679
760,-0.0049502143582729,0.2533855540293656,-2.044685101504791
761,0.5400647398809436,2.0825542195382134,2.029394134518301
762,0.8843276036318042,1.818233717307426,1.268383452155629
763,0.3355093261635801,-0.619401337307454,-0.910934043477604
764,-1.88806884111546,2.1425474052311047,0.146233664214848
765,0.2841884085878234,-0.3181446032280748,-1.3659972230910866
766,0.979042855253924,-2.5728015864144367,1.0256871228101243
767,-2.0595144165677337,1.2623868368866362,2.5368746660116
768,-0.2493867792179049,-1.451446278686981,-1.126879002162623
769,-0.8772614341781172,1.8330138109286152,-0.0122038271454988
770,0.5991126472695516,2.1164939667760025,-0.1245925909174229
771,0.9433447489121722,0.5536941173737446,-0.2533670798755507
772,-0.6475722199071937,-1.1959442349487133,-1.1719224490692086
773,-0.8628695324413247,-1.5607324538050664,-1.706707481210131
774,-1.028665048402081,-1.2131465496683902,-0.4456444642015192
775,-2.134688746491033,-1.5376573590153708,-2.597164547557413
776,-1.7812212937696414,-0.5176281202552998,-1.3099848357123975
777,-1.5030563914681292,-0.3537160481764438,-0.9229982653296382
778,0.979878428449442,1.11453221847505,3.096436820668012
779,-1.8035812171481675,-2.083921101507388,-2.0114582476478304
780,2.3143969814032683,1.7434060215359657,1.715582597752881
781,-1.141759110924276,-0.6096807119962575,2.476834763957803
782,-0.1123437118059887,0.1928461009137716,0.0998340734488036
783,1.5262228101217092,0.4455569146386564,2.459127718604331
784,0.2550448406158778,-0.4772912268261808,-2.6661632417210126
785,-0.5867572726365369,1.657282130010187,1.6863536455708132
786,0.8480465982858162,1.0384897563018205,1.7804105705473203
787,-0.0591565114514651,0.6314513310639003,0.3431587578632682
788,-1.7541170060688207,-0.8992286901658744,-1.0790891701258318
789,-0.4889931815590999,1.1525146371638813,0.9265091835773438
790,1.635781892025441,2.290331090336124,3.062315035966842
791,1.277289066143415,1.5316266033072885,1.8091963759606675
792,-0.3270801408946597,0.2153123229199685,-0.3051806977887182
793,1.3420266651709771,1.188579070081421,2.608255805080423
794,-0.0408671583272013,0.5224302506395755,0.6389879889261256
795,-2.127284240736037,-2.7949268923506816,-3.2042264596799312
796,-1.010540186702389,1.2571081444670045,-2.445143082108982
797,-1.935065307032168,-1.8928017129761816,-2.4179391897655664
798,0.5273816679740432,0.1109301987763093,-1.3358635976468942
799,0.3160086778352814,-1.244855042775728,0.2700145543866258
800,-0.973023445043441,-1.218700936622642,0.0962894454323201
801,-0.7423218918595571,-0.4473072851677492,-1.0322457293423184
802,1.7540564741842986,-0.6571494421849007,2.1324700215596466
803,1.1475274494384755,1.105295186634041,1.8328642780266704
804,-1.7999877365470691,-1.5815521242711392,-0.8109208526647279
805,2.2055558614098736,2.7194877650637443,2.799366385390917
806,1.5152165715793702,2.584072112115324,2.551980992822406
807,1.9830922578204069,2.196671762859008,2.7597136514249008
808,0.841980720950677,0.1598976302579382,0.6249011876529593
809,0.4288843532973516,0.1207315082002941,0.2816186874566551
810,-0.4510304823663196,0.8826051079294808,-0.0603633014728128
811,-1.4303987781581584,-1.4463315529265002,-1.240342792465198
812,0.6477671304410788,-0.5133552189344562,-0.5064726150280021
813,1.4954887604475189,2.372082143194407,3.654728914603137
814,0.0477761532813934,0.7644722761098144,0.9574543149336991
815,0.3633062869476482,1.6520629410043597,0.3445793751363014
816,-1.585680710999213,-1.3472612402193676,-0.9130830396003572
817,1.2628285638960506,2.3134330546408,1.5135647166541837
818,-0.4081696839930191,-0.753851475851298,-1.1572526163915304
819,0.4362399370865624,0.768753700736277,0.8580444917734725
820,-2.3511392189315905,0.34704865445829,-0.2628946396808808
821,0.3065696254899951,-0.3889888957905275,-0.0864515143215669
822,-2.497429866864562,-0.8649600510392053,-0.9311732696188288
823,0.7004969687087634,-0.7647559272511758,-0.5324948204564575
824,0.2263410682351391,-0.6828176262598238,-0.5693454857353717
825,2.344311626615573,2.121770032438811,2.581122233444957
826,-1.9740783110342688,-1.755139760070126,-1.7395854975143827
827,0.6093917428686345,-0.646619638605713,-0.588279177610866
828,1.806827644335752,1.180197004847894,1.5809143852806873
829,-1.3351696107447266,0.7294935860742393,2.139870384665706
830,0.3831636165087503,0.2587977686836775,-1.0030697678124307
831,1.0201377433536964,-0.8096394626115859,-0.2029553393467776
832,1.0548703208011507,1.7998440974482135,2.4678651158888223
833,2.4753123270708626,2.386102423483869,2.2863128621451385
834,0.7481971226097662,0.5384355542765323,0.4346937977789687
835,-0.4625803164903865,-0.256048889267215,-0.8882651118608448
836,-0.2064094262192661,0.3596712873803224,-2.048892159282936
837,-0.2457350782856533,-0.4875024530228437,0.6582093392066652
838,-0.4202801979955267,-0.8313457982486017,-1.5266523146254036
839,0.2047510307882015,-0.5613902795580776,-0.7120647591899606
840,1.4675745274379908,0.3542947625339785,0.1039808633803532
841,-1.1734193891643017,-1.6903184705544367,-2.271549975360709
842,1.646350640072803,1.1940451239250307,1.6871260977965254
843,1.4989430934221546,1.0926025198392475,0.8102226217143196
844,0.17988791986803,-0.3260057145072572,-0.4255586143593746
845,-1.144814931953594,-0.9211043077349864,-1.0849485371022398
846,-0.868605584739937,-0.4499832147495806,-1.005293006149497
847,2.694278706183228,2.073725604657089,2.5984677161246457
848,-1.1158813534395446,-1.4481894759636516,-2.596818488547763
849,2.110224917967746,2.259767771527136,2.227272434826662
850,-0.4313771813305135,0.8843887874160262,-1.4050454434118838
851,1.6698648861151166,1.376656439985959,-1.031504990224421
852,0.2006541173818639,1.0148877463887795,0.1934018555292516
853,-2.602397928114054,-1.839824714633901,-2.0835062150251566
854,2.0847486095828427,1.3222920539717349,1.9605752830437324
855,-0.0444685547964053,-0.0616251360577859,-0.3527659714842919
856,-1.1992256805464487,-0.0524249647377277,-3.3137636784366467
857,1.327246939159911,1.4964871642841395,1.8386593482740807
858,-0.7058755884968488,1.227677922506495,0.6709090560090052
859,-1.1678615700401995,-0.8910237174346258,-1.4129025656384522
860,0.4329096036582932,-0.0570405997135302,-0.9757082737771906
861,1.7334699269792118,1.0807116112540112,1.3845227572175915
862,1.5699964658241,0.2387594452836927,1.0597233385745386
863,-2.0952449620296174,-0.2475466661873867,-0.3523017884991093
864,-0.7356382254439513,0.4497351552532809,1.5120626453235124
865,-0.8849923687945741,-1.0847220685068617,-1.6751733096850006
866,2.2734879011054385,2.819509499901366,2.5973530956967363
867,-0.1462887259934143,-1.8600444078116287,-1.5141130002348495
868,-2.2057057721418865,-2.5997526866710747,-0.9117492295670776
869,-1.67057289996977,-3.968922631875084,-2.8186911092351608
870,-0.6516290609221874,0.3900965610517484,2.0157488757070965
871,-0.6205221221521245,-0.9030758554160558,0.1297269565725106
872,2.1754921249322794,1.7434117132078066,1.227908257231939
873,0.8563239532712646,-0.1924921128850918,0.286608916863435
874,-1.5734756303970892,-2.3067712631470068,-0.8033461557349573
875,-1.5435932376692438,-1.7005694274588377,0.9679084594379608
876,-0.4196356989125557,-1.986567291487108,-2.117730535396142
877,-0.7646050359623991,-0.6503901078326353,-1.575793107138924
878,2.219187452415086,0.6975443812364426,2.1824968958635607
879,-0.9862727091486194,-0.6210630312069663,-1.0772070789015564
880,-0.3770810807445623,0.7335266650547032,0.2173138648616586
881,-1.2125542288258322,-0.8386306150708007,1.189913095382283
882,-1.961226239792531,-1.6018242331771415,2.008448445013442
883,0.4359545771390944,-0.0629174538360103,0.5179028311600552
884,-1.1723891275985685,-2.73654955113996,-1.835805411382406
885,0.3019664121107246,-0.7648850806910475,-0.0480365215939886
886,-0.948570179123002,-1.611342741235385,0.922512503486956
887,0.8357411891029227,0.6612370032881452,0.7499493614665032
888,2.468130408595832,2.9648742643348167,1.8741950808710617
889,0.703493099237699,-0.6605291529715328,-1.3883515886905808
890,0.4700953006609074,-1.2789864131957918,-0.3585289530521444
891,-1.940047281941905,-1.7468094259894125,-2.14424015193432
892,0.3935692355429048,0.6802005784093533,-1.466304144145025
893,1.5068835946987649,-0.3290977565513966,0.4760937062760094
894,-1.0878466861993012,1.4020111314912649,2.4869770997258724
895,0.8562605854610561,0.1608370717907235,2.2947507731392176
896,-0.9117731900487074,0.5947563421381344,2.190796782997711
897,0.3374556196757831,0.7684983208414071,-0.6253805730710055
898,-4.227655508632278,-3.8270011330657794,-3.3343358708020445
899,-1.056824944121544,-1.7494837499259162,-1.611645317184022
900,-1.3950651823331075,0.5127670000571811,-0.0157570338648742
901,1.3071300690179954,1.3725389621453137,-0.79079849793115
902,1.1079978209562569,1.5870727214392448,3.1062436510560936
903,-0.913468393241242,1.1178469724695863,2.395476318315041
904,1.506662284096285,-0.3232769644437924,-0.274542968792472
905,0.2027738443586519,0.3628443300131904,-0.2048320525653053
906,2.06046320401816,-0.5520927980896635,1.297799316122112
907,0.2013245956515192,0.4563894649734925,0.6213339366254901
908,0.5818750747632208,0.2760711548708339,-0.4420725909186738
909,-1.3070210958546071,-0.5978008529374936,-0.9708049271485814
910,1.525260067289713,2.8056632443765523,1.5419374183815142
911,1.6163992603027588,2.762586039094528,0.8239266508609979
912,-1.2474189205423458,-1.1980890033532186,-1.8461807164159791
913,-0.4509942463868738,1.8786358237114704,-0.9924322698774752
914,2.3897162588478,1.531848755868905,1.6173490398389891
915,2.3312128717451244,2.1464832316706697,2.6324593853593603
916,0.781353213493602,-0.5376298669209438,0.2402959427371616
917,-0.3310324330444087,-0.3381733532551237,1.512666546615156
918,0.4727491007793476,0.6785499171427685,-0.6838251123838256
919,-0.0541607553570131,0.7707491550479766,1.4287440970217316
920,-0.4930190814755282,-1.883276252890029,-1.3887223983527617
921,0.5652175824197606,-1.5987330525369852,0.3378308189641485
922,0.97349531840549,0.1462356306249934,0.7673908067792736
923,-2.935391579731232,-2.6546151787167616,-3.179948345280492
924,0.1823906900703719,0.6388597024075899,1.2004474537188847
925,-0.109014059024903,-0.6263405225546218,1.0706872232317532
926,0.0930541777945498,1.0168157318103803,-1.3304058198581894
927,-1.1402430123343823,0.4792163328111691,1.4586428497831485
928,-0.2305583382297311,-0.6636384123042498,-0.7093595341121297
929,-2.3950684988647613,-0.2214120357531358,-0.2530236279363575
930,-0.5159936243452667,0.6635874604845204,-0.5321078418201348
931,-0.7012017550458863,-1.0717737288238949,-0.9154828258646396
932,0.1933831960159395,-1.1492071750662185,-1.874868110870812
933,1.207506734117969,1.5218995706892084,2.4234697872763418
934,-1.2534551387177215,0.3027752056180707,-1.716804857444938
935,0.062881981351623,0.4613326819674777,-0.3496287036928644
936,-0.8517595801798914,-0.4797848161987971,-0.9056084080875584
937,0.4880751954539609,-0.3477136179571068,-0.820601835701821
938,2.478783696396081,2.565125288221548,2.799311938771111
939,-1.8634872677090704,-0.2530215672074834,-0.3998756841023187
940,-1.2443283472604334,-1.546876736969183,-1.4059216203007057
941,0.1471394876227053,-1.6593016251332249,-0.7955766591999136
942,-0.8190149068092349,0.5643125238092832,-1.627402418309474
943,0.9745252815545408,0.7631807409078741,2.5436613644188064
944,0.8073127999940225,0.7268120651628828,1.0409724167116126
945,0.5172178491743638,-1.127475829912958,2.469341476315696
946,-0.4485162671712995,-0.9141506510585546,-1.5213561837013954
947,0.2660110698857968,1.080364336643607,0.976357019650639
948,2.454682465335643,1.9175131146832365,2.4449749230953213
949,-0.4934233538178594,0.3091158708794239,1.4387722843364306
950,0.0122180604440349,0.3541878404129637,-0.7112611674124509
951,0.5117821674335261,-0.2120648689232497,0.7720677336104712
952,0.3310803494207009,-2.1783363533425786,-0.6462508429090476
953,-0.1158198942185364,1.1383199612710997,0.011645662020991
954,0.9372232735283578,2.4247556279055926,0.8458371251309922
955,0.1454230407342386,-1.2213377697156853,-0.718659442333875
956,2.3652618323915604,0.4676996977757105,1.7031959917469768
957,-0.3568900912869632,-0.0491172504467503,-0.9664345776383988
958,-0.3177311121803154,0.1086497648849635,-1.160194785779036
959,2.397654594633789,3.006769652990764,2.864934209336525
960,0.2266156619126983,0.3105036360465015,-0.0906627689788588
961,2.3447022459196045,1.7058424780607404,2.423491876949844
962,-0.9375347977227378,-1.418892002980613,-1.514116025047061
963,0.7632642946453246,0.3452536448906564,-0.4127070142379765
964,0.976178362668385,0.5673546742640889,0.9391317081020448
965,-1.39538284964026,-1.447066727205974,-0.97844887967461
966,2.4292470100476646,0.6841209996398686,0.9684936011463569
967,1.1104346698114131,-1.5375041911571443,-0.8495663176480444
968,1.190947849872292,0.0415877346700255,2.500304169475412
969,1.5629140349353523,1.6244534679571232,0.870625631014726
970,-0.1301725669228082,-0.5599920769685618,-0.1751577322795799
971,-0.7503833939172702,-0.9831270106996391,-1.7528629867410643
972,0.6232750750079253,2.1031363826626044,1.5880739415596763
973,0.3194969417532474,0.4968234569929681,2.0700447587689954
974,-2.174829896552916,-2.975694529853172,-2.3253301272874314
975,-0.3932093280839336,-0.3337589449845488,1.1189247773886182
976,-0.3327240743427544,-1.1220027731917883,-0.3773936709668236
977,1.324390142173203,0.2161538816717245,-1.4584655901975312
978,-0.6611176784510238,-1.9808158002803389,-0.3597869484233933
979,-2.184289383227971,-3.00692073866366,-1.2424051061434855
980,2.087603482984578,1.053738693491554,2.4491836875311286
981,0.862139336681055,-2.49957825137618,-1.4968008905473045
982,-0.5055202515394862,-0.7582080356002027,0.8114818202067766
983,-2.7063387216299915,-0.0892238193489741,1.2132646371809217
984,-1.567278506580793,-0.3960333899428451,0.1750678258901693
985,-2.3835798821011487,-2.529990412590008,-2.316001861753392
986,2.4819168810984302,2.2320208025895965,2.3834455706455366
987,-1.3185710235951915,-1.070565631093471,-2.107131439599612
988,-2.218906210396903,-1.5376472373003711,-2.0054189546507364
989,-0.54579158113334,2.156162919861861,-0.0793477721529261
990,-2.254950124614407,-2.057526251656273,-2.418736352172957
991,-1.6927811749437782,-3.202194694049004,-3.4458205634005057
992,-0.1780606647350651,-0.4347461793435726,-0.6662559703869122
993,2.3399070438665075,2.838658778680294,2.3895754596075207
994,-2.178894896861834,-1.0654095261061345,0.818919148259245
995,1.775790571125532,1.5727980188088415,1.338941846913392
996,0.7899263732606204,0.3266116674375518,0.2863806885450077
997,-0.5365956402910106,0.4390004012184698,-1.8626181362572645
998,3.0735918088232075,2.859435345808342,2.939114815795562
999,-2.808927194770282,-2.407420124569184,-2.747919573161666
1000,-0.1668078235145358,1.0116884955084058,0.6530079354273248
1001,2.416904603131204,1.7190376706123305,3.1724928519378843
1002,-1.7616777597647697,-2.271288948078237,1.0519700669962166
1003,-0.413565043361207,-1.4729888982203434,-1.0805211235206835
1004,-2.080447861975221,-2.264707097921439,-1.8582093357177552
1005,0.7928150005047087,2.373275292378004,2.199130086146662
1006,0.2319440742703204,0.553487048931526,0.1797028149603936
1007,1.1564719955722793,0.5646948316406045,-0.2341261233646493
1008,0.8564710602068761,0.8577259727969485,0.7153811734118647
1009,-0.2653118572250558,-0.8968389199383451,1.4219518511043483
1010,-2.510471815769041,-3.23549511164403,-2.4943849234915114
1011,1.9378027342389863,1.878581737085857,2.945024452959697
1012,-0.595087160474642,-1.5691877653755897,-1.759970564496911
1013,-0.4871677762367157,-0.0199433630991565,-0.5781230670464619
1014,-0.2709633657616849,1.1921463915289003,1.1276069536740536
1015,0.2132483411581913,0.3324237183861211,0.0283480307545447
1016,2.107733753546613,2.419401143042169,2.718165049506749
1017,0.4216800975355845,-0.0605002333228073,-1.5133094289575073
1018,-0.4235027246906305,-2.4102516041243915,-1.4929618475701238
1019,0.590854794043363,2.26406024070729,1.815015233038536
1020,-1.6943284063345547,-2.139593492261043,-0.8201956902811953
1021,-0.438139237635385,0.3449518601404293,0.5048060599946753
1022,2.45257142219174,2.199872745554424,0.7471553021336063
1023,-0.8603964488843497,1.1686118768638494,2.021597067417812
1024,-2.3952120684054976,-1.840023377569855,-1.913766381685868
1025,-2.0826656185178405,-2.3706386958942343,-2.323322404717376
1026,-1.8835042947799567,-2.659123152525336,-2.844978069230142
1027,0.1854957912325454,0.1446419692985191,2.384675820320316
1028,-1.5783080900288724,-1.1393143417738212,-2.948775230286587
1029,1.9107266586322504,2.760151996676115,-0.1202583706192292
1030,-1.0599088781982626,-1.5371050604917649,-0.7406124968654888
1031,1.2432037819624295,-0.1351384695191029,0.9373652777204496
1032,0.9382400375146012,-0.67765582111431,0.305515924486244
1033,-1.9007555511868448,-2.641356178345996,-1.1555094469609892
1034,0.0139422806792812,0.941438060749037,-0.6523650822732279
1035,1.7789469430246443,1.71790454315426,0.8454156549739871
1036,1.3712782309771112,2.455587477998652,1.5105522454624043
1037,-1.1220834348425404,-0.0477398613405893,-1.1620484299341087
1038,-1.028252851679041,-1.5048240063503058,-1.6369737030373126
1039,0.2691065723919595,0.8539841827846404,-0.177249413539639
1040,-0.7795300394877678,-0.6208724441478071,-0.3534393102917008
1041,-0.2434158919859679,-1.9768940122390408,-1.599449241621825
1042,-1.9373864238635576,-1.8780375528827364,-1.5602551907782656
1043,-1.4617330423271342,1.4315588073001364,-1.790065525386771
1044,-1.7177990587456846,-0.3637758903556154,-0.6387500780512808
1045,2.368669019075829,2.20415024313835,2.5980379082332847
1046,1.8208681480748496,-0.5041830420619967,0.1117620969983467
1047,0.6514512538363698,1.8249888844864963,1.439752499574576
1048,-1.0602479313346416,-0.1862364212665732,-0.7120228909406433
1049,-2.3036900402441427,-0.0590357098468039,0.6655643469289687
1050,2.144327588844796,3.117862606319038,2.6974557445268306
1051,0.3602641562151854,0.6708284315733318,-0.7835980156022655
1052,0.6990128422496296,0.0276578041721356,-0.4075043436783068
1053,-1.1226131394180812,-1.1944190242510755,-0.4482256638617857
1054,-0.9709383583704476,0.1173632753129436,0.3705240500814238
1055,2.575179643460161,3.1197447852309987,2.729979362862535
1056,1.4877950136453058,1.7840920376104996,1.507891831507958
1057,1.1536513754955808,0.0821947006777542,-0.2620138369063451
1058,1.9615524854883617,1.6224051436743123,2.709059104411851
1059,2.1303194014357683,2.6704763622478955,2.794187884696345
1060,0.0148826198822088,1.2196414392194828,0.9272786622783914
1061,-1.655456583155636,-1.2081305309717294,-1.239851844641195
1062,2.269536919654057,0.8538489893515981,2.2141530679583106
1063,1.2333451471526309,-0.4289332683835145,-0.159935995000447
1064,1.7867737772954342,2.293470599786152,0.4703621247296199
1065,0.7026131587046551,1.2293801782500289,-0.6696590589575624
1066,-1.538836813888906,-2.408267902303358,-2.388419432724256
1067,1.801251390953423,0.5257352699777675,2.8889061124603845
1068,1.992098844420389,1.552566839508199,1.989248827602764
1069,0.3105000557615542,0.5898354845220126,0.5225065013289054
1070,-0.5536673479722451,-0.4735251823456316,-0.0906241753200554
1071,-0.4977341411788466,-0.0115514862860047,0.1293303098119519
1072,-2.277220953166194,-2.133922188236761,-1.577321514193916
1073,-0.6122831201451507,-0.6092678373821334,-1.6753472835859222
1074,-1.6750662477804477,-2.554470653415235,0.0842739912635064
1075,0.3828366896269881,-0.6465327571946067,-1.7898718650909882
1076,1.2332817213663838,0.7180784398855823,1.768135931998986
1077,-1.3812767143002271,-1.509717492700609,-0.5009353948978701
1078,-0.8163040883147579,0.654121819694574,0.0159553548098281
1079,2.7427121207481533,1.2163532891111088,1.062897870753301
1080,0.5935687323063337,-0.7388876407263478,0.307430930044253
1081,0.1933384783757785,-1.1136813614850367,-0.6593559657872161
1082,-1.8465058428374808,-0.1368176390336293,0.6593015334846806
1083,0.9003826870285877,0.3626182592082858,-0.2057608004740289
1084,0.5029144886144346,-1.961259322334032,-2.809178140455444
1085,0.18107039324084,-0.6425479103859684,-0.2064158265992894
1086,0.3385534318104328,1.0213548624489353,2.61608286614351
1087,-1.225674495768709,-0.8071216387712532,-0.3835126185771121
1088,0.090044356919493,-1.1264345073842412,-0.8114445397222239
1089,-0.5560658087507606,-2.320064966063641,-0.6801761983221399
1090,2.2178037612631565,2.7296455020761403,2.394297901890996
1091,1.5506402261048435,2.3730606350399968,2.756108798022597
1092,-0.1391021585554662,1.252139185251051,-0.6300782313788231
1093,2.308134402865066,0.4406736848456689,-0.2067105406062059
1094,-0.6383818347115131,0.0121468813765114,0.6212751498268563
1095,1.5687541704120398,1.9777328454185248,1.2057791285150832
1096,0.8617418669436802,2.6408845624088766,1.8895839074084733
1097,1.456415780280057,0.3619375259305924,0.5757011469765863
1098,0.4244189308786398,-0.5678991229646282,0.9419499551347296
1099,0.8122937538542918,2.5197248821743385,1.4353987411077953
1100,-2.332952153857045,-1.2291611984906825,-1.5907654255993184
1101,-3.0364462309642515,-2.9357046994454072,-2.300161589203485
1102,2.7864995599166056,3.119953836904054,2.733666574273272
1103,1.0281407262692348,0.7181543344140146,-0.1341143937269451
1104,0.6095832886954009,0.8347819203922735,1.0447349654913975
1105,0.3948851830083473,3.029549411633196,2.194640192181329
1106,2.079002757512596,1.189631963921348,2.821280141592165
1107,-1.011425434465832,-2.6154367804212595,-2.525911168831689
1108,-0.1470216031504669,-1.0748843755533124,-1.058476084285365
1109,-0.2238216718444835,-0.9829314200592218,-0.6448037030504152
1110,-2.5049908699168566,-1.8050595055592304,-1.7687016653566834
1111,-1.2386285507586,-1.5433147952627262,-0.566237869289629
1112,2.626499048908425,1.917513951158756,1.8468931907291035
1113,-0.2872098104710753,-1.2183848249831402,-1.5765069743650648
1114,-2.037001000499953,-0.1763852688274248,-2.0750234638503064
1115,-1.012327131207944,-2.020141921613704,-0.8803954957404573
1116,1.8005865941832608,1.7393512746067987,1.4747683868071355
1117,-1.126912143146886,1.9723000350286228,-1.6484942933414075
1118,-1.108678753425699,-1.9876872375566617,-1.7982828051730926
1119,1.1070274314447746,0.7760864854472327,0.6093988995239057
1120,0.6677839418727401,1.7744302633079974,2.7957183925705
1121,1.0558135923955791,0.6798741505430916,1.2517799941945016
1122,-1.844468897401886,-2.8117111829130748,-1.870537966156273
1123,2.555245372870943,1.9109178674280884,2.107719512473865
1124,1.4286551273727102,-0.5389234708984094,0.4469024886965871
1125,0.6480699642357411,-0.6235230501029809,0.4592802718055461
1126,-0.4801344228612503,-0.2747829903362939,-0.119747708808128
1127,-1.136677419432881,0.2799442636212554,0.2755335030810429
1128,2.011867917221457,3.515114239902268,2.2472255387727422
1129,0.5870499949167941,-2.5607668672799804,-0.9755382066044662
1130,1.056308372401025,1.424164976514437,2.5626301673946865
1131,-0.0041140893763575,-0.9012060293894288,-0.1914316446737178
1132,-0.0598813969243906,0.7448749478810085,0.2370436316524115
1133,0.7818913825011778,-1.5605781069593792,-1.6301466617581533
1134,1.898120671855147,1.2213138495660083,0.477549702639858
1135,-0.1334661684162504,-1.254392240911037,-0.9202137749643962
1136,1.520679019285249,0.6374392117229951,1.030272886924116
1137,-0.5078684001741156,1.746858934153452,1.603338888152096
1138,-2.369775209551645,-2.083805202019152,-2.2278726885226257
1139,-1.245780123417354,2.380766884556558,1.194520158810627
1140,1.086138048463589,2.339281195319115,1.6116918984790949
1141,-1.7652031459262418,-1.6281708466135436,0.6010130591381785
1142,-1.8052931336164555,1.6869356086219576,-0.6391159123278283
1143,-0.0285372819624671,-0.0536286436862529,-1.1282820013513568
1144,0.3422468833617285,1.202687439480839,2.797174152740666
1145,-0.8561445830084008,-1.9870454517140907,-2.554330322837896
1146,0.937103243349396,0.4304580213157158,-0.4665347687281248
1147,-0.5403900199295505,-0.1361189273062356,-2.15626519257095
1148,0.555905832490301,0.6266353275183016,0.4474481152854856
1149,-1.437754831958623,-1.251833929766926,-1.0816926852954571
1150,2.136327052277668,2.133134546206732,1.6129031669396034
1151,-0.2521057880479458,2.047798577191039,0.8451144698226187
1152,-0.4958363045563273,-1.7133665010508792,-1.952905745249484
1153,-1.0217342724881593,-0.4147099253656881,-3.230455042388848
1154,-0.6650493361375228,-0.316054073696344,-0.4216656737580236
1155,-0.6657295110225793,-0.9877205932666936,-0.8511931548400181
1156,-0.2340308053394544,0.0228864638229045,1.890579579298975
1157,2.34179730328192,0.4068947813178755,2.35287587161916
1158,-0.3591580285246319,0.9945086984096372,0.0968146288795178
1159,0.7125774997744503,0.0318586391424012,0.3793874157852502
1160,2.4511247203942004,2.728376253252333,2.5349383149529983
1161,1.8925704994518016,1.6127484870140552,-1.310234749875903
1162,0.702565384803347,-1.169499477807283,-1.2073490600068977
1163,-2.5376721471355976,0.5689934667985865,-1.532282921155212
1164,-1.0723780302044714,1.239605973940466,-0.9136678278706496
1165,-0.282346951488777,1.3741637298159166,-2.7337132302799128
1166,-1.348189855553963,-0.2763244056004157,-1.406247087234071
1167,-1.3227916537786062,-0.8274495705809652,-2.880031395849542
1168,2.7841731050048253,3.143598022227496,3.415740242705006
1169,-0.8540057186242868,-0.7171695761407166,-0.6303083702649905
1170,-0.2762645015145939,1.1722520148188718,1.607909015579173
1171,1.0596007157933482,0.9347636121689032,-0.1470685293824728
1172,-1.1052077113333196,-1.3703639124436306,-1.071809553239611
1173,-1.847845265250346,0.0071324720338766,1.9307486124216504
1174,0.3600897643853792,0.3135195482233891,1.5108255442604652
1175,0.6033884110338861,0.5275533215207366,-0.1869895332931384
1176,-1.0418398953978791,-2.3059882517208687,-1.7886183634057269
1177,1.5864824712640586,0.6740294414853185,-0.2031999654355862
1178,0.94165357951268,-0.1567760025937511,-1.424451072277494
1179,3.212824048412158,2.927899212153624,3.408373894873381
1180,0.9919266311349167,0.1611485271180875,0.2217434026204168
1181,1.8673699459490645,1.7529322269069123,2.249035604909672
1182,-0.8901891363004857,-1.3851147218340845,-0.9976446716928064
1183,2.647159492461676,1.6120607879246174,2.9787936334238885
1184,-2.98042192512474,-1.2211714945143122,-0.7907001220900849
1185,-1.7472429357467805,-1.5608640361000603,-1.6761100381136624
1186,-0.2594824728564354,-0.2672124260035288,-2.5648139125808447
1187,-1.2537189833233102,1.806179268591508,2.718149467945421
1188,-1.3791388179432555,-1.509592439610398,-1.350789765635015
1189,1.6099466338152248,0.0381682639262364,1.0301626082973152
1190,1.6053319342254526,0.4561912180583276,1.766047321658683
1191,1.166122618365157,0.5005164098811398,0.9782928838684826
1192,0.2728582406954875,-1.305038514863339,-0.2637934024427188
1193,-0.3931336024525785,-1.332475856522481,-2.2809474759964403
1194,-2.869183924628646,-1.759655668885962,-1.4387207034022504
1195,-1.541229992368862,1.9388848550953897,1.3460336620481923
1196,0.7327977767617692,1.2157564733982251,1.194425262796155
1197,-0.9448810768239,-1.7329028936134228,-1.793101261136944
1198,-0.2344144526887107,-0.338978673808104,-0.3825786652127411
1199,-0.9961876633437892,0.9742843733774986,2.315359728017649
1200,0.3145062823734675,0.6671058622942867,-0.1071615528049583
1201,-1.3420353951383388,-2.454071901022847,-2.318851214982698
1202,1.0571277737475535,1.6429127910492607,2.340808050714013
1203,-2.321033133221845,1.1729188890779398,-2.152806644854508
1204,-0.0049615969633303,0.9910118599388248,-1.871890183248636
1205,-2.578877177443371,-2.7665027755432945,-1.8855164581258672
1206,-1.9809084479552508,-2.228065541621409,-1.6696819495882833
1207,-0.9416332316062188,-2.319802792606592,-1.8347876354595525
1208,0.7287350124900815,2.21383414933662,0.6034849786475689
1209,1.0943939251827492,-0.1465496265750358,-0.4196926984835636
1210,-0.5458031183650249,0.1559153252871294,-0.0097453632784319
1211,1.3221854735438625,1.4576624957073288,2.004223136297875
1212,0.2936437926127709,2.2206455694943967,1.273144745762182
1213,0.020330956800095,0.6834296041513681,1.591616538091006
1214,-1.0924313965848438,-2.5302085301921946,-2.233487716396114
1215,0.6860858383496661,0.3326067476825893,-0.2301899522837109
1216,-0.2322007168213126,1.0110675414133554,1.5572480959909925
1217,-0.9352315772081856,-1.7749438046184975,-1.320817576988019
1218,-0.0519572464591134,1.2213175301896448,-0.0015331398341276
1219,-2.617501269809906,-1.7041924473999523,-1.9210315217982128
1220,0.4123973963794491,0.0859099066989709,-0.5889108127157283
1221,0.2873045393289119,-0.019830820746428,1.1079442679425926
1222,-1.0943790962193507,-1.120140640966344,-1.1480052751113314
1223,-1.3845451276431846,-2.3210726711212653,-1.8866215928511936
1224,1.991561925647876,-0.3382562831342156,-0.2515443447290809
1225,-0.9711649753792204,0.0415430865380112,1.6049655932815328
1226,-0.6250902871524495,-0.8954615233187051,-2.323315456121642
1227,-0.4704049971044086,-1.1123455401828326,0.0457388681482424
1228,2.180189780242348,0.9540037287740926,2.1760703042188
1229,0.4877418385350693,0.1487054825588172,0.8341599468228907
1230,-3.266556528587796,0.7451626116220751,-1.1582636117211258
1231,-1.3964051159801765,0.5518085139233908,0.3460681640222678
1232,-1.7005551184203174,-1.443803677512549,-0.5700291227331906
1233,2.1197951993881223,1.4148358696014849,2.773967074233261
1234,0.6802068941057707,-0.2913175164093857,1.5341153792567097
1235,0.0367910141168243,0.5281505116031335,-0.6851969833593192
1236,-1.3755738077694852,-0.1013316937022846,-0.4712431630154055
1237,0.7522418673862645,0.6695394585543406,2.5624646053959417
1238,-0.5543038550272652,-0.0069374064436014,0.48655638337729
1239,1.0184424295925916,1.2388171337487366,0.4915804611108504
1240,-0.3572476405929685,-0.2461498522915963,-0.0665729368490292
1241,0.9906374967118768,2.920218407951721,1.472023274665058
1242,1.279756557325885,1.5822395575557364,1.3275315817207576
1243,-2.5535817474026667,0.4332937595969761,-0.712822533350484
1244,-1.615835407322271,1.0138897316440936,1.350628652596856
1245,0.9402030316070908,1.1633533269487952,1.8149348679492483
1246,2.183185909082168,1.010748766067224,0.6459244246171356
1247,1.4206746020350804,0.7598224205455602,1.7449006358561014
1248,-0.5283332929359745,-0.9258238413856382,-0.6294267391229285
1249,-2.799764629165737,-1.1457593917471178,0.7440042881890305
1250,-1.810275400020004,-0.0695879647685756,-0.8180928135923673
1251,-2.306294948099701,-2.0589173104457097,-3.578007174337573
1252,-0.0380633267811405,-0.0956959864777038,-0.4953081624121843
1253,2.388819488629872,2.5844433645141867,3.249904098121101
1254,-0.0050898409803103,2.231227560659979,0.7474238953376233
1255,-0.1810432768908006,-0.1856854275065767,-1.1543288901696016
1256,-1.6979361052626865,-0.5458714455068342,-2.127212652760533
1257,-1.2629481911011822,0.8682996860769512,-2.4170989727082763
1258,-1.0321090763731904,-1.4597021646739197,-1.2019602428716458
1259,-0.6796894086757802,-0.8766641093764681,-1.434118095442725
1260,0.1477183145894142,-0.6465516187414959,-1.8019658825320728
1261,-0.8901804505399095,-0.5154586233164902,-0.278724490254157
1262,0.1496967849070945,0.2249667654948186,-1.3370774212920775
1263,-2.293548216411211,-1.6351210780382952,-2.327673451338433
1264,0.5945476905441509,-0.8180522912680692,-0.4905645037557352
1265,2.287094339695311,2.3641257943774576,1.7964688490316894
1266,2.287393539599677,2.6738064068671688,2.7090447365538464
1267,-1.1529256438181716,-0.0474051838927384,-1.156188278454462
1268,-2.3835030086112265,-0.6424739100312742,-1.4841811291143503
1269,-1.920909919925334,-0.6330528323072577,-1.7876293758464237
1270,-0.3122696053071088,-0.6570723530054545,-0.3012971260340505
1271,-0.0303680127839956,-0.9823927005076942,-0.821167346854603
1272,0.0975844628118474,-0.2783274310554812,-0.0991073301103531
1273,0.7906162064249072,-0.9888837560984514,1.4071540916643888
1274,-1.2036964198950764,-1.8292309161079423,0.8311445847093274
1275,0.4771170941658015,-2.1103882572300243,-1.063391152061294
1276,0.0901851514598756,-1.2608499133821405,-0.3456378658525691
1277,-0.1857573085907615,-0.4226396236523529,-0.4800855469890092
1278,0.3778853995783056,-0.2191013734957341,0.3796322447596542
1279,1.8624277739834847,1.1273313304967827,1.91305166542092
1280,-0.9066410352346996,-1.2770055997953904,-1.4159791211926414
1281,-1.0048323450845498,-1.7200856498456207,0.4770774813070817
1282,0.8190452253616994,-1.3046252758745,-1.7517298495113791
1283,0.4291667863038966,0.5525187532595609,-0.884257109646826
1284,-1.563587507180848,-2.40727859896484,-3.055299563984649
1285,1.3596587020085986,1.2235932314508329,1.455613454920592
1286,2.413301875439736,2.0539521005508914,1.9254342105947075
1287,-1.720030779627728,0.5623539719568718,1.6808414265626974
1288,-0.9449208075358384,0.5627994032805249,1.7121914051623146
1289,2.0876793908860867,0.8923447152037774,2.142184189319641
1290,-0.5669632180693137,-1.872181056720264,-0.8679628329106348
1291,0.5229815489909097,-0.5073463943029475,0.5413306624720453
1292,2.412857165584318,2.640510939692779,3.12770949887657
1293,-0.6833650103053771,0.253654152555352,-0.9256016810506382
1294,2.6374468121370063,1.3206313642860823,2.196900801769752
1295,0.5634268819711221,-0.4382635903254023,-1.5283609325823289
1296,1.8926454466437608,1.2472953754713842,0.3624190542531972
1297,0.3584651381890451,1.0903751410661249,1.7412013347337727
1298,1.2379956371142673,0.6305671385487535,2.8874970903775745
1299,1.4546878405014323,1.18307391100726,2.3311238033402133
1300,-0.4467178762360786,-2.035729473686387,-0.9444968960355364
1301,1.3145447278437177,1.0860936835262716,2.015233812587674
1302,0.5139102267533282,0.95452173866963,0.7771523169040834
1303,-1.4478989372022113,-2.0326425946846847,-0.6498525642000902
1304,2.661315402586136,2.595385765891798,2.745375918988307
1305,-2.948032837999764,-2.3507716809265142,-2.357152488098627
1306,0.7538845399046904,0.8962888889034921,-0.5254826208401554
1307,-0.2214825204309033,-0.4600738137369199,-1.3231759503260885
1308,-2.723453293176412,1.9842506448448496,-0.8602759128298227
1309,2.4794461760458155,2.217649328251654,2.6770849522410978
1310,0.904812223540284,0.0282380876198195,0.6074821490556395
1311,0.4128653208527049,-0.4374521813295471,-0.0435565602397663
1312,-3.595679216497853,-0.2182557816943993,-2.392339876486788
1313,-1.7555695594402367,-0.6849368254086556,-2.382708118202465
1314,1.217227466577366,1.3592997579771977,0.9462059947049816
1315,1.6218970893280555,1.530739590576792,0.956149692587992
1316,1.982255601189804,1.987061885509089,2.48300959442852
1317,1.0225042373734992,0.8573510157730768,-0.0987205929407747
1318,0.9754001067703916,2.4978484425799024,2.8263387650308887
1319,-1.2514538343106365,-0.8448819015158238,-0.1410988462475087
1320,0.8626905625312014,0.3628383777546536,-0.2233645751160317
1321,0.820181993371346,-0.1485703214059867,0.5313659839595404
1322,-0.8572411428075297,-0.6956070839187418,-1.241595190754582
1323,-0.640995377221118,0.2988016149917676,2.363979405273668
1324,-2.5844521584072724,-2.4896549422787384,-1.9786451884301075
1325,0.2601781653907006,0.2343782159160508,-0.416727136217273
1326,2.359511252476151,1.4832116471145984,2.038075508858997
1327,-0.5925862198482338,-0.620505680836979,1.2132598481355652
1328,0.8518649235074153,0.3088391281816682,0.1392854882922966
1329,-0.220927149705451,1.190666076503336,0.3904729680450127
1330,0.713945363685062,-0.2431134131223737,-0.6439148578290058
1331,-0.6849153841350448,1.5579709110845354,-1.0921495909463488
1332,0.7146764521470341,1.1644620358800928,1.143734917316175
1333,2.065949705324698,0.2557565249769033,1.221272478293139
1334,-0.3818652595599525,0.0876884112321223,-0.4185757829204801
1335,-1.6481018686928997,-0.6117344640915156,-0.0057531584560866
1336,-1.7193341482961897,-1.2687810381201423,1.3823858256541042
1337,1.974082497861036,2.4774745629735992,1.8369507597130328
1338,1.1273983423113114,-0.4141773226350024,-0.408991923581407
1339,-1.1018645592070582,-1.8101294716868968,-1.55319650009496
1340,2.13172097393541,2.920272467111378,2.4206244264342587
1341,-1.3704931033929455,-2.205721185764327,-1.785772519250117
1342,-0.5002584737225663,-0.0391546564689061,-1.0633057011163205
1343,0.6504334219118941,2.2138299669590205,-0.083848078475597
1344,-0.14802381442433,-2.7128370858816413,-2.7777324606865696
1345,2.5210987075162783,2.444057515771602,3.0536042763552715
1346,-2.336971001099096,-0.3050198388180724,-0.3507469448205176
1347,3.1304020652558484,3.107369130992921,3.525159897201745
1348,0.0027683186217714,-0.6675430018728656,-0.5613288500713522
1349,2.097918699779257,0.7772177759634115,2.020361631607265
1350,1.8204718528387984,1.157417395610593,2.675516394552656
1351,-0.6318767223136363,-0.2985087604695109,-2.022815267476159
1352,-0.7394551381369835,0.6669493413186567,-1.4330640392658334
1353,0.7896704745532812,-0.3266259250077028,0.873828150943603
1354,-1.1344330991845986,-0.7450366667598998,-0.742963785851791
1355,-1.0711212674878616,-1.170663016199171,-0.7055626732737558
1356,1.945461814733136,1.1440506050763093,0.2907683187943672
1357,0.121838071904724,1.815523745742136,0.7667587672745263
1358,2.501674421155787,3.609771603022266,1.4537249268839658
1359,0.9790290794837008,-0.0356543416012591,0.4474530758463408
1360,0.3757382864037162,0.8249444996772191,-0.0292753881077088
1361,1.360879677381876,1.0353283113084248,1.6972136312652002
1362,-1.6072489036600075,-1.6813055846020206,-1.9378942324132475
1363,-2.7719094833280304,-0.2193215796498015,-0.648361321976267
1364,-3.1484509211420004,-0.8878262920790574,-0.14688348381791
1365,-0.4280846851621662,-0.3804993133197439,-0.3551512423618859
1366,-1.6294853017307211,-1.514932153510091,0.7546626932977385
1367,2.5122137790674577,2.922636577680703,2.766086047488116
1368,-1.7265287427844245,-0.1998121017896627,-0.6145123241763114
1369,-0.3375791501082788,2.2064019405712574,2.4054223668253925
1370,-1.138044130590845,-2.446008242849031,-2.257496557347257
1371,-1.853880683469454,1.370234053850489,-1.3401375683754926
1372,0.1766753167173315,0.2560982015702026,2.1103058955063534
1373,-1.2710351362671053,-1.2130347079739383,-2.386572093876479
1374,-1.3571291331326911,-0.9921150936192328,-0.0914881859207261
1375,-1.0362177109666275,-1.979555563205966,-2.5975481525556927
1376,-1.1567633375051338,-1.1162960312570982,-1.6002137756985206
1377,0.3287521485522731,-2.701691448843227,-1.5622407452535485
1378,-1.2867751272534231,-2.2084991281707667,-1.329267860297472
1379,-0.3122895490643931,-0.5317928413329636,-1.5960312883537122
1380,-0.3840822154469825,-2.12496937426335,1.8122129505827995
1381,0.9783376646801478,-0.5317588700141652,1.033372991345603
1382,-1.1428689329054706,0.4838966556979986,2.593149617047346
1383,-0.7919510579052615,-0.2081405262560497,-0.1716327707282564
1384,-0.1111721404104486,-0.6532702105405708,-0.1290591169055331
1385,0.7823240840655318,1.5237773826384369,1.3386148724103109
1386,2.328929570582935,2.6457720221652075,2.7160197916528155
1387,0.3885489900113225,-0.2824373093884498,0.4722310175578511
1388,0.7614909386328547,0.1321636495778834,1.3098700813196038
1389,-2.140748129242696,2.121311673076808,2.2862711769207427
1390,2.2087520969099903,2.5336468195244275,2.498295987074471
1391,1.1989603332959522,0.8678181977423944,-0.4349491721313618
1392,1.5910142330343588,1.1500973265342078,-0.107657150529087
1393,-1.093477013820141,-0.521718277946464,0.1953632975175565
1394,-0.6656877682747749,-0.759089925471474,-0.8511561915751322
1395,-0.2877544411973521,1.571552563188474,2.16395312671585
1396,-0.8037115155695391,-1.4609835424374162,-0.1003293369934878
1397,-0.861621328907322,-0.8387029048194055,-2.1633874929421806
1398,-2.057483013610415,0.784472466211604,1.8475108050798863
1399,1.160792182017492,2.2828282575712864,1.716513357677114
1400,0.992043136019962,0.3097633552114735,0.2882175490401132
1401,-2.0176779154034508,0.2415002186337513,0.682072665917478
1402,-0.1767568651381215,-0.7588029103473809,-2.732499266041689
1403,-0.5075393966860116,0.2548591885266419,2.0670278083058213
1404,0.9555859875909808,-0.8186214705169207,-0.7343151003621071
1405,-0.9356025461933576,-0.579980418501692,0.20280131016117
1406,-0.5916530046970929,0.2495320830641191,-0.4178652038375349
1407,-1.3513205807452895,-2.215240783251305,-0.7416078832043189
1408,-2.31071362831908,-2.377160453759155,-2.75287580516435
1409,2.518878434884827,2.647414666604027,2.756121401406812
1410,2.384639065608509,2.333685727236186,2.9323304561050456
1411,-2.633153322497192,-2.041972656363681,-2.152975872926348
1412,-0.5747115945486196,-0.6604526445185053,-1.8901745189651853
1413,1.063878809257104,0.5316709877937061,0.614278749973471
1414,2.188530530910339,0.0050097405188117,-2.0298079008259924
1415,-3.391410663836413,-0.5289107359385216,-0.731412671924206
1416,-2.6806578301283066,0.8027052686063485,-1.7060360747131875
1417,-0.1835200241238884,-1.0516472831131614,-2.483369483192478
1418,1.2322487043103032,-0.1573032683762832,-0.2572248388675873
1419,1.1727992206059668,1.2453480111930575,1.5972069745932398
1420,2.2174694273509603,-0.2892345164933757,0.3173323823072778
1421,-2.4664116191881766,-2.1066501839903915,-2.38286767704662
1422,-0.4020885773024657,1.8753853324920744,1.849745265038981
1423,1.3102334528453552,1.7186627191867112,1.6576692939272577
1424,1.3132474409141246,-0.6304442479632502,-1.0519088542732429
1425,0.9329785380819786,1.4839611792536522,0.549219718786155
1426,0.5824136809568644,-1.1531863338065187,-0.7730940435459352
1427,1.7305770772822735,1.173141393802961,0.71217136625166
1428,1.0862258822944224,0.235784601312115,1.9421794495236304
1429,-2.3140262893448327,-2.020047466964341,-2.024778056138159
1430,1.7288191567180191,1.5143050049800972,2.0907507410022186
1431,-1.757787799477713,-1.4557564067884747,-1.7634769192034807
1432,0.3958947812865535,1.85940649465323,2.217113476980652
1433,1.7099463966346091,1.560986719385116,2.2868853078561564
1434,0.2163677687569344,0.3140563335537135,1.434070404325512
1435,0.3990006663452645,-1.278927507950034,-0.9515259532566956
1436,-1.3659289523441032,-0.6522473422281738,-0.8285665803819682
1437,-0.6070654907654767,-0.6934860397469987,-1.3250592314436318
1438,-3.6465622824787096,-1.063755379050478,-1.5600616656315092
1439,-2.3887674172447286,-1.5016086410055227,-2.9342020724450903
1440,1.0211998162010365,-0.4224575524080819,-0.1316772461688065
1441,-0.1857447277903815,1.0183504217604813,1.6262438225314535
1442,0.9505859286266378,1.2033704401017693,1.5071364865694752
1443,-0.6439545938795005,-0.6622957613727947,-0.2440765897272934
1444,2.1456622720712675,1.069496776071381,0.7765486090480043
1445,1.5566070962766272,0.84861116104234,0.2104378636470479
1446,-1.817150004005925,-1.9555933337278608,-2.178810884347628
1447,2.182489417083368,1.8719105605322333,2.5505354416608808
1448,-0.7132506468026588,-0.17535893843008,1.715150805809696
1449,1.1954025185875707,1.48302378558444,-0.9073148673897876
1450,-1.856599840655247,-2.271309189738313,-2.6011436437240376
1451,1.0981904559401132,-1.1032102001144548,0.6010195813895095
1452,0.1197050897517044,1.7396749043990416,1.7336850586651706
1453,0.6020015323253937,-0.2165596153262183,0.9249968962801762
1454,1.3390657714983525,0.2742926660278745,-1.066007370324736
1455,1.9670902701129849,1.1839321387900574,1.2489162835072911
1456,1.7830011934255063,-0.1362485801136266,0.8730742753785103
1457,-1.2502469383493275,-2.350762736870764,-1.793391265007717
1458,0.786866559507476,-0.3090380491967566,-0.9778504709921106
1459,-2.118883125052361,-0.6988848093192277,1.3074894280753473
1460,0.941023739343644,-0.4417479165266484,1.7508117460688588
1461,1.2748948347483873,-0.6286589113095888,0.2437617039787761
1462,-2.92585041726391,-2.815673670642442,-3.061593441993632
1463,-0.6773677949427027,0.2476065622895324,0.7504523248872541
1464,-0.4835914607447735,1.7201862907385654,2.411474129211973
1465,0.0162299054905372,-0.365213048221026,-0.9249147992755492
1466,0.3754019838677754,-0.5027153614679608,1.2641058370816798
1467,-1.2894735928191483,2.382817988489708,0.8250994682480352
1468,-1.8536889797083569,-2.3659208119641133,-0.5850527721385904
1469,-1.380390452547656,-0.8533765578473645,-1.5670343498302624
1470,-0.491260283588587,0.0305521527355727,0.3425632850486718
1471,0.1939399142930761,-0.2413110866682016,0.1409659147379025
1472,0.5849017301663535,0.92706696806766,0.5940545070712506
1473,1.731363904124768,0.5966547963077362,2.060597334462731
1474,-2.2188080123834086,-2.122557568128764,-2.7827009188186884
1475,1.900023640455352,-0.1496506963495712,-0.0141375367355559
1476,-0.4291773862208316,-0.8794004873743706,-1.1231714646627418
1477,-0.3471958553530569,0.0673569058202105,1.1957210706621808
1478,-1.1722441875020255,-0.9377108118220552,-0.5283125731592009
1479,-1.1617656202216948,-1.6306678734718396,-1.4018841285212431
1480,2.231801219752493,2.2259429689613257,2.7832656850438893
1481,-1.021556462442711,-1.5386072301919465,-1.7678095580925035
1482,-2.886754967565415,-2.902411028197894,-2.168596343269835
1483,-1.0394680861510377,1.3217573784809005,2.342704579656284
1484,-0.1629218571783551,0.0857465848537288,2.065805225016529
1485,1.755541643510139,1.1890443665617536,1.4200875585113557
1486,2.406134380447278,0.9099206678389464,-0.0186095119384819
1487,-0.0952066500000368,-0.2989663008508438,-1.6287585177300232
1488,-3.284000754662144,-3.747797652191738,-2.418895926051172
1489,0.2846817681843872,0.2051632842042175,0.367663973686741
1490,0.1099186621115119,-0.510035422659364,-1.5687454824287543
1491,-1.1059774059119067,-0.3514882317375467,-1.333725299192576
1492,-1.4166376561616298,-2.552212696006496,0.0252214742857666
1493,0.3368006062597156,0.2352147225367565,-0.4940056182777714
1494,-0.3232519761884649,-1.2444386367258964,-1.2435507391955174
1495,-0.4776250112810251,-2.7375046633157423,-1.2339035625036616
1496,0.9799997175664688,1.70201576251161,2.5098493958314987
1497,-0.9449430985954536,-1.3785442001097377,-1.315687147506498
1498,-0.3675502202450566,-1.008581973728602,-0.3713105498839115
1499,2.272573566336289,3.1557099990921005,2.438612349424397
1500,1.966099460013623,2.140440532515594,1.994706846041124
1501,-0.3247734714837864,-0.2095595126311646,-0.531079602350233
1502,0.248712153682962,0.0269454631640824,0.9281806865397476
1503,0.0885618429985642,0.1482208722115655,0.4157231457718749
1504,0.6001834034337535,0.3159435520058641,-0.4453272022206477
1505,2.629552830554271,1.8989179537091447,2.5008231550860485
1506,-0.140483760022786,-0.959490810825103,-0.9676926474506794
1507,0.9792122837657308,2.300667868267185,1.5528174306780174
1508,1.7063119850426638,0.6890255746822878,2.437372992255891
1509,0.8621634548574864,-0.7133929100891317,-1.6977407958778292
1510,-1.8988491902045368,-0.9359622195090672,-0.905417404400536
1511,0.2577643393328776,0.1962610870409752,-0.4126414482879371
1512,1.427425152444969,0.8875678924829824,-0.5061022708998429
1513,1.7009878753319314,1.5816357326791657,1.2200589266855495
1514,2.4363446810065867,2.287044578018808,2.418489192357631
1515,-2.157673572348992,-0.4520507463886427,0.305947375428689
1516,-1.923032287942608,-1.6553801548818592,-1.9531265565409195
1517,-1.8633531015187053,1.122777305078151,-3.1939617624424828
1518,-2.0907816321432,-3.0070298987189945,-1.6280940925494172
1519,-1.074916940890258,0.0271448848901246,0.1781397801269602
1520,2.0874573294987115,1.1845663881627262,0.9505677011895596
1521,-2.228777918996673,-0.0576867453500232,-1.813666245534125
1522,-0.7845442927105089,-1.3197590703964064,-0.88860168523629
1523,1.3160765711947306,1.837593726010158,0.2297513784420504
1524,2.1414634164655384,2.265795799508065,3.203567248137606
1525,1.1963218454436475,-0.6715103070515243,-0.7135276970126462
1526,0.3556947946471875,1.0123566793553962,2.859451157270468
1527,2.555493131587359,2.817529522846417,3.1283053868822264
1528,-1.0035156553177094,0.5867426368809674,-1.1130068516733227
1529,-0.9389479984640766,-1.6429834132433214,-0.9131036266854742
1530,-0.9574176701289716,-1.1779667009303387,-0.6629097092652081
1531,0.2453068004599525,1.0276696031959554,0.6246171257167221
1532,2.0459412467813,1.4910951814763542,2.7933555097775247
1533,-0.5365751401961961,-1.5137828516817706,-1.123761338296036
1534,0.4731986594762335,0.6653020766266484,2.2856952963186337
1535,2.055365423054495,1.8547356050559016,1.9435847695909807
1536,2.6820288695472234,2.3181848697321668,2.605944786880294
1537,1.844931378298416,2.550499683061528,2.7636945528517085
1538,2.586839741857802,2.908790331210413,3.475360996978671
1539,0.9774502559119354,0.22164753698779,-1.1940270854940538
1540,0.5840018496235011,0.5891234657527218,1.2518455232843804
1541,-0.1861963596774613,-0.4893664596181876,-1.2153692167563763
1542,-0.1597171679297312,-1.122260072946968,-0.1546073038377837
1543,-0.4735121456431535,-0.583394412081901,0.306700118831766
1544,-3.094739945944608,-1.463754922160586,-2.13997107021152
1545,-2.777250289633642,-1.8930685348590044,1.220080809845436
1546,-1.1910871657014086,-0.901129111567454,-2.326321114991366
1547,0.5172872288623326,0.3513338735326465,-1.062298312616064
1548,-0.4476804702626874,1.401895705973267,2.331792726693349
1549,0.9403508000464592,0.1232833169593521,0.3362835350783749
1550,-1.536103611038072,0.622650076888493,-0.4857873170031122
1551,-1.6937107824339797,-2.7953790073691365,-2.6874536044798454
1552,-0.8333760889968816,-0.3354677401816758,-0.7594451504422033
1553,-0.9269931493193536,0.8075739114456746,0.3476361647990625
1554,-0.3680917226169118,-1.4311669105246725,-2.139263411359169
1555,0.0394402357066641,-0.9693830950705143,-0.6516802476301002
1556,2.290131915257821,0.4326925560048426,2.576853276906221
1557,0.7523479966277044,-0.3136265530706456,0.0473418218731658
1558,-0.2018586078326941,1.841180558320719,1.2765842436096737
1559,1.2716795691829192,-0.1728957319248527,-0.154454113629516
1560,-0.3379823262900487,-0.6572784499080486,-0.4681752687219965
1561,2.0587538353636137,0.9420347628958988,2.305453565855915
1562,2.318337190663551,2.0176821043268323,1.6656647957270885
1563,2.2814242977031776,1.2393534679447935,1.744992293225206
1564,3.131585704060256,3.507486814355371,3.4174741146272014
1565,-0.8763396264736012,-1.0436972188827394,-0.4862145632165
1566,-1.814541677815931,-1.7075094485194473,-1.55274560499359
1567,-0.3796253001069967,-1.5336319063010726,-1.1487989934608576
1568,1.4456198904183315,-0.1126763226790528,0.0168555450957789
1569,0.5179363904980254,0.3585480358092225,2.014128098724989
1570,-1.310910951313614,-1.9692959570670665,0.5096210053486031
1571,0.5151811667574595,1.4023547547104396,1.4337284114997162
1572,-1.543762411749929,0.3085001792056652,-0.8456641987491194
1573,2.294877006193221,1.5588069445859754,1.6980060441613325
1574,-0.512857055694076,0.5605177433306195,0.8287899580813936
1575,2.827987601608691,3.2124551804425243,2.2673300362193105
1576,1.3399404900395655,1.7568619599233015,-0.4763958250912307
1577,-1.7635979261637695,-1.9847393330423044,-1.062400343324287
1578,1.193720495943119,1.2042842650103471,2.2756400848876988
1579,-2.469240359153583,-1.3197932204274527,-1.5132210587339971
1580,-2.86390064881098,-3.241261446726005,-3.18986649173699
1581,1.2983547385626506,1.231241296649253,2.3320388393245204
1582,-1.0153397529008967,-0.5705419162569251,1.1137502349499468
1583,-0.1117582655812136,-0.4368761156155153,-0.3125033244225172
1584,0.2269331212654617,0.6310838923577767,0.5621467702981512
1585,1.0944030466913524,1.2371668845989845,2.0754179204902825
1586,0.4417048172263649,0.2731047447492918,1.0997973264083034
1587,0.7853346586460791,1.9657754193804284,1.6218747094589163
1588,1.0244749393071733,0.6878875840852374,1.8517789901189303
1589,-1.81114897521522,1.272706236213152,0.7119931204757798
1590,-2.682270232704548,-2.7627674956339887,-3.031270644017947
1591,0.9408379740612464,0.8697709832478726,0.1672772329888062
1592,-0.579013529065855,-1.124606462391585,-1.1262777224420115
1593,-1.9412952183376504,-2.2206759623231744,-3.068585666057137
1594,-2.1058532087279724,-1.697978232090381,-1.6483731989644197
1595,-1.883195880385783,-0.3195128936402988,-2.167182181970467
1596,1.6398881077560703,2.14256580769254,0.2075940350331663
1597,-1.86547736359246,-1.5451751231292703,0.2107833710119804
1598,-1.8812122717444475,-2.4564787655191704,-2.028207436982895
1599,1.178993401127318,0.2368310554475674,1.6081541234539318
1600,-1.0013776485778108,-1.0994733019839384,-1.2450892328654246
1601,-0.7160180291065179,-1.7134175905814528,-1.7812025321339786
1602,2.496394385821143,2.523187054350814,0.0880057782581756
1603,-2.0119978618251144,-2.30651649307412,-2.298188563322332
1604,-0.9320013526962854,1.5545689005166847,0.3130460782913242
1605,0.2460659574376599,-1.3573853577778796,0.1425738752340058
1606,-2.18329801943536,-0.9091115671972744,1.822633352943697
1607,-2.412792503320613,-2.082107238461598,-0.1953278392456788
1608,-1.0000386333966231,0.5555465194050255,1.71876936345149
1609,-0.7764683510801231,1.1301805316661908,1.6902990582283193
1610,-1.981480691644908,-2.274536025808903,-2.8019301395009224
1611,-0.0332604876282158,0.9564048689530528,0.0010340264741997
1612,0.898393222125108,-0.2296226452086779,-0.0098890778129194
1613,-1.1352519779065051,-0.9629804271099816,1.525625933321228
1614,-0.2912053324269075,0.5671719624144429,0.1372651722606013
1615,2.16937938866697,2.268752625124348,-1.036514068470482
1616,0.3275257051679544,-1.4854229835458566,-1.5202581735209395
1617,0.6636373515101168,0.5927917029278211,1.025954785263048
1618,-0.3365157221540392,-1.1123451951243668,0.588505383662713
1619,-0.1522894603277429,2.3181144927864694,-1.210925762975792
1620,1.9954901959957645,0.2352571213896667,0.140142438337377
1621,-1.6733835825564434,-1.1562198391406793,-1.158085392968384
1622,1.2320761045121444,0.5652716713249785,1.7014017851107022
1623,-1.6326295911193078,-1.8046295674416373,-2.6622967576401164
1624,0.7015447450001021,-1.9591817845854016,-1.3124922739075366
1625,-0.0803789640769921,-0.7858238330859345,0.0831029224248494
1626,2.2411198894627264,2.041341327117606,2.952511871453783
1627,0.6228901473448795,0.2171381277474495,0.7770729535914198
1628,-1.4583701715402724,0.5804583365375974,-3.480757379228957
1629,-1.2775744686100718,-1.775048259499033,-1.326464353310883
1630,-2.4533054495230675,-2.122133544259156,-2.243665673182073
1631,0.6750510659705427,-1.0589958207320622,-0.4954381860327059
1632,-0.7836846350142693,-1.261154500252647,0.3184122902187131
1633,-1.3304276180435868,-1.0749104074637263,-0.9081871477742054
1634,-1.7717224323159453,-1.8374313490528569,-0.5769909599745497
1635,-0.9488747451126092,1.5413127780864129,2.206095220398904
1636,-1.9931674025867403,-0.5928757774501187,-1.5146418920702105
1637,-0.5303437245846405,-1.6522448521033606,-1.956875039366811
1638,2.227894496428866,1.3096431513854168,2.121267931367262
1639,1.4240617509968294,1.6033231854163257,-0.9637288948114242
1640,0.3052047737452854,0.2137146627183012,0.286515360685708
1641,0.0333316483738062,-2.5168775923597013,-0.2129302902287538
1642,2.349990279011984,2.0978398431641665,2.841742492067283
1643,2.359585590766915,0.9521436319985154,1.212516014708661
1644,-0.951951596156769,1.0205427788770305,-0.3636207646196179
1645,-2.1564935211676373,0.1921488527736895,0.6245886499095044
1646,-1.017199916027253,-1.1916174481461228,-0.0787264747723489
1647,-0.3709274421384014,0.0817404191346321,-0.2062601216805636
1648,2.388421210597364,2.519706897950663,4.0512977805887935
1649,-0.1739908124716241,1.2647567104219997,-1.8275861976466925
1650,0.9766286785633852,0.0307015358087076,-0.3041284701374354
1651,-0.5914125352056657,-1.97083490059744,-2.001232770020788
1652,0.802941356193747,-0.474760912553447,0.4941860377791031
1653,-0.988705267776918,-0.1133149864862624,-0.2246286533360369
1654,-0.6598003725827826,0.9985084693335196,-1.608134120440371
1655,-0.9138678259445814,-0.1196613712570706,-0.1954666499114353
1656,-0.5401427377824356,-1.1353201467068883,-0.1879881303583268
1657,0.6384678567678908,-0.2621187903101089,-0.0014589731384978
1658,1.538122139230253,0.5845269875987941,1.497549529570045
1659,-1.672043325500331,-0.2161697947592325,-1.0755467933563885
1660,1.1579978066787826,-0.102845412982659,0.6825004603355529
1661,-0.3516449171072505,0.0856826990359037,0.6324172520380758
1662,0.1208581712019323,-1.41848152614303,1.0981568445233103
1663,0.9522795535802848,-0.34757084204182,0.4871625908198259
1664,1.6262245054653204,-0.2145537904639794,1.3603215199550394
1665,0.4302802213085644,1.5953393365507562,0.0168490680206053
1666,1.6557317926479422,2.174613580390244,2.429089824653272
1667,-1.0697107853061183,-1.7378420368152028,-1.4109886463365142
1668,-2.1955532718681257,-2.587696588998785,-3.0312865178126835
1669,-0.5638184525371341,0.8747116931959278,1.215689150202244
1670,1.896784089141478,3.609791318924938,2.9712721759408405
1671,-0.6716491190322974,0.2107820970555801,-2.153457612378904
1672,1.0105931795912677,2.0132239261586444,-1.426987191533022
1673,0.0773052271800879,0.0344580370860735,1.5389006480642131
1674,1.5339580964113677,1.3999406770643483,0.349600570535752
1675,0.1182169981574791,-1.5704825001202034,-1.611683485502828
1676,-0.5720129796280378,-0.8402258251169838,-0.7002911817922443
1677,-2.221680701190409,-2.496628091059104,-2.968623611407953
1678,0.5403178617446763,1.0892753401702209,1.573572107955859
1679,-1.7416596772652375,-0.8029015937296031,0.3386587211396135
1680,0.7278335268686841,-0.8666658012696765,0.0339935619043208
1681,2.492467184503115,2.967366966692431,2.643264855316642
1682,-1.104063953816778,-0.7370351084675234,0.2080849045539043
1683,-1.4167606997649094,-1.7439607064347242,-0.6174716805956788
1684,-0.6742920007044032,1.7439246412534857,1.1280350706510704
1685,-1.2527020584220636,-0.6907289104184622,-0.7093338701123153
1686,-0.8407145576251533,1.986215776789192,-0.1294756270251602
1687,-1.4953199529229788,-1.274789656618348,-1.483745053296095
1688,0.7512168909022866,1.076490878324249,0.179994362745733
1689,1.9706152771126069,1.1702222973025749,1.7507785342263775
1690,0.9747381904719952,-0.5596492377966875,0.3689788321606433
1691,1.169825266744822,0.9324073838819016,2.186392887916975
1692,-0.5665072995827372,0.8068201312269303,-0.0214848650410237
1693,-0.5668794712184526,-0.4318759064748905,-0.2492009910866795
1694,2.4060225729009965,2.281267665643328,2.700185751542914
1695,1.204185989652253,1.168906531988143,2.6207530193002686
1696,-1.614025564194242,-2.4423338491722943,-1.9304988318320988
1697,-3.0635739521390386,-3.0868850798116383,-2.624234585636492
1698,3.084452807993591,3.013206768469332,3.342646406851295
1699,-0.0984301565079838,-0.3561524890533206,-0.1239419663699142
1700,-0.4313552441584202,-2.139874548035697,-0.0906011870491703
1701,1.206306398345874,0.7738932386522357,1.1284948392945953
1702,-1.2662293083132985,-2.555628231054916,-2.407797675158055
1703,-0.6816124526340192,2.6919561132165244,0.6190463591843304
1704,-1.3827622147678742,-1.4675950809189462,-0.6692504526530965
1705,-2.0097787795517945,-1.2543598727567549,1.9077799701453488
1706,-0.2194230475448077,-0.632741213273958,-1.0667465510406915
1707,-1.6305548606013542,0.42399731716925,-1.90725993777685
1708,2.809376759568313,2.723670793948978,2.601787603526484
1709,-1.4525959145380123,1.0196546244002385,-0.9117871450450308
1710,-0.2001264140640763,0.6774179822486995,1.2317134436971058
1711,0.3933869976611091,-1.0353312510631318,-0.7777100662326024
1712,-0.1694538178644487,0.8579744512932319,1.6173830775787623
1713,2.99311678026333,3.112342299546312,2.8945471993887573
1714,-2.839382978315492,-3.724593874898148,-3.270088030761035
1715,-2.85396073112319,-1.9726260775848017,-2.3715799388471206
1716,1.7525146884065963,-0.7868384895350735,-0.7078177245609718
1717,-1.1019847132750598,-1.8783909699273929,-0.6014735916562519
1718,1.1631516725991162,1.7917816432849405,2.294963470575805
1719,0.26140240299647,-0.2918777695568197,0.2163829707210041
1720,-0.3995689161230297,-1.213671449374362,-1.3209668559863612
1721,1.0241269006428269,-0.4599766143367488,-0.0170472096459094
1722,-1.5289196695661809,0.1320657392706171,1.7117780141600825
1723,-0.6736637880343006,-0.467726723739312,-0.6344617448977948
1724,0.5254153931289793,-1.186181263877356,0.2573025894640123
1725,1.234754355875928,-0.0943613578413721,0.2082743978161563
1726,1.6469166719734671,1.32861552804088,1.44065963874759
1727,-0.5403546032902673,-1.054010543804183,-0.5833997077245614
1728,-1.854105015761473,-2.1791712561010463,-2.3575214860827702
1729,-0.399622900215169,-0.674919176038586,-1.1275634792260152
1730,-0.6324918106919718,0.5567987606949637,0.1880882171464308
1731,-0.4106497249969451,0.1544215827810512,0.8996056182962835
1732,-0.0191096445347156,-1.160594145312811,-1.2405149348805224
1733,-1.5427859793075387,-1.3750857679024318,-2.292266356838337
1734,0.2231665629766017,-0.4602087362308694,-0.2834032208411925
1735,-0.5699589495322479,-0.4372786260122206,1.6608933104240278
1736,-0.1570066953212207,-0.8663141450645975,-0.6365932998711813
1737,0.7630467105723945,2.743818926633593,2.775560305572652
1738,-0.9080785080027188,0.5868556782388001,1.1187311167270453
1739,1.5796763321713012,2.363525835102315,-0.5705696468472532
1740,-2.09277531357536,0.4951316068189965,-2.1214865732787382
1741,-0.2704690264042366,0.2287093953361813,-0.6513151503511655
1742,2.674788553425067,2.398444418629187,-0.264325187253131
1743,2.258629657797502,0.1165247467033292,1.7127258481278975
1744,-0.8703171922259835,-1.4678927482640922,0.8250068303745666
1745,-0.4590591063476262,-0.8020494570388441,-0.6279478363229856
1746,-0.0467075471573013,-1.077394948876429,-0.4352353799478547
1747,0.7188647368953034,0.0518019195072781,0.1366123564551021
1748,-1.2660458857632306,-1.5434133153919756,-1.421449768644587
1749,1.9618458587417005,0.7721583696034902,0.6070764604855392
1750,-2.737047385414962,-2.175057204410233,-1.396058097788566
1751,-0.8164316939374888,1.8600361631719524,1.9351074665253023
1752,0.4694807212443195,-2.2489999808639825,-1.6941984721236625
1753,0.5920757205466365,-0.1474632256520625,0.1942829724015036
1754,-2.6837289151133845,-3.1644613758551947,-1.6662117251184003
1755,2.929155393712934,2.556169280741837,2.437866697019149
1756,-0.2676474195687977,-1.8971058259687488,-1.0753298892897418
1757,0.8611275903486981,0.4004291469665346,0.3369310821384694
1758,-1.8500615349241587,-2.368836662529896,-3.113315259186461
1759,0.1659585925276086,-2.1182252440699822,-0.9545292040804284
1760,-2.868234816749818,-1.875080256156085,-2.59712477434796
1761,0.3879859304811499,-1.3353253863337944,-1.1503577800204936
1762,0.1964303735926856,0.2483477468700212,0.0302657329145403
1763,2.784016685274874,1.965736352306218,2.1395740305643827
1764,0.0837931548126494,-0.3401444587262651,-0.6405998526960154
1765,1.624311274019825,1.029836338126492,1.240302562919798
1766,-1.4582120273848682,-0.7116522037230208,-0.0797386271579421
1767,0.1798620945967978,-0.3233055792458891,0.436164796609065
1768,-3.673039144417188,-1.899816232361616,-2.513084634792904
1769,0.6801689466550326,2.1516676099572942,2.601772040083788
1770,0.27192815952724,-1.0238707624339862,-1.1586960682010583
1771,0.2286378462944597,-1.1810959558499317,-0.2899145333552429
1772,1.3539707384972417,-0.4037598977583611,0.7966068286286834
1773,-0.459228566874641,-0.2569977357438854,-0.8075981286255103
1774,-0.5759591349007178,-0.2989270568144883,0.3270497762296098
1775,-1.372994674767274,-2.50253604508925,1.0418179659511004
1776,-0.4807932528147209,0.0555224417807654,0.5931417718238642
1777,-2.2812657430721908,-2.178392346506166,-2.7718091604518147
1778,2.0846887464322235,2.0778832469347708,2.912977669420384
1779,-1.830151581353388,-1.1561885538397716,-1.1637341667404977
1780,-0.4930484983407728,0.0270199003181855,0.1107229585551089
1781,-0.5617828904341438,-0.0827391078980274,0.2352176345956572
1782,0.5656499991518916,1.6076150835369576,-1.5283201813431349
1783,-3.536906465900001,-3.1309316357652324,-2.299262297495627
1784,2.0112754449849573,-0.3718750565075323,0.8263555989719124
1785,1.6467550240884996,0.3085755599733495,0.5082580642271488
1786,0.109794477436794,-0.2868514044165329,-1.1575145340046793
1787,-0.2367216091454804,-2.083742343989832,-0.3252254259498484
1788,-0.3026612739826018,0.038180528123894,-0.7924653390580675
1789,-2.839502408955044,-2.887808904921882,-3.115474322039093
1790,0.7868673537596886,2.341970350963312,2.4745518996342977
1791,-0.7286290792006918,-0.5668888492862364,-1.1402705812423422
1792,1.4181631197922957,2.48951482055062,-0.478691219778503
1793,0.1759456608592502,1.2367343112844045,2.0277275038774256
1794,0.2305734077422136,-2.0831195843441104,-0.1751171820571208
1795,1.212009895304733,0.8627508304928398,-0.5818269010049892
1796,0.1241075912942558,-1.3028792632539523,-0.8928890035973067
1797,-1.0728576037817954,-0.3807448420276811,0.1136146294096575
1798,0.6115775097903251,0.3095172222897707,-0.1086525964755566
1799,-2.262219918673992,-1.204759296086129,-2.526131573160694
1800,2.227998709664655,3.210254418591171,2.5221543275585963
1801,-1.246915891272793,-1.8742847813727128,-1.810492519849427
1802,-0.8260308303384021,-1.5848049976001717,-2.48781386767396
1803,1.5931976650004605,1.038844305826455,2.1316991057875105
1804,-0.7417893014914958,-1.888861552910108,-2.023928742916915
1805,-0.9179018767288708,-1.0183773209291538,-0.9852715042484852
1806,-0.7719493464895496,-1.1943378861256546,-0.5030971030305753
1807,0.1263176953068409,-0.4697501421848888,-0.4647640744721574
1808,0.8678519515928864,-1.53341494519113,-0.8864015124539836
1809,-0.3805941199117626,0.1931210550013445,1.2863147701694273
1810,-0.2215073631634508,-0.9364521485954984,-0.0098443335540064
1811,1.887255449010225,-0.1524582191366723,2.110245601537488
1812,-1.8800690444646944,-1.2339756589035853,0.7644781997749583
1813,0.5417476012087649,1.371439265527991,1.1598682888788705
1814,1.584687594009687,0.8204243478507598,0.0839511416286682
1815,-0.9141970138918496,-0.5379904038984387,-0.8504794009981256
1816,0.0316873830615765,1.3614299288367453,-1.427647356798172
1817,0.3405378546139314,1.1131941187260583,-0.9892690374797084
1818,-1.9605711437700373,-1.9378837119103545,-2.43140255345319
1819,-1.2121709634448052,-1.4936298540986674,-1.7787031845090129
1820,0.96501083105015,1.0803962272727996,0.97914236425043
1821,0.6615144914110592,0.117973531081084,1.4266993881336203
1822,-0.0866421681019009,-0.0833793532221517,0.3461774511176368
1823,1.3716425875461733,1.0699577447017052,0.4361640093880912
1824,-1.0532387442179048,-2.9353350083872995,-1.854765978889419
1825,1.6506662897211042,0.7778650938009395,1.35990155360327
1826,1.6046528267163942,1.086329368957055,-2.133750353631987
1827,-0.5314903381320789,-0.746634750008169,-0.5640963085066149
1828,-2.0730109423721266,-2.319229085499759,1.8770044256656315
1829,0.1311668802646992,-0.5506768643512001,-1.234015793282783
1830,0.4516009095100232,-1.1818329872628042,-0.2015773238872952
1831,-2.251655425669264,1.2137347120668551,-1.4240459152055434
1832,1.4769218333339793,3.020207277032882,1.838913482747529
1833,-0.9514757384548372,0.0267702297251159,-2.154303675679284
1834,2.043851869685945,1.166575070094781,1.0069633144074512
1835,-1.7173991400313036,1.1291503773519018,0.3099101735410872
1836,2.3903029130832567,2.713926459611016,3.1729954749003544
1837,0.1330564063272902,-0.2412407666153393,-0.9237023815104408
1838,0.0056518963109136,-1.3124383607648007,-1.6997080415329835
1839,1.8566349799727413,1.7179423936715312,2.4404784867961453
1840,1.582257417158366,0.4631161402356835,1.135581031864832
1841,-0.1184573858532834,-1.9659484119082589,-1.1338718282828932
1842,0.419549283014352,-0.9973890822314376,-1.649557400014632
1843,-0.223272841262666,-0.8654176187976014,-1.0698889530254556
1844,-0.5618532457739748,-1.233482675889245,-0.0745554320292867
1845,-0.8687594176766336,-0.3617979160607001,-0.0667293448471298
1846,0.2232396997493173,-0.8269328066022756,-2.285474867144662
1847,3.391315110406948,3.5151702330658554,2.9787392089847926
1848,1.4886741914184796,1.1583084577659009,1.0356100430224595
1849,1.7824567976503058,1.247848712884407,1.1475937733846175
1850,-0.3565675392340138,-0.468058161327202,-0.2773543675172183
1851,-0.7335474016786737,-0.6823655159489428,-0.8031599339311952
1852,-1.8043843490548104,0.455126049340767,0.6462543246564623
1853,0.1180194843843318,-0.1749838658291769,0.380000472957011
1854,1.0335388564238674,1.6667714219851817,2.370436873421883
1855,-1.3569874893029918,1.946645147992316,-1.6795607443786378
1856,1.0632645531279552,0.3483787469034606,-0.1868516580474289
1857,-2.329825340354236,-1.642425693190491,-1.3245646072373325
1858,-1.8008102110667878,-1.7874129834475,-0.8890322798579747
1859,0.4581636234317333,-1.5192053208434442,-0.3701451621784224
1860,1.6952081582673015,2.2919586625787853,0.3496229264920474
1861,1.5397513132892793,0.0849391768582364,0.5694158545273522
1862,-0.8990366276496953,-0.8565420177951757,-2.5030249972370573
1863,-0.3609548195529593,-0.3398812866616129,-1.6920373698324205
1864,0.1488009972639998,0.2338029609782046,0.4783096455680579
1865,1.7366717393925737,-0.0621482469359844,-1.2466058796941994
1866,2.629621210673537,2.5206928934696338,3.5806561892239883
1867,-0.7639316008230377,-1.1476850324000951,-2.4115948170978783
1868,-0.127599897764082,0.862758436991663,-0.8895827326635383
1869,1.234596485295598,1.5474638016454718,1.831887253009839
1870,-0.8082519648376435,-1.2315322999065934,0.2281922723270287
1871,-2.134552369444824,-2.522865320722701,-3.0914683540337093
1872,2.7472346579087814,2.331703172499308,2.7634165574294585
1873,0.310256993296898,0.7743976031886992,0.7673908067792736
1874,0.4854025053768671,1.477905374028386,2.835563022907342
1875,-1.282905360010722,-0.2038395671519392,-1.6381253169702186
1876,1.2530696365007787,1.2264048833094892,1.5099686339946956
1877,-1.692096418010532,-2.0604712728426287,-2.4114192492456774
1878,-1.6528389234880156,-0.9043130549895684,0.2455263033326522
1879,-0.2256308932405864,-1.6760603589691816,-1.7054128600007248
1880,1.8859090597697488,2.7247368245131827,-0.9246275969750706
1881,-2.6918470393054896,-1.190462716342363,-3.1769930526728154
1882,-1.6548954144352914,-2.6851936421661,-2.1623931591483623
1883,-1.1003152709708417,-0.084895039696886,-0.9666509841606744
1884,0.4047980381509237,-1.2612868993809505,0.2098070379356662
1885,0.3975060161338685,-0.6171388500815764,-0.9748468324661368
1886,-0.2438286323094303,-1.7729880202937518,-1.4824521050239867
1887,-2.2511208262819618,-2.4138238141483104,-2.7819614269274378
1888,0.3305217792766439,-0.3848216963821204,-0.0607230487888338
1889,-1.5943658544445218,-0.945765750728307,-0.7232496955279437
1890,2.544242564748629,2.864842493637438,3.5421251562452536
1891,1.1487090011054932,-0.7384962050932296,0.1782522822118799
1892,-1.3933399123305608,0.0257604528152156,-1.0899035709781746
1893,0.7012518875645177,0.6831488697416079,1.0835677150708063
1894,-2.019825820485301,-2.1429713071698435,-1.5321101112021815
1895,-1.7013095812006416,-1.560357695645931,0.2725913843795431
1896,-1.4627481998155754,0.5948910926965776,-1.8000424212326838
1897,-0.5544765249433155,1.5270678558044617,1.6212230156417262
1898,1.811444194017826,1.8787096426760928,2.133485473940675
1899,-0.7181172392774265,0.08265057092163,-0.4248534718938155
1900,-0.4422808016313968,-1.2749902283886732,-1.9934144286617543
1901,-0.8491544523488246,0.0407695612316081,-1.2434641465997345
1902,1.0943201549819228,1.086943427142591,1.2429607403865353
1903,0.7131902633467068,1.4235543914662292,0.9467731988796864
1904,2.450689692622229,2.7195658222775654,3.249897544361309
1905,-0.7620048449328534,-0.7858947256136518,-1.487075076446425
1906,0.0109142148859689,-0.8704589804940497,-0.6578982172381398
1907,0.0288551776178675,2.3179417728098493,0.9522821963376472
1908,0.7656066941806435,0.3831078813754302,0.1000693800735919
1909,-2.4938294509447174,0.2734069584556702,-0.3557511698260461
1910,0.9462521914611186,-1.1074429067402776,-0.8743284156304123
1911,-0.4899016581923666,-2.1310629841607853,-1.512980838230871
1912,-1.9202708679556832,-1.540780239585491,-2.0144979797698483
1913,0.840368788117389,1.01364893125383,0.1325916599260751
1914,-1.196286669219999,0.351771319168433,0.1248935642819121
1915,-1.1752806498060056,-1.0269676089473168,0.9283680561262452
1916,-1.725961994411038,-2.1185456426222697,-2.407798935496477
1917,-1.519663805037663,-0.5389355479447157,0.3548876033061968
1918,-0.9448943565298004,-1.4333846256799787,-1.3340775637813682
1919,0.6020740816040202,0.6288907332889496,2.0654520567554027
1920,0.1892098180745265,-1.1196589962192045,0.8596565276314143
1921,0.711041580114689,-0.2523995729642007,1.3506630415861804
1922,-1.2514953469828798,-1.5263291646078687,-1.7664183980979238
1923,-0.2146377624662887,0.0840841420378351,0.0449512078512969
1924,2.141126799810381,2.2904295853285808,1.2536883302784732
1925,-0.2762297827724738,1.7839712625223705,-1.96209254154354
1926,-0.5535787423318226,-0.6267755280885201,-1.785276702115123
1927,1.729022072853179,0.2529819717136007,0.3654685685023597
1928,-2.358410062809665,-3.862549482164307,0.4937829262507474
1929,2.2824021615376906,2.9226276061605896,2.8017311020761086
1930,0.0694580781999019,-0.7477657727027056,-0.3015587005606931
1931,0.8606154746500695,0.7670088008378632,1.257126765360821
1932,-0.6449043638724048,-1.054478551857514,-2.007656038857367
1933,0.4891475835434195,0.2559986362617109,-0.1691282827637379
1934,-0.1954138659257293,-0.7411368759613437,-0.8325296112260903
1935,-2.143600210707921,-0.3476489218036218,0.4784919303961346
1936,1.0949154094506943,0.6718855114808386,0.7158733394983675
1937,1.5016657395024484,-1.3045534690068434,-1.7570685992987252
1938,-2.3118764882817127,-2.00969918066949,-1.7015918423166465
1939,0.0649180614987088,-1.6343216046762945,-0.8282616202086928
1940,-0.9212604561603174,-0.4228559601585413,-0.7400384756433989
1941,0.1827920206955958,0.1688391652080572,1.5453359978345544
1942,0.253954398695953,0.5923281946920554,-1.0219577596671192
1943,-0.0492224192800169,0.4539958357768778,0.2983196491373968
1944,0.5091825951125042,-2.174670509839167,0.4571635296235234
1945,0.6661152037756167,1.1751320296272436,0.9407956627008136
1946,1.0549471630971534,-1.6038641821149848,-0.1424406847479231
1947,0.8940444394684351,-0.7410542777451976,0.4550177610739832
1948,1.4566272188648504,-0.4045780627289702,-0.3711830392564735
1949,1.2351856733765647,1.1033425007786133,1.3549311633744017
1950,0.0683501981849161,-1.1649917442085067,-0.2591271944863008
1951,1.4109957878493582,-1.09728435331386,-1.034270295452428
1952,-1.964323568175231,1.4590698293790694,-2.6611955026583094
1953,0.788814502652965,1.5946037660185275,0.6888922666398817
1954,-0.9158161697317704,-1.322849037944996,-0.8663815242758643
1955,-2.0963091651828547,-1.7648230781854894,-1.4009219150837413
1956,0.5669834192988842,-0.5944709827379442,-0.1338815642167636
1957,-0.564885147963231,-0.3642418207511626,2.5832333898352
1958,-0.8323035403035737,-0.5525470491589553,-0.9918653631820666
1959,-0.0717969071937339,-1.883457093283461,-1.7045974365819605
1960,-0.528859028031219,-0.3261871993782133,-1.2039309240165834
1961,1.27767126407937,0.1419687739681241,-0.6160863964328653
1962,0.861466682431014,1.3039891500612053,0.8978854476800646
1963,1.5665143553814276,2.6755027139010776,2.5318887845102616
1964,-0.0781671390049326,-0.3987781187501272,-0.7810308032120419
1965,0.9403642408793338,0.0407768790954038,-0.8011771133116604
1966,-1.3592120745349667,-2.295717765399621,-1.9356963282401
1967,0.1494784919638386,-1.139204393908107,-0.7409204904837039
1968,-0.001615496040074,-0.0111545065857115,0.0646122534047839
1969,0.8279554872436639,0.5664605034343069,1.3202559000814733
1970,2.1611175647555028,2.842636842714092,1.0172003240705707
1971,-1.3551512867386886,-0.9728540159216011,-1.3280988946472705
1972,-1.2923051425452103,-0.4125661775003379,-0.1971465509315275
1973,-2.7273315289593447,-1.53437448876705,1.129499381251992
1974,0.4192480926626442,0.4583158926177065,1.8063438526313496
1975,0.1088457057221399,-1.048231879953735,-1.3004333558284482
1976,1.2704962343249258,1.2523542739823896,0.5586228259716781
1977,2.423488758110707,2.5969821794213463,3.038005837032755
1978,-1.499964877184908,-1.2190871054363035,-1.8822017921746348
1979,-0.2403302183204603,-1.3295515630596062,-1.7002918234513726
1980,0.3819307346122763,-1.6414467031539988,-2.104360572160526
1981,0.3835895996964041,0.1079519991571826,0.9374556911364746
1982,0.232654892468666,2.263529679601396,1.993150033760634
1983,-0.6904289648677284,-1.7077966733010608,-3.263904242517613
1984,-0.7246497017793498,0.2160179613617648,0.884166887984192
1985,2.588226034748032,2.7298059530156604,3.0794047602657546
1986,-0.1835234526792636,-0.9875100008431626,-1.749819901538
1987,0.1474613647862629,0.7283296577600198,-1.0016726471071409
1988,0.0855384761632968,-0.7256587033762478,-1.1551668435522966
1989,-1.5386591672421444,-1.1884192990258295,0.2620804930458355
1990,0.8062596042909193,-0.3462188362032141,-0.293840084609944
1991,2.0039742620738896,1.353543981984921,1.3113764378009078
1992,0.4435990566600835,-0.660255485491789,-2.4829550782464738
1993,-0.2672474139885312,-0.3313480873144676,0.7596643373914513
1994,-0.8466598559942611,0.7690292378778042,-0.4670417711598085
1995,0.0121409297440507,1.3445505984120163,1.0454761612362489
1996,1.0535460360070446,-0.3269896160625485,-0.0853286630676765
1997,-1.6147467949798844,-1.4730560253808078,-1.4119335863625455
1998,-1.5396727174535123,1.2586194656624254,1.769920816350347
1999,2.117853528793358,2.13529271765312,2.2479712222574824
2000,-1.3921067839713377,0.1940741064841422,0.3393133490460256
2001,-2.116408689443302,-0.420195424181824,-1.4099176829303155
2002,1.7760031876507454,1.9437907083260968,0.0084871214523327
2003,-1.2711387895064077,2.005011799956984,-0.9023799746998252
2004,-0.4383900243956997,0.3945961742337134,-2.6028156303399097
2005,-1.6495247718215953,-0.5610175940529808,-0.4289703523195985
2006,2.2798209566115504,2.795067542683969,1.530035869421844
2007,1.085588719678189,0.134615811529419,-0.6076852956001572
2008,-1.0555837590278914,-0.4384034736334533,-1.0760513532605065
2009,1.385171215145812,2.367656978575756,-0.9816934467911412
2010,-0.3759943072071572,-0.9812677781756608,-0.2233958720677327
2011,-1.0044742118530252,0.0977292030751421,-0.5421889882562521
2012,-0.5569246181699268,-1.39504296976926,-2.488342655753741
2013,0.7899301063543522,1.489295505002736,2.189903904766359
2014,0.7417863325415904,0.0271616209258674,1.148618755701731
2015,-1.0233506601956852,-1.6982047039560095,0.7338458171031657
2016,-0.7748405600501412,-0.7309843485446451,-0.7358419384646244
2017,-0.4091915170911122,-2.050002354544316,-2.2565948139263727
2018,0.073518903216246,-1.198051737038902,-1.9302431333151275
2019,-1.979872244577952,-2.41352194087574,-1.2625294739577744
2020,0.9379179878327812,-0.8219236317789138,-1.1497787690410537
2021,-1.1276089910692553,-1.6078500178142574,-1.3632622222715394
2022,2.231557417156889,2.5843590735645403,2.1824892077991898
2023,1.0477976036415348,1.900331647930599,1.5028943134767532
2024,2.0370124524488045,1.1643468970698518,0.7833581518124598
2025,-1.214209563294667,-0.8096394626115859,-0.3228018093002988
2026,-1.4527730998426254,-1.4652511161616046,-1.1639969822522935
2027,-0.1744732485789136,-1.217374024934999,-2.3829639669020173
2028,1.1924218397336963,-0.3668582866334145,0.1424710946357374
2029,0.2247433089844783,0.6755409414580047,0.4598370685033819
2030,0.3812034913769867,-1.2443567023609747,-2.262371656381594
2031,-0.7597218453483847,0.3106085076920623,0.5425429990227093
2032,0.5616239329429753,0.1099849111089941,0.585703545795677
2033,-0.7385218060816215,-2.6931081494779594,-2.7960861887034887
2034,2.549505348727404,1.9662366063209904,2.021127483599102
2035,-1.811615311919334,0.9492280827743196,-1.8429222055043817
2036,0.2379860153726135,2.368818633953885,1.524013835067891
2037,-0.0759044080317996,-0.1677468146012497,1.4061393566231957
2038,1.66168139662235,2.3734938123588902,-0.0098605333284561
2039,-0.7407998226503929,-0.1367561036072116,-2.3021473097872063
2040,-0.0854039164505517,0.1550743763185088,-1.003743043477746
2041,-0.7105318302803779,-0.7486959497424996,-0.2441703589058484
2042,0.6333621881040892,-0.0555062793284123,0.5269670460258489
2043,2.38644410289046,2.728740769740305,2.461640561367655
2044,-2.832522563619148,-2.303799492127526,-0.7151186781687617
2045,2.105554314630813,2.2139006725050727,2.5659252994611284
2046,0.2892146163704956,0.8561952097802761,-1.8599141275745656
2047,0.6201753013374884,2.232301794790367,1.960077776352827
2048,0.215072180369029,0.5305281226355074,-0.9220761112397078
2049,1.2978819915913085,1.6573557398559298,1.2013371467822398
2050,-1.8052880317250568,-1.8042516793070984,-2.461694624650669
2051,0.8038909183113944,-1.3702116738990262,-0.2939793460494371
2052,-1.4630726585199345,0.1602165888295841,-0.8130597140827038
2053,0.1525265573521279,0.4375188775395061,0.1163900348620191
2054,-0.5214045227610016,-1.289402630319035,-0.3044595954470454
2055,-1.062377507185127,-0.6333677260643293,-0.5312043817152851
2056,-0.1039790913672564,-0.3649756687528595,1.059188675152546
2057,0.4877770664106965,0.7101888367794091,-0.3184714994749398
2058,1.1893641764014256,-0.2479273492867466,-0.017752218727666
2059,0.9530116736609906,1.6179325440480508,0.4193515345809956
2060,0.9783082478149032,-0.1545307073454415,-0.6456093238501299
2061,1.199906457891285,0.5259635755149544,0.0318482698290358
2062,-0.2613413658484097,2.238437513149917,1.8372232220612563
2063,-2.14607303217907,-3.0215757897706546,-2.306189020597319
2064,0.0609048030638273,-1.0610929710682742,-1.0913672468200513
2065,-1.4627480333255154,0.2326631932259342,-1.3342618252585827
2066,0.7882106146457734,0.6272849462081699,2.0337625891185067
2067,-0.0116390023446132,0.0717709415093722,-2.329416932502164
2068,-1.4202053843148543,-1.4603374021674569,-1.2419659823181697
2069,1.1224692196822672,-1.25045553621517,-0.9026886290070064
2070,-0.4601476503792976,0.4553321576994873,1.8464542710986007
2071,0.6709046986016992,0.980132635762573,-0.4633035727507688
2072,1.4990067782607712,0.5599009532744497,-0.6215338311580099
2073,1.4109328265136876,1.480129459289097,2.8561266169142243
2074,2.4215007487770506,3.324432018652967,2.3249955677872687
2075,-0.7839005051828833,-1.2137279287721017,-1.3198300945484225
2076,-2.649353747822351,-1.8442697556974783,-1.862611833398936
2077,-0.0016575286680715,0.5305402150558127,0.0984393383338857
2078,-0.5273773476998366,0.8282316152898601,0.1016000801534708
2079,0.3046246655028822,0.5345516783330577,0.5028051114760416
2080,0.9021112078888742,1.6514878250743237,2.423491876949844
2081,-3.071327252202835,0.8299065798013283,-3.253794714306712
2082,2.487806524816435,2.8649495512744485,3.318302916320289
2083,-0.59642564513627,-0.1355516400646474,0.8758316851734631
2084,-2.5633276716888687,-0.1935010069075531,-2.382622919325176
2085,-1.672691613564148,-1.0209062692042268,-1.2405689492869174
2086,0.4185992670240187,0.0503423512324974,-1.3985093518485938
2087,-1.7798361926882786,-0.0786533393178988,0.684391449206291
2088,-0.9520316373947604,0.3125820912159575,0.218651829721908
2089,0.8984723014417818,0.1712124998519922,-0.4247034645335575
2090,-0.0446729795844348,-0.6005488425561922,-0.2405429611558349
2091,-1.606833384372531,-1.6992782580842234,-1.881388975829496
2092,-0.7610006750184348,1.789545694831745,-0.4814145728499289
2093,-1.802644328161703,-2.1203772768271305,-1.6913013321943
2094,0.9549984942641244,-0.3373719312875699,-0.7415771935731625
2095,-4.176466124192523,-1.960126494433336,-3.418045883292643
2096,-1.5590598321063034,-2.248654144041638,-2.103415611605436
2097,-2.653395732175506,-2.6054823978069863,1.207243496406338
2098,-0.768094735197662,-1.8417240293556048,-2.060814341821528
2099,-2.215002481371768,-2.9339756818401304,-2.3019508404395728
2100,-0.4712665721731114,-0.8512790547360112,-0.5266880603443135
2101,-1.6999760166428857,-2.505403812617467,-2.014308267387137
2102,-0.5055508370980205,0.1168145671484123,0.4962666856322655
2103,0.4935919647656149,-1.1679819910276192,-0.5101001421660054
2104,2.004346425297145,2.028896964546325,1.749629735662085
2105,-1.1140210627279687,-2.527356776026297,-2.269479589337008
2106,0.3122573273672002,-0.2148198305411833,-1.6167706916786917
2107,0.7821569894298109,2.156128289340224,2.790048205772745
2108,1.965364177125865,1.3794944973577632,2.258049425866428
2109,1.919859195626508,2.292860100223197,2.670539129169721
2110,1.2444461229284625,1.9409019948859845,2.0662942490320786
2111,2.360512264514308,1.875394690191104,1.686318207732572
2112,-1.0870933389043995,-1.2305610865268155,-2.360005390149397
2113,2.09826891186014,0.2630269612460929,-0.5907652406350656
2114,1.1508601440423445,2.0558014832202582,3.3415275310908825
2115,1.1669191886202592,1.2949042053199935,0.8996545403111664
2116,-1.0347358489729146,-0.8933484344237994,-1.5292876008628196
2117,-3.183956924064168,-2.695714632511381,-1.840391867051009
2118,0.4350480987169587,-0.9756022919641756,-0.4188333839935068
2119,-1.3402673003004868,-2.6026460480061773,-1.429045072107548
2120,-1.814626812025508,-0.6461642012539985,1.2244374861950595
2121,-0.4248342093878681,-2.362447274475421,-1.8022756573182943
2122,0.1658555627469069,0.8323092987557281,0.6980562062030824
2123,-0.4150068562031788,-1.6140925866753513,-1.561059050864697
2124,1.2100075644803912,-0.970424559530719,-0.0944641095326771
2125,-2.298922776229031,-1.7468916613215644,-2.017459925866904
2126,-1.921564473919016,-1.7248421311264794,-2.298393242281973
2127,-0.0489866256900135,0.7320498148206791,1.021219265614867
2128,-1.2070794385238968,1.6759182423242256,-0.6299179174220286
2129,0.2319051016337532,-0.6655901780068321,-0.8883138738887637
2130,1.190422620662568,1.7436735301124968,1.415686330709848
2131,-2.234767806794104,1.2774812014297767,1.1022690249028826
2132,0.0425789134973003,-0.9071386759426728,-0.8505822405111672
2133,1.3534011002849855,1.337341764233073,1.5939390187525966
2134,-1.9303843216742187,0.9207313357411512,-0.1750904517206274
2135,2.39204586093195,2.164888279516173,2.938468928694423
2136,0.4592627550445934,-0.0631892930001025,-0.0970751936941129
2137,-1.8784301462568949,-1.972155436321488,-2.86272565074548
2138,-0.8163794731293738,-1.043910497210386,-0.7579106691578135
2139,-2.187939079493181,-1.782061925349267,-2.0477243917725936
2140,0.3462997953996173,-2.049214574829995,-1.2408131507640792
2141,0.4206600454635717,-0.3992757987881251,0.3616003801966088
2142,-1.4185924149753402,0.0259022368027041,-0.4498604250461721
2143,-1.0024931840315303,-1.0294033191483145,-0.8845264537180748
2144,1.4896692556255031,0.3985464347736224,0.6987340448852157
2145,0.8029720415342892,1.2949711233615782,0.1572532105688171
2146,-2.6221441042324285,-0.219867115741296,-1.0569170729002122
2147,1.0124781272729393,1.0284857472266558,-0.2438228382261091
2148,-0.0531588322804818,-0.0242936770236513,-0.4735689574048926
2149,1.8974674142813672,1.0962536196552974,1.1157696387729217
2150,-2.783971080432472,-2.404137008285696,-2.0515008906111785
2151,0.5599028243168,-0.365956703816909,1.5804135293431876
2152,-0.9288943037195814,-2.508322522431337,-1.7927962368272088
2153,1.74743267566725,2.271551700494128,2.176634179628552
2154,2.628288059987637,2.2722793343283616,1.689473682336032
2155,2.27076214433591,0.5591168577203417,0.8586369138484701
2156,0.0073463584995543,-1.2666387522394935,1.1921044318211511
2157,0.8667083792047867,1.446524759372896,0.4706738064212419
2158,-0.275908425311356,0.1578797521096548,-0.2894216000390857
2159,2.807272150214827,1.4718264354773185,0.2860745652481246
2160,-0.0534096945995782,0.166901420573814,0.2477134284862521
2161,-1.734218960069095,-0.3452063348662094,-1.7711045310606257
2162,0.0689271388275422,-1.3044223954551026,-0.3978215899925142
2163,-1.321135560551402,0.4535273572060666,1.040202628114265
2164,0.0180339482952301,-0.3386327439094722,0.4241544002013161
2165,-1.69784163123014,-1.2136880743253178,-0.8307208440487228
2166,0.4159597816847858,0.6584352102718917,0.7195853877941074
2167,-1.7680977943770788,-1.989836025322272,-0.7745874119772749
2168,-1.733166927300416,-0.7856353197919858,-0.8296721851426021
2169,0.2856840794562829,0.4028831240373427,1.341377382028681
2170,0.3228537709380021,1.0106510800368929,0.3259083008589444
2171,0.7134616167660162,-0.254865245741987,-0.7312301808376851
2172,-2.276155820290064,0.6808822151956506,-1.9471417135128728
2173,-0.8954403157767153,-1.969720409964836,-1.0426008766959398
2174,2.6216104565410365,2.755177799891278,3.275925549305503
2175,1.158640635923768,0.1920384340646036,-0.8840023384470546
2176,0.1039367234350132,0.9197883241163672,0.1101937699518623
2177,2.187063356016341,1.120524768554822,1.8276411773106715
2178,-0.4254937903570451,0.4542461510761796,-2.789402242983109
2179,2.202840769507316,2.068875032943104,1.842793982486028
2180,2.711287704655292,2.6549377815215203,2.6273575911542264
2181,-0.2268079384461014,0.5278562235054484,-0.5833720207366373
2182,0.917001281390385,0.3583424220669677,-0.042512068113018
2183,-1.0438517437403332,-1.8163402279998508,-0.2853249140756946
2184,0.2781185424314665,-0.0251957781503917,-1.898523454690988
2185,-2.2390828358876504,-0.8068823730719685,-1.3657299413217072
2186,0.6899218117782749,0.2358262384214544,1.3599300428457777
2187,1.717650729511079,-0.965122320027271,2.6829437392349824
2188,-0.4169335091944701,-1.7517838501035337,-1.1538582397592994
2189,0.2010965099273214,-1.1526052386713446,-0.3366491399681335
2190,-0.5160582798483391,1.917145323062148,-0.9239385608992674
2191,-1.804584791309583,-1.092481805241992,1.2215518664372529
2192,0.6184946063679603,-2.50751692552546,-1.2238749149875163
2193,0.2092107765646057,-0.6541176327647866,0.6274860322853293
2194,1.0143167751524738,-0.3993314775099318,0.2374581532574927
2195,-0.7318408711242254,0.8520178998084146,-1.6233087124117431
2196,1.342081415085963,0.8350734675766278,2.0128530757286875
2197,0.8616178172814383,-0.3627791754239844,-0.2396653424685533
2198,0.8047567758508859,0.9539597111115398,1.282668491074577
2199,0.3138870333844361,-0.0155720188784787,-0.4231490798761301
2200,-1.214228463483256,-1.8077550637724955,-1.231656720616474
2201,0.6104025231366121,2.361803113769275,1.9230972820395875
2202,1.826452684113924,-0.5799273135536566,0.767615126630292
2203,-2.077447624093616,-2.1747754304483333,-1.3353458423348623
2204,-1.8526217567894925,-1.5919286260886625,-1.56597017618761
2205,-1.8945994579566656,-2.685645966303435,-2.254066677520577
2206,-1.3688436766495204,-2.673755466789398,-2.83849777775832
2207,-2.424730499522507,-1.0754549972836656,-2.4366515266602744
2208,1.835444048859601,1.4795772825749405,0.4556036741761244
2209,0.5960552894825624,-0.3955982141999952,1.406883623039148
2210,1.1242749953056852,-0.567980901821045,2.5314769253194744
2211,-2.1980256020589155,-2.7718220896556094,-2.814193553008693
2212,-0.4253575549603324,-1.373827210148931,-1.81783662416542
2213,-1.9761867836066973,-1.2067669007355053,-1.4922859485539572
2214,1.4791450870370983,1.549187198004866,2.544100310502395
2215,1.405667893674336,2.2575865331680345,2.568942201924798
2216,-0.8056207065442996,-2.055141265625919,-1.9159298696848188
2217,0.3509363261968988,2.67828043455152,2.575083141996404
2218,2.690798327551725,2.294701884045988,2.870732291939159
2219,0.4190910354826688,-1.5486690208747578,1.044767450176452
2220,0.5602915748715922,-0.6798545385802499,-1.882510877635
2221,0.5397747329167976,-1.092606993230582,0.3972100171199473
2222,-0.8512298635496566,-1.6322579150094936,-1.1666293957599745
2223,-1.2760055603237277,-1.243016704691614,-1.5062877359364586
2224,-0.6205300512504716,0.4534409911086468,0.4682935053904947
2225,2.3194547606562006,1.8129926724971048,2.469763689686878
2226,-1.1657883340407371,-0.563902542853935,-2.906153383800694
2227,0.1966392298659924,-0.0625520032134505,1.2726469946878023
2228,0.2349594785335664,-0.0653319250440846,-0.0520698918924885
2229,0.5507394042568698,1.0088875039677363,-0.5702451783175161
2230,0.5964306986379315,1.6100008224766411,2.094044707007011
2231,-1.0417500270208069,-2.350393049233086,-1.8649696649765128
2232,-0.0846813942178252,-1.3545582951413735,1.1247061138532342
2233,-2.145532523070999,-2.789141745433817,-2.796284788812063
2234,0.9093795974497152,0.0343683276343307,-0.4695708576190595
2235,0.3937940522252539,0.4106610654919623,-0.6605448124207562
2236,0.1036197350137129,-0.5178899432770447,-0.3179684954023871
2237,-0.8991766977589943,-1.6156213577685092,-1.915886211373544
2238,2.0086428646396213,2.6287364968455216,1.9959666834567191
2239,-0.2039489430239944,-0.0111616371705111,0.8239248641296736
2240,-1.590323871135899,-1.2095957830348576,-1.608409080745942
2241,-0.5368053531237197,0.427257604554706,-0.1120763337941523
2242,1.477673345117562,0.3830769840609174,2.1477595109163787
2243,-1.616252477895323,-0.349089750886487,0.7250796713931025
2244,-1.336813185274643,-0.6539386613561768,-1.200588045837683
2245,-0.9382317923651318,-0.8192462333473636,-0.3227870693480437
2246,-1.9401936355040867,-0.9271437451868184,-1.9137613905638435
2247,0.0150787042797356,-0.4270060388973628,-2.191899981016698
2248,0.0672362655520912,-1.0981004365370572,0.2067889244075064
2249,0.1854105374677589,-0.9492506610951104,-0.8510597015799852
2250,-0.2549489764802375,-1.0502198337495043,-0.495900522425108
2251,0.7829215998884559,0.3097542527330696,1.9248411297241124
2252,-0.5734777244463051,-0.5357020806838234,-1.564912364503167
2253,2.236280631711988,2.3676550965058354,0.340857128211771
2254,0.2674821714227053,-1.5115468908964345,-1.312903564215241
2255,-3.5608702126957863,0.1927708206584625,1.9877019524724169
2256,-0.5726929507077053,-0.7406303622482205,-1.388771712906749
2257,-0.9301627635096834,-0.8600368379059341,-1.7512758425064172
2258,2.647152325328294,2.059344134859097,2.373498344261449
2259,-2.170586603018977,-2.403271390956722,-2.6180599340067547
2260,0.77918657015325,1.8479402970872305,1.6627095620926469
2261,0.8284037450714004,1.6771332787463018,-0.1153325000876815
2262,-2.789573392259917,-1.8091470595906,-2.997529715492484
2263,-1.8426281675554608,-2.347994416100056,-1.878286904872808
2264,-0.9590333073984088,0.7695931557119184,-1.1781726241237285
2265,2.3819900223958608,2.9159376126238468,2.695963923162417
2266,-1.1835595074909184,-1.499049579226612,-0.0726711315638535
2267,-0.8833292665237105,-1.2239572314048337,-0.8926889269286298
2268,-1.2082081156811737,-1.5251787288823004,-0.0835129991996052
2269,0.119352273142614,-0.5810641481228825,-0.8261845691340077
2270,-1.3791415459467784,0.4045704306447652,-0.3839541281007181
2271,-0.2159365615648056,1.6393812456960437,-0.3016288883440391
2272,-1.2384347212553368,0.1433668925010887,-1.154551051982464
2273,0.0912741768406404,2.599686740228114,2.1322262454261964
2274,0.3106730004103052,-2.0640653663073603,-2.348725109209832
2275,2.938382874410133,2.6580589560712475,3.340400718433102
2276,-0.2334796093368793,-0.2444181789392254,-0.4121970540140785
2277,2.830380935399316,2.692050486670646,2.661859261867038
2278,0.8618580521595106,2.0824566456409737,2.126890685116893
2279,-0.068078196209472,0.3445282602026594,1.0173508271249383
2280,-1.7655417467865255,-1.3049828528483816,-2.376768462200525
2281,1.4952169443939014,0.8969775247832815,2.722603497238395
2282,2.2299478815148723,3.042725435253798,2.801869547619397
2283,0.3260156489886926,-1.5329660591325711,-1.6595659043606743
2284,1.4585842696796325,2.01519929364524,0.8079318438123448
2285,1.1343937927462586,-1.1710727763405857,-0.4929977765661543
2286,-0.976442390680344,-1.6131951855086315,-1.5619715832706702
2287,-0.4021100864127926,0.0386961675243667,-1.0765406062911285
2288,-2.718755246203924,-1.7690513808732644,-1.7951140888773294
2289,-2.558127013641025,-2.9788858841015537,-3.0675155201682904
2290,-1.0113122659662717,-1.976055980244874,-1.1694265171710556
2291,0.0444036726777953,0.6806205199644492,0.9096339971773126
2292,0.5756757154095673,1.2586219750889849,-0.2068436660259775
2293,2.413397447505145,1.5955013028306233,-0.719047761626294
2294,-1.8480357750532963,1.3681107653029023,-0.3265714448128013
2295,-0.9367771170579814,-0.5731884174255926,-0.993855226473776
2296,0.4761472420120302,1.3164967544552806,0.9471364284127451
2297,-2.0621856503621165,-1.1859154804209897,-1.5793372393860836
2298,1.1316050055097546,0.124504666316415,-0.4685582775632058
2299,-1.0038751797417014,-0.5097351190428395,-1.4958531800624175
2300,1.1589293673962815,1.0289997693213486,1.955457833302598
2301,1.5960405778437754,-0.3052227482456316,0.910644765385018
2302,-0.3740725364889077,1.5839698371421171,-0.8134865571507417
2303,-0.1147499667856094,-0.0663056368298681,0.6242780501227301
2304,-0.7524673274531133,-0.9232445868628286,0.0114801707176296
2305,-0.6378066854715148,-1.6239167580979212,-0.351376964202712
2306,-1.244147084171618,-1.3472195916887508,-1.861422223224385
2307,0.6746310775797851,-0.6286137618924708,-0.5287787524953314
2308,0.1264499356414668,-0.1352779306490682,-2.0832238285992
2309,-0.2107713603323261,-0.7701596819051619,-0.0196817351699865
2310,-1.8499366442303489,-0.3477763797609522,-0.1907496181127659
2311,-1.190402912875038,-0.6274037417662744,-1.6841345171404467
2312,0.9827577235608618,1.3788742254497004,1.1079203845295065
2313,-0.8510281920294278,-1.379928373787727,-0.8624311318270967
2314,-0.5160792671743185,-1.338536033211714,-0.9988428030426522
2315,-0.0338325679950609,-0.5124033097929175,-0.5928516508810431
2316,-1.9746476174580727,-2.8436162502886475,-1.5670366660288402
2317,2.336676337670136,1.519851816092122,1.3602239684453066
2318,0.1230797283423205,1.866245173886294,1.7125967299986495
2319,-1.6508139521372052,-0.3294286995979349,-2.2706156309484693
2320,-0.5027484705277587,-1.007551054052001,-2.5752219069759485
2321,-1.681972533778059,-1.2293778865554357,-0.6485573052842308
2322,-1.498565125369028,-1.2797657154186617,-1.9689417851528817
2323,0.0715920393518445,2.5241967507413663,-0.7116743320962011
2324,0.6695740178676085,1.1062718058947651,-1.793646105436532
2325,1.954276146789801,1.1015407141815885,1.1652528566874745
2326,0.2798224083523922,-0.8837841032714587,0.1984185204446417
2327,-1.697076843264245,-1.2079621902733684,-0.9982814819560432
2328,-1.4319347676065852,-1.9059030636999768,-2.328148339112507
2329,-2.3793583120065867,-2.214663196904879,-2.0634893952955378
2330,-1.9027636732081463,-2.008677922629934,-2.512737977584828
2331,-0.2973170485493016,-1.0357410655011243,0.2027983277957471
2332,-2.831682045090223,-1.560184717878301,-2.979608791737868
2333,1.7513285191050223,0.0849312826205183,1.5225525453851263
2334,-2.2719987432735533,-1.75879595838697,-0.9790849439527688
2335,-0.230245004909487,-1.3402117993049198,-2.029401982611151
2336,0.3306669465120883,-0.8129978978769874,-0.4902116271022921
2337,-1.4188267214634849,-2.508405531136519,-1.830549043953128
2338,-0.1378643645664155,0.4077536984825262,1.0690505615261807
2339,2.313341235866128,2.842605557413184,2.8623178711103
2340,-0.8542581385112724,0.1713595804859226,-0.1851047469366999
2341,2.1874344256977976,0.6752703779820997,2.91560354374809
2342,-0.9301474975882784,-0.5115748403399647,-0.7069560323529427
2343,0.1128222395919669,1.2375317189759858,0.7257102178607794
2344,0.9942228254034832,1.2704650874084855,0.3346322943045761
2345,0.7811234654956644,1.2214288723412643,-0.4535648639609118
2346,0.6764303397741563,-0.7914092489937874,0.9508590453823038
2347,1.940266797219507,1.5413083060585375,1.5148520263178418
2348,0.2583899377186014,-0.5333808611163628,-1.4409901817117186
2349,-2.574684355014268,-2.2965949284754403,-2.3403728689283447
2350,-1.1187132916870963,-1.2495678552718603,-0.4286177689910855
2351,-1.6577318114959776,0.0854331156526817,0.2172807972967184
2352,0.3527731370986396,1.016131104997495,0.0310596988573562
2353,-0.3075807352079078,-0.8920025145829615,-1.1623434557477077
2354,-2.2347594316970034,0.6629859027941415,1.441951468219206
2355,1.0669914847944204,1.3114768676096156,0.9113474642627192
2356,-0.8908650742053441,-0.6288657780110204,-1.2326315804909531
2357,0.5640844841265225,-0.7484972605875735,-1.2416946560876954
2358,-1.372900532628848,-2.63693745023923,-2.526223414401668
2359,-1.0324401234197893,-2.322636038953471,-2.35318307505404
2360,1.0540147354052485,-0.0592794361432134,1.8020069230532128
2361,-0.7510052747179469,-0.7327649007457464,-0.7162552180465143
2362,0.0985828987810113,-1.458143804736702,-1.4199131640411684
2363,-1.6937745323846891,-0.2092034664226927,-1.6104001883735215
2364,-3.09916201215124,-2.082057817265568,-0.2629323751492695
2365,0.7218423282626418,2.9457954684480123,1.6094101167506074
2366,-0.5247296806696508,0.6553820746246012,-0.0008833509461614
2367,-1.9343598545942744,-2.5997085684211503,-2.191684550945277
2368,2.143098543345409,-1.953812706396959,1.1214434066384071
2369,2.3079952020099355,2.6643554851408995,2.4098806610631858
2370,-0.2913224919546768,-0.8004925350263379,-0.8907467182126584
2371,1.5629890689541546,1.576696287550993,1.048970192495957
2372,-0.7646456191894311,-0.9822081583190574,-0.9978972917976096
2373,2.034647022124936,-0.7382932675669427,-1.8977190547222416
2374,2.094409497601207,1.190338411160704,2.3811239786086023
2375,-0.4612264557335084,0.3363369964680614,-0.100743067965804
2376,-2.0782708574536723,-1.95906188076706,-1.3277451194166892
2377,-2.462877332613321,-1.9017248087211416,-2.1713577890568097
2378,-1.5102579428623708,-2.529337101894583,-2.4945416255899584
2379,0.6000749459263119,-0.6611551990544473,-2.0529009945199124
2380,2.6921128663363447,2.370015421303847,3.261943790614253
2381,-0.3002436357698514,0.2401135916659189,0.3072384763672992
2382,1.402785453806819,2.8145267255816093,2.7879187350803445
2383,-1.4585067917301668,-1.6219077076156825,-1.7447721465602184
2384,0.6510750974107884,-0.2692718713740545,1.0433250375120973
2385,0.4011453601880054,2.3227878593756137,2.174187484651012
2386,-0.2529167798224584,0.15894321168984,-1.5031721226418406
2387,-2.2933766496301584,-0.6470743000900235,-0.4937995345093073
2388,-1.2050380197186716,0.5911465054727277,0.1671749511780918
2389,-1.2101024416156163,-0.8652400452785862,-1.422551430458767
2390,-1.69981285565775,-2.0515397963223787,-2.501659291254027
2391,-1.3063822363110913,-2.7902899465918263,-1.56050008618242
2392,-2.271510416557497,-1.170522757143087,0.0660706083580548
2393,-1.3175128300766392,0.9199311589929828,1.3992045050044288
2394,-0.8275627402866585,-0.9470036450416696,-1.2540231556485442
2395,-0.4516000563054774,-2.181825542358052,0.0201362757959332
2396,-2.598502307578471,-3.020081501516473,-2.865248676514572
2397,0.5837556829100781,-0.9449905118093612,-1.2955642984368083
2398,2.5828443390768943,2.545749211082528,2.8614292302778472
2399,1.9387683866180965,2.5197248821743385,3.306413181969928
2400,-1.2906552947088457,-0.7083413865671999,-1.608216672606975
2401,-0.8361420850669199,-1.1971675822297942,-2.2721600485789355
2402,-1.502409958637548,-1.1158198076196053,-1.08057175646441
2403,0.423247032942994,0.853147346670455,1.500158839780337
2404,-1.413258959868494,-1.125020280061517,1.8077130842924007
2405,0.9013331937172548,-0.8215501804306401,-1.067365810458081
2406,-0.993606160670045,-2.657210208722745,0.754356827943197
2407,-0.2762782122822128,0.0173373988825663,0.6828631453302278
2408,2.5462041106467583,3.1909538107205075,2.9351274038233783
2409,-1.4331919743699704,-2.6952379917504934,-2.140285778448068
2410,0.9401556817825892,-1.1640228237434156,-1.1601952777828948
2411,-2.020987216568176,-0.0762797930421735,-1.7857255809346593
2412,-1.817493040841984,-2.696919576674281,0.548303199498136
2413,-0.6547127230057195,-1.1716500485990158,1.2877993106457717
2414,-0.4698954724444676,1.4080509029820214,-0.2353176216228926
2415,-0.122323708001251,-2.4052271578141164,-1.5168460441017406
2416,-1.095004102677317,-0.0964218096001313,-0.3704290894900789
2417,1.0137043461770552,-1.0393627991591428,0.8627732314700407
2418,0.4956615634966981,0.3237192432506689,1.7763262528029629
2419,1.309804279822748,2.377354609066076,-0.2811132105600942
2420,1.6893836540642233,0.2359691188961812,-0.4725989635915145
2421,-0.7522553653499563,-1.9244062395386456,-0.646573667762874
2422,0.3091591454112457,-0.654268620206198,0.2098432029996305
2423,-0.1911493120863114,0.0644078733574637,0.3833838041068947
2424,-1.0357730753080494,1.0132090413290793,-0.7077745672033816
2425,0.0785561537329446,-1.3352322868443938,0.917556033593883
2426,-2.4057395186111,-1.122999135444978,-1.3173806769178609
2427,2.1782540099103387,2.0099319489644807,2.5741826710414184
2428,1.19897041503186,0.9755694733799768,-0.0996601288001642
2429,-0.1625129754279856,-1.1865026330909036,-0.3177858035478784
2430,1.888918485310004,1.5024300957967196,1.957922920445039
2431,1.7273652140144966,2.0178408312211435,0.8651903776390855
2432,-1.4971779719482294,-0.7252444280622453,-0.4867370087852889
2433,1.110318833686256,-0.1396133061435159,-0.9220535477743326
2434,-1.3187809244662538,-1.6351337301820446,-2.201616719444927
2435,-0.4442609855290089,0.8246008332333665,0.7490250439719652
2436,-1.6324866222080778,0.1931740438379189,2.3287542556123264
2437,1.0932829209274753,0.7794124689531399,0.9372356150012862
2438,1.0234511403428896,0.2354140128293502,0.6330079695328736
2439,-1.6955265447463512,0.3108416796604994,0.2085287594916868
2440,-0.4747348247793175,-1.2096622161383126,-1.3296631024264354
2441,0.8322259154439114,-0.683047732421399,-0.4047577652457861
2442,-0.2490549985948287,-1.7438089964254095,-0.7355414020699871
2443,1.85648251473666,1.6826034549900584,1.824272875081357
2444,-0.2256313208113022,-0.842659145929867,-2.0404932891349024
2445,-1.1002818646552486,-1.0822647233601017,-0.6985621401102773
2446,-0.0302762561083925,1.2409528033700945,-1.1293203521459558
2447,0.4502519520314985,-0.2293542460536415,-0.3256757314912425
2448,-1.734712149986278,-0.3976296149651477,0.4484784555094884
2449,-2.1010585440870213,-2.65552866349547,-3.125074791311325
2450,-0.3181250428142539,-1.514069515284758,-0.7638562310631973
2451,0.529842323846304,0.0299385357397427,-1.717760738659136
2452,-0.3484642636069167,1.0207031893329288,-1.6577680677371347
2453,2.105703679334187,0.1253183191913514,-0.6806860616076384
2454,0.7883273949059579,-0.0107239590175671,-0.3284415910427337
2455,-3.315610100433263,-1.3343586875674571,-2.073200110457191
2456,-0.1991280253361144,-1.7605886761244351,-0.5441158421642388
2457,1.012736795137981,-0.4032505314743423,-0.2126129972391169
2458,0.7099734849546054,-0.0935745604075014,0.2830380566595741
2459,0.3989995223231614,-0.1616218174096206,-0.1878041806669026
2460,-0.0134771406182931,-0.728250177087346,-0.3754540462188905
2461,1.7595119773447163,1.5931085955918178,2.1468465171920137
2462,-2.073016971880143,-2.459165202059312,-2.630133047976944
2463,1.758434311725407,0.1119797516100687,-0.6219201435234543
2464,-0.7459631010343284,-0.7811380091597508,-0.5738931022816427
2465,-1.4017338012334746,-1.9246973278985184,-1.1523508792001576
2466,0.9385249729950852,1.2111550982911268,1.1279529552522685
2467,-0.2296731722505998,-1.4168052751523528,-0.1850998997600929
2468,0.8479896031206505,-0.9655721828433732,-0.057976516743305
2469,2.0559422293948364,1.670217837549928,3.114738172156476
2470,-1.9342448256963645,-1.413815070469775,-2.197233190147309
2471,2.5210969530762464,1.025417735769382,0.946780324748697
2472,-1.196898022756938,-2.412073155400209,-1.9590448797422504
2473,-1.5277352282056371,-1.0704255604878026,-0.9713788852657048
2474,0.9027322645019584,1.2865230553801468,2.3949058891454977
2475,-0.9480888784508206,-0.5317778572469332,-0.4750594500385064
2476,1.6505229316229906,-1.9034725551736709,-0.0056275046832383
2477,-0.2662455362315795,-0.5644700357056969,0.3154714234470299
2478,-0.8203357705209253,-1.910613755805132,-1.081232080674154
2479,-0.7822080139308885,1.7603514934067963,1.5190242800914908
2480,-3.1986799694788712,-3.148171924511084,-2.0896149058906768
2481,-2.407264297892926,-2.529312455791603,0.2453539781584603
2482,1.3311536078907993,1.5920820466557846,0.5220304952448753
2483,0.6901080927287736,0.0114356680657967,-0.195598000785846
2484,1.5791798703410571,2.4024075779448864,0.76524573781537
2485,-1.3071629034443315,-1.6431398341655252,-0.9826458676463524
2486,-0.7795308255986452,-1.18916602146419,-1.758205963214266
2487,1.793437951720985,1.7969956038595614,2.625749589699193
2488,1.6037758951991734,1.0647657694281412,2.216853451348258
2489,2.257264603253293,0.8231494799180323,0.9075502257933018
2490,-0.7883038075086832,-1.5461522509419523,-1.914668714265616
2491,2.7518192287982903,3.024635420051319,2.868648092970708
2492,-0.9253651701148268,-2.684318970418389,0.9795955975046804
2493,1.427666342471372,2.489559908190164,1.9441896266505911
2494,0.7667030241787544,1.2158692930339594,-0.7195156337390192
2495,2.472086403239282,1.847705836163744,1.7450000091078026
2496,-1.6582826269883753,0.2140827242505894,-2.178500683502365
2497,1.6954500041232208,0.6338494420255261,-0.3685063761026454
2498,1.7391268325758409,1.227127504163749,0.9092747435150278
2499,-2.538564326560573,-2.6600511660674253,-1.863968830236048
2500,0.0948823102756939,-1.9989430181706576,-0.9437073593350598
2501,-0.3251584623545073,0.7698169239906766,0.6196869278542951
2502,0.4089041158457256,1.2118321030012098,1.1091600051155996
2503,-1.0008910279563497,-0.577711464294625,0.3477334244232722
2504,-0.5669556358152875,-0.5476929323348997,0.1931066391516408
2505,1.1238875423761086,1.613148671135003,1.115707914229289
2506,-2.9040464137909816,-1.5551536927826106,-1.1786377272868267
2507,1.4673906712648732,1.863873508436511,2.2982001220684687
2508,-1.2777274739134676,0.3550286494114884,0.6756866927277262
2509,-2.1261354729675244,-2.443370242341333,-2.411353700825924
2510,-1.571359766725563,-1.2248355356866731,-0.8885483729210631
2511,-0.5617051635024661,-0.2653624293811808,-0.4753016794382645
2512,2.6650695663501582,2.445061704633128,3.430522976846182
2513,1.0236977620049827,0.7213607762221927,0.8996420146399289
2514,0.3166619483747264,0.022875909834351,-1.2705979388417714
2515,-1.8478860736765053,-0.9409650596800514,-1.0803465979578428
2516,-1.862871646667076,-2.136013586155155,-1.3999503855902629
2517,2.5004314598141866,2.290451751929856,2.1589869360927096
2518,3.136034553359582,3.018972487046623,3.187181862731488
2519,0.2282010130029582,-2.346583965611436,-1.1508483037341175
2520,2.579427606255952,2.583800476628136,2.9957583678439943
2521,-1.2970434082293132,-1.0246398039734774,-2.848360082030594
2522,-0.2978565356634171,0.4826803172405296,1.3786395823176345
2523,0.6345971154241924,1.6648235477139897,-0.2635136548965707
2524,2.0404543188194566,2.2894865650133864,1.3128323807453544
2525,-0.1920815088112366,-0.8448023807083813,-0.1121485312141404
2526,1.8656848627096343,1.8606020892240425,0.8936117433166066
2527,-1.6743254942844568,1.648960545607432,2.223530725369878
2528,0.3906314647080137,-1.0598651376926498,-0.3495208502324498
2529,1.7599527168295903,2.3662189895955112,1.2831817062302229
2530,0.8834840532889955,-0.3379818003610882,0.2928236862944327
2531,-0.6058613214124404,1.266597981928545,0.7593097617857008
2532,1.7712502201198743,1.8681658687489435,1.0428228856604198
2533,-0.2491640148749915,1.0837613838121272,1.8099384425825709
2534,-0.1232674614677122,0.5646129122208917,-0.6550152884758315
2535,0.2724260804731032,0.5234721854589334,-0.6669842499934291
2536,0.9748543121612728,0.6375825835155738,-1.244067464908497
2537,-0.3818113588708415,-0.5442280278188438,-1.2132203993654032
2538,-0.8230762007703271,1.9212253809268736,-1.509732834791946
2539,0.1386323911311772,-0.8302168628379686,-0.0829760269852587
2540,-0.1070294752953237,-0.0687650562086422,-0.6186198374733753
2541,0.4951471582696436,0.5253516413924967,0.1947248593523746
2542,-0.1680655621344493,-0.7382407427473553,-0.6750234093270484
2543,0.8241746948896986,-1.169539556002123,-0.4947358791764367
2544,-2.3337521166409405,-3.3185735872013336,-2.576056725845971
2545,-2.0935003613844163,-2.799082502733076,-1.658609082333132
2546,-0.685266117491379,-1.6992852212087186,-0.2810987341381672
2547,1.8815453078076207,3.117747586830407,2.8561932315343723
2548,-0.8687342988741324,-2.612678153005929,0.3215523289557196
2549,2.6613088478648352,2.5187597985433627,3.440692709941939
2550,1.1207559826404696,0.5671054579392998,2.528739965779704
2551,1.198401937910271,0.984874905288596,-0.4833128296381722
2552,-2.017936899908068,-1.1136714283382392,-1.3251700615455817
2553,-1.869595981375823,-0.8140156043685807,-1.4982030189261584
2554,1.4977208890492966,2.320040045143962,2.163515404071921
2555,-0.8563120455654892,-2.830130591958341,-1.7608062489437986
2556,-2.11628727234998,-2.548126246579423,-3.042240116486214
2557,0.0648379247447485,1.2522021300339166,0.967060725038589
2558,-0.6657727031713491,-1.704449385665263,-0.9956086307493808
2559,-0.0229678753779687,0.313677703007951,0.8604100768544682
2560,-1.1798191524014725,-0.5714032741068874,-0.9154087075101482
2561,1.388090497714552,0.1580186448418548,0.0035217113191185
2562,-0.4091953172621794,0.1593424719113872,1.1056880472660424
2563,-0.6502565052566247,-1.9844323021902184,-0.7466871908756105
2564,-0.157672118978027,1.3612446041033772,1.9109216190122769
2565,-2.523761192179547,-2.727298060970325,-2.744264044751415
2566,-0.0118411171274793,-0.1574020480612467,-0.9369712267185556
2567,0.5738160246832636,-0.2712772691530685,0.003361372472567
2568,1.49620417656104,0.909702941512464,1.0259439938591044
2569,-0.3552138571338875,1.2948692824670416,-0.2409152945359066
2570,-0.1699552052850879,-0.146703688533856,-0.3530733310355724
2571,-0.934835940404706,-0.9913590585178644,0.2080692730918373
2572,1.937454488661898,1.1727135896220633,1.8751557660746727
2573,-1.0973422292605577,0.6811460913858437,-1.2012239911177862
2574,-0.4322932237814242,-1.189175057978367,-0.5292614859316869
2575,2.223500749787589,1.9524660998196672,3.49385654721328
2576,0.782166338976129,1.5156032164016302,1.6552959408098955
2577,1.061744221792431,1.5942419383086297,-1.1476281390673406
2578,-0.3437733852842616,0.5935699739866513,-0.1432046689493765
2579,3.030188859177015,2.0974254340618974,2.124819306033746
2580,2.004614071221756,2.42460544988417,2.769131872241445
2581,0.5400427912508677,-1.1392554365280634,0.3421548744368805
2582,-0.2942945599993916,0.0200254501903462,0.2440809745361656
2583,2.1870935801901883,1.1302946060152044,0.7518898146941029
2584,-2.4389609650940187,-2.052977625679989,-0.0160930792717502
2585,-1.036197913944039,-0.9732105636119184,-0.0158898857221089
2586,2.069672707161455,2.4474282903476503,3.028711428278628
2587,0.2814736765992898,-0.0646849334475058,0.1057898817027939
2588,1.3430306291165408,1.7556257231354182,2.1705956806320046
2589,0.2879130911117077,0.1156002425963686,-1.9869859916392576
2590,2.190757738409855,1.0244561739391822,0.1165060836399662
2591,0.903230115353786,-1.67115576367053,-1.1582227518119608
2592,-0.7844986561760919,-1.3029571102495612,0.7122788853982784
2593,0.1181680870473876,-0.8956051658077274,-1.3398280804060565
2594,1.319308508162037,1.164452278728365,0.5848837206475078
2595,-1.5458369103637275,-0.441696357977993,-1.2381002340526797
2596,-0.2202473107596069,0.2467240619613545,-1.514641334101117
2597,-1.5462414671611984,-1.622880095935447,-0.8495928495621037
2598,-1.7212811419941494,-0.9487778647762086,-1.7804853995721797
2599,-0.5617818876808411,-2.0888370128357354,-2.0559043820647585
2600,1.854750477886678,2.517594949772596,2.2976874163986274
2601,0.4599819748323796,-0.9040163763801464,-0.790205048189305
2602,-0.4228116484978588,-0.5500907105647728,-0.2310285988749037
2603,1.0219198472752389,-0.3260547250836507,-0.3978535053393001
2604,0.80771985724865,0.6255118496643968,0.24607068915348
2605,1.019293284056804,0.2559586640075242,0.38939700777409
2606,1.1536143730366284,0.7885246150281424,1.524758261290811
2607,-1.5791027491560596,-1.3111078820611604,-0.831711945420184
2608,1.9520649559394463,2.217495193567929,2.6721379515766146
2609,-0.1051472002456084,0.1081738142410077,-0.1835145088255835
2610,-0.7384865986612164,0.6276454389318449,-0.91978495573802
2611,-1.8533879681158567,0.0219918032661541,-0.3865763103407043
2612,0.9902942940885492,0.7184745999786601,-0.2596150658491969
2613,0.8885742842728294,1.8048770584790952,0.6004398339920608
2614,-0.2558265357868955,0.6798535272623012,1.1685141030649902
2615,-1.9205195507747468,-0.7086523957785165,-0.2124400157907744
2616,-1.85011299715834,-1.9022797197691177,-2.217957857691744
2617,-1.8126020089176336,-0.2091664523809414,-1.087497976876877
2618,1.157941105938512,-0.7093139164540604,-0.8593764732721014
2619,-1.016696243698955,-0.95977760323936,0.4295343252462349
2620,-2.060465914086567,0.1068426936990793,-0.0211433153215926
2621,-0.3462125031056699,0.7669857590496381,-0.7148372516494426
2622,1.3680284275999646,-1.0439175133991927,-0.0056254064414803
2623,-1.1178474032772845,-2.394119995732229,-2.981238297325618
2624,0.7252274965453059,-0.934068475858414,-2.0319038585291413
2625,0.099097811347871,0.526334550137252,0.0722633232564599
2626,0.1527570121056311,-0.9828087047144352,-0.430675299497599
2627,-0.4985734602899072,-1.4734774544277875,-2.258454720513041
2628,0.8400431664786059,0.523207022719155,0.1336879601416938
2629,0.3062039728532466,0.5603216288057045,0.551600829647984
2630,0.2839517238052413,0.9830032457787682,-0.4373168669697502
2631,-0.1859672000566767,-1.183779160198588,-2.872971382531434
2632,0.9382980270470104,-0.2233617533998405,0.8474058491242622
2633,0.3238132396241782,-0.6999342489211351,-0.6190947556384181
2634,0.4772271260146896,0.2482431285209421,-0.882786798844375
2635,1.1058469099235604,2.2329039164667464,2.9787088220062974
2636,0.3540549268338648,-0.7595043668107284,-1.4273379437157088
2637,-1.5594601745870362,-2.4517831362502727,-1.2392859986988212
2638,-2.155902365375247,-2.445444074273812,-1.3353975837958558
2639,1.2033793039767366,0.8254401392100976,0.979438333552543
2640,-1.7615892230233998,-1.6742502152910068,-1.9654946355720289
2641,-2.9215779273045777,-1.8968497821127208,-3.042083192686821
2642,-1.7243217606267809,-0.2991523496445307,0.3299332288083544
2643,-0.8859497297175059,-2.404994363553953,-1.61823360683077
2644,-2.139899763470943,0.0196618359709093,-1.7368880697757672
2645,1.8874667972158392,2.223352322091344,-0.1821136563526489
2646,-0.6318164852095132,0.9270976664334952,-1.9455518392822164
2647,-0.4140343646446809,-1.1270839074170529,-0.6894725490405664
2648,-1.5742589158365374,-0.2066569212620845,-1.0812350917323053
2649,0.6851928624148653,0.719519869529905,0.7607577058143035
2650,-1.325061415724965,0.2339551995228092,0.0473705062183412
2651,-1.501294035846245,-2.5874371277196264,-2.8873703861320257
2652,2.4859182773259723,2.454942492696842,2.679704939413816
2653,1.089269183203041,-0.1348484478785194,1.0453421518281956
2654,0.6448738321908353,0.2375805657432804,-0.243742402962255
2655,-1.4338148722167636,-1.4198921251516026,-1.6948598462717712
2656,0.7823423840921665,1.0944379273818468,2.0828157745346845
2657,2.5211718671952488,2.8216624896990243,3.454609272801991
2658,0.1582702714420876,-1.65034681975039,-0.9742781677703836
2659,1.6954395822177224,0.8900038384616015,1.843251663325011
2660,0.3549891676946709,-0.1524951538544373,1.3168277795751588
2661,1.3859116391911592,0.6812410873729848,1.3065501244751307
2662,0.3574859661950378,-0.8116597526914232,-1.1720159052444268
2663,-0.1420940081056179,1.082870329186474,1.4189890967562475
2664,-1.310831594188768,-1.6794351010795316,-1.2554328748077983
2665,2.696727178689049,2.523192491441693,3.363583216607374
2666,-0.6927743049190873,-0.7182118248649436,-1.1155545466472268
2667,0.9274045478012096,1.8048737724953168,2.265999475807356
2668,-0.1081834031430296,-1.0176688222997876,0.3657476671492327
2669,2.06589353914962,0.6810699785901764,2.672053350724501
2670,-0.1049809545681785,0.1082800922485029,-0.1722744476961133
2671,0.5237148410863488,0.5130394237160041,-0.880839172925832
2672,1.8848021736922835,1.5600207092583134,1.4254987259119838
2673,-1.8576993372333657,-1.772359827178378,-2.418294884724019
2674,0.6064322650123061,1.806179268591508,0.0966001199387268
2675,-1.687983553216868,-2.34983309713672,-1.5183096751105578
2676,-1.8622192639943984,1.3457041179070923,2.1483761752413737
2677,-0.2891924170636661,-2.081668756786181,-1.5583933871914812
2678,2.059093605615349,0.0502945740576696,-0.5436235539768247
2679,-0.3502691821217317,0.4060206339708498,-1.939346119648628
2680,1.5658332823661107,0.2201102003003657,0.920211689446616
2681,0.3138670316511132,0.3230777233230136,0.1571538830526947
2682,-1.4970410353003272,-2.057601365233212,0.7154198087370407
2683,-2.205132128306809,-2.752952132529076,-1.769951527408573
2684,-0.4870409246642214,-0.6068428706853788,-2.506155763096047
2685,-0.2394276697359554,-0.5899520597075683,-0.5826506134579968
2686,-1.8411668578776168,-2.097212307949897,1.413271144192844
2687,-2.168845730833929,-2.786268149046676,-3.136910141923593
2688,1.0982362466628977,2.318118359651617,1.886815694746445
2689,-1.659307998574208,1.1098029160482692,1.0957780433678057
2690,0.3382342665318353,-0.2714812123407411,-0.8308269259435883
2691,2.589664052512882,2.4460592016904967,3.512818670416406
2692,2.347171903675753,2.404581722156659,1.331188614972003
2693,0.6380557920734192,0.6306408760247453,1.4632427408235988
2694,0.5968993184835175,1.1420126279538545,2.0205035485944096
2695,0.281511587869421,0.0299858503346169,-1.7236091476513251
2696,2.179186260433322,2.290410137272745,2.828488999036653
2697,-1.782791447456787,1.035774167352582,2.1373947969405647
2698,-0.3558523150140447,-0.0714375756080768,0.1016552309626535
2699,-0.145545687466494,0.7760219722727677,1.920665620962634
2700,0.2362885978092035,1.943589844598829,1.319456971556123
2701,0.096267945530753,0.3862402207985023,0.0881899449975967
2702,-0.6490493988801534,-0.6889057151787412,-0.5702037442367736
2703,1.8736091708287377,-0.7733474944060411,0.2455324702113657
2704,-0.4424713456715003,-0.6514315794721228,-1.1529622693683976
2705,0.0446395268498506,-1.384978419226948,-0.5345283543330647
2706,-1.851855063145076,-3.1371137618249265,-0.7498548240506753
2707,0.8281989665861297,-0.6240797761337855,-1.6994172814591575
2708,1.201999358305571,-0.4751614082563833,-0.0187523103151455
2709,-1.018857214036773,-0.7557262610363431,1.2252148486001455
2710,-1.620315373598183,-2.412535374680926,-2.3436695501514184
2711,-1.247068318040008,-1.473806935350018,-1.6615225071918416
2712,-2.9394857459484407,-1.6274205232744383,-3.037082107564366
2713,-2.0448869536976937,-3.528228593879162,-2.0832048775901786
2714,-0.5287936347467146,-0.8202160074216582,-0.871259554591129
2715,2.336266326297162,2.654282346260281,2.372709817137848
2716,-1.211121459089494,0.4387656464421736,1.6249472442241717
2717,1.600297758359433,1.7823701726252714,2.532070127196192
2718,1.0842110992489566,1.2064741629631133,2.16887125115554
2719,1.3657934678541386,1.764980185510964,2.1732269084218463
2720,0.9761331763547736,0.1556088087202611,0.3318812487389311
2721,0.3160912288233881,-1.976303038901686,-2.192317363176913
2722,2.357590338912786,0.3853314947056735,1.8481844714362536
2723,-0.6692560342408764,0.0212941041977222,0.5365503861181737
2724,-1.2184248851104431,0.7234077469572368,2.090670464954552
2725,1.741251020317154,-0.0545391379582572,1.3572989733765288
2726,2.4867223659361706,2.5187788283614387,3.174955015485593
2727,1.0802705497838487,1.2010420042547794,-0.2126965576764584
2728,-1.8471154245457893,-2.646962066672295,-0.7726811393058183
2729,2.0154945170466108,2.9214311734398484,2.4753819208742005
2730,1.658377992248008,1.728474733556847,1.1015353840526532
2731,0.0775194486427783,0.151487856463513,0.1881418831010864
2732,-1.8166041948779503,-2.138522385357932,-1.6404345669523328
2733,0.1271157019798263,2.405196085286774,-0.5441513206908023
2734,-1.2377486990353903,-0.0819059529373177,2.2790257486944294
2735,-0.6434192186328594,1.247511838491529,2.3234543462808728
2736,1.9144917748670376,1.7571961859676124,2.386866725894258
2737,0.1131103821085627,0.356361110444286,-0.5444521634719999
2738,0.865840265859076,0.953410846290646,-0.9672703080456552
2739,0.526875105460401,-1.2094342956728197,-0.7799927876472927
2740,0.8211475050569715,-1.269389369479948,-0.7807730240953799
2741,1.0269547445991474,-0.2707521193657906,0.645829084093175
2742,-0.4687320714587352,-1.0128164162025586,-1.0721384214289635
2743,2.1613347941362147,2.291989821291898,1.1130023707550285
2744,-0.4111723845882717,-0.6561089490297323,-1.262151017473277
2745,-0.5428398470792248,-0.7420398100000767,0.1524486635243613
2746,0.7824894114089608,1.0950123501996138,1.2691463212562275
2747,-1.820888682344572,-2.693542011747589,-1.5647613780390923
2748,-0.0336301381142622,-0.9237466293426124,-1.161448638590973
2749,-2.80078909171593,-3.1168737764144105,-2.796507095690356
2750,-0.946684154176697,-0.9083736021582168,-1.6539596205472942
2751,-2.117986434089771,-2.277646932371784,-1.6491632604052944
2752,0.8632139014112215,1.8549212465105525,2.584675657692753
2753,1.4535536513398153,2.37551537179546,3.0124023970375204
2754,0.0155323860633172,1.6573565763314495,0.4040920419678649
2755,-2.134724675930908,-2.759700143565224,-2.028369264436208
2756,-0.4378461687601752,-0.2538357452797045,-0.7019140616077036
2757,-0.3167419776755911,0.9404162314109268,2.003917209685936
2758,0.7123811227357696,0.8617613102915027,2.1977647615347173
2759,-0.7771758988338067,-2.4041956100509174,-1.1476334324887107
2760,-0.5842009039932445,-1.3043942667453918,-2.1982482637205214
2761,-1.887688679699156,-1.8963074633498995,-1.721505698846738
2762,-2.38378755500876,-1.4612814599138206,-2.1075620560457824
2763,-0.8084868959757693,-0.7477780061571828,-0.8257412487262077
2764,1.085985202941519,1.0594224240642918,-0.09692086945514
2765,-2.046670260776588,-2.0591724354792507,-0.7437335744491389
2766,-2.0511662062670144,0.867397272775073,0.5768817175349634
2767,0.9003164987879736,-0.146701658823113,-0.3991947295070684
2768,1.2745653678282085,1.63489083049883,0.8865566110683301
2769,-1.046961823532048,0.0814971323739563,-1.162508762680054
2770,-2.658733008935011,2.135662793465344,-2.1777571991748004
2771,-1.696770718519798,-0.4982241264938169,-0.1546138873489502
2772,-0.8594585891752311,-1.891123495340773,-1.238103522195875
2773,2.529672917304782,2.215686942612989,3.5838092303480127
2774,-0.0251787236288254,1.878614075347956,-1.0803465979578428
2775,-2.819537316488532,-0.9847275878017892,-0.776616990018558
2776,3.3882205813697186,3.2287291869339683,3.4913264911008106
2777,1.0588777174293844,-0.7143263045257561,-0.366313127441302
2778,-0.7985672239190921,-0.5332787065435065,0.8876866264494976
2779,-1.974882318769144,2.1445227421711253,-0.1534052589173023
2780,0.3963632567889872,-0.4543895931445388,-1.512311094393718
2781,0.546074673861733,-1.139281989002081,0.4147025939128563
2782,-3.452845835142935,-2.1380982837100664,-2.618343788153467
2783,1.9895695211047588,0.0796109044870695,0.3525110166276203
2784,0.1183398556487695,-0.1066390504022979,-0.0168438549969127
2785,0.3154670048141408,0.9781212435838186,-0.5985040468027064
2786,1.2049825253910087,-0.1703675180076983,0.6646194441401931
2787,1.4168438150524447,0.1048444282911106,1.3484111358740294
2788,-1.0742173360634732,-0.907745179555842,-0.6966109936016418
2789,0.8221542345595968,-1.807054669416544,-1.7357282272497905
2790,0.2810911478594839,-0.7972380283917808,-0.3086043723263447
2791,-2.9027912107213503,-1.871256730306581,0.5853923302174796
2792,0.4763325074600596,1.0904312733390331,0.2098070379356662
2793,-1.070942059966136,-1.28296382672178,-1.670625288935149
2794,-2.0747207481051824,-2.826048275936854,-2.3589867035350904
2795,-0.45918740606707,-2.6965478549227995,-1.9701407662137689
2796,0.7115679711116217,1.6671889794279469,-0.1289295036050756
2797,1.9338597658371488,1.9589718219439,1.610193375136595
2798,0.6379346247100499,-0.8503603600311512,-0.2585138772954827
2799,-2.992285735906214,-3.2971494246754167,2.108876800443095
2800,0.6316658645308935,-1.1360186212939218,-1.142320422908785
2801,-1.6597784403804068,-0.4145105884672977,-0.9099008913111146
2802,0.4961369211859708,-1.4043663286454096,-0.4975879668081998
2803,-1.397713178658618,0.2741252551621719,0.6175017920737282
2804,-1.041850733542317,-1.1747528719021394,-1.4274423745885123
2805,0.2432273254464296,0.3475669353858195,0.3796478804742709
2806,1.9178302733764672,1.7293313301689313,0.7682648514745417
2807,0.1131103821085627,-0.727883809591575,0.3073123637072561
2808,0.862148746093205,-0.134547326857283,-0.5597016948719356
2809,-1.840920281204236,-0.6412773584999765,-2.299419693510489
2810,1.493364163538011,0.4681021721539726,1.5661704822300198
2811,-1.5450673364271237,-1.4968803623383613,-1.0023894623237324
2812,0.3906197568856688,0.1458467674738505,-0.8860235999783151
2813,0.8816226181610556,-0.7768177699391147,0.3519022975125075
2814,2.41142032298178,2.030969615731459,2.7925143671401123
2815,1.4081079182256544,0.7659293009839871,-0.2501484231924778
2816,-1.1416990229651724,-1.4137871207340376,1.0251669196580666
2817,1.440536395790415,1.072150843029423,0.668816335924777
2818,1.3616464261207757,-0.3473306428683358,-0.8236463629224731
2819,0.7516156072965828,2.259755710603472,1.128047863086048
2820,0.9150103011572028,1.3619879837091644,1.3868559632855844
2821,0.675195073462238,0.3550012074222545,0.0293576433276631
2822,-0.1255431050027913,0.92510340287826,-0.5286645178653542
2823,2.294155871373504,1.4934523949821146,2.09660998342732
2824,0.5170532350240813,1.194777370781688,1.9704677685818457
2825,1.2913234643239215,-0.271344187194653,-0.6732412288316274
2826,0.5562709945695312,0.2433187477765067,0.3024604457680039
2827,-1.2138720267978378,-0.0032005199708965,-0.3316259384099558
2828,-1.0996238288347449,2.2919201847048742,2.500590325247316
2829,-1.3582208122431112,-0.6718900228729225,-1.4290470886490223
2830,-0.9735416348766012,-1.2376769671866794,-0.7788331985322406
2831,0.9370773898057516,0.1070749180466256,-0.7048353315368137
2832,-2.115692960274942,-0.948937773651744,-1.2387466998882877
2833,1.848166128686905,0.881974469739151,0.0654355553359521
2834,1.3717040483396137,-0.290090654252213,-0.948486447327788
2835,0.6253005630026461,0.5006114703160334,0.836391093453037
2836,1.65486157966718,0.0303129816849814,0.3472544071902932
2837,0.0275771510425438,-1.343008383151498,-0.7343135826000586
2838,-2.4260332137294367,-2.911874953012466,-2.669038667686666
2839,0.4171662799955128,-1.1449204395970425,-1.4350625461622848
2840,1.2033863754043443,0.2224066026163841,-0.4905296446425041
2841,1.215801493710063,1.2830808135602545,1.2174810993698462
2842,-1.0044559927255683,-0.2167154092235692,-0.102430790171573
2843,2.055935767166987,1.5982588232342554,2.1192195677578587
2844,-2.7732610062613228,-0.8358161456937405,-2.339018378990096
2845,-0.7529966140648352,-1.7756831791556105,-1.285881648548716
2846,0.4820519880463072,-0.4846310416822309,-0.7213951130750138
2847,-3.635632191976048,-2.733956312091471,-2.394784982782452
2848,-1.285889343768433,-1.5511317644724762,-0.9683260935412948
2849,2.630093061368891,3.189577717558524,3.0050304494871707
2850,-1.0653996899235392,-0.9350635869463568,-1.9424021077209288
2851,1.2059191903056774,0.680361182208509,2.100573039647974
2852,-0.98184352189016,-1.28292200294579,-0.4986530707242231
2853,1.1327312837845078,0.7682825462176843,1.811520198514884
2854,0.5065879481665702,-0.241580673293467,0.9108879399236532
2855,0.2781270531497986,-0.8764528185758527,1.0268420672638674
2856,0.1426366858166012,1.1976372455836344,1.7022446037383718
2857,1.5853654103678474,2.430276843802519,0.8621829390141103
2858,-0.0569680932260671,-0.6101712579555869,0.0196053429605757
2859,-2.412063377959942,-0.2971385884375763,0.555502313414145
2860,0.3413744009094471,0.5286360531757869,0.9754672770307632
2861,1.0190551669329968,0.9351741903432,-0.1083403975242393
2862,-1.2031402131505309,-1.260812146999193,-2.126705417348093
2863,-1.7394537918577315,-1.2999622231922705,-1.571069391622814
2864,-1.504113565842656,-2.6023944854815007,-1.6485088351947106
2865,0.6876087880691459,0.7165723500871822,0.8902489211262419
2866,-1.2841561792816478,0.0256253624258183,-0.1338524406644863
2867,2.41441169828838,2.126131679767385,1.1268896195842335
2868,2.107099127114918,1.0738475649876813,0.9741506088853812
2869,0.0576407984498441,0.2554443565179359,-0.3585495950464299
2870,3.0062440595156668,3.12566864321662,3.270749908657693
2871,0.5967567831713854,-0.3798738527320197,-0.0038586702947482
2872,-0.944897761333255,-2.810432136175512,-2.3924978054047177
2873,-1.9458878262617287,-2.5488857738361745,-3.334451018801704
2874,2.660869249965457,1.730826485775892,2.162924527789542
2875,-0.1653123236743627,-0.6746112446772833,0.192888162258551
2876,-1.3586123738570857,1.5811487893021905,1.7124499005725518
2877,-0.2256097427425132,-1.075419679915312,0.3663393579287907
2878,1.0090238977740211,0.8793699878078682,1.803703065536908
2879,1.4665642554481804,1.2002715340161436,0.2619827639420914
2880,1.0988647186056433,0.6799627017549857,0.2518934734018477
2881,2.707965195146656,2.640604343581136,2.6552940064270447
2882,0.8627479914851501,1.4235543914662292,1.5164718132570754
2883,2.66480814541794,1.4861866842641285,2.300337240075136
2884,1.312379623757942,0.9324156976419702,1.4002674581427623
2885,2.335265598496281,2.475137832605994,2.71256844382002
2886,0.2193357672369539,0.8266989338760056,0.8355868308933113
2887,-1.1139453662690828,-2.767180999358729,-1.7286502324676785
2888,2.711482052074173,3.420496045708911,2.9751326828207065
2889,1.4288203261630026,1.123846449919448,0.6685674959176231
2890,-1.0415080504271068,1.6134778569114654,-1.675909433346857
2891,0.7750170101184095,2.4226210962355754,2.4531939034978025
2892,1.8553796649319456,1.28144879441782,0.8479397914965049
2893,-2.438109092430428,-1.341747884575589,-0.4838067228345238
2894,-0.1634664299064832,-1.1293783161762674,-1.438898813485021
2895,-0.4354939282877051,-1.4047027665024596,-1.741746374698859
2896,0.260130932395837,-0.9350808398696516,-1.5144218353785628
2897,-0.664770508338172,-0.1356736086513791,-0.0853514940199958
2898,-1.5409709751561935,1.0471235314026113,1.2731550528458535
2899,0.3964629201283431,-0.2442154263099541,-0.1246404790706174
2900,-0.985804958469056,0.3266391382619409,1.720632467408149
2901,-0.356163380096234,-2.07976630361772,-0.9213176840040572
2902,-1.9613270571516108,-0.6271526691059903,-0.8749381043417835
2903,1.3571833570638006,0.6187878067779136,-2.897617827708288
2904,3.296598264693175,2.7343702774372427,3.1122292055141574
2905,-1.4855923796468968,1.456507951782165,1.8149741460059967
2906,0.9782833917039602,-0.7576675767479875,0.5942560183414773
2907,0.2657232541426635,0.4983356268330529,0.980092361879283
2908,0.062707772473829,1.183147416293563,1.601540359956397
2909,-2.89073491982364,-2.789561686988913,-2.661230229167021
2910,2.172469574084241,1.2241619022184325,1.284171761856565
2911,-1.199770613853732,0.3071416052956798,-0.3624516965818406
2912,-0.3176939716534588,-0.2036484324956636,-0.240505269482663
2913,2.7114566806021623,2.4627053455724712,2.5409488756714
2914,-2.1611206118417217,-2.10990094170763,1.3032040253747696
2915,1.1741560450106605,1.924844382259376,2.727039637542222
2916,-0.2246880445940652,2.4937911811459363,1.778814120333842
2917,0.6745651533056871,-2.8281752163206213,-2.833727121128058
2918,-1.2692597831469683,0.1587513264470919,-1.2354480631049891
2919,-1.1038671390349342,-0.9531669068302262,-1.082507818749308
2920,-2.273159069544432,-0.7052061663108875,-0.0469063277739925
2921,-1.6077006304721424,0.2435783291411834,0.7609086342101276
2922,-2.460538845413135,-0.0942376401769882,0.7184328347646263
2923,-1.783180821855277,-0.8764634099510458,0.1068133823468004
2924,-1.8848241995831592,-1.7063490786073496,-1.47998137656412
2925,-0.1094723073975072,0.2341156459834519,-0.0302855810281136
2926,0.941127525852754,-0.47467355970021,-0.8897893021308122
2927,-0.2799639650668349,-0.0663102354442172,0.4010883811758706
2928,2.9878721485903537,3.1258334681629543,3.4905849581181294
2929,1.5931123479022469,1.4148378562308443,-1.5065494875981291
2930,-1.125333363203365,-2.02928532139442,-2.298188563322332
2931,-0.5570816512405469,2.2920058851019336,2.3721363199718617
2932,-1.3449615429285438,-3.1510540286235007,-2.478811332817118
2933,-1.8208151401814603,1.2438405782627795,2.520403157682314
2934,-1.4579422210661128,-2.726580139234376,-1.3934874501152714
2935,1.649058953029431,0.6804946535038748,0.9806969404192648
2936,-0.4702171855519469,0.4361669536257854,-1.0857898692190058
2937,2.1900897199106644,0.4978888427890532,1.6548082746649109
2938,-0.965078262831981,-0.1385271813344233,0.1639929801132989
2939,-1.938058108953309,-3.202212912325362,-1.8360483435812127
2940,2.226276448323773,2.394939355906713,2.2100839641633243
2941,0.2203642550546182,0.3829950094599764,-2.115488748227796
2942,1.7375321941940896,0.1394054888996911,1.119288700107809
2943,1.0190510622541251,2.4556911099846235,1.965083483143497
2944,1.4485909977074063,0.9369630021607632,1.1817280552214808
2945,1.2409263266730597,1.9292082971633988,1.7726784823771329
2946,0.3184633637173494,-0.1238829162352915,0.1527159130367086
2947,-0.4158429675949867,-1.0406841295009597,0.34100949064947
2948,-0.0779181697920445,0.2367501256330798,-0.8850573571559586
2949,2.425627923123414,2.1482521682761786,2.0017662718766176
2950,-0.2763037810110155,-0.8890457380090621,1.7584256448259663
2951,1.6668262150375202,1.496455177565399,1.6057743709567032
2952,2.384673846108336,2.112348415505191,1.8151681336173149
2953,0.7696731978582194,0.6301541561074584,-0.625001104124689
2954,-0.7437009635744433,-0.3715685351669008,2.258234015422361
2955,0.6722114369545185,0.1916659434506716,0.7698209589082174
2956,0.1162160119126162,-0.3268149967382804,0.6957216223071567
2957,-1.1820376083976496,-1.4103017498150705,-0.3554868099536899
2958,1.3280010119650292,-0.4000753085429095,0.3550498475731744
2959,-2.029415450966704,-2.8191685002438693,-2.7001923738374995
2960,1.6290136136764484,-0.2702312042358316,-0.6724289379903763
2961,-1.2127285712110012,-1.1515625785964556,0.0473278951336089
2962,0.7865090566368903,2.066423913024061,1.535751257886293
2963,-1.208805116609133,-1.1121741611447722,-1.261773497993384
2964,0.6731240084722491,-0.0567542982898048,0.4412792523677021
2965,0.564864781454434,-1.2444319655955558,-1.340157582888257
2966,-0.3697367618576448,0.216020861510626,-2.7044490122541585
2967,0.4599568154532335,1.152742785861908,1.0450658344582433
2968,0.977472400612544,2.082117819347125,0.9437112697017208
2969,-1.0777460721183458,-2.373261674005465,-0.6354593976297727
2970,-0.4518876574168803,0.7144401585820148,-2.0363344747528607
2971,2.60556910568681,1.9049704902837148,1.8930912694041349
2972,2.741044118057653,2.156324854985258,2.275155059416164
2973,0.1200876515234563,2.3028367663768914,-2.2175050291503378
2974,2.410924179641426,1.6263308999206956,2.192124782266814
2975,1.2324748638228058,-0.6635453615379472,-0.2638803536499529
2976,1.2334181969612883,2.0285224288444423,2.282949967363761
2977,2.3754438371252755,2.7981532855249656,1.6595198348665492
2978,0.7052457401063331,1.494384438378339,-1.4545928880803276
2979,1.2563967416040471,1.458320342715563,2.86603828788505
2980,-1.6975312242995717,-1.58476173938731,-1.2106871297372233
2981,0.0146750260664293,1.3740450079736508,0.3391725127633712
2982,-1.376716747394784,-0.6938086658551217,-0.923701474436456
2983,-1.9267005241804844,-2.173490973101999,-2.743039494871758
2984,0.4914838091120217,-0.1361620580752256,-0.3426098460551801
2985,-2.0468852979237586,-1.981582848332,-1.1604321748450843
2986,-0.8149263822488537,0.5235332489659916,-1.07682281968469
2987,1.16739831760304,-1.2136982165909955,0.055927672911718
2988,0.1494534078151804,-2.0501213012905093,-1.6913157188478818
2989,0.9057720620122712,-1.5907844007361511,-1.571956173592168
2990,0.3481819283056774,1.760305696372087,2.4862428647766945
2991,-2.5447152695220647,-2.453504731466205,-1.869300565894104
2992,-0.7245994194631759,0.1205965546066215,1.8182802062646288
2993,-1.4347422048431324,-0.902641318393561,-1.5129635930352452
2994,-2.167902566844381,-2.2266239742941547,-0.0494826107014589
2995,-0.1005255746989098,0.9158946304977472,0.6287910266583822
2996,-0.8912444788287727,0.2977922987403316,-0.0107757458749029
2997,-0.9155260710591016,-1.7989129705506648,0.2075516881727974
2998,1.7316198937533094,0.8527731630196129,1.5074180315867696
2999,-1.001128100440879,-0.0616383592927341,-1.976005060635991
3000,0.4177687111987685,0.7142579102022787,0.4197281496924133
3001,1.9737065812266417,0.9207409308137846,0.1793951812598619
3002,-0.6286922007868505,0.6671077595182335,0.4237280907302643
3003,1.4014096913965186,0.7258466678535871,1.1983249305317485
3004,-1.0944401058314928,-1.2977500529668984,1.1020741157108973
3005,0.7108318362766973,0.2806926666789062,-1.2307242051567326
3006,-0.47057009219746,0.4577411692777528,-0.1544284657426397
3007,-1.971984478869792,-1.5353545538334863,-1.921646143224793
3008,-0.1917834807271515,1.1575244299697909,0.270338366835554
3009,0.1984340341374897,1.513852613664076,1.604048223966562
3010,-1.0832538670266236,-1.6256606954089023,-0.649205409646464
3011,0.8288833321644853,1.86388177491228,1.6162632668913135
3012,-1.3943655476591377,-2.3643239324519274,-2.272163743357956
3013,-1.5627209115158116,-2.116357465831364,-3.1439071525685627
3014,-0.40162774017574,0.1476164031104422,-0.4107814897141336
3015,0.0855155493349863,0.8457131086613939,1.2145019584320482
3016,1.3419510744334024,1.9358515857416947,2.200778454462606
3017,0.9514551387948202,-0.7477793654299024,-0.2898557019113656
3018,0.0253433909049222,0.333435998548958,-0.1130623799078964
3019,1.545466207863086,0.9354507356490496,1.8884976453281284
3020,-0.4731254132689982,-0.5030566445411668,-0.2451111539690117
3021,0.3140408828776597,1.355049944283807,2.753587864893957
3022,-2.4586205525860247,-2.125462786256262,-1.5917325252166317
3023,-1.9327928782225297,-1.9842288226024605,-2.8020539550998658
3024,-1.980105983235904,-0.2498102001496454,1.4154875397743811
3025,-2.4740754951804904,-1.88150923256198,0.6359584985188108
3026,1.562913161052646,1.3065861087512791,-0.2390971365572604
3027,-1.1578556855590267,-0.8795547108460318,-1.3014334013076048
3028,0.8905105680105652,0.4239760897140402,0.5666732962514532
3029,-0.5760967873082254,-1.562015325160607,-1.1523508792001576
3030,2.4091063993373205,1.4210127709610825,3.270812043225661
3031,-0.4504706433319609,-0.4355851602485204,0.9449670682146808
3032,-1.763006628367452,0.0167116774553047,-1.7855270053256207
3033,0.8543536375988606,0.6333504325289071,2.3926925401991364
3034,-1.2457652576200018,1.6583561609855733,-1.9948321087180527
3035,0.3818829381127259,-0.1327160440690419,-0.441508729605693
3036,1.4434121340454529,0.3840156141535793,0.0566649478715292
3037,-1.067502628545833,-0.6405657886298559,-0.9883270395180976
3038,1.6257527178746811,2.320134956247098,2.9883192708766413
3039,-1.211711798746312,-0.9350658873361296,1.9430351168767328
3040,1.804524151992223,0.2590573614021873,2.328940205779237
3041,-1.21582719670008,-0.7502915105347587,0.9415768659957464
3042,0.9001112648444065,-0.2985910262331086,-0.1334004100420979
3043,-0.4895197429369328,-1.1105298425353012,0.3469973483734577
3044,-0.0446676404600337,-0.6265832737688792,-0.385467584714887
3045,0.7794102181423094,-0.2348306734907473,0.5833836688164906
3046,-0.3824813391606713,0.0836729097604107,-0.4587686523583625
3047,-1.6193087011049865,-1.9676187687567817,-1.6343436545931869
3048,-0.1235411119396292,-1.2872578619145292,-1.9937625788616609
3049,0.1785120393199766,1.2792333789116743,0.0302706482343839
3050,-1.9939233612609228,-1.986113199747268,-1.8536487527382528
3051,-0.036977856729877,-1.7671606598769454,-0.262322540562929
3052,-1.9001866314034488,1.814083057013521,1.3219485660015555
3053,0.5729487399060696,-0.2689841760749614,0.0365442176832113
3054,1.7011951293520795,0.1121958157194623,0.398734415299327
3055,-0.413505205099015,-0.4031518695077444,-0.8032767861494476
3056,-1.4961080309875987,-2.676005167699916,-1.9141661575604043
3057,-2.1535948532001186,-2.3746770386586364,-3.028287504450005
3058,-1.2501568531607306,-1.4844329593907082,-1.1527844356171326
3059,-1.9788668262921885,-2.5064728719354425,-1.885739522098696
3060,0.4734698364910057,-0.8565117309942809,-0.2624522608949556
3061,-2.5089366604706584,-2.322128803008608,-2.5528487159686533
3062,1.747153856046225,0.917060374255552,2.169435000531449
3063,-0.9101515618692216,0.2317432784392915,0.8947587251499287
3064,2.0491077598789955,2.661794461207038,-1.7309835920828287
3065,-1.3468796821688933,1.406299183734632,0.8516146416406047
3066,0.8255880448696369,1.4649147747328393,-0.4942725919217867
3067,-2.1943597610138963,-1.1653252555183964,-1.9369147018927373
3068,-1.7025446334654852,-2.504226223284331,-3.0973307952855924
3069,-0.671097918270412,-0.3050225003941635,0.9759732542379824
3070,-1.8095702388736776,1.6072456282475742,1.690524192730086
3071,1.5098283762260878,1.840547329154881,1.922469244795204
3072,2.283797286515354,1.5748945192813315,3.062350010565368
3073,-1.0579368904832844,-2.5972511783121583,-2.996938573993797
3074,-0.8257697567034976,-1.019009730806567,0.8206641599223429
3075,2.91791541473691,2.0932408169573185,1.7568214121921768
3076,-2.536881846963366,-1.8324704814562505,1.0308123246610732
3077,2.107167634524636,-0.7435003749083368,-0.9027752339871348
3078,-1.8520168167513544,-0.2056854595052702,-1.2383824482634085
3079,-1.2362739097468138,1.7466767916090142,1.348066126300254
3080,-0.7909039167647196,-0.7791182745231078,-0.6440477605155466
3081,0.1642098519546608,1.0195092787455875,0.5326973756163463
3082,0.6056166910901171,-0.3740506358739077,2.0540827286983747
3083,2.055470685034224,2.2187430139925475,3.039393048468009
3084,-3.5805140029432296,0.6304678805170602,-3.1413848499463826
3085,-0.6750076955481072,-1.635917076473269,-2.340381164724536
3086,0.8784087960190525,-0.2033989536718816,3.018547684400113
3087,1.0495771902069502,-0.288402628237062,-0.8822086862376779
3088,0.266632860512686,-0.2178462808357908,0.5068232194773923
3089,2.131069954352301,2.2959574338012163,3.3839555728186927
3090,1.497189593827032,-2.2718153680187223,-1.3323985469457225
3091,0.2846778447237889,-1.077672915334968,-0.5912266633399519
3092,-1.9408267148520293,-1.6424713504412534,-0.3299421671534986
3093,-2.2308853570788387,1.8788744516376843,-2.8915044703283064
3094,0.8235781262544127,0.1972843579215824,-0.8850043299163564
3095,-2.3265293727533582,-2.36751696925432,-2.286486972254429
3096,-0.7273904300674019,-0.8792939552395374,-0.327901260294493
3097,-1.0233178865891843,-2.210961583610859,-2.5084723704348013
3098,-0.9417612954182452,-1.199233568224197,-1.246969175441135
3099,1.498968511026626,0.2522968862737612,-0.8739446425810841
3100,1.5969459083710509,0.4548475246951999,1.5229010174611637
3101,1.3458976231415392,0.5656017724452826,2.0784584798505987
3102,2.0883884034548497,0.8336475080340808,-1.744695725576988
3103,2.7191198154015974,2.668013121012099,3.052494301773518
3104,0.1186708698412541,0.5386810427082791,-1.4078603775592475
3105,2.240627944112722,1.9449006908302304,2.79837248251177
3106,-1.660801417570231,0.7658404919810832,-1.7283723073499355
3107,2.1827132151954936,1.0205266630973755,2.2912245230227986
3108,-0.3359147753515694,0.4565842569931964,0.023000014879388
3109,-1.5884864034120516,-2.0840541181307457,-1.4092321001929595
3110,0.6343464813014048,0.0354015015894844,1.0220562376044604
3111,0.2428608203787141,-0.5433577955220872,-0.8496639414856726
3112,1.4624301142678338,1.4865268216271466,2.4360720801780005
3113,-0.1988991101450485,-0.8954470941159886,-1.694299154599332
3114,-0.2712848268768726,-1.5706254576752556,-3.015340928896152
3115,0.9781152031869784,0.4393209767633684,-1.1700224039513891
3116,0.2321733524579051,-0.3316219593612134,-0.1773623713706605
3117,2.156294114836713,2.54757650877551,2.713360135308854
3118,-1.320737096929138,-1.2038564547438426,-0.4352674013931935
3119,1.7951249606595323,0.7269031793418896,1.21593434789182
3120,2.094167719202775,1.4486319900281917,-0.0541073359714924
3121,-1.139978873304785,-1.590064561573472,-1.7799270696514822
3122,-1.3192681284617904,-1.823473383492693,-1.7785549392120612
3123,1.3155174227173678,2.640751284456768,2.7424289094690395
3124,-0.4029374656762372,-0.0565838969173977,0.1022784414456299
3125,0.5490114164033948,1.37886528139395,2.2976952304968403
3126,2.27643029855072,2.7587370269269744,2.332536765132485
3127,1.934952904493524,2.075797495226136,3.3202895276498143
3128,0.5575273394785262,-1.127198970732688,0.1526872088291603
3129,-0.589800538391393,0.5238969758940645,1.0176373946946726
3130,0.9508611964679748,1.3683469650778075,1.9925589192899569
3131,-2.0273541301930296,-0.8734155564493138,0.347212895261301
3132,-1.975683319687347,-1.6062949471687222,-2.8327758706639905
3133,0.1205250923472722,0.0324818772090004,0.3893304934138985
3134,0.3481783020332402,-0.8595220073590895,-0.9601133192196872
3135,0.2111754658734735,-0.3542650703461731,0.2218870762569862
3136,-1.6179006731383845,-2.058778664628302,-1.3308908404130082
3137,-0.7743352704755935,-0.156545816255477,-1.3115963572187073
3138,-0.2594715509758684,0.5573930264904711,-0.8094386946811154
3139,-0.1007191856798717,-0.7781825427399764,-0.8499526177813769
3140,1.121791464949471,0.3555462571949265,-0.4702701663715158
3141,2.4035472787049925,2.540668716384376,2.3612820766029743
3142,0.6337207632405354,-0.7595210352782631,0.3577346441626223
3143,0.6005321215392441,0.0282487269225179,-0.1427226813973624
3144,-0.07220138228287,0.9108244701736584,-0.7179299961018122
3145,-0.0801210229861238,1.898313038713592,0.623644144854959
3146,0.3415201686667152,0.5910875754570039,1.000218179300972
3147,0.7110434645115364,0.5911286274667076,0.1966878153160732
3148,-0.9837052240189664,-1.37065906821843,-1.32014220424574
3149,-0.2780790477819215,-1.0959958705398791,-0.0478276399308194
3150,0.9764389684790952,-0.973934173459844,-0.4366922831851333
3151,2.411034021628054,2.8412968656715383,2.695196061146031
3152,-1.844313326647345,0.6220195718241712,-0.0015693668770701
3153,-1.1455047068351598,0.4046389386056411,0.1065626161624094
3154,-2.4879756934550072,-2.0364050608036366,-1.7901408522188254
3155,0.4666614320256594,0.4155370261738277,2.308222409194917
3156,0.4949294753214669,-0.7595375212233245,-0.1533691871442259
3157,1.4863388981190233,0.526985487201557,0.7950290711114842
3158,-0.0512266225818634,-1.6568852191767205,-1.803135743155485
3159,0.5943351068439837,1.2916183213218868,0.3338381865736878
3160,1.804353934342843,1.1182881636536706,0.1191441807678589
3161,1.1672457617508438,0.8375639334117071,0.8768691684214456
3162,-0.6995818359232132,-1.3581285143326178,-0.3680352078595978
3163,1.0365446190252452,0.7258477134479868,0.120064919728777
3164,-0.417453097176591,-0.5841983021112314,-0.1192392135925322
3165,1.929175741278416,2.08171276353087,2.6363890888998904
3166,0.7419964692960316,-0.4685537024354585,-0.2624270482328961
3167,-1.901547674505871,-0.3476863895725027,0.1075929660500253
3168,1.1973153342727991,0.5905595610564242,0.4211454593320211
3169,0.7501749541342271,1.547481514646721,-0.8314685032924645
3170,0.1894735272420684,-0.8866145527008591,-1.5611537267118742
3171,0.1779917862671853,0.6817758748229826,1.4262543270794952
3172,1.366812226346234,1.10944419985802,2.12220613796126
3173,0.7235170820901756,-0.5001835175337024,-0.3126836541129516
3174,0.3414415371621657,-1.1641039218230715,-1.3222044740882273
3175,0.3067263802224999,1.1900296356122448,0.6755258105282295
3176,1.565363068597627,1.0889826829262534,-0.1535476418336022
3177,-2.5483054515629298,-2.6574029124693648,-2.778062921420671
3178,1.6292120525777456,-0.1366856394709039,0.4450703140645963
3179,-2.504210802554702,-2.654254477600414,-2.126078701095362
3180,0.7139303494869624,1.4465168994451156,0.6388138852770354
3181,-0.715152788513512,-1.327356639208282,-0.6410334091129906
3182,2.8963265921889394,2.199791583687152,2.553878226710399
3183,1.1655297814205878,0.6101914974344823,0.8629512328828399
3184,0.5439163538979813,0.2155139799374478,-0.512371798644405
3185,-0.4638262752332175,-1.1491219388222524,-2.3191021406825207
3186,1.361685338434048,0.3562609882972805,0.6880294183969002
3187,-1.3595682174032089,-2.1400353604543803,-1.9140186157109955
3188,1.3186715588505664,0.5249212747375567,-0.7252923488021008
3189,2.892068600008741,0.935666789211665,-0.0797729063912384
3190,-0.4898285656070337,-1.8659732326460965,-1.875328512496164
3191,2.2803968662589185,2.367671407778472,3.379788963197002
3192,1.7827559077691977,2.5819343598996247,-1.3698542605935815
3193,-2.938467738778681,-2.972837809813164,-2.9262600493934614
3194,0.7023066760155949,1.0165056427667916,1.81316636529322
3195,-0.4713003722036252,-0.7401057456676656,-0.4183073457130647
3196,2.365544681730809,2.198067628425043,2.798941326575874
3197,-0.6296311176903785,0.4010288977510223,-2.3441483821699527
3198,-1.658805859525614,-2.311896857915567,-2.719529872525881
3199,0.8047454108099219,-0.2096897723780197,0.1263464068431772
3200,-2.6798268905330658,-3.444595722880646,-2.974482823654349
3201,0.1064125925378621,-1.055726050535864,-1.5724151107464608
3202,-0.2912449276316428,1.2145380423179697,0.2237734151359235
3203,1.5252012962649504,-0.1345739086927988,0.46188332403323
3204,1.0243770806927244,0.034822577253648,0.1673034165195116
3205,1.570635870664438,0.6794413194375017,0.996934232573208
3206,-0.4744516346455761,-2.008110416473028,-2.0503335577807205
3207,2.515359731854036,2.5944451491697755,3.971874636494816
3208,2.1100627429471186,1.4457138316515372,1.1414093408609356
3209,2.2658176245211914,2.659031502758428,2.776517007834709
3210,-2.63139628337594,1.7484600129699666,2.145174955695262
3211,-1.840504876388089,-2.322861017073233,-2.30001455293275
3212,0.0046697152944309,-0.9898079816022144,-1.4060725347349483
3213,0.3471692238647995,-0.4624588726172031,-0.1531163131447158
3214,0.652141911308017,0.6279184384641713,3.100041079147136
3215,-2.221700560770062,-2.6765164633613967,-0.0669158562020267
3216,-0.3574098620541172,-1.7896636783723896,-0.0976384987773461
3217,-0.0518684917403695,1.0096997023149277,1.086043842438017
3218,0.5737255796238242,2.540856852564296,-0.0640521520438408
3219,-1.6720225391880998,-1.4087415838320128,-1.4258596927812028
3220,-2.667195932792094,-2.6965950306776074,-2.607934950706206
3221,1.751574215432468,0.6021693707538464,1.1244204769792807
3222,-1.5001340042429565,1.993328119015219,-1.2426129849658474
3223,1.176323201435871,0.0161137294064144,-0.5414957888907941
3224,-0.9950666573046714,-0.8245470986607342,-0.973648880796559
3225,-1.373529765610734,-1.787783213149163,-3.302906910599013
3226,-2.084560993414152,-2.247737242811238,0.0069038636212895
3227,-2.040122002400929,1.7594057176292537,0.2102322761190598
3228,-1.7834147885509433,-1.3434425438738216,-0.5099293304172174
3229,2.357559477672828,1.8546065148117388,2.4499256150982376
3230,0.3987229648606485,0.6244201144137931,-0.6069750495906513
3231,0.9022021768735063,0.0279167231685841,-0.0547000590733426
3232,-0.5456033329359502,0.3401180465627507,0.978809901357358
3233,-2.948175283171625,-1.929392279587436,-1.600923472263633
3234,0.7853279062240424,1.6032906958228916,0.6074234672712
3235,-0.1317158610134378,0.1919771286771632,0.5269670460258489
3236,-1.4490801263898816,-0.8509376870379084,-0.9715206733381166
3237,-0.3247964879711175,-0.957132027468418,-1.23897363291592
3238,0.3389645978763057,0.4389066142088864,0.3937742799121554
3239,1.5176047305173614,0.5633220909926803,-0.7528958759975874
3240,-2.683487220528288,-2.24734424642221,-0.312783844246669
3241,1.9722651971017304,2.417623039376597,2.074891347792384
3242,0.5164961920137249,-2.05035155403825,-0.1878698758071201
3243,1.973701479335244,0.9452406343899812,1.462226817960476
3244,1.1230593499616577,-0.8215982416455763,-0.264227635710364
3245,0.7470932324676635,1.8189091046980888,1.202894484130005
3246,1.6590173694349462,0.7721067730306592,0.2263077036337534
3247,-2.006902561830316,-1.6562738521144982,-1.8759485729524288
3248,-1.4642133914687885,-1.693610571282357,-1.1631582247612826
3249,-0.705893508259113,-0.9269535719261072,0.0158980867999909
3250,1.9254542668821453,0.0277493123028814,-0.1501456282865177
3251,2.387872094106507,2.2971015231934304,3.444686994389438
3252,-2.413176656505689,-0.1406812216304154,-0.5762012520694326
3253,2.3951784939299823,1.13121817954851,2.269253043689025
3254,-0.7709749310902632,-1.0599976404780396,1.862208783049472
3255,-1.4731934272038965,-1.4960694174525346,-0.6562264927364313
3256,-0.5856618546299955,-0.9913799395896647,-0.8531580670466097
3257,-0.1958926943507168,1.9776606043637608,-0.9810115835656577
3258,-0.698370690889036,-0.5734985017101706,-0.5465910975284758
3259,-1.628716930421306,-1.683054283017197,-2.549242935519332
3260,0.123726301720274,-0.3291265434013009,-0.3132313268510432
3261,0.3635251300620252,-0.7832697670219755,0.5811525972947107
3262,-0.5408554240533666,1.0961054745539405,-0.9202972394627268
3263,-1.901745550022271,-2.5993570995961908,-2.2073841874764626
3264,0.5666598368814164,-0.3273848029617287,-0.1850897235238245
3265,-1.4192735947333974,-1.4557691564055355,-1.315530223707105
3266,1.6037739192609244,1.0181515744175034,1.438100239319068
3267,0.979594171932102,0.3449518601404293,-1.4980609484632683
3268,0.6519753143764503,-0.2712763803978287,-0.4971706457294361
3269,0.6732797604512468,1.152448136267521,0.95354153128742
3270,1.1505325794241572,0.7270353087496274,0.0180227225458889
3271,0.9382806295372,1.169339993238244,0.7790827918822549
3272,0.5807697000594634,-0.7849291693861431,-2.186834507653056
3273,-0.1937178701573366,0.1189699577820259,-0.0591634713993839
3274,0.4370755287035377,-0.056412957377054,-0.4427472010294114
3275,-2.536432313626537,-3.0991809148876905,-2.391396653080936
3276,1.1985571862108455,-0.4766985026463923,0.7603367871731377
3277,2.158122420655208,1.7089627806519792,2.487155660232155
3278,-1.8614101861813144,-1.9318011569484337,-0.6465100692749992
3279,-1.716840598875266,-0.5341821458580627,-2.2673143388923584
3280,0.3727256592882255,2.51069220879739,1.028309763894678
3281,-2.77595778752744,-2.48901517984311,-2.46427921201465
3282,-0.2551440751764675,-0.5406302318268186,-0.9221501511537278
3283,-0.1810518863325353,-0.6154233629674226,1.0619297960428833
3284,1.523520480353764,-0.9861355179540202,0.1165708247257152
3285,-1.1012474263239211,-1.0344827712232612,-1.1594869663849117
3286,0.8229456493903116,0.4032912207390611,0.7728755631282274
3287,0.7586630659135477,2.17638979314705,0.9292485082141798
3288,1.0920636077724026,0.033463257714652,1.1834556301524313
3289,3.030607214271676,2.9561131946341286,1.61235890089137
3290,-1.8597069724874224,-0.2645112480701197,0.3792445909131264
3291,-2.5891101595797226,-2.1780540216163207,-2.2673143388923584
3292,-0.464165261131012,-2.0828672207899137,-0.709908388097521
3293,0.3954708063496062,-0.6244843591404896,-1.4229028128106642
3294,-0.8873167549416112,-1.537701871557471,-3.0765060517303096
3295,1.1917099161995244,-0.0946458585465012,2.102475915937777
3296,1.5835023864270033,0.783784203697964,0.3408638162351645
3297,-0.5228991798191828,-0.2663769021288567,-0.1544548068156478
3298,-0.0204698435631692,0.1593856549600971,0.5328576565579334
3299,-0.5622451808928887,1.5016059920693017,-1.680217958737641
3300,-0.7449315471863653,0.6804116447986932,0.9642048564030544
3301,2.4131585173416226,2.135564716710647,2.9889858103311826
3302,-3.093677768467368,-2.7898955263467085,1.2726307691071188
3303,-0.4861434636131908,-0.3967639673615888,-0.6692965110336948
3304,-1.0905341500999344,0.2330434765008098,-0.6449939785186775
3305,-1.2733845216008983,-1.9858842145737208,-0.9053004694866336
3306,2.3223735498535936,2.311366242814216,3.189241147445778
3307,-2.073003521439184,-1.370775214381658,-2.9634748005417224
3308,-0.4235329111831635,-0.771266954787736,-2.126964849922357
3309,-2.25488500028665,-1.91006042724878,0.1651720474103801
3310,-1.9321736941300989,-1.5392272296112934,-0.8481958422410617
3311,-1.7634198237731378,-0.6501771103641061,0.972726326216798
3312,-1.027263160908999,0.0209972578498445,1.0540390323734423
3313,2.612907016942506,2.0395254798074247,1.8926386394856545
3314,0.7832242629457885,0.6802410515979046,0.3370169353104053
3315,-0.2621623065552286,-0.3887478555204729,-0.1851789852731541
3316,2.1368315115550063,1.522989573312241,2.0164247422928083
3317,-0.0130267725145195,-0.5185441379824105,-1.3340913636078784
3318,0.8098681013835701,3.210941499543625,3.326486883809749
3319,-0.2785313620078282,-0.761917892903417,-2.4051618071677634
3320,-1.0672508565510594,-0.7510705287862014,-0.8864087593999069
3321,1.0584068347088844,0.0865855175203739,-0.0292719256730006
3322,-2.371538650141936,-1.7344134163837877,-1.300936789211783
3323,-0.1319842718811766,-0.0070419335875988,-1.5689016125384108
3324,-0.8021018506025848,-1.315750233054762,-1.156283861375624
3325,0.6484944647904959,0.7262295526672757,-0.0460352816339005
3326,-1.2849736934472964,-1.873404307187241,-1.7156016836716532
3327,-0.0227318740303538,-0.9025054803774876,-0.6751466954093566
3328,-0.3197682995291245,0.9840783872664076,-0.5383433661602052
3329,2.1770408395771907,2.088880693283365,2.860447237072947
3330,1.595266945584468,2.5057605742185305,0.6867472716988199
3331,-1.7609651182980874,-1.7125238364454016,-3.379517209534616
3332,-0.9061890155818164,0.0794345785975096,-0.5241640702891189
3333,0.6504575792315247,1.634981378973849,0.4393157621266566
3334,-0.6558337343315893,-1.1119995797398776,-1.034570208454228
3335,-0.6240390058130344,-1.1392140610709776,-0.9435893293231544
3336,0.2393061806128004,-0.4350680273149973,-0.7184522173267355
3337,-0.0381467375138182,-2.9058902041650634,-0.1533315601667034
3338,1.2709905074081391,-0.5810632593676427,-0.7333728707806386
3339,1.1693147278128526,-0.3449822639863415,-0.5088332267135802
3340,-0.776445039530983,-0.9694041817590427,-0.332775788038318
3341,0.5126731001922329,-1.5901495301030997,-1.5990168322996798
3342,2.3904844677085624,2.442887495638274,3.3064449138904446
3343,-0.1098990254508505,0.2410326611522585,0.4606290667446742
3344,-1.501257394989839,-1.7086604395972202,-2.3705794964013407
3345,-0.2321059048070143,-0.5506201482711814,-1.1526650897127415
3346,-0.7645337365515082,-0.5185475361642097,-2.240432374592076
3347,0.2193484497306737,-0.7319332669478709,-2.0720783104564653
3348,0.0446477585470682,0.3122432893812216,0.6383097941148344
3349,1.4063826350988589,0.6372846094676794,-0.176867154542549
3350,2.0842737280421133,0.4139159846561664,2.982192439645425
3351,-0.8643911624532069,-1.6305673979839668,-3.334611299743291
3352,1.997442381263144,0.6637060369812098,0.3386975473913887
3353,2.768150277135418,1.3550379570018476,2.428610098039654
3354,-1.1983058135909508,-0.9944896725418572,-0.8451497636819894
3355,0.1209219004564256,-1.1139516723220784,-0.93622918093305
3356,0.952103739039604,-0.5249973897785509,-0.2463156852350522
3357,1.0516975554151773,2.066462559572241,2.753943482247964
3358,0.2196179443343657,0.112223995494177,-0.821834203992194
3359,-0.2462642101652331,0.0225699847298201,-0.7872954097108547
3360,2.220360698487371,2.500446042711149,1.016359870513434
3361,2.410314388077948,1.621711327964326,2.624586231215245
3362,0.1503615290424464,0.0287045043304647,1.618907330865651
3363,1.2556191470699831,-0.1834371147225371,1.498208123158158
3364,-0.5187630002528666,0.2136991956756392,-0.3759268145905699
3365,2.352171836575555,1.837433253446724,2.318883535902708
3366,-0.9778930706200034,-0.338614449249983,-0.0863711992556607
3367,0.7938754256730082,-1.1005523248806628,-0.7045206254669099
3368,-1.245561009939482,-2.934127258585037,-2.969772796772793
3369,1.6330134638630849,0.9114355895237076,1.947260857376192
3370,-0.3796505044467666,0.0203962896344302,-1.0622484032145751
3371,0.7114468818749635,0.6661735122403178,0.949168913168079
3372,-2.238554017888561,-3.039035334176677,-1.854012164295117
3373,0.5543591643412321,-0.2539859217514016,-2.2715143316101605
3374,-1.4066941093448122,-1.1984746636985988,-1.3528283928583351
3375,0.5623228609681272,-1.096445706152415,-1.8506993224877792
3376,-0.8586058751965601,-0.5458534813530536,-0.2828825478161364
3377,2.290431535425395,2.0225878107009314,2.7878175963310245
3378,-1.555168982304879,-0.2990486595755297,-2.6387914493791973
3379,-2.6936001088421424,-1.560949108862144,-2.4341439367326583
3380,-0.2514031712846957,0.6314858996132513,-0.5883031583793426
3381,1.603817715568035,1.3895821389597018,1.139353152718794
3382,2.628598674150709,2.4469950086782792,3.377477860256026
3383,0.3498863849231791,-0.1677902227269978,-0.377839657178469
3384,1.8451938594920128,1.214546308793739,1.7959465647898452
3385,-0.4271302631478931,1.0109236940298418,-0.7492048882560214
3386,0.097831208832202,-1.7795008608505405,0.90599941273969
3387,-0.8238965601322255,-0.7062449541057323,-0.8912418421615208
3388,2.1763898846155976,3.228607211216106,0.2149706654679493
3389,-0.0519661203871358,-0.98359194428566,-1.9958324187728909
3390,0.5157438560223122,1.3697267601890977,1.1265515893121154
3391,-0.1576340122862232,2.412215513138092,-0.9174326446873322
3392,-1.0082750126478923,0.310152577726783,1.9965996435189413
3393,2.359750998934635,2.412223794541273,1.841940094704124
3394,1.4904906474752018,1.021337290769483,1.2596355454485852
3395,-0.2232069769228339,0.716783821554533,1.4423436309236144
3396,-1.210980645799923,-1.5057456836943346,-1.0771718164003925
3397,1.27624764763348,1.027658167972406,1.2992078215414191
3398,-0.2851600676257658,-0.1856076154106993,-0.5903068848120552
3399,-1.0424897164959104,-1.4458433972740092,-1.816740065162764
3400,-0.0302855771499962,-0.5801118919167313,0.4280411184347479
3401,-0.997346917863445,-1.3482020163435808,-1.5314398207553983
3402,-0.849135101920227,-0.9336089494977252,-0.7112645703261888
3403,-1.6403811736495506,-2.2136368106193225,-2.7522549715648608
3404,2.482154816570009,1.5318501867675791,3.11713670254113
3405,1.6542095607174483,0.6353026354917761,1.4572702255540686
3406,0.5904084333164694,0.4599781318272968,-0.3907367208664989
3407,0.8599210998076675,2.266617902861664,1.739270798543215
3408,-0.8790761230747263,1.5765377220149317,2.6178814337189387
3409,1.0547158188352102,1.7178461928463722,-0.9376116449740776
3410,-1.4508592817632338,-2.209024659204094,-1.8643324378706327
3411,-1.0873743586780769,2.0706758542804296,1.0549431884420684
3412,-0.6075945314112879,1.9346488453670627,-0.9235290300707522
3413,-0.7661087003422631,0.7598772674681071,-0.3676753950240705
3414,-0.5296484954879657,-1.006711088674712,-0.8949188164891485
3415,0.5521127501637737,0.0596476000967503,0.3222099692194726
3416,0.66772903264238,1.4460268494072723,1.0977102109417445
3417,-2.5744143290147723,-2.608299775368325,-2.6799614555757403
3418,-2.7211554044303226,0.6611454622327011,0.0284687581474826
3419,1.109368142605012,0.4206436421248061,1.9504218601634664
3420,-1.4620564326705408,-1.8049044071248803,-3.315804559601558
3421,0.8768041579562439,0.994746989373342,0.1126773319835257
3422,0.8045985432815796,1.1254461535579563,2.209363363567737
3423,1.2580618323496533,0.2772229887848585,0.7760482916069142
3424,1.7079522623808647,1.5278841491152773,1.1049428495438638
3425,-0.6007721882617325,0.8667581916199898,0.0882809221898669
3426,1.6396733877728338,0.2366916769061333,0.6270373596963439
3427,-2.5636426381504567,-1.5604868489418813,-1.665471873300151
3428,-0.5160090721664161,-1.4067005774129977,-0.7953400449635281
3429,-1.4524629282071773,1.7599541508659415,-1.4232736043742518
3430,0.3100974910229429,2.217420119890026,-0.7242568922278738
3431,-1.7594948459587565,-1.2998362136149797,-1.3214527365232158
3432,0.4477003975839382,0.0751606966557052,0.6952387314245034
3433,0.3822817497677442,-0.7416824709056656,0.6059925554256353
3434,-0.0412623505778027,-2.93694015985668,-0.8778889977048202
3435,-1.7794053154256453,0.5898354845220126,1.4092813982058123
3436,1.9753286348350725,0.4235923525283748,2.0357616483507384
3437,-0.162020399724261,-0.8693276259020394,-2.4093433407849627
3438,-0.7041205614585065,-0.7465188103636288,-0.9414139882631936
3439,-0.8811289888416285,-0.3849047660520436,-0.9260308404297588
3440,0.6889815385624578,-0.755646411630523,-0.2733877350905147
3441,0.984277463944668,1.2991752353348975,0.6084785162352708
3442,-0.9759445898839316,-2.212526001951776,-1.6573117795096792
3443,1.369032713717815,1.9199375601992017,0.1800580413444762
3444,-0.6600611357509414,-2.270155677992672,-0.2928926603727343
3445,1.9879172066940096,-0.1019564397341538,0.6487791288449092
3446,-1.802758653112268,-0.4522061827758066,-1.2420430578966783
3447,2.442440783258377,2.071391778663319,1.6049774828359946
3448,-0.5979749380926167,-1.4509649160216211,-1.2471030517189343
3449,0.0068180404037801,-0.6750182966818852,0.149416264674928
3450,1.678475857771544,-0.1320157012032691,1.522859789126478
3451,0.6247263114184045,0.5279048299754174,1.2125903449689512
3452,1.1653754460327554,0.0118101477000696,-0.1906693618320435
3453,-0.724698957925806,-1.5297791705313912,1.7362168745763396
3454,2.767089997420261,2.523897640304889,3.890838723331084
3455,0.5238848257094865,0.0008649320198309,1.98291415737768
3456,-2.4553952087963413,-2.5607298662484776,-2.752368906158159
3457,-0.2250522760432992,-0.9587531360061168,-0.7166681855020129
3458,2.626489745433032,2.5239361181788,3.892394282295966
3459,-1.0756761434423494,-0.7975528999595324,-1.081340594588821
3460,1.090667421243274,0.7661276717615957,0.0303483008353748
3461,1.6638836530178764,3.083005490211409,2.5555221125034064
3462,-1.9235190997756844,-2.70344135563066,-2.8552712246193783
3463,-2.9656874962029134,-1.254748515760281,-3.3295743884692155
3464,-0.1562930614818778,0.3105554671917793,-1.123692342650208
3465,-1.161091036856055,2.50266591884173,2.520320648737787
3466,-1.2554872968156083,-1.3609227077763162,-0.6783277971427013
3467,-1.3470696375855504,-1.7229176129846666,-2.0790481007533312
3468,0.1449218927715859,-0.5662447113950296,-0.9790920950070808
3469,2.6945319813813566,2.5969646134354303,3.733494258301005
3470,1.0642801773724506,-0.0150862190366498,1.675966443626424
3471,-2.713882678638984,-1.1333023401702818,-2.5647506435920886
3472,0.1677979732281393,-1.0727304128889985,0.2366867322995506
3473,1.3951272058420292,0.6943391227098551,2.281710080890209
3474,-0.1473608826340744,-0.330452488066241,0.3405035569054179
3475,2.067433021764088,1.2995445752598498,2.067408610706193
3476,0.9396393223754266,1.45135370521802,1.5931897953700238
3477,0.0628942912972781,-1.4440992295144968,-1.4290223836599785
3478,-1.6888599244870557,-1.8034731482164248,-1.95980832035532
3479,-2.2115060925484533,-2.2571228096771927,-2.505601449067842
3480,-1.0923991515848992,-0.2084076122453177,-0.5700791917983938
3481,1.2788742703197558,1.3379217940053048,2.348520578579095
3482,2.145698173485169,3.0045332140538195,2.7227834547106755
3483,-2.248053719014209,-0.6607801125196519,-1.5732790414794766
3484,-2.2038803879810973,-1.840504769231503,-0.5038946860108573
3485,-2.525444816340989,-2.3644389647193136,-1.9486195634992527
3486,-1.121203297633954,-1.7971847539167412,-1.7983425026971862
3487,-1.1348304894302357,1.3540244516465012,-2.3007958571178064
3488,1.2125502964883832,1.361000072096747,2.0844183681779005
3489,-1.3441111902890308,-0.4272434664750844,-1.8319271676795204
3490,-0.0769832688703633,0.5573088371778216,0.740757524308184
3491,0.5949294956395047,0.6731394409938289,1.310211759065656
3492,1.8074086001231409,0.3117517620814914,1.0914669933328076
3493,2.028397981773059,0.213299361819314,2.491166224806612
3494,2.5729457956862327,3.003619499236134,2.968368895988724
3495,-0.4407215411583319,-0.9458848015309832,-1.0633974537534012
3496,-1.2537699409953535,1.868115471098875,0.5519491983844257
3497,2.260340842718246,0.7709351512616056,0.976771233543354
3498,-0.7487329938462193,-1.259447924113447,-1.9219681424425064
3499,0.6509553151650932,0.3095606928769406,0.2620102977526856
3500,-0.8468970722273674,-0.3567663045225254,-1.1128763526154926
3501,-1.3215600957500893,-0.5195518598682765,-1.831952122408979
3502,0.0712431656182203,-0.8295301796202359,0.0409043724673244
3503,1.6590928405304255,3.120011582090267,1.9867429720117515
3504,2.6628768940089733,2.294215203842437,2.417888823259422
3505,-0.0602523090371954,1.5522969205577533,2.033784757792628
3506,-1.3245099733652594,0.7923419756222154,0.9176343212965328
3507,1.1762181900680793,1.0263664066857434,2.0754179204902825
3508,-1.3981459618012473,-1.6252659782133996,-2.2726260254153723
3509,-1.2666266274250546,-1.4695969704639578,-0.8501723564542264
3510,-2.3092295511678835,-2.4565776921964084,-2.6131932632262096
3511,-0.2213029889670984,-1.0238778724759046,-0.9693735865555684
3512,-0.9424961642530444,1.5592226276205734,-0.4815911413302934
3513,0.1758951505053612,0.017568315179667,2.5487361022259685
3514,-0.34683166367702,-1.3184996071108026,-0.9074637989583434
3515,0.8053199971061316,-0.1477699065181197,0.445514375279923
3516,-0.2316682202518991,0.407286967859137,-1.0059776076875384
3517,-1.0828769068235349,-1.077064914934741,-0.2573761501466985
3518,-0.0839856591984426,-1.975062326882589,-2.774856685618745
3519,-1.7420999415034568,-3.131211854592973,-3.0441332513376684
3520,-0.1342175961007684,-0.2884261674629236,0.0452699167756088
3521,1.990703803546668,0.0301712665184737,1.5714142327896634
3522,2.238486392218648,2.841294386982356,2.728017653617443
3523,0.039953718238448,0.4546650161927222,0.3941925802936608
3524,1.3296032613932334,-0.8287759430806647,-0.4693869112264505
3525,2.0039383859812068,1.4148033516156522,0.5400121623450478
3526,0.0716141590102067,2.0438662337303475,0.9559116804164782
3527,-0.2434592854578159,-0.3283920289469023,2.3149276656618945
3528,-1.989231944459572,-0.3317570391062956,0.0191972057163015
3529,-1.857484630935164,0.1154610998987854,2.4823752625681665
3530,2.38317003072548,1.6233341058283757,1.3173546010353203
3531,2.440704687500736,2.1413091914092,1.561540380767785
3532,-1.965261969517072,-2.452378322505655,-1.7879018610131383
3533,-1.2070699011787804,-1.7050110600321815,-1.927299046455812
3534,-0.6996911819798808,-1.6916865123522158,-1.5250705145248498
3535,2.164835683154734,0.0925167333031041,-1.5926651405913568
3536,0.7495283442937701,-0.8505596312952047,-1.24586671362139
3537,1.359808732040865,1.7680944298058294,1.6618220119452616
3538,-0.1081423848590306,0.8515163029509389,2.06785635554557
3539,-1.7651924137557593,-0.9698899018267602,-1.4243538404352671
3540,1.157526783640931,-0.2112357820583978,-1.8711260400637169
3541,-0.0058656585638611,0.9472136666768064,-2.0591782067353823
3542,1.5286872628365276,0.5374732465106151,-0.0907576857330011
3543,2.003989132210628,2.442930783246424,2.568196224197113
3544,2.0660457656309403,2.762681505270092,2.641097541411349
3545,1.5238485747826462,-1.1386718908576654,2.0142765419056263
3546,1.7163079275844373,0.4409466186583198,-0.471778563435011
3547,1.6288182341600503,-0.6630456391378579,-0.0193114906292509
3548,2.136635163439204,2.4978976997225435,3.211376056713074
3549,-2.2478699383166725,-1.0055749225624335,-0.0632701097360359
3550,-1.2448257066173234,1.093158020600154,1.1818028491213508
3551,2.8538712504959416,2.082272325068909,1.7418871536897906
3552,-0.9311485673053852,0.2345852747081028,-1.4452517554751008
3553,-1.7558687593446023,-1.8472556277326924,-2.979954264541856
3554,-0.3820375155525463,-1.0778223256507,-1.6723417981928876
3555,-0.8550979657763335,0.0293191557934639,0.2164311930207169
3556,0.8279678455005833,1.061190309255441,0.0789168440320277
3557,-0.7762715685010616,0.2163934984154087,-0.900009465295371
3558,0.2195816436167293,-0.3973777689985469,0.0070449163353854
3559,-1.9794582555137863,0.5212331917603195,0.7465621680265053
3560,2.3501407462102657,1.7527173256359938,3.0035442344762773
3561,0.1676566574364262,-0.3428038203341677,-0.2599140291806327
3562,-1.0237708771153626,-0.5734395488456616,-1.150287201068893
3563,0.5326929513284749,-1.1331818943909433,0.3797494846289895
3564,-0.7113208973332432,0.1169151056422658,-1.6620455741296984
3565,-0.7487193115011056,-0.7085135089840533,-0.7137167382232538
3566,0.0439074626097931,0.3092037400314691,-1.109726259677123
3567,2.3127704233178874,1.390438701793634,1.6082471445584134
3568,0.978468637659023,0.1119174110472306,-0.0460513692442178
3569,0.6381844119810497,-0.5653659337470154,-0.4837260082134269
3570,1.3084534055447294,2.533457097129725,2.937176073541711
3571,0.7099540214119308,-0.9699526784718256,0.3529010075629828
3572,-0.6766294099173191,-0.6283460624516405,-0.8258260867136655
3573,-1.426102444567247,-0.2694654108974496,0.6455644294531736
3574,-1.934791660129895,-2.5025520174784965,-1.82263696480617
3575,1.4271915964682396,1.924855853959316,1.750887115704658
3576,-2.0061775564391,-2.212203593443338,-1.0585353201911731
3577,0.6323980503299848,1.114779567895228,2.932811521588267
3578,-1.0762319358236312,-1.6295501091064446,-2.392125176567754
3579,0.4165061494215493,0.3838902996647684,2.458354675800117
3580,-0.0229049225261862,1.0140459434474174,1.162292987355458
3581,-1.5331451665303344,0.2337956418174063,-0.2705968581663472
3582,2.167441479389589,1.2190145422209857,-1.750808840931762
3583,0.440231375924736,-0.551888956489741,-1.1277742952459853
3584,1.991651984365948,1.8308582913994964,2.1823873384298467
3585,-1.2380796923833086,-1.8169729521861853,-0.8818653654244607
3586,0.671856609601785,-1.8232856938379327,-0.548748594133765
3587,-1.282526908829607,0.5896352719360648,1.0241305341428852
3588,1.756481164374832,2.4418161796162825,0.9333194443508256
3589,-2.3208443613684504,0.3416441410131841,-2.659387439116483
3590,1.1096874853582237,0.6721076117619946,1.1803057741705587
3591,-0.3979963386166738,-0.4882735350478253,-1.155130290035288
3592,0.2344263984434519,2.679651696894981,2.521226086937692
3593,-1.211032159616668,-0.8654689749992752,0.6657671794301836
3594,-0.0768257281960808,-1.9443688299092896,-0.9775370248266988
3595,-0.6757639883498494,-1.1917310105509522,-1.608342580415277
3596,-0.8349308984216259,-0.0908987280650525,-0.5869753154496518
3597,2.0423536628229093,2.495422451525694,2.863775135423877
3598,2.7720591276878483,3.418563624368389,3.640852875378267
3599,-0.8501269788302456,-0.8759269445466444,-0.3380514514440466
3600,0.2745042308116173,-1.554569805296486,-0.1289357422802617
3601,0.9392553338065394,2.758608205099708,2.64036793122482
3602,-0.6167256138871289,-1.6742826036141023,-0.3979956084963173
3603,-0.0294694568109689,1.140360786985,-0.5382104634736644
3604,0.7633976975101827,0.7223300428573678,0.7662235068790015
3605,0.4186062821246914,0.354164509981801,-0.778231468327487
3606,0.5100250644001821,1.103104065378681,1.1982126557614865
3607,-1.896454503185484,-1.3902925498693042,-0.8520551599734958
3608,0.7819190890835594,0.7708826263433424,1.814175244898828
3609,-0.8348417312742327,-0.1671382506854848,1.223863648515343
3610,-1.1349981772048978,0.0402066685477157,1.562245217524646
3611,0.1174076589238443,0.4277294061056381,-0.582706228431698
3612,0.9380704145999966,1.0228920044360563,0.5687666787668302
3613,0.9420817203227324,1.4016360021568974,1.313046785797121
3614,0.2833514648927958,-0.1761006475540412,0.0998430930564119
3615,-1.1443980026942775,2.6754203599472177,-1.7986091324905478
3616,1.6219575619181152,0.5237125676114376,1.2763659410293595
3617,2.341606289000294,2.2732794563512178,3.044075521350877
3618,-1.4307456188379344,-0.1330377174493116,-0.6627006723435573
3619,-1.315816768225228,0.8675646261310314,-0.4375700951701017
3620,-0.0358865867005608,-1.20841246253582,-1.16723051439337
3621,-1.1311673524772308,-1.1037005736867065,-0.7074642772451244
3622,1.0506490979470031,0.3201884900081581,-0.2443609990909049
3623,2.5882192650727487,2.368900608554826,2.9608148135082497
3624,2.514628278562158,2.3513076073273416,1.7080529579216768
3625,1.6728597012423645,1.4094435173282052,2.2661514804850604
3626,-0.3247119589068137,-0.824333199115346,-0.5251645728944978
3627,-0.1969215344471788,-0.6574881958910219,-0.5738302109572998
3628,-0.0452965277554936,-0.9453151040431512,-0.998554126746948
3629,-1.0433900290300062,-1.171781069020816,-0.50369259768494
3630,2.21525275686115,1.2187027199136915,2.1033182771119603
3631,0.9318888728285364,-0.244886361943761,-1.4342247972856823
3632,-1.418524196458232,-1.8968747555894376,-1.679903544217614
3633,-2.229718118495926,-0.6606904012482133,-0.8254932732060705
3634,-1.0485073376145706,-1.6911733173825134,-1.6865919516487502
3635,-0.1068809080521222,-0.5308881442790381,0.0813730672871221
3636,-1.844807746304672,-0.4556897198991811,-0.7112667880820792
3637,-0.5622809521087154,-1.3815128892946802,-1.768934103065322
3638,-0.5711436093355731,2.0098936802094496,0.4275783534522069
3639,1.025114453733466,0.5921401338308169,0.085039191119668
3640,-1.853707379456121,-1.773768790179983,-0.6536661738803518
3641,-0.8811765525029358,-2.4040889301394484,-1.2362081265825595
3642,0.5912098229153914,0.6586780547315911,0.8593019944334636
3643,1.0842740829969408,-0.486407042837611,-0.0260626509259925
3644,0.9548965789200377,-0.2686205183427259,-0.4344728294710627
3645,-0.312283055748068,1.021081337159204,2.185820031520356
3646,1.3176729904239328,0.2445156932870122,0.2237485864690211
3647,-0.8946699883731284,0.6251521001603151,0.8239491283587704
3648,-1.1503848508482566,-0.462247386548149,-1.0545884443905942
3649,-0.7285119325300091,-0.4716714033665343,-0.22331966725044
3650,0.3591770434307934,0.2164962281328463,0.7677721839796685
3651,0.4333413851355696,-0.3625383231449173,-0.0380424574853707
3652,0.1205726824769884,-0.1620560784194961,0.8626839235366324
3653,2.3673354868681606,3.189790733651469,2.869407282690399
3654,-0.1534906086189911,-1.475115286038858,-1.4247218592543274
3655,-2.924978203307808,-2.8999560467322025,-1.6073701591035527
3656,-1.5686317357134736,1.826335170936582,-1.5159552369054674
3657,0.0216057068104282,-0.9054701652067002,0.1435581427094815
3658,-1.0800528939824934,-0.0158719634777897,1.1374441021332584
3659,2.65782342767412,2.519796400831282,0.6272029389421778
3660,-1.695216042464173,-0.7408157067275206,-0.0521289549562236
3661,0.3462938514072915,-0.7689130239972316,0.9556899850752536
3662,0.1659175682959804,0.2363353906144161,0.1649547735075369
3663,0.8649950261292425,0.0223856644588868,-0.9757162139092456
3664,-1.8835138344870528,0.3356475581806088,-1.4195932901498072
3665,1.7204096736991026,0.9390397020886108,1.810539498654411
3666,-1.0056447721442283,-0.9662983481540046,-0.7477675817022476
3667,-1.1027793851683407,-1.508512744914622,-1.9076400017765365
3668,-2.920065680313288,-1.794173304179415,-3.2912405425526337
3669,0.202819962590213,2.377368271989599,1.6739465709386143
3670,-2.5321903082678205,-3.132027572426749,-3.7104997551067744
3671,0.7415858873900399,0.854685456730909,0.3257640194456064
3672,0.4922892997827649,-0.4030221896623146,-0.3380147976015521
3673,2.3158552306380424,0.3331431637675583,2.1179014010073973
3674,2.083369653981755,2.202550628013931,1.7907641451744634
3675,-2.078125522525664,-2.746249245069993,-3.166019374419184
3676,0.7026076287900646,1.41680558523783,0.9098215825839197
3677,0.0647572122500033,2.349323692955688,-0.3388365529767927
3678,1.4192635892837862,-0.2692004572765511,1.2041354620940667
3679,-1.0640218600928146,-1.8370534712367848,-0.4406668077079436
3680,-2.179284254150309,-2.9286392187044896,-2.678030437254185
3681,-1.5113155082486407,-1.5806319755331444,-0.8904495104974566
3682,2.573716142453927,2.8055938443991484,3.0341546264091903
3683,-1.4670645895130554,-1.1081343786348858,-0.2938137957560854
3684,-0.5402222402085282,1.4081466794290391,-2.7792065684632803
3685,0.4862085652280415,-0.2149523905018307,-0.1077297281389523
3686,-1.1185862146709218,-1.0749344561349203,-0.3268545421839788
3687,-1.832436517219625,0.3622384073470813,0.4979406990377724
3688,1.7043021997434342,0.7251256782352347,1.197048415590532
3689,-1.4959185196478728,-2.937085685885339,-2.364845063079408
3690,1.2712246583951758,0.5623539719568718,1.2891099791682212
3691,-0.0942414662526246,-0.5001716397263032,-0.4564983124272869
3692,-0.1966184371571752,1.713882350617275,1.2013083101099455
3693,-1.660332800065753,-1.5298449072389109,-2.8090788404011566
3694,-0.701199947161018,-0.9694815431445214,-0.6462363864174127
3695,0.5542754376193906,1.1280688763061903,0.7547958038153844
3696,-1.964856014973347,-1.3737168613236896,-1.2540300018567287
3697,0.8226079759441214,0.6735362954278125,0.4265736515221899
3698,-1.1730579160649648,-0.9593475026591044,-2.147671387003536
3699,-0.9246452441615052,0.3496868121146326,0.8381340434931027
3700,0.0278661883409275,-1.3343771809082683,0.3073703707831028
3701,0.0420809367429792,2.290410137272745,-0.8247015071846118
3702,-2.1120712548217395,-0.4362042961297842,0.5286562948556449
3703,1.478162623346227,0.656364253724013,0.0966080963475793
3704,-0.12352871935522,-1.1133165765642847,0.0474097226056208
3705,0.5030494869417587,0.9321869725684534,1.0779284113121272
3706,-0.0227214962142166,2.2646520390627667,0.688706870858088
3707,-0.7794886445961952,-2.177434153636325,-2.113081601244088
3708,2.993642619665996,2.8391455789296183,3.5282400936860743
3709,-1.8638409542051515,-0.6541001029761148,-1.130993021303646
3710,-1.207066567480802,0.4316085756759565,-0.4098611263023796
3711,-1.7676235503811903,-2.3654434242407576,0.0468949725244291
3712,-1.4618088659647348,-0.0631397841052739,0.5612938581180297
3713,0.3635302049591666,0.5290759806840665,0.0102133541108115
3714,-0.4399446783631646,-1.190547278324002,0.7478619259559945
3715,-0.4196557810800498,-2.8140417870160044,-1.4243486730477393
3716,1.477143143936459,1.4746023296531132,-0.7334951835526722
3717,-1.079992869869596,-0.085054127661392,-1.053213541206646
3718,-0.8205529749549773,-1.478085543562519,-0.9952117081708928
3719,-1.321191819738285,-0.7238875098496598,0.1411142921995938
3720,-2.262178147048211,0.1091237590551324,-3.49036219934477
3721,-2.016886030073813,-1.410366785786735,-1.4812085380075402
3722,1.2576038244084633,0.9432784307685764,1.681395193254014
3723,-1.2653370438616804,-0.7877913585210975,0.2877312040584987
3724,-0.1333192281463751,-0.0109976665799587,-0.4203893072769775
3725,2.1100477829519004,2.234281549150712,2.717867357571605
3726,-0.1880626773470601,1.501953053532935,1.4202693741453634
3727,-1.3294504649173249,-1.1336203962134015,-1.6984393848779629
3728,0.5835613947768346,-0.0597675699340288,1.2508197581965683
3729,-2.738355904701303,-2.202264233438344,-2.839393390765532
3730,0.124965473681603,-0.589755539274119,-0.495267834676862
3731,1.0232254312183688,0.626963202979731,2.140464518125836
3732,-2.9557826305679265,-0.1970270990979442,-2.357617862693669
3733,1.5033635060315336,2.5474722207159552,2.754120614300993
3734,0.1933521741875841,-0.8959692103873,-0.4828294266161737
3735,0.35020207763058,1.9756628219713512,-0.7797725968495955
3736,-1.5151876948249383,-2.662245441078161,-1.6201598915562172
3737,2.698586605112075,2.521551535590714,3.809421795501295
3738,1.4607360415019834,0.978102035329217,0.0241426402674194
3739,-1.2036838448266318,-2.217092739554833,-2.305337959051788
3740,1.8690466619185668,1.2887225466691905,2.506915168703845
3741,-0.4728062418306672,-0.7075538045616738,0.4388499893283867
3742,0.1798490120352924,-0.7874003187160428,-0.3338145945513462
3743,-1.041523334979314,1.202948457777293,-1.664430298280782
3744,-0.9699349940562854,-1.4431265219330525,-1.9596684621024056
3745,1.4469604724149012,0.3707172414807607,0.762172331656406
3746,1.097594130280702,0.0853526048839004,0.191062804638386
3747,1.0651327188120483,0.9902311717202312,0.2371839061524064
3748,0.7665795416871638,-0.5184961974791815,-0.4213098729531533
3749,-2.8071604654751128,-1.6307611938174165,-2.203070737475337
3750,-1.571197483299173,-2.5584393748804284,-2.756815884244365
3751,-0.3711428994182232,-0.1645438901989853,1.4074322701678683
3752,2.5611988008898017,2.671747197857093,3.971233744348326
3753,0.805407014775995,0.3831622000044976,-0.3213247338892959
3754,0.0089549656899262,-0.2727020434942586,2.305456898631431
3755,-2.089485416159744,-0.6549111935848716,-2.717975127922042
3756,1.624464971439785,1.8696859999347184,0.8704725941799638
3757,1.4010309510263546,0.9750926603472894,1.4126743739502925
3758,0.1288265888242747,1.529626420636696,1.7980268793882723
3759,-0.157437120401034,-1.3815580236029783,-0.2707798209807729
3760,-1.6854192252210545,-1.7635980768782835,-1.535710391403471
3761,-1.805461035087477,1.0736066913767757,-2.6131171387855545
3762,-0.946825194303036,-2.055480131908407,1.8990074601954583
3763,-2.371909188412866,-1.9077958788977865,1.6122801095221622
3764,0.2326092520287221,1.3991265490202551,1.5049472787314355
3765,-0.1093661632009688,-0.6776511399193184,-0.0968967016412075
3766,-1.9012244310447528,-1.6038650843835194,-2.388688034898127
3767,-1.7584477987013305,-0.5829924117841592,-0.0991283345423166
3768,0.7492308189693019,0.2392338632469307,0.2840866720054971
3769,1.1560807591755922,0.7608907916038097,1.3267694550773133
3770,-0.775537369212875,-0.3417144939486408,-1.76389582622679
3771,1.6171088654182737,1.2051732805622049,1.919756165591042
3772,-1.6478474927444766,-1.0178952167425563,0.1017054518550698
3773,2.047743305475163,2.679311337665472,1.9068288704989065
3774,1.392628399697325,0.0303849616129796,1.2265889523030675
3775,0.0234967585781211,-0.2602082817390847,-1.4211286344148044
3776,0.6356644243584075,-0.7587297573763556,0.0474120384774702
3777,-1.1434410835133384,2.2933743973960565,-0.9891590180472604
3778,0.3306439927660489,0.8294153909461024,2.074407535478724
3779,1.8318033855385984,0.7260781345347576,1.610780478773342
3780,-2.8579492534142283,-2.881614216379181,-2.079848539704444
3781,0.9429805309766986,2.174833347226167,2.5714729072237312
3782,0.3405762525679834,2.1659426852503585,1.8844320094965328
3783,0.2591767471143921,0.2802140993415841,-0.8915157802547136
3784,0.240449129667766,0.6529808944926561,1.2165310562677654
3785,1.470475248829665,0.570437254222276,1.5118977930579882
3786,-0.8149373976961911,-0.3533085861878969,0.0602200452664068
3787,-2.2726275452223894,-2.788208370684053,-1.5793448687111695
3788,0.2306304815697146,-1.4226642306411574,-0.5626220167621192
3789,0.4198864941977204,-2.507353638754743,0.0859494851609676
3790,0.3963937391865323,-0.4006798107723049,-0.6155743003354093
3791,-0.3733700122501422,1.050407116055608,1.923478875755288
3792,-0.6674740137105625,0.0093523735040008,-1.5353031241733197
3793,1.3941887241352198,1.4641855105258486,2.2102635921832885
3794,-3.135108332720216,-3.049573469519024,-2.969772796772793
3795,2.3414540951700995,1.2546862532088592,1.844418564168531
3796,-3.05418940080708,-2.982573467196484,-2.257762581436716
3797,1.5979010191146763,0.1293002643358292,0.4943028517056075
3798,-0.3444896517473108,0.1803267960437633,-1.520151387772464
3799,-0.0707306158968394,1.8512696289802453,0.3757106384998671
3800,-0.6205244480209731,0.0129131975120933,-0.1438831638963941
3801,-1.4640481966267709,0.1162316372273192,-3.108657039991156
3802,-0.0048981524908556,-0.9454330589575956,-0.553720188087895
3803,-1.1818040700210029,0.3120270932268075,-1.3411258903086605
3804,-1.781467232445349,-1.2540750367469673,-0.85997532888171
3805,0.6879400129374277,-0.0627314794921688,0.6721319799056267
3806,-0.1845852841306186,-0.2574441552063306,0.3111876044441362
3807,2.4211542201147296,1.932630527633804,2.5230764442807785
3808,0.4741685116300049,-0.6411254524438701,-0.3562150747410029
3809,-0.3254900909168737,-2.2284754293271187,-1.3471630891458304
3810,0.9432834790811752,1.646704252327083,2.418803099434932
3811,-3.0729293008858813,-1.7603489965148686,-1.4665534007002123
3812,1.386268518215251,0.7743979934495824,0.6510177968393174
3813,-1.0237467568332173,-1.8335475071354232,-2.055323618120159
3814,-0.3572919825624384,-1.189107361524988,-1.32290861570217
3815,0.8996201344376562,0.5150014836628188,-0.1852178834563993
3816,1.5312878462035462,0.4640868413165815,0.8632615366351779
3817,-0.2367718179415971,-2.1507857112181266,-1.8753296468007428
3818,-0.6803125568751228,-2.3170699501108456,-1.6244965110340848
3819,0.6198727522990133,0.0238510687769778,-1.036725847132714
3820,0.8612957111541368,-0.4934290525906522,0.4873495575309265
3821,0.6920279764756542,0.7312459355036937,0.0213119003725279
3822,1.9827145963756505,2.924698186994928,2.1354063946455937
3823,1.7798708961957643,0.9093263621411892,2.1831748885588107
3824,-0.9066154873218844,-0.9042442499911268,-2.84761990965889
3825,-1.1230997708738166,-1.495634034057974,-1.6010952563904752
3826,-0.4579203666536274,1.9291309231778169,1.688956357912741
3827,1.8586821380792649,1.3457060077957577,1.0352304921068431
3828,-1.3948578986798887,-1.605639282712355,-1.514005629388928
3829,-0.4184183651684176,-0.8823705245945871,-0.5653361961606058
3830,1.9058674916583969,-0.2752545011308643,-0.4082873938789902
3831,-0.7169880906282756,-0.4892010222375966,-0.0782777813424068
3832,1.2039457236848192,0.6414767983421592,1.023350609759698
3833,2.296098752705939,0.4835745458311525,1.5049940143831828
3834,1.1832320664391671,-0.2514649929371975,-0.9748448159246624
3835,1.6707644234175965,-0.6037272911050259,-1.4332954637608626
3836,-1.1924443353756715,-1.767048317116082,-1.0598371237466775
3837,-1.203672570627337,0.2522811664182001,0.4532436726458038
3838,1.3909829293104976,2.034896999433532,2.062559814799512
3839,0.2889702739587932,-1.2486379665575706,-1.1241472442502538
3840,2.2578595643405204,2.6591168315826987,2.5217535489611125
3841,-0.94909806653827,0.977320017826014,2.413265730665566
3842,-0.0905497351137831,-0.5619263130811114,-1.4223396936039652
3843,0.5828640554441367,-2.1410139000318185,-0.95517578937368
3844,2.3620458670426774,2.11244142072449,3.0401116934359136
3845,-1.10181678530575,-1.0573414408698938,0.4144866051123429
3846,-1.9702593372689128,-0.6470571523418676,-1.5136267481626726
3847,-0.9124724219195348,-1.051276628127138,-1.5658032902861363
3848,2.2810229478643973,2.1094248567167213,2.7704093932176868
3849,0.3745462900328508,-0.4379659120334943,0.981926607569581
3850,-0.3664470538740677,-0.4783035316651607,-0.3298726210892082
3851,-3.225040781922651,-3.077246375507327,-0.5940283944992842
3852,1.6400379148541728,-0.0616234108270263,0.0366986502233893
3853,2.319359797208293,1.0425713599872828,2.193346015029152
3854,-1.4407120787445418,-0.0375191291280605,2.5844361490762644
3855,2.065895591489056,1.564652467374132,1.9992116146391603
3856,2.119172565950868,2.84477712535854,2.692062236517028
3857,-0.3904474135362886,-0.959794646428076,-1.080861836331485
3858,0.700451019109176,0.1225914703365844,-2.3180078665276
3859,0.5802535366913921,0.4997168388401182,-0.5997730114603694
3860,1.536050044369832,0.0299419288146573,-0.5666700481041356
3861,0.8638812919613571,0.9062768504391112,0.9504844599916328
3862,1.954200950167298,1.8268109435670503,0.5331907926154966
3863,0.9542338120195404,1.0697725699335083,0.2619804766959958
3864,-0.0226557481192898,-1.7196763968667068,-0.7205208107778436
3865,2.0261632121653284,1.098110675899619,0.5303094112535345
3866,-2.1696979392859013,1.0748285416535333,1.2715846702100726
3867,0.9410633038872096,-0.3322784787029351,0.5140072609560253
3868,-1.2391071351681613,-1.7679192923220497,-0.823453771010725
3869,-2.229960750624765,0.3088309742311814,-0.3604395845020906
3870,-0.5156602050827049,-1.38276353550645,-1.5075860170516335
3871,0.1217986755090893,-1.9829144116415465,-1.3847044363588474
3872,2.5072272003480767,2.770882477660803,3.386308508931989
3873,0.455950876386366,1.044069350160921,0.9051786160143692
3874,-1.2476351183145862,-1.8322662033911967,-1.4192986230268747
3875,2.2133961966694544,2.144497229667772,1.051268382629862
3876,-2.096795162416694,0.1156909205840942,-0.3858202534452518
3877,2.3217141535572123,1.5256261239443845,2.746310422998961
3878,-1.977393474615092,-0.6750429801710812,-1.2780851405701543
3879,-0.9744747154392002,0.1083743507194362,-0.7331434243503498
3880,-0.8284149574771489,-1.5900213204664038,-0.8442472290669527
3881,-0.9128554420581002,-1.4651062376140516,-1.7643232881529598
3882,2.1289231625185745,1.1429867349681484,0.3087452779489705
3883,-1.0482712494290982,-2.5994214828760565,-3.2405693344048108
3884,-0.4723976309013379,-1.3544346236396354,-0.7123954316458312
3885,2.324141355223108,1.2231641476890227,0.5677240280787477
3886,-1.9426358387263496,-1.83806539749687,0.1624656996583348
3887,-0.7223827788537939,-1.2130720876703711,-0.7404322093045987
3888,0.9415365407944832,-0.8940051449414641,0.842941982503209
3889,-0.2961213440439937,-0.063950560360604,0.5296913901058299
3890,1.877490321053056,1.2033867020213154,1.6010628293257043
3891,-0.6309121103458899,0.8486141877133936,-1.64751038376744
3892,-0.838595911678848,-1.388005861801852,0.0061040538445157
3893,-2.5416701268088624,-3.255023351096728,0.3004471209598734
3894,0.1739215125861055,1.2481776542130143,0.1046127902653599
3895,2.3467254197928344,2.346570900469581,1.326901483027039
3896,1.0959703499070597,0.1200994046440663,-0.8808556254320883
3897,0.7527294765057708,0.4599739985894122,1.326772731957209
3898,0.3341485078749414,1.390293259612628,-1.7403021010334
3899,0.4363835618099275,-0.1194500825001063,1.46552766019164
3900,-2.277581462837704,-2.7878634839425627,-2.255019329995646
3901,1.153254206581001,-0.3445467076012742,0.1430750885213634
3902,-0.3793974755692803,0.8776603467261432,2.563806893766529
3903,-1.8893317206335656,-1.9896638397722728,-0.999317996426508
3904,-0.135227592971723,0.4073131336466399,0.6966281680582587
3905,-1.1367691954901245,0.2499343681537227,-0.3127025839269468
3906,2.067825256157758,1.7514839945544285,1.7002174339555896
3907,-2.971684762248149,-2.724981310967057,-2.70429201545746
3908,-1.8761168361433265,-2.2037114086443004,-1.3326530520182354
3909,-1.4154427557906362,0.2126203402992879,0.542912187231301
3910,0.0841877366524462,-0.8953935184031305,-0.5861866146197542
3911,1.9801505780945223,2.040686920371877,1.985843897323404
3912,0.2418657878197247,0.3574325480536053,0.656789138085893
3913,-0.6918775161034567,-0.0550187097282521,0.3009181507060319
3914,1.4247370475720236,2.3067470128038807,2.934815738346023
3915,0.7197958320754949,0.3368793809505579,1.3049407558946793
3916,0.4107996345967756,1.430548170129189,2.132203795345069
3917,-1.960533635376229,0.4436259586278498,0.0879691144644028
3918,-0.3674664169297023,-0.4070761422476783,-0.4562128634065943
3919,0.1531636099441575,-1.3046816032101591,-0.9402448856028572
3920,0.1152716187450531,-0.2163693854139449,0.8338179799305717
3921,-3.1637476012914663,-1.3325870933432444,-2.6027344458360666
3922,0.5834281637418023,0.6811912048125729,1.3450265471993528
3923,1.510610372863226,-0.7781328369698136,1.4690490862237242
3924,2.719762726336037,2.8381735690167385,2.7704118436862086
3925,3.426311766357807,3.705172387112336,3.567216609281568
3926,1.3852685844735129,-0.4681025206696117,0.2477563393234041
3927,2.6497617609018915,1.4450334430287717,1.8141857563910608
3928,-0.7943470920053023,0.7684883278913217,0.606208926903151
3929,-1.8862594272326592,-1.1702141872197025,-1.6153127560212042
3930,0.3363392124286889,0.11024658044563,0.565372806896784
3931,2.163704008722296,0.8624186533288914,1.92635304657054
3932,0.7819028413963603,1.0093387949010946,1.4202808920570658
3933,-3.017823054676892,-2.368092046174186,-3.634191203240429
3934,-0.5747646426239543,-1.3523188950120446,-0.7781500584373395
3935,-0.7669763258620428,-0.7689015880523578,-0.7233915466172767
3936,-1.3543710634613444,-0.6161088128223391,-1.0011279741982897
3937,-0.9182505508431412,-0.530473592423272,-0.1544291589287715
3938,2.4665084751721658,1.066138220974027,0.3518016422523111
3939,-2.3425338930661823,0.9308616294125358,-0.9942865704163436
3940,-0.2131396386246079,-0.8698125698954653,-1.913551670077701
3941,0.4582866301774231,-0.2015433372906327,0.036578700089539
3942,2.391552181089746,2.2202228486712308,2.568706305394277
3943,-0.8774351635618773,1.93892772446578,-1.806402934147312
3944,2.4418964638180287,2.761439064753898,2.9299692749711608
3945,-1.1923184762854655,2.2715592893899164,-0.0996375372339599
3946,0.7515289910923841,0.687573453024831,0.3577716193410613
3947,1.6205591710322005,1.0351260523443102,1.4060761419622752
3948,1.6432859474253585,0.9284549748930856,1.6169528904723014
3949,2.480627244792329,2.307831771969188,3.1868178584359623
3950,-1.9221707873484064,-1.096333982950439,-1.7740387685465182
3951,-0.5320951771757508,-2.126559096138242,-2.0364583585200102
3952,-1.6740196711811686,-0.96147016371451,-0.1500448097207518
3953,1.339765109159664,1.272827673286522,0.3794742058397966
3954,-2.1439971451354025,-3.371649404852669,-1.801949286425769
3955,-0.6411418150690052,1.23367495828197,-0.1328254811230771
3956,2.440804417523072,1.7536466615525632,2.349413384472597
3957,2.1446276266983944,2.713194140247556,-0.095009663504435
3958,-1.5792805724016548,-2.140332309263912,-1.6037584889515428
3959,-2.693224586744429,-3.018432105648345,1.1070022004341489
3960,-1.8495171420671368,0.5257255459498498,0.7894415315672484
3961,-0.1604303601687801,-1.9817036097882783,-1.3267866717073544
3962,2.3219409384122605,2.164231297966516,0.7801210440557833
3963,1.180772063481634,0.7933601754486989,1.4426516853344682
3964,-1.0238584396538266,0.2350167392371626,-0.8025353709846785
3965,0.3291727343589253,0.1591771634367856,0.4675229929810914
3966,-0.5691474852570455,-0.1338387473189655,-0.7452267118623486
3967,-0.5410087930190056,-0.0604949045893232,-0.5357465950941152
3968,1.3106814158514777,0.1198403559923554,0.5978047621117946
3969,-1.4874571755725856,-1.751082500021848,-1.6012525466254708
3970,-0.9480300907476626,-0.1618989138496886,0.1353851703916765
3971,-2.3414219371497573,-2.6035309293645668,-2.559731483812864
3972,2.544897705474006,2.3917164040175463,2.4499305353711978
3973,0.4033180007413476,0.7276177165145472,0.1891437463174428
3974,2.5175654661141924,3.1908749073513065,3.0063740450108893
3975,1.6873261059038345,0.1604001429264614,-0.6479997599699567
3976,0.2621599040326339,0.1424455192428134,-1.327043615051316
3977,-0.9461168460369034,0.3543419168843417,-3.1868310665753983
3978,-2.9252382506397105,-3.458555411051352,-1.81074233218291
3979,-0.0166758423495057,-0.4776494232191239,-1.868624520364844
3980,-0.7748855790341475,-0.6334230620311612,-1.8499591670747733
3981,-0.4461011205059613,1.227566357584041,0.5848756548887434
3982,0.6407757669131624,1.053155430504111,-0.3150577218460744
3983,-0.9323218245960092,0.2146918844069378,-1.1335631929790275
3984,2.221278777639478,1.6523029049191038,2.433613042591546
3985,-1.1386184329603075,-2.179390234060053,-0.7759004015704625
3986,-1.5501063817995724,-1.5832810997375353,-1.635452723738814
3987,1.3938421518807875,2.048003311880803,1.966007296765194
3988,2.54424039663338,2.533238645343824,3.050395802887173
3989,-3.5984957551712293,0.4440828823821037,-0.8244218533460264
3990,0.9900192072365644,1.053685890974366,1.196563808943082
3991,-0.3001258800103886,0.3572551772293236,0.6758896072135779
3992,-1.4042359146366152,-1.6987956856216968,0.4014361384772035
3993,-1.1572544186042897,-0.5683814540118697,-0.4250399370478839
3994,2.0970765998515417,0.8888980497438446,1.1310675709268951
3995,0.8235879669935049,-1.076947257381194,-1.501392197163635
3996,-1.632231182003585,-1.2486981534483743,1.2026922493136316
3997,0.0691172326922925,-0.7169765726508202,-0.416972906926062
3998,-0.113113721066513,0.6880924634903403,1.0845876652905746
3999,0.1462893367505462,-1.625121973813633,-0.0383586491515983
4000,2.457304548707278,3.003636292081474,2.531901824906804
4001,-2.174968771521396,-0.1647467717237615,-2.186820417780488
4002,0.4060735728688017,-0.3532310369707218,-0.0824456565799617
4003,-0.7467821302536239,-1.283991683443638,-1.1253364965896064
4004,-2.2649503581887056,-0.035627790852328,-0.5894982850466133
4005,2.2977867961550604,2.502785999187861,1.945317838291423
4006,-1.0930693263165852,-0.8325172703143389,0.6045773669361375
4007,0.9219304502349778,0.341521293075566,-0.0564566829928349
4008,-1.803963409479212,-0.6271225845548303,-0.6974593904100337
4009,1.57148737084115,1.938946126927216,2.0718622001075304
4010,-1.429845507593584,0.0844828794621825,0.0848178493930724
4011,-0.0653885205388609,-0.291454497838657,0.8599192320168365
4012,-1.859811185723212,-2.0270076304490887,-1.1308656533286088
4013,-2.304251778037648,0.2332027375130241,-2.8772947987968447
4014,1.9959783158963424,0.7798516911591165,0.8912651644999499
4015,-0.7653560784460466,0.7937849725803604,-0.0857883372621563
4016,-1.0095263811984656,-1.146690819566053,-2.535101170954774
4017,0.3240108092477637,-0.1068844805307219,-1.081813087212788
4018,1.3963639983062337,0.3593015859889896,-0.2044928664177473
4019,-0.8993299864050981,-1.6025460339953876,-0.4426881338170328
4020,2.190836526984224,2.0352264388203336,2.8197752975169665
4021,1.1650008754268435,1.3682237940575162,2.5154566141993744
4022,1.1678307348699228,0.8510639441763506,0.991373653181892
4023,1.3148581819755012,0.7213598890065724,1.9068615595693723
4024,-0.8183994318439342,-0.8968819633107751,-0.2387641830116948
4025,-0.6915981433941617,-0.6205268196997892,-1.0249621454312363
4026,0.9016907725068536,-0.7463728506325559,-0.9135091153777356
4027,-0.9415368286621713,1.375207912301439,1.5763237706088395
4028,-3.3190789114802124,-3.2410968193007377,-2.4674141914511747
4029,0.2081976351083703,-0.5698293408569332,-0.2763729362748198
4030,-0.5402854615526815,-0.5185441379824105,-1.5475506032033348
4031,0.7859274584876701,-0.6932291310859238,-0.7609991240738472
4032,0.414335366314908,2.672124821558957,1.0363572099407348
4033,-0.1119229881372585,-0.1320398273215504,-0.65276602551201
4034,1.5191113190376342,1.093435507039925,-1.0399964867586082
4035,1.5014232148143418,0.4613061613024991,0.8294996069214831
4036,0.8027819220875497,0.72040498212051,2.100922668669235
4037,0.4145127875125303,0.5218952917334163,0.3753101683307402
4038,-0.7576764355393402,-0.200198172023811,-0.2906202132719859
4039,-2.1572598664573404,-2.4588192536871,-2.3614720200556407
4040,-2.0870118308916528,-2.664424267265328,-2.557246840698524
4041,0.9041894913407996,0.402901813885559,0.0361399793515932
4042,2.320489799995612,-0.2166112015668693,-0.7273897840560439
4043,-0.5230002139897875,-0.1852649544795038,-1.8660149896632543
4044,-0.9349038472849144,0.1096454310882992,2.09794198740004
4045,-1.1433806377740867,-1.9081457136893072,-2.63720747587922
4046,1.0099005751749657,-0.8179655610304908,-1.058812846711574
4047,-1.662123124166803,-2.3250413637183804,-1.7209825046612872
4048,0.8958319566910793,-0.6379706007020476,0.0226225230695361
4049,0.5629275714193984,-0.0362372751235836,0.0239447109598522
4050,-0.690188501745192,-0.0624052017597246,-1.327009239026322
4051,-0.9758111822850176,1.2332938324665348,2.404170878597669
4052,2.625253228976146,2.183337088360026,3.3697359665095687
4053,2.6406274481427583,2.023068747286768,1.5460667593136646
4054,1.8483064057435168,1.6640939295903607,2.3851964940144144
4055,-1.1733541967373895,1.134030983338588,2.298267725747292
4056,0.7133199166385987,-0.4735528424115005,0.3482004990890402
4057,-0.0895524553797486,-0.9941034355191998,-0.627081478139822
4058,-0.5877554747411444,-0.4809395144542644,-0.3755399382823116
4059,-1.111479733847102,-1.1672804124865015,-2.0446422558477315
4060,-1.1236325545943908,-0.0956053740704991,-1.3367057525010713
4061,1.5899515411714853,0.3635998355242641,1.4673054765360776
4062,0.1865794770718517,0.2334078831342564,1.8441960932951285
4063,1.4545340026188216,0.7658514480990031,1.957222899792068
4064,-1.3183709634632217,-1.535360304807918,-1.9230867810327792
4065,-1.654281279337989,-2.8390971912928973,-2.119760976504636
4066,-1.0505204796713008,0.7177138271255084,1.1407373476197986
4067,0.7383781378615152,0.5897678788296714,1.812095311329297
4068,0.7121046880415186,1.8008248267128315,2.101916150618109
4069,1.3980667835334266,0.1605003631496781,0.8967772426278349
4070,0.2416629663204348,-0.8109083806456465,-1.5355966837163963
4071,-0.2071060499235058,-0.1505591790472173,0.7944159652687779
4072,-1.8915401438965704,-0.2080886077123477,-0.155293505307384
4073,0.4455707637574143,-0.5611579696507889,0.454928074133723
4074,-0.9788977089062874,-1.7209171051149854,0.1279380568889634
4075,-2.414739145269622,-2.50511952204112,-2.392336347539208
4076,-2.7639351368434646,0.4524269772441252,-1.9783000520353773
4077,0.1534746204463772,-0.9286163995501142,0.7676321283486303
4078,0.8988019292938773,0.852800037732393,1.3466547102516304
4079,2.490404607464876,3.0441634089006646,2.8992343643611447
4080,-1.2311265505425688,-2.137692183404525,-2.2348968916108767
4081,-2.750385139563964,-2.306933556781358,-2.3470110940524567
4082,-0.8262415393826927,-0.5976429768019016,-0.328998791224616
4083,-1.158579846683973,1.6014643276924376,1.844683421475908
4084,-0.1551054134387406,-0.4374156091454689,-1.6013798723298789
4085,-2.4384202314309404,1.034138456582192,-1.7900784511910564
4086,-1.698215679501368,-0.3475329716977474,1.5806767584615875
4087,-1.1682996526016505,-0.809703857279993,0.1271816280503491
4088,2.5808973354396776,2.8274221371586483,2.6640677477101296
4089,-0.0780051855647663,-1.4534684992533236,-1.5114089604274874
4090,2.527096911833811,2.3585782915215447,3.2196574164182
4091,0.590971215378893,-0.8993748799359246,0.0124622755822046
4092,1.4370908454006075,2.2919195573482343,1.3534338006944877
4093,2.447429064099216,1.8763130637931984,1.92449919326901
4094,-2.054311736098308,1.349525225151051,-0.5873705129569595
4095,1.3559289874922795,-0.2987205092642042,-0.0660573524717789
4096,-1.2094841276064945,1.3612446041033772,-2.1957022475932693
4097,-1.277078431714878,-0.2332614450655915,-1.0035730804898193
4098,-2.703126867645398,-2.848928078958293,0.3517824052836216
4099,0.2194538971199245,2.586341676664994,1.364934886241712
4100,2.015150928688094,2.761408469569922,1.831910943063557
4101,-2.3397599084333094,-1.5353974561027457,-0.2234191274415661
4102,-0.0863507342750527,1.9910353093566733,0.357003733655062
4103,1.3536921904282782,1.3028011201921694,1.175595046801002
4104,-0.3885333268249148,-2.3535901426158228,-2.664528863672902
4105,-0.4891101474585062,-1.3579015185731915,-0.3742336412434999
4106,0.2673506167915785,2.0587834394126068,0.7758060951285588
4107,-0.0456441928004097,2.055094710057612,-0.2440590710232353
4108,-0.9863685583457404,-0.7702503787626995,-0.3128680663616817
4109,-0.3761909127563371,-1.632434422370118,-1.720976647945027
4110,-0.086128037511504,-0.7258919378597884,-1.0752819981475206
4111,2.322706688197913,-0.6060359622808306,-0.7225695101442371
4112,-0.0152883062568323,1.1646585228318218,1.2482031794012216
4113,-1.5899766135286275,-2.0611108465578503,0.389006901524194
4114,1.621986000950853,0.8312745785377286,0.4382079677755953
4115,1.888676024188792,1.5465355111528658,2.898201697242241
4116,-2.6265029235179886,-2.2023187526759544,-2.997856812105748
4117,-0.0335196533992817,-1.25781885383836,0.1074018502420544
4118,-2.271099689242316,1.565365076481386,1.9491124770361885
4119,-1.700653402675515,-1.6522670221302105,-1.0447763082906525
4120,1.6242551967972,0.7284222896427386,1.895947758766931
4121,3.260348862499876,3.613740282790714,3.4192317972415016
4122,-2.8504999205088333,-2.5724921839900188,-2.106730012726058
4123,0.7479555534027956,1.3859713787498165,0.9523533661560544
4124,-2.2472092229131966,2.0914730872971337,-1.1650904766508443
4125,-3.0055752353821927,1.1428409687277294,-1.5088641996237968
4126,1.7716966967377028,0.114633308722534,1.578195031881467
4127,-0.6644990275789687,-1.0629689645999854,1.3106194925773398
4128,1.4631024111098834,1.2727867469819332,2.884005499509374
4129,2.47782063152528,2.127263951889856,1.3214914535371742
4130,0.0372308318642689,1.5239191676938713,-1.5856838323827886
4131,-0.8560775556970409,-2.139074040963244,-2.8836488263554547
4132,-2.214896579166941,-3.2442498611425905,-3.112114426340766
4133,-0.3914506012490868,-0.8194438116040259,-0.6771527430774125
4134,1.6523010792435031,2.156401547810697,1.010305857113195
4135,-1.1599307147473474,-0.2731412532601479,1.7429109059386645
4136,-1.1229053993417413,-0.9640127085868516,-0.2342372852134203
4137,2.3490570468254024,1.86909854867923,0.0145561829219627
4138,-2.0117849768039147,-1.9109194876076203,-2.3001539335828785
4139,-2.078104485220876,-1.8873932465553007,-2.4828952113634686
4140,0.861212135331562,2.082634779228801,2.796206151031181
4141,0.2289505505822134,-1.0074614538703577,-1.9762475875861152
4142,-1.6057157209616577,-2.262599553148282,-1.240816679711659
4143,-0.3659022024146499,-0.0608250995028118,-0.0086684997010593
4144,0.4336191193735376,-0.1385397165640733,-1.335618579569262
4145,-1.501501086519289,-0.9780951624098232,-1.397652600791109
4146,-0.4954605528484364,-0.3826722686728596,-1.1512776066685415
4147,-0.9212088626272816,0.9387441446957824,2.302613537265532
4148,2.296206854034954,1.3108736731469226,-0.1979008812218712
4149,1.538095800874162,0.944454086669138,1.218360270180719
4150,-3.21731571290191,-2.4082836275549613,-2.040654316249963
4151,-0.2474977313953282,-0.6776454374055696,-1.5011266317638392
4152,0.1913647349219759,-1.2198492246058912,-0.4104126516750994
4153,1.6305271069115987,0.1135690909039741,0.7629914858991906
4154,1.6329444826962376,1.5030227333554715,2.330369252004967
4155,-0.5107247848153467,0.6783589838825171,-0.7476923516183078
4156,1.283526353726134,1.0203600694987771,1.4889034917351542
4157,-1.377585344405346,-0.1737219163449461,-0.479285451042176
4158,0.9784829247046504,-1.3912384149562826,-0.6838879292364757
4159,-0.2316726954920575,-1.8420846007942009,-0.8736574897401159
4160,-1.6390061121137072,-1.1148346769362998,-1.816835912077348
4161,2.397394201172066,2.0024444474678207,1.5238880654851137
4162,-0.638181485251038,-0.383691501259204,-2.962171332288475
4163,-2.410928387099727,-1.5584935304143146,-1.7182275704872207
4164,-2.6663073421358545,-3.248378590554664,-3.4066185392878885
4165,2.647724243917701,2.5565209076793143,2.575989046854864
4166,-1.4732399089928,-0.9206433636176904,-2.1520640819448125
4167,0.7829255905484697,0.1263935654935643,1.0791431596113643
4168,-0.1910832921831067,-0.6776157988286066,-0.8320332021629315
4169,1.2111720151013807,0.3827919550275436,-1.0864025307594838
4170,-1.639764019643915,-2.505094316065823,0.2440475970847207
4171,1.1063582585841636,1.199135522747327,2.101682116363118
4172,-0.6674979595875704,-0.8235188778462227,-0.6652759377323374
4173,1.5806273431504287,1.3039712335860183,1.4143884178897084
4174,-0.0638190796867262,-1.3967480186687282,-1.7976154542740417
4175,-1.102992004091236,-0.926959584093906,-1.3257597657035018
4176,-0.7839952380299838,-1.5454550889472074,-0.4214763220636692
4177,1.6128479794092223,0.7758531087772069,0.0359501417004756
4178,-0.4807780051165646,-0.7385770402941831,-0.2386652831000999
4179,1.2728012436070038,1.0374559699201045,0.937559431832834
4180,-1.3676320585103283,1.6781325737024015,-1.064515121865533
4181,0.7272389118652425,0.4206581661731075,-0.9973702818123648
4182,1.913962273431664,1.567708156153225,1.700292353754304
4183,-2.057111127088563,-1.714306748777122,-0.4210915656334584
4184,1.6286526793263112,3.3162817273672185,1.6133463643082155
4185,-0.4442250403850664,-0.141335128783667,-1.4176973681573282
4186,2.390385704563687,2.805665347406171,2.298281785394058
4187,0.3262274080844239,0.9610675340434528,-0.880795487597416
4188,-0.0370461252587808,0.0461810537505191,-0.7148213713853324
4189,-1.5975948284848989,-1.8545642764406347,-1.4291792981494311
4190,-2.0337653385030934,-1.6979594362631676,-0.699006209180511
4191,2.360512264514308,2.4440550063450424,1.1834334529201556
4192,0.4515214823371177,-1.5535361116949034,-0.3147897381756512
4193,-2.9657235261618955,-2.5994238029951453,-2.8329622926474123
4194,-2.5223396193667624,-1.7080682141666776,-1.8637589595305588
4195,-0.8674502614561322,-1.7063964132809062,-1.2441109863960709
4196,0.1600645132549518,-1.457977033168688,0.6923937674446048
4197,0.4254197477875098,0.2241667996318505,-1.2512012164132726
4198,2.2068088152122867,1.0601306419230272,1.5161702142728248
4199,1.972438561611695,3.005288432016172,2.866253245446756
4200,-0.8864461662376031,2.3847300098587656,-1.0440370372783851
4201,-1.2477375617601028,1.0568214090534211,-0.5580274576600845
4202,2.280112828745476,2.2397099742060016,2.265904468261388
4203,2.05517143382453,0.7788484329964127,1.671396639477001
4204,-0.3122731418454645,0.0240238884946811,-2.191804284711288
4205,-1.407864947919356,-1.1891431325859525,-2.3540717780783824
4206,1.746642220290417,1.7994856410790188,2.293675861433365
4207,-3.02709793040911,-2.976047366044805,-2.375233555160278
4208,2.0247303647507784,0.5233165875544316,1.9446030072209748
4209,-3.001914396399751,-2.413691918380064,-3.597969424705025
4210,-0.1050477459675489,-0.8798822396488795,-0.7978778001747195
4211,-1.0951581606457188,-1.579909917707338,-1.3251818741583288
4212,2.6476891261095794,2.4863391097763263,2.69347241716402
4213,1.112507062958256,1.546422002175763,1.2360510517051733
4214,0.1304129997290306,0.4080312749524154,1.0170830299061089
4215,0.712121810607485,0.1104330845464454,1.1189325869542015
4216,2.6956268312811096,2.1403953628375243,3.1769650126114497
4217,-0.6742738456658597,-0.2077484426715866,0.3101722895766702
4218,-1.378210326101639,-2.824850507238625,-1.0741807399350822
4219,2.3365737879981814,-1.63563131622143,1.7703384269539328
4220,0.6715717889135258,-1.0355214357875837,-0.9724050339952904
4221,-0.7680831147504361,-1.0123850931201916,-1.081456871457988
4222,0.4779546912893821,2.1912371967245106,0.1425076759584197
4223,-1.3538010141508514,1.9994063683798864,2.162568473953636
4224,2.345178364028291,2.590992852611325,2.584024206500765
4225,0.1596549432042616,0.2343581986106295,-0.4204856271957524
4226,0.193232305610344,-0.8241139479009171,-0.0537386558382782
4227,-1.0363211849930067,0.0853099969121103,-1.7038717717017198
4228,-0.42899816258667,-1.3427383823588237,0.5846007746718948
4229,-1.285958186111371,-0.7669564507692676,-0.805132009766119
4230,-2.3946098261853463,-1.6125029591626134,-2.367164589616572
4231,0.9759301980724484,-0.1363124734395612,1.7613369689976748
4232,0.1870812709287935,-0.5803480188167771,-0.2946764046035496
4233,1.1074777758898608,0.1695378310790641,-0.5841329424257463
4234,-1.8902956661557613,-1.9166792395898309,-2.807268808564015
4235,-2.017219577439714,-1.838942386174764,-1.911735560635036
4236,0.3548969619597234,-0.1745863584764677,-0.6747325541491744
4237,1.2396077720479262,1.4517879541741645,1.492811642182548
4238,1.863257857308096,1.0246439760532249,1.73818822666759
4239,3.260351181541421,3.42595367044712,3.414546079803844
4240,-1.3490506603915855,0.7568587841683834,-0.9793607345225214
4241,0.3207453057197085,-0.5406168269046806,-0.756326368331762
4242,-0.2948783365499824,1.2871762781877871,2.0416550074375275
4243,-0.1222649249765617,0.1353284223955229,0.3184522744551333
4244,2.194508872964296,2.3720846526209662,2.3778033113788704
4245,0.7008556720345757,0.5002908105236178,0.9292714215955112
4246,-2.120942834538938,0.0287045043304647,0.1417873925505672
4247,-0.5619881567453455,-1.9687098066016893,-1.6966488220826244
4248,2.297068369070436,2.1446436998500324,2.4937384093209314
4249,-1.2131687286063002,-1.8082007120132493,-2.127047505610688
4250,-0.9117795760602458,-1.431985389205772,-1.3360620290142762
4251,-1.2472472310518012,1.2308756496948945,0.694653722500332
4252,-0.6714907639080818,0.0795932916140162,0.0576339348162754
4253,-0.1312937699167319,0.2381681917822345,-0.8826909501074246
4254,-0.3167424798518198,-1.311069926984449,0.4113565527111859
4255,-1.003343007754752,-0.6375835442828689,1.345509158880239
4256,-1.2824977610843786,0.580753544950245,0.2564737777170582
4257,-1.7218863713659156,1.1738850729190011,-1.2408921739831034
4258,-1.0342382567671038,-1.3265796895123545,-2.242803942563301
4259,1.8107179491448184,1.171951395708126,1.2051755754951274
4260,-0.4235376429657513,-1.287314480665497,-0.3483155846306653
4261,-0.2382670046224397,-0.9348752437159044,0.3959753361240021
4262,2.1459090165546546,0.695390228306711,2.3227749416210304
4263,-0.6992534596404857,-1.0827902816312311,-1.556176725140806
4264,1.112382548756872,-0.2959698122431342,0.1431164029067708
4265,-1.4322315601100577,0.1885634077643345,-0.714680993931037
4266,0.8646760963761104,0.040253448560018,-0.2786529660487403
4267,0.6751533914465754,0.2428212690283205,0.9437268978981468
4268,-0.8193269704182834,-0.3477672070541003,-1.7642083326847084
4269,-1.008407748419203,-1.1858845454998037,-1.463045917025917
4270,-2.4764719927127694,-1.367243439016414,-0.9277560951490976
4271,0.2728565247920336,-0.921411817047955,-0.5793685378147106
4272,1.1540347088150846,0.9365588223391548,1.2329841441904432
4273,0.2323586179059345,-1.2976500421616908,-1.7832999873349378
4274,-1.1150164951966286,-0.5133681535588561,-1.787904003588455
4275,-2.286402116145444,1.3415971627904766,1.391753638391297
4276,2.6535467891896865,2.5984219629098115,3.81554628778084
4277,2.480487618170292,2.724795384571556,3.4269055218926514
4278,2.57254142893583,2.444094320694473,3.064423008292541
4279,-1.7170122079495729,-1.0410045289483334,-2.8872808125760137
4280,-0.6931230315948651,-2.007437683724995,1.0980855395617448
4281,-2.741861092214972,-0.9839050025207404,0.0724231327498694
4282,2.349893928403094,2.4830900619546603,2.521661636182197
4283,-0.5219246861629462,-0.9254208228762774,-1.3303356437976293
4284,-0.6340570851739503,-0.0029797347208121,-0.3014210550172418
4285,2.2072986876731866,2.5049656184974216,2.51044841653561
4286,1.279616713892323,1.3458625287713877,-0.1542910258377817
4287,0.4493594697911668,0.0067137637564939,0.3848200827483994
4288,-1.535228827854613,-2.0556251519186346,-0.9892734382570064
4289,-0.4123951841910917,-1.1434241306616455,-1.074946844213306
4290,-0.5703398487042926,-0.1398267788951978,0.927398067963457
4291,-1.7492631626153896,-2.5525314195093785,-2.14766458117606
4292,0.0447752378637734,-0.2649891505696027,-2.735619764740285
4293,-1.86038812114235,1.6679400445570265,2.4539264679611765
4294,-1.1122805505638804,0.2475036177295893,0.9175792238208376
4295,0.3159884601605842,-2.2306221145530927,-0.2440071450802721
4296,0.7208309942450042,1.0299127471625822,2.1866518183645383
4297,-1.7822629700521018,-1.9735434506413685,-0.8162899026340538
4298,0.520464570590653,0.3560561673429006,1.0307933074161162
4299,0.3580726417468747,-1.0313302981510968,0.7015802921286118
4300,2.1705327596613486,1.5588499777764997,2.879195681542615
4301,-1.3986858648163911,-2.1410005076793297,-0.6337364907713051
4302,-0.5827077657467749,-1.891004148409934,-1.555976715327129
4303,-1.128999235100552,-1.2207424366975923,-0.8122930891922138
4304,-1.3728663725442278,-1.9050951085632133,-2.706961555381912
4305,2.17162138877819,2.570205511887708,1.521117294644658
4306,0.1215955472166173,0.6604746421486177,1.2792183395779793
4307,-0.9642777145761668,1.047068324018304,0.3874968700160948
4308,-0.8408337584036365,-0.7916178449893556,-1.7462294848139703
4309,0.1037415665043357,-0.652280180292178,-0.1902679943572601
4310,-0.3254585676400791,-1.2521921926558108,-0.5759500024287005
4311,-0.347840687848587,-1.3964801510881713,-0.9237722262072804
4312,0.0121745355304106,-0.8349656362078484,-0.093310685621026
4313,-0.4223903946012666,0.1561908878868032,-0.4721118564323491
4314,2.5145471888661857,2.2600302383165327,3.121732392885783
4315,-1.0485272634636431,1.2280594091633612,-0.0506215469129288
4316,2.681297175424384,3.420591207799139,2.9913282620531536
4317,0.8957772273106247,1.7939677237734788,2.0540893049847653
4318,0.8956369989437525,1.9217910124794533,1.7027481935058393
4319,-0.6117101051368907,2.667873532421184,-0.5885349157824925
4320,0.7276309648362462,0.7793340493731581,0.3003733934638923
4321,1.2465928832370656,0.1610005755105219,0.085843143646039
4322,1.1946183780448372,1.2111577437393652,2.3618611395165336
4323,2.255473711832892,2.579768772967677,2.564798398583611
4324,0.2885991698746016,-0.7164816434368331,-0.2405871083316284
4325,-1.5392372481165768,0.761486144033186,-0.3457194137856649
4326,-0.8599678506984443,0.2278654232624845,-0.2830057523594205
4327,-2.196846164480627,-2.7623565281230578,-2.70839771517562
4328,-0.7418680389020407,-0.3540058482156846,-0.3473839366588757
4329,-1.50427901969483,-1.0238916743219817,-0.0146444657468001
4330,0.0136814254842587,-1.6856807697533394,-0.9021715772841132
4331,-0.6598608087953493,0.2802225320980765,-0.8698213194015036
4332,-0.7559311629248526,-2.047294105665007,-0.7886977956889836
4333,-0.3389933535061005,0.0858158032029927,0.2012756769326551
4334,-0.3001744999948481,-2.7111889403356577,-2.3212383885766648
4335,2.339801936397906,1.4177551741212209,2.9676023380119925
4336,1.6544574978489537,0.7505492271425462,0.7415024473321755
4337,-1.942116112760032,-3.046702050553456,-2.1232026159714605
4338,2.3857960894425987,2.4132309513148544,0.7698227197590837
4339,2.271513954024617,1.2297756784909266,2.0477808321880664
4340,-2.5499280690153023,-2.600013514263677,-3.1379969215750654
4341,-1.6479619886177763,0.2438028113889159,-2.241495264246101
4342,-1.557600796436503,-1.3425838462189603,-2.183655963947585
4343,1.1180396594507251,1.2991732025949545,1.5134399431504613
4344,-1.036385581662841,-1.2302133852903774,-2.364163381625652
4345,1.1618159493004212,-0.7397031580355562,-0.1851756108376087
4346,2.561144248693174,2.5215854128492663,3.3269270579143533
4347,1.98804403259876,2.079895597916543,2.207528436168099
4348,-0.6207295514635864,-0.4746598047432483,-0.1503427549463576
4349,2.8630722321506026,1.5979139705609686,2.0964746046156293
4350,-0.9701485292404934,-0.6542232736300533,-1.572019679361611
4351,-0.2666731083841579,-0.5373218255340693,-2.9625918424481097
4352,-0.4412547388277623,1.571560614552678,0.3564890726715348
4353,0.3375259208127328,-0.8935033292074748,-0.3673250209429104
4354,2.236419737798698,2.7573215970998795,1.2725152052086617
4355,-0.6255056774539586,-2.5029542218929977,-0.9228171906853964
4356,2.708102473851131,1.7834480756678173,1.965579312468621
4357,-2.4307281279851023,-1.0885233829925112,0.8182589477054543
4358,1.9150973283157104,1.028966383834344,-0.1883010488911006
4359,-1.5227358953425618,-1.4839922561267735,-2.306607994764365
4360,0.991729460889355,-0.1348052425023809,1.1280495548160172
4361,1.5898698866092276,0.8653577693150896,2.176087444821332
4362,-0.10900864312917,-0.6938672019513421,-1.4333395453800593
4363,-0.4453297158248775,0.522855416232141,-0.1327833021827777
4364,0.0929041577086805,1.7514940541275743,-2.848229286083148
4365,-0.4509294127927232,-1.120825176102497,-0.5880926155681034
4366,2.0535922299824656,1.813599106580173,0.9171492593683636
4367,-0.5998561192142388,1.5149712417409074,-1.8559902098888224
4368,-1.8852373168849448,-1.2056553303738424,-1.4254559033696803
4369,-0.1937139080020372,0.015500186802898,0.1775314032718056
4370,-2.268803213811047,-1.1405695745613535,-0.3117398436316309
4371,0.611578567003438,0.31003635990925,1.993742496763237
4372,0.4919318560292824,-1.9830801395124524,-1.577938086255339
4373,-1.0971266054510909,-0.5100720285186575,-2.086050796493144
4374,-2.051005680310101,-0.9095936726663812,-0.5093226394730794
4375,1.765249861056463,3.1185396110291213,2.191901521924767
4376,-2.8578762813454044,-2.7869835190990946,-1.915236558494975
4377,-1.723747264684156,0.3589587488177599,0.5580440577599075
4378,-0.2052818991158607,-0.3536382360805665,-0.3744056451478924
4379,-1.3321145054137569,-0.8055150272120326,-0.9206645907349068
4380,-0.0482280774423829,1.274263761274297,1.114689459259353
4381,-0.2263271493941377,1.1619728560908833,1.2302353489701134
4382,-0.107259268873271,-1.2239185848566534,-0.6370694981962962
4383,-1.3870668590771351,-1.579914832001017,-2.956725354726271
4384,1.0661861159034594,1.166881970292044,0.0379008220372177
4385,-1.967989289272825,-2.453089042287075,-2.4520400450444
4386,0.4268610031562096,-2.3216511541474376,0.0831350998917651
4387,-1.7259760871601566,-1.663106734922133,-0.8000448882907606
4388,-0.6153951792137053,-0.913045307655938,-1.3466745284057615
4389,1.7120383401965156,2.197829062735217,1.6169736397897063
4390,0.1076912622965738,-0.6377711619182883,0.6772761987383342
4391,-1.5360551456236808,-2.139807839112993,-1.5625595699877892
4392,-0.8291763074316375,-1.7675349639351512,-1.6980250765224465
4393,1.8690730922463905,1.1263483236316416,1.840731986702099
4394,0.8936659139123038,-0.0863515179925437,-0.5327812164538395
4395,-0.8580397138566279,0.2344611517057352,0.3463200584100227
4396,-1.774898300507194,-2.1395947469743226,-0.9974608527999118
4397,2.483741525536033,2.738953553792259,3.049809997588888
4398,2.7839918291639307,2.6240258037357,2.424304411901955
4399,2.215004405137232,2.0575255453056,2.509912673577672
4400,-0.2596430319958117,-0.5986563460035189,-0.9632064576153918
4401,-0.5803970317121602,-1.2240034692392632,-1.8522497169666607
4402,0.7417285819902478,0.3130546865848215,-1.339853688190327
4403,-1.1040496114629947,-1.517548271779007,-0.2622022719549302
4404,-0.4541795766354833,0.8523081737210009,-0.14804163787058
4405,2.871010543262218,2.694254198831929,2.923632423483768
4406,2.278035686492496,2.2206641810747123,2.930500406521377
4407,0.119804371671905,0.5903888329247219,0.5705886667201208
4408,-1.1671652854050698,0.8917585154866423,1.44867694406581
4409,0.0447360279661288,0.2574543270756328,-1.9920146632438416
4410,1.4068225054982493,0.3663884255163824,1.996004120930929
4411,1.162060554317156,0.1604817515693624,0.5326300321426954
4412,2.249458717095857,1.820633476871648,2.5927324493563324
4413,0.979866087465435,0.6821638502928533,-0.8002177750974331
4414,-1.5996107420434449,-2.1254396123817902,-1.6905042941765818
4415,0.701837260379114,-2.115623032304616,-0.4549998503873098
4416,1.3144049407243767,-0.0549239346493779,-1.018281868468323
4417,-0.5140652681394275,-1.0959768867167543,-0.7473362116018449
4418,-0.2237959707652587,-1.2394670343493028,-1.791512766032293
4419,-2.029713277212063,-2.6376096310809816,-1.8359081375112
4420,-2.183647312577707,-2.17632270248305,-1.6486391984105004
4421,1.233346654529635,-0.059157833475296,0.4617157654550858
4422,0.5237863214498015,0.1606011061700947,0.2910943255787648
4423,-2.0579209390408537,-1.1613507931740052,-2.353757809350795
4424,-0.671132587941505,0.1716044519971042,-0.3921508468993459
4425,0.0151031121919935,-0.4989805188723552,-0.2986107697355533
4426,1.327269118326019,-0.3436204453169097,1.0537432009617116
4427,1.159456744141315,-0.6296023653903635,-0.3481840674575933
4428,1.628884959747767,-0.5400374346458022,1.1163919916978922
4429,2.1365610138976865,0.6702623008781587,1.0336282868885889
4430,-2.409520611964751,-3.199459446548825,0.8558690003853786
4431,-1.8901807217430755,1.47733834466755,0.7562133785340472
4432,-2.0177798661056525,2.1124920050976947,0.251886288685082
4433,0.2268962485049012,0.0606810091352836,-0.3662507665627423
4434,0.2627135051600325,-0.7700187819251658,0.4127666123944024
4435,-1.3581525699982795,-1.6631324642215746,-2.4451324324518064
4436,-1.9637530363293048,-1.404381280645326,0.5526521936052847
4437,2.493589675657665,1.5725150931754974,2.1306524574437216
4438,2.8483310742082057,2.645932883755373,2.569354282416832
4439,2.120682792724288,1.0895812736511967,2.068342344324773
4440,-0.0308691203485281,2.5969989089317425,0.8186701046608265
4441,-2.2719243097585364,-2.1457401796469977,-2.036240077878096
4442,-0.6074509153147962,-0.3111788001262086,-0.6806301494149092
4443,2.3576328388799257,2.144585059597351,1.598210824500741
4444,-0.5802965620527953,-1.2042677308769267,-1.519548839846517
4445,0.8403804174616313,1.05362775592574,-0.9857055659676894
4446,0.7522148743514141,0.3539302922621545,-0.562128031731158
4447,0.1433251222602673,2.377454116395889,2.5343722599138068
4448,-1.1069174540873736,-0.8835524540213556,1.995980213537268
4449,2.187060320654992,1.882346235944752,2.445640056097479
4450,0.5550578562098835,1.2334463182380502,1.2242184904693336
4451,-1.1842785830331322,-2.1389025634816834,-1.8049404863652585
4452,1.6991356932032269,-2.132798616128936,-1.5060122006506886
4453,1.3669615957369698,1.1609544942695589,-0.7097941534675437
4454,0.8675838641423441,-1.2488005910055684,-0.8048143239620918
4455,-2.0079102907450177,-0.819489157029559,0.1700745712252174
4456,2.314276000572373,1.1350572329570754,-0.4366126297968983
4457,0.082401459050549,0.0846005611118752,0.5770433135878219
4458,1.0221561791381526,2.0970265156311747,2.624422957897958
4459,-1.413080130480004,0.0640022515198328,0.899373237279769
4460,-0.6690082142540192,0.4960372588605841,-1.2132150317949013
4461,-2.2013944737108813,-1.8009965837760122,-1.4207848212335372
4462,-3.0019556753392465,-2.175701782988245,-3.197641618964069
4463,-0.5916902818821348,-0.5731076975379313,-0.9834900062180488
4464,2.477094339500034,3.0302923191304303,2.716529039904194
4465,-0.3060465431172542,1.4165034170264477,-0.9984817519555208
4466,1.5356910291498431,1.376510014692347,2.437325466993529
4467,-3.0354787251054844,-1.401777646030491,1.606822914052895
4468,-0.2923828087172139,1.6093128077638506,0.1798796089324609
4469,0.3367919371121896,0.7724628212157147,-1.5192285902331266
4470,-1.4087762731853668,0.2416965540177226,-0.4858845521123262
4471,1.5570899353476513,0.3552431034755008,2.266819459848424
4472,1.707329874196262,0.7268325635504875,-1.7329480970138982
4473,-1.819378958651921,-1.0123603898243214,-1.4244354168635298
4474,2.65637398849629,2.445114611709756,3.813258115205784
4475,0.3462909969318866,1.1942046816304337,-0.9965247611446746
4476,2.4452802450759044,2.320272546969841,1.1231161588429563
4477,1.2004493109371028,0.3390611427402002,0.9094175509755305
4478,-0.130181602917268,1.0977517663661125,1.8212947680478224
4479,1.7384070286970723,1.4989132107702094,2.799311938771111
4480,0.863392802991391,1.4641598603203654,1.4307199220884004
4481,0.8047369531050185,-0.7197584811108138,-0.9883141846159906
4482,-0.8236840300307837,0.2121868002684208,0.7583286705398795
4483,-0.7247222747821723,-2.410662265203132,-1.3723444870341044
4484,-0.8994598729009741,-0.7198212690545192,-0.1011138622968595
4485,1.4645220545390862,2.0588924850097863,2.510972783607816
4486,-0.7662061571227068,1.1421453971391735,1.30746724611913
4487,-0.5079269169199164,-1.1321497999273853,-0.8329208852678918
4488,2.123601972242722,1.700209755678006,2.3856048436629607
4489,1.7761837081463203,1.0170577022144514,2.159691237508391
4490,0.7238149629765905,0.2492454138392737,-1.0817957394228264
4491,-0.294551172732112,-1.6013412344611857,-0.1181723146848891
4492,1.2413573524592023,1.5653628807331463,0.1624299143903071
4493,0.4438325261675947,0.9268953155524088,0.2108244869749537
4494,-0.5901274232169211,-3.308433755849848,-0.9241112451091484
4495,-0.6205435307176614,-0.7768341857711909,-0.9108032940678844
4496,-2.2642360046943986,-1.2617788598124422,-1.3215530664816213
4497,2.482269377222317,3.3289256671898846,3.340340171244608
4498,0.8676387174581446,-0.2711966640502888,-0.3562003917983932
4499,0.4192281242127554,-0.4475946326052219,-0.8891236281790411
4500,-1.7609641906814697,-2.770987712654546,-1.989617266701669
4501,-1.2492041321081362,-0.9695675044801696,-0.3996097729695577
4502,2.959537635189069,3.0003848597652163,2.9162325139147
4503,1.0213358683465346,1.6573090017862606,1.3609680472384402
4504,-1.1496606682567194,0.3084043177505293,-0.4405533718825935
4505,1.903524615340332,0.8079697262693648,1.9999869109534256
4506,1.1925019555634633,0.4313427395882674,0.8228335407415535
4507,2.012313839704479,0.7512726482710788,-0.72482401344966
4508,0.0693864300669292,-1.033292439796873,-0.5437558715452986
4509,0.0819014501087877,-1.3070640457201002,-0.916580009130966
4510,1.9320047604400363,-0.0477381041532561,0.0105240281945709
4511,-0.9374349560155202,-0.5156665726126843,-2.6313348265320893
4512,-0.8581863868532247,-0.2686722720727699,-0.3291620365586529
4513,-2.589731198905389,-1.9840829249226903,-1.4030592349570077
4514,0.348462149798443,1.1070545416441773,1.961314889529156
4515,1.1003019263049003,0.2202870449331439,1.079485901352795
4516,-0.4287104137030558,-0.7505632981521108,-1.3494209372418913
4517,1.5750578899474548,0.632853131743853,0.6374302827514855
4518,1.8541931518921573,2.7034583708351523,2.328924331984501
4519,2.100151420897713,1.7632603346256328,0.3213276735467257
4520,-2.52415264639229,-1.2192072410032493,-1.3248361224870084
4521,-0.6316949160212318,-0.9046652308499892,-1.0808429155082406
4522,-1.779491855738516,-0.6564738425950974,-0.2511007196590435
4523,2.423281897324693,2.6003225868868385,2.736676900240848
4524,-0.8424541564151414,1.846604037387513,1.903515212997681
4525,1.4012053278734526,-0.5547540631966712,1.3700998613021145
4526,1.0236674565717174,2.02424056355506,1.8037181895979653
4527,1.061520578271892,0.6813011526782871,-2.618096656261604
4528,2.156615183357462,2.371087155563598,2.745409503867686
4529,0.9787760671873786,0.4999884861167801,-0.3000158928536366
4530,-0.7221333588868667,-0.274020908858031,0.2470909244244707
4531,-0.3514945712883991,-1.0972852555823944,-1.0418494168256578
4532,-0.5971903576617067,-1.0641092996478825,0.7675801841024044
4533,0.6483666231367671,0.940355900614061,-2.127767148508825
4534,0.0448037835782882,-1.0122642651473843,-2.0781019955173567
4535,-0.7905603675476435,-1.519779247609471,-0.5876582704297926
4536,-1.84402970786643,-2.084768096686161,-2.233343737851204
4537,2.480243975422744,2.1404599805714293,3.267775978633274
4538,0.8592909745914878,0.8531256277778725,1.6624812166975402
4539,-0.4039577095360563,-1.0999881913827665,-1.9011871737599035
4540,1.7377866763414722,0.8844214099612987,1.2512197837391674
4541,-0.7289796595635939,-0.9932884855138128,1.273450483974458
4542,-0.2398516608818571,-1.176750779202861,-0.8323580490134745
4543,1.2375582571378798,0.3825703935742351,-0.060092103571829
4544,-0.7063854823812161,0.4538998502109801,-1.250500335982993
4545,-0.0978705233026765,1.4023616558797574,2.528157275039747
4546,-0.764995844582044,-0.1777328316074618,-2.6613811109690912
4547,-2.590124276447214,-1.7933201313511382,-0.7105604609084383
4548,-0.4775887889860687,-1.4581168968668636,-1.0044932117564604
4549,-1.4009234580656629,-1.6333541486539431,-2.595932230084187
4550,0.2003370024343383,2.391596531197952,1.8268012244365768
4551,2.028939897930536,0.0295618469144756,1.8858188556687825
4552,0.5201701849632081,-0.3197471908651177,1.3860214915699558
4553,-0.3821203537432606,1.031734473026987,0.394094749856229
4554,-0.2990648088235498,-1.7199102022223,-0.780826890458995
4555,-0.8057094879743995,1.5409642309441445,0.922932070147453
4556,0.0491479464439241,-0.5407283854688818,-1.801562238957472
4557,2.279857597661361,2.67686040394488,2.833505332290528
4558,1.401083419415381,-0.2471482663937205,-0.9746484551986022
4559,-0.0770360736975713,-2.222251065393546,-0.8034118150192882
4560,-1.2944784605153696,-2.1407925799186844,-1.7501836990260724
4561,-0.8080558828767958,-1.3967966719124192,1.0275461400071682
4562,-0.8646510391458608,-1.082884129327948,-0.5256492905551954
4563,0.8622131819965161,-0.6639541408005424,0.2333968304244347
4564,2.05344375702496,2.2397483907152047,1.1872160153674685
4565,2.1551930202779457,1.5198271400642875,0.1405974410717541
4566,-0.0196510927028653,1.3431593911948592,2.511777323033238
4567,-2.248076124954121,-1.0406915532211976,0.5580745447621966
4568,-1.9408545354532687,0.0169351160116472,-1.4561688291445962
4569,1.9438762060519168,2.3700308961009635,-0.1006056593763975
4570,-1.852231462097521,-0.4762374365045252,-0.7825044104098767
4571,0.0547096913947917,1.1917020822179152,-0.2666245420972757
4572,-2.4623343748137283,-2.1376327131462216,-2.2087198817799365
4573,1.2370839913354184,1.1228157829520624,1.8447684259637147
4574,1.328951062042281,-0.4343609215664025,0.048537826261042
4575,-0.4640493670298162,0.6389059795837185,-0.2142997735235654
4576,2.5944562299402945,1.692840980469951,2.081782517213046
4577,-0.2940288390519009,-0.2570210658302796,0.3658700868952135
4578,-2.173295424066588,-0.7830550019322654,-1.6618517603421188
4579,-0.4728468250576992,-0.8241733688643547,-0.1768201000795806
4580,1.047353140015484,1.385928104084756,1.2215274158718767
4581,1.1733986177400402,0.9409688166633016,1.5977788445004752
4582,1.4057498846133911,0.8204429793787846,1.6213120612753835
4583,-1.21088057915727,-0.947749886583746,0.1521157957179537
4584,0.4128819019997494,0.4393401011889599,0.1689022060943041
4585,1.2318193337683043,1.5876756337429432,2.2280323067885948
4586,1.1236038359618548,0.5203831305163824,0.2073665417093927
4587,0.6877508246508685,1.8786149118234752,-1.4635878257067043
4588,0.3138202775190826,0.1954818875152434,1.022589702621468
4589,-0.1356800704149043,0.7499557356619886,0.6276484535901135
4590,-1.0921793413724123,0.4035928871352971,-1.8817449314013424
4591,-0.4038166938386395,-1.678123644291806,-1.174899354259822
4592,2.16120634078476,2.761424112220376,1.4008033662904584
4593,-2.559847200720567,-2.445641790758252,-1.7680307066390364
4594,0.3179441096028066,1.9581411252446683,1.756121056763086
4595,2.0530362087162746,2.3676550965058354,2.316597532339382
4596,1.4238529513844322,0.1962066253131084,0.9455532340392472
4597,-1.3533380605286982,2.0050094996493044,2.235229360489657
4598,1.756441836047031,2.073732655405495,2.8667491252448336
4599,-2.598138062881159,-0.5242446674151837,-1.1432600581663166
4600,-0.6401380126222513,0.6244684064803143,0.6236853851090234
4601,-0.2705340175435264,-0.241302871708755,-0.4274525223212632
4602,-0.0605861387276483,-0.5972959555847107,0.0366611278064282
4603,3.131484593848908,2.85928576782674,-0.1921413733748022
4604,-1.209450087202872,-1.4671490443788209,-1.2457452961126
4605,0.8038565588852241,-0.7328079697372614,-0.2951438148844501
4606,3.0165055864467485,2.3578405685917776,3.41364943716974
4607,-1.5336315260311306,-2.4495411596088688,-0.9737919292073924
4608,0.5051821526625645,1.531776895466049,1.5896762731789134
4609,-0.3879149432375753,-0.3444114565089468,-0.4712370969581312
4610,0.5151115252099332,0.4565475443830789,-0.2623043601811998
4611,1.288619162029336,2.463853371153062,2.025664415782617
4612,2.8552266827007746,3.408944892651657,0.2943176709513402
4613,-0.0930934596757308,2.0024059695939096,2.950777335351288
4614,2.666729188344819,1.1182963128934416,1.8139540531258207
4615,1.5092844219925243,1.0151766871877537,-0.5321546550987484
4616,-0.2199192291539091,-1.176747537860222,-0.1588659286844365
4617,-0.3395864418072069,-1.6523243806299088,0.0256170810311647
4618,-1.7825791443440526,-2.0489630462831148,-1.3134396501011425
4619,0.7918127892308455,-0.7077956636504363,-1.9572220262413864
4620,0.616246187956421,-0.4321180473513608,-1.046497197758797
4621,-2.180439224513294,-2.74028141047394,-2.819842187932901
4622,-3.128324294691998,-2.446456358776738,-0.7402475063765586
4623,-2.012634059530524,-0.0978458157397089,1.7328817370431555
4624,0.8317480628430257,-0.1103666862886649,-1.513611637610801
4625,-0.8866083042513357,-0.5413500594333598,-0.9979250709383982
4626,0.8250709349680847,-0.832730115304022,1.7229760344898533
4627,1.6166505750196107,2.3845686326865803,-1.0139776360476347
4628,1.887419365371104,1.4251421598108616,0.9907217729268608
4629,1.4985759737607895,1.1736176321004683,-0.4223215894192783
4630,-0.3735797879290976,-1.7191590263305112,-2.2426802503780983
4631,0.5073989218436661,1.3003062438511883,1.7072693115348088
4632,-0.5825094960700861,-1.702531059903884,-0.7253823331168501
4633,-0.0033093453263463,2.366364205659896,0.3203149946446958
4634,-0.4383879150468353,-0.2328086897047469,-1.733447009786434
4635,2.477125124591569,1.9121252316228647,2.671371221973204
4636,-1.2473623886369225,-0.6320840808126647,-1.0650376538368758
4637,1.069939549672618,-1.6926809333015331,-0.7981021669066777
4638,2.1453343538369904,1.726555919906206,2.751382688012713
4639,1.3153676621513417,-0.2742134027870262,2.151669138305857
4640,-1.161654907911026,-1.5418039610827876,-1.7529627133610606
4641,1.4542277479674766,0.4049222509255001,-0.3955855415541982
4642,-0.4479227135036749,-1.8863447392806407,-1.209113201511893
4643,-1.2511528099342897,-2.4456124149721727,-1.999126174354727
4644,1.7548781408081433,2.166110383664783,2.536373594221024
4645,0.0395238951303887,-0.4500419024198664,2.566083360714639
4646,-2.2112582769754896,-1.0800127073981294,-1.4216505405551223
4647,1.642107696578966,1.145000583663457,1.5146593205732035
4648,-1.0189950810566049,-1.8938916080758688,-0.1068930579296983
4649,1.8690344547703228,1.9793198566452468,1.9006903922172864
4650,-0.7890078760992851,-1.63149658391255,0.2927201480386561
4651,0.2260650400624972,1.4834471766700217,-0.0849378951401093
4652,0.750064212430141,-1.1036797630413446,-1.4236769126691122
4653,-0.9239724611729044,-1.4411150611158707,-2.0205966721860573
4654,-2.7586123761243195,-1.4155911582866954,0.5262230406918159
4655,0.2193810599473352,0.0264901364510917,-1.7200433514038551
4656,1.5774523740434458,1.7841157543834083,2.3725429167120904
4657,-0.0779836372462647,-0.6901428079193044,-0.0666377024896609
4658,3.1489228586483304,3.700002614553133,2.1236641473139364
4659,-1.98218956383854,-3.4956834869287534,-2.137159208198308
4660,-0.363588944073325,0.9199648886024576,-0.0527633615026292
4661,-1.608565269908569,-2.293988052517966,-1.795324787969323
4662,0.811339765147828,1.876372442019167,1.221127233071302
4663,0.2891475732822637,-1.1056981362943503,-2.2961654329647354
4664,1.0267507024683515,0.6555950622038317,0.8352874976427027
4665,0.5374307138853062,-1.4041394346606624,-0.3011563768677209
4666,0.9084416707929855,1.425498910495938,2.019446032045078
4667,-1.484513633904743,-1.7531213381849235,-1.3317866466327182
4668,0.3141597475366423,0.4986115921091303,-0.082268597966751
4669,-1.273502960419642,-0.3433052313595779,-0.6132725071851288
4670,-1.213102462685696,-0.2517930771640373,-0.4167895859860553
4671,-1.0951340065341788,0.1088114247762346,1.5320246385644816
4672,1.813185772161626,0.7320797210276768,0.9865604517137252
4673,0.7868571989544552,-0.9454140757087868,-0.5905607065890439
4674,-1.4188138447471634,-1.7102925220203775,-1.641892041957839
4675,2.9074858201019693,2.9278829136740825,3.4884308841724145
4676,0.6006709387736723,-0.5760125114280541,-1.259438288982612
4677,0.3425027342783514,-0.9081621388283684,-1.3399871883734409
4678,0.2074103054454559,-2.016474858756088,-0.4993310397137398
4679,-0.7801500428852544,-0.8911379904757099,0.1623832574652046
4680,2.156486837685552,1.14318155699221,2.2742802368923147
4681,-0.3364490354433825,-1.030876028680748,-0.9917923002043644
4682,1.7281279943014314,1.75193092630995,2.297675569217466
4683,-1.7798703983455395,0.7672573113713882,1.6602168847163885
4684,-1.0848127267529617,-0.7778381716399787,-2.5808310824424847
4685,-1.1291798179213577,-0.2699715686245429,-0.4198355953013012
4686,1.824670227314044,2.044246088783406,2.4016364907256347
4687,0.702305421808162,0.5921963345905014,1.599561325204686
4688,-0.393143351064898,1.3373174029826391,0.6755278570294905
4689,-1.5452630635334952,-2.732062211691897,-1.1513884964631995
4690,0.2564435341758915,-0.6243227957588109,-0.5979803118765854
4691,2.110351752709814,2.1912390939484574,-1.0657497493831751
4692,-0.2200224230054014,2.137358746948798,2.655340708145585
4693,-2.118101302693562,-1.5517531053151283,1.6054590157735262
4694,0.5562755781394999,0.4617193768626812,-0.1350055163636825
4695,1.0918160377332815,1.496432592726364,1.523411855057508
4696,2.244170401731179,1.9388831821443504,2.418760882450812
4697,2.12509752839408,2.323832697762086,2.163969427211528
4698,2.51853216169693,2.6755027139010776,2.5341591175482368
4699,-0.6421628733128708,-1.7408734013003917,-1.8867984990289888
4700,1.4592930357135696,0.4966832509074692,1.3964023600837705
4701,1.2052037299149438,0.2368828115624089,0.7565403361036703
4702,-0.5574754342198167,-1.3325757843947297,-0.368543906288772
4703,-0.1602308066438599,0.2546013702393726,1.3062934299747078
4704,1.2824886522385397,0.3375532705038742,-0.331753835841831
4705,-1.2490414513437764,-2.080139065617565,-2.081616111780816
4706,-0.4807863536661254,0.7203764926411494,1.7083743829600393
4707,2.18525233378277,-1.9886280976852564,2.0357363636634083
4708,-2.340541037971293,2.364575165420911,3.0669594224894112
4709,0.6721447521183808,-0.1213975528646829,0.6824947888126565
4710,-0.3570244003648135,0.3088383212749631,-0.8297126309181957
4711,-0.7286006562149095,0.956170004217538,1.8027069750075804
4712,-2.238439721041026,1.529598910889464,1.1993231516644876
4713,-1.4802219133787131,-1.0086225756080889,-1.596873219954909
4714,-1.1481806364803324,-0.920483208894196,-0.3563418017692786
4715,-1.2454976732676653,0.7390504184864706,0.5053184663864081
4716,-0.2763153254203412,0.1187274408894805,1.2406971911760816
4717,0.8618510970092008,1.3629819158668306,1.9447460939845207
4718,0.2664569759465038,-1.464470336086083,-2.098511939131602
4719,2.418558007820112,2.577587068201615,2.445278843105895
4720,0.0165110970348815,0.2070057809995883,-1.130987877381915
4721,-1.4272957210078137,-1.346590650814115,0.1282056049653746
4722,1.4273453658038049,-0.8118045972945049,-0.499963540550539
4723,-0.6264580498403226,0.3334153625708284,0.8025205259230084
4724,-1.8754103336606005,-2.215759114391717,0.7853886621916657
4725,0.4857334093285233,-1.1801737978430056,0.6782809612919012
4726,0.9407296847100556,1.3951939337154804,-1.1156244368881385
4727,0.3087810862828819,-0.1741511247314873,-0.7194035735387494
4728,-1.4852033113654588,-0.684765533189438,-0.6108506985625227
4729,2.119738250624613,2.562977306725756,2.374308418209547
4730,-1.3172970311809673,-2.6992173633745216,-1.849042297006629
4731,-0.3980127458356025,2.398234115667356,0.7528803351764182
4732,-1.5039785583383736,-1.7071985711337947,-1.402192185611662
4733,0.0342601056442406,0.8384672247413492,1.2241959777465716
4734,0.7110554513692605,1.7736271972383746,2.132895466291417
4735,-1.982277282415507,-2.8846483142842687,-1.3983717033713805
4736,-0.6597672004194725,-1.0342467872199148,0.0474306127149562
4737,-0.6996664809395943,-2.180132603515315,0.3012176977165243
4738,-2.3411560451739803,0.0142286326466608,0.990801280064922
4739,-0.1816465796910085,-0.5554991663528537,-1.5281129485439626
4740,1.696608926180261,-1.2942415002057477,-0.8665629814714533
4741,-2.0000866702700058,-0.2032965774200605,0.1635732244020386
4742,-0.6263270064055659,-0.5733313496383173,-1.1666323948719737
4743,-2.24140532165414,-2.37190867485218,-2.650951009752536
4744,-2.020468713870918,-2.136030733903311,0.635184472383995
4745,0.5069156383631324,-1.624719990396364,0.6983774928321809
4746,0.8549045838938395,-0.192846243356912,-0.5860409725530488
4747,-1.456306253208414,-1.7106500370554898,-1.7358962008491725
4748,0.3082449364851515,1.1460203457875502,0.8328555470409269
4749,-0.3462815033734702,-0.6960938573771511,1.4197342856518262
4750,0.3896779999728729,-0.0579741823260404,0.2405639578330096
4751,1.5959077623604825,0.0177559637221482,0.8547570250349906
4752,-0.4717114084072498,0.9370629606248444,1.5754235843058977
4753,-0.9477813735419952,0.1546348431282827,0.2107174522447318
4754,-0.4747049589917622,-0.9430062384973524,-1.6946741238439134
4755,2.300027134629241,2.6783745204932203,1.81292999387674
4756,2.2588038598171765,0.6130930940741807,1.527504511113085
4757,1.7555371822105807,1.2032190805086749,1.3796161886253653
4758,1.471451694184591,0.6223649287193026,0.2651809663870996
4759,-0.4202111557888107,-0.3629794818634356,-0.1338815642167636
4760,0.1505181729162922,0.3027834549303869,-0.2636990785735844
4761,-1.516030983251048,-0.1725903466273791,-0.9701130013552112
4762,-0.4954950485914136,-0.9659985317785516,-2.8872846676404498
4763,0.0973759313034339,0.9815720816986434,-0.4975562348876832
4764,0.2814868627826362,0.8711245170180819,2.382692453638699
4765,-1.9396367000359127,-1.0654133929712823,-1.7721145403854048
4766,0.0211821645810395,0.3062919905748651,-0.4639835978662857
4767,2.14172086820392,2.129904241069086,2.521578208324714
4768,-1.812271841262465,-1.9109184420132208,-2.684212779429721
4769,0.1718712110808032,-0.7454332607157276,-0.4348369937924649
4770,0.358514080783643,-0.3320776917301142,-2.0099679156899457
4771,1.9407790195552528,0.032774513761177,0.5661001350139181
4772,0.5542720967100889,0.0726769858166468,-0.0573394077104829
4773,-2.7012798179134245,-0.9131041484539434,0.3585765370463485
4774,0.9049631466874456,1.5416214835257938,-0.1289630286070858
4775,-0.1024195619811148,-1.0045568092142103,-2.411131554527828
4776,-1.8593209046358008,-2.0562420332381097,-1.59173945832853
4777,0.9380639762441012,2.3305233814157607,0.6820370301759033
4778,-2.382876583322198,-0.93846643851751,-1.8047142114716623
4779,-1.1587571413230118,0.2340543218719062,0.0157856932640008
4780,0.6064071033402183,0.5250386949886494,0.1909839959817747
4781,-0.91573586724145,1.773319520106286,2.640409008473928
4782,-1.870682971473288,-1.277167365047847,-0.2945766357576996
4783,1.8559563501952128,1.2524516954892604,1.637002004127608
4784,-0.5574572297436909,0.820701093404594,3.190879776599555
4785,2.4771661713802824,2.203949423941653,2.317999454460786
4786,1.2574409469888643,2.295923765661544,3.081959410965143
4787,0.9977534612068432,1.0174640960996633,-1.3633670713425157
4788,2.656711210268788,1.78318280871865,1.0192814973242257
4789,-0.2981579948428605,-1.0152118815312785,-0.9078109971251628
4790,-1.3654005258902668,-0.4932110638546426,-0.7007704884939177
4791,1.821068941027816,-1.4592837695790268,2.4248981990609813
4792,-1.052729978276207,-1.9112168546549115,-1.626242986646001
4793,0.557234073453789,-0.1360015757617911,0.2668263216399283
4794,-2.22606126522664,-2.488738442953464,-1.8542013209791528
4795,-0.022958476028381,-0.1862452605629376,-0.3064524810274061
4796,-0.3762375254913853,-0.6383823344695068,-0.3012718130006586
4797,-2.3825422001985093,-2.4005616130963787,-1.95267157437078
4798,0.4872139526776428,0.5588880389607302,-1.0584198731917691
4799,-1.7225048262407008,-0.5807390502238594,0.1951174785491871
4800,-1.0423284958767405,-1.283835457030309,-0.8572407823284229
4801,-1.899493396749622,2.462567942964205,0.8355407249138167
4802,1.0594229222317235,0.0108442275935741,0.7949580796250731
4803,-0.8111022952361875,-2.065069133291335,-0.8800208601446845
4804,-1.2633185051857163,-0.5073580868846574,-1.6969744935307245
4805,2.6985773016366807,2.670998343147987,3.8162026984578015
4806,-0.9018355876841082,-2.5567665654231333,-2.672707955892674
4807,0.3092645168614324,-0.0602473013970923,2.9581801503478347
4808,-0.8149987005673112,-3.4890750143904583,-1.2569270722462966
4809,1.066776509643228,-0.0199065600808361,1.890906014790188
4810,-0.4446270240193301,-0.6751709563513423,-0.6279388298774777
4811,-1.7337254529879782,-2.214515140737874,-2.269406860701664
4812,-0.6478294670755713,-0.0115514862860047,0.141057004808233
4813,-0.8954443064367292,-2.6986287439545573,-2.0933083936845582
4814,-1.3704641407939044,-0.8872371407314905,-3.061124743059337
4815,-0.1111847177935239,-2.092936100689289,-1.433730128121564
4816,1.273198814158432,-0.065032989605194,0.3259663744122336
4817,-1.2907389778380065,-0.409005616917193,-1.238976127369379
4818,-0.5113923557827973,-0.7595107777560164,0.419391937769938
4819,-2.3787642791188146,-1.6382788731187443,-3.262198981545594
4820,2.5566199010822785,2.765880311208464,3.1414202164280383
4821,-2.2885020514090497,-1.9038397679268653,-3.217485538438821
4822,-2.3499955381377284,-0.2951642941731122,-3.025145211048664
4823,1.107185924511462,-0.709911300763796,0.0238738316317484
4824,-0.7748206458708963,-1.011290034835167,-0.5860368907201166
4825,-0.83140897865722,-0.3476368614747294,-1.0171442789950522
4826,-0.1405876764739787,-1.1134326399638053,-2.473024197220864
4827,0.4151754050994247,2.5370267098719546,-0.7141178350009655
4828,-2.096359277084408,-2.0573204786784007,-2.172730353401297
4829,2.5558776358497908,2.079858374755912,1.993604798757784
4830,-2.2571807005223525,-2.7928436243357058,-1.879086194812678
4831,1.1617824015471434,-0.4029879987254425,-0.7264031976400365
4832,-1.944751015947704,-0.5767253835216042,-1.4100973353903357
4833,2.621401233419505,2.8560922257617456,3.4755392088314627
4834,1.5926322674276645,1.306328892528939,1.5108321173415007
4835,0.5305278941423559,-0.3888148895895565,-0.3106726427422975
4836,0.3419009312073781,0.4407991334914283,0.85605079838263
4837,0.5451323080041874,0.4972067277769085,1.1372580690854468
4838,0.4264335464593023,0.774295005941135,1.588644581398672
4839,-0.0006697586249985,0.0187961167511071,0.2238537932187508
4840,2.4601508254566253,3.081668043597606,2.444980192395834
4841,-0.3574536219364633,-1.4025723755340331,-1.6782598561535946
4842,-3.1113140537275683,-0.3414413349905739,-0.2835186746599545
4843,0.9386238968662854,0.2452694391868375,-0.5843453678145923
4844,0.3204983705689889,-0.1144564702098672,-0.2024230838115921
4845,-0.3793408389751432,-1.2486504203605924,-1.2418245167032602
4846,0.109952538494877,0.9945063981019578,1.6035939016155172
4847,-0.0709919966646352,-0.6725216629129903,-0.5619961220014202
4848,1.7732896181271556,1.4228774890651283,1.1259349057225052
4849,2.0796884526853385,-0.6603203422535293,0.5972364736871064
4850,-1.5427700938729576,-1.801370923048071,-2.298817698694501
4851,1.7151103052384855,0.8582789345131429,1.5876037200188229
4852,0.246418452882673,-0.6470442915307505,-1.3198901710774489
4853,-1.5753357931133702,-0.5799153012761494,0.6531568415339123
4854,-0.0924312797297706,-1.6561530026082814,-1.9015923267590085
4855,0.1338632051836598,-0.2125272620937869,0.2094101348524926
4856,0.8244459956913733,-0.2900217575785229,0.5836250152568414
4857,2.470596017798829,2.217534581698106,2.781750631982814
4858,-1.85088094698282,-2.6819000198068657,-1.160877232401818
4859,0.2587083729619441,0.0387639922456036,-0.4952387838762478
4860,1.6396189629828233,0.1283341575627086,1.4603479275849396
4861,2.558687919746588,1.7096349370465815,2.59653931457438
4862,0.7367117522586081,0.86050251086887,1.5961407290778915
4863,-3.4814368877960806,-2.1468533080399195,0.6457140805921123
4864,-1.6567825398418758,-1.83561368774832,-0.9917176068062804
4865,1.2095373751325718,2.33296958271934,2.408391762322581
4866,0.4079152786000306,0.9974691318444212,0.6072086267381693
4867,2.794235426267219,1.662703318405664,2.759439786712458
4868,-1.242984077482372,-1.944791233269496,-1.150798520366471
4869,-0.6879459774995619,-1.1352839905829542,-1.2413746315308305
4870,-2.47436815822343,-0.1791342602266858,0.4049948984900001
4871,1.1941503302934262,-0.6750137587169607,-0.5908409813128074
4872,-1.295052844399626,0.0852500843530042,0.0250907315256824
4873,0.9255998291836356,0.0864360498009286,0.1566393310882407
4874,2.336971776680469,0.309533776971869,-0.4785346341997052
4875,-0.2653097975155692,1.8181821220562155,-2.167042032338003
4876,-0.733270494466831,0.1201692107893072,-0.8488106116343488
4877,0.2730673800669469,0.720428641203716,2.0681101743383405
4878,0.1641505687293531,0.6620791067550449,0.9741936901789292
4879,0.7826366667634702,0.1218440053034349,0.4404446233576271
4880,2.29528662029336,1.4021043572836895,2.895672380045677
4881,0.2101636390595076,-1.4105600658220878,-0.2547511347264323
4882,0.7091494022240337,1.0185896413795636,-1.0030365462277326
4883,-1.3751884990168357,0.6215032123332014,-1.5731289174609335
4884,-0.728971413301313,-1.1653669747349469,-0.9146982135963936
4885,-0.2927714147414867,-0.5146238908994014,-0.899355830026658
4886,-0.3857370281358496,-0.4147044795306044,-0.7765821816015466
4887,0.2800240896269984,-0.6237673440045086,0.0472940550469933
4888,2.177604458173753,2.077942427577797,2.3986025429880864
4889,-0.5593272468692873,-0.5434983041884605,0.1697270198072266
4890,-0.1363455326498479,-0.7170809486791911,-0.3289480941116136
4891,-2.018715333301177,-1.9200079323654464,-2.094966806963476
4892,-0.1027316158577331,0.0361322715990813,-0.4907182020262297
4893,-0.6992563004663779,-1.0671048352230883,1.9324057834432629
4894,-2.4536043878489275,-0.8289983760055066,-0.7004906357568507
4895,-0.5675648201802512,-0.2645853129008779,-0.527236255719746
4896,-1.179035030403147,0.9323147080138492,1.5949166993546615
4897,-1.323068764803894,-2.199212536365981,-2.8925134460796738
4898,2.050622814944339,1.5891160391024528,2.288137475005856
4899,0.3206571121334035,0.0312590801324184,0.0830941162544945
4900,1.304847218523084,0.4219135660653784,0.740811401430689
4901,-0.3338690517101437,0.2175391216633192,0.1435778575979399
4902,2.656391957467684,2.352362028449138,1.8877726878372
4903,2.7475099857999545,2.914008438646004,3.200108347322244
4904,-0.464303792999185,-0.6251890682681491,0.1047766049195932
4905,1.1410228591402929,1.8753056055482444,3.312434603412759
4906,0.5436925348806356,0.9337197979132048,1.0640757182658969
4907,-0.6980339745349515,-0.6004972519584468,0.3903282201101383
4908,-2.006530525601641,-1.8171090102463865,-1.5203819235430882
4909,0.1662935940074335,-0.9835715143481268,-0.4329649111448783
4910,-0.3254957348503218,0.4996369558509314,-0.4200509279023804
4911,-3.1410307826342985,-2.529347683687537,0.1554949956941833
4912,-1.068744703526205,0.7643378281844878,0.8436184712218069
4913,0.6131085835756148,-0.4267433519159156,0.3290808984548877
4914,0.9388263967331985,-1.0367684011195113,0.4345411642170018
4915,1.8176334395022733,0.5920334106722567,1.087734515321766
4916,0.8644271912591897,-0.0543092140004835,-0.091567297659748
4917,-0.6909266481410441,-0.6381580586747198,-1.0626222195903738
4918,-0.5211846241177764,-1.9866462846411,1.018920135034528
4919,2.2678729082805,2.217458806882817,2.5088276538695737
4920,1.1139534674992426,1.0166661579149197,-0.4200460931579293
4921,-1.1047416038608608,1.6539577007208288,-0.4907095752415927
4922,-1.3366077643586638,-0.6799590328644096,-1.3133795512888335
4923,-0.8089204125043483,-0.4754538608126792,-0.1259734158948462
4924,-1.2112530584456669,0.3090599315790369,-0.3894520091389667
4925,0.5569768008139168,2.15222471621774,0.6011540279906165
4926,1.6699957403204362,0.0724296169577935,1.9737540707408543
4927,-1.028831887300994,-1.2920174195103966,-1.4005340676318807
4928,1.335566881608338,-0.2726326208937536,0.0555922584051634
4929,0.1684093539984036,-0.4859635667399928,-0.3908879299686111
4930,1.579669777450001,-0.3474880309653592,-0.4725167964469653
4931,2.560727654570449,3.2222366087448497,3.1583484752039896
4932,0.0160072422932138,-1.2677921936975682,-1.862030557723073
4933,-0.8550168129526163,1.769778939982414,2.3315230989513287
4934,-0.8449111257964904,-0.9287204346775813,-0.8709774817108591
4935,2.032098402649704,1.4921527242669623,0.8146403900636602
4936,2.1952488583275205,2.0110535019632425,2.1699553942656613
4937,0.6717332438441153,-2.108462439407793,-0.0863484343929235
4938,2.48064935956787,2.364585464636624,3.0129035075938844
4939,0.2762548001931514,0.8292614111245239,1.114148391472828
4940,-3.1590276100370778,-2.122943803571588,-2.4314421894820515
4941,0.9791944261490846,0.6596139959594596,2.662953656346447
4942,0.6193694730618438,-1.2960260122624,-1.3988484319291974
4943,-1.717455724644994,-2.278809644872005,-2.485074003075273
4944,0.4406257090180583,-0.1697327885731622,-2.8627911883433947
4945,-1.803183972047186,-1.8668408060538737,-1.4264368017443798
4946,1.6031658329898235,1.2120431299083885,3.044043773761405
4947,-1.3408170259218777,-1.1292243928121382,-1.615500798513683
4948,1.124137853090677,2.042684810726498,1.527410620257982
4949,-2.840047689906685,0.3593512709008007,0.1951906727030122
4950,0.6512854023015064,0.4364625651940358,2.233042529944361
4951,0.3405410526835981,-1.9107952709929288,-1.329825504877127
4952,-0.4372565059234929,-1.3230706093179885,-1.9618865610255247
4953,-0.6330952386200758,-2.227643022156214,-1.8515268513676264
4954,-1.7548125578829543,-1.4191595660285108,-0.6642773075515949
4955,-0.0725454398336722,-0.3197069047039921,1.560301471359187
4956,-0.6240671684708461,-1.3656944193692104,-0.8325122662325382
4957,0.6233437143601628,0.025307652430557,1.742641409169709
4958,-1.165506370652601,0.3537413152054308,-0.5492708153586883
4959,-1.0088285262326295,-1.2144494904356042,-1.234093952293176
4960,-1.2526891877414903,-0.6425613829194607,0.3015932121732547
4961,2.6535102448622867,2.377450507321751,2.510700379404839
4962,-0.5624785849406684,-0.912490491950908,-1.1609478764584424
4963,-0.5172579780154439,-2.593430762131802,-1.7443297212240685
4964,-1.8199376510538536,0.2135380118467112,-1.1118230787288577
4965,1.5617954069205784,3.0801987846498315,2.614037197206947
4966,-1.6414563420015436,-1.5815992838378226,-2.4269386868321363
4967,-1.7175032011727185,-2.153672472969528,-2.357148707083363
4968,-1.6558073916100988,-2.885945620927199,-1.8636325120398365
4969,0.9378062849752136,1.3706207627776124,1.6266255432591366
4970,0.5896731935063415,-1.5609787335140917,-0.2541959771015925
4971,-0.7271976783497999,0.3124392194004298,2.365422948221659
4972,1.1225472127740086,2.266131330978444,-0.6975775901713508
4973,0.3573998029936456,1.4640203953840198,1.4986051517687746
4974,-1.5018254395023367,0.0090337286106748,-2.6276588536139824
4975,-0.6241023432883963,-2.057684502833898,-3.242552204407763
4976,-1.5356453120475804,-0.913067219891778,-2.080497568437646
4977,-1.645231789490438,-2.924639101848125,-2.7224174677080253
4978,-1.100405024504618,-0.8071479288745194,-2.402351248703648
4979,-0.8692154265163854,-2.71772216651325,-1.425715636099632
4980,-1.5879800406907694,-0.6037896659976505,0.1525412134168863
4981,0.6410310354111938,-0.0953559021820275,-0.2128580928087657
4982,-2.426538245266356,-1.8232863714179144,-0.8766975997950337
4983,-2.001278266410872,-2.2014460626316885,-1.5209856256469576
4984,0.8094498042649474,1.015054908628919,-0.378918168146552
4985,1.318636036489972,2.442954622798738,1.525597767465352
4986,-0.934637545315462,1.1557119035203969,1.115215916498928
4987,-0.4651652746370259,0.5932143908735451,1.813561583749261
4988,2.370683431933782,2.576884084192808,2.626560107346244
4989,-1.3448934078073371,-0.0739275190340471,2.3943127738843684
4990,-0.7595907662912984,-1.1744329451264468,-0.9814627847634444
4991,-1.5175507680393985,-0.2562608922170375,0.7513814578528246
4992,-0.0865968815946368,1.7765491687306083,0.3578821510206215
4993,1.7632451768769264,1.2018711852467736,2.057950568644574
4994,1.905358849523599,1.1834153881399945,1.8447011813319665
4995,-0.0767713627062114,-1.2998882243552008,-0.6111509741914306
4996,1.0180730084941707,0.4062817762638592,0.7774986690268608
4997,-1.4565366499858785,-1.5308003899307374,-1.7957753293534156
4998,-1.7357666143451165,-0.8698160203569845,0.292556136406209
4999,-1.2527112477840632,0.9942504365928974,1.7679917703647865
5000,-2.916461194040382,-2.083248394908232,-1.3374950202522091
5001,-0.2698200701724444,0.3125977520198077,1.4348654757061228
5002,0.8470714135320687,0.5276836305822747,1.350364026909337
5003,0.4581647863661576,0.9904295209778652,0.140063542823319
5004,-0.994650429041191,2.462361939830484,-0.3983414852773617
5005,-1.01327249818886,-0.1677970904330951,-1.2362713461305623
5006,-2.090787341094009,-1.44085893246965,-0.3424746958681626
5007,1.7850349488657138,-0.1717811128559729,0.8621559047549704
5008,0.622577627913109,1.544793049119456,1.0176475010019927
5009,2.0041525773578868,2.5187606350188827,3.421382562398421
5010,2.018936011201265,1.2149745779060872,2.5088209368936982
5011,1.2000387246316162,1.7238892564387414,0.758034159482424
5012,-0.939587562273714,-0.0788364998304191,0.7324611741346241
5013,1.06682422392301,0.2548453216750962,-2.416377208363515
5014,-1.766161394687266,-2.367170537314792,-1.7499313566180097
5015,0.3479136632451725,0.5345362342092983,2.435837060755387
5016,0.5447395278124691,0.5795024575558694,1.4400736511171472
5017,0.556125490361386,1.1190164755169336,-1.425197889076105
5018,-0.6827605224137293,-2.7600356163496693,-2.489560609046673
5019,-0.3471981061604025,-0.6892870681520679,-1.15249160620169
5020,-1.1773347155967662,-1.4289465908962435,-1.6488619984580493
5021,-1.394339480169415,-3.014836663796503,-2.6954513203346857
5022,-2.234617264423735,-1.7543765043967687,-1.616932827275698
5023,-0.6587947453321334,-1.5148775192529913,-0.9230183898761588
5024,0.2890771951424488,0.4969011809824472,1.937383576445924
5025,1.693121802364433,0.8288055123567935,-1.87490710318782
5026,1.6213791977269787,0.3733258259731711,1.0276113419898787
5027,-1.2661650236961648,-0.7629896349594196,1.317128496322514
5028,-0.38541766390774,-0.8121831612299355,-0.2073865628561718
5029,0.7125553265711104,1.4589127127575992,0.0607131826649998
5030,1.1954897022093516,2.67836278850538,2.381484328233048
5031,2.5670888623737342,0.5669178699215374,2.4107259090790865
5032,0.702966275106448,-0.5692868607253202,0.0399729558558625
5033,-1.6141394281608192,0.2991786343437183,-1.0978307170251893
5034,-0.903067379213956,0.4987963960393387,-0.7651145349605708
5035,-0.2559652945132911,-1.1890963196540796,0.5105270181052552
5036,2.098483982340232,2.25110840552935,2.672047401224367
5037,-1.7999981435002643,-2.4050694171945204,-1.870841203580472
5038,-1.8649865414751976,-0.9247526648880162,-2.0933084019250705
5039,-0.7170089560792049,0.3062483594464428,-1.030725909730931
5040,-1.6749638104696316,0.3329176017480453,-1.917307823076428
5041,-0.047534789297562,1.800371390189491,2.131489739609495
5042,-1.9163660871626915,-2.5308845740946264,-0.3692643894127423
5043,0.352909197600639,-0.1621073438007655,-0.0253428264290339
5044,-1.2099798286660854,-1.6599061675654705,-2.395012537702111
5045,-1.5616932248877724,-0.5801454224024336,-0.7117257281545935
5046,-1.2463914392375763,-0.3450900124892365,-0.9142484078325754
5047,1.26171525960445,0.0108007308665442,0.4116779542163445
5048,-0.6908001523916789,0.5995250625168608,0.3297226984083406
5049,-1.032881700414373,0.4023833719152953,1.0231310964179063
5050,0.4192392986052733,0.8546555529737628,1.0402329700959485
5051,0.1657247854848372,2.0688974086632586,0.3168398861084218
5052,-2.367838738214852,0.937533558113382,1.5774321739175057
5053,1.3066548455398983,1.728233379567586,2.307414456267611
5054,-2.273054563185571,-1.4669981266815189,-2.314646964552669
5055,2.003814603937164,2.2485374725926617,2.6563283819925374
5056,0.6709069209198295,1.0351818082295992,-0.141876062217395
5057,0.2201081819994503,-0.4988889056446077,-1.7826320540802614
5058,2.211130713351173,2.2511790274953696,2.120324741364799
5059,-2.410812471742108,-1.5333637201445605,1.4015652469683588
5060,0.0098896130723415,-1.5469264320778893,0.0789858948232924
5061,0.5051174895637771,-1.1477666400264384,-1.240279019341073
5062,-0.5347286741144076,-1.4789902886051816,-1.0663611997509108
5063,-0.5193464347468848,-0.422721457699136,-1.350553828161707
5064,2.3821024592639897,2.140461444403589,1.772084956491559
5065,-0.8111886670392059,-2.229717310098353,-0.4732657679254294
5066,0.5557046049886685,0.4616651704641946,0.3688921838941694
5067,2.0641384265004223,2.519723836579939,1.2801132028985307
5068,2.069709750311392,1.610007959861556,2.6634808933352425
5069,-2.310446938541441,1.4055644411424038,-0.5715157133717281
5070,0.9814262727284429,-1.0410217475033334,0.2191801265444248
5071,-0.265279850423692,-1.666565509693564,0.4444381292136557
5072,1.5414977236305325,2.291975601208061,0.466753768957147
5073,0.8619305681529044,0.9393495668824874,0.8534960869259463
5074,2.3078413268059874,2.658911887729843,2.628962047436787
5075,0.921689197878899,2.439164343099619,-1.328156336372001
5076,-0.1746528498258549,-1.3124176268173795,-2.662020790214238
5077,2.4409290545826305,2.3958555097315632,2.702882437876062
5078,1.7649316195081044,-0.4371130678035952,-0.2280048960921982
5079,-2.067554448609453,0.0838880930878807,-2.5201073307509048
5080,-2.801098595378215,-2.442280314739026,-1.4896864038521078
5081,0.529482063810123,0.8886066364396825,0.2663802042407254
5082,-0.0919132356924561,-1.6652377239626357,-2.020940325644877
5083,1.0620512269116933,0.1331875406872963,0.3693658820898673
5084,-2.453237658453973,-3.7664002269559433,-3.275820905977941
5085,-3.866474325008033,-3.1936728117500297,-3.346419390245934
5086,-0.0537007464571534,-0.8455488256903654,-0.8019822174952758
5087,0.5469125414363456,0.7761220997236654,1.1576718342996917
5088,0.9391962450950369,-0.2846622557304848,1.4073689775656988
5089,-0.7262254786774228,0.4358521452854018,2.474985275479379
5090,0.0252619447719613,-1.5726087411327143,-0.745787926777761
5091,0.1385349481849308,0.5573034842959711,-0.5265738218454376
5092,-1.542049335760869,0.0222881661431465,-1.4160869716813314
5093,-0.7605595556483109,-1.2702649976836495,-1.2546932146908645
5094,-1.8598124399306448,0.7686430669450026,0.2431638468388265
5095,-1.1234060279427165,-0.236941530727404,-0.0821358065090188
5096,-0.5271820834952582,-1.261650153004664,-2.351152902652381
5097,-1.630568542946468,-0.7591393466675043,-1.3184675560388075
5098,1.580312081009338,1.429160606072884,2.379550503651241
5099,-1.4021191078653643,0.0224411629025531,1.3658702086836922
5100,0.4365515494507289,-1.1133314833238686,-1.241144997870444
5101,1.1981381541336686,1.6887987614244264,1.1370398872887235
5102,-1.6564746793833898,-1.5816244834040596,0.6916819408593984
5103,-1.857827541249004,-1.89767679851012,-2.4831256081556408
5104,2.8040664489303144,2.445080734451204,3.435903969382238
5105,-2.2311589732232657,-1.707952908034027,-2.2108035030072144
5106,-1.74920438348754,-0.1362635326471486,-0.570418374252691
5107,0.702460430444984,0.7687492768410735,1.1660613469943404
5108,0.9874436710485854,0.7820602196787587,-0.5885386754201005
5109,0.7139283981832383,0.0346241140771891,-0.3215877177304088
5110,-1.7211769640564336,-1.3098356405414686,-2.135124970085793
5111,1.7080659543239936,2.5863826236029466,1.0302812545118971
5112,1.85762241702022,0.1520926340217918,2.324715808354739
5113,2.0039823660467047,1.220974303131333,-1.2753393653417624
5114,-1.239682727286041,-1.300874847367721,-0.8525719072971134
5115,0.0817136216622018,0.0299419288146573,-0.4826095872644685
5116,-1.849123714523488,-1.1027066293133545,-0.6483370563822648
5117,-2.6396805709280766,-3.01852455099867,-2.5692268849532622
5118,-0.1604317515937069,-0.6150749172475394,-0.3552797634071258
5119,0.6476810029926586,0.7257883436253225,0.9129081417459172
5120,1.5739816966442708,1.8188444637454784,0.0357302143809896
5121,-1.6251217714530422,-1.5075390458393456,-0.2402361858271826
5122,0.7026045502809111,1.2340425864547335,2.215409526753324
5123,2.02203769745964,0.5625204097233145,0.9405945158024228
5124,0.1230298616915928,0.3520614589163324,-0.2624282199395667
5125,1.7299988609498176,-0.1157527018002872,-0.060968322168501
5126,0.0372991861693625,0.6802527166411017,-0.4997480555943649
5127,-0.5977444695193466,-1.5059549323298145,-1.703122928485873
5128,0.9406570546978044,2.929605079864204,2.52185776928836
5129,-0.5384724139856163,-1.2865501303212004,-2.4224475932193186
5130,-0.9507330366925508,-2.100741144491372,1.6073654036697953
5131,-0.3943074392315415,-0.4009578483253367,0.2358160476774627
5132,-0.8541896108336269,0.2318584850305693,2.6440019230941973
5133,0.981509062511588,-1.3326885593580111,-0.0540193751953252
5134,2.431329896326704,2.520692056994114,3.112615225622391
5135,0.4718112825283806,0.4049784904568878,0.1139799157891437
5136,0.1427099095533747,0.53267084693786,1.139670061692279
5137,0.0638014482653802,-0.2541213629897408,-1.4813896089257252
5138,-2.336639817076208,-1.900313471894072,-2.0532194803770616
5139,1.2168642024972522,-2.011285859024991,-0.0153256005582512
5140,-0.8954424251255798,-0.660425005403541,-1.0607431531683635
5141,1.9607290288425487,1.6715038867979222,2.0980376760457182
5142,-0.0606088223650463,1.9401234809316104,1.8858161302351453
5143,-0.0245748926636872,-0.5670504804226353,0.7760840440274337
5144,-0.662600297450996,-1.672719387481126,-1.6008438643194158
5145,-1.396071554938355,2.5069549955727863,2.6404309598081066
5146,-1.0323800002293064,-1.0773855385268312,-0.5065059103825587
5147,1.8853999462477773,0.6578964054417011,1.2883681979449195
5148,0.7351465013823364,0.4048775241852858,0.1076559231790385
5149,0.3633729266351599,-0.7506342651765963,-0.1249421822147217
5150,1.2610632577727732,1.9573306885251285,1.2726474565635923
5151,1.9724829127895085,1.7970581304046669,0.7471288395648543
5152,-0.3781870123165832,-1.0947993171921484,-2.157887271020676
5153,-0.8288618771127907,-0.8911120074548758,-0.9114028420697604
5154,-1.363818637252396,-1.2387122764649052,-0.3343614148904726
5155,-0.4506266818598005,-1.1580287506383815,-2.258015130449747
5156,0.8297209834909473,-1.54044646368681,0.0473442480246271
5157,2.182577783169284,1.2327094705281405,1.2225947653946725
5158,-1.3897381194495813,-0.4589877344687497,-1.646800638743548
5159,1.0848622071091572,0.3633630391520447,1.0308123246610732
5160,2.267427278545925,0.521306621990602,1.2989237469259018
5161,0.4968824349752829,0.8613373670543691,0.4031871982592896
5162,0.572697228906503,-0.6679504287566925,-1.695154758353989
5163,0.5281669118436793,2.5919511771255355,2.614214546599919
5164,0.915619208790998,-1.5801438171745636,-2.877389531318679
5165,-1.198309462194392,-0.6478563402690485,-0.6488944447339411
5166,-1.2711133532033758,0.934361955318818,-1.3895939576130265
5167,-0.5837486095680686,-0.9877140212991362,-0.8472497640747787
5168,0.9516155665584012,0.2358252557236494,-2.263347011797014
5169,0.8632042700495568,0.5799089364286919,0.0111924126339345
5170,0.3550263955668795,-0.723822973128248,-1.1637452252071705
5171,-0.9780091731915888,0.1433553736414103,2.494264668599656
5172,1.5242769203285274,2.490152418474792,2.483022954015787
5173,-0.9543218823625508,0.1353975111341705,-0.2385840149402625
5174,0.7722189896965691,-1.521163350521195,0.8318814415674218
5175,2.189420158516941,0.6785501099567335,2.1784199252996856
5176,2.516638133487824,3.080963434210251,2.8638090404548864
5177,0.7261915163223333,0.8301240064602359,0.2619033617595946
5178,1.9511616709937432,2.2847149427794644,2.7769249983829805
5179,1.4280246363113254,1.7948861092106403,1.7099512796520486
5180,-0.8766014080818605,-0.7238741030358431,-0.5263234166023713
5181,1.957129608456916,0.6362207393595183,-0.2176646211627911
5182,-0.6414663022110725,-1.374012086385661,-1.94965583659596
5183,1.3425710637007355,1.2897262912089391,1.7618837962926726
5184,-2.2270528131695984,-0.5292204417917208,-0.6388229841228197
5185,-1.282607937894047,-1.2451070149743322,-0.7335661505382554
5186,1.8713379176663325,1.2426057593254505,2.008339615575378
5187,0.3637571811503527,0.0911593630376246,0.352347063004844
5188,-1.0529559047184407,-0.2067119718072317,0.0657250770860857
5189,-1.0526303436686564,-0.0250844818798103,0.9827273838219028
5190,-1.0412230124066495,-0.1782727356227267,-1.4296286087966743
5191,1.88357298153288,0.8855797194373495,1.024379228004875
5192,1.0481944771378693,1.466623678835734,1.6008013091032556
5193,3.355049474922836,3.414134906870937,3.494666564281823
5194,2.572987671171731,3.226249151079821,2.861129456305432
5195,0.5367746074274203,2.1425649712170203,-0.39859219196687
5196,0.5152713153037866,-0.073747689307068,0.8519765924434536
5197,-1.5877465132072195,-0.5291590596147364,-3.462753946687825
5198,0.0605316576634113,0.3108533379091995,3.4408212919253405
5199,-2.1597413176309272,-1.910793179804129,-2.112373924380306
5200,0.7502480686032585,1.900710415140024,0.8679487982414313
5201,1.098045949189668,0.5888891337247402,1.8052570265097303
5202,0.843441260866193,1.093330648235554,0.3790583216423861
5203,-1.0273517284881275,-1.1996566039637728,-0.0288347313745579
5204,-1.6963945703087826,-2.6954787956048234,-3.193932750800516
5205,0.2233416796012448,-0.465574419142953,0.6355259376122468
5206,-0.1072050609496116,-0.9341407820248764,-1.0605386281120506
5207,2.349946691514823,2.592011907415533,2.5404182905484904
5208,0.3502783276754398,-1.248764155256907,-2.0807091401749336
5209,-1.5476572420242292,-0.8443278846507509,-2.722500618630965
5210,-1.1004797160749469,-2.50586594414828,-2.01807406400684
5211,1.276099907105649,0.0271571919754082,2.069691489671232
5212,1.994876074874185,-0.599028054877511,-0.3519018349392752
5213,0.4781389268826683,0.659359361402569,0.3184705178537836
5214,1.665914090620995,2.840096292249206,1.9762746529825963
5215,0.1045133241270801,-2.1822051392041564,-1.6245076288838922
5216,-0.6448272294883965,-1.2323031605193997,-0.7240688297366622
5217,-0.6879629430013855,-1.2611937998915497,-1.3291685456298623
5218,1.5971402241412078,1.4485849382802023,1.355547216086845
5219,-1.421756892083335,-0.5535244872171665,1.4215828633769605
5220,-1.7820378968273232,-2.2216942368122035,-1.9143817728925288
5221,-1.477124383716374,-1.2056384225090138,-0.7841852751355698
5222,-1.2663434595811598,-2.0049333679063266,-1.6987845915715951
5223,-0.6143091495956629,-0.9823879313740114,-0.8580242170042276
5224,-0.1281043368782089,-0.5540946403857718,-1.0588263323326834
5225,1.6219336043068149,0.0727071182878967,-1.156511536945842
5226,1.104716493122603,2.158582323998372,2.9713832925039942
5227,-0.427116238828416,-0.3521114044809835,-1.4795880983668128
5228,-0.8514592259345073,-1.2666582002953293,-1.8107458064807769
5229,0.8220227708168564,0.9357102023004948,-0.5689414069358343
5230,3.3733091442373864,3.803411209672311,3.4964779910297303
5231,-1.502521504535847,-0.6426377491824755,-0.645536125301046
5232,1.5193542146556098,0.3688866507005727,-0.2125034108133728
5233,-0.2557699254241282,0.0247564952514317,-0.6833480411034814
5234,0.5419717622826832,0.8500249819587783,1.133365797700788
5235,1.095328081682552,0.4994877593039628,1.5835705499084864
5236,0.9077259759492816,0.9337525570895058,0.4835899751233744
5237,-1.2906399010905776,0.9423468460535532,1.5070623786702946
5238,3.1757446612500164,2.724879304769823,2.9271604877481567
5239,-1.0135046230323237,-0.3962742893643226,-0.751726775741292
5240,-0.7731729120858017,-0.3338107674612974,0.1160098640210921
5241,0.5635177385045017,0.1680567724703714,0.4417294106553641
5242,2.766739014480184,2.7248680009856248,0.9128638651970276
5243,1.3823117369487186,1.4920421211264994,2.1338908832274623
5244,1.5365488860908354,1.4944598307775263,-1.161197809613064
5245,-2.740012917662487,1.602950698214498,0.5113431839238323
5246,-1.380472716108526,-1.6726408901186174,1.6813516935680706
5247,0.7872511425842843,-0.7254746146846937,-0.9026720025014152
5248,1.8977745709675,1.6582613849269412,2.0337465059627715
5249,3.1650803168026225,3.515143419438222,3.5329886259971883
5250,-0.7700089825219041,0.5206544642972316,1.316246072505867
5251,2.458646591623894,2.44509892779376,3.259191915083912
5252,-1.742151364008206,-1.810237872806552,-1.720164509281657
5253,-0.7261081926321062,0.4191522655270485,0.4075537825475526
5254,-0.2645281347630789,-0.468872955379592,-0.9229546123941136
5255,-1.0117345906444255,0.399050222854682,-2.541841147680879
5256,1.9620148346885709,2.3772654133766564,0.8939939590661041
5257,-1.5830331160378537,-2.246163088999188,-2.2777214235612124
5258,-0.909878181650087,-2.502948095457342,-2.5302183447050792
5259,2.4478420850523483,1.840461381295221,2.814306915144491
5260,-1.319801534736571,-0.3304459894651333,-0.2997956976237723
5261,0.5541165147716368,-0.6242243039437503,-0.883704451249025
5262,-0.3781954397580398,-1.1123640583205023,-2.7175232781818592
5263,-0.4765573434338787,-0.7345628220691408,-1.1462980698640317
5264,0.9816322549350912,0.4532492205511681,1.23236141097641
5265,-0.5300982088571212,-0.1368505297077456,-1.4881757791396355
5266,-1.524500725471375,-1.9759909455624,-2.2507806815322127
5267,2.3391354153708166,2.2920059234456542,2.83654983332728
5268,-0.8782906824051061,-0.5555223030959905,-1.9369338440055144
5269,0.2899968950640131,0.437336471786187,1.4323881847451043
5270,1.9492647899633235,1.8326070167150232,2.585071423441814
5271,-1.1145681705139112,-0.7885947701810581,-0.2651774746388631
5272,2.359969679880208,1.4777552337969406,0.909944975900654
5273,-0.946825194303036,0.9382820543105708,-0.7879594741390719
5274,-1.34684645485136,-1.3674078079566376,-0.9956787696141156
5275,-1.103229270702075,-1.6759526514438927,-1.9323427458283728
5276,1.0108607913342655,-0.5386890036708348,-1.0487614458978418
5277,-0.6902562162450753,-0.9596258874919552,0.1046143986379383
5278,-0.8491109274352004,0.2444875737177973,-0.4042994431788297
5279,1.4533442114067592,1.4140490284596192,2.9578463798563663
5280,-1.1451594762865749,-2.3062874710405143,-2.3657401820346293
5281,0.8972404265732444,0.0792434986407838,0.447590639285368
5282,2.3497999184931184,2.20524833108932,2.014910326134003
5283,1.890831383881028,2.1357102634510934,2.214805932099697
5284,-0.2990650407277042,-0.035803328105781,0.829846923408792
5285,-1.912145499276245,-1.2540005351451118,-1.2190543893791657
5286,2.361640002085481,3.0829270469201626,2.86097688366589
5287,1.3088391132475317,0.3513420722504177,-0.3835799206488169
5288,-0.2402896662374666,-0.4690063484964387,-0.4165678924577242
5289,-3.2917458548759484,-0.2728731506098719,-1.391228718304046
5290,-1.0962200556646755,-0.0762671612826893,0.706571704237626
5291,2.2072718873624675,1.906303672627776,2.555664904845542
5292,-2.1949150024212503,-1.5789660819031692,-0.0118188157863647
5293,-1.850271640088108,-2.1808886426630965,-3.052517718272475
5294,1.2545413769796916,0.4563998997052011,1.9831723579714795
5295,-0.5625767094807579,-0.9629140608650414,-1.430805726051067
5296,-0.7306815843902151,-0.5918777313987025,-1.5495029406432614
5297,-2.459825101873155,-2.6049977926045167,-2.605658203939793
5298,1.5039810362197703,0.7216632446601592,1.195870686518661
5299,0.0710851261712396,-0.9901720118880424,-2.061750642293249
5300,-1.278231530904577,1.9407936465276936,1.877914419304804
5301,-2.3002003259462684,-1.3308155589861008,-1.7747861287001148
5302,-0.0084889902384274,0.8218458315735464,2.7754022479307774
5303,2.6519974426604827,1.37211235785479,1.6787403705188406
5304,2.052829862407548,2.9673934211748163,1.702213984475331
5305,0.4816519366178565,-0.2151104272792099,-0.8070699756972282
5306,0.9545399809370454,1.041499279126318,1.3635382169903492
5307,1.8071494055517217,1.4396267921785408,0.3095452062713604
5308,1.248812024028373,2.482064823820598,1.1355943284351784
5309,-0.0607120263790707,-0.0870809681953907,1.117801765828187
5310,1.7653693108788482,2.4149681595400123,-0.7077783316964177
5311,1.7142654990221975,1.1698356516780613,0.6898406713020148
5312,2.111202670363164,1.1451520668388977,2.21922189717296
5313,0.828826093921911,0.563728771982577,0.6942973539940658
5314,2.2810559329135205,1.6227785604126046,2.199693315428884
5315,-2.853659229968735,-1.9865071923151936,-2.6654898848355697
5316,0.3919063706773232,1.8335728092625072,-0.0735175275850013
5317,-1.5571972214450092,-0.8737075909309483,0.6740714126181482
5318,0.1424853973438298,-1.2729740848609932,-0.1986991781331091
5319,-0.3798049826582599,-1.0224259979019514,-1.700710262645712
5320,-1.541796024269526,-1.839605976285472,-1.0791418272675752
5321,0.940394697306611,1.608673633594413,2.4778320614357527
5322,-1.328752358982271,-1.0107483732691018,-0.2338240308200889
5323,-0.087232596660614,-1.1341520482417384,-0.4793956605313451
5324,1.304530487694606,-0.6251918913730284,-0.1530202777611817
5325,0.7990626414063071,-2.607147618368493,-2.437443355507148
5326,-0.3387150421541211,-0.4126357243918607,0.2038015638630038
5327,1.9397360426065444,2.07385906798971,2.2009227915173173
5328,2.194443114308672,1.5410179926452834,2.1569236663995626
5329,1.17190645295145,0.8510497012230547,1.2336578461114605
5330,0.5828623451612736,0.9351629119865176,-1.5116784540862631
5331,-0.6663039620804754,-1.153349987879843,-0.5762439269004278
5332,-0.0520661578806643,0.9304986596443512,-1.7050883400249752
5333,0.2269736465164551,-0.4987635125036162,0.4505843235883847
5334,-0.3518624276714204,-1.583824864333219,-1.973578611268615
5335,-1.1030616640713664,-1.3192321295591067,-1.630035274371319
5336,-1.6951601158904983,-1.023872644503906,-1.7715700869747733
5337,-0.1070056453540984,0.3069395615916858,0.0830699901433318
5338,-1.2307660701809506,0.3090639528563612,0.1520697175613796
5339,0.8042867481458966,1.1238856398614971,-0.4221378057671802
5340,-0.1419003195981389,-1.53878454187664,-0.649852210089844
5341,-1.5435991512251828,-3.0702012462945185,-1.8167099166201344
5342,-0.5662822262783763,-1.2420980243205562,0.2620804785695944
5343,-1.1662503507035422,-1.0981378688165688,-1.806838611099805
5344,-0.1216151400487141,0.2351931832921215,0.342773116627849
5345,1.130978946467887,1.8593389150298985,1.6970912820337194
5346,-1.0659145929202023,-2.768847744341823,-0.7086224598764048
5347,-2.353242610805687,-1.070513369334428,-1.3333821436033415
5348,-0.221458257458742,-1.075361723822615,-0.3897410347820045
5349,1.4414417873021048,0.4987839898469881,1.6000819795433814
5350,-0.912761604538347,-1.6367324069792863,-1.8624664073482733
5351,1.1491667219303758,-0.5767668526368901,0.2034945496600053
5352,-0.2083223769133823,-1.1621893506006369,-1.060635922319084
5353,2.598320941338893,0.8340365356536299,-0.8472240258504563
5354,2.5250183571529075,0.4326449749597284,1.97234096285658
5355,-1.335160914338934,-1.453077409933454,-0.3659381094985614
5356,1.17749479986719,0.2579840860869744,0.2954630084619508
5357,-0.2073756712506193,-0.0159547922226468,-0.6368116535026956
5358,-1.5465885117283606,0.5249650835376808,0.1003289010017761
5359,-1.2224889079672892,-1.5280898410176196,-1.7093822397382774
5360,1.5634092414548684,1.1608945162965518,1.9399276930394933
5361,-1.217066102578206,2.2500072318996502,0.012406737482747
5362,-1.4199336060532868,0.5247098555499258,-0.0146225776702395
5363,-0.444257506966692,-0.5217590241453185,-1.0787263144420678
5364,0.3550910066426591,0.9337315274041544,2.077580604105053
5365,-0.9453595278816592,0.1076466799246111,-1.0477847201968404
5366,2.5217420152585746,2.0396559990831107,-0.0689170732856461
5367,1.3976941731030998,-0.1335000169035519,0.1437424741481023
5368,0.0296264326141368,0.5945813974959264,0.8712567701104585
5369,-0.0930216484750349,-1.172616185267902,-0.5140717730370987
5370,-1.6292891277262649,-1.4416667655425734,-1.6957606714694335
5371,2.54744446252723,3.155132141181217,3.006538136667377
5372,1.198256993992488,1.1264604113512957,1.2752109686085158
5373,1.477822623609108,0.0077139793593015,-0.2696678888217368
5374,-0.4921407792158001,-1.7260612330284422,-1.514813874431012
5375,1.2344237489179155,-0.2888084745026971,0.6044892693792621
5376,0.4207281853517094,0.2101490912308178,1.219212148349143
5377,0.277419207561054,-1.1483306576026908,1.02649401522019
5378,-2.513361287659774,-2.084242478500015,-2.4634174179669035
5379,-0.0711900811607439,-0.3292340866231711,-0.4319653599038107
5380,0.3882351483401675,-1.0573868120876326,-0.5433367537485996
5381,-1.3581186508550256,-1.614507860383261,-0.9887577455940376
5382,-1.0166728613832223,0.1192512077738059,-0.099696931650214
5383,0.3839720809817096,-0.063380532215818,-0.2808624239782623
5384,-0.1516476835558769,-2.293387432328684,-1.6172272100833702
5385,-1.464696114976153,-3.2813689840685254,-1.4963592561449588
5386,-1.073117684291032,-1.8934221067135824,-1.3993353560961217
5387,1.8081515967764208,2.312651982547108,-1.718659073913528
5388,-1.3323030541504706,-2.2120374508319767,-1.4282916417992118
5389,1.4100998774635112,-1.683331437297786,-0.12895546672954
5390,-0.0455518581922418,0.4701476587313634,0.3183782295728737
5391,1.3976854407913422,2.4470984444128594,2.718165049506749
5392,-3.295504372495807,0.0147668358275395,-1.350564786951482
5393,0.3761852042287343,1.1526394811352123,-1.271413756182097
5394,0.792670495623361,0.2492609891685234,-0.5623064956516338
5395,2.5284051073397538,2.3688694498417133,3.264635908221285
5396,2.257272024186236,-0.4867771637547243,-0.1067519795789795
5397,1.2996982088261628,1.7919139156968662,2.323933798193736
5398,0.2900816727726378,-0.8271479253130897,-1.115682585568577
5399,0.2647282533566322,0.3606319648230437,-0.1754355344835038
5400,1.504873214202668,1.3139761026794938,0.1051588287395544
5401,2.1052883363572343,1.5959373789372928,1.143098194345664
5402,-1.3920219112161376,-2.524693647090116,-3.200391298074731
5403,3.204103756491675,2.596326361776762,3.3353013752583163
5404,0.5821341067181831,1.245816675249021,1.5893491868514469
5405,-1.7785492618432557,0.502402408909428,1.2505898472600654
5406,-0.5717450050148647,0.2369219167929598,0.78087093092212
5407,-2.322542199219245,0.9197031109111802,-1.6459142295478053
5408,2.09983465925983,2.243044013466063,2.409866358275665
5409,-0.4015857600442307,0.7661276717615957,0.2233335255183807
5410,1.2345519925922557,-0.4716759178814631,0.2920549519775463
5411,-1.8412387413674,1.8891133840829777,1.3892550969419866
5412,-1.6947305702027142,-3.000606812321287,-2.451964073731047
5413,-1.3714492764301836,0.5053785829072541,0.9580807663482258
5414,0.4874854105162657,-0.8243162434390483,-0.5023404371329193
5415,-1.068945490734328,-1.477433803706553,-2.1789569269950366
5416,-1.369518558392155,-0.1011514246321904,-0.2514823802374852
5417,0.8276017592407849,1.7701880478682108,2.421418620246577
5418,1.6274051696464331,-0.3933561922337607,-0.5206450866960666
5419,-0.6889387107059531,-1.4588380023760503,-0.2104754078727861
5420,-0.4591993780471114,-1.3115940113491038,-1.7543964138070258
5421,-2.2340774731599824,-2.40910345736989,-2.2570917001437274
5422,0.1619743608378485,0.1518846149272737,-0.0013532120383087
5423,0.0503049074006564,-1.0299390724901862,-0.890067584854266
5424,2.028022012765509,1.8396105642157023,2.113251391503921
5425,0.3261470594966232,-1.1725754954045422,-1.3320724283621994
5426,-0.9483236102163064,-0.0705192239712068,-2.3132402809542114
5427,-0.3482203914501396,-0.467330711639955,-2.7350641329105465
5428,0.1152853590662054,-0.4988366585025279,-0.4023241918694638
5429,0.1159547337919112,-1.644348854969964,-1.3975704915515244
5430,1.3136537877492684,-0.2187138034006283,-0.430037059564952
5431,-2.1171139430091546,-0.7429334707933881,-0.6974478583134774
5432,1.4345592428803795,1.3285489236776151,1.845480309596616
5433,-1.060356412667795,-0.2454045143124061,-3.249891026968858
5434,2.418760055299184,1.3479691667020628,0.6009115372651688
5435,1.6802473371419016,0.4655158574966834,-0.6297330257756035
5436,-2.246198321459672,-2.659836237697426,-2.9586096771717303
5437,0.4117410784789407,0.0851489230948277,0.2120755463277564
5438,0.0081104192582432,-0.4223568318883662,0.1756399516543716
5439,-0.1810331020960233,0.5162316615705809,2.518224776658702
5440,-2.324118152255674,-2.411709550086107,-2.420899879252381
5441,1.807092852198384,1.4400789576098718,-0.7322787578876531
5442,2.105270359872168,0.5961572029552434,2.58009222009294
5443,-1.0859168111645148,1.063429643334919,-0.9746189632795408
5444,0.4239948630714301,-1.838788847025226,-1.86122802998588
5445,1.6956185683977418,2.288826898232633,3.1236998571563976
5446,0.6367073065744396,-0.13475050878395,1.4796845076335268
5447,0.8021427107078495,2.369997227961292,3.725425085695499
5448,-0.8306191044775908,-1.544641610802976,-0.4692648913463949
5449,1.5161060068913628,2.181161833947057,0.619763920528879
5450,0.8625967614436842,2.5049299624559462,1.0311064942730683
5451,1.3630565616798729,2.1785601852968304,2.0840243338669624
5452,0.5543530400514779,1.732032814584175,0.2474817083945442
5453,2.352064125439065,-2.3569350805022613,-0.4817744585359198
5454,1.940898369191548,2.363806518690372,-0.6113267914012214
5455,-0.1604885594439563,0.1919819019859414,-0.0341074798788819
5456,-1.254530274823817,-0.6571232200343475,-1.1567167624349324
5457,0.2392851498948848,-0.4951623586841624,-0.4324637847642837
5458,-1.5165487291725157,-2.77991696194477,-1.87533065507148
5459,-2.043290052402808,0.1111691048960515,0.2774396649000018
5460,-1.7751396622608764,-1.3798561320829452,1.1066870237126682
5461,2.091102196400249,1.3843848855666818,2.4283795161568382
5462,2.5504266798734307,2.545871717543108,3.2506547556849097
5463,-1.177323964120915,-1.7401672268102517,0.4227477621817019
5464,-0.2734968829970562,0.4332841645243426,-0.7804581648841206
5465,0.1343376767807293,-0.3651573836558164,-0.6503092619940011
5466,-0.8299162779182699,-2.07078817936366,-1.6049803756084036
5467,0.1032147134143756,1.3271503833439489,0.1727279308822371
5468,1.4339459512344583,-0.0194334769962304,2.1410078554428096
5469,-0.4406631646552518,-0.4994754940537395,1.7041103672717308
5470,2.5194017061533107,3.005310745796966,2.8983387064586466
5471,-0.2956243904395631,-1.4714687775289206,-1.2090686954064804
5472,0.1613918473451929,-0.5342410306873753,-0.138139177218927
5473,0.889500973274086,1.862653985500897,1.9823032430488288
5474,1.0210035211705937,2.6456361663030004,2.0894301869345626
5475,2.12690548042262,1.7305537572991565,2.227889669404464
5476,0.0296786375635308,-0.8965890400396831,-1.1600950521420788
5477,-1.4186214677196771,0.3593512709008007,-1.8746117580358912
5478,-3.384835212006497,-2.661913968951416,-3.6754826092558113
5479,-0.4591478130187902,0.2881687025504702,0.5798860536442118
5480,-0.7132259302888199,-2.1663761490028413,-2.305903851003014
5481,0.4269612257319848,-0.0686321004952962,0.040081621202432
5482,-0.489912796712695,-0.2175631028547809,1.1144385402958892
5483,-1.5109444914471222,-0.3310170037164427,-0.7290017400736013
5484,-0.1786219656139938,-0.053868385386876,1.3843202743112175
5485,2.331314382624977,3.101582119240745,2.754476504635412
5486,1.1694797896064844,-0.5439892488959417,0.9530520513193372
5487,1.539408987683312,2.294688291318791,1.2724579928838502
5488,1.1072376971139473,1.890304093164993,-0.779744524426476
5489,1.6334354075212878,1.5199180022176266,-0.9926309997154544
5490,1.1701358541127538,1.8847540133577576,0.5947990934694573
5491,1.1937442661189517,0.5374894792704815,-1.0746212377390143
5492,-1.4596091004462723,-0.945424567422248,-1.217145323470616
5493,-0.6909079881291981,-0.8439227115225214,-0.2903747620126614
5494,-0.4313919244302404,-2.106221546894359,0.9471262196715314
5495,-0.2520758569634927,1.3024234563626942,-0.9448318100699852
5496,1.4347729264266438,0.4445134003280502,0.2842390816400825
5497,-0.198384144994173,0.0446965437699667,-0.9749815626433888
5498,-2.833594597406553,-3.374273975124266,-3.433945007690721
5499,-0.3518446870036035,-0.3121127333129344,-0.8525408400131294
5500,0.0582105289813349,-0.1008559489708182,0.2234394766900715
5501,-2.1832948787739475,1.8476188892163368,1.1176895111538283
5502,0.4586025701678738,-0.7811917802699594,-1.7942797208385788
5503,-2.921319354172345,-2.908718276901899,-2.136653959658986
5504,0.5628118619500383,-1.2820840552769222,-1.690403182083546
5505,-1.4234361618171438,-1.1998195674344172,0.5949775092764565
5506,-0.5727348526378502,-0.5077774746334859,-1.015110752545487
5507,0.071626105099526,-1.0995231675902304,-1.7602747134556949
5508,0.8598745801137923,-1.0190908619580428,-0.6683930950897852
5509,-1.432117972855642,-0.8832406361876766,0.019644844495101
5510,-2.4641098012048075,-2.298614389499131,-1.5649095850648735
5511,0.2450236721463458,0.3131993717891171,0.4091949913241512
5512,1.763104789311792,1.2640303623512938,2.438990738264059
5513,-0.9466488973606428,-1.2380300347488618,-1.6586021337373984
5514,2.219566872583666,1.9794964339883168,3.186073250496576
5515,0.0911007059551757,-0.6240921758474394,1.8338134326619853
5516,-1.1230455679925908,-1.3968911165108782,-0.375543782314497
5517,1.7037007070367347,1.8223322994403424,-0.4066616324652121
5518,-1.1057077760000298,-1.908281091627426,-2.166588475613376
5519,-1.7228976887238243,0.7763692931756494,-1.7746976734732467
5520,-1.7598835173216458,-1.888005228174228,-1.1642663392115131
5521,-0.7075484363570739,-1.1533551637568311,-0.2747735673988967
5522,-1.306742276233582,-1.9542741006207347,-2.1499435251097063
5523,2.409656736910001,1.2055122421788818,1.2111720931750294
5524,-2.1574166037502827,-0.6169740626301772,-2.1611794421368367
5525,-0.7070004632490089,-1.3974012061108685,-0.7381647382084191
5526,1.3495431582213544,1.380328415130702,-1.494906026335708
5527,-0.5169693663961379,0.93059119907417,-2.150527737073763
5528,1.020016003845463,1.1628488299424584,1.3264182985127229
5529,-2.360907987940591,-1.7377586414235062,-1.6231665836178253
5530,-1.4622998160806555,-1.3521693170304423,-0.7781542536545198
5531,-2.7430258333818403,-0.5133455223874881,0.1067960813123219
5532,2.5242401105600454,2.4429910094838494,3.2620410709545227
5533,1.1480176368449837,0.8193992523511864,2.787678133705841
5534,-2.9122105996785,-3.5985075558758823,-2.833655156539714
5535,1.9303147146034192,1.7355813279144312,2.6188077824586964
5536,-2.4468849228208573,-0.2838397644332933,1.710354461913067
5537,0.4645066093492894,-0.7406457008133084,-1.914954537394848
5538,-2.0224484822463733,0.584663359043021,0.9616035416363228
5539,1.1936401411535953,-0.4553802459469121,-0.1622093208291183
5540,0.9352164711486394,0.6296007307194658,0.3671372019627954
5541,1.7072924067582742,-2.015335440259901,-1.4387088429877752
5542,-0.7246780354654478,-2.596652034056907,0.0390561915877763
5543,1.5693746148338923,1.4328662345259675,2.227372637233054
5544,0.3414433344193629,0.2551335681721555,-1.07694141960822
5545,-1.5491778565945793,-0.8152290374626255,-1.161207481240499
5546,-2.737632247692532,-1.6075441467619966,-2.029675241255696
5547,-2.6095792070502792,-2.708617659823448,-2.4948462251146486
5548,-0.8253858661187805,-0.2763993747188783,0.9374921339937828
5549,0.1967697110756689,-0.2162979459895824,-0.7728636028577403
5550,-1.528708404755013,-1.9509367258208783,-1.5712431667178166
5551,-0.7383248385052259,0.501306603774177,0.7938747352431579
5552,2.8211565038159185,2.9233734977823542,2.7765836551684417
5553,-0.5642237871388149,0.2475737681714219,0.0837789959939655
5554,-0.68485079245225,0.3105608163552343,-1.209500673007507
5555,-0.4281071218891111,-0.4989159164312679,-0.6477080572658391
5556,1.1593891602270574,2.066488553976672,1.4519301969931442
5557,-0.1830998539375078,-1.3969823187763315,-0.6495095630986955
5558,1.672104900590294,1.3637568356425325,2.689013531618242
5559,-2.2871630993003524,-2.693120007864414,-1.9031107694333824
5560,0.0684416128039466,0.0048684344211451,1.23495970560697
5561,1.33237773302064,1.168492414626521,1.6531730738695214
5562,-0.6684444824875787,-0.2018641779321982,-0.3669001679708575
5563,2.4165119574596043,2.765921508071313,3.651626635179786
5564,0.763810700544394,-0.3969329615564496,1.1912818918011931
5565,1.7646793077880427,-0.2778630558278888,-0.0013949960764981
5566,-2.1583971807384086,-2.322897133192664,-2.921366844808611
5567,-0.4912545256362814,1.8155618751417024,2.274348805597007
5568,2.4429217850804648,3.083523537988204,2.9321239831597965
5569,0.662307720602946,1.016770909715959,0.714282442912541
5570,-1.065139313232019,2.2856686584918577,0.9516827058072036
5571,1.0653231083311343,0.7262363217938597,1.7681268612591368
5572,2.658199521639309,-0.2960702319074084,-1.5732070392078856
5573,-0.3768504635392268,-0.5200539762956596,-0.1640804444477098
5574,0.392582715882778,0.8520595975042629,1.5090382551076795
5575,-0.8173114020641683,-1.709136234491942,-0.347344389842957
5576,0.8505219456900573,0.5272392529623781,1.842541169411256
5577,-0.1131559365485162,0.1205845028769096,-0.8603815868740812
5578,0.7819450283736491,0.3154579432744356,0.4436562476640955
5579,0.0192109326594374,0.2355856471500703,-0.5037198130182299
5580,-1.216454279557846,-1.616584676773045,0.9015666555595804
5581,0.1931330083653552,-1.2300984669613173,-0.5607779079315558
5582,-0.1234768471978871,1.662540374209736,0.2831288482886085
5583,2.32411707568771,2.079583941249872,1.894019799054136
5584,0.2305734077422136,0.8179676149385238,1.4644708056149474
5585,0.4173636021167931,0.7239947110527375,0.6983214688452104
5586,-2.320773058796064,-1.1263454962954542,-2.624263538118715
5587,1.4321152833272142,0.6633382638109524,-0.15689148520675
5588,-0.637830571599425,-0.5342949208213443,1.3014362755538984
5589,-1.9713615538646687,-2.2237904468765595,-3.4720786672529163
5590,0.1621165429052806,-1.7367085907871127,-0.0540781951632424
5591,-0.7395219702895347,0.3460505113881582,-1.2379085748380303
5592,-0.3908088172051507,-0.6799382654469288,-1.0012515380096365
5593,-1.849404866034544,-0.6834283626562959,0.3367588464481269
5594,0.4791326866806149,-0.5913049649488953,-0.0673987306460887
5595,0.2393578022472988,-1.2495260314958705,-1.163161004199576
5596,-2.466551248240887,-2.696737846897081,-2.586300063202753
5597,1.7687452318994463,-0.315542364102709,-0.0900850106859242
5598,0.7808029584871271,-0.7326109995128475,0.4761150926897283
5599,1.3139477262650574,2.0925684871584176,-0.5267651049409086
5600,-2.7046148937000623,-0.4622808776016575,-2.3272873495540423
5601,1.611769997822728,0.4042661083576009,-1.1340379993196847
5602,2.3373449636335533,2.3324466264899404,2.4693293770668503
5603,2.021044094148452,1.3261481343763335,1.6893719997475356
5604,0.1899260004806152,-1.5878431223728753,1.2994762250594012
5605,-1.7326543903832663,-0.0653326046804444,-3.573179753261623
5606,-0.8993292139601677,-0.6606269846597826,-0.3038088641840081
5607,0.8136101956225152,-0.908790499328208,0.4453858092633814
5608,-0.9021030247000758,0.3471578803512404,0.388837007904984
5609,0.3988492719364037,0.6673483004115177,2.1977459824922376
5610,0.4306595413950637,0.3160917869199801,0.7580023110709184
5611,-0.7449556621747345,2.369490178727641,2.6694661817425307
5612,0.9790189916529812,-1.1494621038630135,-0.3584817912660564
5613,-2.748912018812404,-2.2927799727484865,-2.5088008073931403
5614,0.0880823333908079,0.0275710320955031,0.1331489993471766
5615,-1.926031883902502,2.005033966558259,-0.4319064235418429
5616,3.248041477118072,3.5182104252578204,3.257398459904997
5617,-1.6593785762470237,-1.391254913580915,-1.4907624855569237
5618,1.0962418489879502,0.1613670040679167,-0.5038474355598692
5619,-1.20334578127443,-0.389783926205867,-1.31583930916747
5620,0.7107089096470757,0.8790234734055429,-0.1004235000277996
5621,-0.4157410522508999,-1.2466653897775748,-1.2450810103604733
5622,1.0924546924537557,0.1239179339779262,1.4873501391967483
5623,-1.4863603260681024,-1.5121097978459703,-1.7855330549500437
5624,0.4244172084778989,0.3077047497567645,0.8068108038017838
5625,2.509821400216671,1.1646549137576836,1.5817367418113502
5626,2.198729497698159,1.9592289701654968,1.663752856254078
5627,0.905480567391626,0.8968117096168948,1.413934082202521
5628,0.5833138598371211,0.0344905548890271,1.0273968725379223
5629,0.2641083718074573,0.3385011453846505,2.3054735214835835
5630,-1.4215997740976487,-0.5461840815540672,-0.2306242209645563
5631,-0.2651479051947826,-0.7061044122948804,-1.111285315259187
5632,-0.1241686189320395,-1.0763122812870245,-1.0378359278071618
5633,1.2503266427880089,0.2350309593209992,-0.0144836057555686
5634,1.0814380798454502,1.288395750931861,1.32825715854998
5635,1.289529585113898,1.15841429900507,0.1126752184523234
5636,2.206636666861514,1.226829749722785,0.8600154720138402
5637,-0.6265858870054734,0.4098471481021469,2.020766921690092
5638,2.20639783710422,2.819468768921805,1.885271064510105
5639,-2.8132818265072923,0.9200809143671804,0.3384977265773044
5640,0.9785262518705148,0.5011392974087644,0.7947969509500354
5641,2.2030969014582467,1.934757883842285,1.7039061932666075
5642,0.6047149027974466,0.6324291083970619,2.9673053146362407
5643,2.2848200344808047,1.8817818081414592,0.8572771395110037
5644,-0.3428670741749794,0.9631573600125232,-0.1542910258377817
5645,1.1460260144759338,0.1610347664473939,0.90781028083852
5646,0.3431783236544634,-0.6679648579594092,-1.0804299811066451
5647,2.2572965482987244,2.0798776136928674,2.70557737368472
5648,-1.1433919231035872,-1.1376286100226722,-1.4807517836479889
5649,-0.2369207948076909,-0.3742337362577849,-2.209997999642461
5650,0.6083123803333097,-0.5379720844865606,-1.548958691359234
5651,2.140062820533525,1.421875124778969,1.6895096977529886
5652,-0.3978554093525159,-1.814807813114636,-1.515143074826692
5653,-2.0617573955332067,-0.9347154132897784,0.6978600814006637
5654,1.426177974484986,-0.2033976466788818,-0.991662018040412
5655,0.2539088196576525,0.501575512021359,0.6730598928424183
5656,1.133714373860859,0.6633743615804701,0.5759815092584354
5657,-1.2715015193254546,0.8462934964958385,0.5917371036507955
5658,-0.2410651699099762,0.1171516933415839,1.2436003758713587
5659,-0.3141285118185047,-1.012639746268021,-1.717282808125869
5660,1.087488218804781,-0.5680482744865106,-0.4593137338668357
5661,2.280270071193524,2.263396397577772,2.7036779697368813
5662,0.0024453622633639,-0.7348201280999129,-0.4225141691300742
5663,0.689334206805366,2.1994481326626114,-0.7133351435362182
5664,-0.0936371210961847,2.134810130223584,0.7052283973962428
5665,0.9048375044087644,1.0558433901087274,-0.3040039802098578
5666,0.409231942240948,-0.8344877390471912,-0.0338658157031095
5667,1.1498600029030817,1.5369789765274129,0.7913009390400807
5668,-0.4126936702383929,-0.6637182551976826,-0.316546201909284
5669,0.1936329122277302,2.0539569102851303,-1.3077810849124598
5670,0.3433562713390666,0.1109184356181703,-0.8757853959710082
5671,1.9738050686710693,1.0254310120063908,-0.7833842353202245
5672,2.5493652786181045,2.1566308439519344,1.535797321193268
5673,-0.5289124914903119,-0.8097167703708299,0.2372140601626417
5674,-1.635060185115164,-1.403288371850762,-0.18677050566969
5675,0.1390609600457856,0.6953603376834212,0.1951718936605328
5676,-0.1602239364832837,-1.1613981113404173,-0.9205163975226188
5677,1.7472479522480329,1.3168518063653674,1.7137117514000966
5678,-0.2195632657178832,-0.9047131799778272,0.5892480191509051
5679,-0.8237893834551482,-0.9643744623198258,-1.3357010896363202
5680,-1.106763142923311,-1.0028823554987178,-0.8179534363162582
5681,-0.4717285682453092,-2.141503960741602,-1.65003541148267
5682,-2.272320736026028,0.8246499586908567,0.4515851663465079
5683,-0.4479279583711216,-1.5669986498514712,-0.731644434061139
5684,3.1219586668958006,3.5183434418811785,3.0574866102180818
5685,-0.2335220243518832,-0.8899413684251405,-1.491290184831903
5686,1.1604444224616248,0.6414767983421592,2.0272975951928305
5687,0.0493878929758317,-0.5795627317190158,1.1106746471739617
5688,1.1137569813993209,-0.6059820891450733,1.919664913185896
5689,2.2298697591168417,2.2945789469573787,2.016955908123737
5690,-0.2071152569462519,-1.3335324129764776,1.4945047752027774
5691,-0.460224034026707,-1.837741890589585,-3.128461751239665
5692,1.2988492880463904,2.7573565630244232,1.9322991757435848
5693,0.5639952893424103,0.5170122543630689,0.3382241499248488
5694,-1.1598575146408086,-2.319535978911365,-1.842665887063884
5695,2.4950486801827627,2.4536219134387243,2.7970970200292737
5696,-1.8172110352047728,-2.941142185856065,-2.889548647372949
5697,2.4540879964635547,2.4896398969771014,2.512685774967411
5698,-0.2494008320420964,-2.7903456294499605,-3.4275280771555625
5699,-1.8655177320087488,0.5623667391201098,-0.2439748675157955
5700,0.3061995282169861,1.6511718017711468,0.1526342746154598
5701,0.3217842116414041,0.3569960706445579,-0.3211414003869166
5702,-1.6711482691405224,-2.697626946529363,-1.9994116786436875
5703,-2.571213101479266,-2.681313859586362,-0.2706189778627656
5704,-2.100377439315385,-0.2151127276689825,-1.8515109785025523
5705,0.6110404455289555,-0.5184721488079872,-0.729194448546201
5706,1.61620769696081,0.3832914354723076,0.2329534563074139
5707,-0.3680958054767479,-0.99201324386205,-1.849661958942857
5708,0.4724440490813923,-0.2247503527609518,-0.1677778763686718
5709,-0.2699932031864753,1.4557933706315676,-1.1526158153143502
5710,-1.2403359009317685,-2.600612735132716,-3.0255565371277378
5711,1.093111229517935,0.5248174472136609,1.6066017170887104
5712,-3.1130683766781053,-1.1743467275790358,-0.1678630846311312
5713,1.058106169564081,0.3115928182155398,-0.3126324232308145
5714,2.4640603207827843,2.922588499534456,2.93317895124005
5715,-1.318732034836934,-1.9720061440501708,1.189680541643949
5716,-1.892891424451412,-2.5979369074364564,-0.6585657946423833
5717,0.2093332613223151,-2.406752864538289,0.3365469374183227
5718,0.5246145358922886,0.8689010375694368,0.93540845754934
5719,0.605180101801349,1.432621848579112,-0.0193022252769233
5720,2.7310487332033087,-0.2746293849110394,1.6801295730645132
5721,0.7668497653588293,-1.2038275963384093,-1.1609930423307104
5722,0.6221966846533379,-0.9673223669655656,1.0866564164215593
5723,0.6745942567681087,1.5522264136112225,1.1913561239296349
5724,0.9051259756153832,-0.6113086856786605,1.9723875281133467
5725,-1.6298127673070548,-0.3534061141864459,-0.4584397570259801
5726,2.483856435644231,2.3438677791350617,2.7996214778874164
5727,-1.3345501947481409,-0.7239852350072356,0.0464562463493738
5728,2.3830846069846685,2.5923003109428207,2.253179069180871
5729,0.1033515645481347,0.3047502069925203,-2.67361343796394
5730,-1.0353450258488346,1.5739221946932531,1.6155918464049446
5731,0.8851179541900442,1.5793720390757977,0.8423934202052775
5732,-2.060754645559081,-0.9326576092831702,-2.120934264659513
5733,1.0647902505602045,0.6366679617517864,0.5715039471042653
5734,2.084727449016129,2.050654392925585,2.2094164642070804
5735,-0.0236776056981636,1.6133286766347108,2.0886622238807573
5736,-1.9001856052337307,-2.4151125114067047,-1.8334618455455545
5737,1.2631804823195878,1.3742128214075635,-0.9495889585204348
5738,-1.7821205604990378,-0.5600517555873492,-2.5087952525876847
5739,0.7258912588475868,-1.8890967005461288,0.1101782504829014
5740,-1.3111987349100382,-1.8907425250137035,-2.9394797164209527
5741,2.182303909421675,2.165027996508272,1.4056092948612309
5742,-1.1407158912543764,-1.72207546638499,-2.3594598525896253
5743,2.4187021200205945,2.518741186963047,3.0970790920416187
5744,-1.7598944168169055,-0.959355324093022,1.2099381353144336
5745,0.3728906487010904,0.0280340430469878,0.1115111508673901
5746,-2.287162187149492,-1.594719819412492,-0.9239876327961098
5747,-0.0893270586699259,0.7960091888604832,-0.7432815682966718
5748,-1.63301142698714,-0.2599273684561332,0.7786690853019578
5749,-0.1646927993862273,0.2421164503319991,-1.607023762291083
5750,1.1165293503682523,1.0721526047373735,0.6079757672389587
5751,-0.7069500106710674,-0.0954845813067976,-0.3702409283303298
5752,-1.8528238932417669,-1.7720685245786054,-1.9767885236501048
5753,-1.934520785145801,-0.9923875747878002,-1.071066500833205
5754,0.944896577401664,0.2318299731231977,1.5979085803583684
5755,-2.0662564023493952,-1.6619932604658645,-2.0033004274317245
5756,-0.1200436975629556,0.0267661832238065,0.7754908146547406
5757,1.605185066743378,2.3915751345441314,0.800494794774502
5758,-0.1467112106487405,-1.8724377984242733,-2.446043738830155
5759,0.2829060955065305,-0.2473885114028249,1.419640921099086
5760,-1.3205315291375272,-1.0493983645617004,-0.8713198464550742
5761,-0.1513395692255999,-1.107460266742391,-2.178610718697657
5762,-2.5033884399895823,-1.9829584323243208,-2.1472607389797087
5763,-0.9539423712137628,-1.1284834633449432,-1.651828583925766
5764,0.0086495674293635,2.871408944940173,1.8488964705575817
5765,1.3948253882802972,0.2788328303026125,1.5921044621831
5766,1.5770286476512734,0.6599892772282505,-0.0234161703334501
5767,-2.383652818695013,-1.149387972068968,-1.644817582327738
5768,0.6370813887923807,1.2125582407255229,1.2996709961949744
5769,-0.9491854416634862,0.1141870322802019,-1.830235264727531
5770,0.9504123037802236,0.656226182983525,0.6829289395762645
5771,-0.4643072025114743,-0.0606568110841709,-0.1793625489494568
5772,2.5503846184376,2.2663930130661587,2.84227435488113
5773,1.7715264728891509,0.9416739830458636,0.5314169726758609
5774,2.060588971115604,2.4980702001539834,2.49075220159846
5775,-0.072362879767482,-1.503719595972225,-1.152969579331242
5776,2.34424230315019,1.5487164716208237,2.8043053676211795
5777,1.6742433340641154,2.3236716704780025,2.625913303677757
5778,2.4694902150806186,2.441814088427483,3.184375458341417
5779,1.0422063596315794,1.3108487187649738,0.8621744947466866
5780,-0.9419915212257582,-1.0054518740378693,-1.4306207472020314
5781,0.6838043009609477,-1.183752706660274,-1.4093326111695514
5782,2.2138259403673124,1.1269105193690538,1.062019086138275
5783,0.2481894270760361,-0.4226102469573722,-0.4804348838574557
5784,2.352040884544613,2.595110072361302,1.5927644149181002
5785,1.3730219745569716,0.8335859138580785,0.4134215965847235
5786,0.2147623547380953,1.166259018316667,1.3837299734260555
5787,0.6722676842530005,0.0225038344075875,0.4839215386535945
5788,0.3034555760712733,-0.3983712812127553,1.2772863404392318
5789,-1.9232093145526905,-1.8871192842116984,-1.1399294878538215
5790,-0.8542950717798155,-0.1565305211045921,1.7439907940290384
5791,1.831628228095256,0.3095137337208508,1.944813524088952
5792,-0.1403969812099437,2.293117987163997,2.754188042268324
5793,-2.172574764702336,-1.444060711377902,-2.4541476288772186
5794,-0.8293232903857379,1.333654189248488,0.267160889313711
5795,1.2788080697717172,-0.2132321939246766,0.7683530646606234
5796,0.9926731650292406,0.4673840810205225,2.016967450505476
5797,-1.6379081934833226,0.0680590285133848,-0.5813030983612578
5798,0.1734498198088661,0.5326263547174976,0.2655314796171203
5799,-2.1562904846899373,-2.455600892895681,-2.2345770145831376
5800,-0.1857801221619573,0.6233141179935904,0.3388876015827863
5801,0.4807476355085119,-0.4703780092168769,0.2678794423306721
5802,0.5933072576073009,-0.2657161261313056,0.5211208682808197
5803,-1.2981878552316155,-0.2434496049113175,0.3750760126901287
5804,-1.092645057665985,-0.6425151819875334,-0.5872800923085886
5805,-1.7788595071546145,0.03153672105006,-0.4449951462690966
5806,2.293743579184649,0.8508399882365166,1.587196791080139
5807,2.6326671474624965,3.292315885271608,2.972276885492441
5808,1.97932882624332,1.172722998993924,1.5090920426370855
5809,1.132780719990561,1.6522600355487138,1.606041428652729
5810,1.2343332978692385,-0.3709661476052621,0.0590220334059422
5811,-0.7722803954023983,-1.5791257834337904,-1.7866353841347506
5812,0.7800510611310976,1.4792658979173623,1.954830305240795
5813,-1.3979731207348514,-1.779626157638525,-1.1514343560520413
5814,1.964178912604628,2.0467150821805404,2.337120082481587
5815,-0.0302663364677868,-0.8111264073922533,-1.3153101365967088
5816,-4.199239795116262,-2.0873337698913788,-1.605617349186226
5817,-1.612426212196998,0.1587901889494355,-2.286473075062962
5818,-0.5097874534167104,-0.5214343177424989,-0.0396339322032009
5819,0.8941944814563764,0.5283433377407887,1.9208805013907293
5820,2.712586611561908,2.524059166366772,1.9598440911819373
5821,1.6711533945413792,1.1818181115795108,0.2492621055153529
5822,-0.5727779517659993,-1.878036006136677,0.3086596410068171
5823,0.8147957168097966,0.0646044409070998,-0.3255929893361796
5824,0.3431997700136762,-0.9892934887130116,-2.528036985375565
5825,-0.4135576428694165,-0.2732445027364913,0.3589619839203412
5826,0.9820330158529308,0.3110104683242189,-0.569653057324893
5827,-0.4698679230138729,0.0306831105685921,-0.9331959236410868
5828,-2.338753012384493,-1.7559548018197657,-2.0539663949174
5829,1.2802877620966453,2.561464565875799,2.219626200680198
5830,-0.3237341473315752,-0.8856619512055823,-2.676230001031168
5831,-2.453893528009297,0.6577743946112452,-0.0520163877053402
5832,-0.2653270303957389,0.8295742641336007,0.8655886530834747
5833,1.266841745222001,-0.310749853381963,0.5129824849920605
5834,-1.7532434834413178,0.27442559980186,0.8557409802947844
5835,2.740986880591169,1.167656116694716,2.015292632214425
5836,0.6084165483039687,-0.5470061585787567,-0.544929444400406
5837,2.805991311650317,2.91979200728208,2.9190099019516884
5838,0.8276093476441566,1.302085441353645,1.7886284097457583
5839,-1.5327882513834086,1.4289723058861998,-1.5798600678352372
5840,-0.4890984942747441,0.7247457995518846,-1.1591893327336062
5841,0.016922893080128,0.238792107962452,0.7510022951827426
5842,-0.9735931734493452,-1.3858804866069192,-2.632721496689425
5843,2.2064172983445034,2.426914707844422,2.927007872550192
5844,-0.9975582547647202,1.146153240835759,-3.153581851295856
5845,-0.086745370678473,-0.8306655678482819,-0.2653398980641346
5846,-1.1598397276990329,-1.8717813517594435,-0.7578403027742937
5847,-1.972712859372758,0.3240421595620341,-3.467329001099321
5848,-0.0333828235311422,-0.1830453379774755,-1.7066720414806458
5849,0.4716825571766836,1.4898143193551714,1.433950304935529
5850,-1.673835628422402,-0.1380777925510723,-1.6017606519089074
5851,-0.6772467608242321,0.6806038279965594,0.6863609002829887
5852,1.4004867038756488,-0.2415930240764058,-0.1462609759496891
5853,-1.9806639915246909,-2.022601724299216,1.084781345126189
5854,-0.4838295972786547,-1.112212232595509,-2.059734379647902
5855,0.7812999666871321,0.8542930988138704,0.30824404567826
5856,-2.394567494874168,-2.7846255047317148,-2.0922715579825857
5857,-0.9538527402580608,-1.623139951532659,-1.3214502420697571
5858,0.2677629783657476,1.223638512307302,0.188382115976783
5859,0.8918908615379624,-0.6752836037048597,0.1287676829997674
5860,-0.9081128276788376,0.1129356502704878,-2.2950784999380773
5861,-0.5705692065894239,0.0447474052321806,1.1406059352762317
5862,-1.630567963186082,-0.5099633281752614,-0.1006074320589948
5863,-2.159451261086004,0.0153310114526637,-1.2756167290855405
5864,2.164215722550124,1.7997610052892388,1.0378416417471077
5865,1.1248729773484498,-0.5145645534172152,0.0112971320399894
5866,1.391988274203608,1.557461516049011,1.9478643169730347
5867,-2.4928266659226352,-1.5533254146873918,-3.1987895075097548
5868,2.2082297890932505,1.6708463572950087,1.506888513539834
5869,1.3991663908921876,-0.7767450488486116,-0.6504945374581568
5870,-1.485872716948596,0.8679091289758556,1.6151302226504398
5871,-1.88278534776338,-2.254491902126648,-1.422710737235237
5872,0.3635383871472366,-0.5969383232983156,-1.4424814450950136
5873,-2.9225929717886867,-2.175270924795194,-2.4402042277996827
5874,-0.0224676327523496,-0.6273828298782793,-0.4278481541086311
5875,-1.0052417862109515,0.1924937962200944,-2.0268714936621617
5876,2.3217632894991125,1.921578176590612,1.523704738367677
5877,0.7145064719115104,0.0381746331780585,0.0473166938758884
5878,2.047097631218312,1.4220161754634963,0.6483737467082453
5879,-2.024095826700072,-2.1412569969541364,-1.0252857652027538
5880,-0.7460777557964259,-1.314934757564271,0.0031321846232889
5881,0.9913500667965888,1.7504067441403808,1.9641274964722115
5882,-2.3621437083680488,0.826546661387705,2.366186704516971
5883,-2.497493419671872,-2.370811218970194,-2.776722908728254
5884,-0.6758866494700632,-1.7706075092407092,-0.8002019264580719
5885,-1.8453592143839983,-2.326148315822691,-1.7395893525788189
5886,1.2010200204631367,-0.7619512473647693,-1.3236158922998458
5887,-1.5506776271077154,-2.086728077264247,-2.34860393980829
5888,0.5121085771842673,-0.6611265293574395,-1.625828137572798
5889,-2.475864030156062,-1.178954016166072,-1.5369286904504145
5890,0.0158067328661231,-0.8665725865289382,-0.1187833016252766
5891,0.1098059034546382,-0.9633086352285092,-0.5488699647237496
5892,1.0441404268394747,1.2213185851886568,0.7060178711442395
5893,-0.3931436361120418,-0.3359107862560323,-1.2852038809484512
5894,-2.1334321464303607,1.2000641926466715,0.8720470746022242
5895,0.8994506434101002,0.3622439570374078,1.7953952246664389
5896,1.7997847833246745,1.2213101689423724,2.1790745532060978
5897,0.6742958476627037,-0.167431794715406,-0.9746059817938
5898,-0.908153124885994,-1.3250441915777618,-0.3473628592518173
5899,2.0680936721985246,1.4418112640802565,0.6424109829943982
5900,-2.290457142095701,-2.306682364653489,-1.95741095097076
5901,1.3526783347470568,0.7739161820521151,1.9467683261711544
5902,0.0891513841866733,-1.3008388329855074,-0.7819674793029217
5903,1.5568969730904878,1.6756690284071838,2.3425592452171267
5904,-1.644293310912774,-0.5437096906142016,-0.6370642277026939
5905,0.7018789912809726,1.8139239999604244,0.6058543876890544
5906,-2.6445970868719018,-2.8117098277531127,-3.200357710464824
5907,0.4601272304227033,-0.7368799471773599,-2.553862824139742
5908,-0.2823804445281786,-2.3221128578461343,-2.151729031028484
5909,0.0005504017986049,-0.5830424901769451,-0.2880772313552319
5910,1.2729161139431822,0.5769336698065253,1.3822247133369645
5911,0.6496587685860249,-0.1678952756283998,-0.7747928075427376
5912,0.3942191534163424,-0.1023349242249118,-0.3678233272462869
5913,-0.1680789956038947,-1.1263541747289718,-0.2853579917029717
5914,-0.4591991215046819,0.764521246488018,0.2904651145902878
5915,-2.3641363178729016,-3.2397496034831006,-1.6651091149937232
5916,-1.781157899284851,-1.3227573932409833,-1.7852346718824958
5917,-0.0938503981782653,1.0119820608809245,1.694526670713778
5918,2.3543468897933795,2.1910931432205327,2.912876496708679
5919,-1.5000209979902894,0.0145969596511066,1.9061657204386824
5920,-0.1585571624407097,-0.454200092348551,-1.962160978067441
5921,0.5865155590331168,-0.2556250644838844,-0.4380693250177208
5922,0.7305323566909672,0.0110293342028376,-0.330281711456412
5923,-2.1400634945503665,-2.788491338715888,-2.0551921573058984
5924,-2.1371704519976897,-2.630098345578583,-1.7124975268254827
5925,-0.4571619295941755,-0.3714878971249739,-1.1557902997435736
5926,2.333336768972676,1.6640887799825044,1.888613325327688
5927,-2.5815424585952327,-0.9241022218607368,-0.1394186027748071
5928,-1.850066636815557,1.1254773704038532,2.0301518492909323
5929,-0.488183620617872,1.1829868129937604,1.76682869124892
5930,1.6146794125923276,2.107395889153361,2.342122159852571
5931,0.1305310595864657,-0.956131824686287,-0.9867172815064932
5932,-0.7533762368030286,-0.5342519401535202,0.4448980468532243
5933,-0.855036932256219,-2.5303340908220378,-0.645910887051823
5934,-0.4197443485879726,0.6802656851708642,0.5568147551720962
5935,-0.4301925740374729,-1.242099906390476,-0.826685910316183
5936,-0.7752351119838876,-0.7032091266297794,-0.0302573813104283
5937,-0.6391184492390716,-0.9765357038841416,-0.5972032944151273
5938,0.0276569238424188,-1.638319424958662,-2.049878447941402
5939,1.3102205761335644,2.5003643788742207,0.582568525796991
5940,-2.4999908005035696,0.9496772691037972,-0.3782209141027385
5941,-0.1989723088571171,0.7177181317642582,-0.8478821080265238
5942,-1.249358464322935,-2.5471128491821013,-2.149924678827023
5943,-0.1365034924922794,-1.2945630482813264,-1.209437939527265
5944,2.0654815100390915,2.5943297155480427,2.4956514950197706
5945,0.7823265924803976,-0.3615969213611775,-0.6384417721275804
5946,-3.426694013902757,-1.304703257654989,1.5902603319441635
5947,-0.5311666406291738,2.0529146440453534,-1.4201256412831076
5948,-1.4095825952464802,-2.6049769231411,-2.0559033737940213
5949,-1.131070068684431,2.703053011876224,2.9240097662614986
5950,0.854557713254793,-0.2412654772133545,-0.5199771868510495
5951,-1.6719378314196005,-2.614258520779722,-1.8479105250172847
5952,1.236864060792538,0.819406054337608,0.2613846633377291
5953,-1.329632783104711,-1.34797837331921,-1.4014211727244703
5954,0.9795293897791276,1.8143119754302952,0.2245201777781027
5955,1.837111334833657,2.257514761007129,2.8207003149060377
5956,2.7027200174058854,1.6608487091610191,3.376765314488986
5957,-1.5787772332385877,-1.393953358577669,-1.1696076797013
5958,-0.3248346428372903,-2.983250312275699,-1.7832979707934633
5959,0.6501978219696772,-0.2056774084283921,0.2358250503517475
5960,-0.9615410127120302,-0.9376216670273884,-2.9970010369368945
5961,-0.6409495986498168,-0.3398292740539734,1.4153735907255989
5962,1.848560370496112,-2.270805486522581,-0.4535371874255108
5963,-1.9619651334694,-0.4369324225119432,-0.1005328343858595
5964,1.429383951060966,1.6576664283357507,2.179816495808153
5965,-2.038314227906289,-0.0754356765559393,1.6094987785157653
5966,1.561521122490562,1.5982588232342554,1.117737760621034
5967,-0.5638462315137623,0.356361110444286,1.407904749228198
5968,-1.171713474844524,-1.177323566003749,-1.484306532092767
5969,1.0220297707183643,1.7287135127421809,1.5052041357017247
5970,0.4774001958144434,1.6625386125017851,-0.5583717821168217
5971,0.4244745760963429,-1.05755082188232,-0.992286001937284
5972,-3.135105401436231,-3.2391709044617043,-2.931725049121923
5973,-1.0046708139661766,-1.4104850262349256,-2.258241598669694
5974,-1.5790293733216532,-3.300470213532452,0.5980222077315316
5975,1.0649081667468616,1.3682875753159012,2.1395015681267777
5976,1.4546696850592908,0.6817441665287672,2.243360255547481
5977,-0.5174299349459823,-0.9008157859558816,-1.2372466774328594
5978,-0.133514984240766,-0.4168679245845849,1.046789030470663
5979,-0.5748085911392871,-1.0792185472231937,-0.7099144029849951
5980,1.274393253533423,0.5928063865823421,0.3569563875717827
5981,1.4921258336033911,1.893527248933751,-0.366027342901829
5982,2.324678604810048,2.7657640275654067,2.669851615786624
5983,2.0718307290993003,2.044062283793362,2.339604596677708
5984,0.8134168147073262,-0.0246608199912348,0.5681830925533089
5985,-2.088585800507639,-3.0465966546379604,-1.741172760078813
5986,2.486497850452122,2.7079434283780626,3.067228126640862
5987,-0.1390656054120865,-0.978074982437908,-0.7455448417370159
5988,0.4360162680709714,1.3486099433162209,2.6523335817518854
5989,-1.9602443003962464,1.3342951543663488,-1.519319458253815
5990,0.5333276169333602,0.5273607510316298,0.5750548281562573
5991,0.1433707201,-0.4339794594323573,1.270723780733694
5992,0.0625555602158945,-0.1355357470297711,-0.0969032738546721
5993,0.6570327521778419,0.6783627218521604,-0.9300421404979968
5994,0.3046876267144911,0.2762026221463394,-1.5066770352022532
5995,-1.74114651581673,-1.807266831417676,-0.2788194687655667
5996,-1.0931520987639296,-1.2243505232168403,-2.086811662015604
5997,1.7559192443050675,0.6346130389359982,1.2194094617123388
5998,1.2444175435342784,-0.892463660113567,-0.7513268677944844
5999,-0.5055420006365614,-0.7326193777206687,-1.1087524929285488
6000,1.88173195061802,2.444059816079281,1.8548594083078245
6001,1.3327360877771504,0.0829132331492672,-0.4257036437503662
6002,1.159581131675291,0.8342489416450789,1.758417314555939
6003,1.3119876723514885,0.7178834167483221,0.8291996127362955
6004,-1.5788876478817344,-1.885997108103817,-1.6144130825485086
6005,-0.4077412119952214,-0.6345185833090319,-1.616953474570223
6006,0.8140789010683341,0.1677810784313465,1.1417976037239348
6007,1.2290180424948876,0.8488894868594322,0.0601188665925947
6008,-2.63061924786142,-2.6112410145502056,-2.3053798022873795
6009,-1.4278670389740422,-1.2857506494754527,1.197042682999052
6010,0.5553939140734828,0.8617787918550146,0.0473215304245806
6011,0.3603073123655603,0.7690019120307567,0.9851443639655332
6012,-0.3771526354804083,-1.4110297585330829,-0.9771018044848464
6013,0.6353503186617047,-1.5517680120747122,-0.4692014524277357
6014,-0.1583362217313389,0.776709189192008,0.976379197252022
6015,0.0310956467291219,-0.1350181255221714,-1.0713412178871702
6016,0.8256941992253761,2.5902523392784533,2.380903595907041
6017,0.6942331147322386,1.1692136899764165,0.0594680837435648
6018,0.4976041215440984,0.0104239509245918,-0.1213592618736301
6019,-0.1047881396883657,-0.4110449309322103,0.2883464310147294
6020,-0.9839781028779248,-1.529074909896304,-2.527926579729847
6021,-0.6656788657706935,2.512349409589588,-0.8610114673235496
6022,-0.1159507090937767,0.8779159200298816,-0.644013509354951
6023,0.9415146732822652,-0.3641240983045486,2.327848307895725
6024,0.5418739341029162,0.6816966685351967,-1.6500682878519948
6025,-1.8036385174091447,-1.4878337333157583,-1.330221558380975
6026,0.9832781017772378,0.7781234602288752,1.4311542480015216
6027,-2.4900102538159143,1.6711876990514356,-2.269561582766664
6028,-0.6710696839396054,1.1157352828560727,2.624966295214932
6029,-1.8923926313047303,-1.0060932527709974,-0.7418346390450903
6030,-0.2557864581584712,0.3083055961530443,-0.1920364770646102
6031,0.2286626304472314,0.2780754269699763,-0.1673184449902977
6032,1.3307129438990746,1.02316090437338,1.4299857949978645
6033,1.275691425518987,1.022581257314786,2.484176394023338
6034,-0.3781674355271126,-1.329413539673249,-1.068263195921558
6035,0.391444507926399,2.000951868573281,0.949767069782894
6036,-1.200121848284004,-0.552929880398292,-0.8001929150383587
6037,2.307251079940695,1.652123502153366,1.4580643688278758
6038,-1.0477209327185557,-2.593424715921649,0.1295055593404467
6039,0.5354572948572914,1.1593477702372668,1.046888254308712
6040,-0.8883912134306493,-1.304327321843261,-1.1518812771043294
6041,-1.0289279879729596,0.8862812087201465,-0.8233169994847032
6042,2.045928353515408,2.519741193446975,2.365994172929713
6043,-0.9225415051300168,-1.0650186298417277,-0.6503092619940011
6044,-0.0641183072328866,1.242835322219749,-0.88780853024675
6045,0.7386504148933142,0.1096509416703387,-1.8518887150789705
6046,-0.4367711829397727,-1.539498130911424,1.2853744489087726
6047,-0.5761617223599338,-0.4372105690941775,-0.8823665389977461
6048,-0.4647581820779496,0.8178684439480856,-0.3014018363871861
6049,-1.2127297828850028,0.8322939127361602,-1.2389748801426492
6050,0.3256964320846925,-1.977850365043448,-1.50796431894764
6051,-2.1787733527597,-3.2671435073570776,-1.4621755878338922
6052,1.6492296392591643,1.4460670560828888,1.2523044505623029
6053,-0.8947736171959345,-1.5747661160577335,-2.5788954617148354
6054,0.8008103889183348,0.6296962871277476,0.441904702702952
6055,1.5268414157312389,1.4829034776962875,2.5217640032950523
6056,-0.7645786600577631,-1.153484100603587,-2.370021487088994
6057,0.3751793615310738,0.6678567564293216,2.670539129169721
6058,2.865351809261369,3.3145200548655542,3.0329216013892952
6059,0.5954865386498611,0.0483004561733454,-0.096501925521031
6060,0.4266109293392481,-0.4676113591922149,1.1160496812886629
6061,0.9833049558497164,0.6760081791177337,0.5931303670066688
6062,0.3127906357068267,-0.7454366588975269,-0.827963293831866
6063,0.7155312857868446,0.3531259370666121,1.984363251745897
6064,-1.3956984755376711,1.4485586938607686,1.5197069796223115
6065,-2.517602513549324,0.3848135378816028,-1.2833142439055507
6066,-1.194920137635239,-1.77585718808728,-0.6541922368194293
6067,0.7711828939038101,-0.3275399671157544,-0.6497200040565402
6068,-0.7449674631264896,0.1054499149255682,0.8908473326836837
6069,-1.7799820228070689,1.094975937219468,2.214409816747324
6070,1.1243588509653963,-0.435164102655514,1.1960191523931385
6071,2.0942750772927563,-0.9053998307894022,0.1641327098562185
6072,0.6888651801325547,-0.4589328146229025,-0.0570535695149971
6073,0.0691038497932473,0.0835142588979985,0.2818369281859921
6074,0.7339702778049259,-0.2619053985235264,1.0582510441127475
6075,0.2868436797421513,-0.2325598569324594,0.1245291047008921
6076,-1.5459006840062066,0.3359463587164609,0.5555142453203357
6077,2.368141795878577,0.3992016106252345,0.5057792785861717
6078,-0.4130432332991636,-0.2498240564164265,1.161008338488621
6079,0.9567590712610904,1.348335438420298,0.1755951436780711
6080,0.7876360829847311,0.4023921133964312,-0.6046859011184627
6081,1.0047144695063237,1.4325873439639198,0.4792636588097912
6082,0.5250632840637641,0.2764372619031469,0.4399180523086518
6083,0.6731897006401252,1.6466311893340009,-0.3569650677391565
6084,0.6245928479539123,0.9360984355613752,2.13592833194966
6085,2.223353258745347,1.688339906649582,0.5712839249707955
6086,0.494090579484579,0.4546080835776556,2.079983950420754
6087,1.2940623966103193,1.928931226587208,1.4751777465885858
6088,2.7473660076326643,3.2186828956592253,2.728171300323063
6089,-0.8115238992246343,-1.0397790629885295,-0.8301190956581979
6090,0.9430310413305876,-0.7875349209140186,-0.9401328375686278
6091,-2.0552042757151097,-1.139305963566,-1.890217194141231
6092,-2.25138033881728,-1.84077746025096,-1.32926162633335
6093,0.8234094727365666,0.1110245147569868,0.2482137093204393
6094,1.524841389133612,0.4575719097984785,-0.4498058523925238
6095,1.0878143241481022,1.4480724710125776,-0.0765889080190712
6096,2.370505251742985,2.498005559201373,2.6149471995456417
6097,0.2400006304895754,-0.0964150076137095,-0.0854213269605589
6098,2.823589894273479,3.1242398702343324,2.7684877933100074
6099,-2.108467044825069,-1.6613261849039376,-1.312227585587156
6100,2.418600069255943,2.2339704044233986,1.7177948697840333
6101,0.3288686794995337,-0.101565852906348,-0.2215310240235595
6102,0.2301403060918617,-0.3356339509352965,-0.2013474786076308
6103,-1.2462009720466158,-2.0385353716057435,-1.9043268665673505
6104,-0.600634357678198,-0.6776723654856334,0.1829642742159053
6105,-0.2797545840098187,-0.5270209286204006,0.3838509128822223
6106,1.1217302252276202,0.4668423558256475,-0.5137404888860541
6107,2.3312983812383186,1.5493803844690306,3.262782851079548
6108,-1.4710217645259336,-0.0118019791747627,-1.1580954992757042
6109,-0.0756540864314414,-1.4069401255953131,-1.1572752583332078
6110,-0.2460339791840033,1.0984964400958537,-0.456649931139386
6111,0.0818597671065922,0.5217141360388222,0.4470851629181474
6112,-0.710074574774358,-1.931987546430976,-0.6000890468833799
6113,1.6735086181363985,1.4465193387330475,2.4368885181666897
6114,1.1672079415019485,0.308981853682102,1.3859788261614854
6115,0.2175723666659865,1.756084004423628,2.0722356871282086
6116,0.86336292579524,2.336583298193782,2.5313352196770507
6117,2.6252737389105367,2.59692258054056,3.583795796396261
6118,-0.6943384829906777,-2.4134219419528136,0.5637274601011416
6119,0.9015395496598464,0.1149034319915842,2.6098857869677774
6120,0.3519916941600087,0.4615425962456169,0.2066989961257064
6121,-1.0640384583386877,-1.4181455898831676,0.6651060231395829
6122,0.9381024493464032,-0.6316383227844746,-1.4484604669095549
6123,1.7736161643042498,1.4900804637478948,1.124065613043076
6124,-0.3708516423316371,-0.7696675244629729,0.1951444497914059
6125,-0.3408141671499968,0.6615353417538157,0.6606319502836351
6126,-1.2993161619988367,-2.650288982556772,-2.583108395308083
6127,-1.4954632367100211,-2.868602610540761,-2.845227724346114
6128,-0.0803806743598552,0.408573151655185,-0.927357013354364
6129,-0.7042516711565038,-1.024331302054653,0.9746385747760796
6130,-0.032647987132348,1.9965050530394408,-0.0141922279744753
6131,0.228237955434493,2.077925698067401,-1.0932532671031134
6132,-0.3686455259126322,-0.772421889320299,-2.25510125384242
6133,-0.7544707592573732,-1.7608317306832966,-0.9908753211934458
6134,-1.6609792869879894,-2.5057232156787093,-1.5345699122091152
6135,-1.844308456873458,-2.453934046142219,-2.484951056100245
6136,-0.9313196243870576,-0.9819535103043668,2.596414471471033
6137,1.0230812214746745,2.29464897696936,0.7999822907226941
6138,0.9176881748530066,0.2351872234040429,-0.0262749673806411
6139,0.9450267133940624,1.0925986529740994,0.9724752202149968
6140,0.1383053718814994,-0.6512681471806858,-1.1535606780508971
6141,-0.797427425460529,-2.41324120646598,-0.8516978642212909
6142,-2.61513908187728,-2.599697790394357,-0.2891116641968596
6143,1.2362766320930691,1.93836597397668,2.396962005246233
6144,1.4928343339577388,-0.1343799159915804,1.7183686450515958
6145,2.579696032756665,1.4022653989075216,1.8141941432199704
6146,-1.20696062580825,-0.9140816365069282,1.7162557445037716
6147,2.564974373946883,2.645754750167545,2.912973174327089
6148,-0.5078964691822639,-0.957445091252382,-0.0847971118903879
6149,0.4223770124196295,0.9494438934584292,0.5386581995138845
6150,-3.090947472904781,-2.599204680636747,-3.04773489114452
6151,0.5142349562147513,-0.1001407169721741,-0.1327646346503637
6152,2.147728977882988,2.486470325400356,1.5011649237763085
6153,1.849536314824692,1.8895545346933047,1.692064426506692
6154,0.4294803583704132,0.1243714528120591,0.9084431792965636
6155,-1.3985816868786756,-1.885522363712284,0.0789168440320277
6156,1.203182087308859,1.1542086923323662,-1.2407632413625902
6157,-0.2780692370604197,2.0246042884889044,-0.4805819932887262
6158,-0.5229292082153818,-0.2657344885487929,-0.8035603502496809
6159,-0.2132811022615993,-0.2649829168337768,0.5475432331170815
6160,2.600403208741867,1.1406301588414842,2.787750019319147
6161,-2.862528404356388,-2.5696433941191312,-3.490681847609866
6162,-1.7424546541692552,-2.137498661821084,-1.6649782804627369
6163,-0.2594025236066275,0.131724374476148,-1.7847211449389526
6164,-0.6907583924737181,-2.0612646698731645,-1.1584031848908898
6165,-2.466803457953759,-1.7043545979451675,-1.1576989210388775
6166,1.8288224520489784,1.4714597283471609,1.6666822352104504
6167,-0.0103327616611188,0.0244175645211909,0.6514735930344469
6168,-1.1133190076541095,-1.1391934377901871,-2.169217917616673
6169,-0.7224960565887572,1.4086270365538558,-1.5409309305515442
6170,-1.259744909226506,-1.1467476952508873,-2.693650999441729
6171,0.2329582536511809,1.0988192144902764,0.7471158716733639
6172,-2.4513450958868592,-1.4408154353479865,-2.1582650078405115
6173,-1.6936055897292428,-2.366328337540676,-2.107688023037462
6174,-0.6123237393660844,1.368924225320303,0.4213168503361371
6175,1.9957345223269083,1.682642065932089,2.4042580767541275
6176,0.7859360953065542,-1.6917123917371577,0.3540343810274459
6177,-0.2594738003954392,1.2870365254898106,2.708301136885197
6178,-1.3563174985235642,-0.5310469375769451,-0.1796223685249269
6179,1.1504115459109998,-0.1358438314196595,1.353786557737894
6180,-2.44359993633178,-0.3523077123350077,-3.475626205477802
6181,0.4833029031383469,-0.1864776124759227,-0.1545954268377935
6182,0.9405729087809416,1.3034439220753071,-1.92396646461896
6183,1.5443557272440114,0.977234355151493,1.2202818234099684
6184,0.6338900388386032,-2.671842683930206,1.5186040537984662
6185,0.8010781499637822,1.1913456083037377,0.3518750097980122
6186,1.5241700738225623,2.5936173494378467,-2.4021932320580044
6187,-1.1478741895384863,-2.211657322124457,0.6508048287355545
6188,1.987942540139918,1.947054084140692,2.8485387087860783
6189,-1.135541644590895,-2.0855133578071485,-2.149189041825244
6190,-0.0350245798315699,-0.7095982446299567,-1.5316145115195765
6191,0.3609891166289188,-1.1966495113859126,0.0378865085158789
6192,-0.6876350677741822,0.3090520373413188,-0.8754902989301578
6193,-1.701176635212753,-2.2237220208959263,-1.6579947357664593
6194,-1.7300829899216927,-1.562835240096221,-1.5957086038737305
6195,1.5549107630384498,1.6465441195811072,0.8667370773389467
6196,-0.9310589156334086,-1.4009115801891725,1.9205736678790928
6197,0.3767658157072506,-1.1361107574524891,-1.9268150922809848
6198,-0.2967392977103116,-1.6198535061368828,-1.8812037440889144
6199,2.064385193253489,0.3641054899511589,2.51060359725446
6200,1.101434456913429,0.658266033098011,-0.3283789482779893
6201,1.2775455133949265,2.562795768246588,2.020972932042652
6202,-0.561897018006757,-1.0563255857937457,-0.493457838812835
6203,0.4218707659205019,-0.5810455888222869,1.7746708763937973
6204,1.6442752918614552,1.7374502968792749,1.896858083682558
6205,0.4747642012946753,0.6743140936490326,0.0651555396471689
6206,0.2955441104784317,-0.3724823015360552,0.4526688929900042
6207,1.4649672981777693,-1.3638937491651928,1.1538236217229036
6208,-1.937324517305001,-3.0320223208463686,-0.5827307761214152
6209,1.3617514238712427,0.5591055421346576,0.295377431483135
6210,-1.857964536306538,-2.502511139695594,-2.999452028937503
6211,-1.4977999448160952,-0.0789293045939762,-1.3501262117117132
6212,-0.217199482748286,0.7588033709560904,-0.3907156417064003
6213,-2.0402668324995634,-2.2547987103420817,0.6629868926240943
6214,-0.3002266881426439,-1.3807865341924042,-1.3495849202284078
6215,0.5055634887315978,0.769020988565488,-1.454548605623686
6216,-0.3646021738800049,-0.5789201568061807,-0.4322364818391862
6217,-0.3237295484545339,0.0854599874287554,0.0199147804687302
6218,0.889459738967223,1.7865078737922384,1.6101064729667809
6219,-2.690335395388657,-2.6466652766174112,-2.97290383461508
6220,1.1352136845273524,-0.3938300556157306,0.9096917289433056
6221,2.729555971714446,2.6702524161032004,3.8860462768536586
6222,0.6521936817449265,0.3105895839061615,0.397228421769646
6223,-0.0017678020694929,-1.261817276321645,-1.244760235974795
6224,1.9308919724203364,1.3088562298265027,-0.3048688999260887
6225,-2.7260987264741896,-1.898528788384236,-1.809399353838583
6226,-2.43282686519314,1.0466477859507215,-1.3252404739823485
6227,1.263014680241555,0.3094531796327855,-1.073600553789932
6228,0.2044355158165867,1.047594802451028,2.6614498205419856
6229,1.383714039730986,1.8846400697313903,-1.2144643338292451
6230,0.632849614533476,0.4588108647938869,-0.6258833220673176
6231,0.3066551786969074,1.1766457011969935,0.5842535529032157
6232,-0.2660878050866476,0.2361820541956917,-1.1631429378506688
6233,-2.400064676593857,-2.2153060283418493,-0.9904513410437707
6234,1.675565238452596,1.6667735172025793,2.2762950562261133
6235,-1.715050087174206,-1.046540324090679,-2.1124661018097903
6236,-0.2316776699571116,-0.9461174198817665,-1.0558963358608813
6237,1.0200540861438807,-0.8738914290454647,-1.1219251818868052
6238,-0.6041737998770468,-1.077896531709431,-0.1810967838421582
6239,0.8280928373446897,0.3470567176600648,1.4178261332817672
6240,-0.9342614772885518,-2.368102442314404,-0.0435181229796549
6241,0.4903369909636698,-0.0911833271201174,-0.1569964233298439
6242,-0.4948866818572742,-1.5847656062524582,-1.855704834057132
6243,0.027546896004271,-0.2983806263855599,0.6932158557766115
6244,-2.605780589723699,-3.146204736700134,-1.8823614371959827
6245,1.1626823530953894,0.8128775750859463,0.4281464863501209
6246,-0.2855327029875669,-0.210785921267005,-1.0776630502855482
6247,-0.7647878923881977,-1.0251476856262989,0.5324674228954567
6248,2.081853935191207,1.4597943376022378,2.075835059718184
6249,-1.1631493703720752,0.2446928804730436,0.152725065975207
6250,0.2175723666659865,-0.8140637245283798,-0.5846756436161336
6251,-1.2493171363000022,0.7786084386041997,2.588907701050541
6252,-0.9104434132476203,-1.1836293688748918,-1.2407802975254063
6253,-3.122163783759049,-1.4910768773224763,-2.446189475793584
6254,1.142368514283116,-1.4268541098223106,-1.029507331702428
6255,-0.931111036239876,-2.05934454031745,-0.7532131961786257
6256,-0.123507580231542,0.6670951565305856,1.7946140089768574
6257,0.7038890297204972,0.7721619786776285,0.7932809477563727
6258,1.3951294497242632,-0.4195658443228185,1.0383563204427757
6259,1.725198669058455,1.9529141765677176,0.5619179608854524
6260,-0.3086703141403197,0.8381934857998008,0.2621435805045996
6261,0.9409154214289835,1.439942328374635,1.6609123205695555
6262,-1.550752270160617,-1.4318321832469152,-0.7638105248983473
6263,0.7607410035165902,-0.173347478493374,0.7608928598380582
6264,0.2656195824964478,-0.3180975241448954,-1.3081232951676678
6265,-1.5334163416938016,-1.6325349975254295,-1.487798354581375
6266,0.8666345548805574,0.5654469792986045,0.4530972213212326
6267,-1.8106955365110828,-0.7367320332398295,-1.626012756507363
6268,-0.1655891840370118,-0.1251649340485044,-0.6414466389321085
6269,1.9002526438623533,1.5887289876374575,1.8945170401729807
6270,-0.5326658896466734,-1.8884319441921416,-2.409488265188517
6271,-0.0072440948577648,2.0868405623730246,2.5699102340281046
6272,-0.1653505256740443,-0.0291859811125891,-0.1811045790092162
6273,-0.7030013155859297,0.6683536258294489,-0.5582678672139741
6274,-0.7777995922203473,-2.322884684129717,-2.401883536031017
6275,-0.8607199370578937,1.0801887813438875,0.6934698145416391
6276,0.3522822216033785,-1.022822856496871,0.2235602604003976
6277,-0.901708969753565,-1.6786859248791617,-0.8794443813507183
6278,-1.3771320877354372,-2.647709956580305,-1.625336694506119
6279,0.9801282471998432,-1.142872654872102,-0.6408403733574303
6280,1.625888140628052,1.0800447282589278,0.8581110723663066
6281,-2.3577047421569395,-2.1411438267007985,-2.364622756201116
6282,-1.7344695195768598,1.046878025837548,1.0109437707242814
6283,-2.5082940080607106,-0.5079105592423369,-0.90406276379509
6284,-2.542664395522748,-2.067206747858488,-2.4662968912817123
6285,2.521045212532764,2.4450796888568043,2.6072288026310053
6286,-1.657192378672604,-1.1227475314193345,-1.793441687180076
6287,0.153248022177799,0.4646485551208985,1.8998137008113327
6288,-2.1602047998596365,-2.533848035178869,-2.404932735128414
6289,-1.645110483442255,-2.313125879241586,-0.8024238400781482
6290,1.4305357012151818,0.935161492195508,0.8360687514230107
6291,-0.0377933847897386,-0.3196796967583052,-0.0098084190934156
6292,1.513667790386222,1.7836663333358969,1.51066984533398
6293,-0.752583633850789,2.215691124990588,-1.2512176626825524
6294,-1.2906058616811678,-2.2015062317340086,-2.187275001220419
6295,-1.1922290415314434,-2.2575472457773422,-2.3832523323328427
6296,-1.500570031075994,-1.5451751231292703,-2.2822053189659783
6297,0.1032767134326101,1.6667337805867906,1.1179259140719595
6298,0.4867969419714767,-0.7011640955676106,0.3262782773325388
6299,1.0481264140118476,-0.3620012986223718,0.2921795420995087
6300,1.5400738597714028,1.5623043061855963,2.425563041944685
6301,0.2533346981324675,-0.4678229662964241,-0.4830334273195787
6302,1.5218071809052454,1.7150777751912618,-0.8249583053460363
6303,0.3497280192313801,-0.2649891505696027,-1.6097346242017565
6304,1.6382641789124175,0.8253148775084573,2.410973709291436
6305,-0.0390742494109074,0.0677441984075566,-2.8820612820982245
6306,-1.9416801411342304,-1.8867556342629,-1.505046892142463
6307,-1.129469892843121,0.7645181529958994,0.0106884417041476
6308,2.473403217588672,2.3495813140839306,3.4903518401040023
6309,1.3669566097976489,0.3356159201876844,0.8320305906432652
6310,-1.006751237413125,0.0724850843639763,-0.3014997436854346
6311,0.4696367168158924,1.0172607126347326,-2.0106151552329803
6312,1.5742626965038409,1.4576694560645955,1.892228665948956
6313,-2.449800821019275,-2.724911019080537,-0.2742018918626646
6314,0.4973698431182726,1.2460171254810335,1.440458824330891
6315,-2.725754627308085,-2.450698737248549,-1.898582386540928
6316,-0.3504878737718463,0.5299947417485643,2.496956612934024
6317,-2.1173964484261028,-2.877844615258628,-2.1806678030798663
6318,0.4279078387919736,-0.7326222134217774,-1.348028050767353
6319,-1.4876628213039558,-2.3020653346623967,-0.239145893754939
6320,1.506412696817136,0.3059285696986856,0.6629774148641185
6321,0.0011411054338706,1.650825016336829,-0.6830639309941974
6322,-2.013059975818111,-1.9871129971123151,-1.6040704808999788
6323,-0.6852496249668173,-1.9772147731675755,-0.6554056891126965
6324,2.26118011494777,2.439163297505219,3.2957727973231523
6325,-1.1578561416344568,-0.2535073099178513,-0.9188640631031662
6326,-1.855370085302953,-0.7309559083769718,-1.5879554134846734
6327,2.221254673180503,1.9358241911684213,2.7227195593593723
6328,0.3944285671674488,0.221794735654432,-0.1493931702211393
6329,-2.123722912643813,-1.909476358217076,-1.400447905044785
6330,2.1044394382418137,1.2723334452118784,1.1387870439078227
6331,-0.591796843248902,-0.4655834227385064,-0.2988068111005466
6332,-1.4029207093465237,-1.388131793755879,-1.9953189501889568
6333,-1.1765312836536097,1.2153627621608862,-0.7141139799365295
6334,0.7653634910515746,-0.4166518382913038,-0.2804236812231283
6335,0.6331723874660663,2.26336718262766,2.555534283540179
6336,2.2510685058504403,1.5987199560713954,2.60403823909002
6337,-0.361068478213374,-1.3863012015350449,-1.7852411576968523
6338,0.2014599862621072,-0.2543879877135368,-0.4247623109583299
6339,-0.6711520678904803,-1.614836139084774,-0.8515186810163603
6340,-1.3087153151793616,-2.21655216774748,-1.1622777218719138
6341,1.735922395342478,-0.1674869612632898,0.3504243995659322
6342,-0.6712550333350644,-0.6185141593095782,-0.9213878688536412
6343,-0.7357396390347245,-0.9928325567122008,-0.886597999213886
6344,-0.0478353882068469,0.3089937048061687,-0.0139293612814146
6345,-0.5139036583491712,-1.8019213910506628,-0.5330480095896573
6346,-1.0171433282192532,-1.357465718763636,-1.14865922192992
6347,1.2267877928285704,-0.8824123483705775,-0.4691966995005137
6348,-0.3484941462894249,-0.1562370892999623,0.0285626848683403
6349,1.8056324854971413,0.030563839189686,1.5654513043607243
6350,-0.1142600819917161,-0.0639119555694945,0.3406222077710127
6351,-1.1590592928306878,-0.972829235334327,0.247006484510067
6352,0.3179353029625052,0.55455806603694,1.50701022390756
6353,2.5492595303236665,1.40844565743916,2.841369203484885
6354,-0.0245003281273211,-0.6584446497853653,-1.654882228602646
6355,1.878894275509412,-0.9969850187678764,-2.153106009628524
6356,0.9375421553504304,-0.772590277851655,-1.1524600919100465
6357,-0.945397215818608,-0.2937901410845458,0.3969797212746196
6358,-0.6826430660368826,1.0337989991693073,1.767824309207608
6359,0.9824504194506148,0.4357913044277424,1.6945765404225095
6360,0.978554506933334,-2.040034856762293,-1.2419644699120638
6361,-1.7213305750218273,-2.1076214271352742,-2.2506690155480733
6362,-2.7560904958492145,-2.6087004653064354,-1.1624279273496871
6363,2.495000767495676,2.442907989288509,3.2562139785723727
6364,1.7945010225319349,1.6298823866675556,1.6217759162344276
6365,1.2329976387771595,0.8304993384151509,0.0722572288531236
6366,0.3859316694281683,-0.0536104130973048,0.9513743583856582
6367,1.6802170877685436,0.6589966421848412,0.4474396693998058
6368,1.0934277293839785,-0.3949012641664448,0.9607387477513784
6369,1.6570108370544336,1.6179122595166953,2.19900158272361
6370,0.0828032285663402,0.0269742068616841,2.252333267885453
6371,-1.6936065412210444,-1.570684533758842,-2.172624271506432
6372,0.5735430522575046,-0.4030155239980161,-0.8270245385482644
6373,0.2666791163237998,1.3422472140305233,1.9680467612276684
6374,-1.789330729956966,-0.8982874281806612,-1.7391782859398397
6375,2.116919156835701,1.8144817063633376,0.2231341640564856
6376,2.383884835614177,1.5019414529374906,2.156432227618585
6377,2.3136054701796245,3.1202612227349524,2.5846952182875667
6378,1.1279287361041612,-0.3655059424409634,0.1387914159259756
6379,0.7713848824223523,-0.6090862775307078,-0.6489503517803262
6380,2.7488427389756858,2.647785656385818,1.6108646098854444
6381,-1.0650465748920714,-2.817950443859265,-0.3649984410239449
6382,-0.1892691095280059,0.6513989545289266,-1.8952448823956225
6383,-1.655201689074108,-1.708582437492478,-1.0776816956841
6384,1.3777122594701403,-0.7916147604858763,0.6527077885346321
6385,-2.371912175919228,-2.5039550271419366,-0.115948090027954
6386,0.941779456331401,-0.8410208840620743,0.8696664521851925
6387,1.7864433565314823,0.4629916687931588,0.1527131718006419
6388,-1.5025942097378222,-3.2187960924089767,-2.128390834485725
6389,-0.8816849667845619,-2.5053630816379058,-0.4066772905234548
6390,2.275834991676616,2.009966035341913,3.435966969983556
6391,1.496945140981529,1.5403806704208218,2.565622926322848
6392,1.9176578889919964,-0.5168528125480576,0.2580593988821554
6393,-0.2922703919415518,-0.8684547557408315,-0.1772924856051917
6394,-0.4638481901758148,-0.2481404781946268,-0.119190259943408
6395,1.3612474773708632,2.6477078442899407,1.6172149214696985
6396,0.0048091791801558,0.3840838914678834,0.7604961716547767
6397,-0.6829209398917154,-1.233407462629747,-1.6454220729311977
6398,0.7705087485267699,1.2059774667317866,1.8328765235254671
6399,2.487830127088028,1.939629856735586,1.8823284058067609
6400,-0.6598753351675177,-1.3970217539312306,-1.4281734220552809
6401,0.3918876982471848,1.9521028227278645,-0.7447481275681278
6402,-0.45716216149833,-0.9659209825613766,-0.1886745082583339
6403,-0.4176367508558333,-0.6668044463249121,-1.9613293431230143
6404,1.3799379045154856,2.14256685328694,0.8971410595194504
6405,0.8958784534740503,0.9201190912435212,0.613599691711502
6406,-2.045630174516085,1.0862866878832709,-0.4126516331443356
6407,2.1169204254914367,2.294703556997028,1.9974961281784973
6408,-1.498740258334205,-0.6479244615434094,-1.80906422477496
6409,0.6131458325827046,-1.1645664676624925,0.2236350564751863
6410,-0.6288764906514409,-1.312093905075168,-2.6407216454073668
6411,-1.8905441155531275,-0.9261597902041528,-0.3052249831572982
6412,-2.621175805082754,-2.670671012626919,-0.4567253623939091
6413,1.5516436355455976,1.3562478991067233,2.4539989301629537
6414,-1.612623065278626,0.7876682732147414,-1.4099176829303155
6415,-2.15478996573782,-0.5334113924728356,-0.5761820276212364
6416,-2.5142276280634204,-0.50875699331152,-0.3784332008914464
6417,0.5075357869292775,0.221297199005362,-0.124439894079201
6418,-0.0870170623298984,1.4905268033443582,-0.7759257919196788
6419,0.940465388998284,-1.6521410912218837,-0.7673811034294318
6420,0.922936286466914,-0.4569493220465634,-0.3930833452693167
6421,-0.1241216866181654,2.075824680680529,2.5512458197647065
6422,-0.4967977804331708,0.59439516300928,0.2585783910767577
6423,0.3123579645404096,1.3307737648833289,-0.5118240828044285
6424,0.1432296314670799,-1.60396162711672,-1.4342626556820202
6425,0.3576709094461934,0.2478887541908363,1.5007352277269856
6426,2.0573595760203003,1.2949046235577537,0.3000139773495747
6427,1.3867030097355404,2.7587954568272,2.5365181252826985
6428,0.7815050296024129,0.9347039795411772,1.411896523284148
6429,1.4071380738234422,1.2400135418255935,1.4188052574665535
6430,0.1029213576750257,-1.9840707356467824,-3.0637010706228955
6431,0.1527966967040646,0.6253378239634819,1.2232420760671687
6432,2.570139863628493,2.432776388673743,3.2957081753828303
6433,-1.90179726178502,-2.886500644971472,-2.3837158754230945
6434,0.3831926241838724,0.0109446569356708,0.6678369370727943
6435,1.8578174937179528,-1.8079717086855,0.2615030951708902
6436,0.8559159179114771,0.0146797664423274,-0.4187087826435207
6437,-1.1168595618589805,-1.4586802751546772,-1.0011548212459933
6438,-1.3060022984990889,1.4461317629838686,2.010365671820136
6439,-0.1810506978237436,-1.2959874065347756,-0.922119424022488
6440,2.29761208357987,1.1796203131528733,1.1383822600403228
6441,0.597319120225642,2.7573995803131712,1.875433918542559
6442,-0.4591981808491073,0.2174325250807335,0.1335321418863597
6443,-1.6170840791755767,-2.224909921869457,1.014490661090214
6444,0.9535241048568288,0.5926496519818184,1.8548145898653432
6445,2.427655869316641,2.5953322314585296,2.740270090843299
6446,0.2094949970717317,1.0196814991130183,1.009087642258009
6447,2.973624653052265,3.7072901379379712,3.412493824912937
6448,1.6752608888806624,1.5358040528402166,2.1831297117849653
6449,-2.2235443352166424,0.8211574179719288,1.889172029483744
6450,-1.4927768440472908,0.0180027574790687,-3.217110143876985
6451,-0.1963929671210459,-2.12241839454752,-2.6171226571251163
6452,-0.5913148525772645,-0.5598678861495517,-0.5682461388192452
6453,2.54445211977875,3.117533694903293,2.751705636837918
6454,-0.0759943119009677,1.0915906901254655,1.1283300101504292
6455,0.7914047499409785,0.6631599075164578,-1.884961531118908
6456,-0.3656596296433496,-1.0473179826349668,-1.8660171322385708
6457,-0.6926009209392245,-0.8662883970253163,-0.1232875041361214
6458,-2.3366390788670848,-1.077760175000264,-1.0786563520456582
6459,2.082471652997824,1.0955050532672486,-1.1209942438778622
6460,-1.8499890820007503,-1.2017735261400868,-1.749719069591356
6461,1.7743006102677772,1.4285138703797604,2.470168006252476
6462,-0.5845155090363159,0.681149700459982,0.5048511641429614
6463,-2.1253586327721417,-2.292341032219469,-3.0581727678572883
6464,1.4764015724096464,-0.0612243886736605,-0.0179211470843284
6465,1.2110583079797648,1.595306280942913,1.9875490091737689
6466,-0.064249928012823,-1.8292787532546069,-1.0549645293755516
6467,-2.5270792145629737,-1.807245212346084,1.6225653071257904
6468,-1.980669503349336,-0.6114593682049395,-0.1567687845870885
6469,0.5645726999430806,0.6741693626932383,0.2992834611207607
6470,0.4297258348208583,-1.27578941474804,-0.4807176687197941
6471,-1.2135181375401245,-1.842689015932596,-2.286146954303202
6472,2.3688231134905022,-0.6075590503492845,0.3213178734928902
6473,1.808727994552353,2.574725355931024,2.919994830035698
6474,1.3934669651198837,0.5349701812271008,0.7636829060314578
6475,0.4269588884515639,-1.3387775062816891,-1.961044223937595
6476,-1.491106763971274,-0.0607660022075169,-0.3979397755042476
6477,-1.184146537115327,0.0867300186664203,-0.5096458649846181
6478,2.410315090904461,-0.4370334667618239,0.1358803421566056
6479,1.0576720997734366,0.4061327086123956,1.506407250966609
6480,1.7691074698098426,1.0223814732550054,1.4207995335568229
6481,2.3437434664704715,2.967302325739821,2.729560766133534
6482,0.5915218146997264,0.6773003241416571,-1.7150563167954278
6483,1.4472486804438462,-0.9110656332896292,-0.3944164345881684
6484,-1.2910545993922382,-1.246817128225895,-1.0734697073151445
6485,0.2731760561513348,-0.3515274515405419,-1.475712232854042
6486,1.440443673738515,1.5947331382632792,2.5478688615602314
6487,0.687598744544573,-2.0546364378542243,-0.1672286215547207
6488,-0.9773229647152716,-0.70666193682609,-1.3297370842917735
6489,-0.0564186707928236,-0.0627019405517499,-0.3672339223381719
6490,-0.5443150196321992,0.1067748897105312,-0.5878130950376287
6491,3.4765920656089206,3.7073014417221697,3.57174494938284
6492,0.1801068534356293,0.5191370093765523,0.944753857731218
6493,-1.2751418001209105,1.1366304593861665,-0.7105539413141715
6494,1.01983003908882,0.859304169359439,1.5039549421935012
6495,0.9768736004163772,0.3687731533290445,0.9297445786512322
6496,0.0826914330765249,-0.5643544164377653,0.1065347998465266
6497,0.1694031652760185,-0.2146778389824681,0.8581838812469997
6498,1.751651827941858,1.9793254128010915,1.5066891924637065
6499,0.9057252391974788,0.7899696785559265,0.0156698324270044
6500,3.1544959792885203,2.4937714652432645,3.26831282762868
6501,0.3160182717452583,-0.8186030282766927,1.814964441400152
6502,-0.5228786098257576,-2.60587051562015,-2.518869787833385
6503,-0.4383879150468353,0.5880166400517984,-2.6560113850976665
6504,2.529634857632717,2.2174770002253728,3.5188655700435936
6505,2.2801270664105457,2.4897568215547,2.209835544609198
6506,-1.5371292674784278,-2.035099690249248,-0.1344603374796675
6507,2.0547281725822115,1.274341545854372,1.2004257226418569
6508,-1.3461636437435591,-0.0787477552752676,0.2241434414234926
6509,0.9075297331717226,-0.2550457688293935,0.4986632456761746
6510,0.1556848753119438,-0.6239155985043694,-0.4803751087368469
6511,0.4918915920537848,-1.1670710077371205,-0.8225998382741706
6512,-0.3167888650771497,-0.1391947523520009,-0.133281749290691
6513,0.4303698522642666,-0.5965971732636894,2.1847891419364824
6514,-0.4626234326672545,-0.5193900274477724,0.1776936898952501
6515,-2.797990156682994,-2.7556994403249235,-2.463336756307932
6516,0.2534569560166749,0.3402461342104407,0.2046048649096849
6517,0.3111197103818371,-0.9237563010908102,-0.363077340123084
6518,-1.426087009255798,-0.8439506811727149,-2.5890492130404046
6519,1.4972432991371838,0.3708575652568906,0.1552709453810947
6520,1.0182615956845371,1.1590602043657448,0.5045551649946524
6521,-0.1306841012391482,-0.7043430040919236,-0.9281370662227686
6522,-0.9122429009527172,-2.059070594584714,-3.024021114686495
6523,-3.139378806945456,-2.791095285706694,-1.8835330033248263
6524,0.4531435649335678,2.1330039633870106,1.4838790141335236
6525,-1.4571741137247065,-1.4091490898452783,-1.431695950562588
6526,1.966242118772009,2.301263040600587,2.7561128311055456
6527,2.5257792014098523,2.0075676509077502,2.977230407689031
6528,-2.960367375547226,-0.8322725677782472,-2.618469295408028
6529,-0.8492533726070615,-1.1904736931380566,-1.4232766291864631
6530,0.2988286952106287,-0.3661314465877079,-0.3584181463016786
6531,1.687535328378884,1.0473163390099265,0.3174178355585593
6532,1.2607951499768677,0.2756920506363056,1.106809690978833
6533,2.0230538141122514,1.9705421651464208,3.049833173470226
6534,0.938446343069014,0.120712431665563,1.180879643609006
6535,1.8300371895923444,0.6601111935352623,0.160458235874673
6536,1.2831069458202076,2.320706469189726,0.6688477813683918
6537,-0.6917014428741765,2.419501922757944,3.2533302330825817
6538,-0.0800271606531581,0.2395968453898323,0.1725525977893798
6539,0.8033563913614957,-1.3897422271326478,-0.4248826092594837
6540,1.6698205597372784,-0.4019438942977051,0.7110626456020939
6541,0.2045553583726591,0.3583061210697591,-0.1830962652739893
6542,-0.4056024577888623,0.7235499151950808,0.1520503916083618
6543,2.0094877689320687,0.9162259891019816,1.3814158234114684
6544,0.7899801898166048,1.0399591536442157,1.6956872735335684
6545,-2.3288700571989094,-2.600080138906302,-1.6668310987054007
6546,-1.540873076665664,0.8526463298427516,1.553188088028146
6547,-1.3198522040740246,-1.278326253563853,-0.5076561954003533
6548,0.2360285181557982,0.3375588566762978,0.0612381932953988
6549,2.250080741803897,1.80082383421131,2.404853230997738
6550,0.5818660483841129,-0.2470180012738736,0.0173740582814667
6551,-1.5808974582835438,-2.59904639695668,-1.3460550213103208
6552,1.2559999655159375,0.6559485776703895,0.7837277592005198
6553,2.235914027938286,2.19122933679673,2.927206796628127
6554,0.9384804279473858,0.1937782763593829,0.5872884429904093
6555,0.9491780074708752,-2.365502108845988,-1.5065095331726617
6556,2.7169676680623684,2.810078215804876,2.348743780052471
6557,-1.3932573129354144,0.2728242409713926,-1.3362779562470186
6558,2.706009577837023,3.313451049500977,3.037760245499291
6559,1.4547190282882638,0.3113265449789703,0.4688103361506593
6560,0.9399944911166552,0.4831466127547504,-0.41956807020597
6561,-1.4121472687512364,-2.0341510193328864,-2.4844582406340088
6562,0.9373799050056772,0.3496820337897308,-0.2250348524049138
6563,-2.399712622266953,-3.091448384705995,-1.897239628386675
6564,-0.094467329658692,0.766125842295647,2.2753343062236664
6565,-2.7552290700609934,-2.558451029256103,-2.554236900480443
6566,-1.5549826913805065,0.0042635845908557,0.8605821201681193
6567,-1.3363704500508258,-1.7345036432372458,-2.081428394622204
6568,0.1291262502640461,-0.8172093855081326,0.0744573531079547
6569,2.22598017926387,2.678342084997426,2.499023290445213
6570,1.6950414715436426,2.505332107274975,1.7985995771669745
6571,0.0865025133897081,1.0276228800679026,-0.4656936163687191
6572,1.5110479054325987,2.391852259879754,2.132881341094683
6573,-0.7619949252922477,-2.1374917014638166,-1.8950782001771176
6574,1.1773823226035347,-0.1442468439315228,-3.4022407815742595
6575,-0.2771816139299248,-0.4666777172481237,-0.8252180238899056
6576,0.4663724028175507,1.2262090864601138,1.122551275162467
6577,-1.881379325024385,-0.6961513839175448,-2.263223498631713
6578,-0.8692766757721704,0.8575695294965373,-0.8037850055733025
6579,2.042602403206772,2.0622188005197057,2.239746954177582
6580,-1.1487566386709802,-1.5071669032041888,-2.5811697840466814
6581,-1.2870044054410077,-2.147003459763727,1.4279882419738317
6582,-0.3003264710891238,-1.233728668507141,-2.343401066949023
6583,0.4802993322640698,0.8486179833565184,0.8618045473469069
6584,-0.686923346451325,-0.6938927935353256,-0.2799448181501349
6585,-1.0756094567316927,-1.5916591239471911,-1.437233663516569
6586,-1.2903166351069475,-1.0703022409312457,-1.8789614379959616
6587,-0.7715918638070544,-0.8028733478058656,-0.7978482444560342
6588,0.3837540133213434,0.196537306342923,0.7772495294683817
6589,-1.704742458627005,-2.48738259322148,-2.106350102506799
6590,0.1986349046289469,-0.9862238223924144,-0.7457958018529258
6591,0.940403818815214,0.2198673611690579,-2.2075486331666427
6592,-0.2074265406546496,0.4598132766178995,0.6147070141886417
6593,-1.168334676994958,-0.8937098555857086,-3.084032255181251
6594,-1.534214033328915,-0.2730447105269475,1.47862548881888
6595,-2.608669465891787,-2.66490128357201,-3.0106283810428427
6596,1.3632212976043212,-2.2450114740633413,-1.459337306066839
6597,-1.1909243467728454,-0.8199934514158669,-0.6531247053236484
6598,1.482271270667016,1.138562957409603,1.438119579577193
6599,1.2280520797331462,-1.4108754023793395,-1.518161277756974
6600,-1.4351978101253584,-1.2991440908891625,-2.201620196884005
6601,-0.4323106165930093,0.3378890980460475,1.8501958540409955
6602,2.024805740624676,1.6237400107066264,-0.8782233237144774
6603,1.7350634079812417,0.8276895922655794,-0.010297969757689
6604,-0.8860537763011243,1.3285497601531353,-1.0730284527412035
6605,2.476881548001547,1.611750328177215,2.2569627512324804
6606,-2.6435338928477403,-2.571071003188492,-1.4257079090328562
6607,2.536164773137512,2.156305391764012,2.004702862911492
6608,2.184190747887863,2.927348466051967,2.8982548132408925
6609,-0.0380553442667173,-2.1203404524659097,-0.9822920453135492
6610,0.2132295137220786,1.6093562641885772,0.3706074431168796
6611,-0.587226939561957,0.7767251345066043,1.1767194301975836
6612,3.470617518877346,3.613694541896516,3.26564557657599
6613,-1.0081260811928925,-0.376989882644194,-0.2022543412327981
6614,2.390363522528443,2.367671407778472,3.24967419188782
6615,-2.2031130804184933,-1.980061994014409,-1.8914919649407844
6616,-1.7231307671610727,-1.0845693132489678,-1.1526650897127415
6617,1.821565739508108,2.176581819313689,2.652653414563393
6618,2.0919876288973893,2.014927617613093,2.707452729855927
6619,-1.4982572744536773,-0.5386730182424266,-0.5247406380077919
6620,-0.3820620177339384,0.857578134762297,-2.950015933611305
6621,2.219449143925644,1.0481285322021263,2.3189180691754547
6622,-2.735297572097384,-2.969708364812729,-2.5685741089173915
6623,2.4405338355199007,3.084093804612837,2.8638753291373087
6624,0.5075343616935583,-1.2427843060962065,0.1037624496822361
6625,-4.043587778007858,-1.2000573318621637,-3.39214776333152
6626,-1.5034926031826847,-1.5642910051629253,-1.8504104363822764
6627,0.4392560136312338,0.6308098413106411,-0.1625742196856189
6628,-1.036441222865319,1.247577387846507,1.5886853972993644
6629,-0.285438003122976,-1.3613502613610855,-0.0602320598708955
6630,-1.5101769137979308,0.3553521905627335,-0.1025862153978589
6631,0.7041712262419868,-3.545649763517511,0.1430063165958093
6632,-2.921818643816916,-0.2243599450282158,0.5980109166289118
6633,-2.0118805667901425,0.5566920361210428,-0.4729963314146891
6634,-0.2737462276161462,-0.136390974240552,0.2908744972480678
6635,-0.883615465185841,-0.4750615143495137,-0.0103668081693267
6636,-1.6975140074520834,-0.1772906244735531,-0.2286885128961709
6637,1.3426766711275837,1.9793159266813565,1.241310317903997
6638,2.6724029415184973,2.9297061339400767,2.163501541618509
6639,-2.4257558242083093,0.8171236345282543,-1.6178618468593495
6640,-0.8945383872783071,-1.9815780385977613,0.7423946454816621
6641,-0.167461864186084,0.3098948777289597,0.6956102306774288
6642,-1.2466582798272805,0.3827254029439991,0.2310307509154601
6643,-1.6832902341372973,-2.058142639692723,-2.0210978679475566
6644,-1.317235289935172,-2.527805963380433,-1.32522877717953
6645,0.0714192878153749,1.5262890180142263,-1.4916616579992965
6646,1.3799380102367969,2.5206845287144355,2.462566219674218
6647,2.4852750334516704,2.5477556609225083,3.084013061669905
6648,-0.0686749026850214,-1.1734652079205046,-1.8865973723677123
6649,1.2858375159684143,1.0280433372050182,1.4098172606609305
6650,-2.0532038378145097,-0.9095832690021036,-1.1605989411426896
6651,-0.045770946238156,0.1427244789210248,-1.1490431210130905
6652,0.3057407157845487,0.8388676850687641,0.0767474028783481
6653,1.277617621426003,1.2991851852480156,1.2166244044258565
6654,2.3456456603992506,2.845852557577241,2.8336355189160063
6655,-0.2164248646025272,0.3566114526791396,1.7423699295671693
6656,2.3604386824816483,1.4978320162709986,2.7582630162555946
6657,-0.9267372043624108,-2.1177183174653686,-2.099276408161745
6658,-1.6165902574849047,-2.521917175721001,-1.624248044810901
6659,-0.7530949679801423,-2.01680429814289,0.4132399324885738
6660,1.5039884367115608,0.1593844525265374,2.2007819287604726
6661,-2.5301223362154333,-2.651299543031771,-2.3826241796635976
6662,0.3332249793601393,1.2654443739879593,1.9922226072564533
6663,0.8292239430701076,-1.170328698236505,-0.7235493409876409
6664,-1.380170794173767,-0.9668711682505218,-0.4547811778015454
6665,1.1276303732699828,-0.7135215593871657,-1.159268482944664
6666,-1.329406126960482,-1.903821088681384,-1.7828113541289456
6667,-0.7525843218759805,0.8542581681320315,-0.861551605419135
6668,3.0017437274940484,3.695154342646828,3.050017309489168
6669,0.0890227259342167,2.250929205166063,1.451901834130665
6670,2.620323029706164,2.684716257658565,2.8197402601088504
6671,0.4287326227026838,0.6823453351638094,2.6310551762838017
6672,1.531248876126788,1.195339225687905,0.8313825996652802
6673,-0.0167434580736887,-0.7227597552758763,-0.744266068502186
6674,0.937849340330949,0.4078740868841406,-0.2625109444780864
6675,3.094009346295088,1.0288168058527418,2.851534781634008
6676,0.1383219037602732,-1.1515406250050686,-0.6207463717122946
6677,-2.3644714699358063,-1.8092619640597425,-1.996214608091456
6678,-1.3202457289489986,-3.6227355947591406,-3.1334728066844213
6679,-1.8780118084195951,-2.60845182431608,0.4348094902669262
6680,0.2761459547796218,0.7701262745039548,0.1633868833664288
6681,1.4363198381116764,2.0224122077278026,2.1347572086126503
6682,0.9200925946357488,0.4577941142731552,0.3472581166965469
6683,-1.157953741776509,-0.957869944006265,-0.601479954792203
6684,-2.4029557315724817,-3.132426362130816,-3.3917667423296964
6685,-1.5317179324997092,-0.1988434996456501,-0.387499967539226
6686,1.73592091309733,0.9372365828699992,1.1640001999215668
6687,0.2889532009323147,-2.2813125271949977,-1.831270435679742
6688,1.2425437576295109,-0.3177616224590206,-0.8328409181014009
6689,1.4318192716201736,1.0665530160157144,1.225298474462665
6690,-0.5427485348184029,-0.8448679689446024,-1.4060645978375803
6691,-0.4310683429498982,1.025701707018709,-0.5762130067772151
6692,-1.038388850201022,-1.8023157071023288,-1.5435920070735012
6693,1.3047004875631656,1.366318302823399,0.336927436752112
6694,0.7118485794277272,-1.886367576980686,0.5683920348606734
6695,-1.5160726680900076,-1.1980526571948111,-2.0160933885801944
6696,-0.5403384279296394,0.4571293253537897,-1.8369526669096945
6697,1.1063444602869728,-1.018775243004126,0.6934616601037755
6698,1.1339624594081952,1.1017182032918915,-1.0221602736291848
6699,-0.6888219469641782,-0.5694515298292848,-0.7788952197159603
6700,2.581481895454405,2.8174856156636428,3.112473519767476
6701,-1.207658502835083,-1.7936056176218236,-3.14975242116114
6702,2.193412148549533,3.005310745796966,2.727619051088419
6703,-0.522979589793481,0.2544890607865556,-0.7206589438688333
6704,2.137253353702072,2.584240040568725,1.6455284674066435
6705,1.9792725468433825,0.4553629504545601,-0.3377142708360763
6706,0.63330616540204,0.8813216891853766,2.2068438614212385
6707,-0.7956139845345889,-1.9732402418712,-1.7879027432500336
6708,1.067156224710201,0.8876781228382219,0.8138325502160977
6709,2.638124506603578,3.218812876526246,3.566142860451905
6710,1.31229030727307,1.007930567198526,1.2986550733318518
6711,0.168974662948147,1.0319311860283569,-1.05385984274916
6712,1.6849194086920316,2.0737341222411985,1.415070781424817
6713,-0.5162984826471985,0.8538450580386975,1.0591623784176154
6714,-0.1563687700032825,1.0960509257306712,-0.3779139339201698
6715,-0.3713521517368752,1.7094847414910483,1.4185126396199252
6716,-2.44327863119124,1.335719356512388,-1.825242305916803
6717,0.0284603603249236,0.3575781796063054,-0.4047577652457861
6718,0.2886566730427909,0.6214848765437166,-0.9238327733957749
6719,0.5342699109809167,0.0120474453490945,-0.4408190398594726
6720,-1.929757658047751,-0.639253935655977,-0.4957008956880431
6721,-2.081369318937812,-1.008197233539131,-2.096606970230388
6722,-1.272496629983018,-1.2256645340255252,-0.632074603443951
6723,-1.3439345588384548,-1.7062954118843043,-0.5578195018205471
6724,1.010901919202729,2.0658846291923565,1.5219278182834857
6725,2.410061844453732,2.523968736093184,2.759515073853207
6726,-0.5442421039430746,-0.9247997078588664,-1.5140083461382077
6727,-1.096515364505697,-0.8638150229467476,-1.5057635032174286
6728,-0.8418651029813145,-0.3375957734076795,-0.8174295383851804
6729,1.2643469802064724,1.1228145282387825,2.642840819005132
6730,1.2012004867415145,1.7561078439759426,1.0386684360812628
6731,0.5045015170924957,0.4045678527346664,-1.2074833610938334
6732,1.0651611232792382,0.0502051614097407,-0.1012247525978644
6733,-0.1070808008444017,-1.4030946322696758,-0.9649307418339376
6734,-1.3984702874364348,-1.5076002362072976,-2.6378997035956617
6735,1.554914498082823,0.5923517621373277,0.33671486762763
6736,-1.5417810226541488,-3.0235655129937515,-3.1669228781588914
6737,0.9796488815418264,0.855139813385824,2.078658814829645
6738,-2.606765254763573,1.69698519853174,1.5425708961757405
6739,-1.493395209616623,-1.63298329067118,-0.786861118233296
6740,1.93946871399634,2.246817320864712,2.7129961495727426
6741,-2.180875853528935,-2.948052101006299,-2.107462888535695
6742,-0.3679940835708813,1.5128691275716646,-2.3804116040244545
6743,0.5022886391054124,0.4036005564178411,0.9745306083319194
6744,1.1674574371303457,1.24282230377375,1.6654943247637233
6745,-0.1454476838109252,0.8955285501510377,-0.8225247437611503
6746,-1.914157783434917,-1.083206272894036,0.8552472926156958
6747,-1.1288083074658986,-2.1782672162438765,-0.8510581142005116
6748,-1.0120883133132637,0.7342997073102331,-1.4325789350074214
6749,0.541815333486109,1.563080848074648,-0.9458271622109732
6750,0.5662129285877361,0.3344321116716043,0.3266465814640182
6751,0.6748310469119262,1.2588643760683775,0.2492415147363927
6752,2.4438204329992668,2.6753159222515404,2.749035946349296
6753,2.412805982796932,2.840175425657385,2.89829958526902
6754,2.859498589130242,1.973456964197394,1.3759031946522984
6755,1.037410159400803,-0.2094371567710384,-0.4215116138492839
6756,-2.082626817800494,1.155902506769075,1.6068959276078092
6757,-1.243220657066614,-1.1948787371819185,-2.058580741164997
6758,1.9178413036184807,1.2642936419607704,2.727539069989628
6759,-1.1328885451116968,-1.034095025137386,-0.1459135382673985
6760,-0.3375795688631338,-0.777011626994637,1.2051225445491898
6761,0.6619858453681182,-1.0692062720996591,-0.9378335045548274
6762,1.0918366739076806,1.7039404546808994,0.6832600020316075
6763,0.9407424893296692,-0.6816584580783501,0.5957613319736514
6764,-0.3083710065902982,-0.2956279384908082,-0.6486144509452815
6765,2.0411687127940112,2.191783868253248,1.505207034480094
6766,-1.4984853286793982,-1.3790438010834367,-2.274887726361044
6767,1.415805016846996,0.2395347402964167,0.9067744507676896
6768,1.879808879965596,1.0933835553121818,3.29167544203894
