item_id,cn_ftllm_output,de_ftllm_output,es_ftllm_output
1,-2.0303498832586637,-2.595231551975767,-2.257375936636864
2,-1.6447823121472986,-2.642283529149558,-2.802974416729485
3,1.716828064364347,1.9559573691223289,2.4846494663931527
4,0.7760314787660169,0.6811752764191348,1.3313860094310803
5,-2.8056923828388878,-2.981611486096735,-3.183156068683136
6,0.2923092790986537,-0.0488173631471726,0.0135731621569451
7,3.139533397225977,2.696427632087208,2.8058507697230786
8,0.5820729757501247,1.8641350550381928,0.1550213680812127
9,0.0700203864642083,-0.9609281876047534,-0.7851567160222849
10,-1.5068402734960342,-1.9385625333411345,-0.9002410501878985
11,2.004400761863104,-1.855155495198012,0.699622930447143
12,-0.4883318856167602,-0.2517932304746706,-1.2593594683927278
13,-0.4772193509848936,-1.8248347034169037,-1.0871357150394636
14,0.1374175870046941,-0.7427052962605402,-0.5147254030131008
15,-1.630412625677823,-1.216712071779238,-2.255677915624334
16,2.5499089244388573,1.5842504802703743,2.580342238723143
17,-0.4789468075028724,-0.7774521156231421,-0.9918837379697196
18,2.884853986933718,2.796240140257054,3.0348174592084853
19,0.3698568168106635,0.5330168901735287,0.5330232868994297
20,0.9635692570689866,-0.9190465229898114,0.2162422872880022
21,-1.0704553666555063,2.4362590313579124,2.6106551018382014
22,2.9645420365164408,2.68392947883185,2.3490828493210025
23,-1.8485108905324947,-2.988776722871005,-2.4713268227352674
24,-0.0642831675493467,-0.7291163335229516,1.5694163300411976
25,0.0005666183371109,-1.9798771867744691,-1.316918851607394
26,1.2409161604033931,-0.913275637385308,0.172084537855867
27,-1.6071019340183674,-2.704220029735938,-0.3344444715235952
28,-0.0655837206294286,-0.0651256333323716,-0.0008327833302812
29,-1.0599702757943512,-1.0217193877245356,0.3447583801034775
30,-0.7368559609183876,-0.0986531294996686,0.2599691945702275
31,-1.237652632881569,-1.1799045314000849,-2.29817316439346
32,2.566398524487086,2.434465342032124,2.542766886766912
33,-1.390397795236792,-1.5398561307423648,-0.5872204464131388
34,-1.527610295078481,-1.05077110110567,-1.489566004698197
35,0.0021356076346564,-1.0249776429642148,-0.4857963642141492
36,-0.1068548643692941,0.0953068924875623,0.5605359977542241
37,1.619398032525551,-0.4394146999312781,-0.0561946735582933
38,0.099162725743545,-0.574681990578754,-0.6687502370925203
39,-2.1665660400286977,-2.7777882501699365,-2.4719069023956792
40,3.280121435038822,2.971234454020733,3.4132459340209627
41,-1.285928276625372,-1.8816945029448555,-1.7172622861315578
42,0.440199760207567,-0.0493580756398563,0.2020391051775101
43,0.758051409400883,-0.6971703139593257,0.1619340810111585
44,1.0584477761763291,1.60892524050767,1.535890056342111
45,1.2415101335294945,3.116518053879646,0.0764908566524426
46,2.0585261470617824,0.2464979039373073,1.3285172921351789
47,-2.574567358654395,-2.232633084889056,-0.2048530079936615
48,-1.1342054878100838,-2.0565220619990634,-1.7994473225382297
49,-0.401401343474889,-0.7404698905954983,-0.8027250558444048
50,0.4091419616444195,-1.638494823837383,-2.1445652368800614
51,-1.988231656650349,-0.6364430225659989,-2.369960539275056
52,-0.5514380799151115,-0.2407545133622515,0.242804927467041
53,1.4928028732408285,0.2493732266291774,1.2401490702136175
54,-1.2411532330199029,-1.8189091924541108,-1.5225074197980657
55,-0.8003309900303461,-0.2701842365446711,-0.2527151038682937
56,-0.9160036177694488,0.133251544089944,-1.353252138162282
57,2.3585908185076705,1.6663013065692978,1.3218667760447804
58,3.035617060917062,2.5067423897693897,2.5077315941151936
59,-0.6457540140228376,1.150155056626361,1.904876858515088
60,1.0190452904087193,-0.8660184968999617,0.4353997322034356
61,-2.377283438532265,-2.330982205564535,-1.5226476764302217
62,1.1046067153337076,-0.3245308918315764,0.5009962483555852
63,1.1790364240890714,-0.9888140181774352,-1.4407274201554747
64,3.1437601098538184,2.8294156124401155,3.2203454165554803
65,0.3245553594065021,-0.1800638644127608,-0.6283617447190005
66,0.9728758867955816,-0.6841481984766599,1.063039991594305
67,0.2817271311173218,0.7005748782937761,0.3587164867044127
68,0.1113203826853766,-0.6025558917026316,-1.3447013298621413
69,0.881347032491528,0.2585354532714047,3.3074351024755853
70,-0.4265833186569212,-2.012489406239464,-0.469562639382051
71,-1.6300769093447516,1.4491674415359437,1.599410578038438
72,1.8353872037072805,-0.0502693014688073,0.4492838073586899
73,-1.085268366203052,-1.176173722371192,-2.062600699416223
74,2.880467134501852,2.0604984166135094,0.4326488856888253
75,-1.232399003076886,-1.9692605871545923,-2.363607271894106
76,-1.149451095743708,-0.9595267657113524,-1.3538627483311367
77,-2.3436928395924066,-3.30018480823219,-1.848528898762084
78,2.297273892327829,2.818973348416447,2.9354627951576413
79,0.7839725973161652,0.947520732481282,1.0243388542697431
80,-0.805108934113437,-1.825076306138752,-1.293205521137228
81,-0.672129869009108,-1.131140817355971,0.0855172020145533
82,0.0854367194351542,-3.0816100543531246,-2.7333221042436966
83,0.5244657225915589,-0.1362705620296294,1.675412462493084
84,-1.3542491500786151,-1.3544128937820992,-1.7589762389508057
85,-0.1929458146889316,0.0187086669344457,-0.2385073833527897
86,-1.1596771071799503,0.2569715297241792,0.9457651482244516
87,0.2184092374159015,-0.5226660581468052,1.7720258567898022
88,1.251225270675746,-0.5262411667760712,-0.2517900886861758
89,-0.817444318768218,-1.4902577484740591,-1.12536143966821
90,1.870630544220767,1.6255712722092912,2.14961767312734
91,0.1479687287101225,-0.2870414750054653,0.4502104145657068
92,0.0856321440430583,0.2574062280576983,-0.9119669203868608
93,1.8374632883789088,1.884800759750162,2.162370221451848
94,2.111969942828244,1.9455117308633316,3.1469712832580297
95,-2.51273084856171,-2.912235320901752,-2.7641613569486028
96,-1.8038868553896732,-1.5885197591828424,-3.0819899429406488
97,3.307928122483016,3.188732485650212,3.883165596552139
98,-0.1154214508353986,-1.2363770261388751,-1.0809637599682496
99,0.9635227031193738,2.154481597009479,-0.6164007180525385
100,2.6495169741755324,2.3510165375816463,2.781659216913767
101,0.0705472762544428,2.1113719037228016,2.570161963758161
102,-2.049433313936979,-2.6423756342970828,-2.764199384274927
103,2.876297379461012,2.688766854347759,3.106095524714059
104,2.3953860093312405,1.7376708621819363,1.7744599948597022
105,1.7952565148509003,1.324177567387942,-0.3470424589364322
106,2.313299603135519,2.1199416371938065,1.7854070988089743
107,1.5994067617248826,0.2057385739451699,2.022473503166667
108,0.0025329345046849,-1.7171911293356734,-0.7796001409449
109,-1.7995991660409,-2.145007277874168,-2.407387316329218
110,-0.6663564018188791,-1.7166705922396028,-1.7168363864361404
111,1.805481082355608,-0.5157836501721522,-0.0327778980859652
112,-2.148245016391753,-2.279038142390959,-2.7612409114717584
113,-1.6204544256194406,-1.4510941825052197,-1.9011410518722596
114,-0.2780511897073485,-0.662814640621659,-1.238830602945855
115,0.0813081815658005,1.0482968530745966,-0.2191748784985634
116,-1.4494010812238527,-0.8914484413794835,-0.9527113068277802
117,-0.7378728845016634,-2.448800659836139,-2.3705213189123744
118,-0.5702871967545854,-0.7136144925890777,-0.4783994239395144
119,-0.4197315745203934,-0.5236741812611845,-0.3148162550472348
120,-0.0795982316954707,-1.325424386811315,-2.761875701634762
121,1.8004838242022632,0.877544902573784,0.9636630164865906
122,0.5823791992452597,-1.06152467866168,-0.1800523060899493
123,1.1312686662782756,2.586805975437394,1.434390079632075
124,0.4342134203187444,-0.4821986466559459,-0.4254269335249027
125,2.971928012413376,1.6919725285947536,2.436567397362524
126,1.3245374934601302,0.4395022990903785,1.1522308171766176
127,-0.6840598355702633,-1.1456756511039594,-1.0101675280755604
128,-0.9694668788070092,-0.4674626689950392,-1.067839461135668
129,-2.1007702040961664,-1.4224682140084897,-1.2954812736646797
130,-2.2560325942653834,-2.739937336769258,0.0491365944259349
131,-0.2402071785546661,-0.830568116343503,-1.110099337299674
132,0.8706624803232401,-1.1259335208918746,-1.60309423833791
133,0.4369493642115523,1.45257493250167,0.1320119577432493
134,1.4134139154801897,1.1516552840359802,0.2493839372478742
135,1.9031316109036849,1.048514697128891,1.7868246821617113
136,-1.14802438169415,-2.457258045934127,0.8764309972354157
137,-1.8255378233072248,-1.5024724238706129,-1.6851957928207484
138,-1.1158789180052966,1.4617330637198949,-0.6343166235144749
139,-0.5811105947175788,-1.1502173399497415,-1.0809839261050929
140,-1.467971358454468,-1.1486986856743129,-0.7697968291507222
141,1.3718868404809517,2.125050509713157,2.1020799057026047
142,2.9386225056541333,3.3085303844659686,1.44810805674494
143,-0.10149265368788,-0.3386774752740946,-0.6506552444812111
144,1.3233863300063529,-0.5865989590875895,1.3255222850029158
145,-2.161383682400785,-0.4309178777780428,-0.4062338898037427
146,-1.5276657333696224,1.6770865986306054,-1.2773386311185493
147,0.6178887678855719,0.7039546418701872,-0.8458686894299625
148,-1.2075635003643588,1.2123343736213508,2.463275958574348
149,0.9634896533688856,-1.2087806551538502,0.532213745699295
150,1.620027803593895,0.1479804264264692,-0.2513204103205785
151,0.7039061925943817,0.4503026932597228,0.0805794878735809
152,0.8819618763832332,-2.4297034833851328,-2.67904018284706
153,0.9727957442109192,0.0547292230515915,0.5224619194554069
154,-2.288105191656871,-0.0481360526097751,-0.4915485927120698
155,1.718639002782301,0.7582719110704785,-0.391459881532653
156,-1.7300618130710177,-0.9433349504647628,-1.900476158593723
157,-0.3429745966508833,1.4968754158108777,-0.0036361347910824
158,-3.3526874062515133,-3.480917118043615,-2.5452644026473443
159,-1.214720133610794,-1.815264306745832,-0.7939403054816094
160,-0.1856296313689539,-0.192804418643329,-1.121797678758106
161,0.2497468944964486,-2.143537612331546,-0.8985127625934749
162,-2.448014042770376,-2.4480359488185965,-3.0320894723341376
163,0.6177295604853699,-0.1526050108667822,0.7038737943622722
164,0.0183287132617164,-0.6099101735050143,-0.8272803370222166
165,0.9313509639441632,-1.798948210523757,-1.0583780477771827
166,0.9315225228902329,1.1763305671171078,1.6339601357281253
167,-2.409743436063647,-1.9447676810215195,-1.6878094247109878
168,2.1555934370453325,1.862097815655141,2.241189772297707
169,-0.746539367909603,1.142865744782663,0.1686434635951414
170,2.773852009274901,1.6828077673373896,2.6246011736512327
171,-2.9829859023195877,-3.16490542135453,-2.8037495321666985
172,1.2897219635713646,1.949338952738824,2.1444837513420265
173,-0.4785030741360981,0.0062507651487105,2.0774637620861527
174,1.679917812093715,1.2930512205263862,2.0909015325027163
175,1.4120499938116795,2.138488724816256,2.5864422332692616
176,-0.9010283445912936,-1.716835579371206,-1.7173740069774863
177,-0.9082654111536522,-1.082791646749827,-1.5644526114395236
178,-1.021543749716786,-1.567154025393108,-1.34482977535243
179,-1.1698620844701575,-1.8248792460036536,-0.9975865173927811
180,0.790656693937232,-1.0456012435409232,-0.535057996940585
181,-1.6842108419561468,-1.9809848046580791,-0.5849018998295299
182,-1.2758781050805563,-1.5599069411868245,-1.6856057711846577
183,1.0657628120562432,2.302468796095036,2.3658866251205373
184,-2.545448169968596,-1.681420633688234,0.5239768771359851
185,2.512221110454368,1.097460838166237,2.685164749361548
186,2.76804606880018,2.767964332858112,3.188481302935921
187,-2.029704449228616,0.9727736811481774,-2.1210054576874358
188,-2.556915144720509,-3.108593865128048,-2.0963802706601458
189,-0.6708591255526148,-1.4155738916227314,-1.4895477621835906
190,-2.2046077808083284,1.6791754850109355,2.212262037494129
191,-1.493001769251248,-3.07662654367778,-2.768422280603604
192,-0.8748434145159801,-0.5332623205778706,-0.7823482553022976
193,2.685253295914358,2.279524459109062,2.3096662591015837
194,0.3588174103089817,-0.5819847094114501,-2.302236463960318
195,-0.1590353001699355,-1.4333567880846392,-1.2709777209162665
196,2.284325182336789,1.707596375104748,1.8484326154349997
197,2.29496783180201,-1.4261706797838083,0.2814097509782858
198,-2.4681413391399403,-3.344549967938676,-2.0025996984007133
199,-0.0309644390955541,1.284951433890526,1.854382125097377
200,-1.1225083683010413,-1.5271545875869796,-0.0458973762312639
201,0.7765475639089852,1.195728708314782,1.0583458555338603
202,0.002508476893243,0.3454332819152824,0.6122336401451336
203,-2.063270587271928,-1.85994125799378,-1.4026468899894335
204,-0.898615419873121,-0.6973349332980522,-2.1683857060358043
205,1.1685560898034768,0.5234426576040597,2.5138944939969643
206,-1.2124554083335852,1.2308585754747725,2.032289085313863
207,-1.3564919238606867,-1.6394823254321993,-0.5848530470443556
208,0.0661851106008877,-0.8358253744274736,-0.5886769133802396
209,2.1349264295059727,0.3592295125430594,-0.8563605402594765
210,0.6118684375752351,0.6118078036875124,0.433938294053203
211,3.1552863136511906,2.748193229634486,3.153633134322936
212,-0.3345459401994632,-0.2418930622935628,-0.1608462498383512
213,-2.284463673589239,-2.877540324244929,-0.5678083661476768
214,-0.4157781121966558,-0.1088744694287612,0.2036090113513895
215,2.1143154740719563,-0.5172984927978911,1.153866942353672
216,-1.313483708660647,-2.3232998309958006,-1.2683684231806645
217,0.2184915360329331,0.8772836437038839,1.2114197602753982
218,-0.1962706773436996,-1.3403220798748905,-0.6500264705610783
219,0.0157158497576568,-1.1591361848157404,-0.296154361662599
220,-0.6669579524088124,-2.09647188194629,-2.237633268151949
221,-0.4881621778658815,1.5918761682773586,-0.1999049194087023
222,-1.6726143750511897,-1.848412381938848,0.3544984167025214
223,-1.8412709262772025,-1.9693732303604456,-0.845894510658096
224,1.3911722903272126,0.7581262934973025,0.0054315365927309
225,0.5327073004857101,-0.8192573620188038,0.5326971723363669
226,1.065677899079637,0.6910715419821816,0.3508303430768443
227,-0.95875834504617,0.0105890599096678,0.7906042763222102
228,-1.6887607600019277,-2.119184718547817,0.5327719784920423
229,-0.2916257722842298,-1.1203958532286178,-0.5549154357416874
230,0.7765901594530819,0.329712373686535,0.3300688798708224
231,2.888181885934454,1.0995007380943345,1.7128846900557648
232,0.963556522846128,-1.308698816763861,-1.6057787594199615
233,-1.086621551417693,-1.414973310135362,-0.883882536133273
234,1.2592998333401098,0.0028534195823881,0.4344223157223118
235,1.829013716404683,2.449947609725678,0.7908421428182923
236,1.659487923247359,2.306989514397636,2.889709859905064
237,-0.4268710602115222,-0.9801269632920432,-2.3314441942148574
238,-1.483619540017988,-1.5218435466368838,-2.237548323994446
239,-0.7709019792999012,1.9306604952264053,0.6702656305864849
240,-1.2415916584607352,1.0580158943987927,1.4951914338092172
241,1.9547910954484229,-0.0518378319657759,-1.1079681364965737
242,-0.7594301006724059,-1.446646113880702,-1.5625840239218032
243,1.288766956085926,-0.6947366818463154,0.4501967030652802
244,-0.2958545937300075,-0.4915238942426187,-0.8237584655821808
245,1.6652551054459426,2.1746203838342844,0.2035803293698251
246,-0.6410721422849093,1.097872601605352,0.002486730316204
247,-0.2477092434117034,-0.7667882622113277,-0.6864877775757827
248,2.5445447528497263,1.8563870010773256,1.6296703550114504
249,2.8602816441452306,1.5006182258741738,1.5651329972379076
250,2.859627745655358,2.450271959034566,2.38798960509182
251,-1.1263216461432328,-0.2677644084423809,1.6805884506877289
252,2.80123958601026,2.867728884503596,1.0064063306465292
253,0.3455097155949019,-0.9062731651224462,0.0839873623858595
254,-0.1959038309367511,0.4141399521851013,1.2404978598138294
255,-1.4245857218065503,-1.0769563366836474,0.1627864857006943
256,1.3895450168293453,-2.05661176150178,-2.2332803509664982
257,-0.2297021467905176,0.9725296756002328,2.0030996296235752
258,-0.9388579530814014,1.1311560128276863,-0.6607411043587452
259,-0.3765484633321926,-1.0249420969596426,-1.4835775567164828
260,2.767331056993916,2.3644567307825475,2.859768721494282
261,1.1767550832726374,-0.1969824242814936,1.3239621131896
262,-1.9841243082803823,-2.165914404489123,-2.471774046980034
263,-0.097688734018766,-1.0418148556390934,-0.3725851866239417
264,-0.8586344918286245,-1.3584849130688583,-1.2299818435981564
265,-0.3958141644813104,-0.7019441420823079,-0.0317611301018433
266,-1.1151720133112328,-0.6215742517860837,-0.6442690336811153
267,0.083836194375115,-1.6380185402310568,-0.6609698198562632
268,1.961887845922172,2.6963288598110418,1.2413608825768314
269,-0.5820716384201268,-0.1018260775914037,-0.5567359939894481
270,-0.2274395372078409,-0.727260269440952,-0.22798302672837
271,-1.5028162879761786,1.5115898609179714,-0.6823221340262051
272,-1.2355808715946424,-2.0494436850259765,-1.7741835007565765
273,-1.229214148485597,-2.545273264523242,-2.148243150733669
274,-2.634974998026319,-2.449012936369742,0.6174370879622307
275,0.8707248920552426,-1.8188465955240904,-1.5227434855381028
276,-0.1774115253093587,0.0520949828050666,-0.3533233656747847
277,1.8774465627702872,0.5894733667116198,1.058291839445332
278,2.798244316735521,2.1835073997779686,2.840246486383118
279,-0.2378587355536352,0.7582468344100147,-1.0941928224890651
280,-1.2375251721950975,-0.6184592199848389,-0.289822185060669
281,1.2887960967261416,0.1482124854272101,0.3691511927919479
282,-1.2707730631966168,-2.377184913186789,-0.3456880059853813
283,-0.6469308100262142,-1.2429814690876022,-2.0566638748375485
284,-0.079333104191222,0.1687967973689015,0.3450921579950275
285,0.4503032263202145,-0.8115613307836633,0.0814845357451538
286,2.413048629884106,2.0616035060850413,2.096594307510705
287,0.0170123707511308,-1.4929971574516223,-2.0566163733014053
288,1.0968633971856612,0.0016903858235085,1.5578684425150016
289,3.059193702867335,2.808247532127941,3.5008789259101647
290,-0.9091662177922268,-1.5233428412319996,-0.5571853626770157
291,2.9738440363611294,2.9376584729593547,2.9339828686578096
292,-2.575353439900566,-1.883308056338837,-1.6378771885725345
293,2.8224363487552555,2.788960217633478,3.095227294274952
294,-1.0658280923665076,0.5225286017466412,1.3231509318245671
295,-0.1002300123717664,0.2671263626788262,-1.0629504134385162
296,-0.078137450566784,-1.4668676219817387,-0.6673155383239319
297,1.8404017736634708,1.011764479697854,0.5011493453836428
298,-0.7915803768771255,-0.7674896004558861,-1.0615165565349085
299,0.2572994774342174,-0.2297526034208287,-0.9521826379279648
300,2.4592156397851275,1.856099157653181,1.931486727040983
301,-1.4840484586272398,-1.864075161572656,-2.2376270948846884
302,-0.4408803341517373,-1.4150159549747017,-1.1002419577291775
303,-1.5879436150957844,-2.0753635401635253,-0.9511900287497068
304,-1.0494741488423245,-2.143521314905979,-2.2844762670544503
305,-0.3420534954406938,-1.2102515467374138,-0.9417313860476976
306,0.0190866364375668,0.8773970671307393,1.5646254051918764
307,0.6987339840425176,2.8312290570108227,-0.2919841454941101
308,-3.146770059400282,-2.3232018839464024,-3.1485494307976807
309,0.7906735741861374,-0.25272058254557,0.6178402593808229
310,-1.1568481251794502,-1.901423821690164,-1.4152083305832792
311,0.0190817796641976,-0.674150655631272,-1.4894791750669856
312,0.0031967589716174,0.6117801686271466,-1.3279151569567822
313,2.9790010112264347,2.804162807197945,3.1175107724432296
314,-1.0234015247594714,-0.1634297518148226,-0.9838235601154852
315,-2.256452388756472,-0.8693178788582532,0.1999930840726521
316,-0.7227687949278047,-0.2112414677768624,-0.7095542990302217
317,1.6064224744949642,0.8706881611150433,1.24025154645014
318,2.035407255110124,2.138059069379705,1.8599540664457543
319,-0.4455873373774361,-0.9645926834364724,-0.2500634914660545
320,-1.8641451664233888,-0.4276222944364864,-1.1829088268141934
321,1.874783927784072,1.9804425586007737,2.2561404972697643
322,-0.1936812900951851,-1.4894723045095364,-1.2744784654356034
323,-0.6348658233783769,-1.0046848823995045,1.0985069096162972
324,-1.3010660264354037,0.8701931885461055,0.8704418477513539
325,0.0328891520746234,-1.1543887024672443,-0.8077178910445284
326,0.8662489350359645,1.3172398273933932,0.2570368277571113
327,0.8817492957922208,-0.7809584133320123,-0.3781645854250993
328,1.6331583580681304,0.4407093275120541,-0.2786402858880564
329,0.2066210368249436,-0.3864870112109125,-0.0424220151978703
330,1.5917488260487744,0.7906389844831173,0.7906244141630095
331,0.7579305802506942,-1.360857107501239,-1.1883342953098883
332,2.134691964741916,1.5316875895431146,1.8222565754755529
333,-0.0054539246533824,1.1782491910563178,1.7889734435762272
334,0.3251308543522726,-0.1871482227600192,-1.0673190590061832
335,1.7143650587710777,1.6821099237890649,1.3642297238291812
336,-0.5405351800546533,-1.864127510879024,-1.9560699310790035
337,-2.412314809110557,-0.4304821090083309,2.0360418565493723
338,1.7725002106088343,-0.1850368832439575,0.1634882863087089
339,1.063527943060295,1.2393022768779305,-1.159218353989614
340,-1.8154602360910208,-1.342620061927304,-1.488368869291618
341,-0.9236939220437014,-0.1533071107633579,-0.8711107621246511
342,2.3660338744499527,3.18883187491397,3.928900439237408
343,-0.358447913508462,-0.774639006289257,-1.5264762139836965
344,0.1483291960604312,0.7907052024419812,-0.1003499200659311
345,-0.0567791038658382,-1.717971580913964,-0.5671061503153827
346,-1.2742596737182126,-1.601554077336028,-0.9668597983997568
347,1.8141805173930117,1.620810454853668,1.1311528144647358
348,0.4949511807868119,-1.7994067387015251,-2.056665258377436
349,0.1340358561554662,0.6116412960970533,0.7005243121391678
350,3.1903825815875613,3.102152579111552,3.543997315920544
351,1.7732622017569963,1.5625638825834562,1.895464424164042
352,-1.0894613896290917,-0.1024189365303022,-1.587349701298734
353,-1.1897141457578462,2.088244304890785,-1.238063100081968
354,-1.5278004199872042,-2.832481965355288,-1.5665109175242855
355,-1.1189658825121591,-0.8380259931744684,-2.412365181878819
356,-0.8002308907784592,-0.7134908063641523,-0.1246560854401006
357,1.0482283844158788,-0.2671589109526986,-0.5350407020890748
358,2.013439950703074,1.5640945953999823,1.565928915781031
359,0.2923650727634566,-0.068174418398491,0.9634539383159384
360,0.9313209872465972,-1.883329962387058,1.8563812363277936
361,0.9733613934357002,0.5246154830836565,0.2795761912046416
362,-1.3742352939658582,-1.7303150289508191,-1.3051069237187074
363,0.77647607747411,-0.0922168006402227,0.0960837469647547
364,-0.0309618463233048,2.377573686405138,-0.7455543243858904
365,-2.367915644825668,-1.4993820778584732,-2.5456638866845323
366,1.1956393194048516,-0.6769305570046035,-0.6101087046039506
367,-0.705245969441128,-0.8075524789699439,2.3001059051344983
368,0.2802485779491735,-0.4842185676403837,-1.0198471792474988
369,-2.049448623639785,-2.4681082504274245,-1.6871128996131484
370,1.199507823827791,-0.9888196734535016,-0.9437220534235
371,-0.5345029113445696,-0.6840919078517186,-0.7611574108202184
372,-0.2056091405019546,-0.9654125391646609,-0.9821037885112188
373,0.2910041100990804,-2.119944744351163,-3.4380093064250734
374,-0.2361205608752667,-1.757564786493932,-1.3006329391759888
375,0.8774669572841017,1.2891058641007909,0.9635730477213724
376,0.9647045521838225,-0.0919473066579706,-0.6603210727771711
377,-0.6041119339249231,-0.5819805949483983,-0.294273307513373
378,1.0485228707230978,-0.7666656731318856,-0.4860647625176835
379,1.8389185844714904,-1.0370595849163424,0.2464784581454371
380,-2.0755181008625168,-2.387319266519901,-2.211223587174927
381,1.5621447785790552,0.0810236457210941,0.8774534530849775
382,1.5024402266349688,0.7040108501375949,0.963795867006923
383,0.8820648572193281,0.136970482019726,0.2061185654784733
384,-3.38585413048131,-3.1762450166109004,-3.286569155545117
385,-1.375556105697287,-1.4237092768004111,-0.9044901575523764
386,2.7747971503935025,2.7195503273694794,3.3063870719590263
387,-1.2097241416745144,-1.304757269861079,-1.44583074874095
388,-2.0756073071918726,-2.0754656265511304,-1.58444023925198
389,-0.665957697914612,-2.096321995017208,-0.8850774489259879
390,-1.013105780611785,-1.2170462377349276,-0.7926990634654263
391,0.0580793798691388,-0.3152071290371609,-0.2488353838749755
392,0.0972261100712892,-0.8473419329454068,0.7770558707352054
393,0.1359158897049808,-0.4271829430055648,-1.3737101958526898
394,1.7786533889642036,1.6243089073567938,2.169375545083024
395,-0.3061241212693163,-1.359133216801217,-0.0594779290066968
396,-0.0063842173795288,2.546148577068649,-1.7737672990778812
397,-0.1482860363047525,-1.214135543938177,-0.7828084032324351
398,-1.6474913351886813,-0.2808709148253488,-2.0761250396875077
399,0.6102845966281291,-1.3527246520730545,-2.0757539967441563
400,-1.2097209315755388,-0.4137501603776546,-1.4826126801278192
401,3.0568397087801347,2.729332527256949,3.235684957592257
402,-0.5571892688986286,-1.3863413881481486,-0.4807169060247244
403,-2.4495554734924543,-3.153776476993761,-3.1004128572858485
404,2.487109424435838,2.714175528530128,2.9986811682447185
405,-1.3246714771708823,-3.03908567404847,-1.901022232773049
406,-0.2671664626429985,1.048226370631799,2.3375781623781924
407,0.7839649014765696,1.3348523393259917,0.9476001395534728
408,-0.1569395539727997,-1.0068680497559217,-0.3629093724576371
409,-1.293213450184084,-2.0631138719928908,-2.884418887587524
410,-0.9548256637101636,-1.6302656976059424,-1.5067482049315115
411,-1.2725018249602154,-0.1276335757051302,-1.9098599390013824
412,-0.9517287339522364,-1.26154736220666,-2.2845108373511085
413,-0.3369896629177175,-2.2112677133004106,-0.2755595667705062
414,-2.0753605124844534,-1.9011373905192648,-2.819265145065
415,2.078682638090306,1.0943749591127987,1.4853703686231472
416,0.0705472166245435,-0.0493574793408633,-1.8934997413992471
417,-0.095845321994886,-0.4022736353381877,0.3699388192829774
418,-1.2732045897051378,-2.4229399354673204,-2.143528969757382
419,-0.5944431084772054,2.1039905232039464,2.4149894291728664
420,1.4732026632044102,0.0837839473529131,-0.5872182309441643
421,-1.342514989781486,-2.6022284997288017,-2.5689908750315533
422,-0.291295744285863,-1.883392798156956,-2.1445820699486946
423,1.7411265196809154,1.1526052929442354,0.4395094248633451
424,-0.4347561502344028,-1.3110318448494114,1.4671538727811024
425,0.0182151713769741,2.141976471704618,0.1467651669631707
426,2.3360475991286616,1.4922619715634733,1.910254268160265
427,-0.4881540042716747,0.0775667188176363,-0.6782816375265451
428,0.9634594466076865,-0.7233159501351208,0.5330419440166408
429,-1.9011436171521248,-1.3832049837020657,1.9682559685626075
430,0.0047647341272627,-0.0669968085581026,-0.6772831274297931
431,-0.0417037301137386,-0.3088766100250333,-0.2958410895308832
432,-1.1660875503912975,0.8450383668726444,-0.9450516038091566
433,1.0482642771556565,-0.2513688892108559,0.2910944046234881
434,-1.094211961457511,-2.0566754043366124,-0.4215800925381773
435,-2.0964212611547546,-0.5872140935133738,-2.724664546085961
436,0.2495481461570004,-2.14352748817324,-1.0227043926943853
437,-1.1286846991791384,0.4993187555765841,-1.6031389327928751
438,-0.3023834041218081,-0.1226090846705212,-1.7989410622343374
439,-1.824719732237491,-2.761359147552817,-3.368960142472702
440,1.4565121521266928,0.9317998073427176,0.5821609458279816
441,-0.5869923630122343,-0.931492241664314,0.4500165878480129
442,-1.445810623889681,-0.4877647333940739,-1.7303102138023565
443,1.1503129688028817,0.7765186730182065,1.240434522091738
444,-0.6181155736544919,-1.4888977837573192,-1.0925940796251248
445,-1.182615933877822,-1.6299116152638855,-1.5878956726567452
446,0.5327334204498058,-1.150091168843939,-0.5002312596884925
447,0.345459284524825,-3.607635879995122,-0.0772185265078031
448,-0.525562453989932,-1.7179671997043198,-1.0615385140605569
449,-1.4211616808127965,-1.1189655327012686,-2.3679333685774635
450,-0.5732154012793187,-0.1234012765511962,-0.1242300457676511
451,0.7038891938875893,0.9635084289439836,0.9636617726787764
452,-1.095446427087525,-1.6474508225913085,-1.4516071224544802
453,-2.0749046865350653,-2.604105820322851,-0.2137868807348048
454,-0.0963940485421971,-1.7303841369816946,-2.1615255949494774
455,0.6987023447864312,-1.126520864922398,-0.933682189351121
456,-3.25885073756139,-3.2338508635613503,-3.7585551376959807
457,-0.5316934968035019,0.2154519362655705,2.9614946689186405
458,0.2924713591026168,-0.040537245685435,0.7907018856211436
459,2.1367398187919764,1.9878094645241111,2.179076031650734
460,0.9647612227772728,0.2107630512768084,0.6830714571908351
461,-2.4105847239775127,-2.867153878149,-2.8565123323232897
462,1.131079962864197,1.4332573853160535,1.3631736717660847
463,1.2309228240750325,2.162460014342131,2.410178829803858
464,0.8706610604717702,-0.4701961703650679,-0.3456875429903367
465,0.8819097598512431,1.8240501235867648,-0.371447754307898
466,1.6730330673500715,-1.0101439121437663,2.6195849572717447
467,1.51538016021668,0.3248030130463929,1.0972591872276107
468,1.5002585877290746,1.8747787156370417,1.5006190550793832
469,1.7865984733964575,1.022710134762609,1.3257015196323456
470,0.1726393911172305,-0.8143537212207353,0.9649887694084908
471,2.5019529385881314,1.640991054847223,0.9317995767527362
472,1.152856573339895,0.2810294911104355,-0.490773384321181
473,1.4335689295590088,0.7906825769855536,1.2116436456819324
474,1.3273758550187336,-0.3996709132022368,-2.143552922034352
475,-1.2350055230859742,-0.9954065752649928,-1.0557774251112146
476,-1.3573632081049396,-0.5613082534736651,-1.969032879548082
477,0.5819891562919307,-0.9010259810439856,-1.6389542743750762
478,-0.2677395915150429,-0.8817040955903294,-0.5210266009899625
479,-1.2145564115056833,-1.4195721191386492,-1.2859372696346416
480,1.663433292762461,0.9727701033542192,1.3236199085696676
481,-1.1807083039665562,-2.0025966117670837,-0.952430202311034
482,-0.4986567226829542,-0.9577098274028067,0.0307581093500017
483,1.6832375174465284,1.2308884260041126,0.4344359583470495
484,0.6115965179095252,-0.7493916093088011,-0.4269104232105778
485,-0.9755680434422416,-1.7596006832562985,-1.672629521045612
486,-1.3436401027927354,-1.6474914536465683,-0.0427812526688637
487,-0.3799278785134323,-0.6735400134271815,-0.7666555396046525
488,-1.2063252641862907,-0.992074739459217,-0.4811393360395369
489,0.4405659772341316,-0.881885595694989,-0.7980522184154851
490,0.4342588374327213,0.5231175666829623,1.4079678294399445
491,-1.5199579544498842,-3.402233687982272,-1.379635863184178
492,0.4409027370904409,-0.1577900982393134,0.700527114744435
493,-1.8256225941464068,-0.5278584710891298,0.1694944951904174
494,0.5242803928645277,2.686665906936463,3.191104563044455
495,1.2407855340681635,0.5907286388763466,2.35503064288504
496,-0.029793058454551,0.6104339098959819,-0.3322064505451894
497,3.162571536780358,2.860132802605036,2.787103544776047
498,0.0853987035753262,1.7905336127096558,2.2073384195472894
499,2.805127918604612,2.358597115103703,2.8480212636086364
500,-0.4854411773299371,0.2488414305210314,0.329070261292446
501,1.5623362065245363,0.8773759223978999,0.2163734793979158
502,1.6484819320627375,0.8705904382943114,1.2417230064343256
503,-0.1134765050607548,-0.4346889549979708,0.7908391783122405
504,-0.2259378865067566,0.523197556773304,-0.0786858082888755
505,1.1529679619917916,0.5249919862678507,0.6113055201340825
506,-0.8588456163128968,2.097291972639761,0.356748044098547
507,1.684458765152696,0.409175281896714,-0.1860695228276083
508,-0.8387461661550952,-0.3483329990320807,-0.1632142723994412
509,-0.1528850999949628,-0.5838407193416615,1.1722854237093083
510,1.6780539811508566,-1.306038222817609,-0.3377285655758748
511,-1.718079381730211,-3.953818042070863,-3.09361595231826
512,2.613833352783573,1.9305237553675083,1.1765212650316232
513,-0.1257680804097271,-3.314446121353652,-2.161719865884248
514,0.4344634768037851,-0.5379234049420093,-1.144002722487317
515,-0.1992270047092797,-0.9315214642442632,1.153604332277145
516,1.868401200281787,1.518002890663717,1.51378678344606
517,1.6604781212753217,0.906601836748041,1.7436314348981243
518,2.4381913164115554,2.2145084728642423,1.4335604005911409
519,0.5904309021963783,-1.154397345041409,-1.373211025462015
520,1.434742610303951,0.5315819505586865,-0.2315313391551701
521,2.1132245787424164,0.7581327500167783,-0.0610708445973539
522,-1.2720790796182242,-0.7465905072955463,-0.1268070060853008
523,-0.4760038822715295,-0.8893954835683682,-2.447882837071029
524,-1.447779840919397,-1.6840496957391609,0.0011690801436318
525,1.4125576833111737,2.767304148157155,3.1015278008027543
526,1.6287544516058208,2.026707448357506,-2.532736491331012
527,0.6987054930844475,0.3454936242939294,0.6115324442147106
528,0.7583677788551941,1.1772079619958644,0.3250423654469577
529,-1.1537465951698431,0.4389026310080456,-2.0294986068162246
530,-0.4306075750101563,1.0155287589690254,2.571657753438182
531,1.6057474474372857,0.5245032894281193,0.8816835240132904
532,-1.956027829396288,-0.4423612169513491,0.6828706408068547
533,1.5585110264060338,0.3586534877157999,0.3567246393630708
534,0.2572160475367837,-0.432616829968873,-0.0784780206197952
535,2.4730899906317685,1.518566337282966,2.288913391376692
536,-0.1741755969623517,-0.4428715609557653,0.0652099410094382
537,-0.952115700571667,-0.9414874220293076,-1.647368612817692
538,1.9853129808007624,0.2570294817284064,-0.0784833552358785
539,2.732479512887864,1.8658237821031225,2.5150464219573707
540,-1.9810043940679587,-3.7359691358108726,1.3668331003871366
541,-0.3821944311929095,-1.6461415075656882,-1.525779765349818
542,-0.311773013321396,0.8812270571341319,0.9729448189591748
543,1.877470165175658,0.4403470758737932,0.2805577291621059
544,2.019236140652364,0.7765405263843084,-0.6480662112752152
545,1.2513350315068337,1.8041765869267496,1.3234467445814473
546,-0.0505532320188717,-0.0546696090696267,0.0166486727031627
547,1.6472431477711478,0.3699558772187133,0.7039184529856919
548,0.2924785258047837,-2.371641693608142,0.4499493926115809
549,0.5822916903473653,-1.2910659367032,0.4082630679307847
550,-0.8272708011623087,-1.4899137970545908,-2.0315945877015205
551,-0.7091589012621939,-2.002659702558484,-1.9561245027615857
552,-1.2070082114453042,-0.9280817752927102,-1.2673484329251767
553,0.0390459036062135,-0.3041420558478914,-0.7258413048089781
554,1.486482282141895,1.0635827429377538,1.0638571597343427
555,0.3254835930141615,1.861793749770197,-0.5716511015519221
556,2.422424076636702,2.549140739722864,2.4203886436673057
557,0.4401922468402549,0.9730068340544492,-0.6285123694595957
558,0.0163607131551262,0.0175263979926921,1.5619137856992975
559,0.4343292077235685,0.2569507742779973,-0.2951433362389198
560,-0.5700296081885458,-0.7228204407935692,-0.9247438735256144
561,-1.2077937610021914,1.5373105251387258,-1.6026322310161427
562,-0.1522573643515883,1.7963726560973443,2.17908885805006
563,-1.730352192019727,-1.069918775355272,-1.3736161152596416
564,0.9634953985764076,2.2116642989960487,-0.7605829790894922
565,-1.7594154727890658,-1.030171619272485,-1.848492643783308
566,-1.8188954878007928,-0.5521209211182558,-0.4409087706303254
567,-1.6448309574933104,-1.1841168117517058,-2.331029863187785
568,1.8912565631000704,2.390606783181513,1.289080395655074
569,0.790668362039107,0.5329564766511306,1.5631831804169802
570,-1.38881028193479,-1.9387533490189013,-2.1207540580319773
571,-1.7177767323797857,-1.6393537715176376,-2.655316511247659
572,-1.9560656097919216,0.1702352739153457,-2.096420767293374
573,-0.6671507190925936,-1.0624194767456392,-1.0829296471914125
574,0.8452823310728348,1.1772197220849094,1.8058615079199365
575,-0.3851807722237592,-1.2980615755551623,-1.969364583236148
576,2.769915254724221,2.6569962992038625,3.0598532129999487
577,-0.8632771328641474,-0.9610764545579576,-1.0699481306777057
578,-0.2493411139267974,-1.0494689632978258,-0.4292817304087509
579,-0.4090346175817996,-2.237593759241482,-1.8188662265139783
580,-0.5112242931054698,0.3551360988456595,0.3586908458477128
581,0.7906913428691957,-0.100361588167806,0.4500879883394353
582,1.2122519269319605,1.172355310571796,1.7287807913362505
583,0.0886930823269914,-1.6390968942784958,-1.2419728685094993
584,-1.6477448350669792,-3.0214680199526085,-2.451216963816289
585,0.6117851234141704,0.0694353277072045,1.2391119382393576
586,-0.8657926407370765,1.780838020855548,2.2003158493127075
587,0.2486453984191778,-0.0018455695570202,0.1714735387287703
588,1.1528459592178193,1.6174263209950224,2.17461394380516
589,0.5221404248533189,-0.5864830101251122,0.7005343299622505
590,8.928555401545302e-05,1.1767344454693134,2.4266530884323907
591,-0.8507461811761469,-1.8641247946414292,-0.9524331037466464
592,1.2114244985908804,-0.8506564018510694,0.1471673907186663
593,-0.8488304327510582,1.2117468225015575,-0.59875694883617
594,2.026468557136904,1.1759711926312886,1.7744663360841872
595,-0.3576598010267909,-0.7551947190394923,-0.6208723482413973
596,-0.7157500176902638,-0.992669421522926,-2.51296828957479
597,-1.8154091807417,-0.4656186942961957,-0.0481657855394259
598,-1.7182715785734386,-1.9807535796593212,-1.8631503065015
599,-0.7816518396521724,0.2916933277004388,-2.0750636570194936
600,2.4037939890000377,1.13112971517676,1.9149989589446408
601,-0.9247877621727684,2.2027413401957348,0.3686719714098664
602,0.7582161082950096,0.016195102209992,-0.615623204735855
603,3.3820225453129265,3.0603451941166457,3.6026417829418502
604,-1.6291671956009968,-1.2432507162430897,-0.6176826852978218
605,1.83995837511085,1.675409590323566,1.289722911234461
606,-1.309641149255384,-0.6371084005175875,-0.7876045261635228
607,-0.3211185689194368,-0.9232339815794413,-0.2771869561673129
608,0.6701204165457761,-0.7714778201306436,0.6703022367460125
609,2.281527443960321,1.563457291967626,1.3634221964131263
610,-1.1012219561488727,-0.655569615157679,-0.434247579057031
611,-3.3503376765524826,-3.012454085495036,-3.2982199969006154
612,0.0857632060248939,-1.490471966566665,-1.2985021177143907
613,0.8252565790156746,0.1702312552280624,-0.6430393621306176
614,-0.5112220867991957,-1.6728651784076545,-2.5523273623886205
615,0.4398703050139222,-0.2477128510206111,-0.000971185146417
616,2.6763598218078344,2.4268857452811035,2.432670343634776
617,1.719588587536152,0.2882955223742315,-0.4337462372914623
618,-1.7153748565810176,-1.8030284233593183,-0.1374309896850004
619,-0.8514793287924413,-3.18871278779138,-2.246580253181247
620,-1.2415775834113816,-0.9209474035404804,-1.1230289986458628
621,2.3433085135217047,1.7997891424632533,2.548368357276181
622,0.7907906698074914,0.6180000590704602,0.4500633194844561
623,1.0155051234959445,-0.4158721834366528,-0.5702844296748101
624,-0.6760838401790226,-0.1173201575649759,-0.5797028774600432
625,1.524884657026568,1.6831395703971306,2.233267102388305
626,2.062101976873769,1.9459909774769848,1.9711607908605695
627,2.5892507093104378,2.6351611956806167,1.2120794522484082
628,-1.1725223379921728,-2.063339849828288,-2.4123285683389253
629,-0.58485114467701,-2.05663528167987,-1.71806658398625
630,-1.498827044578551,-3.112722732200468,-2.762381061768204
631,-0.7855368437449757,-1.1840934392021278,-0.8040845650974617
632,0.6828553928367216,-0.2140149932916087,-0.3438338034310516
633,-0.5756741800417435,1.0633783326908437,0.6118489064671706
634,1.989173316817044,0.4083034366537692,1.0580504029627784
635,0.7835106137331708,-1.1980112502417546,-1.823722071577193
636,-1.6201570863623391,-1.980987719748835,-1.2094331005396883
637,-1.3577512910434275,-1.244279344797216,-0.8893986541806107
638,-2.449267383911136,-1.268619064510309,-0.7927045528038504
639,-0.959903806587148,-2.190619146280989,-1.9099031518722047
640,0.3588253709005385,0.611325555780248,0.973150422851969
641,-0.2113810987495057,-1.5026802532011136,-2.430151423188691
642,-1.773649513138553,-3.168623703690806,-1.5597538278136065
643,1.3629671996689476,1.9649714847198267,1.7269277546090471
644,-1.4514256449715115,-0.5486278809632407,1.2896514811285666
645,-0.8285596782256639,-2.232471441312181,-1.9694293790208868
646,-1.2152131553367174,0.0153039799591792,0.0792352870002229
647,2.997315149385239,3.0712816755571004,2.349459014618273
648,1.2515810710168551,1.0153435952140604,1.991116807107424
649,-1.2272407051957337,-1.798626652794867,-1.5624611210662305
650,0.001906743859411,-1.3401401147579648,-1.0928337263363817
651,-1.2734674521557017,-1.2742073399462437,-1.71170511331816
652,0.2182226070148462,-0.4691261731029542,0.9635877364993672
653,-0.5428472264359768,1.022412329090987,1.0954143638727207
654,2.4503240604504843,2.3325021554859706,2.7287875218892275
655,1.3254027232990055,0.1234304400449679,0.7001235395859575
656,0.1704369440317984,0.0854018810242501,-0.8659621824154393
657,0.3250830645786531,0.670029333503172,0.5823519896274691
658,0.7909053505115526,-0.8625779113401225,-0.5270872774374453
659,-0.93822023504644,-0.7378513251662193,-1.087715983836195
660,-0.8213123786273581,-0.2286290108398764,-0.6219944765874905
661,-0.1830527821178962,-2.075261930815114,-2.211036349291118
662,2.2751075166113,2.7685237070009867,2.973516853478969
663,-0.1199001712179818,-1.0673129483716792,-1.298507767168932
664,0.4967148405798168,-1.112704826479593,-0.5199996213149605
665,-0.3914535691319155,-1.7169779686846445,0.3226175676750985
666,1.2398148554923325,1.4075630644937869,2.6950105150448165
667,2.234732576813109,2.581416391364876,2.2107131618135742
668,0.1341820658622287,0.5892760690899778,0.2477236987508659
669,0.1375721477036854,-1.6300368380524206,-1.1206411484154344
670,-0.5609044666699255,0.8820868010222714,-1.047569119433104
671,-0.3595236869010405,0.0267685119176318,-0.3456902900942676
672,-0.2298908773041531,0.2486512938894115,-0.1558920461192477
673,-2.143546254905711,-1.602784463786784,-0.9920847401521788
674,-0.6194014472763554,-0.3535180855794464,0.249643276205483
675,1.05858340285804,0.3295079768075437,0.1714979848671214
676,-1.7742442457064187,-2.6423884746929844,-2.284524912400462
677,0.0799280400774525,-1.2754704444995355,-1.3530941804865797
678,-0.728976015158123,-1.339496220180796,-1.445736174286521
679,-0.3483432553747607,2.810880711653334,1.0644554861439413
680,-2.850787736473464,-3.423924426738445,-2.524144377402904
681,1.7481601969320528,1.7134491497803526,1.9102732818234271
682,-0.9584605419181134,-0.0417270070885449,-1.9883503514531784
683,-2.255958891709846,-2.0752817279416824,-2.211040165604673
684,0.1447533670528418,-0.354945711505979,0.2910159558877859
685,-0.668529219692629,-2.029758593177182,-1.4288302925524865
686,0.4347128919688595,1.0990822476654185,0.7840749753035122
687,0.7582709310630581,-0.4948256741982222,-0.8246346908593682
688,2.340729142173859,2.244197336181093,2.146195704725747
689,-0.6070005851368209,-2.300006544246012,-1.93863981369063
690,-1.2051679000403137,-0.4626986138119836,-0.501369256317168
691,-1.004941757784426,-1.6827473497930572,-1.1373229669256282
692,0.4344920446931929,-0.768208782496273,-0.225626088399506
693,1.9254996638676296,1.6704643734489852,0.7905225265580323
694,1.0968470076360792,-1.9692454835108189,-0.5291500593898726
695,-0.6864764478949154,2.197757738841937,0.973918336695183
696,-1.799593170701387,-1.4915989751001533,0.9311636095843762
697,-0.1449591761612812,0.9634708777937872,0.018095321609746
698,-1.273348673762995,-1.2740724276166029,-1.3737171099120211
699,-0.7413303339360786,0.6118701866296886,-0.229344315809558
700,-0.558273940062028,1.1504108768216317,1.6343739174618863
701,0.1828190767746178,0.0354176329383206,0.1999745391739691
702,1.2889110008765852,0.8774155465611199,1.7269365204926894
703,-1.718047099132832,-2.405958119625266,-2.276601060158908
704,3.646113190197419,2.418354783788631,3.735109480330052
705,0.91773919912422,1.2842442243931762,0.6830005880826858
706,1.3272088064066674,1.7760295354444118,-0.6982458611319556
707,-0.2146464916651949,-0.5819902549920852,0.881863964088579
708,1.9374185060959244,0.8663459492563205,1.44210470822778
709,-0.0619531395132126,0.5812088974427868,1.8862087421758356
710,0.8454319839706832,2.0052422881804515,0.7578943199761384
711,-0.3507064170730363,-2.531964476073699,-3.551692404312991
712,0.2923744605510058,-0.3127799454758583,0.2178295933600691
713,-0.1172950809045121,-1.7991841040746028,-1.4880847837855014
714,-0.3972894268493008,-0.8174473164379746,0.669786176367916
715,1.2402600655589593,2.6799380944426447,1.3286128543123696
716,-1.9693220393846027,-1.969259088319714,-1.8831851518788163
717,-1.588434607686639,-1.7155897627381027,-0.6076507895588124
718,-0.6857386426950639,-2.23292293649552,-1.969262662464424
719,1.9845336126094824,1.0583742525632582,0.3296890387362908
720,-1.5642398921817962,-0.6373121524897379,-0.1318420228158175
721,2.067263844854374,1.3265458739298015,1.3324816059328273
722,0.6701450320262774,0.407409135582623,0.3239494554069507
723,0.1643495110650284,-1.239534610047483,-0.7013865941194687
724,1.1310698939437973,1.1310240507415068,1.2120434410507437
725,0.6991487034829739,0.7849630285513881,1.0258664784294624
726,1.0583373981577138,-0.7441142245993875,1.3278319360039308
727,1.3026938743323666,1.2681949412726483,2.0796348233348114
728,-0.6674606223908528,0.8671184483066329,2.176686823267202
729,0.0314455026594457,-2.3310557909102787,-1.774258691151808
730,-1.2018471015638068,-2.4568093551649794,-1.2615699068215809
731,-2.766095397102544,-0.8586250952868875,-1.883439262038183
732,-0.2946716162528008,1.9266916717360112,-0.7160553893479795
733,0.4141118329527303,0.3286388116436176,1.9102593302394184
734,0.6178940392615458,-1.101149700517681,-0.2360252464019084
735,1.8544184109257815,0.5330531382869675,1.6201235175666355
736,0.2574504791353728,-0.6343223370923565,0.43444610286288
737,2.2545049118862197,1.9892303578065291,-0.1549736182825838
738,2.731209795277748,1.5688787619281632,1.8439856022388157
739,-1.243799412640859,-1.858212161360762,-1.3432129436520146
740,0.345595302659495,-0.3718936530163987,-0.1530913135150348
741,0.8706191439870722,0.0318417338185536,-0.2895477270590385
742,-1.644743173632868,-1.2419524241994322,0.2496099405622769
743,-1.5577088461532491,-0.7714309197614867,-0.5872194261313742
744,-1.3449792692058935,-1.4152559506538755,0.3692015373939464
745,-0.673661434778219,-1.0673106424718666,-1.7989602012027834
746,0.2486447502261155,0.3287801485975441,-0.1963527817982627
747,-2.1907663169724767,-1.6445730383871715,-3.242512280322441
748,1.832058299803256,1.4837769928703517,1.0636000356085515
749,-1.9694598168984152,-2.0566196015611435,-1.7181465987097528
750,-1.1839942459772952,-0.3731960597131538,0.155674254789449
751,-1.7521561271054438,-2.367672876067517,-2.8874627087511997
752,-0.0973377729138935,1.288830804887049,-0.5457359093376205
753,-1.0439446809674473,-1.9407074620983955,-2.323192322448723
754,0.3579411191237859,-0.3761521657684982,-0.0542663319112212
755,0.2496408377649151,-0.0907087023148467,-1.4462181829942118
756,2.0965101370495938,-0.4847313750603379,-0.8528246585300463
757,-0.4939533720899386,-1.153801748216127,-2.049422448986601
758,-1.01600032947236,-1.191185098822305,-2.36771881789783
759,0.6831597966453312,0.7765054622262694,0.1713103484087419
760,-0.0781508308333536,-0.2267232411073023,-1.9805512723608625
761,0.2382520724054774,1.8098994843770573,2.562319320376452
762,0.7762927314364765,1.7487482623712771,1.1505768142455906
763,-0.0353074560785811,-1.099711580480622,-1.562527476793698
764,-1.2713659437843043,2.257070521759636,0.9649510507455296
765,0.2431110068434377,-0.5903069036340088,-1.4156977462732436
766,0.9730177463260214,-2.076173314196049,0.881949592623977
767,-1.677986471095708,1.7472250121711508,2.4730445644054573
768,-0.1168976878955299,-1.4236952985938518,-1.5634448179263554
769,1.1761665023454295,2.172837161881945,0.4948112703156725
770,0.359021881233689,2.225056783781691,-0.0779063967849414
771,1.195798195935469,-0.3629322267691633,-0.652222276973486
772,-1.0362213110762932,-1.6300250313323588,-1.588250947596788
773,-0.846494952309621,-1.672848124256454,-1.6721799116048734
774,-0.4282329496340126,-0.9090644863876488,-0.741345078627557
775,-2.166083753403141,-2.2999614640421395,-2.5533880590374083
776,-1.8408103227896029,-2.055926678667408,-1.4814213098015676
777,-1.8147712850199085,-0.311191454824921,-0.8315789368276728
778,0.8774493070589305,1.4335421580765344,2.767449277965196
779,-1.0488635737504213,-1.7728797193838484,-1.6071647166985066
780,1.9731675466754,1.2943613789157156,1.0987044519034543
781,-1.2769761499841608,-0.7585281493516907,2.2606632193975287
782,0.2812062937618665,0.7005123861593073,0.2805495598659014
783,1.907369670023982,1.063307550952474,2.4144847545322548
784,-0.4066022632920292,-0.5390342470224451,-1.1971668219055511
785,-0.9853476066602288,1.0581499777636885,1.3275529043237613
786,0.7905947996912458,1.1312979253763784,1.5013308685226976
787,0.7907101776732375,-0.173258824607693,0.4500096876760919
788,-0.91275271491929,-0.8726568550696814,-1.2187319749882015
789,-0.089605786386106,0.5908647594194382,0.5011220904086882
790,1.8152686741316053,2.143656984166652,2.377630727394624
791,1.253949460714545,1.7045776257240683,2.228470223124606
792,-0.187155861053149,-0.4458196537224534,-1.0161137289364957
793,0.9648315362913684,1.058288567613684,1.83308472344508
794,-0.5582741252600458,-0.0646893068024075,1.1503698863270224
795,-1.6031430071492672,-2.5566795728418525,-2.947190088644892
796,-0.8931325102621807,1.1523974231152678,-2.671157110159306
797,-1.7304462089145114,-2.736946390192656,-2.3304832638350663
798,0.2063021063085256,-0.1460752380373476,-0.9469704978152828
799,-0.5849050481275464,-1.4937589843939816,0.6115782694413933
800,-1.6470443935808223,-1.8581839683836427,-1.2738954157155182
801,-0.407487707666768,-0.585196375787868,-1.8928761319123444
802,1.648971329885395,-0.705255505301036,1.3634699349416095
803,1.3630911066188074,1.7260382543351505,2.0079520337115846
804,-1.1725169742251818,-1.3957115392702684,-0.6751211602373623
805,1.6193295163905157,2.8480963563465083,2.807380700740768
806,0.3378147460664494,1.5572520007121664,1.3799527514796754
807,2.075262985792796,2.128975843433346,2.3044952893687563
808,1.452634163969566,0.0320197091136705,0.4139552788950069
809,0.582206717939265,-0.1922604891161592,-0.4655199646540614
810,-0.2947369755181193,0.4137822422136983,0.9649513594088928
811,-1.110874931515542,-0.6808581462976868,-0.8963544522218824
812,0.7765433043545755,-0.4372861739365855,-0.0327848430116331
813,2.225000892203309,2.573188722322593,3.204718160881848
814,0.3451761126087973,0.2568039703075303,1.2993671727617389
815,0.3268039005494767,2.1634230451423373,0.4998963573278021
816,-1.6883564632334085,-1.4879909886319125,-1.026224139292221
817,1.7306368931373854,2.2416994105124384,1.6191940229721815
818,-0.6415321510807175,-1.2145660198997352,-0.98956308165908
819,0.4343524701478006,0.2569954334683776,0.866983071491929
820,-1.825202587870297,0.1682359339074672,-0.6639221394768093
821,-0.8997613187882971,-0.960956244877798,-0.231074538776812
822,-2.527948297072018,-0.5316982351189841,-1.034865879068666
823,0.4951480469833266,-1.3516624472928347,0.3238789236964279
824,-0.4552844882339918,-0.4408762732111813,-1.2703689333628052
825,2.674845386519468,2.2163531807884955,2.810558197639748
826,-1.52659060958671,-1.2754139273696778,-1.646599110383382
827,0.8774238978421572,-0.6052056185206203,-0.4631477516156411
828,1.6221389403379924,1.3927691259475514,1.015364002427403
829,-0.9853629203577664,0.9635085474018708,1.89407313628058
830,0.2925413973283382,0.148130512569368,-1.1447693298101007
831,0.3695614124548198,-1.342728332436072,-0.763478385993837
832,1.4091274525426396,2.2728997434764158,2.5422732523164955
833,1.5309099164117428,2.386798402698015,2.008536459420308
834,-0.3382693205567432,0.1277616577807852,-0.0009687701354952
835,-0.4891295081353473,-0.4277158627864317,-0.2962647716527127
836,-0.0473223108776783,0.7007120270621712,-2.029812498606152
837,-0.0317524566613424,-0.7874903783411288,0.3279948472693504
838,-0.2854067588964269,-1.0218266533847356,-1.1000241107316897
839,0.2574598657276068,-1.046271098296097,-1.351333830053342
840,1.3606464615777152,-0.2321329499284625,0.4342390731173963
841,-0.8056259311856595,-1.9387903195564689,-2.3005825690732715
842,1.411792938962957,0.8705850675517949,1.4117902227253625
843,1.3907287504982275,1.0978912343662892,0.8454195897591895
844,-0.1807568161302439,-0.7728656835804507,0.155130725379833
845,-0.4079969530880013,-1.3706762819249003,-1.302193882363876
846,-1.1558605417750716,-0.4656553570122392,-0.5278405947980905
847,2.768196747232514,2.34248492497579,2.9970566742756843
848,-0.5732145942143843,-1.4894217444969418,-2.8595495964841726
849,2.847639270115984,2.251950268853729,2.5105666263900344
850,-0.455538488047352,0.5908775380826672,-2.2376520348844204
851,1.898500341127772,1.5822456053322844,-1.0300315060838885
852,0.2427422934633768,0.845396011933604,0.3243814657368721
853,-1.7303662670690805,-2.1435042766883403,-1.818917094236204
854,1.3297567241240844,0.669890057154481,1.697202781647897
855,-0.3065262800696331,0.0302228870785262,-0.8138291787016204
856,-0.6617800691700059,-0.140165825571648,-3.742302348422647
857,1.3248082132029624,0.7902216340861533,2.313371526883455
858,0.3297536728445071,1.3699616453531276,0.9648378947566468
859,-0.494236629242755,-1.0390589787242874,-1.5070313276933986
860,-0.1532332201330318,-0.6358570157717052,-0.6823234749679528
861,1.9490318880684616,1.3254972963192988,0.9729538827038688
862,1.9845943890841689,0.6174681239286391,1.433666065026394
863,-1.9693412936480392,0.3213443939172287,-0.2369985484522314
864,-0.5368753715134499,1.5786610852550211,1.840614638688676
865,-0.5880185286598222,-1.2429769725829671,-1.5631430909358552
866,2.494725556804986,2.9742429570287374,3.053412107070296
867,-0.2252132823975637,-1.9407209881195029,-1.152469195475109
868,-1.8189180819589656,-3.0120970552740456,-0.4306508376217594
869,-0.7996154758555923,-2.974300014438008,-2.848225949460893
870,-1.560714401958062,0.3204054315134713,1.88593318714821
871,-0.8762778885750155,-1.3741030625811408,-0.2099699599192406
872,2.0790807228839308,1.3471657992825232,1.4769499540692983
873,1.7934673266362142,-0.3233412360830882,2.233732055691321
874,-1.6215239141159636,-1.9808994508007465,-0.1529801611045126
875,-1.5666864721129017,-2.1623872576199163,0.9634933255633842
876,-0.8426906631002369,-2.063132295366468,-2.589847334253485
877,-1.1021477082161202,-1.0483539679203102,-1.7302803678726342
878,2.1037412246425022,0.2532123452890069,2.309556193506386
879,-1.344223507886482,-1.4897888239837478,-0.911711018333923
880,-0.2072187528885124,0.2047821103603622,-0.0171366421426031
881,-0.6952730506399798,0.3573519459037302,2.024802050734419
882,-1.9409650395175864,-1.7534630205931268,1.244321047603648
883,0.4868335487334541,-0.6022254079962402,-0.3526280386820029
884,-1.9014360228525309,-2.9989631536541026,-2.1613834454850114
885,0.7764985481669378,-0.7980133914458559,0.1718306931061199
886,-0.783219488476512,-0.6497154738288613,1.260709687833291
887,-0.0783005207436688,0.3451063836379163,-0.0002658732809576
888,2.688961896579196,2.8044819464190107,2.01620580445101
889,-0.2975700400288976,-1.489763248259212,-1.2647551586596042
890,0.5819420582882551,-1.1302038292750138,-0.4340779830521133
891,-1.7995200736773225,-1.6396443148940458,-1.8837278453997504
892,0.4949965493656281,1.5274976637327529,-0.3994940688365364
893,1.2505464137708684,-0.2912937554472745,0.0162096582025601
894,-0.4149641642507459,1.7148986329330913,2.207448811797889
895,0.7039082656074052,0.1480998319766207,1.4997188935956514
896,-0.3704923640612777,0.131953699331631,0.6988556290370942
897,-0.6844171806015594,-0.4294949718256621,-0.8523898696668818
898,-3.795785504302919,-4.176042680006484,-3.834019398508372
899,-0.926425640424063,-1.7181734624425715,-1.3500552351233384
900,-0.1507367756003496,0.2808008104466114,0.2041981845714451
901,0.4112176509293798,0.1697247138465754,-1.2276835342537753
902,1.818684641632508,1.925611601045909,2.961656245476584
903,-0.7078106090121734,1.3308733570478246,1.8918976148881663
904,1.5116472543047874,0.0168308964358663,-0.5960921756742515
905,-0.0018947926567092,0.0015268305951518,0.0687804721530674
906,1.637036360659975,-0.844194441817573,-0.1686448968467442
907,0.5235729038590331,0.1701829230233297,0.8673895517469311
908,0.5238224650528361,0.4794218929576499,-0.4176216897933827
909,-0.9735860504831596,-1.381448116805303,-0.820805502646723
910,1.3632636997602467,2.379637109008661,2.0512334657364617
911,1.5289999507217644,2.154959213436354,1.756791055708013
912,-1.3187946430710946,-1.428857245266971,-2.38703399708164
913,-0.4655712819989317,1.2403259960533004,-1.4836202808100594
914,2.8613066167384638,0.5156880225245732,1.453029789373547
915,2.106554413278278,2.190029333173221,2.3892374575669115
916,0.582348703720236,-1.1890371335728187,-0.6863340260267194
917,-0.0315436767625962,-0.2463299176225261,1.45528434760445
918,-0.6493475893754674,0.0761480420232909,-1.180512251943191
919,-0.560739243871118,0.7582464308775475,0.9314897791128914
920,-0.3356941445795152,-1.6388471653287735,-2.144666465881841
921,0.4399512227872753,-1.3548719247469276,0.7006113717921489
922,0.6985230084031285,-0.4350411068941981,0.1682433965398023
923,-1.6727496156628068,-2.810211888655724,-3.094321406116349
924,-0.0216564692499132,0.205023879787083,0.7909758926824272
925,-0.5920773735102488,-1.493066449740996,0.2420045496420307
926,0.2573525903877899,0.1697098037936479,-0.8200783624085726
927,-0.9407200917704234,0.8814664711798303,1.9310491800760905
928,0.0052934128144763,-1.1521265700656005,0.0071303118624813
929,-1.6445314305658365,-0.1330785208941361,-0.0165330378892676
930,-0.225478963769056,0.9475628263917972,-0.9674897794871709
931,-0.2724053046690171,-1.2743477553364162,-0.3895677131375523
932,0.2566285984476557,-1.090742790038993,-1.1480145869892102
933,1.1316062712563828,2.6040404134250434,2.629122923345869
934,-0.7647351961356368,-0.0011621262743713,-1.2072336807652804
935,0.1670419710356677,0.6990205560933448,-0.5843619667197231
936,0.0961004765190303,-0.6364721980334838,-0.1819057313594711
937,0.3262698511987807,-0.5860569145654144,-1.304361810360379
938,2.9298077494778147,2.9313858630094263,3.0158621614208845
939,-0.658362481290476,-0.7939419537540824,-0.1198865375853389
940,-0.9638458151504696,-1.9447006338574464,-1.273362236765883
941,0.4390526300197404,-1.1289369792661588,-1.245751832739422
942,-1.2462431831096723,-0.0246067181477902,-1.8479315264308744
943,1.0258545848591782,0.5234930303723215,2.6888029710450656
944,0.7762615564368115,0.8706709994320594,1.2409765349571995
945,0.434335329414156,-0.3034722752448486,2.8442871489539647
946,-0.7182498123926953,-0.9610714968733602,-1.638872069046751
947,0.6831728839719232,0.5911184189711675,0.7765964561856875
948,3.426188568600634,2.1922245470110147,2.355014839320853
949,-0.7594297302763703,0.1004951637490267,0.9648987631718342
950,-0.5310851850468302,-0.4777072788756154,-0.2946690509729356
951,0.9453535374097194,-0.2267067999954391,0.4346796016324271
952,0.3696046199691232,-1.688063635336608,-0.5654335606286942
953,-0.0599999077934002,0.4084034744497237,0.09570501701833
954,0.9733809520426714,2.111427955828145,0.700771776221272
955,-0.3591947225212959,-1.717535074079408,-1.638047479273707
956,2.0490667152539728,0.6984151500451604,1.3967184942129447
957,-0.7160566719879122,-0.422457009911889,-1.3814572118884612
958,-0.4209957880154999,-0.6236212269693305,-1.1019612476404217
959,3.046782079243678,3.1162747638904933,3.5225335063561607
960,0.3707831516362214,0.6827328534816028,0.3705143367133678
961,1.9373242903626935,1.6012068635756358,2.0259563421557565
962,-1.2861040102449763,-0.6652367579549954,-1.148020941887058
963,0.4502348465049119,0.0150084275309767,-0.306097114163172
964,0.9731744537013878,0.4402064685712384,1.063495385135276
965,-1.107411687093908,-1.445848418388171,-1.557702083142695
966,2.4995149107160963,1.098743725527068,1.809933381104305
967,0.7907271171510863,-1.212594762201251,-1.0280758729826664
968,1.2114779230979422,0.7039504958441403,1.981936904845974
969,1.9739133434943883,1.647277657503586,1.792374317616558
970,0.1621228765583285,-0.9010415458677216,-0.7868441635404146
971,-0.4381525622726359,-1.759724117147854,-2.0297702806374454
972,1.5149897713783789,2.2533109900375647,1.5150009549924708
973,0.5823208599799968,0.5819079309710261,2.391810942261532
974,-2.1006283912576813,-3.453474446508174,-2.4906939424048176
975,-0.4782400408621628,-0.5928164003826931,1.4260434909918391
976,-0.119313780895596,-1.3559916588963077,-0.3061154453212708
977,0.7575833117388919,-1.07760175804124,-1.713702207410632
978,-1.3025329182018166,-3.2586240140106684,-0.9345250110183192
979,-1.2417680904390371,-2.7245025595530485,-2.096406198382639
980,2.675466673500602,1.4933288356114134,2.6897192660206914
981,0.8454751042971819,-1.8833901463721712,-0.8267372679561414
982,-0.0495291819120233,-0.2299655540233023,1.0968797514134203
983,-2.191303821947082,0.6995277818848705,0.1689960146711594
984,-1.225210854350526,-0.2333076148994581,0.7848748762069299
985,-2.210903255355875,-2.962139808333103,-2.5122777753408703
986,2.0139871826303763,2.2889293020854,2.407981987058462
987,-1.250811548955015,-0.6855295847238952,-1.3888065848810334
988,-1.8485735019267624,-2.1659163126459005,-1.9386710597578645
989,0.0772781850192418,2.218096799178916,0.2909079519092634
990,-2.284420213787726,-2.724393910049266,-2.912521266641253
991,-0.8213121046112977,-2.8028877440571485,-3.188277658133043
992,-0.549921354777247,-0.2461288423755468,-0.8327377978715036
993,2.65244216105054,2.139376966670293,2.5524948171928976
994,-1.1780853777070883,-0.5880163957024954,0.4086847593590438
995,1.7835533107713355,2.120951187835025,1.323518573360615
996,1.4340090006094186,0.7906584708055379,0.2151089414536023
997,-0.6017809415312998,-0.1127969242048617,-1.4228613396323335
998,2.796759312959245,2.4877623884075115,3.071021068205579
999,-1.8485170920420224,-2.70785645094466,-3.0306748367971243
1000,0.0141855393469162,1.0159480868499764,0.4082746550773438
1001,2.8056129897063933,1.7422158668270615,3.280103711287026
1002,-1.489694768421426,-1.901421452532423,1.4335537669494658
1003,-0.6286326424741739,-1.909918708505701,-1.128451967003422
1004,-1.90165550708886,-2.1054883308423653,-2.0633234087164243
1005,0.3457626871706986,2.511344839018228,1.5387750644784086
1006,0.3455185774707998,0.6115343681746095,1.2974528909641578
1007,1.971424555610636,0.1703230805868731,-0.2267017277375238
1008,1.393083765977003,1.01586922507638,0.7582211236271024
1009,0.2572069524536253,-0.1585469350156004,2.165692500179528
1010,-1.6730370317774437,-2.99236381909343,-2.553145723126644
1011,2.1166343212449363,2.1858161878928843,2.650966259069848
1012,-0.4447553334602722,-2.377489625658762,-2.5569613207596165
1013,-0.6078238931981995,-0.2677304406432679,-0.5032916192005615
1014,1.097649460770921,0.4907323064893796,0.7582836135120283
1015,0.963620963936686,-0.0557992710102014,0.7906671774602364
1016,2.078324431738221,2.233732117665686,2.3698927419719067
1017,0.0328842443271513,-0.4684269737009138,-1.6030867069518524
1018,-0.3932814559134933,-2.144764466623884,-1.8827677840127064
1019,0.8676723155502529,2.225765058026194,1.6969785556480377
1020,-1.4841648864477708,-2.284448363886433,-0.697813670691056
1021,-0.7179254055267905,0.2184251107727669,1.0482795582230866
1022,2.045355481361748,2.389059173608432,2.007891157011916
1023,-1.7157016531382796,1.4602203849105886,0.9322939616725928
1024,-1.603022381506999,-1.3064765247930965,-1.909892039991136
1025,-2.0494365240359547,-2.0494473889863327,-3.4046741340251723
1026,-1.652415014252555,-2.589541133120486,-2.7619043861278
1027,0.7906806224304171,-0.7545179945012136,1.2115576452559305
1028,-0.940416226358044,-0.1970053103371353,-1.882759828658352
1029,2.188493399166746,3.190533785648334,0.0420875949546704
1030,-1.091627563537801,-1.484023024766127,-0.4155545446651929
1031,1.524488114020961,-0.0338008734315026,0.6985296920075083
1032,0.7907310854903027,-0.8541051255458486,0.4503088530698496
1033,-1.7304630299344732,-2.7312367200365992,-1.3431424612092169
1034,0.9319466931607906,0.9320762847302678,-0.120466125503277
1035,1.7443328946959584,1.0583535103852633,1.4127690559821695
1036,2.0997336812978618,2.1812103452820524,1.6580240449941643
1037,-0.94882316360097,-0.0475386102564126,-1.4879912255476864
1038,-1.2701214131046104,-1.8187158457235155,-1.644296352548561
1039,0.2572059613227683,0.1699154925973839,-0.4294952050329226
1040,-0.7774045321118112,-0.7187973148044597,0.0170225965990466
1041,-0.7756985195444622,-2.4294260850935787,-2.3872116941815604
1042,-1.190342964636787,-1.798922730330826,-1.0863807798083938
1043,-1.00099865070172,1.1312276798493546,-1.211554820410794
1044,-1.277157745925016,0.291817293879242,0.1470805907019267
1045,2.929288517818985,2.504273365569716,3.014138713229249
1046,2.1417652633971462,-0.6996742142476786,0.3580485423873788
1047,0.6832129484764431,2.149144524899754,1.4980459525904195
1048,-0.8488421600818766,-0.5080799239111036,-0.0449678668060142
1049,-1.285062009035825,-0.0629006518853347,-0.2755628762299175
1050,2.141650296951292,2.8108909679960137,3.110135507977933
1051,0.1653424348837724,0.0156148995622563,-0.6035137414570073
1052,1.5227003544672886,-0.647497484905201,-0.3060970557702639
1053,-1.2734893007911867,-1.3394021395877478,-0.72697118488264
1054,-0.6022250621112684,0.1584332350916731,0.0121389956155931
1055,3.270027358486521,2.7586945319408027,3.037578800585373
1056,2.01742942987087,2.102132970053042,1.934250781234878
1057,1.0583322743458876,-0.5783210081634065,-0.3039137842313739
1058,2.206481149657796,1.2346500591155205,2.6449989516889
1059,3.229993990771381,2.81451813551077,3.477867372504432
1060,0.169631212946869,1.2745889013366294,0.8667722521284628
1061,-0.9345247640876287,-1.1791079461619736,-1.644750951949616
1062,1.8862440224429704,1.252918262318277,1.689232208355098
1063,0.9634832566429844,-0.7145389906806022,0.0161220501271819
1064,0.6986099947112844,0.9466401418657412,0.2571638091104381
1065,0.4949650738331838,1.3243737163061782,-0.7371275800373427
1066,-1.2395355324074082,-1.7993910585827984,-2.3203149252693933
1067,1.866496297838469,0.5012522228825371,2.5204566733843734
1068,2.3224821723325477,2.3888646190257936,2.550259901365867
1069,0.0134394078150012,-0.0602350712102177,-0.5410954563086704
1070,-0.3190443079548992,-0.5201256794324175,-0.3011369251523069
1071,-0.2192095570449989,0.2180258780789194,0.2925336975656796
1072,-1.909919325832427,-2.6838076409805107,-1.6448188578894802
1073,-1.3191118741353824,-0.6672664373151058,-1.67251348126157
1074,-1.1841375171090374,-2.4123045479910967,0.0002143004683534
1075,0.4502692881355732,-0.8594945448042519,-1.9013879289503863
1076,1.433259872931682,0.8773891304523065,1.7256684288117643
1077,-0.6857091899795632,-1.4455525813181969,-0.6155045723182365
1078,0.5014444892913619,0.9647822736186308,1.058402526127311
1079,2.409241867225703,0.9635291590742184,0.7908047070671075
1080,0.5233381807513684,-0.4979830760246146,0.6986373965643898
1081,-0.0373335223934399,-1.3055449787635045,-0.8684311720256838
1082,-1.4278715630315053,-0.7141530097271516,-0.0367171034718277
1083,0.8816987892675118,-0.0523349791027214,0.002943786077321
1084,0.6701777181561233,-1.7174088260646592,-2.406463803454206
1085,-0.3015451033228331,-1.012032529049356,-0.3859645311352693
1086,0.9635949624304776,1.3631232087061993,2.100006605405215
1087,-1.308158187660517,-1.1314800173163269,-0.305130437168617
1088,-0.056639244124054,-0.5811158421487174,-1.0340362330462622
1089,-0.44069006429397,-1.883484572969504,-1.051605043552143
1090,2.537418809982518,2.728388737473821,2.8464023388064423
1091,1.895891755638264,2.6065479717895994,3.0140447772400294
1092,-0.24700829796177,1.4545142942463891,-0.3041801607136596
1093,2.072473675632767,0.7907169890017431,0.1422199674513375
1094,-0.3220259034426569,0.0968165755212352,1.0584941374134549
1095,1.5284307237030257,2.016253150591056,0.3580396575323828
1096,1.0156469363344294,2.504263219610539,1.886253476632203
1097,1.4781247356439242,0.6117216919065833,0.4343897833094761
1098,0.1339963215322288,-0.3576694312555283,0.7898829362581167
1099,1.0581991787037537,2.4087538716145875,1.4129365984556164
1100,-1.6446442778913564,-1.3396551200800784,-1.818909933246182
1101,-2.6583501530413307,-2.938040811980778,-2.3198551288467284
1102,2.93668930326805,2.679856798582547,3.094099478676529
1103,1.1504286558313412,0.0987441782232908,-0.6659658466273958
1104,0.2487629682941519,0.5910090286753135,0.8707713767577133
1105,0.0749950869330849,2.521757669750364,1.8247416303134103
1106,1.9806838166804008,0.4343262343309976,2.6753543747481885
1107,-0.5036981053650392,-2.515726768716511,-2.349592383309772
1108,-0.2991005719400476,-1.0379892088549685,-0.8659516880887181
1109,-0.4857754446812655,-1.354578545642361,-0.7510279009360513
1110,-1.3031726378748525,-1.6884466096854571,-1.5643501272065132
1111,-1.5881611668292632,-1.104212899705649,-1.3527172155224596
1112,3.1370186550747863,1.7509077947243057,2.048357541230474
1113,-0.4438431732082882,-1.8152698742665232,-1.90141955720623
1114,-1.2651691693778844,-0.2274221341160282,-2.063095915033834
1115,-0.5756745590035418,-1.3957037268270422,-0.530446925925827
1116,2.1262889193322465,1.9105845564149624,1.8336995531516505
1117,-0.5902135883349242,2.029865084406363,-1.338210585539564
1118,-1.022696490912292,-1.909884261674388,-1.3745243263389897
1119,0.6362490152683106,-0.0089663407428669,0.329100726366376
1120,1.639072570740724,1.7194143192665858,3.263205936525944
1121,1.1756664679710318,0.4086086646652226,1.015721647488363
1122,-1.5054436009726515,-2.323326883038015,-1.752663935915121
1123,2.6952876495395803,1.7318606864237158,2.626277602303115
1124,1.4063641457384164,-0.3714494835749777,0.7906924717710437
1125,0.7906638014104553,-0.280852080021307,1.0485335319329327
1126,-0.4044864011950374,0.0650340028925171,-0.1856383048094547
1127,-1.0154646201683823,-0.0119121088853392,0.1253190978455674
1128,2.0688192498171167,2.7678169712466154,2.4226709640495936
1129,0.227665650701635,-0.738363643292345,-0.7726899526050677
1130,1.0582824560790962,1.49254520106538,2.21802312475355
1131,-0.0216743375099671,-1.6876352916170168,-1.3061208177678802
1132,-0.2916602656960501,0.882325857288574,0.4364331481732929
1133,0.582402373538378,-0.912937106526816,-1.420430951523913
1134,2.1234712873304176,1.2402633915948835,1.0647873861634574
1135,-0.1014869973237732,-1.4149718886407172,-1.6477019533118653
1136,1.701068465187464,0.4397681888113671,0.973223230959017
1137,-0.3673043494906862,1.4545410862262993,1.4164652380216531
1138,-2.2108548358776416,-1.984229733942349,-2.630387193927985
1139,-0.6782332106153756,2.420806000897485,1.0631670032798186
1140,1.0634850691626967,1.3702263993446908,0.7911444664077546
1141,-1.0624225667418403,-1.3183059683926792,1.062620992112462
1142,-1.2699678260123186,1.800469846171591,0.4497263660247279
1143,-0.3345466557582549,0.072070194067672,-1.503657229471281
1144,0.6987812854441008,1.2700726095303358,3.3681683698153613
1145,-0.512855052183825,-2.33096146338654,-2.422914501606208
1146,0.7038877131640011,0.0170138307154046,0.1457884520699294
1147,-0.5405353652526711,-0.0039383380246275,-2.284417744480822
1148,0.7038861139825259,1.0482710292552186,0.8774347367388228
1149,-1.9387323592943468,-1.35619546999184,-1.0961651021684466
1150,1.9704306600877848,2.3365466460539914,1.7602317741290476
1151,0.0022465634797297,1.6399246820017526,0.1999748373234656
1152,0.0026226901490589,-1.9013343806911904,-2.6331231391646828
1153,-0.9412847435225212,-0.4228058800548948,-3.7697989357729975
1154,0.0012251712392628,-1.0765616338174235,-0.1663443785113421
1155,-0.5862639654647324,-0.8701487063949329,-0.4035995048535239
1156,0.0030056456216609,0.3452548200592065,2.653733263215344
1157,2.447571954537477,0.2045041157698152,1.8373223080538577
1158,0.5910338452097001,0.6817676631454415,-0.2577504003215682
1159,0.1705098213006958,-0.6249153683739901,0.6987530673655838
1160,2.7874722204843017,2.975552708122388,3.2215377989086877
1161,1.7501430503760889,0.7765470700476044,-1.5198594585393956
1162,0.014548084444978,-1.563951193525238,-1.2999630205407673
1163,-1.056621477835794,0.6982526045846117,-0.5256815104635347
1164,-1.0145302196463166,1.1519220535580306,-1.7588687858722631
1165,-0.2892680512855093,1.6327630278403291,-2.5805451733290035
1166,-0.8309761693094145,-0.8202362893258301,-1.6871333948604528
1167,-0.93498107174198,-0.9338605066742924,-2.2561468451524465
1168,2.8599281658102584,2.860505292635991,3.270169624933358
1169,-0.7864444242288513,-0.9593688613575828,-0.6042597932013128
1170,-0.3006734064681579,1.25116093607097,1.6892508861435815
1171,0.4400377457711628,0.2059352631680183,-0.540722548361389
1172,-0.3744130519390388,-1.5228175647452276,-1.0720958397873197
1173,-1.0682303867595562,1.4153873855579897,1.768497285129324
1174,0.5823575237870198,-0.6971802869760159,-0.1168876572313444
1175,0.3698559579909823,0.7906197943054144,0.2866540403416987
1176,-0.5324941650127847,-1.2061998567786945,-1.68248674067948
1177,1.240822243011144,0.4402465398635695,-0.1261323163652145
1178,1.1759249593400427,-0.6568114754289158,-1.561250984844492
1179,2.797778524619467,2.961776124858284,3.2290476801894954
1180,0.8707134097781383,0.0310026941988582,0.5011663836012814
1181,1.6481781358736738,1.5624739730471813,1.5630702900506168
1182,-1.340857882399472,-1.814817957427408,-1.8151571023580468
1183,2.523603243630683,1.0481741307036074,2.685177195500352
1184,-2.69374340926744,-1.9695303774326856,-1.2414188760794829
1185,-1.2176789109665245,-1.7158936367049469,-1.7594347928764398
1186,-0.2261260556150496,-0.6756117117097644,-1.9808094327982049
1187,-0.0024459506644291,1.8142555175088304,2.784323352132659
1188,-1.5624364828342798,-1.956077709395752,-1.5623048687762884
1189,0.7840292666804597,-0.7102930419980787,1.0230925946697829
1190,1.5734448807899806,1.6100302553472792,1.7745916580341228
1191,1.7689644591309333,1.1763981299816215,0.670177660508628
1192,0.242275954049993,-1.0087199188343643,-0.2456075389319415
1193,-0.6863285495146642,-1.2971173095818356,-1.969386950464332
1194,-2.029744520520947,-1.171660370998621,-0.6997209640887315
1195,-1.1489052360905336,1.4956796157841683,1.5776739392593808
1196,0.018861266482812,0.0907287462797326,0.6831325725367129
1197,-0.790784294742598,-1.3025035529140467,-1.4458550647950943
1198,0.0079236389930405,-0.7791329511418323,0.2102714767199324
1199,1.0988957996197195,2.244966399795136,2.3622917352184567
1200,0.4343864018041993,0.698512863887298,-0.0768582795921896
1201,-1.140395387172091,-2.5569227995719115,-2.4682351728022978
1202,1.83747793084272,1.4596759619647952,2.419560601788292
1203,-2.2376224032015704,0.325664377145882,-2.764024063484732
1204,-0.7944386233632807,0.5233148017235061,-2.235065863996363
1205,-1.7179364597401403,-2.36771392054536,-1.0090021876983122
1206,-1.7177957560532409,-1.9691955607798728,-1.968999789885769
1207,-0.8720185108168579,-2.4481016669632605,-1.9693801480598845
1208,0.590026861854186,2.281574194961632,0.2802488845646721
1209,0.9314694871945391,-0.2912980213619281,0.0159641951674914
1210,0.3696743916645986,0.4501149671232122,0.4501012260083137
1211,1.1755867991325009,1.733689380270228,1.901122840984828
1212,0.7763408211884348,2.760237732589536,1.412737819249832
1213,0.3245094143527328,0.9312258688793206,1.637856184051771
1214,-1.4453923233001174,-3.15922922557395,-2.684139021967048
1215,1.6745960215552715,0.5329884602806355,0.7907163374833643
1216,-0.5291502035086109,1.4581524539585022,1.324165032373123
1217,-0.9290865477599368,-1.7742616543200929,-1.3738877390190984
1218,-0.6483703185252232,0.4390233219242333,0.0624510564916326
1219,-2.535288661243779,-1.7174219696935915,-2.144670155321542
1220,0.3299296726941007,-0.2908681889260351,-0.3613888161384211
1221,-0.5037836110634176,-0.2398058186088695,0.1618669853221722
1222,-1.045477302565582,-1.712213994878805,-1.1986853569211815
1223,-1.5635413198335195,-2.835343182609705,-1.883349447240476
1224,1.21143456751128,-0.7320079752846209,-0.2923020120827527
1225,-0.5860216444906845,0.344850555273179,2.222333413188354
1226,-0.2936793405047336,-0.911526689037768,-2.512738997274494
1227,-0.5071997519417639,-0.9315256383372144,0.0616792965199135
1228,2.4209301509261207,1.8493601441636216,2.8077913787264586
1229,0.2184077566923133,0.2914047642875725,0.9636385549329136
1230,-2.593203658360297,0.3063230930918064,-0.76607962048802
1231,-1.752437958079724,0.2566803704594804,0.5234404421350852
1232,-1.1354005203880486,-1.0876377257963312,-0.5613092911285809
1233,1.6811720984440777,1.722266797804398,2.565383490129251
1234,0.7038842778852765,-0.3898951711290606,1.433459711387144
1235,-0.81345122250099,0.435714101032557,-0.9648966766631152
1236,-0.4517914012849691,0.145943839203274,0.0749922439437956
1237,1.1634320598763943,0.7843635692883458,2.512714931673499
1238,0.7906644529288341,0.2185040037255456,0.8774035823145273
1239,0.8452938605718986,1.6410431681829911,-0.0602476383641973
1240,0.0852768236308222,-0.3114220192452506,-0.6548808397428625
1241,1.2436345083220357,3.006589857476797,1.583657431980977
1242,1.7019428386016968,1.1297575144824434,2.153189559323863
1243,-2.9389542833981714,1.7946975117932815,-0.7068782006668606
1244,-1.3730454584340914,0.8701589269128104,0.6827866226394409
1245,1.6743197236759744,1.3222490602186978,1.7242279274534869
1246,1.3710028286092644,1.2412119833705109,1.3282251731284174
1247,1.0637259739558778,0.6109254987858294,1.4092205371747917
1248,-0.0517582685316199,-0.7996027150571416,-0.5296868428975259
1249,-1.9841660492098936,-1.17281754882448,0.5228557153103988
1250,-0.9290854983045024,-0.3839943948558666,-0.3137810111550302
1251,-2.556918107888794,-2.599943805248163,-3.159837909725824
1252,-0.3781562968690963,-0.7023600641720494,-0.6745445050445398
1253,3.1469626545893923,2.8061698886443995,3.3692161700366605
1254,-0.9526730144949216,2.2486727740150605,-0.0016568671369481
1255,0.3691697018368003,-1.199998898154906,-1.2021532917467774
1256,-1.5636107274178837,-0.6016157280857456,-2.3642114176450497
1257,-0.9652999050095272,0.5230550671371559,-2.4568557634098136
1258,-0.3377394200659412,-1.7994646167868251,-1.563333442965399
1259,-1.1558279171750885,-1.4284781183672075,-1.8033930005636525
1260,-0.1501796448582721,-0.4995274421525544,-1.8588916358009104
1261,-0.9073000932939328,-0.4254313061610366,-0.296276781826627
1262,0.079133532220941,0.6110797306203201,-2.2783311745808392
1263,-1.8484103545222712,-2.211002479508314,-2.6691905160803184
1264,-0.0767079775128156,-1.0978710031625687,-0.8200902559788565
1265,2.060211690231912,2.455870428726281,2.5189718824719525
1266,2.687986279218894,2.682427084543772,3.1466179742584157
1267,-0.7401685391238481,-0.659385649986117,-1.5657280293487386
1268,-1.9447066752096864,-0.753307769498115,-1.4154039045548072
1269,-1.3657890654900453,-0.5912823338724033,-1.751558766707746
1270,-0.0980573453488098,-1.5274123519492115,-1.0184108939778391
1271,-0.1173114239694351,-1.7179813809881683,-1.0226304900448424
1272,-0.2449169915489834,-0.9343595148204832,-0.1058747663037101
1273,-0.988837105696222,-1.270981510534249,1.2630637985241218
1274,-0.5580700344196148,-0.9341131563684726,1.766903887042369
1275,0.5233946169084025,-1.4611736335100636,-0.8247136482195215
1276,-0.0556321492989696,-1.4880742919413534,-0.4832035356094262
1277,-0.7158796378173486,-0.3546800993087297,-0.446637653992862
1278,0.069439471985206,-0.553345542114778,-0.2854054768535919
1279,2.1166070359954614,1.094443405443747,2.383280704381061
1280,-1.28292344232725,-1.7596523227490943,-1.5881483841699882
1281,-1.0821265099488355,-1.2206815731783274,-0.8513319377115832
1282,0.8452578885348195,-1.798935758664768,-2.2769105119137807
1283,-0.4326160428943689,-0.0807497216949569,-0.7000633180647684
1284,-1.0023892460167487,-2.589331479793322,-2.6330517777429785
1285,2.356766918586477,1.8584019127516715,1.8239445271914168
1286,2.63164906941707,1.9452436062000635,2.005650384461741
1287,-1.938697773952752,0.6999755978057887,1.239969296931525
1288,-1.0599635710856128,0.611753699603083,2.4698094598919305
1289,2.255445717816702,0.7766191738092056,1.8688141127640536
1290,-0.341289929302644,-1.7989069349171083,-1.170048509794673
1291,0.0705406871505699,-0.7765259440271799,-0.1619964211510422
1292,2.617185487768752,2.8884204569619167,3.1904070683499106
1293,-0.7658358756330645,0.8773491509154254,-0.5165770266074544
1294,2.6208596601030454,1.334805952944093,2.205882320328717
1295,0.6118612111656799,-0.0535992224127776,-0.9433469080944852
1296,2.169817003788229,1.6688059525467631,-0.2274266816576074
1297,0.5823240882397347,1.1757799182418198,1.5726727775545868
1298,1.4335099375312554,1.1311245030297297,2.0353539490609487
1299,1.6055199428214957,0.9647910396581404,1.6426820240062596
1300,-0.6156210141310329,-1.6381749955333529,-1.969330455918919
1301,1.7706831615563765,0.6700267393658826,1.795115553612495
1302,0.5233346826424613,1.0615399598565456,1.133522762306388
1303,-0.8726754615208208,-1.176925349371692,-0.881151962420813
1304,3.240338653766348,1.7105099337723375,2.6314327581322665
1305,-2.1053379121593614,-1.715158728060663,-1.513067262921099
1306,1.1640356002664949,1.0974530617437637,-1.217045043823297
1307,-0.236921676462198,-1.099471389173884,-1.945267099473344
1308,-3.179622325894644,1.8813029403241808,-1.4174882774778546
1309,2.767451173291389,2.8601181722610947,2.6586139619913376
1310,1.153233792082881,0.356285972008854,0.7004481051278595
1311,0.2185763222655928,-0.896954186282975,-0.4524812407902346
1312,-3.365727190220784,-0.0836197159968584,-2.10494145981656
1313,-1.7527433429873116,-0.7327943068828511,-2.14799140349599
1314,1.456514573321496,0.7580844990631962,1.1764849471095722
1315,1.6074525458700322,1.4949396879703385,1.6794335829182077
1316,2.652328189471002,2.036125577955882,2.442043103838398
1317,0.8451359064347244,0.4000528828236921,-0.4695628699720322
1318,0.2064701433647592,1.7769296230797569,1.715857395773208
1319,-1.7727207488994206,-1.2147356515939982,-0.0973410305057875
1320,0.6115587683164191,0.2789919374512783,0.357959485132771
1321,0.6699709942379091,-0.1293610187360221,0.2428070892481154
1322,-0.9666046413300508,-0.8179445159752572,-0.62903928896454
1323,-0.3921368937176803,1.0986058327182646,2.416217738829729
1324,-1.8639429301879384,-1.596004611285392,-1.6857425577466878
1325,-0.7540132524950125,-0.911762339317612,-0.489123911161096
1326,2.3146753652648497,1.4695602015122065,2.481086851182433
1327,-0.5659793723718757,-0.8720192025868017,0.7583142819795381
1328,-0.1116290716692157,-0.3282821394150228,0.1716441061031747
1329,0.2457392093910058,0.965009758517176,0.5910359441205687
1330,0.2573235560838611,-0.2267074704663129,0.0027616525253925
1331,-0.8945449613827365,1.8097837282064568,-1.0436698081739744
1332,0.4345976875821865,0.6119077329986246,1.3309476335602848
1333,1.9061095237263637,0.3696424968785091,1.362793303490751
1334,0.2925637858689916,-0.1482825121826126,-0.2107037180794777
1335,-0.8253409640234436,-0.959149741991292,-0.4423557227434874
1336,-1.489793443841343,-1.730594162815443,0.5328583935206489
1337,2.2729766798411344,0.7903520794806698,2.007955587448196
1338,0.5895135546814848,-0.9900536117581664,-0.6035087411105264
1339,-1.717942872461295,-1.969376112735212,-1.1806724820020185
1340,3.007348349795921,2.575895736355466,3.6115571297008295
1341,-0.611843751613665,-1.9805958149476128,-1.3473809669883483
1342,-0.4168080012905775,-0.6650824330503784,-0.8871482458038744
1343,0.7766007774727697,1.9085469893667328,0.5013226598619781
1344,-1.1589216322596527,-2.4566416791447003,-2.7222162417116977
1345,3.257967776547179,2.934067308345088,3.216938019958437
1346,-1.8484618747552684,-0.2108722768187598,-1.080973311983017
1347,2.7914796449331982,2.7616692438242287,3.1881939241019257
1348,-0.4547862027918802,-1.351653338988574,-0.8005870381870094
1349,2.2109200196496617,1.098398878210069,1.9694079133201607
1350,2.3796373459244355,0.5317672779229842,2.3311113094080795
1351,0.0801882510871096,-0.282750663806083,-1.2742849052481553
1352,-0.8110192806210146,1.236917766516346,-0.8230627157208279
1353,0.4344315274091005,-0.6410780307682362,0.5232257748518211
1354,-0.897111307460022,-0.3973210590195707,-0.0399272206328912
1355,-0.7006160775739013,-0.8431657645916326,-0.4946640411426749
1356,2.0629254961045764,2.0470507177445456,1.8602038941295536
1357,-0.183329471987734,1.49746961635899,1.7589046451334098
1358,2.211937462883598,2.8604015235269307,1.988923432566598
1359,0.9636066305323524,0.0788545929656995,0.7039210590592071
1360,0.2789395525847413,0.439304506714393,0.522268181912574
1361,1.6074416530942883,0.7910564300770996,1.782833125199502
1362,-1.3040477347892594,-1.4465374292392346,-1.585378187986425
1363,-2.5336821408442267,-0.9047857506886966,-1.8826042957159812
1364,-3.769275366080073,-1.269968773675415,0.2147720472228176
1365,-0.3890876437130058,-0.3908030619899227,-0.3216570018449385
1366,-1.7596734317334473,-3.0221286796291293,0.5184568176388735
1367,3.229993990771381,3.227188761788607,3.4783761348052784
1368,-1.9884834981182284,0.4500256794908444,-2.4576684172610856
1369,-0.4969728664320362,1.956898025864814,3.053265995974205
1370,-0.2699132116055783,-3.0662016152425995,-2.210933785864318
1371,-1.8640775074142149,0.9161267417158072,-1.6865174262532114
1372,0.4501814812267936,0.7906193204738662,1.5001740087977171
1373,-1.1818607121755356,-1.3608350861580272,-2.7295651016787605
1374,-1.4663680297220296,-1.7159004345134674,-0.0719305566114191
1375,-0.6672888581572435,-2.3866745480486458,-2.2999497765818764
1376,-1.1877672132128327,-1.7527445090236138,-1.1483569935493976
1377,-0.4626956506436985,-1.408965848642101,-1.34023269096496
1378,-0.9888164668536704,-2.0633343694576665,-0.9304765806504932
1379,-0.1447496833880242,-0.715925599477526,-1.6064661705385426
1380,-0.3471712420700884,-0.9450379990002612,1.791988638171397
1381,1.3894407901578083,-0.1987898173784854,1.5699762583135408
1382,-1.4766909869256644,0.2025685322166889,2.5587901407130174
1383,-0.8741709439498896,-0.464975764114204,0.4502432274004211
1384,0.206461795178857,-0.6002229315223312,-0.7098044396906373
1385,0.4946412678519765,1.3239701838389446,0.5820200553494218
1386,2.510440494618952,2.559104434857497,3.012689224606946
1387,-0.489132568980641,-0.5595316609246207,0.6983687418003265
1388,1.026496487843627,0.8682739902822697,1.3241335506165646
1389,-1.2151286594331665,2.0396342726270564,3.063119479054502
1390,2.888650166113481,2.5133301324266237,2.7273768511706344
1391,1.3732180819715891,0.6117921788010608,-0.7905671496321913
1392,1.6515822832772278,1.175594985076836,-0.1282083282433693
1393,-1.647705862422138,-1.2764153703468415,-0.0964093888385707
1394,-0.379649274646115,-0.4640413683011132,-0.9181510998215616
1395,-0.0701821483339786,1.1486269053225897,1.3302251125153752
1396,-0.9176606173494604,-0.727260590100935,0.3451875397645604
1397,-1.1439990147907069,-1.5872717053904468,-2.638898050195593
1398,-1.483734733185067,0.7759859200536352,1.1505087848403812
1399,0.7840174897138058,2.543028144218642,0.256876964180058
1400,0.9648153005984738,0.4138960463956436,0.9648117201034628
1401,-1.1758467564790116,0.1476165237974358,0.7906587669502555
1402,-0.4585696857375467,-1.33931139255902,-2.877331173950147
1403,-0.5558308904724579,0.4502158043995678,1.7284264837960686
1404,1.5695618956831976,-0.9231729281205222,-0.6364615182811233
1405,-0.6583504329639543,-0.6156215906059861,-0.4097224639310027
1406,0.2920768351097798,0.3693838440821242,0.2922690626459985
1407,-1.446112002797333,-1.1813603244545985,-0.3755930102431891
1408,-1.9013911273133368,-2.4877579051519567,-3.0571930233622395
1409,3.058373746139517,2.685265683318232,3.280428102586342
1410,2.529067183835441,1.9490865090562224,3.792889268282929
1411,-2.5743429946026133,-1.637604285329694,-2.319858818286429
1412,-0.9303965062090542,-1.345117628017974,-1.6472590392721662
1413,1.7498481711753424,1.8771016748021925,2.019211692791948
1414,2.082845374391765,0.2923798799993385,-1.2766506277105332
1415,-3.103915516267437,-0.5438057153165333,-0.593172469340426
1416,-2.278843530932096,1.2991297677705789,-1.7851677808615043
1417,-0.644226159783517,-1.35509219759495,-1.847831586719644
1418,1.433509700615481,-0.144953815941892,0.2919899758640966
1419,1.8026317493471888,0.6698921901118079,1.1753869929137248
1420,1.926800599863624,-0.1149300411386894,0.3279882418733818
1421,-2.589509650140322,-2.2350665636181444,-3.249930923520727
1422,-0.4631409699016072,1.999610940052485,1.6754092349499048
1423,0.9722975960321484,0.6091989746814327,0.8819382629431095
1424,0.7890465076606044,-0.7327144258922508,-1.4259442054262583
1425,1.2117051253253142,2.521271992413438,0.8774654765605135
1426,-0.4265817045270522,-1.7992095842675335,-1.638321189581482
1427,2.2890775714433604,1.3221531347864868,0.0130239999637318
1428,0.8818138749731651,0.0007296981012796,0.6110631245934189
1429,-1.980897235331772,-1.75326187933097,-1.1524553779449258
1430,1.7735687707686951,1.7043858109918932,2.337588349756479
1431,-1.3105204621509945,-1.6887876499422891,-1.4154624227510124
1432,0.0850923275368816,2.276060867892108,2.8461805587017337
1433,1.4665950852898375,1.3477242140677226,1.9674014971602396
1434,0.3251636846008569,-0.1823271050789883,0.3250823151612139
1435,0.4088027061344667,-1.3008813451412002,-1.004869988506974
1436,-1.8037963372025327,-1.3511233507571925,-1.5063733713844978
1437,0.0977599124912948,-0.0357701733260834,-0.7161845115332218
1438,-3.377345079863442,-1.0203331172743255,-1.6869649881295894
1439,-1.1857403020816613,-2.3002624757738173,-1.8037047456772044
1440,0.9084247012995174,-1.4072248651161217,-0.96234925014641
1441,-0.2435303531375879,0.9635079551124356,0.7906240587893484
1442,0.9463924757551204,0.7843050342659673,1.475534502601866
1443,-1.1233177631998204,-0.7697287982691194,-0.1534993970699526
1444,2.425425888552037,-0.4470304817141356,0.0628949634592683
1445,1.7509124864074233,1.0582170811788087,-0.0392228199721448
1446,-0.9071539674439,-2.144667849421729,-1.8833690473888844
1447,2.2664803095792974,1.7525540816373053,2.3058422962849723
1448,-0.5292759631200914,0.3448658303487398,0.7006063654645517
1449,1.3283117223354082,1.3284034570868974,-0.9591521495655234
1450,-0.8541190443475776,-1.2770007892246682,-2.1617786209962278
1451,0.7860451102399765,0.5206507002816935,0.947817372116602
1452,0.4946054687573833,1.5782166218844331,0.5792054740379624
1453,-0.1080220003883366,-0.5142986318237948,-0.235321966650256
1454,1.3247119705454886,0.4400655333042377,-0.9469941112554064
1455,2.183934074140889,1.399788284977604,1.252756734036393
1456,1.3247054112565653,-0.1203945187497066,0.7002089892316575
1457,-1.0016236848824356,-2.148196742488836,-1.5546419374707865
1458,0.1699584027333107,-0.2277145760206596,-0.5442845410840786
1459,-2.062943397485486,-0.5428489463395229,1.6012644657689723
1460,1.3233822946816804,0.0099214117656583,1.459092915197138
1461,1.4996391714376631,-0.4579045686188074,0.6178473076251026
1462,-2.6765129824262512,-3.4163984637760576,-3.5691405907163314
1463,-0.2622768468245525,0.9635343712212489,1.131243671664107
1464,0.0110960371302801,1.846712829002857,2.387961473114104
1465,-0.1708895484087035,-1.0751252134789933,-1.414275237806946
1466,0.7572683258244685,-1.1735788424080138,0.7581114204435102
1467,0.1470823971847043,2.5040754609496463,1.1312935424345574
1468,-1.528230540575101,-1.9449049737126165,-0.8949733927245828
1469,-0.6757307207798748,-0.250219631590623,-1.2415810404410472
1470,-0.0546830985835314,0.4081798825950392,0.3246743726605884
1471,-0.1451802778074696,-0.3127973883997272,0.8773900781154029
1472,0.0029671311828978,0.7911445856675532,0.4407072702805282
1473,1.2831188039244008,1.0642160720982428,0.440777961526151
1474,-1.506657328964975,-2.6304716298653967,-2.631388499197068
1475,1.9375177622236897,-0.7181022370076608,0.5899589559143217
1476,0.0869175106474157,-1.1316167693852848,-0.5507267674703693
1477,-0.4905998613142115,-0.5496792573860799,0.3502989512292125
1478,-0.8969863475993104,-1.1025732089464222,0.0189497287346029
1479,-1.7995889047867333,-1.7994774145307864,-1.2438796170646735
1480,2.2323809097477563,2.353767592403565,2.4424112655102848
1481,-1.7304749941810658,-2.075308154098375,-1.81557774631498
1482,-3.021796622131299,-2.9907706061853703,-1.901795305623969
1483,-1.0314847889149186,1.4063594946062707,2.258624362255692
1484,1.058386846028469,1.3281426982778186,2.160031699040172
1485,1.9946883790862424,1.3498589933300795,1.5402797177229717
1486,2.6171445999379825,0.9725612794468628,0.6977330365528305
1487,-0.3290388235346654,-0.251304921951846,-2.1632257025444925
1488,-3.3995083608901924,-4.135024042825269,-2.6715356033712374
1489,0.1633787272438549,-0.1987553730000322,-1.072793611046656
1490,-0.7284116530625709,-1.0434941146459868,-1.4126145766883205
1491,-1.400235060501636,-0.9288898384502444,-0.9888099953521922
1492,-2.289457269979718,-2.2043177959008173,-0.3518573663180932
1493,0.500940812415587,-0.0348793399940733,-1.159695489934963
1494,-0.5608432863932414,-1.9844517956873504,-1.2758586111177206
1495,-1.0105953618511612,-3.15649416284442,-1.0361897072296629
1496,1.3246644902725675,2.274213741250286,2.8576027044397887
1497,-1.2761871019984865,-1.901342204205983,-2.5349050918629907
1498,-1.1561785409829852,-1.429936307924744,-0.9441810111259245
1499,2.5863047315776626,3.0733619875978477,2.2512149894879947
1500,1.684087115244432,1.6780248433293876,1.6774915965034354
1501,-0.0942759326782362,-0.1925958604760991,-0.4283398787820622
1502,0.3235273027987291,-0.2397455092516814,0.4081729648956009
1503,-0.3576554169355644,-0.5379305177634537,0.0029192131807486
1504,0.6115262103914001,0.4394111846042446,-0.1164480927540867
1505,2.782755271827312,1.7530831506454767,3.175477680738715
1506,-0.7299408411455355,-0.5458019041243372,-0.816856079388821
1507,1.327839105552187,2.2940008225514514,1.6315224831221755
1508,1.84788557465566,-0.0036195685919848,1.03073596263174
1509,1.5236436353870426,-1.0390837847623973,-1.7582091599261818
1510,-1.6779018445725795,-1.2919130089994186,-0.6949058626956964
1511,0.3591968651731915,-0.2081380372311051,-0.2547978669510542
1512,1.3003813911375302,0.9469345660320866,0.0827834882054899
1513,1.561978937537178,0.9634725954331496,1.5000399144695709
1514,3.039129896918912,2.834569055949086,2.8532767719856507
1515,-1.9387337904119304,0.1671219231926017,0.9729516167676951
1516,-1.2067983249108798,-1.6202914137443711,-1.4524186831410684
1517,-0.7911872394400111,1.2404218051611815,-2.2379076081490004
1518,-1.730376020831352,-2.764240374769536,-2.684010618008032
1519,-1.1526837518446804,-0.0050874370952497,-0.1723759890179332
1520,2.17097174955578,0.4321674935117584,0.1994017939911712
1521,-1.8832909926802224,-0.1148233004239678,-0.9958611838234784
1522,-1.445132821909414,-1.402916011168018,-1.5594575507958952
1523,1.0156328703455717,1.1799165872109272,-0.0039446555784332
1524,1.8512784532495452,2.1610915255634344,2.732450375066395
1525,0.9459124186094396,-0.6823164495992311,-0.9313483676919512
1526,0.7007115500229767,0.2810307433383208,2.1446620839052484
1527,3.2357143417070766,2.801987316427841,3.015447052497245
1528,-0.1757412534475017,0.9314960050423858,-1.2272333263163329
1529,-1.0516740543632357,-2.096427928283396,-1.2422826939978628
1530,-0.444762370984949,-1.687155124761209,-0.650026532293751
1531,0.6177151086231492,1.6213713529488742,0.8775734509245643
1532,1.99849933124036,1.620801215138478,2.484768246854306
1533,-0.2555140015887984,-1.638677451102554,-1.1235446212057336
1534,-0.153948816611789,0.5232556253811614,2.254944416870924
1535,2.302511729622533,1.52433009478781,1.7974238231709392
1536,2.863908879247735,2.3528917346317257,2.6782998550289694
1537,1.8774045861007225,2.6237192064608537,3.090839397521244
1538,3.190908463959925,3.146098388482084,3.500938860176106
1539,1.5218990542823532,-0.0587128890963171,-1.273609468055645
1540,0.1640253880225968,0.758050141155986,1.015450704260363
1541,-0.115117821477553,-0.2347185035411184,-0.8369840526016147
1542,0.048134435284147,-1.1259085834910716,-0.2612303010068922
1543,-0.917899291097992,-0.644753018736566,-0.1966594697157587
1544,-1.8038587100772028,-1.893521208162996,-1.9389110104726563
1545,-2.4126302547711806,-2.3719909074591805,0.9630963731838624
1546,-0.3838777082395666,0.0141986829758489,-1.5629513553664238
1547,0.9455181817356124,0.8660538571625799,-0.8247024542710188
1548,-0.3511257704076408,1.2115339536785197,2.4029792356528725
1549,0.5824299290411405,0.0866759388182811,0.0894499651167834
1550,-1.143481504260163,1.033854643326027,-0.5790294203508715
1551,-1.644564395813007,-3.0433767535517324,-3.18195178770598
1552,-1.0514582730290605,-0.7559888604983289,-0.579701032740193
1553,0.0651085225839356,0.4402224195693018,-0.2086051182323395
1554,-0.3761462325935176,-1.3903613748754395,-1.3473478240529728
1555,-0.1461960541889673,-0.8847381574514721,-0.5646022824062848
1556,1.9203821591639736,0.4499725807429719,2.126539750610917
1557,0.257322040236668,-0.6785029278723689,-0.078296935182039
1558,-0.5207069974719057,1.2403791928593284,0.7892936735932121
1559,1.287630784171244,-0.4304757249595755,-0.4363606810266692
1560,-0.4847940647632432,-1.3434697603511505,-0.5664964240202962
1561,2.606687473369177,1.2893227604919888,1.7175924439038943
1562,3.116657110804819,2.7740630651477645,1.8959749925663196
1563,2.149604298908426,2.2264783868663405,2.232585562520445
1564,2.997191716266927,3.0335871913172907,3.3965836175146484
1565,-1.0039291411139917,-1.5226376757372595,-1.408833864188074
1566,-1.562263137489608,-1.8188727701772744,-1.7740462072927057
1567,-0.1525270976992313,-0.9176671471527534,-0.676752007760748
1568,1.4332540684952162,-0.202475514786742,1.5000463111954718
1569,1.1529280099592591,0.7910623560364154,1.4087399201864157
1570,-1.360634011694354,-1.7994473225382297,1.0156797954067611
1571,1.5233067264559852,1.632519006287812,0.9728913309395008
1572,-0.8701565246154785,1.211554565350867,-0.7556981312010003
1573,2.614942500337536,1.4238764125239065,1.6188534237682628
1574,-0.9645885093435216,0.6991855016400341,0.0458228714768612
1575,3.095473794964936,3.3500774168914216,2.822417209786809
1576,0.7582078070556837,2.126109485716177,-0.4832090985927245
1577,-1.5276312621244894,-1.8152832600077604,0.0169963877915357
1578,1.649455348811902,2.1444967817096026,1.968748395990692
1579,-2.72016028650338,-1.0869286269921647,-1.0861209719473364
1580,-2.4228974633885687,-3.0132166390243893,-2.913314654949558
1581,0.8820859065737818,0.3592546763605649,2.5701939253841872
1582,-1.0256210115120157,-0.6098005771186454,0.0092977235138011
1583,0.0853641597498688,0.2573553305731004,0.25750102680908
1584,0.7039399530921924,0.7907074531418352,0.7906794970804901
1585,1.579144861854061,1.3287455870561875,2.0666147340570813
1586,0.927626572528677,0.7907762517795633,0.7910359399910245
1587,0.7008139941899779,1.891626184010208,0.700902007921348
1588,0.5805281381705637,0.152157036981293,2.6808873052088718
1589,-1.02270118259541,0.6353798809707207,0.1694533678841452
1590,-2.601477476724872,-3.068584170697234,-2.8306401821273552
1591,0.5233664571317006,0.3455953609613101,0.4341083021460868
1592,-0.1193041249401301,-1.1751702591637925,-1.094168610541031
1593,-2.056491624121535,-2.7880173560325066,-2.6509975608983525
1594,-1.94509308483726,-1.7305581516177786,-1.379086137878352
1595,-1.558373020431072,0.256363208585239,-1.8243183825422191
1596,1.9511572258394776,1.7451030715193645,0.5005133445241414
1597,-2.118920083628137,-1.647460773053821,0.7038902007796293
1598,-1.7535948992989234,-2.58931072434714,-1.78805360410621
1599,1.263258293379355,0.7846607919418168,1.8030596410841075
1600,-0.4482150176310104,-1.864009848405041,-1.4829717173516832
1601,-0.9161417967638236,-1.9015980214991532,-2.021446264349905
1602,2.1820821158328902,2.4419277752184514,0.8706316757196108
1603,-2.0621367335715144,-1.684600298081134,-1.4374009517921076
1604,-1.6687825577220283,0.0507146698960187,-0.7221558192527048
1605,-0.2283059604823081,-0.5474260760898918,-0.2306255564985891
1606,-1.8484916897049195,-1.7591269833362415,0.6998862722166339
1607,-2.599577412216508,-2.632817642987271,-0.2847645071149636
1608,-1.1355087310427892,0.61272629048288,2.169903057267343
1609,-0.2029966680882446,0.8706968654218804,2.281677905851607
1610,-2.0751889854639978,-2.7369063514268315,-2.527084739075386
1611,-0.2934261145764371,0.0853504296724085,0.2573465269990176
1612,0.7906746403071209,-0.5317135161864142,0.5330923478475827
1613,-0.2297058438442744,-0.3882718235418771,1.064654292228215
1614,-0.6117576106818283,0.7842601418683267,-0.0795428449711087
1615,2.045407162438304,1.8827703091452368,-0.9745638759379924
1616,0.0052918326221448,-1.3898159998164217,-1.0372552935301935
1617,1.7405259120351098,1.2509829206054246,0.7581839986401169
1618,-0.9026608315015828,-1.5883284664658808,0.9730277641491044
1619,-0.0610416173172271,2.4804815524815824,-0.9403242209555146
1620,2.1561146374981117,0.3297640439335045,1.1501999980120166
1621,-1.467857346087002,-1.3192852778825532,-1.759400923093636
1622,1.1520615875223978,0.7003279508807655,1.7087749141134854
1623,-1.730565259091002,-2.118331821761021,-2.7812896787170955
1624,1.3258677087948678,-1.7177796147545514,-1.485838376187907
1625,-0.3546889366396604,-0.8893955988633587,-0.8013259637820095
1626,2.844361542070055,2.373874056322678,2.761180243575996
1627,0.8455019680300006,-0.4617288924193919,0.1631990976484406
1628,-1.489974814567033,1.1780067256910056,-3.3141665069898147
1629,-0.6516865855927414,-1.6871372222861545,-1.1803395129804206
1630,-1.2819925668249468,-1.560887690328991,-2.908678406124971
1631,-0.2786396895890635,-2.1208983623882887,-1.0271117706196906
1632,-0.6279138307255039,-1.3026305342673734,-0.3013553363379175
1633,-1.8185536122599129,-1.7739968211546224,-2.049362938690211
1634,-1.602981761408426,-1.956037336227869,-1.0573923518265316
1635,-1.0750640327102257,1.961689551729508,0.8672117312108215
1636,-1.2060526309799715,-0.4638554340678676,-0.7344788746126036
1637,0.0178008443683577,-0.8223957197886701,-1.8832657430772728
1638,2.0490257914652825,0.8456088464863222,2.304638244559852
1639,1.6816546010131497,1.2406661430793475,-1.4803332629245942
1640,1.2126626204263806,0.7882862923883156,0.2760762248592247
1641,0.2921771097111719,-2.875824047818338,-0.1732482522412733
1642,3.059498737964032,2.5098140665604927,2.8469011691365917
1643,2.540002353289081,1.3251135182873897,0.882255613267196
1644,-1.6376346079122317,1.0978432716501838,0.2354895467822912
1645,-1.8036321164598543,-0.1236195124086186,0.2732018145991328
1646,-0.9583185541582336,-0.2306104563284735,0.4342651923305691
1647,-0.2849591926523387,0.5329635841243539,0.0146681572504108
1648,3.3831934906468764,3.2129557687141075,3.695486734815298
1649,-0.2369672152019037,1.1530669476246334,-1.5881774835608475
1650,0.9458965605157276,-0.3582294566072153,-0.4304772408067686
1651,-0.6265186437764257,-2.63102857312488,-2.345098912617953
1652,0.3693220386795532,-0.0408767163752632,0.1475482032110768
1653,-0.2044687760377467,-0.206733394693523,-0.2106981801732578
1654,0.2574586996913044,0.7840367293127949,-0.9117970288976072
1655,-0.3923347224695455,-0.1353013934730925,0.3685806403789469
1656,0.8707131011147753,-0.039933949494205,0.0987533763915088
1657,0.5331037790336837,-0.2612231046902536,0.7039352147767102
1658,0.6690816663276214,-0.4974909773205528,0.6691857200566724
1659,-0.7877125597565171,-0.1949746725349965,-0.8369883162400449
1660,1.1653827220066093,-0.2489173428791259,0.9459955569977976
1661,-0.0324984960097601,0.3299426982880201,0.7764301483656927
1662,0.1328652616022642,-1.7592953781718712,0.790423421665392
1663,0.8707897730941493,-0.4631852524701199,0.7766595469770886
1664,1.99396981500121,0.6118219746919391,1.063182626313436
1665,0.9631980692798991,0.9636153964159944,1.048585771861124
1666,1.517008701959444,1.7472231674513006,2.138479485261748
1667,-1.101768279848947,-1.9692695801638624,-1.2954640947110747
1668,-2.3288805286232104,-2.5610530120199897,-3.123520437313691
1669,-0.849884932180341,0.0850965252675701,0.2567801831669623
1670,2.481588837165747,2.926428765192584,3.353948491721544
1671,-0.068611136985091,0.3165615541730897,-1.7147396317363943
1672,0.7835831411911774,1.7423226757523578,-1.6814164359575456
1673,0.8774177380320304,0.963497353131544,1.7543290776689766
1674,1.5001095677071592,1.1311158556039749,0.1472639042821445
1675,-6.0301080851921096e-05,-1.3904137699341343,-1.6790676890337055
1676,-0.3741516531650076,0.170481719825809,-0.5292736018965791
1677,-1.6394276756066366,-2.4068622629418512,-2.574224701942218
1678,0.4089099304757602,1.676088694717336,1.1757646993030555
1679,-0.8853006596579269,-0.7772568873328266,-0.3989192489164338
1680,0.5014504464942681,-0.8453007421257601,-0.5899026131379447
1681,2.9704684496754803,2.8519430529108334,2.603587623071823
1682,-0.2369688550241345,0.3591739971068091,0.7907606287459462
1683,-0.7971845677182859,-1.7181356456856425,-1.24019167619913
1684,-0.2250867383078503,2.209899035267268,2.330303244226984
1685,-0.7533046895930515,-0.508294628831391,-0.1882346260628625
1686,-0.2611109418201047,2.0751787824273644,0.4000803977322442
1687,-1.6071188734962163,-0.9079507503961888,-1.2054933303301836
1688,-0.1559667007348348,1.426000231045022,-0.4408650501117711
1689,2.128293634018827,1.3918985334732423,1.9022838615405544
1690,1.350399101345332,-0.2245922514629278,0.8662881138557236
1691,1.6339426108895485,1.0980549532529955,1.4674520326083873
1692,-0.3738429681030698,0.4403961214659692,-0.4065965388216962
1693,-0.2407504203900838,-0.4547668908809483,-0.6803002932816515
1694,2.917214179206648,2.385001585640859,2.817719784064105
1695,0.5820872723289638,0.758117185193042,2.7763155854202077
1696,-1.6028595307166702,-2.980406958188888,-2.764372482688908
1697,-2.877689223451249,-3.133378298525047,-2.725081118160692
1698,3.071355830194397,2.6309140065981422,3.2702077683729898
1699,-0.2932777947587771,-0.1537851925676606,0.0850523033408032
1700,-0.0925757452650779,-1.774205847984059,-0.8050340631030755
1701,1.8773573151545608,0.9315579184523588,1.176583524326568
1702,-1.9014393239584024,-2.8031393943026104,-2.5457599680758465
1703,0.2172714197962653,2.58583793758438,1.868312573414251
1704,-0.758218607969776,-1.969414390672104,-0.6971794799110814
1705,-1.0455765267180208,-1.1152557336898532,0.975096027206402
1706,-0.6682794713841838,-0.7415980558711001,-1.3527111521336876
1707,-2.0315877171440717,-0.2632948146769606,-2.375465751118055
1708,2.814647249777721,2.824443865132248,2.7558664047006567
1709,-1.4828215674628684,1.0975215986263032,-0.3838780541245384
1710,-0.2990722761094178,0.7579332320354788,0.4079921823502802
1711,0.3591293641271813,-0.959542627264567,-0.8271120150218351
1712,-0.6279123440292185,1.508722111235952,1.9306571279930704
1713,3.134813829310572,2.936652408871046,3.307347940411005
1714,-3.356637266986074,-3.9066907795479455,-2.8478331598545354
1715,-3.4629127373596567,-2.600128509404594,-2.863509722415523
1716,1.7398330279052514,0.0041900211577879,-0.1208981528792133
1717,-1.7141643323020124,-1.9797367960036647,-1.3685157247794797
1718,1.7915796160001265,1.736423748042546,2.030817037936833
1719,0.6117330068821801,0.4405580166425747,0.0103594796143445
1720,-0.2087864519864156,-1.5228407762301266,-2.3772066430875456
1721,0.7906566347082885,-0.3926317556213362,-0.1050237056141626
1722,-0.9238834032842548,0.4343283331963418,2.083524254024957
1723,-1.0607405293703758,-1.317432338391636,-1.0584006521217564
1724,0.2183691986500769,-1.41526744106892,0.4500886694722859
1725,0.5242242811292842,-0.2164124907629297,-0.4763341234649454
1726,1.745999800321608,1.3706581133654443,1.2853019520055706
1727,0.3296481408406908,-1.151979523186206,-0.9948639450728048
1728,-1.6460043333324783,-2.247225374834149,-1.944431142164396
1729,-0.4158731057965779,-0.9010267304614246,-1.2364067722464598
1730,-1.5471883678196914,0.3586252529584803,0.2793820362525135
1731,0.8774241939868749,1.3630490540689029,2.0475174418195428
1732,-0.609531397323006,-1.6726107972572313,-1.5876833902152294
1733,-1.37822660744988,-2.075364303136839,-1.9450361065935864
1734,0.7906627945184154,-0.4222297617388156,0.0170011557214897
1735,-0.6863312589469441,-0.5186331962288295,0.7579200307590508
1736,-0.4215123456015336,-0.5838504265938785,-1.2596034448994686
1737,1.5336849158404011,2.41845149411269,2.652459127095728
1738,-0.8945321059912804,1.0153868308355498,0.3204062674021535
1739,1.2407345428805927,1.4928434933394017,-0.3245192860891269
1740,-2.947876166452159,1.1776008873239592,-1.4919050833002976
1741,-0.9013810167511684,0.8774285769286959,-0.6661706808408603
1742,2.1502242205487176,2.18004054455204,0.877840158857269
1743,2.3073264862117924,0.7003893100471476,1.7128052990073228
1744,-0.1438604643174643,-1.9845204893313464,0.3962456669834061
1745,0.0054211600435735,-0.5613038722640208,-0.4547753362390125
1746,-0.1955562759899914,-1.4465563545747355,-0.9228787719355648
1747,0.2922605632926022,-0.4054559472449799,0.2923186668862028
1748,-0.8051091381697899,-0.8270741721100153,-1.0023938518601432
1749,2.054252574570874,0.4949919375660025,-0.176162080163331
1750,-1.6473838938851222,-2.07530957559302,-0.921320736734439
1751,-0.290870010039877,1.531949906780497,1.9356867711542596
1752,-0.2321453682150826,-1.9012815592466932,-1.2504987419415812
1753,0.2921799230859895,-0.6210621543660445,-0.0454394180399088
1754,-1.7597167230403408,-2.844262230794476,-1.6298604528102845
1755,2.926521207453688,2.672896901177683,2.929252776371887
1756,-0.7681620331611659,-2.246007864670996,-1.772734371556432
1757,1.0971388192573843,-0.2517840933466626,0.494566037870585
1758,-1.0960571959531813,-1.3436404581663963,-2.329488454499577
1759,0.1369669638556671,-1.3542300685108386,-0.3954142034354488
1760,-2.59357598745154,-2.429507420276227,-2.631352244218292
1761,-0.0770974919396184,-0.8975927244731715,-1.2410730874914693
1762,-0.6674691053049524,-0.5928222305642049,-0.3069677022684275
1763,2.5971501676382283,2.4657265607596703,2.435946095267809
1764,-0.1525337732570623,-0.42106301351242,-0.3624318222900063
1765,1.725557278695545,0.0812179604327125,0.581637621865475
1766,-0.0530401449669373,-0.399485969363444,0.5815122385631559
1767,0.1642415084825481,-0.6736608583032658,-0.0517499363742007
1768,-1.8933624733710532,-2.8232777536712304,-2.431604007535693
1769,0.0837841805601736,2.167677560380662,1.559958679190609
1770,0.4573910355321472,-1.272697023670989,-0.5209894429874907
1771,0.77641372747478,-1.2404220712455825,-0.7239269615985257
1772,1.0154433253809625,-0.1251585739747557,0.6699418246052776
1773,0.1568620237830036,-0.5029595051977648,-0.9235458021479024
1774,-0.5137985890338939,-0.2727348360992369,0.3224384857308897
1775,-1.2634260617094897,-2.0628259776298385,0.1700989101077448
1776,-0.6841855786173724,0.2162011824011941,1.676896592179769
1777,-2.288778506286892,-2.369922869666972,-2.6354419590170903
1778,1.6062348071702484,2.0980191304987224,2.322608643233491
1779,-1.588434846206236,-1.213594143604523,-1.4241258512769366
1780,-0.1823075049305798,2.048325028512184,-0.121853326006888
1781,-0.0765623395786511,-0.4189614079828648,0.5233204569995725
1782,0.0058110897852685,0.5243190926691748,-1.2749909960828734
1783,-2.791847916801469,-2.9674880749496952,-3.2602114490409018
1784,1.819804173587811,-0.144399521391277,0.96489036752836
1785,1.531416659954545,0.1724397167876933,0.500969857638047
1786,0.0805572177908146,-0.5145994906409562,-1.1236793245145813
1787,-0.4551093770869113,-2.488684482744502,-0.1999087989045034
1788,0.085414649121761,0.0025594035287485,0.1699921011824488
1789,-2.6720587134004727,-2.6369513494139465,-3.05641143822345
1790,0.8821403486718448,1.944145217820644,2.2374259330537503
1791,-0.9884658714015148,-1.3527126068333954,-1.0721807640711052
1792,1.862137052128882,1.4882172736919927,0.7909424403089187
1793,0.7582095941280386,1.968722138715845,2.6074473938421057
1794,-0.3099841320400552,-1.901616434214516,0.218333453982658
1795,0.2775909925970719,0.9733437429855069,-0.2010042142280833
1796,-0.1027990153779769,-0.9476581432534102,-0.990041512154336
1797,-0.5558521536631843,0.368919874153001,0.5326499076394319
1798,0.6831246707546196,-0.4258055018817548,-0.7180074156225412
1799,-2.0316846156956823,-1.0773902467373742,-2.371988775217213
1800,1.9708917598496736,2.7398673800297586,2.8279924143541098
1801,-0.2813441142270669,-1.4670980189492877,-1.6726958294936365
1802,-0.8566334663085828,-1.5887064007676583,-2.812187307959808
1803,2.511687176844959,1.7826714771552068,3.976897098325531
1804,-0.6626673656509244,-1.4925805966504466,-1.1071632783458794
1805,-0.9470452737090076,-1.4255902423440006,-1.1190430671141347
1806,-0.6101167298513892,-1.44622003497439,-0.7789731215019738
1807,0.1008011726071241,-0.515784144033533,0.7762524817339387
1808,0.5234634130502417,-1.5565500392759652,-0.8511090370905565
1809,0.2077692999808569,0.3588775768773777,0.7007182882015979
1810,-0.3110005895544034,-0.4918377484143713,0.3699394708013562
1811,1.6007821849821875,0.6975580824282778,1.6521339038838836
1812,-1.630144052611366,-1.5071420007865035,0.7907847788551636
1813,0.7579590581133818,1.3937327614793054,1.7984475788419385
1814,1.2888831632731272,0.7038991443501019,1.0485890886819615
1815,-0.6593979103774272,-0.6382549544063941,-0.5017876186375662
1816,0.4345041714707374,0.9462455551810232,-2.1473813333025964
1817,0.5012086087493425,0.7764916958402787,-1.116042959017974
1818,-1.6848082023538449,-2.3232247382579287,-2.761441003301243
1819,-1.0041096562236551,-1.217685589515246,-1.5051583525563157
1820,2.1231847014163776,1.4940316003563356,1.967074378143658
1821,0.7581917234044897,-0.2387719583507326,1.1758066666796478
1822,0.0853681534242044,0.6115105810340413,0.4344534488915849
1823,1.7166933251910308,0.5910256964969165,0.1725514837914426
1824,-0.9448236107313844,-2.2040920151680905,-2.4502325787748616
1825,1.4529322093128976,1.1500976452408394,1.2407991152561364
1826,1.7889611070122289,1.015858617937241,-2.2358528127976176
1827,-0.8724103450659659,-0.6527454834968262,-1.5880827912807558
1828,-2.702938552313776,-3.030923328497348,1.562021819292292
1829,0.0800617676782065,-0.7228406970922557,-0.99196209078772
1830,0.4501792305269396,-1.3436519485814409,-0.1984387365261493
1831,-1.68707215604923,0.7754158805548111,-1.1266014684094483
1832,1.4586331187744728,2.5770219681726143,1.3316963317515904
1833,-1.1903467693714778,0.6702010653917275,-2.9153908804799262
1834,1.6829931352317036,1.2521555859552054,1.3934125872903032
1835,-1.34255384396844,1.7749432376321956,0.5325852888620434
1836,2.519452755843045,2.6215648869131485,2.931090622617669
1837,-0.4596995905958254,-0.3328011052564795,-1.2150976588968383
1838,-0.8590138886933176,-1.557345859052325,-1.6136297317453687
1839,0.5012055221157122,1.0583522757318111,1.242081055935428
1840,1.8888300065839227,0.0821226079802209,0.6117404650910513
1841,-0.1781864007852086,-1.4920263736304489,-0.9082640276137646
1842,0.5247523933324544,-1.0351333039336248,-0.9717066496830268
1843,-0.5485138506341173,-1.2494515102117296,-1.3527440914202271
1844,-0.5340898565416541,-0.5529298548897447,-0.3719010864978262
1845,0.1693785328801479,-0.74653785206241,0.1700627629823717
1846,-0.1475004828267465,-0.9571389072722394,-2.0324394293519976
1847,3.270121057199665,3.1096402347117413,3.3115789485112166
1848,1.6831628911231775,1.1690633155950023,0.8670152540938741
1849,1.8535498219477011,1.1767075817364947,1.1763288376922485
1850,-0.7277877846758439,-1.6031895535844105,-0.7443954786557707
1851,-0.8934959952216494,-1.1795727931866806,-1.0557684121410145
1852,-1.426320225414429,0.6117331773641616,1.2733728420769
1853,0.6117988382910098,0.2077616971686958,0.2791624491483331
1854,1.150601507314632,1.1507142311748069,2.34644807287827
1855,-1.3515134495584278,1.7737032877481107,-1.4934427469806084
1856,1.499522845792575,0.2922857355936015,1.131196406967172
1857,-2.3772135571468773,-2.2376058588453125,-1.9097544995965747
1858,-1.2953345285198885,-1.3517687615941218,-0.7776436777840809
1859,0.6830834950619928,-0.7789691088782545,-0.7826067683441098
1860,1.8748978676491643,2.21799941940727,0.7760132676275988
1861,0.9650712442590894,0.3281236833570746,0.030528741604942
1862,-0.9166919947977602,-1.125131973583538,-3.0680601130049023
1863,-0.2938977179589258,-0.1535005922571626,-1.180154162194737
1864,0.0844475703076348,-1.1000727166153548,0.1688308864799441
1865,2.2289159782998467,0.0991577253970641,-1.4444570733101687
1866,3.094837213745948,2.611240000923543,3.740514546212556
1867,-1.0997070122628494,-1.8189742586910356,-2.512717020443047
1868,-0.1527052680462317,-0.1528898807438025,-0.4998036376543938
1869,0.9737590056042474,0.97332466141773,1.4874156093257735
1870,-0.627237661102212,-1.3553359646232976,0.3529112476727941
1871,-2.512930368559566,-3.044458803837133,-3.2159492051623797
1872,2.932229462440184,2.672966769942009,3.2597846061530915
1873,0.8664169608671343,1.2949606049714977,1.1637872345340927
1874,0.3696376697196115,1.7258468263896694,2.767673637203279
1875,-0.5435423637352053,-0.5435429193292587,-1.9561031432568647
1876,1.7729370633283623,1.4608480508396229,1.5191292074272615
1877,-1.6447316913557637,-2.6427243004319494,-2.9472258935950024
1878,-1.4842119267442948,-1.562533896991649,-0.278053689880589
1879,-0.1733830385327359,-1.6390822518146848,-1.6390835200595817
1880,2.0454498778588825,2.484210547122051,-0.1466895201319671
1881,-2.191327958898541,-1.6848130997063144,-2.545298450907373
1882,-1.4467426637806542,-2.9469174771626734,-2.877648973748712
1883,-0.3299099101941882,-0.5458769413366694,-1.291077120317292
1884,-0.9686364012850948,-0.7863542604717715,-0.5898323385795134
1885,0.6119182273253457,-0.3597490642673559,-0.1527936244470428
1886,-1.0982135754472169,-2.377146145068394,-1.6448481191762945
1887,-1.926151213680023,-2.6125448368006685,-2.3213611120144444
1888,0.1480051545103919,-0.8774966491289621,-0.0969975914767429
1889,-0.9344818570472784,-1.2409103671254753,-0.8560186912434504
1890,2.917834422310681,2.882875721136944,3.3213445496433485
1891,0.7039120562597909,-1.0933305323089464,0.2184251107727669
1892,-1.2500226453872465,-0.6797555023146621,-1.8483077910954715
1893,1.1753801905092771,1.1757153530470623,1.572150375952005
1894,-1.528478153165607,-2.232337929713022,-1.564391620389476
1895,-1.8412361071900296,-0.529210387493724,0.0858049139877573
1896,-0.520993146947847,0.7763002628225342,-1.562192885708185
1897,-0.1334030496170342,1.5619158936561908,2.3179355993760478
1898,2.166777598571631,1.908559088970563,1.7544310018151532
1899,-1.13028512858621,-0.2962243304099783,-0.3346407562424455
1900,-0.2425647184550714,-1.2422791135028517,-1.8189089455234204
1901,-0.8021221029740392,0.169772186735824,-1.0978639486429396
1902,1.7416389698747308,1.0970200654170272,0.6702016995141761
1903,0.8677704958069113,1.3215592922718489,1.3015180433250686
1904,2.848390897116484,2.768691149814005,3.147298706251732
1905,-0.5349732923057829,-1.173571463528613,-1.4180609476963546
1906,0.2064687420621256,-0.5935232141862296,0.0007406700027512
1907,0.5805617466603348,1.994137305272163,0.3160700804517468
1908,0.8706820495804555,0.0964561184459012,0.5909185285772761
1909,-2.21134213141474,-0.4812874599401827,-0.353373931829393
1910,0.6115824671720818,-0.8682066273920334,-1.1773263492560728
1911,-0.1520919912530064,-1.0707861953277646,-1.1618961325651531
1912,-1.503979525791411,-1.2857721563133253,-1.1887378801327309
1913,0.8235747731065367,0.5909389003592355,0.3278263788058144
1914,-0.9429600486999088,0.4343874512368714,-0.9726994547806616
1915,-0.6537033185693178,-1.588519878442641,0.3576776444137189
1916,-1.0817163864188089,-2.0633491781187066,-2.883642773824674
1917,-1.5883500524894285,-0.6236252221725838,-0.4842176731918941
1918,-0.6328782885846087,-1.346104273840896,-1.1912685287197389
1919,0.700803737847298,0.4408976387340506,1.5321492442235125
1920,-0.8168587612723164,-1.607723757873925,0.8664388823496184
1921,1.2395739506991512,-0.5075608706119382,0.7909063045899415
1922,-1.1799533133806108,-1.687201918127043,-2.049457019283259
1923,-0.2388346451783281,0.132895124836456,0.1711251812572667
1924,2.386397260765753,2.349722126902489,2.018568069669444
1925,-0.0534112218943063,2.0386861367048503,-1.2045470768934294
1926,-0.5287511301804,-1.2476844550240247,-1.5017205636628526
1927,1.773875813611942,0.2174251781336629,0.1464960602582532
1928,-1.7983687379008095,-3.433015811599391,2.198089762501464
1929,2.6802184837043086,2.5110470282663084,3.4771682715650125
1930,0.2497971448919481,-1.3396547496840427,-0.2450864672646029
1931,0.8455995652395758,0.0842736812170916,0.324800044200384
1932,-0.8471163617597124,-1.686952147733688,-1.3394188074093507
1933,0.5329754299130594,-0.0945990561796508,0.14699216188924
1934,-0.0685420875835701,-1.58767051015698,-0.854932165651591
1935,-2.4683472793357466,-1.445739878246877,-0.3568483163357343
1936,1.1995777860059325,0.4344929775222348,0.866579506327683
1937,1.058246959792349,-1.3043866268947657,-1.3694198985720665
1938,-2.029749052393294,-2.843818584343667,-1.8934633671606729
1939,-0.1469805027001719,-1.8639756485044183,-0.5490607708046097
1940,-0.3526360805076,-0.5475926460923562,-0.7160459486466464
1941,-0.1984134457672631,0.7906431305091642,1.6764587718292132
1942,0.758186535129911,0.2429605757044025,-0.3972908103891884
1943,-0.2270946650322248,0.5012862684514782,0.6831844279817001
1944,0.0813641825319058,-2.4576646266087,0.0810175747543825
1945,-0.0424140844212631,0.6995201446349183,0.3488711132904207
1946,1.453819437620338,-1.1125650792472594,0.1626018407731872
1947,0.5330101380739666,-0.4640424048076249,0.7038599347894866
1948,0.790962058545789,-0.6433603336456487,-0.5655075371166616
1949,1.4470503415911171,0.8816496542304868,0.9730211452302816
1950,0.1619034701911441,-1.0160918805357697,-0.5138028261247999
1951,1.1751544429176075,-0.9982333782558592,-0.4458119577818283
1952,-1.629699929121363,1.6680845441678334,-2.8785582481183525
1953,0.6984692541295897,1.966970996557409,1.9249204625927288
1954,-0.8839335563293702,-1.1615924292962962,-1.2312101964284157
1955,-0.8850828196685046,-1.2720959943705177,-1.1816642961344996
1956,0.7006814965537284,-0.5924412296633906,0.0558853573542127
1957,-0.3508264530863529,-0.9002534532069532,2.493776062752009
1958,-0.3817932735583974,-0.4433570516542857,-0.5811502569384499
1959,0.3238997632659858,-1.7162736315868354,-1.88174050564612
1960,-0.863295291825173,-0.7560050017970182,-0.8174545800223848
1961,1.3496580852751832,0.345566618166457,-0.5646603549969125
1962,0.670132868404765,0.5815675801586623,0.014178275762506
1963,2.372422539123256,2.337447456506125,3.883541980476535
1964,0.2795537107326046,-0.7413508030978901,-0.8507651090285527
1965,0.2573076396883339,-0.2250926850929923,-0.4285791377628825
1966,-1.5552076982846907,-2.323157341359652,-2.50168379584671
1967,-0.2948309481125586,-1.4916734556641056,-0.4458253896482377
1968,-0.3574382727509211,-0.5926980648290747,0.0813083592526311
1969,0.5232285150371316,0.6112514877676574,0.5230372850835449
1970,2.4268369689129123,2.828911600604341,1.0642907883620685
1971,-0.7227700295812567,-0.2526040869362835,-1.2718499279375186
1972,-0.4995177878347595,-0.7188173934163156,0.617764268646277
1973,-2.821188427319227,-1.9446769422800356,0.6174066442852576
1974,-0.153232549662158,0.4343729923867221,0.7846110021917062
1975,-0.409736155211141,-1.4227453831659838,-1.3554805562028087
1976,0.2810637186726349,0.3564893695953739,-0.3965293421822998
1977,2.71014068104874,2.9594458569832263,2.478933302345492
1978,-1.4889775059153072,-0.8103258150216784,-1.3429769755410008
1979,-1.032780546626756,-1.803910468829797,-2.213499302651897
1980,-0.0027963453141286,-2.556733403732363,-2.642694421818409
1981,0.2805858744745765,-0.2146219241466824,0.2803136639842619
1982,0.447235907407281,2.082535725475003,1.8004851272390208
1983,-1.0817319395847471,-2.377150836751512,-3.076019015379132
1984,-0.964993428922404,-0.3023699146079034,0.2415634886553443
1985,2.7249440330293946,2.931190202117891,3.1468521143479284
1986,-8.502521288662745e-05,-0.5533485236097432,-0.6770280903504775
1987,0.4497595934620468,2.3181295095657086,-0.1566027572535901
1988,-0.1723910753824567,-1.0116834882536283,-0.7809781508286814
1989,-0.9792458258347178,-2.1436235442118106,-0.3970401136265505
1990,0.6830334915971837,-0.0918732891835185,-0.0947579643752881
1991,1.546742357325161,1.0595740226507702,1.2361761674280465
1992,0.4500322539035759,-0.9221446113389076,-1.4893020805258383
1993,-0.152713029723024,-0.3605904615027471,0.0420258780088926
1994,-0.9010215998343412,0.1626165697082412,-0.868430242470721
1995,-0.2942549331801531,1.5721968132020083,0.8694415424318208
1996,1.593340666076298,-0.2928080570343721,-0.4192580767690923
1997,-2.330996527544579,-2.002629823944944,-2.049462204827758
1998,-1.0872888678418564,0.4115365927823876,1.493737629369396
1999,1.3941877155123636,1.9490306766747685,2.198975689209528
2000,-1.2476382842337477,-0.2384013739100216,-1.070102185041228
2001,-1.6871333948604528,-1.370094760148972,-1.4458879131957811
2002,1.4999186135932263,1.621007805693502,0.1387398524164886
2003,-1.4834021175450771,1.536900496727291,-2.190647049449006
2004,-0.7539918359654849,0.4935073992665453,-1.6393754469758777
2005,-0.9959372293186955,-0.1702432565838219,0.1688062551435752
2006,3.1173242501182123,2.912891965585625,2.085672967500924
2007,0.611590512822568,-0.23213668124463,-1.3893667859382473
2008,-0.4972491416108233,-0.8998785561407047,-0.1501736923494476
2009,0.7765455267307892,1.6426753568776185,-2.331190615067245
2010,-0.3369781543471521,-1.0094442662750311,0.2028258024390044
2011,-0.9010335905133676,-0.27915927474383,-0.4301695116932266
2012,-0.5659658525226985,-1.3914176589116791,-1.8925004635467404
2013,0.5234158387691055,1.1684631567101786,1.994542624548448
2014,0.1642841099815889,-0.451606885777537,0.49513963044901
2015,-1.2424275188477916,-1.8641640566212052,0.96476258089607
2016,-0.9870527865428927,-1.561227016312625,-1.3318624813519475
2017,0.134976160037563,-1.8485953264699069,-2.429797221586836
2018,-0.0500829366957742,-1.5842961734152656,-0.7296982263257455
2019,-1.2372538445426784,-1.883155982246185,-1.563976443128188
2020,0.8820829250788168,-0.6436696935632287,-0.775812710801626
2021,-0.2456104789542028,-2.1445444837817464,-1.1195498803701018
2022,2.4735582666040115,2.016959672461282,1.5328412223393388
2023,1.3818037238694822,1.8111400394521888,0.6133722162925712
2024,1.8256618634258464,0.6827205686797547,0.7764866954937978
2025,-0.9521195504529962,-0.8100579817390468,-0.1954705372502092
2026,-0.737134497736781,-1.4916048551446757,-0.7371244670725955
2027,-0.581036751845381,-1.751840714285656,-2.1470113499838583
2028,1.318161928901298,-0.6117640238814913,0.2571557051581367
2029,0.1500495021999223,0.0792444560779587,0.3213120536723547
2030,0.0098958162777366,-1.4069736049216337,-0.9733342720776372
2031,-1.0747575459171868,-0.1860618845344786,-0.4227833110604774
2032,1.4843497976830489,0.7004987905422664,0.5243200467475636
2033,-0.984104726570589,-2.969793282992515,-3.171871504854001
2034,2.117846363195716,1.8337517741185967,2.034062995007822
2035,-2.1435484772819247,1.1500936943497928,-2.556714883930582
2036,0.7765101539093873,2.2242304684492136,1.6079987565572311
2037,0.3245518429092876,0.4073298126290638,0.931352923959004
2038,1.5618911602428702,2.078735596458275,0.7038615931999054
2039,-0.5966865207143134,0.524643807285825,-1.803849407812912
2040,-0.0937272357453969,1.2888260665715667,-1.074345049834848
2041,-0.4199223968014532,-0.5898497708222337,-0.3629230442332822
2042,1.3251665888977688,0.2038950857932919,0.7007145911478412
2043,2.496069896395827,2.6584555118303066,2.096371679370852
2044,-1.9560980811777111,-2.80307244821358,-1.2685569837154833
2045,2.416232035408568,2.475705111609424,2.6118777191523685
2046,0.4949992011504127,0.8453166313325496,-1.8784143604611991
2047,1.3234078901696025,2.3877993683572667,1.6317040433513177
2048,0.3691971248376535,0.7038507543032398,-0.3388709466181274
2049,1.0583014080095856,1.607713922005837,1.4544052743465707
2050,-2.0758139692761004,-1.8583997986538567,-1.9016768477369137
2051,1.1954044883182666,-0.9889127919684472,-0.205626572540178
2052,-1.1555637221575863,0.3294626958921888,-1.4086268128041608
2053,0.370020229465856,0.5331307874319322,0.2179427502566785
2054,-1.0275896446326986,-1.5469636823591206,-1.213597125099488
2055,-1.1521356335166233,-1.1473329954017475,-0.8543328016047685
2056,-0.2403828974640616,-0.6238120357561421,1.2896547979494042
2057,-0.0076751594552165,-0.1034547222726587,-0.0852234823271217
2058,1.0482796766809737,-0.3061179923657655,0.2919392166594935
2059,0.5010740006567298,1.058076330685272,0.2431279482061987
2060,0.9315077651314312,-0.0538046660498591,0.5823063328111764
2061,0.6831887492687824,0.870802428292033,0.330173115488514
2062,-0.6267439276896999,2.0036244117238,2.112321250427691
2063,-1.956080919494727,-2.840846670579883,-2.68393209404848
2064,0.4396714392997493,-0.4844680591390642,-0.4445076187907707
2065,-0.9546555094161908,-0.0817814889170984,-1.327936845232006
2066,0.6113353350837336,0.5242701663367972,2.097923811052768
2067,-0.1491708574921107,-0.2418654275350282,-1.901206096093757
2068,-1.3485832670197095,-1.4186860691392602,-1.086618869448443
2069,1.559330699001842,-0.9333108382625244,-1.147880563455886
2070,-0.0918730731191644,0.169117017417463,1.987119347334168
2071,-0.304260690690688,0.1687891015293059,-0.154673216664629
2072,1.6529075139786316,0.4343385943158026,-0.9888758181014604
2073,1.6227703405949951,2.215508731262536,2.7680463057159543
2074,1.9776784622642296,2.4147169907653905,2.2905709928896574
2075,-0.8606721346594668,-1.567156394550849,-1.4145953110177691
2076,-2.7398056739515986,-2.668522184168939,-2.5521303452013258
2077,0.8774252008789148,0.369519389519387,1.2114359890059248
2078,-0.1533147216826011,1.0482699631342351,0.141820971673264
2079,0.7038598163315996,1.211548050167079,0.8774185080082962
2080,0.9459651234503064,2.151525625520398,2.6566991931540214
2081,-2.6453796280779183,0.8770323352964965,-3.2447056987603684
2082,2.972268261806404,2.687483484365317,3.2357232035829746
2083,0.0215871961069807,0.249171792918471,0.4138886076085948
2084,-2.5896927178397924,-0.1184933256714316,-1.981086133212754
2085,-0.8506484059436932,-1.2759060014325048,-1.0409214462549237
2086,0.2185527491460688,0.0805618968773532,-1.212540982320528
2087,-0.3455606286983683,0.931610377673099,1.7862018672962758
2088,-1.4563528352820982,-0.5092495963545167,-0.1457282379595232
2089,1.048263092576786,-0.0396275187273235,-0.7545170468381172
2090,0.2064743770876097,-0.3815743423269992,-0.1117313975342302
2091,-1.1860566379572737,-1.13130849337625,-1.1042268921412774
2092,-0.9888139598756204,1.5497445509928425,-0.5428423582344145
2093,-1.5059108317190066,-1.981081702274805,-2.0633179283458034
2094,0.3301653989044385,-0.5692530341519525,-0.9702407574166472
2095,-4.1712831364976175,-1.5109757436055595,-4.193172436380005
2096,-0.9809978436354684,-1.7859970658797413,-1.617894626124874
2097,-2.590246818290673,-2.323195354143109,1.2885247842042622
2098,-0.5445105377145629,-2.21102251515448,-1.8932738633406905
2099,-1.8640576294936364,-2.3309488699213285,-2.330970352891395
2100,-0.694506932774372,-0.5538993753950806,-0.3231213782447139
2101,-1.109945461764969,-1.7985323414925252,-2.277391061434761
2102,-0.4431749307559518,-0.6583615012830556,0.582225511022739
2103,0.1613823944809548,-1.349106011465414,-1.2870905654259954
2104,1.95182137475782,2.2706760419438665,2.123461508026932
2105,-0.477787745778528,-2.1435302044108338,-2.642600835086742
2106,0.2055118014381235,-0.1525376283742265,-1.938719956275292
2107,0.5814249026077475,2.2348681727451,3.047365115401304
2108,1.942398031304716,1.927779143463244,2.092387394109829
2109,1.532010654681169,2.0294306639222626,2.279680244574628
2110,1.4878444675615552,1.064059662872373,1.9183150958203012
2111,2.283315056329061,1.327590190858014,1.6092668691178598
2112,-0.9981078522235656,-0.5415078005354581,-1.5522185642235955
2113,1.7253399450909603,0.2925891358568214,-0.4036220710810079
2114,1.499713681448621,1.9658054282446948,3.353991847308206
2115,1.058327212266734,1.4117835555967213,1.4931921594742683
2116,-1.4002382087996526,-1.3101670350022196,-1.5399713351290378
2117,-2.6308911858368877,-2.470888423715597,-1.8482531701077105
2118,0.7581721232560812,-1.1286800906787395,-0.615621936490958
2119,-0.940270119553999,-3.55396392861936,-1.6152249860106251
2120,-1.5655575684492662,0.0709665118811709,0.4483718297007243
2121,-0.9859333895781492,-2.6327125214811744,-1.5037552610257343
2122,0.5909718656064059,0.8704742574044709,1.150258026724264
2123,-0.145658255381737,-1.9016067206677767,-1.7728921574619891
2124,1.3907462753368045,-1.7170374608998136,-0.8053732214858769
2125,-2.2325270134976685,-0.2026916016279151,-2.144672000041392
2126,-1.620583622441742,-1.6502964428948008,-1.7182685468790524
2127,1.152801236793343,1.240327434106734,1.365728516040324
2128,-1.1551240269283176,1.5622694133309918,-0.5912851032086214
2129,-0.0367797446810446,-1.037228698595105,-0.7214235044593741
2130,1.4737897624826477,1.4287869412040273,1.3489680249914475
2131,-2.1206541183207466,-0.2009935106611585,0.5237438430306062
2132,-0.2364607568236666,-1.1550460253436807,-0.52785569817869
2133,2.308976795057567,2.260128844013963,2.201628857534093
2134,-1.2445210580887989,1.675265308617133,0.01117726254784
2135,2.8089816685839057,2.038588713040983,2.8491289980958765
2136,0.2493770540548788,-0.0628829779356822,-0.036266257083128
2137,-1.9407691454187903,-1.6178931102776808,-2.5454812853995827
2138,-0.3038722305535489,-1.2471757947347597,-1.017293111400586
2139,-2.075706054305117,-1.6717497415113072,-1.7133306243731383
2140,-0.8110250816516189,-1.1021174741684965,-1.4397121523470116
2141,0.5911623726340615,-0.1723541127245021,-0.0344709474984624
2142,-1.3684142796211742,0.2559015748131354,0.0827968393211519
2143,-1.2845366696229723,-0.7737394388327868,-1.0929189697102322
2144,1.2546326988290668,-0.1503653736592433,-0.5056095029100881
2145,0.7765942338094737,0.776656830739494,0.682984661053154
2146,-2.3435547367456224,-0.8549434357025592,-1.8484269316342767
2147,0.3595049132329868,-0.2604837269242697,-0.9152960493843288
2148,-0.0417106599001313,-0.1109895705654479,-0.4555792106814436
2149,2.35057414401892,0.5235044587998574,0.9730613357824114
2150,-1.7159855860096709,-1.672789090656145,-1.5866225743066429
2151,-0.0517494433065232,-0.6442399939201552,0.3586621340511987
2152,-1.426033826888966,-3.0497418271707875,-2.405814692656913
2153,2.026493185269362,2.481349021554587,2.515498726741749
2154,2.859591508495248,2.235244052161693,2.082548045095257
2155,1.5186602386409502,0.0816111261561915,0.5234067436859471
2156,0.4140963380519068,-1.8641526978094465,0.7764881153452676
2157,1.0228217244367448,1.3851306586473702,-0.2346177732887876
2158,0.3695035457769934,0.8773789430740198,0.6176860864408206
2159,2.657262594415813,1.4353344259076783,2.3070785732823365
2160,0.0188099188134061,0.8774347367388228,0.8774354474861451
2161,-1.230570771351458,-0.2635725630065201,-1.909132975048799
2162,-0.6435271595855564,-1.5668972086939723,-0.9499879007754394
2163,-1.235578402287738,0.5878269563332746,0.5905773320957945
2164,-0.4195808064666775,-0.3615424572512902,0.7838060873321885
2165,-1.4463833796260996,-1.098210612278932,-0.709189273737115
2166,0.5910587852094321,-0.3245132362872117,0.6831376346158664
2167,-1.772659506171813,-2.562177414283917,-0.6196369282979408
2168,-0.87005011136472,-0.494037451990025,-0.5549144480189259
2169,0.8455212222934371,0.408621577704174,0.8456008911319681
2170,0.5823237423547627,1.015334141024828,0.2431453071031525
2171,0.7005747590339774,-0.1065065959424194,-0.6864947542740011
2172,-2.063396052778061,0.5235589114234048,-1.7533970229384137
2173,-0.9223756156404204,-1.296056019193011,-0.5748577207734643
2174,3.0560087913110743,3.012106125283729,2.928488496005327
2175,1.5580290975598732,0.7908822141106234,-0.5628175130993396
2176,0.3695357959367442,0.8775175980308179,0.2912421808375894
2177,1.7841451330162963,0.946800821668206,1.7444294701434582
2178,-0.2270980911955543,-0.0324993602671766,-2.143618852528693
2179,2.571694544714889,2.425309092822801,2.004707850016425
2180,2.753506316242293,2.6482309214705317,3.0102299824566336
2181,-0.2249118828120582,0.2912961680196148,-0.323374226604633
2182,-0.0807512375421499,0.2566740738634476,-0.322472895093589
2183,-1.1186227763301906,-2.063090667870474,-1.1545803625023434
2184,0.8774063068459296,-0.1621001212615724,-1.2670280566292718
2185,-2.1906880399436157,-1.3387381429612206,-1.773828414423759
2186,0.2092293647586381,0.3293949751503423,0.9647978919847996
2187,2.1452018537537323,-0.1836481568474793,2.211744050983073
2188,-0.1645329578075603,-1.5882480853616214,-1.0961989719512504
2189,-0.4177138948938794,-1.1158818330960525,-0.7748468231092447
2190,-0.4608796384521967,2.2894700452873677,-0.7491503714940285
2191,-1.2468440343591003,-0.7863541730190489,0.4347214623356819
2192,0.0876408714186797,-2.144445330089797,-1.563334595915305
2193,-0.0530445838240768,-1.2971220366764518,0.6701508544233046
2194,0.6118513126023958,-0.6584031087127221,-0.160846011318754
2195,-0.0526970847222934,1.097065376348348,-1.9691833395108649
2196,0.7840917662262662,1.437197794260197,2.0867870568062155
2197,-0.1632191322362343,-0.5659691321671602,-0.5895490006575348
2198,0.8706460594323274,1.2401307973425268,1.4926728642323246
2199,-0.2403898864793979,0.7038601717052607,-0.7542391446350859
2200,-1.988246582344118,-2.246026817932925,-1.988138548751124
2201,-0.3996621780290633,2.101783588874106,1.5387502545291931
2202,2.163875282259639,-1.1173629649876768,0.2424113103690022
2203,-1.9014972759626296,-1.199143413189529,-1.1952850573668412
2204,-1.858287382119042,-1.7728323362290264,-1.730619275887499
2205,-2.0964745981838844,-2.764600152785471,-2.803853736918054
2206,-1.483161730517958,-2.6425383616220666,-2.600288520491983
2207,-2.100594955710396,-0.8301783622467287,-2.406998772210767
2208,1.749236573104477,1.4997716073553908,0.3695362401538206
2209,0.9062766292233132,-0.4848098975023542,1.5938763431536014
2210,0.700631109288818,-0.2037595628000909,1.4093925098043791
2211,-2.161210733885685,-2.5614759066767765,-2.489277956758648
2212,-0.3994812134450802,-1.563077833971154,-1.9692005184644696
2213,-1.527640975671228,-1.3438472856371948,-1.730437443030869
2214,1.7996690139727594,1.323041828574326,2.174721773798917
2215,1.1526915177786266,2.5687415795567823,3.266167395844889
2216,-1.2401857961546074,-2.651834141350423,-1.7991574709317653
2217,-0.0883395421163555,2.4621564738284127,3.107162599718321
2218,3.5421553695325136,3.0821667061593496,3.4977767389203582
2219,0.1725477180984138,-1.1967092892401323,2.041576577540975
2220,0.4495966250239307,-1.414603839985637,-1.8152938027597083
2221,0.7581085957162396,-1.1735851836324989,0.3250046639850191
2222,-0.4372782104218197,-1.6029274366565345,-1.4445515242992528
2223,-1.1173598520229295,-1.4249719600251884,-1.9692943685868491
2224,-1.0174046427513437,-0.2733910828514918,0.9650500699523864
2225,2.6892316059898125,1.549259246683801,2.543073619634434
2226,-0.7665591034866044,0.0834427651308432,-2.7275422291263487
2227,-0.4817311054391175,-0.542167762314335,0.7766016417301862
2228,-0.4936031626382569,-0.8700546178498201,-0.8088054355377906
2229,0.3452950483116378,0.8660631854529987,-0.7844052599432876
2230,1.059363902909085,1.0257589698823852,1.0608002264263297
2231,-0.7547328717990129,-2.063099179935481,-1.9805338984199572
2232,0.035434687089521,-1.013120807346409,2.1549866431900333
2233,-2.32063406180348,-2.7312336507832766,-2.405905775699517
2234,0.6990718616906485,0.0849523448787835,0.1699693634745528
2235,0.241770010807325,0.1610951081880321,-0.9235247031646155
2236,-0.1762606086229264,-0.9469725252318588,-1.426432812821141
2237,-1.566765009692019,-1.730148524244342,-2.4884975561987286
2238,2.1656985635683,3.3688047924291884,1.57680125735276
2239,-0.5988001267360017,-0.7480849020289112,0.062474680560794
2240,-1.217682608020281,-1.3908919617194309,-0.9805715882926916
2241,0.2179160380031475,0.5330128626053688,0.5329798128548804
2242,1.7430498428285597,0.098746956193558,1.6420446958942974
2243,-0.3840079143111669,0.0244969038974912,0.3289854714666246
2244,-1.2395303441328294,-0.8720194908242783,-0.9910387978975508
2245,-1.143815388445646,-1.2704433159709578,-0.9718776744954116
2246,-1.688521475070076,-1.2763915603115437,-1.3437258663029634
2247,-0.095625552999927,-0.5457849509028614,-1.5647122529672408
2248,-0.0907091344435549,-1.184247191156245,0.1014383155210686
2249,-0.122747078530632,-0.9052107602396604,-1.3053225300670157
2250,-0.5904522743721649,-1.150188240558882,-0.9090802286810644
2251,0.0842732776846243,0.2397907993505346,1.6829850645823587
2252,-0.9591464084269712,-1.2296582389850277,-1.5200839185369832
2253,1.8618798051158068,2.156091919874593,0.4995536792621781
2254,-0.189986203609803,-0.9776373338798056,-1.0408914764094988
2255,-2.519190073267984,0.0868521479551975,1.4902056923141247
2256,-0.3412854327980091,-1.135388299119041,-1.7173250066064651
2257,-1.1173614661527984,-0.6971685845344661,-1.3537253052653329
2258,2.707755419237212,2.3807451596500604,2.664172529236092
2259,-1.9407762582402344,-2.8845068067247217,-3.142886225684388
2260,1.5765527998745337,2.1035093616512808,1.7752158688183262
2261,-0.2286172921750377,1.4420982950281171,-0.1675966593618318
2262,-2.2113154172198524,-2.777090818867698,-3.3078808815557323
2263,-1.3447540038027657,-2.2348633234906434,-1.824527219643972
2264,-0.8520249759003093,0.1619050266735177,-1.2241652113204602
2265,2.453725521625869,2.909486144257079,2.8856122407332454
2266,-1.5898648624706389,-1.1189585947852696,-0.2254619979408567
2267,-0.7618572869483287,-1.9841882315324344,-1.0809551844936292
2268,-1.8150342615291704,-1.901292333435533,-0.8444056752958883
2269,-0.0357663459003819,-1.069096866552224,-1.1826937501828416
2270,-2.012767267166901,-1.2892032308344494,-0.6156257988731443
2271,-0.4608887300950282,1.2889402599746878,-0.5028019735244192
2272,-1.0578431923715894,-0.0810973462675974,-1.3729922547478624
2273,0.0811715700075542,2.340865368743972,1.6755488967987429
2274,-0.2339745876644069,-1.901392449299048,-2.412551980894457
2275,2.797229827686628,2.4677991545336604,3.0337201010665664
2276,0.0157058190934713,-0.4361459140041998,-0.0534220019759309
2277,2.442310097144462,2.3321255458370453,2.673753116872756
2278,0.931485167313266,2.5570512616642125,1.3976787325338973
2279,-0.1525394285331288,0.8261874257958471,1.1345389629438931
2280,-1.2087558974554558,-1.1534740891824593,-2.414893984992804
2281,1.5685370784149115,0.6118074249965093,3.309104262616853
2282,2.884858518806065,2.7788639876003853,2.467965857138033
2283,-0.7279677666479949,-1.984227587265974,-1.2826094312775242
2284,1.3248730905334032,1.240015450473585,0.7910166199036507
2285,1.0974867795391303,-1.2299802294682876,-0.3023684157730251
2286,-0.9266853423904756,-0.864451700581274,-0.304182236565745
2287,-0.3088749220001428,-0.0430866371016918,-1.1428289896201378
2288,-1.5837004707212363,-2.7794299805575253,-2.211374331560363
2289,-2.235154366151712,-3.0408027791073224,-3.258134688529597
2290,-0.5236760297880628,-2.1660546540122816,-0.8089766544872502
2291,-0.9183818548122088,0.4081912967991123,1.0157590030653298
2292,1.0582507872180504,0.1319256132132123,-0.4267838412771808
2293,2.6763598218078344,1.5723862889201696,-1.5576577566480148
2294,-2.23762808260745,-0.563707032577894,-1.3051086522335402
2295,-0.4221813001385271,-0.7239288753113764,-1.5227218791026915
2296,0.2573488007698071,1.023375125265844,1.5675647339908907
2297,-2.491516918047993,-1.7989643518224463,-2.1445546297409224
2298,1.4537806985034836,-0.4760074275924917,-0.2935731085884437
2299,-1.3141711791987971,-0.8379564277687366,-1.2440497568937394
2300,1.1524002853504345,0.5249701915396557,1.6689258027871892
2301,1.5000527079213728,-1.0826339035657562,0.7039610978250317
2302,-0.6141332155418567,0.3562281906364302,-1.0050008846986265
2303,-0.4294454758564194,-0.340638693666651,-0.3460996614888356
2304,-1.0361722952990666,-0.6756620886172621,0.1303628332481469
2305,-0.7791875602277648,-1.2162612707213811,-0.3964076303856899
2306,-0.814118302184484,-1.5883724733315658,-1.6300238387343726
2307,0.2183361192851168,-1.0954229724258882,-1.0242899589123848
2308,-0.255916344972266,0.0644849429119826,-1.339163978153138
2309,-0.1471364025108826,-0.845782392859243,-0.2612335585987863
2310,-1.4095877435859123,-0.3924419555076518,0.0101994934570913
2311,-1.0706925326736887,-1.2736223964333206,-1.5228043539532905
2312,1.4633556032346262,1.6079320945531164,1.3546849843782796
2313,-1.0351361661687912,-1.7596561390626495,-1.506256616041664
2314,-0.3534227280665831,-1.730936150735371,-1.1501860536114703
2315,-0.4247747823136244,-0.8477144896245712,-1.1282046659169709
2316,-0.99353570488906,-2.6426618269672746,-2.3311236968501428
2317,1.6420409919339412,1.492180854831672,1.9002227088621373
2318,-0.0779819013240494,1.4975567306227222,1.2966345666871626
2319,-1.2151036148754597,-0.8618934197260322,-2.592599726740164
2320,-0.376003657504286,-0.2699136588298232,-2.5569035993806706
2321,-1.4146757439230797,-1.7302403291068096,-1.4146256362368552
2322,-1.2345077484556584,-0.7939419537540824,-1.9694262660561397
2323,0.7580717589667306,2.741521171375473,-1.353083227462469
2324,0.6991719076053907,1.3363150152636694,-0.9888398458815326
2325,2.1082618211653865,1.6999783932525203,0.3221622389333206
2326,0.5246772000294343,-0.5829387878002857,-0.3423161036728889
2327,-0.6850132775612998,-1.0383890597535392,-0.7832294040799924
2328,-1.4284880169304917,-1.9389620536664591,-1.848325083766269
2329,-2.049417016511412,-1.5624545087746802,-1.8641515866213396
2330,-1.0069380216073585,-1.7596766517480096,-1.893384894213191
2331,-0.1151650362108007,-0.6793596790430939,-0.6367273421668662
2332,-1.715431286385233,-2.449534091926949,-2.8512658819968006
2333,1.872621290148879,0.2491043808399876,0.8707163729464232
2334,-2.1435514404502096,-1.644534640664812,-0.4178548892444307
2335,-0.8704482828593255,-1.8033302699095863,-1.671203173854303
2336,-0.4721485278688376,-1.3049353068888685,-0.2703367971417432
2337,-1.7175491400682656,-2.5763857912467403,-2.056690162095414
2338,-0.049824682973029,-0.5659793723718757,0.495111613766285
2339,2.4914531203947914,2.503910521917818,3.306287584693413
2340,-0.9181448215535478,-0.1998999145629743,-0.451798064541116
2341,3.1350688903432657,1.9132332400094367,2.945127827830177
2342,-0.7437313377638615,-0.6826288642946375,0.7040501189271536
2343,0.1697060724774803,0.9095350010666228,0.8678239002695595
2344,-0.1559847159957063,1.4233207962258332,-0.6145889217293992
2345,0.8454517570615776,1.3235087732864106,0.8457359015660054
2346,0.3592005324119985,-0.7927255987706158,0.7911773224822701
2347,2.423577519746994,1.2908375006063593,1.516894509868289
2348,-1.1461067705760553,-0.8591688018282001,-1.6446477349210222
2349,-2.7642292628884677,-2.912662510996171,-2.8406264084040327
2350,-0.8305666964920332,-1.5220087432687717,-1.730179957863162
2351,-1.8641582537499808,-0.9767266389310996,0.0292801983015289
2352,0.5238837691372418,1.0239722524562818,0.2569997478026963
2353,0.5323670894340878,-0.2976655186783626,-0.2427012367716174
2354,-1.6723236196621918,1.4083390880033062,2.7437727459394137
2355,0.963484204306081,1.1312961485080726,0.0772734467037596
2356,-0.9916193389962136,-0.3833259706190022,-0.1107143499717314
2357,0.7908284279414528,-0.2970174158493621,-0.5214481971202324
2358,-2.1611583754996064,-2.731795130516177,-2.5984160510918195
2359,-1.4253149907288216,-2.594196615443477,-2.34537607238991
2360,0.523765399239204,0.1640647578852759,0.2345375195570222
2361,-0.3426274953127852,-0.9902768709519182,-0.4617298724268124
2362,-0.5773808199247824,-0.9423972029767606,-0.5368682586920055
2363,-1.9098619144469051,-0.3763433708786891,-0.6757291157303871
2364,-3.0655769987764527,-1.0992084126646215,-0.1666246794865862
2365,1.3629804669522978,2.6331410148747785,1.7262449633480617
2366,0.2080872794491303,0.099696466430878,-0.0010508231299181
2367,-2.11832660961399,-2.564753162580044,-2.2885941858146346
2368,1.241791348134604,-0.4631668279907256,0.4337139055053127
2369,2.007869783048156,2.4929355196914447,2.348614944047446
2370,-0.7973661615567036,-0.2274379339079252,-1.2418177182741554
2371,1.4925675482928624,1.0582289955846214,1.2402087039753529
2372,-1.3436562130653749,-0.8400817255026023,-0.7611191787152473
2373,1.857753973089777,-1.1991465031857302,-2.148088884130868
2374,2.5290927054323427,1.408386791922748,2.137711384322984
2375,0.7039819464131535,0.218288203069803,0.3697266019783182
2376,-1.3965894480023135,-1.3927395459428178,-0.1938045495954476
2377,-2.665551939336554,-2.6928978358060998,-1.6396938917400203
2378,-1.2488219377348966,-2.3867358475851286,-2.120724004562729
2379,0.790940532152141,-1.2117881924742555,-1.424509867828443
2380,2.8677676526219917,3.0319348304615863,3.2169896284727346
2381,-0.6866491489897182,0.6116486397322406,1.2904197097992245
2382,1.49972457957423,2.08791797803124,1.8555500391208195
2383,-1.3795861486196117,-1.4893010144048549,-1.5658457764884712
2384,1.1501367837552705,-0.6059682942524096,0.7766017034628588
2385,0.2571821741822002,2.2224122372423936,1.8235231117759716
2386,0.3703070692651005,0.8706758145805226,-1.2350454023924764
2387,-1.7742980765969292,-0.1873519112019291,-0.6474423408858806
2388,-0.5820844788160284,0.6827467433329387,0.8704729610183463
2389,-1.125242131211417,-0.6723248885806774,-1.223612276881808
2390,-0.7782206747156317,-1.2960678945770467,-2.690015461040145
2391,-0.961069998038482,-2.232548227775946,-1.639464800593622
2392,-1.585797961055274,-0.5529266774408208,0.9071980311094366
2393,-1.6726637486078118,0.6991546729820949,2.211744528022268
2394,-0.9820421808692832,-1.0542591170956197,-1.5040063029017965
2395,0.1452059946392794,-1.9028551483394511,0.6169400386681475
2396,-2.8748817549292194,-2.971760446122784,-2.728886244773883
2397,0.2430726424353028,-1.238057104742455,-1.4919109633448202
2398,3.0995178034827435,2.685116663878791,3.0145769562084257
2399,2.098292235842322,2.547727451903165,2.667284131212305
2400,-1.0431524759036253,-0.6302409768268427,-1.1216109192604284
2401,-0.9315237301804368,-1.803837362573253,-2.631480806281188
2402,-1.7725987372757537,-1.6068762717435274,-1.647146741195238
2403,0.1604245236987328,-0.1347257234741644,0.2373900405842234
2404,-0.8341504966181359,-1.2277026739286652,1.2929020844833143
2405,0.7763504514853611,-0.1209662927322315,-1.1468942325477902
2406,-1.166000172236748,-2.367606178791022,0.6984756673292528
2407,0.4084289197748177,-1.0728256630540534,-0.6474995602150324
2408,3.566948002032834,3.1901786299680897,4.0184486646578925
2409,-1.5883642444054622,-3.1141595580554084,-2.165981667015536
2410,0.2176744431424986,-1.988267904763788,-1.0262004477148097
2411,-2.100833155161055,0.3216329196313008,-0.9129550925453556
2412,-1.4676010567798012,-2.5561980584121264,0.8791431710432169
2413,-0.2000229147902162,-0.7465598922112348,1.1519542537036538
2414,-0.5487088328380951,1.058040155339126,-0.2595806505989275
2415,-0.583845704146854,-2.147919225848874,-1.2834198529787633
2416,-0.1513084596784921,0.0168086912694969,0.0788554221709089
2417,1.7336832771304145,-0.4359868639598784,1.3237887804444914
2418,-1.0598426223466828,0.4391232914504135,0.5244831643371048
2419,2.376277017582868,2.562808171136758,-0.5410839268096066
2420,1.9181382712438495,-0.2770453792726138,-0.173809337015793
2421,-0.5509736249361861,-1.162297598864055,-0.8365816823085526
2422,0.0182233449711809,-0.8540993803383264,0.2173587528734967
2423,0.7906288563337741,1.7254910973548427,0.9635293367610488
2424,-0.8734181683436077,1.6595777080426406,-0.3718775325645186
2425,0.170199422437008,-0.878818024158013,0.950913315102993
2426,-2.492217219821129,-1.638865497232285,-1.1173716121119748
2427,2.1510537929980464,1.7784922986852705,1.9120471084380264
2428,1.2304821789563714,0.4343078109574203,-0.3673326145670023
2429,-0.3526709647008595,-1.450746881278686,-0.8357516158991894
2430,1.9746637507633928,1.5791492430637053,2.4195859666862325
2431,2.370491961503447,1.8859770858699123,1.0635108292791953
2432,-1.2996442298916526,-0.8586317247488491,-0.9623681619855724
2433,1.5637578196270847,-0.2444408796864371,0.7037979813145568
2434,-1.7594258483915444,-2.343730048649571,-2.514763388063384
2435,0.1465360101806626,1.2116949379470272,1.21240118386965
2436,-2.031935035668917,0.616802686748107,2.0132153545492177
2437,1.5326850194458637,0.5910432285759359,0.7766920183628783
2438,1.1500143061328243,0.171098018881321,0.9647948053511692
2439,-2.1446323385646124,-0.5349812764838846,-0.541102864011819
2440,-0.1532312670222254,-1.5017178817793573,-0.911799419272027
2441,0.4336389725343876,-1.0794243088592634,-0.5108053942234955
2442,-0.5080183323257439,-1.563558037607162,-0.2361929535288948
2443,2.065988912847897,1.2582179118579515,1.5520437366496405
2444,0.0145284554728218,0.3212682703996599,-1.9693196181897992
2445,-0.4491391923293732,-0.9972600889506072,-0.0135282878610771
2446,-0.1793976034856104,1.849586902529485,-1.0699498601025652
2447,0.7906531994295639,0.3698570537264376,-0.3434451979267609
2448,-1.2737508003923368,-0.930821729721486,0.3298469200464752
2449,-2.075360916447956,-2.808615954030799,-2.741681153544452
2450,-0.683392043750605,-1.5638664517071192,-0.8458892647360219
2451,0.2795594650178873,-0.2085321908654928,-2.075868009111622
2452,0.088699971202682,1.6394107064105454,-1.3583979806459172
2453,2.6364957361434143,-0.6306551926727753,-0.8078931088012651
2454,0.7007582998640297,-0.6034286349088189,-0.2613651760957552
2455,-2.553573865803634,-2.2996962302500434,-1.9385551392336209
2456,-1.6490038916536367,-1.6741682376984572,-1.9648025528539532
2457,0.9458172700471672,-0.6671439852329475,-0.2981702498762112
2458,0.2555642405108632,-0.3027211146588695,0.8665524542854682
2459,0.3456337818574728,-0.1533688593059037,0.0855190968235447
2460,0.0847812290514125,-0.4254357954008007,-0.1527933620888748
2461,1.8557091875036995,1.0631937771046054,0.7899899122974648
2462,-2.031801415172319,-2.45202105595362,-2.5283963048008604
2463,0.1886749117757943,-0.5739804687683137,-0.0757641628375593
2464,-0.7076268197935113,-0.8508315574623581,-0.8666406775894813
2465,-1.0871313424033295,-2.0633414822791107,-1.297270731799954
2466,0.8819469689084076,0.7004986712824678,0.6103726103594992
2467,-0.3169298510185886,-1.730395864312513,-0.9742567826990266
2468,0.3299164310358271,-1.863909964940768,0.5012317893679052
2469,2.21557814758435,2.395597413963146,3.0713340339431787
2470,-1.5474208051671716,-1.7160315010321336,-1.9385546621944263
2471,2.3788386416848675,1.3977560954726154,1.1785616404809471
2472,-1.137546506048797,-2.531927120496732,-2.3197359138264084
2473,-1.3796188390541635,-0.1722166992481275,-0.5474184385521114
2474,0.6115572224861358,1.679293283050172,2.425265240691028
2475,-0.8949501157497765,-0.878085503285513,-0.3206887863050935
2476,0.2471451092768862,-2.1435519343115903,0.3297167567062899
2477,-0.0523414573236699,-1.131613771715528,-0.4935132424960401
2478,-0.5307296858036008,-2.331076533088273,-0.93544680328564
2479,-0.0002121847725946,0.7762641492090608,1.8213095865419289
2480,-3.1833395231220973,-3.077224156218738,-1.1860521487175095
2481,-2.422906105962733,-2.8028536676218714,0.77621457787296
2482,1.3240776276767114,1.36669452040902,0.2061487978374195
2483,0.5459077245313209,-0.1228597881326734,-0.351173818203651
2484,0.8774076098826872,2.1248325355426787,1.4339500085816652
2485,-1.1255201589161192,-1.909853395338086,-1.7302556421197743
2486,-0.6689880717677597,-1.319818726961711,-1.3545526662660636
2487,2.3776287519491004,1.677224540961751,2.6799134013736032
2488,2.2710493251134984,1.282474801011937,2.2441667353904715
2489,1.97307187195243,1.0483370102983085,0.6178140209588401
2490,-0.7182492935652374,-1.9693539760970091,-2.056543737457304
2491,2.6097574279700977,2.8604652538701663,3.109590245483404
2492,-1.185660637047867,-2.4899858610916894,0.7039497258678744
2493,2.055081159521701,2.837576302012149,1.9183113987665448
2494,0.8707393992333046,0.8706496399273385,-0.8185491353835666
2495,2.687489096372813,1.6875584709760036,2.279526073238931
2496,-0.5237972012120183,0.0116044303914992,-1.404465016515328
2497,1.8709888924564877,1.211399740892486,-0.2728064203325233
2498,1.467612897093441,1.211481476834554,1.5621353019480908
2499,-2.105508036855875,-2.6761582741830736,-1.619786869836341
2500,-0.4095232935392481,-0.5252894956033826,-0.4558526841722138
2501,0.2799488184453812,0.5245666461961279,0.4392757651029293
2502,0.3580638672714995,1.063529731957274,1.326922450912622
2503,-0.2271204404852781,-0.9352535803817912,0.5240692135761488
2504,-1.1660857056714475,-0.6344416531078191,-0.2295787105059635
2505,1.4056041030419102,0.9727795248783092,0.7007210908068651
2506,-2.9806743841266083,-1.7298700598466907,-1.4080460318203036
2507,1.202733663258265,1.5869429746961496,2.690839103636244
2508,-1.3822124536014986,1.097064188636927,0.6120220045562557
2509,-2.2844461415102195,-2.2844226830946304,-2.6837866518718254
2510,-1.416765024331125,-0.7000650962701296,-0.6066148658720931
2511,-0.4838859886381808,-0.4903884483800958,-0.4903813355586514
2512,3.2208906395199177,2.1943548180772288,2.6300664906221978
2513,0.9635140556936188,1.2117272769501934,1.2118505916106177
2514,1.0153118890916348,-0.9071569074661614,-1.5638431621190103
2515,-1.3739621886222588,-0.4258069217332246,-0.2125870548416088
2516,-1.4448615457810694,-1.483032832697561,-1.305416945200524
2517,2.96256236922696,2.7637061210671114,2.085337634496401
2518,3.0712686451895244,2.676679263598792,3.18837516466912
2519,0.5232947458991055,-2.501257026560047,-1.0353319870273396
2520,2.764685348700884,2.4572988231966697,2.726946117360544
2521,-1.3778431592694826,-0.6782593674437788,-2.210695094708317
2522,-0.4363092231955062,0.4390665237862778,1.721427424667029
2523,0.906634952179028,1.3807210591627426,0.345099853834623
2524,2.4522314626338817,2.420357160687142,1.1709420332853615
2525,-0.3060912801122345,-1.043486533341215,0.3698045472680004
2526,2.48472302459718,1.576513714872707,0.5820604085961452
2527,-0.6417376162858146,1.2122314337175,1.501315113623719
2528,0.3457102738389075,0.0806512450720903,0.9514671823466132
2529,1.3257306877451678,2.1728806218922427,1.643395499920538
2530,0.3698056456318755,-1.1720291840598338,-0.3190230101828509
2531,-0.9504852261279528,1.4051081111406405,0.2414749132787865
2532,1.647345680490791,1.6840811889078622,1.7187812476438389
2533,0.1629621087951838,0.8451951680599123,1.3277353723482157
2534,-0.7365534038653007,0.3453531169194952,-1.4102044376795373
2535,0.1009715547835108,0.5900574812597975,-0.4221808988761553
2536,0.7007975363377705,0.280551140058233,-1.001936742693082
2537,0.0854386218024998,-0.1177638703364469,-1.421901539129503
2538,-0.9232242022759556,2.071310271435392,-1.280787499334244
2539,-0.1187664179275413,-1.2425254773996282,-0.8079252184561577
2540,-0.3205037989729533,-0.1969936367193331,-0.3670897775952267
2541,1.2402585839748168,0.6831486230315899,0.96524100910875
2542,-0.8327490679224717,-1.3895617379257967,-0.8889679580949131
2543,0.7910317062681741,-1.2642057361960797,-0.3296471352671377
2544,-1.8411544783366576,-2.88197101331358,-2.5322877632274485
2545,-2.377208371602378,-2.764162344671365,-2.0026226629549218
2546,-1.1149958494252674,-1.7302402089516236,0.1702503984201336
2547,2.1746113200895905,3.1133066260228257,3.838209184350607
2548,-0.2473595140522958,-3.022144183402948,0.1319471996726071
2549,3.333540420487447,2.0587354208219093,3.787324456402542
2550,1.5350015377967177,-0.2269353431107013,2.5502568696714807
2551,1.3276897039262516,0.8705228410178102,-1.2727029500075588
2552,-1.6870696867423256,-1.1776308067719083,-1.6445748903673496
2553,-2.0332018243130845,-2.032730361922605,-2.205740001292801
2554,1.94842700236994,2.2937551981698,1.564751891667005
2555,-0.9512442559376412,-3.499855791022022,-2.8409639626578307
2556,-1.815227821716619,-2.2037916059665186,-2.0747668015545333
2557,0.3717609663039303,0.9646718338673425,0.9647387520844448
2558,-0.593664621958501,-1.647666889777297,-0.8057352757535748
2559,0.2432498796596613,0.4945843697740966,0.4946746457517662
2560,-0.0623023204171702,-0.0964400562383982,-0.9010232451902562
2561,1.150354823554907,0.4989010105810737,0.5909276032801489
2562,0.1714893422929569,-0.0082595633742253,0.1691366792736873
2563,-0.4423621429414381,-1.6021775081497427,-0.8348379801094944
2564,0.2819796637408668,1.4066222239425965,1.6743498576875182
2565,-2.07523636861882,-2.28775526705851,-2.862091698803586
2566,0.0866480374305466,-0.5848533352818321,-0.4547870963280577
2567,1.2401652441738398,0.1719366263723081,0.1713071074434303
2568,2.0235687865463925,1.2400935108082742,1.240284882093346
2569,-0.0904622963521483,1.6067711406298308,-0.6281731661919835
2570,-0.3415514230595416,-0.8989987839248851,-0.5253549923960181
2571,0.3241719170913871,-0.3299154443537389,-0.1251360049803383
2572,2.390444696622469,1.5726859211835194,1.8949038291898048
2573,-0.2619968947936451,-0.4306106015036606,-1.0863690197193487
2574,-0.6322978849532227,-1.156839122380034,-0.6872189297311928
2575,2.960354393297848,2.3747995258171044,3.699189502143984
2576,-0.0561558191464482,2.2036257667719465,0.8454300816033377
2577,0.7837220161147883,1.38625786594086,-1.1252403238551485
2578,0.3180301529400912,0.3153144082593564,0.8454613841932959
2579,1.961653953134961,0.9635587735459822,1.049091231665188
2580,2.108955861856455,2.034052807629535,2.3189198605881405
2581,0.1610930040544529,-1.0583729747975947,0.7580640342023579
2582,0.1639329790876003,0.0099322494947783,-0.6863282036296923
2583,2.0372201028353207,1.1503645773171784,1.150731639788481
2584,-1.8835801525167428,-1.883354174335092,1.0160902455734333
2585,-0.8138227585036696,-0.9552316309937972,0.3301524967758643
2586,2.769579436269142,2.727627782182902,2.8900365832769848
2587,-0.0534021712375412,-0.8005850781721685,-0.629282663456723
2588,1.3222573614580235,1.9766853331292429,2.302480383515068
2589,0.495049296823845,0.1573990390256486,-2.056699155104684
2590,1.8738279726355371,0.9635089620044754,1.0483755091116012
2591,0.436627213680572,-1.6716802130487207,-1.1955515671932526
2592,-0.7857395798826056,-1.3002767382102938,0.3251009353022019
2593,-0.0567507412981412,-0.6156166905688839,-1.492040324324316
2594,0.6119810183802278,1.1641026473538805,0.4343432584610119
2595,-1.340142396761659,-0.8040388403530585,-1.3342503014595373
2596,0.0026283162742178,-0.2274278768448173,-1.5471471225337496
2597,-1.647312463779228,-1.5672113590104426,-0.9448219523209656
2598,-1.901741094153453,-0.7201388193279301,-2.279097377035119
2599,-0.3013576684105222,-2.501499328903677,-2.804783505488935
2600,1.097059641095348,1.713435292397738,1.242896384449427
2601,0.2804033771677621,-1.2442171976509802,-1.0505171023948074
2602,-0.7772673578786012,-1.0516363175127206,-0.4882555819098245
2603,0.1690070337142167,-0.9997711447070642,-0.4552750724908503
2604,0.7906257171997672,0.617788078681575,0.617534341887503
2605,0.7838234612730935,-0.58384372188514,0.0850909865951339
2606,0.8707111256692519,0.0989632057456893,0.6831850453084262
2607,-1.0023285363787189,-1.7742388132312297,-0.6929582107927444
2608,2.254511825945551,2.202111404924559,2.7236440858541084
2609,0.4395680410543592,0.4402555737933138,0.0041903789371837
2610,-0.6697229367289257,0.4488956208628103,-0.7963184660221281
2611,-2.1620726334718983,-0.7028027755206162,-1.210398434517362
2612,0.9646630678278326,0.2475180980847587,-0.3078906647331874
2613,1.433951548534197,2.100157994584871,0.7037905184676724
2614,0.3245808107756854,0.4950614604453573,1.5161102080974007
2615,-1.7180469999816044,-0.1585478969955498,0.3452064878544737
2616,-0.9901572138653232,-0.7302496836344925,-2.63295390331355
2617,-0.6059695289058616,0.5006084128399514,-0.6590506761076562
2618,1.6325955710785158,-0.4723427961551508,-0.486203885507752
2619,-1.3739663864439955,-0.6669561621613069,0.4996435928998256
2620,-1.8486159584150652,-0.692003781780836,-0.4283996152025623
2621,-0.9062694921080936,-0.3634468860421166,-0.0767712641331261
2622,0.882049830484704,-0.6920149325720054,0.0661878535762556
2623,-1.3507679526358078,-2.412151797235488,-3.55447348648349
2624,0.8706677893330841,-0.618861224658399,-1.774195600360407
2625,0.3699639619695049,0.3698543588095071,1.2115730447812476
2626,-0.345174386933048,-1.730522614251662,-0.9138165480473842
2627,-1.154462264876273,-2.369827155694232,-2.0760542018710484
2628,1.0581775722683424,0.1721930330279683,0.3297003358153774
2629,0.1690534419590505,0.4341736001790188,0.6122849457424374
2630,0.7312869001499921,1.2415033357209742,-0.3826243354088625
2631,-0.253200239355619,-1.1515406038839926,-2.878894739081858
2632,1.3829571669797749,0.1700285398168975,1.0944199681140696
2633,0.6702022759891292,0.0138574098035599,-0.7063355739451174
2634,0.5234427742076899,-0.2946791954887662,-0.91613503375327
2635,1.5919557719774595,2.331821819814636,2.768125198668733
2636,0.0855223034233761,-0.5773849885045633,-1.4975874313855142
2637,-1.3628170721625952,-1.9404624778712696,-1.4693826456822947
2638,-1.4840696946666156,-1.864034911870118,-1.8641012127604948
2639,1.3633685349902904,0.8774520315903328,1.2893026226511894
2640,-1.4506980799733085,-1.5613634371320997,-2.1481935941908192
2641,-2.120052067196835,-1.9449700070926097,-2.491003651257267
2642,-1.547129095699785,0.0280364352980434,0.131463601189266
2643,-0.7393956579595687,-2.6303829005752357,-1.8038875709484647
2644,-1.3581343010023277,0.8453533527870679,-1.7169466084471905
2645,1.627076678902054,2.0499504572902008,-0.8726221953878394
2646,-0.7541181991324026,1.1310345934934547,-1.9891499421908003
2647,-0.7115399679098287,-1.7591575138446844,-1.0921336439364218
2648,-1.271623122098372,-0.5850669694275389,-1.2366671197017798
2649,1.131146891570383,1.7028130456254624,1.2117224201768242
2650,-1.3382911984115686,0.2475385624657269,0.0948381668296265
2651,-1.60695942918024,-2.59893655504754,-2.246666490523023
2652,2.378781233065248,1.562486074753319,2.2447530165604106
2653,1.0638445778255898,0.0667090487111067,0.7908611051262704
2654,0.5330916371002604,0.5328749183958932,-0.0988893343185414
2655,-1.0981437414870932,-1.848551200344423,-2.0303100504859293
2656,0.8454730289873503,0.4947462439409525,2.10211636757439
2657,2.973792271253586,2.848133902715444,3.280672270588056
2658,-0.4202759973101433,-1.4471744348712128,-0.6823242037406417
2659,1.2409983883233016,0.5910713786746433,0.4136493626359184
2660,0.8662031098092816,-0.8720738450906191,1.7483599453114471
2661,1.097278210901066,1.252729985598565,0.9317340891980538
2662,0.6116491672437613,-0.6486339423100383,-1.6704180866000895
2663,-0.1749576510436293,1.5165794587092982,1.679255502225195
2664,-1.222454925429333,-1.3581213879633762,-1.2984980823897183
2665,3.1832833423003346,2.858701592323388,3.0640842186309167
2666,-0.2935674591339025,-0.9649955042322356,-1.0821370017929837
2667,1.8521829921391648,1.6499869878090054,1.6211266189542184
2668,0.0141929758738123,-1.0359143753337066,0.7576530075607327
2669,1.9252344823769916,0.5817932701028364,2.853224723055276
2670,-0.4013948438158651,-0.511850764827539,-0.5627907392745529
2671,0.130944105506545,0.2031850725823003,-0.5046842646396995
2672,1.5630258446018026,0.7006358200508629,1.2401311324782311
2673,-1.95608264800956,-1.818937342552818,-2.4684690161661216
2674,0.5911755834259986,1.1502124680118826,0.1704761548038459
2675,-0.9479253810862404,-2.412156461380697,-0.422980676815278
2676,-1.489103299732799,1.970958400354263,2.053855037443153
2677,-0.36055857195384,-1.6476028040604,-0.6890284924138468
2678,1.5456984050236602,-0.710323038281957,-0.3156184672938071
2679,-0.238759823552968,-0.2334151801431967,-1.7171333863320244
2680,1.0970238701517183,0.7580819625734021,0.4084573976375053
2681,0.4502896628921467,0.963441677924628,1.0484016883046403
2682,-1.1849720627928977,-1.4925873990548943,0.8455463566013962
2683,-2.2376317865678064,-2.2844518209160998,-2.600007019504909
2684,-0.651823949994897,-1.221321910114263,-1.4140303853544032
2685,0.7039538718939213,-0.2632619722277746,-0.1537744567422621
2686,-1.1483674295743036,-1.7513351209449537,1.7536644776581345
2687,-2.012941132012784,-3.2203433636381438,-3.30229435121382
2688,1.904899904878135,1.9969032320975733,1.679252273965457
2689,-1.1235531530350409,-0.1012857949794473,-0.0125905692788952
2690,-0.1180129708085263,-1.2425695039947804,-0.9308195690779448
2691,3.107268198562842,2.820502155308189,3.2578860424886518
2692,2.937710355705142,2.757199906562378,2.7230331584466776
2693,0.5329724092369394,0.8773993770595369,1.4333612728830012
2694,0.2057513943735199,0.7002061269964911,1.7328287806734133
2695,-0.0546709926095144,0.4946636927276556,-1.2980744885941138
2696,2.795187067857487,2.9676333378853315,2.418081678445031
2697,-1.2663195963875735,1.5373026956215958,2.391254759226693
2698,-0.579718903463742,-0.2670323170385248,-0.1233983077051873
2699,0.591167434713215,0.5910104485267833,2.115126118334669
2700,1.1331821631024694,1.8313451164994496,0.94799927377977
2701,0.5009295462028367,0.1702409224548889,-0.2155380926564275
2702,-0.5987885770920137,-0.1648134880079853,-0.2191964378340075
2703,1.150485449890137,-0.9453999620895608,-0.1038295497480895
2704,-0.7078076064686949,-1.2094185250859089,-1.1274304898418674
2705,-0.4943662320135628,-2.075071238324265,-0.7392042326942759
2706,-1.2421212013263312,-3.0738200975809824,-1.3054075618342882
2707,0.5233911187994954,-0.7524941404003005,-1.434798708576135
2708,1.289449984262686,0.2876611989119131,0.7032431245715907
2709,-1.4897769781950423,-0.3166457593909587,1.7004025460817778
2710,-1.1867441467990063,-2.3196828781307146,-2.056590316633521
2711,-1.068353120834895,-1.7594273987689264,-1.546394336080583
2712,-2.3001739850032528,-1.4292993413403978,-2.5527352308998474
2713,-1.6870778354551093,-2.9467969749857508,-2.002611427608508
2714,-0.8538955140423017,-0.5415004253558457,-0.3698879248218049
2715,2.1051826787194776,2.515325686954479,2.689871993127068
2716,-1.3916248131818552,-0.128133764120344,2.029515436494864
2717,1.4339501270395525,1.6760664393072866,2.166441579118112
2718,1.4458805669820762,0.6989200437640816,2.1179358509656283
2719,0.9317916213983822,1.523509610006578,2.2842665420740103
2720,0.7039913638151744,-0.0998298603272873,0.4501957850166555
2721,0.523372112407767,-1.90111656510991,-2.5010900501615496
2722,2.712659867952358,0.8706719871548211,1.714906164319149
2723,-0.878154337276136,-0.0649798636074462,0.4082017886432605
2724,-1.2147407452831416,0.2916300711887514,1.958166316024284
2725,1.486610724944992,0.4395684882786039,0.7006238940710025
2726,2.7142096049654056,3.172611985583341,3.174491128137402
2727,1.094735963952009,1.3568465824755909,0.002090686086108
2728,-1.7727266717937733,-3.2243539230169764,-1.4155010400221926
2729,2.6050736001624344,2.0292265892626444,2.204705099149841
2730,1.7478461897166282,1.770301017205659,0.8666555318945967
2731,0.0146821352810833,0.214229776630351,0.3687457114445582
2732,-0.9836583538070968,-2.3771809622957427,-1.6447000842273904
2733,-0.7064389130569869,2.0868931661097303,-0.1572951367432039
2734,-1.074762618896775,0.8450622329357065,1.677366509098579
2735,-0.4303185649920072,0.2044948731354233,1.9835983866155733
2736,2.336231377894527,2.0206839768666045,2.491162941594266
2737,-0.1528838465059378,-0.0779874399964856,-0.6358511272883782
2738,1.421674119759643,1.130356040916444,-1.4204596103551466
2739,1.063379762760529,-0.969576431160354,-0.9352559655777632
2740,1.4542310407369163,-1.086121020194486,-0.937227224564487
2741,1.411398343719673,0.4141064930765501,0.8706958159664462
2742,-1.1777828112795778,-0.975581519799484,-1.672238468165988
2743,2.304878525800281,1.49224814344481,1.5714627681380158
2744,-1.0069399297641362,-1.0153758908782209,-1.84832329486929
2745,0.3685719337242484,-0.3201113337201715,0.1302548916535609
2746,1.1752801144574032,1.015639096275066,0.5821908072305569
2747,-1.0075531911766014,-2.8395537556678114,-1.7179847245428967
2748,-0.1525238497693084,-1.0744339030295185,-0.9308208654640696
2749,-2.6932845352047,-3.113203648867762,-3.160417869894023
2750,-0.5811137551022417,-1.5472817482419987,-1.9841863233756565
2751,-1.6887451235608362,-2.246066382867202,-1.8584509724610647
2752,0.2816416218417225,1.7213111463633897,1.8904653091305923
2753,1.1299360346403344,2.514486607231302,2.8079763120840124
2754,-0.5843940215634842,0.5897507316096289,0.0900248703467034
2755,-1.981033661579148,-2.456908934665201,-1.2972777863195837
2756,0.0294738531797692,-0.3830811180919888,-1.1320741980544036
2757,0.3297668219037717,0.776581269948227,2.031589465767122
2758,0.3457513183167505,0.0849819038990483,2.128584560893284
2759,-0.4857878229982343,-1.7509239765447422,-1.2386030144903692
2760,-0.2257816376422406,-1.0522837061873915,-1.392721472380131
2761,-1.9447631796218117,-2.203835435384729,-2.03174266006034
2762,-2.287685850736696,-2.118130206437253,-2.6378151443263524
2763,-0.614258745252418,-0.7525691314392126,-1.1836611011625442
2764,1.1524316506774674,0.8822673007274593,0.1270204581324585
2765,-1.909939450683696,-2.04945751314464,-1.0023327342004558
2766,-0.6919956721145308,0.3572975634355666,0.1319591256524675
2767,0.5823280082694163,-0.7521772081078306,-0.9082662182185868
2768,2.189321629814491,1.787495515123163,1.8639799506377903
2769,-1.209046440394669,0.7720667596007064,-1.3731994197195654
2770,-1.5618115012568383,1.5833309979114536,-2.46852161240318
2771,-0.6828324595135425,-0.932930007320916,-0.8005842711072341
2772,-1.1550430638965044,-1.5668478117550706,-0.8588764907785418
2773,2.7738596641263045,2.2681374614426755,3.05596711297558
2774,-0.3204910131373708,1.5322570885593736,-1.4457312356727126
2775,-2.73694544252956,-2.4884001838155694,-0.7634863226722698
2776,2.8167279958959006,3.1093286904687862,3.5693696083940845
2777,0.9178045122918348,-0.8730383431147827,-0.3420982202071303
2778,0.1322524877146498,-0.2543297620662519,0.6831129415468249
2779,-2.143511931539743,1.8542996502467783,-0.9980229293952896
2780,1.0938067496226591,-0.0766103219724932,-1.3631158106632593
2781,0.7581914928145084,-0.6058155787097227,-0.2317414427641022
2782,-2.848767439549671,-1.8833271953072828,-1.562640289481682
2783,1.500048561895326,-0.0414778605375962,0.450182310432003
2784,0.1471696118040486,-0.3518045341004666,0.3698171334185001
2785,0.7909537699897861,0.2064592907230862,-0.4281023005246415
2786,0.931614528292762,-0.6306434325837301,-0.1192653858232757
2787,1.753546405917861,-0.2121296783853044,-0.3700569806505434
2788,-1.351783220444271,-0.8153619204709793,-0.7864624103388151
2789,0.6701499320633795,-0.8839417422737055,-1.7168465323953166
2790,0.4500148405941788,-1.2409185168276784,-0.445581542700822
2791,-2.5896833895493736,-1.1638600292073995,1.2894853649101448
2792,0.345583409089211,1.0226666416085313,1.3568441337993558
2793,-1.209020018810795,-1.3041495734319666,-1.2734916466327455
2794,-1.8934946132279071,-2.814784309334218,-2.471743277951994
2795,-0.4458139177966692,-2.448499665270943,-2.689712465804748
2796,0.523548183889423,1.8576791135591657,-0.2279638162802887
2797,2.120556679651537,1.9369473100897616,1.7956583237151855
2798,0.0680251402186061,-1.0254723061682751,-0.6685488975593988
2799,-3.232582244767599,-3.466574004393771,1.7500196981957985
2800,0.1332728915938942,-1.2111549229436662,-1.7148938818132458
2801,-1.4215393975639083,-0.901028978713742,-1.1718591023276546
2802,0.6832547414957959,-1.7302082314272147,-0.7595003524538291
2803,-1.0126830046257322,0.1346817672247079,0.523546796028362
2804,-1.0004036911596323,-1.4230211687835903,-1.291073892057554
2805,-0.0766220697882394,0.0851489677502687,0.2563619259453064
2806,2.1991959880479226,1.588988085766856,0.0832924630514692
2807,-0.1529017743140865,-0.7389557593081415,-0.1541154140484884
2808,0.882103676283774,0.203195269295081,-0.6109407499930142
2809,-1.5865244234923912,-0.7176341436185162,-2.7435151307273915
2810,1.9064166649733336,0.695301388889185,0.69803047049055
2811,-1.9015922688055564,-2.452419074454125,-0.9896506220376136
2812,0.9458155209927136,0.0015371686533787,-1.06149766674681
2813,0.8707015571049983,-0.8762766539215635,-0.0311443281035218
2814,2.437495932672984,1.9583999837684387,2.9927068243212527
2815,1.5758416603722771,0.6703211451244772,-0.4458156760452764
2816,-1.507065555255598,-1.0209908807161157,1.0642011049935178
2817,1.329698808680459,0.6991377427417317,0.9470053444356398
2818,0.3289719211449881,-1.4836232439783446,-1.1751739698676198
2819,0.8666584469853525,2.258014590455033,1.39121258739684
2820,1.8336886162599293,1.5505934254209597,0.9642709605682864
2821,0.3456568693762595,-0.3594492763340196,0.5236250256817485
2822,-0.4223479827100966,1.2115854828593884,-0.6740018132961871
2823,2.2732710894068284,1.982032945385023,2.391208871820419
2824,0.3453475199452439,0.9859071139694316,1.8887453523483717
2825,1.2839364252875731,-0.206612782851361,-1.3395751145363837
2826,1.0482236461003966,0.0189575765696203,0.6178475445408768
2827,-0.3099767284221142,-0.2721676954055221,0.0192639975089601
2828,-0.2815718040259468,2.001704185098211,2.269674604990512
2829,-1.3279370784392666,-0.7540207442782552,-1.5515029677448386
2830,-0.669728030418069,-1.5662067176703285,-0.8863878612155452
2831,0.7904708870652366,-0.1077499687877198,-0.2733612210878807
2832,-1.087128543916204,-0.583844188299661,-1.1116941886215788
2833,2.0062172132149176,1.0941400027978734,-0.3069518441747154
2834,0.438034270599457,-0.6336488293555902,-0.8704430354281869
2835,0.1646936666120834,-0.0556666225011704,0.0138190165716774
2836,1.485369111181721,0.2768934122200848,-0.3395641241901918
2837,0.0047534044463953,-1.3553532572940954,-0.814163680537853
2838,-2.6001206076225003,-2.5130651927165326,-2.6842091502831265
2839,0.2789408346275763,-0.8618978323385806,-0.6857831310557283
2840,1.1755808037929876,0.3243286894549074,-0.6803114768957434
2841,1.2283765506015731,0.5233764267420857,-0.3090565397004718
2842,-1.216365264284896,-0.3742043849227405,-0.289102023756186
2843,2.3995696470795878,1.5288932132020134,0.8807375552907599
2844,-2.2999831693254857,-0.2416912448993744,-2.38678188186739
2845,-0.3081513819134551,-1.004533557724292,-0.8705362784172134
2846,0.1339593961121466,0.5010207253602726,-0.7641675894333716
2847,-3.266522537478097,-3.026573015283923,-3.215255135254014
2848,-1.219278528058649,-0.6522187205627638,-0.7299426776527116
2849,3.1527286680103197,3.2648135586111318,3.838382588097778
2850,-0.3588449452754226,-1.1486850900572716,-2.0299188783465065
2851,1.5782401420625232,0.6699866743566358,1.7835481224967569
2852,-0.4306497572999888,-1.120431658178728,-0.9354534086816088
2853,0.9314531153058686,0.0134375054476557,1.0157813702935137
2854,0.4087425221493536,0.016630946098352,0.8452807169429659
2855,0.1369636245813062,-1.7596556620234551,0.2810002724597774
2856,-0.2385069095212414,1.834230817813848,1.6755395386256655
2857,2.356169194314933,1.91208403535459,1.5604722015781674
2858,0.0085761282159128,-0.8463242915378181,-0.300650307834451
2859,-2.166921434228539,0.088044149642249,1.1527702292457054
2860,0.449888564486578,1.0482672386028329,1.4337331121904673
2861,1.2514611642265916,0.6704559826160286,-0.1895266142981466
2862,-1.0809682564728844,-1.4932548417556988,-2.4936392682356607
2863,-0.6184424554944351,-1.2241409993724262,-0.9686114433761254
2864,-0.7323834734878385,-2.59985886109066,-1.818918822751037
2865,0.6830920759034848,0.8703611014155881,0.964846413865466
2866,-0.4408595808112591,-0.5650042607665509,-0.055018294756372
2867,2.5048436105820997,2.2441464612247084,0.7001452448693035
2868,1.713053443348962,1.2409101106014782,1.4130900658797094
2869,0.2921092925708329,0.79059302282294,0.4488919782827833
2870,2.444092414513093,2.828583261232377,3.071250639590692
2871,0.8662651429405671,-0.0771130585242549,-0.7320283959376471
2872,-0.2683460958967651,-2.6697708177698902,-2.162599060321971
2873,-1.603188195465613,-2.002554510084367,-2.9468895739946563
2874,2.687479181003619,2.0466834584354774,1.9568117050029576
2875,-0.0573915508561082,-0.99574133468071,0.2420047802320119
2876,-1.0040445511515763,1.5554736371572186,1.9067764713135165
2877,0.0170215367028865,-1.4208245686219518,-0.5237681468743776
2878,1.1670897991532616,1.454853216328722,2.0354499765222958
2879,1.3275564848187724,0.8707091502237286,-0.1911896153933572
2880,1.252012620166814,0.0105033055834092,0.6696917497705833
2881,2.8303091518959933,2.8622442501729006,2.9339505860604307
2882,0.3829407635405296,1.236209049651773,-0.3127271053766648
2883,2.8820145739875738,1.2577668778545752,1.4764450418781656
2884,1.175636145388494,0.5817323943477795,1.637901033803129
2885,2.8992583233774014,2.587876069181274,3.2622173304555573
2886,0.6179018574820915,1.8784902381542528,1.0484793966785486
2887,-1.0449544529503052,-3.3365901571331333,-2.2844994785393493
2888,2.541380929488368,2.4556522458792545,2.92626884704506
2889,0.7004463758607797,0.6100601496871555,0.6986770971185834
2890,-1.0398899810009634,0.6987855042755148,-2.2565358706154943
2891,0.2688052126787307,2.4374897311634567,2.449266397756049
2892,1.0608318260101235,1.528247622326199,0.5233658158117342
2893,-1.6725305354127704,-1.183607221323822,-0.2733868023146814
2894,-0.4857636379612037,-1.3430092718395414,-1.422290442976414
2895,-0.5886776885689307,-1.8936481005887111,-1.7590049805622694
2896,0.0691013108262631,-2.2112906111817425,-1.2096376997858205
2897,-0.2767765026170877,0.5009802595933808,0.5910076088238435
2898,-1.0419719006061223,0.0926944997734574,1.4119170216348909
2899,0.3245780148721625,-0.2378522502104118,0.5821004159578966
2900,-1.6467162652336795,0.8772230524946553,1.5332797898666728
2901,-0.3896913347199104,-2.2935393287676376,-0.3518011580506855
2902,-1.5514778979643378,-0.6709323497265862,-0.0814450582929605
2903,1.0482917593854533,1.8158198560919672,-2.3880530861965323
2904,3.033930008442428,2.5227588758117543,2.926913731782188
2905,-0.9814244380166862,1.465012424216647,2.138632762125224
2906,1.4536274714609254,-0.7770720483713989,-0.1739538640313856
2907,1.0153875226054936,0.4938387570696394,0.3252256844820724
2908,0.0316551159492721,0.3290792433963099,1.2405686054566334
2909,-1.7178983685949087,-2.49029686645706,-3.0134259804295915
2910,3.017281469430953,0.9646425725805282,1.150896095628298
2911,-1.4902001009787402,0.1597013358699548,0.0860962356053523
2912,-0.1952366242112486,-0.4233450227497826,0.0328951401438659
2913,2.6338423372288675,1.6242863095386286,2.897450959104157
2914,-2.3676686783368286,-2.1481685244103184,1.2772805795369928
2915,1.4549530179682926,1.9023129158781955,3.306142185398911
2916,0.2185629661388273,2.1998696840977447,1.4997194858850866
2917,-0.4265653398701265,-2.168217072680578,-2.077416239817105
2918,-1.135359035262442,-0.7630735561648262,-1.1181697297297606
2919,-1.5884009764234324,-1.320241145168368,-1.3922112136115932
2920,-2.4503292404106984,-1.042370541587269,1.048461154163942
2921,-1.716845865986545,0.1690090159759307,1.5528990290016118
2922,-1.5565636819007032,1.5786741448616075,1.382871696518812
2923,-2.5397044593852214,-0.513796974904025,-0.6016016620968877
2924,-1.1550621356163202,-1.4893441330757429,-0.8171023169085536
2925,0.2477131424638506,-0.5844094547316351,-0.0730867713903747
2926,0.866536479588126,-0.4215045331583079,-0.5961690754119557
2927,0.4127467692297774,-0.0786405821475175,0.0296130608722089
2928,2.273730308918579,2.7648171437148314,2.892679165507484
2929,1.7451293696378936,1.3279641673886484,-1.0411992544758124
2930,-1.5060330323234936,-2.191424390100746,-1.9809048145677373
2931,-0.0550236614473092,2.3674847064218367,2.4631045892273185
2932,-1.5285706197480993,-3.061655489143412,-2.972816087057067
2933,-1.6374374534782403,1.7280707094914576,2.32731976688814
2934,-1.564970372703134,-2.9843222326456376,-1.988033358147419
2935,1.3222744251166385,0.4951701836215291,0.5822418252639143
2936,-0.2059936267923985,0.5246472956349342,-1.0198241621063682
2937,2.5929525076190734,0.4950232978034561,2.153694965176269
2938,-0.698634049067153,1.174867611100881,0.867248577957976
2939,-1.6390202231097213,-3.0766270048577424,-1.717319933626877
2940,2.6183872870394413,2.492965334641096,2.364394685039996
2941,0.500913217910933,0.6828819378859412,-1.7740678137281167
2942,1.3635379984003029,0.2560832432690428,0.9507188202477598
2943,1.253370103386588,2.3347140958177284,1.8638622670903429
2944,1.3909674111288486,0.5820548744365945,1.1769198398142595
2945,1.4944094043126712,0.9649555572306298,1.4146311603185924
2946,-0.6232014407640615,0.1694968272630222,0.2573891456258688
2947,-0.4233501465616087,-1.242825447655396,-0.7822790295852559
2948,0.4551699557045329,-0.2858757133608792,-0.9980472520682956
2949,2.500742961715056,2.4817179397413067,2.0656818280739864
2950,0.2424839462131043,-1.6377850678750143,1.7950476448630093
2951,0.8705534604234216,1.1502012326654687,1.32813158639675
2952,2.274192988151971,1.7074085789241982,1.2539142957424003
2953,0.4501768613691985,0.5330718546331222,-0.8259226319497344
2954,-0.5050566417176828,-0.7159110291574182,1.7291403110234629
2955,0.3590812129834948,0.3583985698962829,0.437553564166232
2956,-0.3833241220921238,-0.200869987324754,0.3579161938258776
2957,-0.7822668065160804,-1.5228479372201489,-0.7504571949767619
2958,2.2743416111137726,-0.1178337127241725,0.3576348003310703
2959,-1.8039312200347544,-3.025374215788351,-2.850537681397042
2960,1.4118865256946247,-0.4125296745739399,-0.1469831572050939
2961,-0.8079659271105673,-1.501715316499492,-0.4807035257581548
2962,0.7907976589134128,0.7006986699647274,0.7908483443278197
2963,-1.2812320998634414,-1.4661881859457342,-1.2155443990911017
2964,0.2050505045371215,-0.1597694233018019,0.279753053485972
2965,0.4397474674213596,-0.6164993895760684,-1.276465762752416
2966,-0.2313700487755089,-1.1253678961876858,-2.3207569662635
2967,1.240351306449068,0.8708030456187591,1.8185490248884293
2968,1.0221589494024848,2.2520843630285,1.7054780274631858
2969,-1.108673312562525,-2.0025350025598243,-0.8649212991921185
2970,0.0058036360478558,0.2778814796515226,-1.9383147114796344
2971,2.5456724218206,1.9996232596727388,2.269702030011383
2972,2.7866455554014258,2.2527432775036624,2.430658436407161
2973,0.086958209779111,2.2842812998328124,-1.6381598918895792
2974,2.7909405243926795,1.9969389735446708,1.766910478872714
2975,1.3255639625467188,-0.7765099632141669,-0.4381512504148512
2976,1.5626566351090203,2.084305723223381,2.298478293766361
2977,2.133738363392275,2.1654683868893785,2.462174362798204
2978,0.3240564203345154,1.2553628620047783,-1.0821020674108202
2979,1.0948377589212046,2.3037201818130844,2.7308066303503904
2980,-1.6769653033636256,-2.4916393613280508,-2.3203050099001983
2981,0.2806734111667522,0.4378457506728129,-0.4951995924865866
2982,-1.1565034127281195,-1.379539594669999,-1.489619429205259
2983,-2.5260264363124354,-3.044200799225808,-2.956165740555732
2984,0.5012828114218123,-0.7161866104440904,-0.1000446578580741
2985,-2.643222853495898,-2.5569321829381475,-1.5623154867959763
2986,0.0762528135488926,0.963589394909786,-0.3738084716090881
2987,0.4139509267415884,-1.338287988312593,-0.7330424080352121
2988,0.7581423771484965,-2.2765943730494507,-2.450307260134169
2989,0.0274596650970426,-1.7144125492660782,-0.9308747183564312
2990,0.3713028172742008,1.7543542063704338,2.9519616346874247
2991,-2.4121849126664747,-2.105489730085928,-1.424910487524878
2992,-0.6283616870715052,0.0892068079815275,1.8100886834566945
2993,-0.9470275039990156,-1.2822669171359324,-1.42220958483296
2994,-1.8832953738898663,-2.144590832367983,0.3210887272754885
2995,0.4502868791318009,1.4334670557761413,1.2117106928460055
2996,-1.4204308362289224,0.8457032154361595,0.6700594254957285
2997,-0.5627736254934531,-0.8463654361683366,0.2024270573023704
2998,1.809776234032065,0.9312922787939284,1.391399997933723
2999,-0.8922769359743976,-0.9071509121266482,-1.6382716127355077
3000,0.2795713313678485,-0.1806530960802767,0.1309377251073197
3001,1.3636219164107013,1.6229951736646258,1.1313986145803752
3002,-0.2267178190384964,0.0850993237546958,0.6115952352695926
3003,0.4559392682705222,-0.0799722176282554,0.0188733969529786
3004,-0.722365219892745,-0.7160586542496261,0.4343848859570062
3005,0.440074388344284,-0.0550167145640405,-0.3382745679878818
3006,-0.6967811007790757,0.5234825943474154,0.3454027317641606
3007,-1.8481322406719256,-1.6726502722505694,-2.213206639106122
3008,-0.6268472864706445,0.6984760171401435,-0.2981585895131876
3009,0.4141745224817595,1.56940571202151,1.9069582373046
3010,-0.5570922892827643,-2.0313496167910907,-0.971865591790932
3011,0.6991681762892233,1.5474427953319876,0.8669135757283085
3012,-0.9296376364655072,-2.429190427731536,-1.5884640648568942
3013,-0.9135383875115488,-2.6763385433954183,-3.2727402260456744
3014,-0.3615437690421303,-0.1549327180437188,0.3451584471588166
3015,0.3548587303690552,0.7896593837656326,0.5200325079129853
3016,0.870688531511079,1.5325373548929953,1.3281796144160358
3017,1.1503613672182031,-1.177624016177922,-0.3911285311653321
3018,0.291642775797138,0.6177899740077679,0.4500384729426463
3019,1.4544680872376683,1.097048427984724,1.4586644790119263
3020,0.0168332311594267,0.0880190966354682,0.0888308886645517
3021,0.9315016544969272,1.0971201414689011,2.9321798855942096
3022,-1.6391571935585996,-1.717478579533995,-1.6381364870064796
3023,-2.07496604772056,-2.4094631647028746,-2.489091267128649
3024,-2.453432446150407,-0.5938950566851551,0.5816660997281625
3025,-2.813983818628534,-2.294263817204867,1.289155853329128
3026,1.7180360108201649,1.3277615607571625,0.0968502198278043
3027,-0.4783929674200387,-0.9047955507629007,-0.8466396045350952
3028,1.816513900852223,1.362871011864659,1.5000477326901165
3029,-0.8179465565387862,-1.4373881253927818,-1.2552648570256548
3030,2.057074861062924,1.4998041832743312,2.2370910475366563
3031,-0.0233800416742945,-0.799979635650631,0.97273158243927
3032,-2.6333010763044227,-0.4931526831893735,-1.9802218671054463
3033,0.7039480674574556,1.500332742366371,1.9256004660045256
3034,-0.9315347020819084,0.8799108463668338,-2.166200628005773
3035,0.3583334242312952,-0.3588496262225179,-0.8806088002911298
3036,1.2839216094461483,0.5908338313504636,-0.0357776429794684
3037,-0.199574579115122,-0.9792386648446956,-1.909845740486683
3038,1.505385089707159,2.222303949495566,2.597772095873635
3039,-1.4293695853617758,-1.3529756939491169,1.0637765401104862
3040,1.4996747088037798,0.6178320265576726,1.9609157235828336
3041,-0.9715596142341562,-0.4441857878228289,0.8707717471537489
3042,0.845390938954016,-0.5732238754611306,-0.1883167663138848
3043,-0.2584802517525638,-1.2179530892435158,0.6114033727988375
3044,0.3593205972142436,-0.1552606575408123,-0.746556970346169
3045,0.4081695060458817,-0.1922690785929617,0.494533870568197
3046,0.2102315946983618,0.2858955412614111,-0.9476649955800692
3047,-1.0476857056403883,-2.3202897909614344,-1.7181064760530107
3048,-0.5886863349043294,-1.7137271632034985,-1.6285235504679283
3049,-0.228297040304595,-0.0010924472647917,-0.1554005609591324
3050,-2.09641854491716,-2.0964163225409465,-2.2844132997283944
3051,-0.2269251402930556,-1.8249399964950064,-0.1543025337241093
3052,-1.8834324596337355,1.6444869142583634,1.6378660994209655
3053,0.0993461952465236,-1.0289374171818522,0.1720651537966694
3054,1.6014034092731184,0.4392682219206676,0.1270365582052701
3055,-0.3313006201746613,-0.205622683381804,-2.0025974760245
3056,-1.1751733525408938,-2.190599391825756,-1.86399132860326
3057,-1.206917194132586,-2.293533642789059,-2.8867593692039444
3058,-1.1912653221199072,-1.220513360502846,-1.557347841314039
3059,-1.7181176596671026,-2.1446415621638635,-1.969407588267656
3060,0.5233882037087395,-0.2274446094657562,-0.7223695342270637
3061,-1.8485959227689,-2.2562813702052726,-2.029794848155958
3062,1.3133301076715864,0.7858986560804003,1.9455017029511312
3063,-1.0279902279303257,0.7905947996912458,0.2152536969915837
3064,1.517661086849849,2.5300513156935254,0.9740940063785274
3065,-0.8513253658971168,1.6554737198012477,0.7581642831967178
3066,0.0491326290376313,1.2417664228366956,-0.4112095078317164
3067,-1.9559664671197197,-1.6440902888874094,-2.285369909223064
3068,-1.0137643629122617,-1.799203243043049,-3.314501323642628
3069,-0.5181997812022225,-0.4762390361601225,1.048302183679514
3070,-1.8188535095834224,0.9648774036671132,1.894031662592041
3071,1.453249268319391,1.4133576152827747,2.2021062193800605
3072,2.69127567016238,0.9646622653030889,2.247554306812405
3073,-1.901346587147804,-3.0124462672744903,-2.73696913410697
3074,-1.0450020835481986,-0.7658625878865954,0.4501316400708152
3075,2.8951056284045955,2.057501587407058,2.404874095290819
3076,-1.9841092815457584,-2.16598047441755,0.790899685671119
3077,1.1507108976104865,-1.2329810618206032,-1.2395300341264566
3078,-1.6446447717527373,0.4132168326653195,-0.4655746155632523
3079,-0.6022785324108767,1.412890052020473,1.5758614679917315
3080,-0.9235343503171438,-1.500407373579137,-0.669828783819127
3081,0.173893490361178,0.9647369001042668,0.7765844800472023
3082,0.7906498826087264,-0.6892327730400734,1.2888550887538952
3083,2.652691526382817,2.7262399657758354,3.015779372843417
3084,-3.164414444589339,-0.7947338145193162,-3.092035434296699
3085,-0.5819161181228043,-1.395706058899647,-2.147643225056106
3086,0.964737023569612,0.1727256007945218,2.211456496903332
3087,0.7007664691602341,-0.0779055023364519,-0.9075712344493224
3088,0.790788416279021,0.2285414946625861,0.7004463758607797
3089,1.7544127289440623,2.0493795873581035,2.272363186347755
3090,1.326429788684587,-1.492101551285503,-1.3735822367705846
3091,0.6115592453556135,-1.4269202276180375,-0.5370175638280438
3092,-1.969306935740829,-1.7994703815363573,-1.1253674350077232
3093,-1.7184678224831251,2.2283198435646607,-2.9631116459392857
3094,-0.1551847188640509,-0.1118735850291164,-1.1327128637497743
3095,-2.1435218087673595,-2.33093751110957,-2.143504770549721
3096,-0.8905672842057193,-1.424709548626496,-0.4869640258478288
3097,-1.20733521071009,-2.556816866305724,-2.2846251662607706
3098,-1.2718623979373846,-1.603199430812027,-1.127942178593059
3099,0.9065532130342324,0.0852644344951096,-1.2291338085843644
3100,1.949967513773056,0.5010033167465984,1.4115915669849233
3101,1.895957053671196,0.2568641960825472,1.104338972523709
3102,1.813960304180976,1.0483368918404212,-1.2715468696467631
3103,2.73841430218489,2.244037654949343,2.8932181488935846
3104,-0.0449681629507318,-0.1467995971235131,-1.6442303080159408
3105,2.358611807161113,1.492567960906713,2.36173561841513
3106,-2.4945551716412906,-0.3023904082924894,-2.144517504753937
3107,2.525004600434545,1.3628492156134409,2.2002049199181104
3108,-0.1027960830760282,0.5008795427380276,0.3291860717862508
3109,-1.5666065130391391,-1.5261962632807038,-0.1122251159419045
3110,0.1705161761985436,-0.2254742996238466,1.411800823973056
3111,0.1464206914276144,-1.148062103696572,-0.7255717436783115
3112,2.0065307340294254,1.9255170757982256,2.2272902812899558
3113,-0.3875755689262893,-1.3747039684162667,-1.774299187785036
3114,-0.4688410764687405,-1.3739679914934837,-2.803708294741399
3115,1.467256220395518,1.131121067751005,-1.8152871691180328
3116,-0.7389513866720077,-0.7556317108826855,-0.1533593269591319
3117,2.425369717543719,1.96402932017382,2.4205705453304733
3118,-0.9524313752318136,-1.3737990909012394,-0.3652105007013084
3119,2.360459961673308,1.1312613218892782,1.8998177515133177
3120,1.7475699091166146,1.327587104224384,1.0585670436998
3121,-1.1599638938085155,-1.2018498417491172,-0.7898668865308102
3122,-1.296939344282824,-1.6207188826528154,-1.6201369139343087
3123,1.0157880574029703,2.1050367896872557,2.787481905263516
3124,-0.1525390296768601,-0.0512157557077683,0.3584442762140981
3125,0.434082182932914,1.8642968359895689,2.650356188876454
3126,2.9484433115496125,2.9428333306232592,2.6295049239849453
3127,2.2182302996028085,2.0348704338506725,2.736682767100116
3128,0.2573050161066537,-1.438585061657152,0.434310143030025
3129,-0.6687601662926266,-0.5496781244179932,-0.0801190834583492
3130,0.5911937328317441,1.1955832661381274,1.5321044853926968
3131,-1.759767885493942,-0.2056082685681578,0.69977637431222
3132,-1.0990469545645654,-1.730333081632374,-2.610510601360147
3133,-1.4006680097807016,-1.023571461485386,0.0833281146114138
3134,0.6115844091731191,-1.6221844151329077,-0.8663182564037539
3135,0.8774394158253614,-0.4119760470353244,0.6172487399218131
3136,-1.9097851190021864,-2.284430337946033,-1.1728855396941946
3137,-1.2710350131167982,-0.1936660978711703,-0.3804508495533452
3138,-0.5304406293297943,-0.3603955730951984,-0.8788127769946524
3139,0.4488378726428709,-1.3404512164732116,-0.989440951577526
3140,0.7907104203707337,-0.6189536966014487,-0.5739838080426746
3141,2.22574826710344,2.475615854263153,2.648106904849205
3142,-0.5379235798474546,-0.952667767331561,0.6999632964438013
3143,0.8819633671307158,0.1376893204558143,-0.8510800741566671
3144,-0.4285807993646133,0.5233003428733569,-0.4254316851228348
3145,-0.3261654647066794,0.9730390342000724,0.4400415620847182
3146,0.2415611827555316,0.0817963954007442,-0.0514768601888741
3147,0.5250909719006924,0.6118358088285772,0.2039133027275287
3148,-1.1115905222993423,-2.429405810927816,-1.8482610412544185
3149,-0.4736383951985368,-1.066773223091384,-0.417507972882883
3150,0.7837575802220104,-1.0871323335341865,-0.5317705811853564
3151,2.973854712397056,2.740648377735574,2.802120125367448
3152,-1.8151582869369172,0.5328878895345257,0.7906619060842625
3153,-0.4995206303357473,0.4931502730330435,-0.1953206199339301
3154,-2.1480547192672086,-1.1216043894571353,-1.004929980817772
3155,0.3675898289971461,0.7902672044045949,1.9031309001563623
3156,0.0071296261186394,-0.7727792781942224,-0.704478595234459
3157,1.0585254976111378,0.9647772732721498,1.058501792264858
3158,-0.2866833105378872,-1.9695466340263657,-2.838295195550005
3159,0.0852284039733668,1.0964215860306976,-0.999787410913482
3160,1.904398162632078,1.5621412248424436,0.704035903980707
3161,2.1728372777144265,0.682817612441088,0.5907708022917351
3162,-1.0899280664190625,-1.5276814882686007,-1.2746053338326395
3163,1.284785002605186,0.3285483732782529,0.7766806595511191
3164,-0.8514629223750841,-1.3394819940413267,0.0754392447805981
3165,2.327395048081756,2.05251922052808,1.802708105587304
3166,0.582421512506824,-0.4693791185807026,-0.4269453161037775
3167,-2.1007395356286565,-1.3449206880102575,-0.4695536751965288
3168,1.1501403642502812,0.682971573726562,0.6830543572405238
3169,0.6118106450110716,1.3263162533563158,-1.5858011128138554
3170,-0.4816138258694744,-1.182993676178708,-1.344442891893308
3171,0.5820224765442251,0.8453606163714781,0.3225274358161671
3172,1.176032529566308,1.0973586868045315,2.0688260919775217
3173,0.7906871968431488,-0.6878260856312939,-0.7122185191310795
3174,0.3699728759255058,-1.1530192108961674,-1.988354615937112
3175,0.6986856704673076,1.727547130143397,1.440323471172298
3176,1.627872560222429,0.1584851754849556,-0.8481184357325159
3177,-2.7609724899149555,-3.295033674110459,-3.514053770891288
3178,1.1974405553260872,-0.6973099320826085,-0.1337190282387375
3179,-1.9388468487010075,-2.387252958071877,-3.060223598577753
3180,0.3456025320845697,1.302687577736334,1.229691373136112
3181,-0.6575857524552576,-1.25749256938131,-0.6522176419791841
3182,2.658221866385185,2.290647516684695,2.500803891024958
3183,1.1088792840849058,0.3502647534819627,0.5240555583292086
3184,1.0972966580995682,0.1628294907322023,-0.3914378025419457
3185,-0.8035839028378233,-2.410054032643506,-2.0326365432760576
3186,1.324831230344093,0.0666995973720673,0.2048142210611364
3187,-1.6872241418891805,-2.42296956715017,-2.4681623282486256
3188,1.0581454712785885,-0.3043114969746243,-1.041974740309062
3189,2.356680681244701,0.617697813771639,-0.0025943256419988
3190,-0.5060923629420867,-1.3981934475398372,-1.1524661637807228
3191,1.981644029670241,2.1633511883114265,2.924171067065308
3192,1.1537754700881424,2.065997247407564,-0.7866304689835394
3193,-2.906087905718954,-2.9818843693300434,-3.1102041123982764
3194,0.9314509247010464,1.0156194961266576,1.390940201511058
3195,-1.0049419953038978,-0.5646004463090355,-0.1533198746006881
3196,2.9420700679121907,2.1769325928096275,3.701452065134103
3197,-0.7033441301180191,0.8454795431543214,-1.5638545763230831
3198,-1.2388084821964438,-2.232304724755718,-1.5626168845985826
3199,-0.0463676051676344,-1.3720831695335425,0.413228438407769
3200,-2.567064986703812,-3.236802425451825,-2.963418443148569
3201,0.3300682316777601,-2.3309943051683653,-2.2376414168647325
3202,-0.4235432310293507,0.783748018724331,0.698557872888569
3203,1.6078994455366504,0.6116179729774885,1.4357655518700103
3204,1.1983273286752838,-0.4377814088083699,-0.000559568674614
3205,1.805893444632343,0.5822458605885866,0.8454311769057486
3206,-0.8313588564501396,-1.9383211515087588,-1.7124803020090889
3207,2.888827136554073,2.894876938469252,3.373734316689132
3208,1.4602270112317697,0.3453225084665583,0.7848318494673728
3209,2.629567660155966,2.533275128694806,3.395206182127019
3210,-1.8475346298211188,1.679731575359343,2.870569286776474
3211,-2.029915062032951,-2.7402474122456297,-2.4715906254097804
3212,-0.5134849203816546,-1.4153009646509565,-1.343377126283473
3213,0.5912553420390029,-1.374037749413526,-0.0977402389224445
3214,0.7039075548600828,0.8773856951735819,2.458104087225521
3215,-2.049439240273549,-2.5567003150198477,-0.8053887173071846
3216,0.2057255448121723,-2.120695620730661,0.0029338278841375
3217,0.3236538102272068,1.015243980342149,0.5820223612492346
3218,-0.046944573567303,2.2518191535499934,0.0012636996670275
3219,-1.5225641621892851,-1.4999109919252231,-1.824909096532994
3220,-2.93900583105242,-2.492437894433211,-2.584629844257333
3221,1.0582194270203678,-0.1314411543523275,1.4954878741030608
3222,-0.6885233355928829,1.687027442440554,-1.6030618904174656
3223,1.3924044478921629,0.3210204726410307,0.1563321280060305
3224,-0.1525440926783382,-0.778485381088938,-0.5277765570388891
3225,-0.8110215543918042,-1.9796711481598424,-3.231143979824393
3226,-1.5583639253479138,-1.7185480457807274,0.523975827703313
3227,-1.4535658296553282,1.644175301317532,0.7869160227542077
3228,-0.9183834112945825,-1.35912295554705,-1.0645154307188345
3229,2.5402924430050087,2.151930721229524,2.626270915193658
3230,0.617801879025417,0.2907926035417434,0.288021399731976
3231,1.152491519096367,0.5164915652326204,0.5209457100058492
3232,-0.4194263669982409,0.2186169829353245,0.7040136931268842
3233,-2.412367280744163,-1.5596995033286345,-1.2749343735992429
3234,0.1355214754666819,1.8094921992309183,0.2032200753331907
3235,-0.2408729139763003,-0.2224569053206495,-0.165907307726678
3236,-0.9678404649051052,-1.2124450306104944,-0.7888856086805607
3237,-0.5103344144175367,-1.4525295540209784,-1.5670668403882355
3238,0.7906237626446307,0.7906291524784917,0.790653436345338
3239,0.699813285219888,0.358072453976999,-0.4074888406348547
3240,-2.456791631413184,-1.2622800812315318,0.0852120503142262
3241,2.529088173559996,2.0366456220740288,1.4850913551107714
3242,0.2571203159563601,-2.062991554784773,-0.4822018241048698
3243,2.088043306475744,2.1296348182838933,2.556637120762196
3244,1.1525995684739023,0.0684009278440088,0.0491390094368567
3245,0.7910081524579498,0.6115384941506563,1.4070626503788426
3246,1.76129711808611,0.7847090658447345,0.2571266125523929
3247,-1.429483478469443,-1.7160200520914677,-1.7158386579377902
3248,-1.73021736786276,-1.7742896809534552,-1.6446997138313546
3249,-0.5971916367229732,-1.1281972579962585,-0.2755784875062008
3250,2.2560023163235745,0.7007091051971054,-0.1242730859199207
3251,3.146926255166325,3.0412705390741235,3.3402638493260786
3252,-2.284501700915563,0.4089972501611639,-1.3373566892136914
3253,2.183525672649059,1.058350979345687,1.7844385131758196
3254,-1.2401554474301095,-0.9537215564946836,1.3259566850635232
3255,-1.320507929337846,-1.759758225450255,-1.3486124549573744
3256,-1.072418210557138,-1.7992584693435645,-1.301114125727299
3257,-0.2347247006468652,2.486640149701512,-0.9747610475867848
3258,-0.1117743906916271,0.2032154242010451,-0.0075243321900338
3259,-1.6175592740843157,-1.6181609488163329,-1.825517767482825
3260,0.3593681818738867,0.0067165101762736,-0.1080452560490645
3261,0.0251215150788971,-0.3307214751066282,0.964814312875712
3262,0.0681444000172106,1.062982150591982,-0.3016869140039209
3263,-2.2876825339158584,-2.7983637247256725,-2.886462039907436
3264,0.2183664445042029,-0.3951342377143191,-0.9165910686779892
3265,-0.938215496730958,-1.344193538041057,-0.3660292237082914
3266,0.8707227314117014,0.3299757252678631,1.3724658929499758
3267,0.0810195293095189,0.7037834109944491,-1.3797979513216665
3268,0.2475382538023639,-0.6276841816922882,-0.8473198943812873
3269,1.8002658181036573,1.174008242346043,1.674727551304659
3270,1.7998658294054966,1.1313117849491638,0.8775181310913096
3271,0.8820292581694448,1.0636701603701308,0.524636115028815
3272,0.7582009470037407,-0.5507248074555284,-1.9684700094037864
3273,-0.1148215709991082,-0.6109604447244656,-0.6863292989321034
3274,0.6115989665857601,-0.2267204426201767,-0.8296240019941968
3275,-2.211164195795222,-3.360524303336113,-2.8130784171749803
3276,1.4856810948148704,-0.1374582405489815,0.8818688537403218
3277,2.8596636937528883,2.1283423345446177,2.6456741674797373
3278,-1.1766697858120327,-0.3177060219063796,-0.2026886327819062
3279,-1.6063609799348375,-1.2745241901800066,-1.8583180627117888
3280,0.7909182305698019,2.4496854766883454,1.2409108530415072
3281,-2.387048069737875,-3.3353387805472274,-2.668010321113329
3282,-0.3908061418949862,-1.3446959179400575,-1.3448599821136291
3283,-0.5402716246945984,-0.5825442693533145,0.9635453285758012
3284,2.0137845920197424,-0.0778931589472963,0.5242590751755271
3285,-1.8153878583220304,-1.344539671987032,-1.5657715033932875
3286,1.1524923539149572,0.5233176681402931,0.4403114768239097
3287,1.4834858207512762,1.9419760755873208,-0.0083904644248981
3288,1.2509906453697972,-0.2485068332377722,-0.3023745264075289
3289,2.738257700858203,2.5036113429481643,2.108188017832564
3290,-1.031070371597034,-1.2345009460512106,-1.29192407731852
3291,-1.9883524836951447,-1.9882022790943596,-1.8154215003619536
3292,-1.2388194430690618,-2.0318376632857578,-1.3086790342967225
3293,0.4344063410249695,-0.4224698071603074,-0.7864434039470868
3294,-1.355331909790145,-2.120718518611993,-3.601496120523924
3295,1.2394713872723513,0.2819838080188683,1.2396416902647585
3296,1.3707921967303398,0.1694330578348585,1.0586515557285947
3297,0.0031777234289814,0.0851350336164555,0.4345263844622973
3298,0.1729761737126209,-0.3966472160317633,0.5013886520889916
3299,-0.6491758831587233,1.2114376474163435,-1.4893456730282746
3300,-1.0699432882880988,0.3231400557489231,-0.2575335662923121
3301,2.809670540573115,3.0082267679441084,2.761221504460152
3302,-3.090489613352115,-2.5312641743005626,0.5810147983260474
3303,-0.0655816834512326,-0.5550870525715262,-1.1813702016822147
3304,-1.772585825366065,-0.7576655982470988,-1.5668603682910984
3305,-1.0133406574484862,-2.190612973013729,-0.9492571429391956
3306,2.417683650088799,2.3466432706429727,2.8605709183054198
3307,-2.8837680706400284,-2.161103411040013,-3.0616396955265146
3308,-0.7462998730175633,-1.2408171515233422,-1.7177898760087182
3309,-2.2376675915179165,-2.3771940496223345,0.8706064270565158
3310,-1.772493665129936,-1.275411913585598,-0.5635014532618816
3311,-1.9880447301045765,0.0135640705141136,1.2117194587296478
3312,-1.069944787122977,0.2420560576790983,0.4942639073476177
3313,2.4535617010885056,2.3306407946806966,1.8586381177784592
3314,0.6699485117147346,0.1616310857757613,-0.3765419491652215
3315,-0.4222295248230415,-0.6855741419694324,0.0177006495445501
3316,2.256329182302492,2.104388601249888,2.0437076947271056
3317,0.101058474386537,-0.7697518035317719,-1.446528451406719
3318,0.617871709949836,2.4940344966113064,3.311674188652409
3319,-0.17791172004101,-0.4155577856305046,-2.3773622094225075
3320,-1.2094176505586818,-0.765178399900982,-0.5928164003826931
3321,0.7765644786612786,-0.3890258546037719,0.1006991284993099
3322,-2.657762379179057,-1.7178302292554417,-1.9693000180413909
3323,-0.8157508901040853,-0.1916958174502542,-1.4887373917782465
3324,0.0812141260034787,-0.3488362163666394,-0.0487558538893193
3325,1.1310477423189178,0.7906588854081426,0.5329248483952869
3326,-1.0390604098418708,-1.848438976873936,-2.029651259358438
3327,-0.2657508955595347,-1.5463103771823654,-1.207034616161681
3328,-0.4567629639635667,1.672678592314155,0.2558218179300541
3329,2.1840612421544647,2.1966398113492995,2.3333418714213274
3330,1.6208031104646707,2.440865858585486,0.3624947183591313
3331,-1.9883726215359443,-2.3694983165997665,-3.338058805811897
3332,-0.5915448772985932,-0.9716321112955464,-0.7627841635467505
3333,0.9649638294087588,1.0589235498840874,0.7766941172737468
3334,-0.7709057840345923,-1.4927584968210017,-1.423683769094788
3335,-0.2990821050073697,-1.2980742580041325,-1.1718655588471305
3336,-0.2944540921805959,-0.9059411945871648,-0.8296084937113755
3337,0.1372768604423408,-1.759610224040187,-0.0029106178062722
3338,0.4138848110492296,-0.3141582595173123,-0.6535274538897886
3339,1.4545851633545386,0.4137164043183663,-0.0655713123622352
3340,-0.0912512399080257,-1.3052608850041814,-0.4028784502717246
3341,0.3455733811770107,-1.9807471664596583,-0.735823960705453
3342,2.79136705007676,2.6489685411121195,2.756284619166675
3343,-0.0778302000011126,0.5235717378227307,1.2839184743954268
3344,-1.9882612711221128,-2.245974933378395,-2.204235112295653
3345,-0.4779924794187841,-1.3448259847000443,-1.4886733060613495
3346,-0.3656642975776194,-1.1452967144461474,-2.096497068876712
3347,-0.0526951247074525,-1.4249110842701314,-1.8409004834722815
3348,1.5218759952842256,-0.1845100139604886,0.6702419374659088
3349,1.531973554746116,0.3680044019873673,0.1442338403746898
3350,2.0528224598334197,-0.1252969141639653,2.0399690683406164
3351,-0.8320684672184673,-2.096494105708427,-2.683972837612399
3352,1.775213294940233,0.0855297952066188,0.4345784479831976
3353,2.453554868597997,0.6697775292436182,2.749597124289715
3354,-0.8204226766138789,-1.0673131789616606,-1.2388145928309475
3355,-0.1088757514715962,-1.2163334219186688,-1.2771162056940046
3356,0.9648912317857764,-0.7134846330968918,-0.6173540831894482
3357,0.3593582833106026,1.5675967149029153,2.8424048927380463
3358,0.205764542766316,-0.0028844402804786,-0.9594219363483792
3359,-0.0507161764114142,-0.5845947697338079,-0.9820428964280749
3360,2.4042105228824813,1.9771465507708712,0.789885559973686
3361,2.6117783195232582,2.2979810075565035,2.3723346541032613
3362,0.6118226706503676,0.6114409686667907,1.7347557997718352
3363,0.5235559963326489,-0.7389509202574867,1.2607700885137532
3364,-0.1793994770292082,0.0145273025229154,0.4087832212810488
3365,2.4072537111357626,1.8063310725340036,1.6008874862324205
3366,-0.7674868019687604,-0.4294917652258306,0.1700990850131901
3367,1.06084978296918,-0.7905722218901066,-0.5980036877791786
3368,-1.0977060580262148,-3.0432049867973,-2.8088175030904403
3369,2.172057729281872,0.8819748757012811,1.3242721404082354
3370,-0.2930252895975014,-0.1541150642375977,-1.1952835998214637
3371,-0.1572933585378428,1.2637902391404907,1.167554231412491
3372,-1.7304184929101034,-2.877351916128142,-2.237626847953998
3373,0.3574756779447824,0.2799648887032432,-2.029943207345422
3374,-1.6721256483965083,-1.3538944714375656,-1.938776008380636
3375,0.9724467900402026,-1.416992087903814,-1.5706144507997657
3376,-1.8935711780186115,-0.9090760545881136,-0.4624389258099433
3377,2.4510726639657032,1.7968122219929896,2.3503353660667066
3378,-1.391900541836229,-1.057073529082886,-3.0803334243380327
3379,-2.6851472399760143,-1.9099131525651667,-2.1440465364844923
3380,-0.0414818288768126,0.3698995208789469,-0.5507688295849315
3381,2.068308933239684,2.355253500621461,2.03159125273653
3382,3.4253433248473417,2.9007837675146795,3.467257340238461
3383,0.2185940317197075,0.0190900124873479,-0.66822900508633
3384,1.51405159675951,0.4344426047539729,0.2571483591294318
3385,-0.2874948719769894,1.0973096864335103,-1.4238916459629087
3386,0.3697400469484989,0.3694798838140541,0.7038833894511236
3387,-1.059964737121915,-0.9517254933956254,-0.8702139588865428
3388,1.7253448018643298,2.7384105115325044,0.8775452579474452
3389,0.4092649813994304,-0.6409081456002476,-1.2345077484556584
3390,1.658787135429642,1.6981655806038378,1.7538913883225735
3391,-0.0566370080028302,2.3004509203026484,-0.6141477056073872
3392,-0.4419461264607608,0.5911599033271573,1.8291534633883209
3393,3.1516066718250486,1.639995403062325,2.0698285876975304
3394,1.6792345185368986,0.8453520268946756,0.9316598392240828
3395,0.7765561447504772,0.9648441914892524,1.3288885524282186
3396,-0.9124719325714216,-1.647342433624653,-0.4317103610424416
3397,2.296035692135284,1.8962391387453823,2.148417500855353
3398,0.2916348687331771,-0.6349660896301957,-0.4466334783523433
3399,-1.5476345187262708,-1.8485324765560425,-1.6728078144445258
3400,-0.2328361110527164,-0.9504806143283274,0.1629655388211553
3401,-0.1749125307415603,-1.4827125635920924,-0.7742685362555061
3402,-0.4782414692566332,-1.105017639659721,-0.9495464630555936
3403,-1.2003014038414008,-1.1088252729032568,-2.8037683542841023
3404,2.487850994907029,1.433874906281272,2.546875717037306
3405,1.7703500330616333,1.2887397107719034,1.562484160425468
3406,0.0003855328993547,0.4341804797932028,0.1691757591671679
3407,0.4947052565717806,1.8095941832418476,1.460256356947668
3408,0.5229624838547486,2.713705308732746,3.36788105847046
3409,1.8379582497737184,2.2932069768280576,-0.8945478437575025
3410,-0.4759034790176825,-1.751667674498386,-1.824819195134082
3411,-1.004955191505056,2.2687005653879493,-0.1346973320827198
3412,-0.4052431786271329,1.5999732457682538,-1.1361261984456326
3413,-0.6358552958681591,0.611633014845789,0.0839573369510738
3414,-0.7007426216636148,-0.9502227641109614,-1.6824820765342707
3415,-0.3865722497103339,0.1469720240484407,0.7037914661307688
3416,1.3268966907961235,1.4985780879555533,0.9737116594642016
3417,-2.6332632967282263,-3.073781317432396,-2.761343289459105
3418,-2.721264056467192,0.9489106477536928,-0.2333162435680955
3419,1.2889762711723525,0.703804851872006,1.3629815330732813
3420,-1.56726537580694,-1.9447456478545275,-2.7077761355053327
3421,1.1046678306795854,0.8706732218082732,0.1365459950942484
3422,0.5323721238942877,1.2890880954177326,1.8209739587577356
3423,0.524558953939118,-0.9596408973386172,0.5196791411297202
3424,2.064144307916646,1.2399697739707194,1.1536884104351612
3425,-0.9396399352343896,0.9855535717625568,0.256794408809851
3426,1.0581988700403906,-0.8718191228308564,1.0583651161277128
3427,-2.6976092503035383,-1.8830959135560623,-2.4064123818883814
3428,-0.7493986055266153,-0.8110259561788457,-1.1495411034144425
3429,-1.4443691847349998,1.52097435428661,-1.043956457934101
3430,0.1005983807776204,2.3683068714552267,-1.1744613278950808
3431,-1.606972104174155,-1.0765247934145494,-0.7475302822017191
3432,-0.0951793813683339,0.3698769546514629,1.048357621970656
3433,0.7911057069732081,-1.5029339187927453,-0.209911460251303
3434,0.1700966946387703,-3.2948764924169014,-0.6175854309701065
3435,-1.359121456712172,1.097413336630094,1.4577143329940772
3436,1.624356136329002,0.6166555028234411,1.9902783538787343
3437,-0.8315925706018966,-0.7606444722202987,-0.9144421096871116
3438,-0.4111460616188589,-0.480682395351963,-0.4925021743617511
3439,-0.1903997104790407,-0.7666733136656007,-1.1106828358942158
3440,0.7906773648385231,-0.4398814084046732,-0.1608571722671748
3441,1.3528471945621328,0.9462719076014566,0.9465426612308642
3442,-0.2936817172126288,-1.9560604242474229,-1.7743657356061031
3443,1.5872786765475988,1.69191142829251,0.7009100013176858
3444,-1.6475419167064538,-2.204350727193418,-0.7377085241833744
3445,1.7591303366576394,0.3525456865751218,0.9732929383113011
3446,-1.2408448360219302,-0.3016177476220696,-0.8076342741409555
3447,2.281042553185168,2.082706834920715,1.968083707340731
3448,-0.3415579975891739,-2.237683642012793,-1.562255235707515
3449,0.1646945025007655,-1.050521847115097,-0.1908583867350082
3450,1.873728650830047,0.097753492293344,1.492906584130803
3451,1.239785756101473,0.2793750297393456,0.611786256382257
3452,0.8706830990358898,-0.299702751702374,0.3300777076430047
3453,-0.3126221757654319,-1.5619132392707178,1.8588789870049796
3454,3.251487080577225,3.019119127629025,3.422244344682628
3455,0.7039382354528301,-0.2475547525489833,1.211969049497673
3456,-2.5896892197308854,-2.6330004721456746,-2.41228612461752
3457,-0.308814299285877,-1.1796413989007413,-0.7371097093137938
3458,3.182141781718544,2.865701830465976,3.298771097692809
3459,-0.4624278346486731,-0.8806103506685117,-1.019804007200404
3460,0.866137461965459,1.1633585995893458,0.1699405623778845
3461,2.9704400658434125,2.973073799235793,2.710406478005457
3462,-2.002224363751282,-2.330963932693444,-1.909571647420322
3463,-2.3636729900387694,-1.7992341421005398,-3.333561430314969
3464,-0.7268720329725811,-0.8893951376833962,-1.488566716846369
3465,-0.4265663535784146,0.9283352142519846,2.5334433028854333
3466,-0.7749175308813432,0.1536293828354902,-0.0714047922557495
3467,-0.976685839807994,-2.40574367094268,-0.8945430013678958
3468,0.0094301178187696,-0.5608654687157819,-1.0760248651595223
3469,3.30113694063768,3.0671071441429825,3.341008098426991
3470,1.4333359228951714,0.963563808006182,2.0997831938302287
3471,-2.323317088333076,-0.4777161407515133,-2.1480078446078537
3472,0.7006421408201889,-0.7891070775912588,0.1352440175452286
3473,0.4734207100769242,-0.1734535012983244,0.1873804659217416
3474,-0.3466325331936791,0.4383920499952703,0.1332745016011753
3475,2.2889290714954185,1.955985039920082,2.0871879721865585
3476,1.097216066901112,1.3908478502235568,1.0157741067091033
3477,-0.0628779158565286,-2.377241954176275,-1.7742531352112736
3478,-1.6726143750511897,-2.029835157967886,-2.430085114740667
3479,-1.8259093224731568,-1.825526629358723,-2.1481706232756625
3480,-0.5019115161133203,0.0943342430231612,0.3293350944579165
3481,1.1761502457517496,0.6700108863046699,1.324141166310061
3482,2.244136681921223,3.0734113611544696,3.223418721035123
3483,-2.2767311129083474,0.0099139175912668,-0.6568108413064674
3484,-2.049317997304555,-2.096371381155291,-1.4452436710244871
3485,-2.411350435759437,-2.6670041153598305,-2.7417382486398094
3486,-0.9937984987934662,-1.8834132053702988,-1.1735756141482758
3487,-1.298502348304372,1.9709475626251427,-2.8513168423826625
3488,1.2033446662807004,1.543548817100263,1.392961991661268
3489,-1.2334695170649614,-0.8781522619663045,-2.144514968264143
3490,0.1700295892495696,0.6117478694215712,0.6116450250197033
3491,0.5235534310527837,0.3454911756176945,0.985398955348864
3492,2.0081682132465617,-0.7595915933439377,0.9647530123318164
3493,2.047349863481366,0.159701652931179,2.736292543550031
3494,3.1916364617462305,3.230987424893756,3.656770666028153
3495,-0.8907020329443863,-1.265123460754832,-1.1393727421415436
3496,-1.0934418867856286,1.2855664147750057,1.0591865310693798
3497,2.113253171900095,0.1630121179973732,-0.1362411031836174
3498,-1.1236352581805966,-1.4892590803128372,-2.3299665505317315
3499,1.0583725240484254,-0.1525178925664021,0.5011276463492225
3500,-0.8115731519599498,-0.2975726053424393,-1.424071967328267
3501,-0.4482101584982446,-0.8069459582665129,-1.671735072556079
3502,-0.4500047602034602,-1.3104730789961725,-0.0424852560235847
3503,2.455406044967684,3.0498633272584525,2.224310149272399
3504,2.5878806809809,1.9043388794536893,2.8872517336423225
3505,-0.3290868527332941,1.3694054148910977,1.6470419875226678
3506,-1.6430566370173303,0.5879033813819583,1.1518183817569996
3507,1.6058688571441042,0.6695683841306005,2.1261260881948294
3508,-0.8505770959560529,-2.3003242523494944,-1.8479619376795184
3509,-0.8775252567086859,-2.075693852978626,-1.0262255607868656
3510,-1.9409102358113757,-2.19141156370142,-2.323283273280307
3511,-0.2860250755622443,-1.025903626719408,-0.225493875098934
3512,-0.1455699419975099,1.3274030173946791,-0.2008214865027111
3513,-0.1815116524339521,-1.0125170440560425,2.604975930422785
3514,-0.6652498710905361,-1.0031550133995393,-1.074438965108672
3515,0.7038878908508317,0.6177011305924766,-0.1586025336883829
3516,-0.2347196276672771,0.0890937035957114,-1.1375460448688344
3517,-0.4035976687562745,-1.0296616687166733,-0.2015603387658259
3518,-0.1568986312447452,-2.2999333187296687,-1.803788704575422
3519,-1.799273572987338,-2.73275185522,-3.1644884748334947
3520,-0.4155571683037786,-0.9539017240278924,0.1712955017009807
3521,1.7356302561426311,0.3237987648541867,1.2529777545334464
3522,2.627442542888523,2.7525751938978997,3.2197165992365666
3523,0.4142852091637383,-0.0635382393890359,0.7765747880176035
3524,1.0608682063427572,-0.3611356854872126,0.2572579082400383
3525,1.9102556262790624,1.84393782115022,0.5008083649665154
3526,0.5821706882546905,0.9301581219710204,0.582010889397666
3527,-0.0517558833356478,-0.2486716103565419,2.476978320118572
3528,-1.587756257952177,-0.7229478832051363,-0.316645193503683
3529,-1.7170323879202254,-0.8540777455611269,2.6408804046373846
3530,2.847793653322416,2.1888413524757224,0.9506791750134794
3531,2.9759069350114404,2.411782327495878,1.3320437051842946
3532,-2.323392647485468,-2.884843324801582,-1.3055019569637454
3533,-1.6714994151940363,-1.8483309274964008,-1.848330569717005
3534,-0.1833468469663051,-2.387085517314637,-1.7593984186378655
3535,2.375467646748588,-0.21778449414364,-0.901026615166434
3536,0.9728036153576272,-0.3516424286284046,-0.8726895918843983
3537,1.583419654221953,1.2539850868666522,1.821532979522431
3538,0.1645255953394806,1.0972542295430132,1.325534967451886
3539,-1.4052112370255796,-1.3302957366716766,-1.0144741045562031
3540,0.7412815596106,-0.1531272274331475,-2.501276615969927
3541,-0.3965447863262191,0.4360194061169844,-2.211708020476858
3542,1.4336180895821369,0.5326936778286988,0.1474262212018818
3543,1.963839339168525,2.387983049659601,2.1199773186785715
3544,1.969084946164606,2.617136967310872,2.6072782367994365
3545,1.2405485417733468,0.0015314817272974,2.122309219852816
3546,1.3630141089922214,0.9635150033567152,0.0786144195996953
3547,1.3483543400855167,0.8669426100322372,0.6118261104574595
3548,2.6879701879179216,2.2257069894183363,3.0133073758824183
3549,-1.6810410888718166,-1.096502892769012,0.4335443486884514
3550,-1.070689199109368,0.5902678044753589,0.8704641949788365
3551,3.050391839495538,2.467306332721395,2.816928245872507
3552,-0.4426956228388442,-0.4920166329523375,-1.6028747169541306
3553,-1.8247782672598687,-1.980751364190347,-2.886472510723237
3554,-0.875309312250443,-0.9447777871581412,-1.5024990975670336
3555,-0.6189505362167858,-0.6109389014661358,0.3577876615779316
3556,0.0029051915942127,0.2573584205693017,0.5234372355352537
3557,-0.4935169031119929,0.3240099564532882,-0.7539920089079709
3558,0.6177111995128763,0.2169169049547811,0.4500383248702875
3559,-2.4104120123781865,0.7905304770585748,1.048265106360866
3560,2.726297101554651,2.617563749945237,2.6514513301716285
3561,0.1364641993030483,-0.0048294491536642,0.2478625972642246
3562,-0.5773867375590169,-0.9950325480797262,-0.7092619743977187
3563,0.6177941792627584,-1.2777213685516244,0.6177353649218356
3564,-0.2948256157192416,0.3228687089884561,-0.1242303340051277
3565,-1.1558370871134347,-1.489494929965964,-0.8820394498685824
3566,0.3247596621299129,-0.7939459890787548,-1.264712499513068
3567,1.5326809450894718,1.4926661971036834,1.4940290075840863
3568,0.063870128835227,-0.3256959985094729,0.8819387996122032
3569,0.700752635023596,-0.667285220733386,-0.6717928833412385
3570,0.1697216390621168,2.727919058051231,3.2356632693170333
3571,1.485388431269095,-0.2461266062543229,0.2069136705557692
3572,-0.398919487436031,-1.1101828988964142,-1.672061844404255
3573,-1.305915745195163,-0.6714596223604313,-0.0697679611785184
3574,-1.9882823566260088,-2.562551978122785,-2.24640232943489
3575,1.7787534650160777,1.8817000162719384,2.253887003810793
3576,-1.2678012631231974,-2.063213451493112,-1.1051066082295913
3577,1.4649783759566182,0.4341354707919318,3.1894348272810045
3578,-1.3915217727158609,-2.705716691638099,-2.812171804185989
3579,-0.0952877541715745,-1.2718563481354694,2.0827076991781315
3580,1.495460094400389,1.241007648224192,1.4164685715859735
3581,-0.9134029301562172,0.1697206394901836,-0.4187660943583999
3582,1.8230128542900597,0.9475983904990192,-1.5646644859040753
3583,0.2637609406070574,-0.2725309939998958,0.1076140266643474
3584,2.0417207008584475,2.562737149422525,2.550076145320584
3585,-0.9686422897684216,-1.4937732100368706,-0.5134153624299711
3586,0.1703300768046873,-1.2615618611710944,-0.6249123658305116
3587,-1.0474856375740809,-0.1975332174195999,0.7904299809543153
3588,1.90402223139556,2.712719872110129,0.4140746390174865
3589,-2.323281640829484,0.1686410149189064,-2.803290512607396
3590,-0.3178347797005717,-0.1049398427312063,0.5908121631823797
3591,-0.332497023860409,-0.7317458279805679,-0.6154137269375952
3592,0.4389808356209805,2.284884415830004,2.806767441199466
3593,-1.0943534265678465,-1.429772683481059,0.4366591156766987
3594,-0.5317701147708354,-1.4045521933074867,-0.8658572974500423
3595,-0.4794033369792104,-1.2252032168127456,-1.786835096170246
3596,-0.7187454302499295,-0.4527689453834197,-1.0623920567415512
3597,3.1889373739842144,2.7543029091169924,3.837941088323345
3598,2.857621790749295,2.524565595505119,2.88803372100873
3599,0.2477109818203095,-0.5637095018847982,-0.4721476636114212
3600,-0.9429568421000774,-1.0684691062895335,-1.3325109724388962
3601,0.6999915786188017,2.541096204161881,3.520437634655486
3602,-0.4186833666265676,-1.043938092862339,-0.9472516453107378
3603,-0.424762263681651,0.3454585266012284,-0.3639907253735364
3604,0.7906545024663215,0.7906616691684883,1.4332969502503303
3605,0.2181682644591597,0.3697005412431661,-0.4656375883291809
3606,0.440181125864035,0.791020257327508,0.2059329376019455
3607,-2.029691092131172,-1.3529965644138726,-1.4194322626430598
3608,0.9315063815915432,0.4945630978483237,1.3230166942663668
3609,-0.3702579629748568,-0.1999000034063895,0.450130781251134
3610,0.0801906498593225,-0.1630193840795919,1.9505719808851805
3611,0.6167058474254394,0.6149411802819793,-0.9525536986090531
3612,0.5234731232877741,0.3583036689115434,-0.001900189162596
3613,0.8453843671395496,0.40739143780156,0.2425227718012016
3614,0.2050626392216295,-0.4895411324521004,-0.4120511838603673
3615,-1.249184249003057,2.149855371095278,-1.8479554976503936
3616,0.9652783573756754,1.3739177219442735,0.7767207857883116
3617,2.2065383893074,2.445077984133392,2.9266637856405016
3618,-0.8151192063610233,-0.0027954810567121,-0.8320145745952842
3619,-1.5467919482491304,1.1521980207320013,-0.6618356442361555
3620,0.0697278421782316,-1.0136352941175888,-0.7510030352680422
3621,-1.4512773356969189,-1.6882076801272672,-0.4518059716050769
3622,0.8819735042135972,-0.3969402518183915,-0.4996377266318528
3623,2.883752463935345,2.4203959128756045,2.52286177830902
3624,2.92771378148604,2.545765064627537,2.8896977331275195
3625,1.3568281591020137,1.735644785848753,2.645914290186251
3626,-0.6370972062472608,-0.1050199445762486,-0.7929802635359713
3627,-0.6197526551925769,-0.8688028800552442,-0.694200808196495
3628,-0.1491753588918188,-1.151625553854964,-1.210224538339165
3629,-0.397031162389023,-0.7906866491978665,-0.0362560711921484
3630,2.766856508295875,2.075815121615547,2.3573457249440124
3631,1.8640364977658956,1.2417373284143698,-0.6235307457468278
3632,-1.2765829882570248,-1.944655975234027,-1.7302718389047662
3633,-1.9689075538932583,-1.163912971572871,-0.6016155551432596
3634,-1.0560304140341286,-1.825152448309296,-1.21530590067833
3635,0.01810059298572,-0.5402674786685515,-0.1936736495614701
3636,-0.6997463843477635,-0.6428382085144437,-0.0481609287660567
3637,-1.4896700107230314,-2.3289407052298343,-1.858493261926744
3638,-0.0620312213854304,1.8374588536950995,0.5010073293703176
3639,0.8708189726482909,0.414193165748886,0.2501860607293524
3640,-2.120730921631048,-2.591934495583548,-2.166071588903684
3641,-1.218461374505168,-2.9056302224015638,-0.9232277800699136
3642,-0.645930315935054,-0.3578283692701116,0.5234138565073915
3643,1.240838446979395,-0.8612211371118664,0.0020568418824321
3644,0.5012739527832937,-0.4387889015194451,-0.650833440057356
3645,-0.1548703698843526,2.035357976629109,2.059937751277272
3646,1.715272732402994,0.5233745610840019,0.1695618920886938
3647,-1.52675112002367,0.0769313699404161,0.6173232499327708
3648,-0.5324922993547009,0.0019288402473408,0.6118270432865014
3649,-0.7240027361237926,-0.8920374667913945,-0.3742106460621673
3650,0.1650109584263197,-0.1198961358933095,0.3240940929727064
3651,-0.6361087344087294,-0.9984236131529158,-0.598802851267404
3652,-0.9059357725183588,-0.7160533487844505,0.1701962741389917
3653,3.5220834198762274,3.391543313960973,4.106407298001024
3654,0.0841392677651492,-1.3278138284021073,-0.6747561908747243
3655,-2.0566274416205066,-3.038724468455384,-1.7171648618644686
3656,-1.4211579494966289,2.579738698333043,-1.1766203142749951
3657,0.2064620336984541,-0.7315264194084524,-0.0550274181309652
3658,-1.4077874177908245,-0.5235665750041983,0.7038771111831097
3659,3.1433156346110707,3.0661211498961536,2.120592793424432
3660,-1.4093029090345182,-0.6173569846250606,-0.094267961286495
3661,0.4140646074581884,-0.8573719489267195,0.172539970648002
3662,0.4123348271054918,0.501256513303283,-0.1927983071087412
3663,0.2571254465160905,-0.6915319843076578,-0.8041248286251543
3664,-1.4211492042243612,0.2570321636119018,-0.9135150667855017
3665,1.9654745094195485,0.3244623739965524,1.3230380238396349
3666,-1.0706930265350696,-1.3066869097413305,-1.6447802132364302
3667,-0.6230717924199346,-1.08677009760806,-0.9382499679760912
3668,-3.3502121111922043,-2.64446726543182,-2.4981125459752187
3669,0.7581092874861833,2.6223506549219784,1.5834331437358575
3670,-2.980518570860956,-2.9804081928423405,-3.567710616233355
3671,0.6703402840929231,0.8455450883564992,-0.2470064707008499
3672,0.3299910041043326,-0.923181385496669,-0.9231849042590072
3673,2.5857318075051667,1.8094388901009424,2.7940393199336078
3674,2.075623063532325,1.153004336230366,1.4072968766233018
3675,-2.4229048713092816,-2.4681119543877807,-3.497769473618701
3676,1.7483783079625044,1.4568813266867162,1.6770843822564874
3677,0.9635391095367308,2.3029216491097984,-0.2002599376962065
3678,1.744730823503563,0.2500667006068729,0.5913290508500918
3679,-1.4093042671533156,-1.644526862348064,-0.9767236757628144
3680,-1.8485890057005807,-2.9590562269803864,-2.5121489747583774
3681,-1.5884303143338891,-1.8484856074551907,-1.064663461185671
3682,2.376513611442792,2.016517486608766,2.1167454155934258
3683,-1.3742427018865706,-0.9686184845132902,-0.8002380517684813
3684,-0.3497449846298982,1.492859173438243,-2.143529957480143
3685,1.0631514398761008,-0.3742164599773493,-0.2626461455925657
3686,-0.9290803744926764,-0.8176809270760658,-0.4920149044375046
3687,-2.2997768498739,-0.2235711198040613,0.2731828224762051
3688,2.2068250648738994,1.3279804648142155,1.328325426988726
3689,-0.6230220878175744,-2.144700823789052,-1.8834702763906648
3690,0.9729760650264092,0.973101287814944,2.2054545277242714
3691,-0.2966095102855049,-0.8200818605174796,-0.2286060107738124
3692,0.3298959049221863,1.4127654754871584,1.058524509888376
3693,-1.2077024701972152,-2.3197882577521582,-2.144655166972759
3694,-1.5664219556511074,-0.4747549365221524,-0.8668694959365295
3695,0.0854336263625818,1.4731057655876842,1.5237331961779894
3696,-1.9842178079624884,-2.1206586501930937,-1.8485938953523235
3697,0.5250600836128538,-0.1164445745900278,-6.308140994340516e-05
3698,-1.8242951784198025,-1.0812754497910722,-2.3231179293326325
3699,-0.5999612003726698,0.4335874337298234,0.2561013168317294
3700,-0.9402884846257612,-1.1505499580232423,0.0029204375188661
3701,0.5013698236238474,2.0880658482294567,-0.3140783157062904
3702,-1.9014201494956653,1.2114434518528092,1.4335337475665535
3703,0.5906228290755037,0.9647798660443992,0.5007830237044114
3704,0.1699643495184526,-0.2966141744307143,-0.2274315207082622
3705,0.758133614729208,0.3247808187606951,0.8454670336478372
3706,0.257353173405941,2.096579196466158,0.6116988958968722
3707,-0.3216785611803825,-2.1184318002176954,-2.2886849245561187
3708,2.6556930274123323,2.73976709125506,3.3118793577127885
3709,-1.5629575812959184,-1.1735690423338094,-1.5618936391223093
3710,-0.3934634484463502,1.2892696913585882,-0.3972286323863972
3711,-2.825624438273667,-1.6477513502507672,-0.4100039009026872
3712,-1.9560222734557533,-0.9657353217719994,0.5010860385278875
3713,0.7906812147198524,0.9634567220762842,0.8774189226109009
3714,-0.8854159239712761,-1.392736630852062,0.4343602825910264
3715,-0.6497074864801902,-1.8233404278954315,-1.1672020641554033
3716,1.9082851963932528,1.7658068752223253,-0.4695511675304824
3717,-1.114329605570353,-0.3961932956902979,-0.5442784193934912
3718,-0.3970316253840675,-1.864119856027621,-1.6445771127435636
3719,-0.1232845515786729,-0.3618272263097286,0.076246120678274
3720,-3.2745776660543817,-0.401446416560508,-2.3216449682813955
3721,-1.687120924860587,-1.818932527404355,-2.2844562656685268
3722,0.3250937005415394,0.5825349627776119,0.7583289244433491
3723,-0.4158762475850728,-0.473848932425259,1.1013729124935812
3724,-0.1067429441579371,-0.2352763260254742,-0.5046356423870889
3725,2.351270909015988,2.1009632597557646,2.768671327196865
3726,0.669720227633271,1.6394547490969693,1.6554700303615473
3727,-1.3671377030773528,-1.5004030592448183,-1.5577088461532491
3728,1.0152935571881234,0.016432667538202,0.9312671444859691
3729,-3.1361157640176827,-3.0186765854987248,-2.989219415243425
3730,-0.6343233865250286,-0.8906995259663363,-0.6328795129227262
3731,1.363354675417505,-0.0488087453358894,1.0484998898930091
3732,-2.7467516233357565,-0.0608290521235054,-2.2470476880035664
3733,0.5246981897539886,2.2369019054986823,3.477351693135266
3734,-0.3041460808660944,-0.8188607873357887,-0.6637381958032924
3735,0.2573705473468461,2.1464365766823863,-0.8659403192347701
3736,-1.2027803970202142,-3.5607071165558963,-2.0613879050581403
3737,3.301772293304118,3.103192360586845,3.558097461836426
3738,0.4396213203693857,0.7005295595703064,0.3579833370924918
3739,-1.2559064685010273,-2.279046537852336,-1.8633481828620104
3740,2.1251564429793453,2.1364394470164982,2.263615172778407
3741,-0.6170110723155899,-0.8188162248474106,0.4470157830386608
3742,0.0176897218044693,-1.5668537346494231,-0.4972484900924445
3743,-1.1233273561192012,0.9730137511227682,-1.5050016451809494
3744,-0.5314672724308918,-1.8484449398638665,-1.6727503312215986
3745,1.241138877776439,0.3569789906985444,1.4896947833369032
3746,0.7765612685623032,-0.746414137049917,-0.3564690307952562
3747,1.3273972145234545,0.9648466607961566,0.4139288881774687
3748,0.4127874819273597,-1.273353982772839,-1.271352115665641
3749,-2.8846029673598683,-1.4899889958508816,-2.8035699584996534
3750,-1.8610732460361092,-2.6338206620807534,-2.148313579326332
3751,-0.5848445728625437,0.3228089573595579,0.9318408523593849
3752,3.062906606168325,3.048526597411981,3.4209440076669
3753,1.2400337535811936,-0.2066113629998911,-0.5435381041807955
3754,0.1703368981170561,-0.0767001067677747,1.9947842272702965
3755,-1.848728539664948,-0.8438369495482243,-2.6348520422681383
3756,1.7501063492821896,1.017145425327754,0.5817646192976629
3757,1.5913060493323132,0.6115982669639787,1.2596192106833255
3758,-0.4523000474690138,0.9866987360151026,1.921873842941928
3759,-0.0764242808804519,-1.396583967631693,-0.2969706900301603
3760,-1.466706250510872,-1.803629850523681,-1.316886605553222
3761,-1.651153479577034,1.0986281931292805,-2.3232564544453527
3762,-0.902749987038998,-2.232492425000477,1.0156478586943545
3763,-2.096435089273418,-2.190666063112168,1.1504716217714737
3764,0.519540400514588,2.109953632854206,1.5755902120491307
3765,-0.2983455588951781,-1.6447184805638262,-1.6447572486822215
3766,-1.639586897988708,-1.5640871263192009,-1.7179140487136355
3767,-1.1843456360436682,-0.5457256035014467,0.6176410132147961
3768,0.7004289043002841,0.358852681394419,0.278951210230055
3769,0.6115064999069831,0.6114735010796264,1.1640466776113674
3770,-0.4590942282566618,-0.1822816833356286,-1.6442132603712365
3771,2.1343676985239126,1.7130536902796525,1.904018774365894
3772,-0.281914533843792,-0.8692978432120876,0.3582054584673927
3773,2.131192750894398,2.65144713244094,2.1438575375888305
3774,1.84628900151085,0.5329133579802425,1.564906268842084
3775,-0.8463290461744848,-0.7438567847923979,-1.4988227302442323
3776,0.4344191674242955,-0.7629904493832373,-0.3698884203872334
3777,-1.4802470841136393,2.0639018281921264,-1.909744005042232
3778,0.2182402868544892,2.1294142496981965,2.403785223116396
3779,1.6786130469631977,0.2894693400999225,1.7309183639081602
3780,-2.765332836034463,-2.7397182091443404,-3.2801459529222434
3781,1.3924408811092046,1.679222643152863,1.7500443205772265
3782,0.0650994886541913,2.170950759831225,0.972988468045464
3783,0.2077086265583169,-0.4245049479595367,-0.7890965230990823
3784,-0.3578206734305161,0.0023473015253495,1.7212918117957663
3785,2.0033968046067736,0.8670388080271817,1.3749162972423434
3786,-0.6253086327011965,-0.334435468724179,-0.0941318878875772
3787,-2.1184109516295737,-2.329599567997635,-2.0758698813987904
3788,1.058291839445332,-0.7398908455358668,-1.2718565950661598
3789,0.5233440109328802,-2.2789256198877816,1.3239851141952743
3790,0.0166312343358286,-0.6457014771885347,0.3243489525495121
3791,0.870615440026716,1.411612679558954,1.195662160493715
3792,-0.5356524343150507,-0.2222763373364844,-1.2127787977802986
3793,1.774448926540601,1.516141683629845,1.6830029353059075
3794,-2.8396046586197774,-3.2947327272791886,-3.3323894857277394
3795,2.640140768929768,1.6769881048256785,1.4929183133385977
3796,-1.848550007746437,-2.6711659353844026,-1.6723568931460024
3797,1.753904914343681,0.9460987512105564,2.0568714626401765
3798,0.2364507611192418,0.0501155514019415,-1.969297366256606
3799,0.1470786657612621,2.1196661132566565,0.2160641266258713
3800,-0.0039392640147165,-0.0970802857859729,0.3301719425677345
3801,-0.7709071099269846,0.3235674831029664,-3.0937524615871754
3802,-0.0773028309324636,-1.0926742708720345,-1.0730834617488552
3803,-1.0259033797887176,1.0580758985565637,-1.2103424561233145
3804,-1.9694861041562808,-1.0004092829666782,-1.6397720617436728
3805,0.9648175229746876,1.058178251327741,1.876174375853267
3806,-1.6292306418138545,-1.102032922779383,-0.1693650666975162
3807,2.216397086157164,1.963463016796332,1.949283762691296
3808,0.2569472761690902,0.1691945323516359,-0.4830260077142841
3809,-0.0546801585612701,-1.6396339383448884,-1.5646091820368104
3810,1.6804179063208091,1.5262976734701903,2.5645025463191766
3811,-2.972997100192369,-1.6361654038465294,-1.1010422672928983
3812,1.2505569056150163,0.1607840999507856,0.4934894132480057
3813,-1.6204548920339614,-1.7162040796057272,-1.5838825132213905
3814,-1.2080121887308417,-2.029922694660062,-1.502526408060914
3815,0.7910076754187553,0.8819573445108863,-0.2164191991266012
3816,1.473792444366143,-0.2263074908636966,1.0220168095772273
3817,-0.6286549050974677,-2.0628214300882592,-1.681028495679751
3818,-0.3177138331419953,-2.276542029123701,-1.7175077491666266
3819,0.3213115060211492,-0.4348849615153376,-0.0561931170759196
3820,1.251500940998362,-0.3041810836158386,-0.1226027434460361
3821,0.7039222436380776,0.2924238871043795,-0.0475220557666967
3822,2.337458189888,2.2069502841183684,2.4320231005150257
3823,1.3304201022860935,0.6102905596180593,2.651074251160547
3824,-0.2055737512081969,-0.4787651506015729,-3.2198728980654554
3825,-1.4465311326432015,-1.30404307064405,-1.3054942611241498
3826,0.7764557674248233,1.965869479839776,2.0628450883024936
3827,2.0117484230187834,1.2323508687345304,0.7842758833584084
3828,-1.5467028611795728,-2.075243564806129,-1.2841438278463693
3829,0.3270013525028001,-1.7299685851921665,-1.1188167314634108
3830,1.6451077476435558,-1.0084550102732712,0.5913621395626075
3831,-0.7371174340781665,-0.48114693239017,-1.1616098388398828
3832,0.2765162531069982,1.4464685922935248,0.7005145328356822
3833,2.398714345120984,0.8430281987108676,1.7217569252141294
3834,-0.152879473869804,-0.2940725068006493,-0.2969698155029335
3835,1.2407834835765976,-0.3712109639777688,-1.3236474435361083
3836,-0.9367384871032318,-1.1050229451248972,-0.632864325299888
3837,-1.016005868144796,-0.3645839171914535,0.434552911788176
3838,1.4948109483379293,1.6960163424913317,2.1357643128214234
3839,0.0181370445610586,-1.4247062050717674,-1.3588274544860444
3840,1.7890097614982785,2.313720030972422,2.9322080175719254
3841,-0.364463483092326,0.2793911298121571,1.8413851316129155
3842,-0.357652997410237,-0.7431527320730341,-1.4417629769955989
3843,-0.458150885327422,-2.3200986318669563,-1.71772150607927
3844,2.7312112449473087,2.45651268152162,2.931883060888752
3845,-1.1929766481079347,-1.4925908579046134,0.5820133105924694
3846,-1.522049363367345,-0.3543360434914475,-1.4837444869473384
3847,-0.6069741046871443,-1.4452493504303667,-2.002607600182807
3848,2.7950875547892498,2.31329392372964,2.4419134532384077
3849,0.4503021898137028,-0.5422004744695169,0.4500276932749243
3850,-0.9291949286317106,-0.7729934565425961,-0.586967072253348
3851,-3.4583568808728518,-3.2066686446306365,-0.4726344087912989
3852,1.3282393716431162,0.1723343699818948,0.0968247242340189
3853,2.2810440406338657,1.4951626248867202,1.7905116912271717
3854,-1.0314999349093414,-0.4071004114708,3.0691158617283345
3855,2.572742218120125,2.138167497017081,1.7643880550675315
3856,1.9549619622942696,2.9495254749621496,2.4754665829114617
3857,-0.8097366729040198,-1.6031386858621848,-1.5223176535624814
3858,0.3240118011731384,-0.5862652377371873,-1.328542573410141
3859,0.0151711385743867,0.5821316609003595,-0.1871451674427673
3860,1.240938879094179,-0.5593717993681604,0.315847270053207
3861,0.7007219852553547,0.9732750493415104,0.8821925844636336
3862,1.7065183994640905,1.3245917566684953,0.972942493393102
3863,0.4140296358991583,0.3294579733427345,0.7765535519782277
3864,-0.0759811579346483,-1.8252527274312984,-0.2250850767061194
3865,2.0881917303750543,1.2528146121216932,0.6701242789279626
3866,-2.002653158895188,0.0156041272108869,0.8706940874516133
3867,0.4950862488683445,-0.4458148113328466,-0.6971600527051589
3868,-1.2713512514082246,-1.7742560983795586,-1.3049422209482002
3869,-1.883306096323996,0.4079379937046803,-0.2418637664671814
3870,-0.5678933268639649,-1.799482026330412,-1.5640945051986015
3871,-0.4069337375211941,-1.969268427213956,-1.9691025177224275
3872,3.103131583191012,2.656443831203805,3.0163941071820206
3873,1.0116775600948278,1.2400180734823525,1.240341305756106
3874,-1.3611695794709933,-1.5004028260375577,-1.5013058045501038
3875,2.432011779483438,2.337139526641679,1.5689987702437052
3876,-2.615357803982259,0.5807918178141532,-0.2596869596562091
3877,2.529629221068245,1.663926323828655,2.212585582907901
3878,-1.2395256170382132,-1.7972704378199902,-1.128837007160998
3879,-0.7696733952591667,-0.9028209974111084,-0.5914388510561203
3880,-0.3041900189776131,-1.5637708721598802,-1.296060515697646
3881,-0.6306671833518016,-1.7995024335437548,-1.0809554587289236
3882,1.4338871074436388,0.7906997533791766,0.9636918609820886
3883,-0.5458863378784065,-2.1442940630620804,-2.575658741035776
3884,-0.7274163982708792,-0.9071508544791528,-0.4042779750593388
3885,2.0751842290043627,1.433679332309744,0.7907162190254773
3886,-1.6869720256542664,-2.237626601023308,0.1717872641709431
3887,-0.4383438400582307,-1.2311993586992955,-1.0673099507019228
3888,1.3296259314115615,-0.6915193619646849,1.3347996344851247
3889,-0.5773831519973871,0.0021455772450416,0.169059621951453
3890,1.4754585936385824,0.4331151890273684,1.680532546432318
3891,-0.6209805765086307,0.5228944747449452,-2.344901179871867
3892,-0.98536197269467,-2.2877412890278377,-0.2786729879599846
3893,-3.1342393458425257,-2.980167929280566,0.4140818617401811
3894,0.6701211083157199,0.3239006568021632,-0.1260929245788875
3895,2.3995410247279225,2.241002057374704,0.7891756063925937
3896,0.40916461711008,-0.4547572925729777,-0.9480286934099204
3897,0.5234572330578392,0.2571590866634136,0.5234744903951141
3898,0.413837616421024,0.8707208794315233,-2.1435284758960007
3899,0.7039158469121767,-0.5192016387819912,1.1311505637648818
3900,-1.8641599822648136,-2.6422208087541925,-2.330952573881685
3901,0.8775084175445711,-0.0945899053078758,0.450251637910402
3902,-0.4925120132951359,0.6970944003313037,1.6557610713986393
3903,-1.4523175144031495,-2.370529610964468,-1.4131028600987616
3904,0.6702779095029879,0.3235620930621542,0.1614000634382701
3905,-0.8380283252470732,0.6986187399835521,-0.8483706008344685
3906,1.2341220778778124,1.0951725279436118,1.4021757773152412
3907,-2.9134195012645696,-2.8745018208830286,-2.7859344124685266
3908,-1.759574326840807,-2.991669965585149,-1.2079814197028016
3909,-1.2363943203874708,0.6700258746534529,0.5816701350528349
3910,-0.1487099082391075,-1.119797459555785,-0.8075294981398552
3911,2.1642410181903524,2.0129153921501834,2.003397271021295
3912,0.3586146686513541,0.7908556191755346,0.2775755484531526
3913,0.7038908522980081,-0.3549372121525828,0.8775032053975406
3914,1.8076158848194743,2.6566718290678457,3.837638645474084
3915,0.8775842305922863,0.0808548432320405,1.434519435644739
3916,0.6178053735330851,1.6789498227360955,2.170133437626072
3917,-1.3115416751990696,0.6985197435014819,0.946008500000754
3918,-0.5175862666919236,-1.2124480569399343,-0.3338241500833594
3919,0.8454992009502252,-1.3537310700148648,-1.3543515876544796
3920,0.0811130814258207,1.2899825709228858,1.048456771222121
3921,-2.875710495321927,-0.8158914681868077,-2.938889152521894
3922,0.1629690264946221,-0.1161127884230129,1.0156822166015649
3923,0.6085711911015789,-0.8660775305002708,0.4397074855738774
3924,2.8267038775387374,2.78826498883993,3.1337849368141164
3925,2.997342394699261,2.5323260086018737,3.1487133318410985
3926,1.2404271141710257,-0.037339664794364,0.6829620668949811
3927,2.486671048759003,1.4627808560626814,2.001482979715703
3928,-0.3081444065665215,-0.0542122914892603,0.3242544106571887
3929,-1.716640060579179,-1.396397751634206,-1.5101658147899415
3930,0.27725530607895,0.1277702444862847,0.5238749393642221
3931,2.199590242575417,0.9649039487163328,1.4135221945879366
3932,1.6577106732096096,1.579165269067404,1.1772075008159018
3933,-2.9467848753819204,-2.422921662596229,-3.4473795622790724
3934,-1.488480456621224,-1.566841533487057,-0.9248109206896876
3935,-0.6632571489735746,-0.8906984765336641,-0.5860231603378775
3936,-1.0547283400729843,-1.1836577675982236,-1.2126391584748686
3937,-0.6694788854756968,-0.7524177650224959,-0.4315086582180194
3938,2.2518793301566173,0.8769953764357353,2.4381418010147664
3939,-1.9012314460815865,1.846278458758902,0.0079003324037624
3940,-0.5307248706551377,-0.18967343008787,-1.8189288234439989
3941,0.5013146963472123,0.2101277912093784,-0.4684238870672836
3942,2.54576156651863,1.742324774617702,2.6188142072758858
3943,-0.876276715654236,1.532438582616829,-2.002640688895322
3944,3.611757247642888,2.823589512831819,2.6912702892409834
3945,-0.8501975465130032,2.309634784353165,0.083974506835626
3946,0.6118087948183695,0.866362040557293,1.0234024105153194
3947,1.4458799259276132,0.7910517419143397,1.240612465025399
3948,1.9313692466462231,1.2116804860848065,1.3635596075621104
3949,2.9725446124100627,2.479783501215041,2.847363152719585
3950,-1.620449761474231,-1.0467519133653744,-0.4219631060851178
3951,-0.3119568224859951,-2.07522209804238,-2.029742135324975
3952,-1.0646328114174293,-0.9236385108163075,-0.3091953320343593
3953,1.4483842801304996,1.0220731291306309,1.0214863796632845
3954,-2.653282707612801,-2.9439681274494878,-2.6508649716591184
3955,-0.0434077764334982,2.144580886809412,-0.4860831827191206
3956,2.4703102284074823,1.6816716240490086,2.713798029696559
3957,2.483277145641664,2.0453233227998844,0.5237660849830459
3958,-1.048830153601721,-2.4229535166552933,-1.3388711151380093
3959,-2.0025382126588,-2.4228974633885687,0.5910513155560471
3960,-1.730308979148904,0.0964835277525373,0.1697509502324321
3961,-0.5511971140755793,-1.815267386650895,-2.0315431769785386
3962,2.4452804870282647,2.616744959253721,1.1815589104219626
3963,1.713031466517515,1.327952067784818,1.6434035554836537
3964,-1.483550399424672,0.3256873725664269,-1.36939224233474
3965,0.4141312787446005,0.5012776876099861,0.4140337719882228
3966,-0.7348333963327953,-0.4372799080703162,-0.7464117294756855
3967,-0.7718062374974086,0.2032052871181637,0.3571165866911844
3968,1.240602447202316,0.3427139982230196,0.2737156156264705
3969,-2.412210798672387,-1.3081431457922168,-1.6199723862120456
3970,0.0170053017475366,-0.1352816406204261,0.3698565798948894
3971,-2.574104333971992,-2.9582326542812245,-3.183917986655841
3972,2.7185574069101035,2.685242458185238,2.3598437919772266
3973,0.2919637670565856,0.4501450850409959,0.3690222217674166
3974,3.3024967927349724,3.2280145166341443,4.018032447960763
3975,1.7433255409444086,-0.1541076323512968,-1.0872851638815002
3976,-0.5999704995121811,-0.0818401696940146,-2.1473201163967226
3977,-1.1249288959546604,-0.145417102838749,-3.3941942067173168
3978,-2.9805938847215327,-3.320329771169276,-2.8405854179094234
3979,0.0028987200927346,-0.477719930369496,-1.55897527818124
3980,-0.622390244966763,-0.3980538692565666,-0.4920463527534753
3981,-0.1779094050657874,1.3704048859424234,0.5910368701106578
3982,0.2925437072571358,1.288902708824491,-0.3817836784695459
3983,-0.6490651508929083,0.7580948756123536,-1.1253632843880603
3984,2.5477667138829414,1.6109014268230648,2.4548671903269117
3985,-1.0513375667215674,-2.118289887669003,-1.1406254360051384
3986,-1.56666159595662,-2.118577740334547,-1.4142808053276377
3987,0.8821652143398538,1.0637537614889525,1.9666726782182335
3988,2.8465170767785946,2.758712444345685,2.972316302502061
3989,-2.777398986187292,-0.6089291949699528,-1.2159616891264189
3990,0.7765102156420599,0.8704904930973657,1.2407898553552457
3991,-0.2261102266722451,1.2341163642999309,1.4909279308474463
3992,-2.1480060955534,-1.4993865087964222,-0.2279786832431437
3993,-0.4817590703398071,-0.9828781762907292,-1.0217743282489355
3994,2.272792234929338,1.6781141871412273,2.601852343600004
3995,1.108386502597072,-1.58783031828711,-1.1143586614847505
3996,-1.3923444268066345,-2.0297943711167634,0.2031965811528656
3997,0.101374360472251,-0.6948378472081869,-0.9056144892498234
3998,0.243268788038126,0.4938286111104633,0.3247727481113504
3999,-0.0258802637221375,-1.938861636916034,-0.8717246608538897
4000,3.265249572434829,3.0034700211453047,2.434860291123825
4001,-1.678381587028625,-0.3568817608903557,-2.056542584507397
4002,0.2167983878387825,0.5326008068452476,0.3679370290641047
4003,-0.4018186752615311,-1.968973617922894,-1.4236746607905275
4004,-1.901082307601784,0.7039002104710854,-1.026228877607703
4005,2.6465068393935938,1.8859950940995016,1.8290330364920568
4006,-0.2024786835352207,-0.1843132257842615,1.1313862949601214
4007,1.7332079179491615,0.0624867928797453,-0.3110133533917336
4008,-0.7465430992257704,-0.3652107783076013,-0.2986307759138276
4009,1.8396549317903093,1.5326803277627457,1.8125203355472808
4010,-1.3738836646627066,-0.2493399718723542,0.0334902122414309
4011,-0.0309040231084508,-0.4221105093530558,0.8812013566475326
4012,-2.100645685506277,-1.9693052063159693,-0.7582061561107871
4013,-2.512733070937924,0.2384479634297635,-2.724424529454877
4014,2.2309536772229523,1.1766433624267092,0.5822299498798786
4015,-0.3006582386110582,0.9718436336087606,-0.2969833671768606
4016,-0.6483109271455182,-1.2812106330996926,-1.0741639352620986
4017,0.2920917608035487,-0.4762383846417437,-0.9332046688795828
4018,2.3200298014395417,1.5230109621554462,-0.4736222152745794
4019,0.3696286373057236,0.1468067160670553,-0.1087352281313736
4020,1.9255121094125456,1.7227983306984131,2.642246173186293
4021,2.1027781022297543,1.4954609586578056,2.766652991926529
4022,1.865738116588026,0.1623587124616789,0.7579526015939061
4023,1.6480885817110602,1.21149450720213,1.4339587744653073
4024,-0.8797473882406979,-1.0066157470257118,-0.6555695089668517
4025,-0.4228083012496981,-0.5092490487033112,-1.2919473669066288
4026,-0.0566433585871059,-1.1509151290313764,-0.9449556035178605
4027,-0.46937594796846,1.632789199803204,1.0968860926379056
4028,-3.18784355049709,-3.142587038411865,-3.2064897481530408
4029,-0.0892531384938565,-0.7484680448001202,-0.8213125367400058
4030,-0.2099779234340065,-0.8050370880040331,-1.4091284525017398
4031,-0.4460935355926128,-1.3557994082006746,-0.5542550173389357
4032,0.524984621975287,2.003120142308935,1.0642720645736876
4033,-0.417504008359455,-0.0767292285244261,-0.4727128247326325
4034,1.1754899513403647,1.324067608106034,-0.4839745996830668
4035,1.9256229874010324,0.8692031199428848,1.3274996907599768
4036,0.704000307385647,1.2893571132792347,1.973581477782541
4037,0.2050385487423114,0.3554323103704433,0.2810294911104355
4038,-0.8657395261519107,-1.3409734972972376,-0.8829641321349346
4039,-2.411891788303279,-2.8269303180205627,-2.7021688129636914
4040,-2.4121858454955163,-2.844048378727281,-2.323214477138468
4041,1.4564794083493515,0.4076593257123079,-0.5865955002378704
4042,2.537233379285083,-0.0584763518767067,-0.8912280505382661
4043,-0.3634380533171262,-0.4962712764309378,-1.6819531624675208
4044,-1.1546576207713828,-0.1762642758617335,0.9734279404033216
4045,-1.4295807944651042,-2.3436806750929486,-2.5973808520662165
4046,0.6985689502334415,-0.3604066212891632,-0.8839998311838773
4047,-1.0525442365458813,-2.573469980933501,-1.9692515941453224
4048,0.7906489349456299,-0.3037899395114712,0.3693747820537645
4049,0.5330536121185158,0.2920223740962062,0.0800762787693708
4050,-0.1449822469543212,-0.3120192532779249,-1.9097062246465983
4051,-1.05501362465537,0.7582460273450803,2.326931222769689
4052,3.0506027906569946,2.039832506074571,3.2877542849399237
4053,2.8593439315113023,2.220591285364523,1.6271705772675449
4054,1.3472011301824844,0.8665322818574374,1.5762469236946188
4055,-1.1163089932398986,1.4341590867523173,2.269700608516738
4056,0.5234692432317535,-0.5767764924601777,-0.0764847398627292
4057,0.5244580899644482,-0.4021323464104349,-0.5211622717530782
4058,-0.7389521445956042,-0.602047997241185,-0.3651954157793177
4059,-0.9618364713683571,-1.4102409987274065,-2.1435420570839736
4060,-0.8148661873746141,1.7720034682491488,-1.097178636769932
4061,1.0636548354860105,0.3569362062457951,1.4870076215547476
4062,-0.5521194395341134,-0.4258089897777569,1.5381458916644013
4063,1.7269879742343743,0.3170071404881586,0.5804899755286624
4064,-0.8327431049325416,-1.8484907356265303,-1.425905207472115
4065,-1.8189561092852895,-2.4228816598243825,-2.468100842506712
4066,-1.6882926144322856,-0.0673977788764859,1.3629273978188972
4067,0.9314510399960372,-0.1161246349833009,2.248648921796119
4068,0.0024000355171236,1.5233046778368728,1.643775817280344
4069,0.7765216361864916,-0.2056250600896992,0.8707093971544191
4070,0.5822624054197433,-0.8945381013307936,-1.0348302565367355
4071,-0.3081627961175283,0.0873991266470591,0.163161309715259
4072,-0.7165294385567894,0.4494917897938869,0.7036323771884537
4073,0.2923084202789725,-0.1774131427067161,1.2117404257756563
4074,-1.3194376919051698,-2.34406516868365,0.2787139130457817
4075,-2.367666812678745,-2.761381535449823,-2.234904134761226
4076,-2.5462030618707425,0.076229460508103,-2.1475617191185714
4077,-0.1349146973792953,-0.6997280004168491,-0.2183129254686413
4078,0.9312050004860152,0.7580712401392727,1.096607770530505
4079,3.3518367180940096,3.310057148407703,3.566932021219821
4080,-0.6364647901127714,-1.141502624387914,-2.6427040521153358
4081,-2.983612859342552,-2.803118871183377,-3.114066343089035
4082,-0.6091053736593921,-0.7843817934627025,-0.2315998964328395
4083,-0.2908686210547434,1.3708857834620074,1.0583261010786271
4084,0.0022522879500627,-0.5454888258425153,-1.6705038343952865
4085,-1.7718863315430042,0.1756278753612272,-1.2623559591059306
4086,-1.419576961528256,0.2359540991233202,0.8443267661904256
4087,-1.6444929093781318,-0.519990176216052,-0.6155052513776351
4088,2.695310477947727,2.4381551472884366,2.9753241934509425
4089,-0.1065021833298711,-2.47142318465254,-2.120911480966136
4090,3.2988614743255007,2.468409116319985,3.2550522658854435
4091,0.8814893690611624,-0.3882572440314977,0.0651207168983429
4092,0.8706805062636405,1.150146784448232,1.2404716851606454
4093,2.929179255910844,1.8111719888468727,2.47918462497015
4094,-2.2769944466669654,1.791964426223363,0.581850456418193
4095,1.7934615221997483,-0.0412781405400213,0.1459037412085058
4096,-1.123320200531285,0.789982041150757,-3.485222825796124
4097,-0.1658769733034943,-0.2002569466345584,-0.3992308075934028
4098,-2.915036502653825,-2.6840767954330635,-0.2485177544059434
4099,0.2797706144913165,2.504797576299838,1.064119650551071
4100,2.4833479859620358,1.9465194418912617,1.6350406354695044
4101,-2.120685364387981,-1.8934689723712077,-0.8548400374571691
4102,0.4380278603852819,1.1523179960893974,-0.2218043753325853
4103,1.9602541828334328,0.9314203715285272,1.323365576908038
4104,-0.5802192437937976,-1.7536205520975754,-2.3233124241878658
4105,-0.429355892079334,-1.5670179172808816,-0.6435340301430056
4106,1.17685850287924,1.9626029723827136,0.5816462689897728
4107,-0.8230606751572986,1.8136768680315989,-0.0028715854549297
4108,-1.3497140890257366,-0.8961424085202985,-0.6066094438032872
4109,-1.098665993999796,-1.815269518892862,-2.03184240160124
4110,0.2499594400882237,-0.6669555448345809,-0.8452990136109272
4111,3.068093805254294,-0.4192767772784154,-0.9173252548575836
4112,-0.1860685428201879,1.0159132677628038,0.5820653662807426
4113,-1.2677957827525763,-1.3989148742001063,0.7850626080516095
4114,0.8707719323517668,0.5009797039993273,0.776530772622037
4115,1.7258474186791046,2.2027411032799606,2.609486396324516
4116,-2.2110008098711336,-2.4714789982382865,-2.512494351135136
4117,0.0661884498752486,-1.188008981230514,-0.0575307111186223
4118,-1.8640738034538584,1.413835796564764,2.018028155714851
4119,-1.601785129408167,-1.799321535703443,-1.799288907221093
4120,1.8526639311606083,1.1310850565533404,1.6749031828564054
4121,2.9970566742756843,3.148764031816758,3.354007483749297
4122,-1.8484757088919064,-2.7781560473888325,-2.1660188760727004
4123,1.7411174559362217,1.3270817820035576,0.6116756429190514
4124,-1.7596203611230683,2.1599034861668978,-0.882235205794598
4125,-2.892256052079076,1.211560725160994,-1.1488207080052728
4126,2.3644109043726056,1.4862651100486364,1.2403478275322954
4127,-0.7983366922728297,-2.493124284351328,1.3638225840713727
4128,1.1501665389034654,1.57096001725233,2.4980151183780364
4129,2.396726124615141,2.48712868502969,1.6484705732509786
4130,-0.1757366416478761,1.2527072724854091,-0.7371241211876235
4131,-0.8762785059017416,-1.6444390784876213,-2.684281500975418
4132,-2.5726527700398574,-3.0521699396736275,-3.3294364061399166
4133,-0.0809301991636077,-0.5499240977526149,-0.7314912973977634
4134,1.620073891760672,2.376251883274909,0.325270678352169
4135,-1.4190813083635023,-0.3708307253327162,1.486072750071407
4136,-0.9971048277962772,-0.7367212839419326,0.3454797484619314
4137,3.082490848141824,1.7698037308533423,-0.002858590719131
4138,-1.4453471349837712,-1.9560680790988252,-2.0494323262142173
4139,-1.9014100805752656,-2.118325898866668,-2.685994336149411
4140,0.9317419292574172,2.0030304690800484,2.7882513840310343
4141,-0.5485210062220335,-1.9387943743896212,-1.3503858481626223
4142,-1.9017232537980264,-2.0633804278916097,-0.970770772434746
4143,-0.0311472912718068,-0.2885310208075893,-0.1444665630737248
4144,0.0847978450687211,-0.3611399123688086,-0.8006988390633809
4145,-1.4089364638899418,-1.373885763573575,-1.273973161479056
4146,-0.7194705702055375,-1.049251760246301,-2.0326168792668065
4147,-0.6960280864870731,0.4086235377190149,1.980800903115063
4148,2.226945224459641,2.151217261115101,1.2405440358529372
4149,2.0396417015872594,0.6701980100744757,0.5802761033210286
4150,-2.8252396519901,-2.320049977380907,-2.6549032940012114
4151,-0.679674879965144,-1.5669577406742576,-1.8152990149067387
4152,0.001686654507341,-0.930483926679198,-0.3629161063172832
4153,1.4856213456557694,0.5234647154719725,0.7909682004254173
4154,2.3845778031638045,1.4199089740051334,2.3313543093499294
4155,-0.5544519486178889,0.0116277776271034,-0.6874315190426044
4156,0.9319001139845728,0.8455313682526133,1.0164199892466586
4157,-1.413496969488994,0.2920224037106779,-0.9882960560991384
4158,0.6703400535029419,-1.2941978098288955,-1.1766893859604413
4159,0.1637706725645294,-1.717123355667839,-1.0916714363387987
4160,-1.3545884442056448,-0.9407051842955976,-2.255891152144238
4161,2.3562707288123064,1.492436428096252,1.970452389988541
4162,-0.5983429200571306,-0.178385281564964,-1.230892181093106
4163,-1.5225543366292449,-1.4828596108182346,-2.237692531517649
4164,-3.331019564331533,-3.5928560348888823,-3.943931096248787
4165,2.381996340888466,2.313224493102659,2.1562651211075754
4166,-0.5811061821050304,-0.7393846264281978,-1.984200634551489
4167,0.0125760789251025,-0.6971688727719427,0.9315706009013288
4168,-0.3220271998287816,-0.4187678228732329,-0.3456868639309381
4169,0.3302992353386437,0.5011135404335325,-1.4445793040019244
4170,-1.753219668816825,-2.8446969281186534,-1.1322690740821326
4171,1.6206177238714294,2.1160446187336075,1.9256156286140689
4172,-0.4792422292777476,-0.5199913491368315,-0.9812921404661906
4173,1.3218903775028223,0.4946369442898275,0.159311782920336
4174,-0.4283921614651496,-1.2167236399797026,-1.847448882025922
4175,-0.0964432663373736,-0.9252635668109248,-1.098212587724455
4176,-1.1290263950783623,-2.288128646318508,-0.5507886712810132
4177,0.9181732415452976,0.680161379004289,0.8706384045809246
4178,-0.3244507126532465,-0.7340981054727649,-0.15131900243044
4179,0.6120148917348113,1.0985112396881536,0.7839654844947207
4180,-1.3365553693536252,1.9097748170614,-0.7623202991693646
4181,0.533128181358417,0.6177854726080598,-0.7885222194145388
4182,1.7976994715670325,2.286514521005342,1.8928369097712725
4183,-1.178079728252547,-0.9841024206707762,-0.399477091649165
4184,1.9929587004891307,2.660303882208066,1.935948117812452
4185,-1.2139236227782353,-0.0464225592735228,-2.329760433808256
4186,2.386170061479751,2.996895571549289,3.14830015073105
4187,0.281218219741727,1.152546020824329,-0.8366229243306409
4188,-0.6240330287039957,-0.7299409285982581,-0.6249126864904946
4189,-1.4743702493620012,-2.147915611136337,-1.9808529259522825
4190,-2.598499445444306,-0.8711258062763071,-1.6885369930532803
4191,2.6129848131820186,2.5717039280811247,1.7811098874690194
4192,0.2184759292063136,-2.3296393698476856,-0.394558058551683
4193,-2.809226791920325,-2.232444001104409,-1.9688275391697556
4194,-2.2844424375498638,-1.818919933939144,-1.8641701064231209
4195,-0.354343760075523,-2.512807150145049,-1.686992644366916
4196,0.4402639219792161,-1.5036331389919633,0.5244168857040304
4197,0.5821955343251731,-0.2369991537509323,-0.887998223576824
4198,1.9675971580517757,0.6128411450586622,1.107763038125584
4199,1.8571931371777344,3.188208458095144,2.9745626385615718
4200,-0.8420044000264684,2.526747587504835,-0.5507135085464459
4201,-0.8848088271704534,0.6985568234558969,-0.7864435788525321
4202,2.686707409346377,2.0548678037419976,1.9206026180173332
4203,1.3241657241430669,0.3989246348690545,0.8461309022039318
4204,-0.449630314822479,-0.2843768536795757,-2.901999924036682
4205,-1.803633905356833,-2.120990192433214,-2.256079582626034
4206,2.159126512185233,1.7744588419097955,2.0775050376928013
4207,-3.323206277211733,-3.214733884526787,-2.545898726395827
4208,2.199901552981651,0.9732874523605656,1.9205793623566056
4209,-2.984350662538531,-2.679118092721636,-3.0235945759410217
4210,-0.4303362154422008,-0.9834110448376652,-1.1955312930274895
4211,-0.2644683658186747,-1.7742644940230328,-1.0383972084663229
4212,2.239772591056867,2.26893553657887,3.0926723572824097
4213,1.1617459713831844,0.7835493261384091,1.0947335152757738
4214,0.4941880432437777,-0.1193150203167454,0.6702827518925947
4215,0.4407804063520224,0.2077785426152487,0.8819473266878035
4216,3.6016338118635742,2.316746755573719,3.3320899496119467
4217,1.3269487760730807,-0.5522927310729521,0.6178484922039732
4218,-1.3449337813772644,-2.960792468708331,-1.9881492099609588
4219,3.3801392049371275,-1.4217029040497655,2.069398505360774
4220,-0.2602363522870144,-1.3461057332505073,-0.6813519736086806
4221,-0.2324325700646169,-0.7999929927480747,-0.3345371149743665
4222,0.3456341316683635,2.480672720499219,-0.3681327486776804
4223,-0.8508373603335828,2.1921144159230894,2.488646567983674
4224,2.6504683615687408,2.4364554578774977,2.927978704933936
4225,-0.0424946438111338,-0.2385023192781181,-0.9869369887609548
4226,0.0053083799192011,-0.938033764806858,-0.2930951697779093
4227,-0.5692543305380772,0.5012753726347635,-0.7550748606202033
4228,-0.5619233762862025,-0.7721127011874755,0.0846414212987597
4229,-1.3550887390607906,-1.5071696690597798,-0.686369650745265
4230,-2.870181424826354,-2.709270126376872,-2.4511743189769497
4231,0.8824367689012762,0.5244425265607303,0.7010098187792865
4232,0.4344862728134961,-0.1543083347547136,0.0848644548924932
4233,1.048282519670263,0.218495563601093,-0.348838526295437
4234,-1.80344619043383,-2.0758689631900107,-2.671833074697796
4235,-1.6394140707977414,-2.2764843816283817,-2.1446507857631145
4236,0.1364171761841006,-0.2319444098939792,-0.49090421232025
4237,1.7811066357750027,1.0977671769563626,1.392408252626854
4238,1.7336395728342724,1.5781859534169234,1.527489016608455
4239,2.893093768112177,2.9615986749434757,3.482659382732833
4240,-1.199142888473193,0.3450133339409881,-0.4891331228478847
4241,-0.2935700244474442,-0.8458859788287887,-0.7559934722979544
4242,-0.5617415320484833,1.5324219127829095,2.0773572295148037
4243,-0.6844184923923995,0.4343944474546855,0.0008058015336321
4244,2.261873817549597,2.8777283428119698,2.3550429894195606
4245,1.0971385886674032,0.4946963212100062,0.4946968976849594
4246,-2.676650341502669,1.4675455214798898,0.5237448942136309
4247,-0.7832195176274195,-1.7526672008167674,-2.235091166984124
4248,2.5749964657770827,1.57921692122321,2.6890326657074777
4249,-2.0494165226500307,-2.237607587360145,-3.0449079707629987
4250,-0.3815692141556593,-1.0894778474812992,-1.0131124591605067
4251,-0.9333120308605104,0.7900047005124918,-0.1374460760495238
4252,0.8772473955904451,-0.7179370736286654,0.21712391011241
4253,-0.3645854621895542,-0.0796004471644452,0.1696031697737973
4254,-0.5157865516077645,-1.2093779448465518,1.327641182045585
4255,-0.83202395796152,-0.3389220742016616,1.2419851233622017
4256,-0.8296255761432051,0.3451614788532027,-0.3141094997149255
4257,-1.3296375091789954,1.4308565390370829,-1.496920458620565
4258,-0.8536821440725184,-0.5270714755141302,-2.0299057597686603
4259,2.328486990797778,0.6118202454248594,1.0632207894489891
4260,-0.6566716226052718,-1.34713066239081,0.0850693319474857
4261,-0.3972950186563467,-1.4245867594614663,-0.5049594409291224
4262,2.0511999686359177,0.6074456171223501,1.9664191318864008
4263,-1.2775956847334589,-1.489765369322111,-2.246578594770828
4264,1.7251962556739626,0.44907443304332,0.8774781515544284
4265,-0.7115375827138566,-0.3219848422815499,-0.6433434583841462
4266,1.094012088615505,0.2572503873058882,-0.9374484283059226
4267,0.6990308172128056,0.0825775661944934,0.8663258934319199
4268,-0.3851772845502924,-0.1193014443315977,-1.7992115442823746
4269,-0.7939373419544569,-1.1766718611218645,-1.9687316137375448
4270,-1.988018669369424,-1.340584955427697,-0.9700904411244674
4271,-0.001565951416461,-0.9475200472647954,-1.1071787645587854
4272,1.402968448793584,0.611542996843247,1.4548373582350096
4273,0.4344572968113825,-0.5884932916407929,-1.2277352646433162
4274,-0.686646117295332,-0.2966149323543108,-1.3302759140545364
4275,-1.3078128077077589,1.7355372773016753,1.9389849592645123
4276,3.301541166177889,3.1480730012926146,3.4272029598768605
4277,2.8475693079378424,2.767161543392572,3.280597177850184
4278,3.222423091384636,3.14555603676521,3.2996321450102872
4279,-2.161120705891523,-1.9012675757371384,-3.3648904648929783
4280,0.9323762822959084,-0.6925193140369814,0.3155317104929618
4281,-2.343544241883345,-1.0607314656256817,-0.530321960954994
4282,2.879683120585826,2.607241266261869,2.7230923813026098
4283,0.0885388176295175,-0.6518477378444655,-1.0809692941278002
4284,-1.4155268638415706,-0.9487957406001166,-0.4913907475775688
4285,1.8587536516424736,2.3850373635804405,2.3268352425871064
4286,1.5869601154297943,0.9856834682066394,-0.4254299943701964
4287,0.1359144081208383,-0.0367894414834457,0.3297166023746084
4288,-1.483420266950823,-1.372448997351393,-1.3025476105778964
4289,-0.2605667374447653,-0.5959985293595583,-0.7715681022251226
4290,-0.3429481806054925,0.0547220078337759,0.3587254908192073
4291,-2.279094928358884,-2.720118309196495,-2.501351242293277
4292,-0.2245041574202846,-0.9455077797187462,-2.9228481792116003
4293,-1.3516354682650251,1.3281329094759362,2.1444879684038662
4294,-1.1991470862038816,0.2569023254696343,0.523577801211503
4295,0.0855661755392523,-1.9798155034540743,-0.9484070706827444
4296,0.703946764420698,1.3636828037646476,2.014649168814133
4297,-1.127079335028719,-1.4880618400823644,-0.3177148707969111
4298,0.5244193901598011,0.357622695461512,0.7908918741543104
4299,-0.1739685545535474,-0.988179647884864,-0.4806868079645113
4300,3.020982219688209,2.007895107902962,3.0919688668460816
4301,-1.2146694780645029,-1.463611698814664,-1.0965060410670282
4302,-0.5855215306576144,-2.204077800221644,-2.2480652412533697
4303,-0.6525828131315297,-1.083778779485388,-1.148727785065172
4304,-0.6982500589536927,-1.5625537749122271,-2.683946662959215
4305,1.978360372744322,2.88921312844026,1.4975687407966365
4306,0.682951942736674,0.2487610545813012,0.7766017651955314
4307,-2.002445366719204,0.6831580063978256,0.5911864483763769
4308,-0.2697644118013601,-0.7860269436043816,-1.4842378544667885
4309,0.1364353036734885,-0.5461580522023842,0.0047585624326849
4310,0.0292721421877541,-1.4092193229958123,-0.9437068818107274
4311,-0.6051994587104934,-1.0455890423785563,-1.0994706784265615
4312,0.0030033426999637,0.0025477723166324,-0.0818208134913955
4313,-0.3680782786240991,0.7906649859893259,-0.7377313273266325
4314,2.499410589357416,2.500127970321421,2.8278194447766456
4315,-1.010686728994523,0.4500955104152633,-0.0445545080091353
4316,2.504949917071887,3.1094902670267293,3.1486382295407056
4317,2.006350246162825,1.985588132298674,1.857492274636975
4318,-0.107206240019143,0.5254525543784343,0.0727161931290981
4319,-0.4852652902379485,2.064031655853897,-0.3817978045725772
4320,0.329760525171166,0.24785170144751,0.3301666026915543
4321,1.5341388238856846,-0.4276166150306069,0.7766416445020334
4322,1.738635301747867,1.4083284738812305,2.2631113929183857
4323,2.861310910091213,1.8026865195637565,3.3906269216684968
4324,-0.1065041213015984,-1.0300907611290313,-0.1632152861077293
4325,-1.5259933155273733,1.2512543250133867,0.1619293539165423
4326,-0.2784801089053871,0.3685995047974605,0.2166945002718351
4327,-2.367716952239746,-3.174174710992824,-2.235125098640523
4328,-1.2391993939319903,-0.3041873525700179,0.3299140851942682
4329,-1.2343581942810502,-0.9833817914338316,1.240819733968786
4330,0.1364114517137676,-1.353454283520917,-1.089467948918015
4331,-0.9161365496004632,-0.0092120536035397,-0.4962608695569392
4332,-0.6672913626130141,-2.255860621635796,-1.3367468205550228
4333,-0.5019134915588437,0.058927715581906,-0.6155013004865885
4334,-0.6268493270341737,-3.226145415403445,-2.5454460711032514
4335,2.514883854507011,1.4080088576209704,3.792696782967981
4336,2.119352818280254,0.6120832214621295,1.6356849245855418
4337,-2.0494589947287825,-3.1589608119134684,-2.724438604504231
4338,2.056944320471389,2.175518296255824,0.5260959881223333
4339,1.914075342799272,1.433872418665644,2.4430509327701047
4340,-2.4566901862548787,-2.278927951960386,-3.281588575922489
4341,-0.940087168458159,-0.2279992054820652,-1.901685707429091
4342,-1.0912913119788783,-1.0662644047221368,-1.9387671831555395
4343,0.5236573248873237,1.3275386098267106,1.3527379369606018
4344,-0.3081504307297823,-1.419560589639585,-1.969312124015408
4345,1.821991222423658,-0.1967903481340928,0.3585497913209133
4346,3.1827904686422657,3.106090586100251,3.338282971327566
4347,2.0373865341206607,2.5151143278972348,2.367230500575706
4348,-0.9556008648625692,-0.6022289821409501,-0.299072679641885
4349,2.44984070194033,2.171455901477155,3.188502151524043
4350,-1.6475512748795311,-0.6399558912066186,-1.7302811970778436
4351,-0.420659040235468,-0.8446812036719924,-2.5013143955461232
4352,-0.7418232507900616,1.2392495640469472,0.4373631062678608
4353,-0.5549910572614232,-1.5514990032214104,-1.0700520005699847
4354,2.2256316160109644,2.563066721299988,0.7000580063266243
4355,-1.049655820099046,-2.0751278611942774,-1.5669999116820492
4356,2.595836265924916,2.092528436152919,2.0229875707795557
4357,-1.5592112839288372,-0.9010541615385368,0.8671656727768783
4358,2.73502214213118,1.4337312168642744,0.2866202206149444
4359,-0.6403909435500957,-0.6601397102701009,-1.6722784201985206
4360,1.1960362604896944,-0.1000409230313815,1.0585100644429868
4361,1.657771051395767,0.1687597757163016,1.1626388053799
4362,-0.0512474808049995,-0.8578212586121581,-1.225758242206108
4363,0.533120540824702,1.7256731671272465,-0.4595397020627728
4364,-0.729384315054725,1.1503570459311208,-2.7248134452922814
4365,-0.1955622640592339,-0.9290828437995804,-0.3886065662914464
4366,1.8757291223124084,1.2956662901416849,1.0968471892810585
4367,-0.454774442702835,1.896190751875308,-1.5641521526939206
4368,-1.4292194372753328,-0.8744516554087791,-1.588431864711271
4369,0.1628326325206972,-0.5092389603916304,-0.529195917972399
4370,-2.031680114295974,-1.1835879793980637,-0.2671620797011774
4371,0.964760728915892,0.2501939316451095,1.8063196589802588
4372,-0.2320650403005885,-2.096434595412037,-1.7741846119446834
4373,-0.9930761872154736,-1.150589876548441,-1.274823177886934
4374,-1.4088288021089206,-0.4726978251896668,-0.7134853121562905
4375,2.3474929478621758,1.8095018592746053,2.4848668787570616
4376,-3.248459430645152,-3.4023517252992788,-2.986277007804056
4377,-1.9796576221387352,1.0964236848960418,1.6315163448046115
4378,-0.3750378867898897,-0.389901005179998,-0.5906854060990647
4379,-1.6815562697691222,-1.727079754222292,0.1387633366925973
4380,-0.048600358509423,0.5243906187333878,0.1987689418698767
4381,0.0145360361184563,1.0979046085852031,0.669992669696149
4382,-0.7697899717123025,-2.120704684475355,-1.2852320735086349
4383,-1.6446014354165694,-1.9560664740493376,-2.4230137677437544
4384,1.1762696913620507,0.6697752233438055,-0.5507192732959778
4385,-1.9560388178120116,-2.1906050712316354,-2.0964326199665138
4386,0.9315764809458514,-2.726611013428629,-0.1161122984193026
4387,-1.561243451996587,-1.5319730257166428,-0.9429648877505636
4388,0.1619158644026377,-0.2517918757585307,-0.8865493690769692
4389,1.922327948416741,2.3772800339720384,1.772476944423708
4390,-0.3648933252214461,-0.0801316057372026,-0.2569323191965773
4391,-1.2720848824894488,-1.7303402158812418,-1.2106148206748428
4392,-0.4813100596720182,-1.7591885213923215,-1.1501983776417637
4393,1.6863320856163442,0.2035060978151976,1.45400956791518
4394,0.9634985377104146,-0.3776218975236384,-0.3134751748149849
4395,-0.7757767370603754,0.0846925519906181,0.5235038745099335
4396,-0.9345274185925508,-1.5623922822406957,-0.8958315891569439
4397,2.847055085928502,2.7662648614760585,2.715113180964213
4398,2.896938126985799,2.638752059110204,2.819915769669924
4399,2.5352694089216645,1.7738390053989226,2.69129795751426
4400,-0.1271252759250618,-0.245610968957913,-0.6971701410168397
4401,-0.5840100389412503,-1.0873902047067283,-1.759076536441432
4402,0.8453881718742406,-0.1145540577970799,-0.493520448432955
4403,-1.066264046942741,-1.7597738484838723,-1.0838218322726845
4404,-0.492584573540293,0.964816535251926,-0.292449347869438
4405,2.3636185227737454,1.9960878840335787,2.257256844397372
4406,2.5531058492711045,2.051510846147079,2.075264220446248
4407,-0.4995148655862154,0.4082638173482238,0.0839253174028783
4408,-0.472355258804105,0.5184524646562245,0.7845732515046492
4409,-0.3016227524677977,0.3692811707085192,-1.6471051624768815
4410,2.25434055028982,0.7893442397478204,1.94654007383642
4411,0.8235076696914163,-0.3744131754043841,0.0646407657680305
4412,1.7768589020191845,1.4491933209122407,2.101671192444517
4413,1.176384986352689,-0.1192978413631403,0.0590923040780397
4414,-1.2062130912907263,-2.2350755420976727,-1.7526780449543793
4415,0.4947531039928955,-1.9692349916666707,-0.8089860476650197
4416,1.0967351714951603,-0.5329658047525385,-0.2902524687393257
4417,-0.6864853923798107,-0.9491731070357085,-0.4895478110008223
4418,0.0058048882757411,-1.3911690022315888,-1.7591086173272563
4419,-1.9886282536562097,-2.6585315334461,-2.076400809648572
4420,-2.246947709546892,-2.246206873921249,-1.773065816724412
4421,0.617869577707869,-0.0931334063575896,-0.0402217923322072
4422,0.8705349406216405,-0.0043710223269079,-0.4590997841971962
4423,-1.7307210312124792,-1.7307410505953915,-2.1628283947913096
4424,-0.2837234399745796,-0.0956183862977601,-0.2755656006667547
4425,0.1478777826673359,-1.055688169539441,-0.2910404948145592
4426,0.8454929750207307,0.3212484684850177,0.8452973194216178
4427,1.0581970797928852,-1.1819481429631322,-0.8360684357398346
4428,2.267168849786507,0.0662045201331106,0.7005165006223592
4429,1.9607772449265437,1.164620134264867,1.2958228888170913
4430,-2.773152142299544,-3.5752024364440045,0.1519696537977583
4431,-1.152554145231589,1.434108742150319,1.676445386087976
4432,-2.321568412407612,1.926181976610056,0.009304583565744
4433,-0.754504904904694,-0.1496537806831627,-0.1042071161697481
4434,-0.4822029901411722,-0.3607644195285417,0.4344100723411371
4435,-1.4297191358314854,-1.6305005201493947,-2.776758084029592
4436,-1.687105615157781,-1.5227234841521793,0.8707253241839509
4437,2.786671842659292,1.9344855218358177,2.623742726638944
4438,2.851061327850941,2.408855231317556,2.7431078610366355
4439,2.006643583496668,1.252868916062284,1.8187385748343337
4440,0.4104357757645155,3.461436690003988,1.242593930979421
4441,-1.7887726986938746,-1.4962098760979083,-0.9274715301938712
4442,-0.6229363659920348,-0.3400358945132202,-2.14463187738465
4443,2.718016782350231,2.300645146043798,0.8702051646845906
4444,-1.235190434346073,-1.2251285321875796,-1.1434749161550544
4445,1.4933294529381391,0.8706002537892554,-0.1657662797012445
4446,0.5235646250012863,-0.4210697765229736,-0.720129112075713
4447,0.0851131728676758,2.1535870490650315,2.5859686288561563
4448,-1.5067290041039365,-1.5879551832962489,1.1550062312097404
4449,2.375648763574867,1.8493599109563617,2.071651205979826
4450,0.0854927735540189,0.866225497706287,0.7840411602507437
4451,-1.057378400242523,-1.8641128185029443,-1.8640915824635684
4452,1.7811012169104428,-1.9694218848464955,-1.5641154888868976
4453,0.7906412351829714,2.052037084042244,-0.6686568749743731
4454,0.3456183318764666,-1.1633368870203469,-0.9701342332172888
4455,-2.5567788389793997,-0.9394004105698818,-0.2823746991658327
4456,1.4913717242641238,0.523437410440699,-0.3634328936064883
4457,0.5009946433060974,-0.2983453119644876,-0.2926891484361676
4458,1.3987619747740545,1.7720204077269976,2.010850698207823
4459,-1.079605409225305,0.4496616880183957,0.7036802341748241
4460,-0.5866014955773836,0.4936511721198711,-1.3449110032310438
4461,-0.1552417057457986,-1.7722454958565552,-1.0468294149139108
4462,-2.7052676712890533,-2.0751131724162826,-4.05751278284117
4463,-0.5993795661053992,-0.361381963811762,-0.646851806139752
4464,2.826192198370285,2.9014844390566434,3.0958911628310464
4465,0.2028670663293215,0.2812890600620981,-0.1603169152222453
4466,1.8460731723947963,1.394643937790319,1.891518076494724
4467,-3.955625149688057,-1.9559686894959327,1.328113313525659
4468,-0.8511044895489773,1.974019919212424,0.1703355571753084
4469,0.2500525638248466,-0.2567899942675337,-1.1510815597305102
4470,-0.2256104052112393,0.5236516696112573,0.7003155560107436
4471,1.6188502754702467,0.2569526982378961,2.765028862995559
4472,1.705161354778443,0.2919515066652755,-0.8216434592377552
4473,-1.7989840672658457,0.1480878732292043,-1.7987237311769844
4474,3.3798473328610563,3.382239844320492,3.649241308183602
4475,-0.0309640686995185,1.24053391169463,-0.6276962812961187
4476,2.8078818631435216,2.3953827619559758,0.7839421637686735
4477,0.9634772152907448,0.7906618468553189,1.1312193877972607
4478,-0.8803541656975125,0.8454783325569197,1.9820583102829632
4479,2.3922414601574227,2.0633511263723805,2.5843356798514594
4480,1.5744554686998342,1.6830156177548778,0.6699463787574078
4481,0.5911248391691183,-0.7190072997207061,-0.5142778668219988
4482,-1.0476623584047842,-0.6766072217890245,0.3201601125971409
4483,-1.1342145961143442,-1.4245803029419906,-1.1818552933109756
4484,-1.4467053772464016,-1.0449598854254945,-1.2090307602958277
4485,1.4572454282671516,2.524278660575309,2.9742438793886627
4486,-0.7954071331160193,1.7478305648301764,2.136692944132621
4487,-0.3152091656693843,-1.603345613780753,-1.410125311698947
4488,2.484131417379274,2.049088636736457,2.3658622208891757
4489,1.6270877472211551,0.9314314398476286,1.5765846212919497
4490,0.8774314791469288,0.5329661901978691,-1.3777894978466467
4491,-0.1942823741993405,-1.7591423678502616,-0.0641553544115025
4492,0.5910738479815475,0.8706233418088093,0.5908563020432914
4493,0.7034967429077756,1.8934435326108816,0.2890623484144728
4494,-1.2461342175947154,-3.3358481447236743,-2.0751695583705208
4495,-0.3875726057580043,-0.9973349804917924,-0.4419450770053265
4496,-1.4681928239004765,-1.8486258569783496,-1.4677933035751516
4497,2.404563254518574,2.2121893043514773,3.1486922463372027
4498,1.129572347917629,-0.2265060668459881,0.4345167646628028
4499,0.6116535798563096,0.4366083706323924,0.2704506401200763
4500,-1.488395048484657,-2.667718416418773,-1.5665604329210747
4501,-0.2154802954592013,-0.2643324761530917,0.3678712553223173
4502,3.033474893240362,2.960669254361641,3.033435802137634
4503,0.8707121133920136,1.2404734136754785,1.4123356926204904
4504,-0.678042671101562,0.3257005833583641,-0.4896888173337911
4505,2.119166952093658,1.40293684920979,2.135709042700692
4506,1.4997228027059242,0.6177518897970797,1.288947130532137
4507,1.7149303635268098,-0.8507508111265921,-1.483229636457822
4508,0.3216093706294629,-1.120489188658831,-0.2026896992605696
4509,0.413897219316423,-0.6669551744385452,-0.9205400296339676
4510,1.4921551840556786,-0.4199154588854542,0.0847338005248141
4511,-1.244855709256319,-0.7864463190378427,-2.3233875169257376
4512,-0.8260514416692171,-0.4219651757995544,-1.0996047242387297
4513,-2.2460102338287373,-1.6886043955910148,-1.3068158101912326
4514,0.242646771563633,-0.0567607719623267,1.3248416986731786
4515,1.0974717911903475,-0.2418685223855453,0.1616851014788753
4516,-0.3969414444163776,-0.6621907402865003,-0.9002511872707798
4517,1.398618640730718,0.963507895883492,1.6225354386049649
4518,1.985584104730514,2.4213515801035737,2.350404782388521
4519,3.0153941144491183,2.0875127978008035,0.2561926757760191
4520,-2.2475724564432205,-0.4515697369638172,-0.7963548918223975
4521,-0.6229277765152323,-1.2901925771491156,-0.995863950903254
4522,-0.2177776052679494,-1.5618648153746495,-0.6016142292508673
4523,2.3906663783201973,2.7676062696382915,3.0594609583878354
4524,-1.0226361394993837,1.8753779307552845,2.181180829764449
4525,2.019413654513873,0.1349606562637444,1.4848361391417575
4526,1.130782343788586,2.2098708171887504,1.529536792062086
4527,2.115298043854054,0.8452904593696748,0.9314496564561492
4528,2.146613732253686,2.214572021424304,2.5875124308815223
4529,0.9314879343930412,0.2420270898127004,-0.2517773197659626
4530,-0.3580088905806869,0.1711229897473892,1.242477997020271
4531,-0.8204229072038601,-1.3569325813149058,-1.016096549982891
4532,-0.3516422795536564,-1.8483640817204128,0.0058004160332934
4533,0.8708118733909415,-0.2774098489716671,-2.423056239822506
4534,-0.1127903351009888,-0.8724005657624804,-1.2724450379022654
4535,-2.4687381706186744,-3.4107160341582574,-2.6427077560756915
4536,-0.991914589175011,-1.7291332216943924,-1.68701208467322
4537,2.966511284828084,2.247512081664344,3.337871090935953
4538,0.5820664039356583,1.3224873749643469,1.1755531329952345
4539,0.0071365133720088,-0.4439836508656021,-2.805715794248336
4540,1.6899946850819314,1.816245161546853,1.945293115803492
4541,0.4137825817433976,-1.2707821996321622,2.063921088785979
4542,-0.2627401905154659,-1.644749840761509,-1.1255228751537136
4543,0.5012404319420698,0.6829013836778114,-0.4125288411828598
4544,-0.5380950727046403,0.8231054813294022,-1.210618030773818
4545,-0.2048334376566247,0.524048849965537,1.7738530780551578
4546,-1.893465752356645,-1.1461038309762768,-2.596867319373425
4547,-1.6880500126795968,-1.5261405880737875,-0.6468168535669641
4548,-0.6583901690245736,-1.938078100039203,-1.6721826545802412
4549,-1.1450678211058,-1.938952751402168,-3.1004084262371205
4550,0.2417389964548433,2.0055969355716545,1.6352137381613343
4551,1.8916248721524236,-0.4480267369279909,1.5615046858706028
4552,0.0168025906883135,-0.2513080314713812,1.1311126572410242
4553,0.1343886233847613,1.5704254123075805,0.6830579377355348
4554,-0.9138195094945606,-1.4895301119584194,-0.7341161110715974
4555,-1.1265241881258596,1.659663528314494,0.7847389163740749
4556,-0.301445234022049,-0.6633414780832346,-1.504023357052997
4557,2.599326708987283,2.5598054428473502,2.712634012523791
4558,1.609092300673963,-0.3584467766230673,-1.2775911290123507
4559,0.408676112234746,-1.9687637810399323,0.0130365671177114
4560,-1.6855082205214835,-2.805403473931101,-2.4686823642826403
4561,-0.3234344153186373,-1.7592539950217554,0.6111039114445417
4562,-1.64728663995985,-1.7300470058351356,-0.7666285365842939
4563,0.7003884752285573,-0.2860552638662883,-0.3220069351592414
4564,2.5952983515100216,2.4269581368682944,0.4399732560350674
4565,1.4925314964120615,1.9913800129319408,1.3302044460774425
4566,0.3454382958713825,1.277328387025389,2.5097685911447005
4567,-1.8188984509690775,-1.2746374050362734,0.8234138977617311
4568,-2.10077089586611,0.2395851419109837,-1.3491397928976712
4569,2.255447940192916,2.740320550031316,-0.7361132381012186
4570,-1.1494324245340255,-0.7179672803898645,-0.927386313612153
4571,0.7001228836570651,0.4389814021050239,-0.1477293118140921
4572,-2.573300727887244,-2.405465118245298,-2.7252332382905027
4573,1.5316540838133792,1.710669944859727,1.9102610587542517
4574,0.8819145302431872,-0.4734073091174942,-0.4283994363128645
4575,-0.2079566796786695,1.0484448069755286,1.2122483731953488
4576,2.595848487193923,1.5244689796236783,1.175973959711064
4577,0.322220030547378,0.0817842606029796,0.0092497607976956
4578,-2.049375285224732,-1.1967045975570143,-1.8188574604744687
4579,-1.1541202769563448,-0.8890051290010846,-0.4616961982821395
4580,0.6985192770869609,1.460145272086974,1.0948519845640932
4581,1.0155420178929486,0.6699564094215933,1.7074288708425505
4582,1.1311182247617158,1.1311871672519818,2.4296921999311247
4583,-0.5027926153513418,-0.6303126492240659,1.2119808952863784
4584,0.703918689901466,0.2920851271618736,0.617795482299516
4585,1.8168968752010723,2.126634516920561,2.079184078018666
4586,0.6112439224481033,0.4400814246724017,0.6113910890395812
4587,-0.0204797002478414,1.058470925928556,-1.642626854150662
4588,0.6113482747718822,-0.183037159084279,1.3268702151208334
4589,0.5305580598119256,0.4388082506472162,1.5434356583554565
4590,-0.7182450276505837,1.8215009275150336,-1.1839877894578197
4591,-0.1107110106973705,-1.5872217355348317,-1.21554284871372
4592,1.916237232349216,2.317936076415242,1.241142455570397
4593,-2.075289360568793,-2.7785627233020738,-2.4307808764057253
4594,1.1315710892639277,2.3729814341665825,2.2181005898313018
4595,2.00229471984434,1.810231781908511,1.570283674091282
4596,1.5634563724747643,0.8802965325555206,0.972620313047172
4597,-1.2720895741725669,1.8970477975101208,1.987864831088532
4598,1.7739768006149883,2.113152524791524,2.4228462061165974
4599,-1.9806124892667365,-0.4392748972553377,-1.4318463046585643
4600,-0.5914253150689787,0.439966458226547,0.3584807995274207
4601,-0.5987533950995584,-0.4551017069387244,-0.7122759119773577
4602,-0.4896910397100048,-0.8666428382330225,0.2478663012245808
4603,2.739796468811049,2.523599926809845,-0.0672901895005681
4604,-2.0026079705788424,-2.096482006104597,-1.730348117663335
4605,0.8707086563623477,-1.1691021911209942,-0.2635646612244268
4606,2.738256042447784,2.283302653855729,3.033510904438027
4607,-1.318300488022058,-2.367686168881364,0.1690677842055695
4608,0.1633385181158698,1.792518879833342,1.2527294091236116
4609,-0.6136329495214956,-0.7816700821667789,-0.6625465802442959
4610,0.0852733838237302,-0.4800235808393422,-0.0780791487516661
4611,0.6991478872575622,2.53502633669734,2.176738362071766
4612,2.0932407647281743,2.796620243399842,0.9644862395726802
4613,0.0982851340698084,1.894059318829368,3.027290804966943
4614,2.5250069695922863,1.4333603252199048,1.877773331021795
4615,1.048607331196568,1.2893430167906752,-0.1027324635482707
4616,0.0321907703494559,-1.7742698030328767,-0.1493214365116467
4617,-1.0393615802587974,-2.0565377421177904,-0.8720159166795685
4618,-1.416231331489917,-2.232627550729505,-1.461649948331979
4619,0.945663353255256,-0.8910102163390996,-1.1718114056586248
4620,-0.6910720704391002,-0.386556151405846,-0.8480857381658025
4621,-2.5998475022789007,-2.64220747449691,-3.073232155607103
4622,-2.3872839656195146,-2.5917546518072525,-1.4278784800998243
4623,-1.0936790124067384,-0.0289028735028177,0.3537669069128314
4624,0.613050215367675,-0.529217952814049,-0.5926765343282252
4625,-1.0966537498723907,-0.7300882467670056,-1.2030645882718924
4626,0.1340071741739018,-0.8487816396880629,0.3559696652080053
4627,1.324691815185349,2.4577322366988,0.2395174061039838
4628,2.2808005440654453,1.0966757945749814,1.4532601416207522
4629,1.5384103283230313,1.5158429783308227,-0.6970473651687192
4630,-0.4329778604339314,-2.203852730236239,-2.637392723501114
4631,1.3266322918226174,0.5210106171512396,1.2405781182034008
4632,-0.4590984878110715,-1.6033356130877912,-0.9456748576806658
4633,0.4999179637632135,2.291542046141633,0.9177718557080274
4634,-0.1776413148932189,-0.2892808490294701,-2.0566122226817427
4635,2.300812065000533,1.7398601987591649,2.3987300252397104
4636,-1.2843453769060107,-1.0705857835245691,-1.213609051079349
4637,0.7762606304467224,-2.096501019767759,-1.818615838793897
4638,2.3598477120069083,2.0697655155612416,2.897933353344988
4639,1.327455243235702,0.2095386145820471,2.6546385636254395
4640,-1.1839861753279506,-1.191495453363206,-1.6395837850239607
4641,1.458594494952609,0.0784637648725999,-0.1952738101677311
4642,-0.1793993040867223,-1.799149169692439,-1.241410805430138
4643,-0.5128554843125331,-2.1435334145098093,-1.6447393462071664
4644,1.93774907630189,2.085460327280012,3.0760181418323658
4645,-0.0422073242060816,0.2129499576186075,2.5030827838561245
4646,-2.633611941582631,-1.2252260711242715,-1.8627702952705616
4647,1.2626215209546374,0.9466402584693716,1.4806298480359104
4648,-1.4900503789983657,-1.567360497490245,-0.5565159916622412
4649,2.038586380968378,1.8967278036670543,2.1729715984006286
4650,-0.6336591453281695,-1.5472163938723635,-0.4197457664364273
4651,-0.2315852626772449,0.9467122029092272,-0.2981724653451857
4652,0.1703139272018996,-1.3008668460582418,-0.8247073516234888
4653,-0.9296418105584584,-2.2555071355927323,-2.5928873813743976
4654,-3.269131130696634,-1.482283831626532,-0.3708411595293689
4655,0.2066241077647576,-0.3290868527332941,-0.8358365252186432
4656,1.3916287431951493,0.7582101706029918,1.720657702773385
4657,0.0846918232179291,0.0030591958388467,0.3454819639309058
4658,2.9973054358385003,3.109588113241437,2.213574787798474
4659,-1.7180167765502945,-2.967582155662056,-2.1446387950840884
4660,-0.294269683539378,-0.0771183639894306,-0.6844219321994915
4661,-1.0178241779943595,-2.6840143219683883,-2.2844286094312003
4662,0.4502277390316886,1.7953202449055303,-0.2034404135057494
4663,0.0889684644121307,-1.239518007568831,-2.0563608796021517
4664,0.9177646947180054,0.5012104298631843,0.9647707296088538
4665,0.5912378099599833,-1.8641612169182655,-0.0348771176178596
4666,0.6119305290083357,1.456086882736617,2.126413867712814
4667,-1.556978674220712,-0.9735938629263852,-0.7540135148531806
4668,0.8453615387314033,0.5819648290489061,-0.5092484145808627
4669,-1.0284286174765411,0.4927001037420967,-1.000403979397109
4670,-1.4249156180846083,-0.4261554438557084,0.434279942689794
4671,0.525034353311305,-0.1151703432718386,0.6118071864769121
4672,1.8912665135625828,1.4995964081404365,1.048273753786621
4673,1.0633266325202508,-0.1608569832202256,0.0700244114824112
4674,-1.2153935666987024,-1.2154192720601933,-1.5671543807667692
4675,2.7110924643671748,2.58825826913269,3.0338629612783548
4676,0.4401150857505578,-0.5834818969231303,-1.4985234529207554
4677,0.4390044490611042,-1.5066344310836428,-0.5421357769748518
4678,0.5234242342304825,-1.0408939218877726,-0.6302452037084387
4679,-1.098746204946443,-1.3034197697764438,-0.5157873541325084
4680,2.784360638666912,1.4528799834718746,2.468502949982343
4681,-0.1833383198907049,-1.5471395905620622,-1.3540696640817156
4682,1.657852207522411,1.5488533494469503,2.261681075004168
4683,-1.1508103876567854,0.4067157515089249,0.3196944073062057
4684,-1.0867621609296272,-1.5240700626659514,-2.457057648395429
4685,-0.4045552527007564,-0.1608849210272175,-0.2976567824091923
4686,1.8460661394003677,2.153692659276456,2.564502776909158
4687,1.0152701523050238,0.3241836771804323,1.1761552034363472
4688,0.2433470445130217,1.8374924580115404,0.0889977493397528
4689,-1.9013557084051076,-1.9882067804940675,-1.0055576209429231
4690,-0.0246186739426003,-0.5090561499668409,-0.5819832186639675
4691,2.7281531981407445,2.3738915468672133,-0.878819481703391
4692,0.7429071308197176,2.2649895864084786,2.970877880119472
4693,-1.6207347407465271,-1.4458776858993605,1.610417617535223
4694,0.1700688846729591,0.0850897331061089,-0.2962836031389958
4695,1.2402300634800738,1.240183763975621,1.612978237394804
4696,2.1382077176905634,0.9649258638151073,1.4122235860870418
4697,2.2428939948197644,1.3259578776615093,1.9959131534194692
4698,3.392054461457792,2.356919003824274,3.700637997748829
4699,-0.5056648733293421,-1.7180322260790395,-1.4921502004503944
4700,1.7765231987171723,0.0876427161385299,1.3246662196974273
4701,0.8704476506225787,0.4991880057760091,0.6827271123430507
4702,-1.6069839499628604,-1.73036340685146,-0.8230729497897928
4703,-0.4875124955843277,0.2182032095358409,1.3639554938206486
4704,1.2894197775014868,0.3697224559522712,-0.4972206524889865
4705,-1.7726718257920666,-2.1612521941461544,-1.6888978157772505
4706,-1.5281600581323036,0.14740587605978,0.3696365739841563
4707,2.230728437507152,-1.3417534240256086,1.622346498275112
4708,-0.288830882112474,2.6902264681629844,2.972056509613896
4709,0.5235028250772613,-0.4219593456180426,0.6987043270481451
4710,0.5814733841513108,0.1442955903971332,-0.756000274702402
4711,-0.5739708683545259,1.4837004280796475,1.597265690560537
4712,-1.648594496307879,2.0669045054001867,1.8767022962103568
4713,-1.018249097946199,-0.5686267175192617,-0.6821610320824132
4714,-0.665076107303438,-0.5794374456039741,0.2574321140636106
4715,-1.038163695416164,-0.3781611268909398,1.2403361400720323
4716,0.5821969178650608,-0.3765516051206875,0.9316886629717424
4717,1.5978363704413323,2.0095317230121545,2.622312838165049
4718,0.4137528265952026,-2.049465908788114,-2.096461263926602
4719,2.651432673590791,2.548301659999687,2.1311913516508354
4720,-0.2048386249435794,-0.466566007280374,-0.713601003075173
4721,-1.6031901709111365,-1.562518093427462,0.6829328056081668
4722,1.37173978114746,-1.3324962803814864,-0.6430405864687352
4723,-1.0341284787217475,0.7906441966301477,1.6509582240249705
4724,-2.101510859116026,-2.619223414428376,0.5744868536036088
4725,-0.2203173845336856,-1.0106188560314864,0.439411840533137
4726,1.097155191146055,0.9316275566267042,-0.2791211121019288
4727,0.1349717474250146,-0.5739768909743554,-0.1689463157296663
4728,-1.2055220398761337,-0.5134209302533149,-0.811632878074223
4729,1.9672955100059613,2.1535398568073907,2.009743353879632
4730,-1.4088257154752903,-2.190559389053909,-1.8640313313751071
4731,0.9635577074249988,2.7676790862660834,1.0485464438426215
4732,-1.4518802863420293,-2.2039396783253373,-1.5276658518275097
4733,0.6177402216952048,1.6218204267987002,0.963577845265798
4734,0.4403792462044666,0.882127766763092,1.152949476723008
4735,-1.6065270578924888,-2.700161425609655,-1.488712870995626
4736,-0.4868346029377688,0.0001875107843067,0.4340033005770595
4737,-0.9101838592540084,-2.0323937046075944,0.079255335997607
4738,-1.6012513136015123,0.4939249977226367,0.9318228663408452
4739,-0.4321203605823199,-1.0699519354123967,-1.6393799434805123
4740,1.5598757162814645,-0.7281636508672027,0.5240687067220047
4741,-1.316475874416128,0.1667330297173579,1.4240746386953074
4742,-0.7214196285159195,-0.537010110090631,-0.7530379055817308
4743,-2.683825666920911,-2.1435151416387184,-2.8407824686003758
4744,-1.5230941271184928,-1.8641360299878436,0.1002612586525307
4745,-0.8586250376393921,-1.9692270363123168,-0.1937145318905926
4746,1.048247811509356,-0.195466420838634,-0.5181941544525874
4747,-1.4150160734325887,-1.2151052402016105,-1.035461722240553
4748,-0.1228652514741989,0.9642093326841944,1.0581398536053814
4749,-0.2937264855279245,-0.6241554042139281,0.7424577404287888
4750,0.7581816927403041,-0.6863329883718038,0.2421550960760565
4751,1.098067446271476,0.43387252960575,0.7864040162138423
4752,0.0148575938473461,0.4063474993088266,0.6695564510990695
4753,-0.1949824315265986,0.7904498072374903,1.289065114587644
4754,-0.6949197861805291,-1.1622900196280896,-1.7864766566109012
4755,3.0125540400050057,2.5743949710498275,1.6681996298734867
4756,1.828809782149069,0.9680529012802188,0.5890486304045768
4757,1.772988682495786,0.963587144209932,1.363417458097644
4758,1.0482491145461137,1.288839570770691,0.2183426640833766
4759,0.3595552408679978,0.28188538887007,0.3591164542539824
4760,0.2427141038381657,0.5817493427114033,-0.1871553710494388
4761,-1.1158853895067746,-0.95173033244628,-1.1158981576042852
4762,-1.3794532388703358,-1.6476185589593784,-3.1902956220782106
4763,0.5014362171132329,0.9647908544601228,-0.5329067502356487
4764,-0.0770224575035616,1.0221950965278577,2.297417755598839
4765,-0.8647465098723358,-0.3994869493708645,-0.6518462966570825
4766,-0.1260662049648072,-0.7939406278616901,-0.1556528595774056
4767,2.4730929883015254,2.5878573913927907,1.8625642760857384
4768,-1.446107681510251,-1.909880557714032,-2.599981338713106
4769,-0.0635416346860291,-1.273633878710425,-0.7871721464138559
4770,0.931287897584284,0.0880165601456742,-1.9262537109267
4771,1.5702756477589672,-0.7956666646640003,0.1987634559191409
4772,0.6176076673195902,-1.488491354746833,-0.2958529057051169
4773,-2.6265630935324027,-1.5629319858079966,0.5815818190900061
4774,0.1703577701668683,0.5232972528771557,0.6117841331505746
4775,0.3591344922985213,-1.317162453467394,-2.671527769613369
4776,-0.5707359248581493,-2.2764924522777266,-1.7178819967062382
4777,1.0633488744726904,1.7075816005686493,0.5244746074465549
4778,-1.0069419571807123,-0.909552855262934,-0.8665932098694366
4779,-1.305409290349121,0.5003766066543239,0.5908617345184806
4780,0.5910962569417026,0.729063532934165,0.3291124247078344
4781,-0.9695609273865354,1.6765513935697565,2.887969291392864
4782,-0.9758554674553136,-1.1149858487323054,-1.1770764473719255
4783,2.067646491162465,1.0638018231877902,1.6007713323405148
4784,-0.2847542308932616,1.6227459382702618,2.5810261782122006
4785,2.787475909924002,1.789010453268222,1.990724804139254
4786,0.964744678421015,1.9638278568914207,2.1726014589050795
4787,0.8707375472531264,0.5005825159837941,-1.1744552780931656
4788,2.1317384177491148,1.907408954464403,1.393696328262264
4789,-0.2682585975848703,-1.127341272757933,-1.6869426409021069
4790,-1.825612333026946,-0.7973706799473752,-1.0040430936061986
4791,1.8604099317254923,-1.0720462390182792,1.7010832534024911
4792,-0.9802345363191411,-1.956104254444972,-1.687163767335374
4793,0.6116117196669995,-0.1645211809024481,-0.2949997189466726
4794,-1.547532193819068,-2.1657522111630207,-2.299858423576145
4795,0.4501867822172393,-0.1557357047492902,-0.1548904484962084
4796,-0.8254535979459396,-0.7459733901921537,-0.3273787843199467
4797,-2.234982725608005,-2.148068361891946,-2.2348906087401184
4798,0.5672269709467157,1.1327164482033076,0.0016784339514093
4799,-2.148136691619264,0.0022318930823236,0.1702114909127375
4800,-0.7371441522217153,-1.219125293803999,-0.9537121349705938
4801,-1.2735746489684718,2.567585534368842,1.0160956644379933
4802,0.4141849244370933,-0.3476600253453754,0.7765048448995433
4803,-0.4814397027776486,-1.387777012043612,-0.9800483985762736
4804,-2.148254228078542,-0.81534495464278,-2.9625234972283763
4805,3.300330958864163,3.259002169209329,3.602887972840194
4806,-0.9557630106961704,-3.002287434004132,-2.1480533200236454
4807,0.7039314241243244,0.7906817477803442,2.860290883860421
4808,-1.0160921687732465,-3.842244773730481,-0.8092492661286467
4809,0.8773877089576618,0.4500194308373022,1.1311419163391268
4810,-0.348334847558959,-1.2815978696657613,-0.422112119360337
4811,-1.5229360914766268,-1.7742352327362183,-2.0025832775098005
4812,0.4502326846484732,-0.2259392384520155,1.1311453516178511
4813,-0.2948144609288974,-2.1444384123903597,-1.7991733816404734
4814,-1.4873164579678886,-1.1270743773441216,-3.220323763489735
4815,-0.0005494241587835,-1.424705731550184,-1.096502018241785
4816,0.9647388755497902,-0.0713289952706523,-0.155900966490439
4817,-1.2715690212716426,0.2136604384106923,-0.9764759727551172
4818,-0.2345290999275717,-0.7793326525872187,-0.672639518931909
4819,-2.7387867519259443,-1.5645567177615374,-2.947629191382992
4820,2.889534254837929,2.582672678877036,3.0162401903901093
4821,-2.5566874746239456,-1.9098261094967952,-3.408058812998697
4822,-1.9810005461481608,-0.3729795826247848,-3.3485174272270206
4823,1.131026538357135,-0.7897746746543727,0.5330429509086808
4824,-1.0462192383376898,-1.567336332081286,-0.8871517961291637
4825,-1.137546506048797,-1.489397417253917,-0.9129307076548356
4826,0.3250634932539922,-1.3608379685327932,-2.363395590291294
4827,-0.2487312762832147,2.558887583700469,-0.901434204342456
4828,-2.2376532695378724,-1.729496947573473,-2.2844703407178804
4829,2.365355308912691,2.283325180487368,2.6382110055841705
4830,-0.8586068786783666,-2.573453147864868,-1.6396594185378195
4831,0.9647739397078292,-0.8541518492583567,-0.399664801667649
4832,-1.9451672394745565,0.0769345090744231,-1.5664114128991595
4833,3.668524629245399,3.4114716931832945,3.669803537861825
4834,0.8707639688370008,1.5764221241243197,1.6546618664517652
4835,-0.1501849754631896,-0.7939441553629387,-0.7419888814742241
4836,0.4397303536402598,-0.1527138347266645,0.4401150857505578
4837,0.6701523532581829,0.7581541948850369,1.843744559468877
4838,0.1607590809378171,0.6698938618891721,0.757900027078175
4839,-0.6042633496120351,0.0022131490487632,-0.3665850103917454
4840,3.0411730523957137,3.655176401040408,3.434656685234872
4841,-0.8877461414582105,-1.0654745470759794,-0.8126052531195893
4842,-2.853297353136749,-0.254651058138972,0.0491691821659036
4843,1.3629815330732813,0.1455869848185205,-0.275553902950408
4844,0.7007050503639528,0.5665367632256547,0.1950485728225114
4845,-0.205992046600067,-1.588383922272232,-1.0177272170675062
4846,0.7766320142051073,1.058508768056862,1.6841088451451889
4847,-0.1532936870630149,-1.060335642190939,-1.1403766204396195
4848,1.1651951067655597,1.3518755365113777,1.10031929557859
4849,2.070615931412189,0.0170260043837738,0.4089761098003865
4850,-1.7728737964894956,-2.2038257218379904,-2.0318689361679403
4851,1.9462057188141515,1.0974097624853842,1.633966592247601
4852,-0.5567401300785125,-0.4721568000469666,-0.9973490555411458
4853,-1.050268524873391,0.6824795643259093,0.8707143357682273
4854,-0.8247097419979086,-1.5253186897463458,-1.496905883166786
4855,-0.0523359629960599,0.1324152943821296,0.1212752365944876
4856,0.7909076164477261,-0.4857626242529155,0.0580912760340496
4857,2.120485604919304,1.9440880699793317,2.523987994847838
4858,-1.9560649924651956,-2.284437992797436,-1.3398008091874234
4859,-0.1551817833979025,0.0001659974145282,-0.4269160493357367
4860,2.2337218683130344,0.3682305973226991,1.7284005415188035
4861,3.0995642079525703,1.925640025618671,2.515066176412604
4862,1.097035514945773,0.670025009941023,1.578229765513366
4863,-2.412478054192887,-1.9008314692339836,0.6982585513697538
4864,-1.0672950133042625,-1.408719041417031,-1.2733525011886966
4865,0.9854549250913772,2.730186065830276,3.191347126816872
4866,0.1277642218664552,0.7006258022277801,0.4402879230136853
4867,2.797700816245559,1.7767400068630477,2.738821323484812
4868,-0.4304648225201484,-2.062888010761124,-1.2367468596024604
4869,-0.3586752614365143,-1.1769379425637574,-0.8270793026697456
4870,-2.941568412049704,-0.2873734532339373,0.2914014770812068
4871,0.9635761868553792,-0.5331534310325127,-0.6929357665894165
4872,-1.119634072048686,-0.2725557780584889,-0.5142729899408631
4873,1.3275435209575257,0.3294721101247608,0.5010663766716632
4874,2.1676993865091263,0.6696275304607979,-0.4237120698575632
4875,0.434550987828277,1.9120616474575844,-1.6803054365686587
4876,0.1131133838783062,0.0183443497028077,-0.763466480976188
4877,1.048473473784196,1.4998128307000862,2.1294147235297447
4878,0.8236319992940405,1.4125245945986582,1.3278608268947094
4879,0.4933712358826015,-0.4516084422599106,-0.3994885058532381
4880,1.9255527344780088,0.8802482323370858,3.883279608919605
4881,0.1478759465700865,-2.205298864121408,-0.1077185040867795
4882,0.7038983151448925,0.6176629279239013,-1.0101761755013154
4883,-1.9447509784594448,0.1442190923677515,-2.4506168561604684
4884,-0.5931686419147246,-1.3730421248697708,-0.895828934652022
4885,-0.2767805769734796,-0.3819135099277356,-1.0430290108917908
4886,-0.1187500460388706,-1.0226338912470665,-0.7160427203869085
4887,0.0854863312034484,-0.2946812360522953,0.2570771143113577
4888,2.0269188952232597,1.6426589359867056,2.0946714911287603
4889,-0.2067245991954091,-1.0506200672996746,0.0122382898421927
4890,-0.0764259716330903,-1.1761665512479325,-0.2262899420173461
4891,-1.901458796764652,-2.148192428154517,-2.105424315449366
4892,-0.2264983127045775,0.1702529435032863,-0.3741396138401857
4893,-0.5777405058885118,-1.4895259659323723,0.7035974321117725
4894,-1.337873572850892,-1.2891719817459206,-1.0525531815585272
4895,-0.797139163439542,0.2563151678895818,-0.6788270859644244
4896,-0.7079982430051106,0.6702509304751786,1.725549669226163
4897,-1.4544734151886174,-2.517343454546393,-2.434874588252622
4898,2.514986894973005,1.7916013212834725,1.9643900456729448
4899,-0.0520464174426268,-0.8223983715734547,-0.1850379497226209
4900,0.882104689992062,0.3580805636433042,-0.3906520702323242
4901,-0.4617259523971307,-0.3177193961252936,-0.6936417684183395
4902,2.672960774602496,2.7525848786771125,2.2505480608819117
4903,2.3734517119781917,2.5060077460032897,3.033903947707276
4904,-0.3220239588634699,-0.41555281615036,-0.1525204544723152
4905,1.37040883683347,1.0587379814702402,2.889103698927338
4906,0.2405976625187682,0.0843076067680868,0.670284077784987
4907,-0.915801121021532,-0.6184205768413525,-0.379941027572697
4908,-1.2282688428552753,-1.0408181295281194,-0.9246942066270994
4909,1.0158894016997415,-0.826743493885636,0.5820389637278864
4910,-0.0523555233125277,0.1631501549249147,-0.692521043461841
4911,-1.8484015292971745,-2.5129084211558905,-0.2589861518182439
4912,-1.0728355784232482,0.4062229807189373,0.1589214805532781
4913,0.7582277530890641,-0.9450424378574008,-0.2670198940032835
4914,1.0217367276574008,-0.8270814598369051,1.166150556911712
4915,1.6464754069619,0.758250869734687,0.8457388992357621
4916,0.9726850711178144,0.064484823652184,-0.3016611240724727
4917,-0.7141954448420882,-0.2944606802857042,-0.0766129164032659
4918,-0.5924439130088592,-1.2818449759684698,0.8816088673793641
4919,2.333614837966689,1.5711955891309863,2.0910732171080264
4920,0.8774205810213197,0.8770304399703036,0.1333545791841323
4921,-1.354106276839887,1.2423869315688345,-1.6491961632178231
4922,-1.1814951839074608,-0.6821972037542087,-0.6461368460663242
4923,-1.3074794112745154,-1.7725236349753608,0.3691612320978759
4924,-1.094237374004802,0.5903970109591187,-0.3755955412827658
4925,0.2574875007879726,1.6149919779493738,0.257492106631367
4926,1.85317673535367,0.2184458112885298,1.0483398532875976
4927,-1.3744446911913306,-1.4100509855611318,-1.5228384303885676
4928,1.6765607912659144,-0.6850133392939725,-0.2511490787093468
4929,-0.6723362282837178,-1.6136398762611996,-0.894719552722346
4930,1.1503217348423915,-0.1844472963569084,-0.7936866101557237
4931,2.526096782153193,2.7398471687867088,2.8606528911632614
4932,-0.2500572303266278,-1.2836948147046234,-0.9255150637473484
4933,-0.3289877385708729,2.1962666690050763,2.4823012428984965
4934,-1.092919923788621,-1.0913106320662525,-1.2749837212351585
4935,1.9406169436732927,1.6633640611236578,1.4283783620836812
4936,1.7849902761282452,1.641037730835147,2.0000456162737965
4937,0.0850013767052977,-1.9007229112542336,-0.3051001202247556
4938,3.0578989361571964,2.1686640270924573,3.2794047891273927
4939,0.9730057607162618,0.5243145906117774,0.6115618094412835
4940,-2.34407280131076,-2.1208144034900718,-2.344227600529349
4941,0.6991464880139994,1.165202102983374,2.804277411725672
4942,1.1754649323273962,-1.29965460644081,-1.7994960923192695
4943,-1.3445619420697985,-1.9882698000899808,-1.815328747836389
4944,0.523327103406496,-0.5912845784922853,-1.9012365502454225
4945,-1.3068732156553184,-1.5565704449112563,-1.245203188074422
4946,2.030886665224326,1.8622401852080317,2.479144577124252
4947,-0.9484119680352144,-1.2349511053950135,-0.7141361518961132
4948,1.239458507214102,2.43203216425972,1.1525413696921836
4949,-2.7632989655454203,0.3430367275030458,-0.1632525619664892
4950,0.6177935277443796,0.8773898411996288,1.6210104117670172
4951,0.776572997770098,-1.6868768338731113,-1.408329384787555
4952,-0.5049522926397028,-1.3002826182548162,-1.7164740142805648
4953,0.012576713047551,-2.1444603184385804,-2.144526728353188
4954,-1.2853444162389205,-1.6727636883190422,-1.4289363145134455
4955,0.2181290845130162,-0.4408750331612915,1.593460779432495
4956,-1.3599602277690646,-1.7173016017233655,-1.012515372278678
4957,1.1754472921938286,-0.1771099202813675,1.0973261736171716
4958,-0.7556426716239277,0.3449275136691345,-0.433782603913063
4959,-0.7995995546724786,-1.7592796358784557,-0.6153104886437806
4960,-1.527718328671475,-1.3786187030560326,0.5327192055033592
4961,2.858989703177166,2.653992442742702,2.858308540372476
4962,-0.0970720753405166,-1.3381320515815958,-0.8040830095489403
4963,-0.4527644143692398,-2.204188913719701,-2.2470069384904194
4964,-2.0566772490564627,0.7571741874646124,-1.7166725522544437
4965,1.5994382463117145,2.9094589530229973,2.22104297599986
4966,-1.437384277472984,-0.8296135076674757,-2.3676378949784462
4967,-1.6827200645435818,-2.063032016244465,-1.824730226564212
4968,-1.717130619252249,-2.6975993349343432,-1.8832879950104655
4969,1.152297364144239,1.5624343160007244,1.885997360035675
4970,1.6223475643960954,-1.6888031679254931,0.2172439967954121
4971,-1.1714199852397618,0.7904404490644129,1.702791249374244
4972,1.3239811464996405,2.098943005291641,-0.4179767858437275
4973,0.1641523854547848,1.85636786210888,0.0863981931858337
4974,-1.6030595445759066,0.4962590373916462,-2.984014615575858
4975,-1.0904081491263762,-2.6153898559896565,-2.5740441499868787
4976,-0.5797016092151462,-1.485870543490295,-1.9691789583012207
4977,-1.150563134233459,-3.073317001776797,-2.5011203671054107
4978,-0.750391893550779,-0.942335519656366,-2.3233355117066528
4979,-0.4179273378390261,-2.412342327567293,-1.3302756808472758
4980,-1.489555106572588,0.0176882410808811,0.7906681251233328
4981,1.212143537965305,0.0093727639398575,0.1440005671806065
4982,-1.8255295444494788,-1.68336208413166,-1.3485851326777936
4983,-2.412351422650451,-1.817081028420743,-0.977883885388206
4984,0.148037611971445,1.0483976607364804,-0.2858624044266622
4985,1.3277771173906583,2.2867399850051235,1.4142138474517902
4986,-0.2254686734986877,1.3817369099893573,2.1887445714626264
4987,-0.5037213013958678,0.0547054605367195,0.6963663192608235
4988,2.7811301622934668,2.11139170084937,2.802146362523141
4989,-0.9014374376711216,0.2570786884603659,2.346715671597195
4990,-1.0597577093700763,-1.8038162535889,-1.3534461738546115
4991,-1.186064927253463,-0.6182598430931681,-0.2515503928201053
4992,0.0026179385511268,1.318937343042366,0.2565655741855133
4993,1.1526272367471788,-0.0282388647591378,1.1531160826616584
4994,2.2706822434533938,1.4467752092357369,1.4931105032287333
4995,-0.2944610883984101,-0.576956586767077,0.5232203527830152
4996,1.251196908108049,-0.1480034404810294,0.3245290721486366
4997,-0.8701588345442761,-1.0473623569477717,-0.7855340007556864
4998,-2.1435746519351087,-0.7178396879510766,0.0927111058623879
4999,-0.675727263750209,1.5335068047835665,2.0878454625882608
5000,-3.095904823936079,-2.904052325387799,-2.3710550901514447
5001,0.5820597744736966,-0.4391540179574452,1.097324213602331
5002,-0.6926160883211738,-0.458492211233429,-0.155340742486559
5003,0.4139675019641825,0.5009404420195513,-0.0021441087617325
5004,-0.9740813507928386,2.3373308204230896,-0.4445289662947209
5005,-1.4141572537514393,-0.0464258464798886,-2.204908663841448
5006,-1.956045114544617,-1.5223734598985152,-0.1073764621852171
5007,1.4278642566779711,0.8660228405969371,0.3447124965749797
5008,0.0657021084165397,1.3264450539388084,-0.434434041752149
5009,1.4142039702241735,2.947553181071437,3.212156947930614
5010,2.36602029326198,1.851292404833554,2.255332376629801
5011,1.5318115043566245,1.9730664228896253,0.9635609650168928
5012,-0.2026846551047292,-0.3081486436574274,0.5821282020506404
5013,0.8774551114953962,-0.4655984083830374,-1.5661476071846878
5014,-1.606123471871292,-2.1191271480147087,-1.5274639995879675
5015,0.2136388198463048,0.9635933040200588,2.3226609975771155
5016,0.7005435725966423,0.3541713765197984,1.0642848253721382
5017,0.2571593781724891,1.6805318468105366,-1.375592982116642
5018,0.0995221333634447,-2.912639052580581,-2.8035986575148546
5019,0.1377954020466729,-0.6952753165761533,-0.1007716009321788
5020,-1.607242898903963,-2.701514214679825,-1.9884114757228983
5021,-2.429487384630061,-3.208444923714506,-2.841028382095517
5022,-1.9387705224299003,-1.938766706116345,-1.7159375243108332
5023,-0.5207078919203952,-1.8483143503843944,-0.9090761738479122
5024,0.8455315988425945,0.1641710920670158,1.392738688070023
5025,1.5320608582088755,1.0482412963255678,-1.3776882163532145
5026,0.8820969977350521,0.0644961235181018,0.70025919760687
5027,-0.5192367112167713,0.1698773632102967,1.490220146811915
5028,0.6993758473546733,-0.6258473811904649,0.4345899917425909
5029,1.4060749407268005,1.8557153890132267,-0.4909283027995681
5030,1.40577846086747,1.9340841034309768,2.0713391323066546
5031,2.4735326138053595,0.345187831273636,1.8112162982263629
5032,0.162368022532173,-0.965003920766552,-0.7770785048908746
5033,-0.3591752088441304,1.01615654019305,-0.737113917580952
5034,-0.5092429092450598,-0.6097926217642915,-0.6652546428883406
5035,-0.8157705274343502,-2.211197588538831,-0.0628983859491612
5036,1.523647451700598,2.033405214086147,2.178752974375526
5037,-1.444364987004311,-2.412131741411087,-1.745516249985296
5038,-2.0296565067895767,-1.2803531551477267,-2.4743915610398046
5039,-0.8720246214513617,0.5816301276910835,-0.5866043779521496
5040,-1.3796477467208803,0.5330441354875514,-2.07534013772788
5041,-0.3607553827471985,1.5327501549041247,1.6484096455459154
5042,-1.9842168538841,-2.512922255292529,0.2015335628912258
5043,-0.2496308750919831,-0.9248073077241324,-0.4788634114188851
5044,-0.9470297699351892,-2.120684171789995,-2.120715656376827
5045,-0.2973585720061397,-0.8461885388000507,-0.7748537027234287
5046,-0.571502140612929,-0.3497438117091188,-0.7465905690282189
5047,1.2843362060753558,-0.6643551177338157,-0.3685783266552122
5048,0.0644480980968339,1.0583903030581352,0.9649372226268664
5049,-0.6801865668567179,0.5226860980618336,1.2841154580613383
5050,1.016504615769787,1.2520606981779103,0.7580809249184863
5051,0.1726312732707831,1.889499496700156,1.3279637969926128
5052,-2.491004316519616,0.9308584237441568,1.3963876592287308
5053,1.6245783122019506,1.6640718451591892,2.4160745425558408
5054,-1.506152621497281,-1.318191546269552,-1.585669449996196
5055,1.9016921676485996,2.506438144313938,3.0518992062031414
5056,0.5234755398277862,0.4340660916319414,-1.2988086170791342
5057,0.2915356306382967,0.0146595690535993,-1.4516722742923605
5058,2.7330419877805823,2.141660076254777,1.560724011228938
5059,-2.105575783565042,-1.6181638639070886,0.612015241545702
5060,-0.6358625835950489,-1.7515076943177026,-0.2283041239751319
5061,0.5234694764390139,-1.1186880160613075,-0.9593648385323396
5062,-0.1883459195743073,-1.0315031549239038,-1.1309861011257805
5063,0.0115976279870515,-0.6568130319112895,-1.8833795392330328
5064,2.618776572525713,2.0656809638165696,1.415523320903063
5065,-0.5782936449921157,-2.410423858166892,-0.4917210081666784
5066,0.4344832994209252,1.021386217144912,0.1697787165391173
5067,1.714935302140618,2.7281794618449693,1.0586078489963913
5068,2.1924068724129078,1.9633959713283236,2.4178397087580263
5069,-1.340873281924789,1.9324059900737296,-0.4252003005580251
5070,0.4485865346210117,-0.8657587755585572,0.2152453457105463
5071,-0.6315142884690177,-1.2367522233694512,0.8664056503150014
5072,1.2401478355601656,1.577419724113598,0.5910637238232405
5073,1.251599057035395,0.3249289728236652,0.3235629001270886
5074,2.577622885663821,2.665323634422623,2.9775583797795293
5075,1.0583839445928571,2.1465650869076742,-1.3733128843718114
5076,-0.1531056849124614,-1.5028141891108344,-2.761411852393684
5077,2.628008170312719,2.073480716938226,2.648112735030717
5078,1.43356525736451,-0.2384896738986749,0.7039451060102793
5079,-1.210880641563075,-0.5843981576525485,-2.049427387600409
5080,-1.7302746557829365,-2.237610797459121,-2.377199482097524
5081,0.6118634771018534,0.7909399358531479,0.5249213546521272
5082,0.1699606182022851,-1.4928134455563993,-1.396581635559088
5083,0.871032365759128,-0.6551953780354235,-0.1579877040049894
5084,-2.0751994386806456,-3.269075651246621,-3.520298802202874
5085,-3.626387186357863,-3.551612389589488,-3.4518806085575915
5086,-0.6865448470424722,-0.9678467615011378,-0.8811552856242747
5087,0.5823100798983721,-0.2945826603502193,1.0158138834808736
5088,0.4935710421013776,0.7576945714048579,1.254815902569191
5089,-0.3989231844897878,-0.065546639222022,1.9310713623986309
5090,-0.147834944621682,-1.9098719151398675,-1.338732957416722
5091,-0.4788034696034622,0.0019288402473408,-0.9997702118780224
5092,-1.6475068531718855,0.0805523610174453,-1.9447813036785309
5093,-0.7344692741988159,-1.505271291585594,-1.3430408756861716
5094,-1.095599651964832,0.4938949057300802,0.2399195262075821
5095,-0.8050617520686679,-0.5159953621380186,-0.6518534449465021
5096,-0.8463474875686466,-1.7592575728157136,-2.793616887679914
5097,-1.0221991772058618,-0.6083663710919684,-0.6417242897735209
5098,1.455838714086375,0.9315358971091467,2.2587598312951256
5099,-1.1826094938486973,-0.3113476136197739,0.6095404154848373
5100,0.5234608477703765,-1.0615521206421303,-0.8445147519898307
5101,0.6173195777382721,1.77096400029024,0.7038426991669201
5102,-1.2404191080772975,-1.9098826566249003,0.4133292787284675
5103,-2.2045630037270216,-2.525572031857692,-2.567027790927276
5104,3.1820647393431347,2.4659909240687465,3.248925668525545
5105,-1.9016040848879256,-0.8612339052093773,-2.999605317301448
5106,-1.0683458459871802,-0.36698242892855,-0.5664083660054203
5107,0.2431078362311951,0.8453526610171241,0.6701988171394101
5108,1.680516688338606,1.167181099795736,-0.37668833598988
5109,0.9460305380868684,0.1701446187307972,-1.316910339542387
5110,-1.5884144299141356,-1.5956967930368826,-1.6193997457839575
5111,1.1532791108063507,2.155938574902494,0.9742138624761248
5112,1.6497293024453714,-0.1873541644444791,1.8225341158356991
5113,1.882026509750768,0.776627075591299,-0.9388343219621044
5114,-1.5241051262005196,-1.8148534947935244,-0.8817047471087082
5115,0.2047798742391383,0.0058045901262446,-0.2203176230532828
5116,-1.7304200297214722,-1.7305486749868142,-0.936094389805349
5117,-2.86001110447535,-2.8983988042702062,-2.450994026072852
5118,-0.8206346718715938,-1.2467834852736646,-1.1538164324760485
5119,0.5331349926869227,0.6178750267706735,1.0484016883046403
5120,1.1525733313182096,0.5237483749029531,0.2062926251545365
5121,-0.765600374987328,-1.938908386757087,-0.6208826045840772
5122,1.0153272233253898,1.323914265768485,1.3937560510674143
5123,1.0938392820354954,-0.2259435126319155,1.227868741791896
5124,0.2572593074836012,0.3454194643850994,0.4343359124323072
5125,1.505566817001771,-0.079596161981034,0.1704406753479659
5126,0.4089306835740751,0.7580327316123996,-0.5963963238595551
5127,-0.2246844266326292,-0.7653850506846676,-0.9201087105662612
5128,0.6703868056216457,2.788994114360725,2.300813909720384
5129,-0.809051131687235,-1.799567344623484,-2.531723278953284
5130,-1.8245557875333795,-1.1868408556724244,1.6578132619099124
5131,0.0012476782378033,-0.590218504337237,0.1464946091491368
5132,-0.8040826105423253,1.7269385342767694,2.475098529533997
5133,0.4502429016412317,-0.8900823850259639,-0.4062263381134429
5134,2.313306517194851,1.9054299832616184,2.6187770663870937
5135,0.0029967545948554,0.255811381905148,-0.2306128467028934
5136,0.7906514225612581,1.131286908792882,1.6768982505901875
5137,-0.1940836619230396,-0.2055810659827225,-0.9883097972140368
5138,-2.246819538113098,-2.3294889283311253,-2.5661902936657963
5139,1.0977572615871678,-1.6344256024377992,0.9317449269271736
5140,-1.0100782091190728,-1.7159218665703984,-1.3658060296793924
5141,2.42803644229844,1.92572842680584,2.142625060811405
5142,0.1701844971723379,1.8264204787800704,2.2487655905047284
5143,-0.8027133087542423,-0.933309168625344,-0.1830492341388877
5144,-0.556175839317911,-1.5645903889533364,-1.8835572088136057
5145,-0.5621570523346681,2.733942399260046,3.746629823521845
5146,-0.3421022945635222,-1.2732075528734228,-1.0197271493600464
5147,1.7410082139606995,0.6084998141121142,0.9730287778573924
5148,0.7579992960651145,0.4085461747802967,0.3238774248615496
5149,-0.3551371581368102,-0.9070840581720232,-0.4574125427080607
5150,1.2825923911733608,0.881943868153644,1.1533102376137865
5151,2.1065571295158723,1.8498704544527964,0.96508643049655
5152,-1.0008665052604058,-1.630176014237392,-2.3002464949608044
5153,-0.628169647429645,-1.0440161163267263,-0.8143527952306463
5154,-1.626142409328992,-1.0339861439308484,-0.2046798906659215
5155,0.0022586385343384,-0.6336615305241415,-1.6727590371868966
5156,0.0849435704556083,-1.4982275853155085,0.084655413734388
5157,1.7732664662409303,1.6210178746139017,1.2893043995194953
5158,-1.1562699439321746,-1.0299064966763876,-1.9098748783081525
5159,0.7006966425481512,-0.0783828098654166,0.2814960056276264
5160,1.153705941625556,0.2039155090338029,0.2773097481770129
5161,0.2398329108458652,-0.0661121180630084,-0.1362742504934259
5162,0.0646324935899016,-1.0720969509754266,-2.237686111319697
5163,0.5243694203041859,2.048820377874363,3.1113278674443805
5164,0.4141593979769716,-1.956089808999582,-2.3773246759575644
5165,-0.3932810235572783,-0.4971030673245507,-0.6971655868647095
5166,-1.717893872090274,1.720356206372866,-1.2934807902821166
5167,-0.7228179531779411,-0.9148342197550748,-1.6484784447615115
5168,1.1986334132046528,0.3444475731270839,-2.501318360069551
5169,0.5248778546405862,0.7001287273871968,-0.0566427324731632
5170,0.0179687197429559,-0.9165918386542552,-1.901958895965992
5171,-0.6866398790011143,1.2362019368303283,2.654352428491896
5172,1.06343092092808,2.800347636179465,1.9304507395675532
5173,-0.2574952053701572,-0.3945081285522893,-0.5325938359740643
5174,0.9878727013643168,-1.1497754767112165,-0.5736137647445692
5175,2.393844222668185,1.239226427646018,1.4057298028696392
5176,3.3494641636605724,3.349270247228042,3.746342645926805
5177,0.8706577886401222,0.5013645454803398,0.2499611994693929
5178,2.4337797077818486,2.4739113445899306,2.611026111940458
5179,1.2993347569525335,1.3265236918291383,1.764771206645356
5180,-0.3768989490389409,-0.7158931420164729,-0.4746978398205918
5181,1.6481755298001586,0.3700036157471966,-0.6321219157620023
5182,-0.5428444862506663,-1.4133870171631937,-1.5275095553548463
5183,0.7908878193211578,1.564104191700784,1.5624662776267504
5184,-2.204069745085324,-1.2243979060674233,-0.9436446586104682
5185,-0.9365417054665176,-2.165993354475799,-0.3811706777236728
5186,1.7970521635702446,1.807113842108248,0.9314629153800728
5187,0.2173442417823325,0.2176107720282065,0.1457945526511128
5188,-0.9345318016123056,-0.464118527014545,-0.4726985042490655
5189,-0.4340533988194483,0.5327760652891457,1.211466432682898
5190,-0.4184131668644036,-0.7389522611992344,-1.4451244264480367
5191,1.533836580720616,0.4126793880176302,0.4997595268589757
5192,2.096647292986216,0.9493220253611648,1.3929565112906466
5193,3.2290588152308786,3.1486278052466448,3.439482667480112
5194,3.393716466011144,3.270582155069629,3.74741216780069
5195,0.4141340567148677,1.0582945556829266,-0.8432746758109013
5196,0.0015392675187229,0.0015669317299963,0.6983183690320648
5197,-1.6071231379801505,0.1457641978175549,-3.789348765788885
5198,0.4497575500634951,1.4335632435804302,2.631296388657556
5199,-1.956080178702656,-1.9560689433562424,-2.0494436850259765
5200,0.6557645737992872,1.819434288878122,1.098247015862039
5201,1.177608727383323,0.1569121771039312,1.8453332091448809
5202,0.7765538606415908,0.7763848365840014,0.1724534523073477
5203,-0.6272358125753337,-1.0874352849106008,0.0631710278958077
5204,-1.7177924124985122,-2.736091720508807,-3.7480658300377
5205,-0.2671560087344658,0.2184780614482805,0.8773907296337817
5206,-0.4814338434452292,-0.7748478433910093,-0.6328696016141562
5207,2.859087668925629,1.7697845300257669,2.1892974487289374
5208,0.4945975134030292,-1.2401928291490365,-2.144604206586897
5209,-1.901428086174098,-0.8578790753695377,-1.8151477441849693
5210,-1.2337717179769938,-2.4566698972232177,-1.901476520516448
5211,1.4110856411651669,-0.0517421684588083,1.327483329745459
5212,2.165360337511843,0.2042606767059138,-0.1493999030729433
5213,0.1704624219250049,0.5236213526673961,0.7846481987497514
5214,1.565358447002707,2.754816203290186,1.8837681558801609
5215,0.5326003922426429,-0.5085220679745368,-1.2692159738031796
5216,-0.3636850147569355,-1.2096672762158742,-0.3811631941713105
5217,-0.7078137281592822,-0.3600724935867225,-0.9814239716021652
5218,0.6830103418449572,1.0581164569224646,0.4107624033352626
5219,-1.2380479964381943,-1.332725936850457,1.6829836810424712
5220,-1.7166983783323466,-1.7171132097086628,-1.7987007874738474
5221,-0.7784484119806837,-1.2170350273138588,-1.192044375035893
5222,-1.210134121564666,-1.554637739740098,-1.4333609858153276
5223,-0.775947806917686,-1.0488176142109786,-0.8013287885092801
5224,-0.0765617274095924,-0.7358162065640423,-0.5872208836767522
5225,0.8773925657310311,0.450187700265864,-0.9783632438116794
5226,1.500833819228614,2.093222759129342,2.5810107786868834
5227,-0.3061147535513269,-0.9266619951548712,-1.4858555551415122
5228,-0.5817895201063271,-1.5625689611496878,-1.3388672877123078
5229,0.758067493052077,0.1642481091207621,-0.3081575501954542
5230,3.229033465243049,2.893268375037696,3.43948716887982
5231,-0.2751912441291888,-0.4977344635740882,-0.3141877582345649
5232,2.0961652535788216,1.0243774500713512,-0.5704424666621384
5233,-0.1225811256352915,-0.1850165913256052,-0.0561506885193648
5234,1.3909637216891482,0.4949734903675004,0.4950500462412841
5235,1.2512167388464388,0.5821842930635859,1.3911758644719223
5236,0.958372682536438,-0.1799108480910526,-0.4667392499065595
5237,-0.368971187080891,2.132272733717642,2.648710212032045
5238,2.522980628976321,0.5212690661406112,2.572045885794552
5239,-0.6115619534497182,-0.9577076667592656,-0.5224634340112532
5240,-0.3008798085709119,-0.3820409570303262,-0.1668753071645729
5241,0.8774206402502632,0.291493222714731,0.7906535548032251
5242,2.352122184835046,2.0063490615839545,1.3652483431999682
5243,1.9089267259545617,1.40755853262144,1.9931773336394836
5244,0.9732005119673828,0.6116317553131649,-1.0884722488594665
5245,-2.3001668294153363,1.324960030926586,0.3416548519516135
5246,-0.964997233657095,-1.7991080093807814,1.6249130531077378
5247,0.1262031707326222,-0.5046706690226586,-0.2866752359293336
5248,2.126290827489024,1.6364424151423012,1.6007134913381915
5249,2.9972864825765715,2.860265533872591,3.4395096758783605
5250,-0.7630473177428435,1.131138836434063,1.7277498523452095
5251,2.6216439317028173,2.5150343223535403,2.755878418180942
5252,-1.0380978318664125,-1.9692975968465876,-1.7179698514891044
5253,-0.2552603788729753,0.0862332755214195,0.2056463477488088
5254,-0.3548526628356972,-0.4540756839499965,-0.5422129717766012
5255,-1.135398099193245,1.4575683695359292,-2.962523242062834
5256,1.5765836989320243,2.7040722054662845,1.252350088604412
5257,-1.8254929309095849,-1.5535033030215335,-2.234946228671741
5258,-0.3471677255728739,-2.056486089961985,-1.3537535525380393
5259,2.7127028338924903,1.4128268377637268,3.032859338966502
5260,-2.212071762862601,-1.3508587132640892,-1.4993375203060295
5261,0.0854193715687855,-0.7124509379301303,0.0024780724966589
5262,-0.5076552051126343,-0.6407564152029191,-2.256939445773972
5263,-0.1080320778413187,-0.419982854916053,-1.4588837618008086
5264,1.19705949740373,-0.2306025272816175,1.3206403390619603
5265,0.0661903175830601,-0.4011124328402096,-1.0217684019123656
5266,-1.7518500425760748,-1.9806157541683824,-2.3231876583035134
5267,2.425373294802309,2.744205263652932,2.860221697653585
5268,-0.828542902804526,-0.4674270879179552,-1.7175609001573109
5269,0.0705438177202832,-0.0670032784021769,0.790716204470966
5270,1.6256071289513796,1.8695405453792733,2.5170399798830814
5271,-1.483983145459625,-0.849572087475894,-0.8247328354656229
5272,2.6043355345095054,1.776214453709438,1.2442005960536142
5273,-0.745318654999737,1.6394457560876994,-0.7728627435581895
5274,-1.1803386487230043,-1.2734878192070442,-1.1188101878001149
5275,-1.04339657685933,-1.938710892530598,-1.6720592206886855
5276,0.5244933610498855,-0.7198731270775162,-1.3309579499307629
5277,-0.2247722510225312,-1.8641439317699369,-0.7076288569717072
5278,-0.7723734852064978,-0.2977519343527403,-1.1529191105823735
5279,1.9676417006385252,1.9419921668882936,2.9304537335893213
5280,-1.341769067472359,-2.456676893441032,-2.501476941006672
5281,0.5330287951911777,0.4501368522178456,0.6178102895353978
5282,2.549188780418521,2.442021415563174,1.1758531449836336
5283,2.0947649543950826,2.632015020700266,2.756093741742984
5284,-0.449625043446505,0.2180748308007449,0.4500905944129506
5285,-1.0623361248057914,-2.0129087341204146,-1.562983292078831
5286,3.3088509548046177,3.036691030644561,3.61111873068116
5287,1.1636391479236932,0.434373925215764,-0.2969717394628324
5288,-0.6249178753520401,-0.5332670138739876,-0.4794047945245883
5289,-3.194720435508695,0.3227791824282255,-1.2996435381217089
5290,-0.4458181837113228,-0.5748577207734643,0.0818046101688272
5291,2.4783154609805247,1.7627936398913724,2.414485947130241
5292,-2.14462818794495,-1.633632488197199,-0.4617307371392422
5293,-2.287866854388116,-2.733450224114111,-3.1220626945555905
5294,1.0620230486966125,0.6984136341979673,2.017281964895254
5295,-0.3345587308128636,-1.0477910619183068,-0.504675499044502
5296,-0.822055714861278,-0.6874366496696878,-0.9958676979904496
5297,-1.8255962417259732,-3.2380319894696834,-2.96216925539972
5298,1.7154816362931622,0.5909448266958054,0.8708558270538354
5299,-0.200992616212669,-1.390181292579547,-1.8481232961870304
5300,-0.6570745545562685,1.334286147177454,1.332881147490095
5301,-1.9561062298904948,-1.8189648753248,-2.3772066430875456
5302,0.4499074585195634,1.8388029368805143,2.2844332159297838
5303,2.274406514474633,2.114183371884564,1.7255711140944217
5304,2.346438929762109,2.9193055190349755,0.8817283656975657
5305,0.7911728502398224,0.0675892456547069,-0.8563241063910029
5306,1.411508721738289,1.2403030314990915,1.9800121882026305
5307,1.6249334603210808,0.9313304414358295,0.4091021848726494
5308,0.9470824194352258,2.577235684806401,1.3592481508439276
5309,0.9647754212919716,0.6828786043216206,1.4121382715335031
5310,2.0989618483398207,2.829736639891087,-1.5854217473944945
5311,1.865148975319332,0.9849873445341316,1.0956333454903031
5312,1.985578892583484,0.96360591978503,1.5629412894116137
5313,0.1703479754619285,0.256958586721223,0.2570750737478287
5314,2.000764737286526,1.8726264756933777,2.1307338664837587
5315,-2.7077119313305484,-2.59900170688542,-2.858905418557577
5316,0.6116095775161116,2.0117293000234246,0.5234383432697409
5317,-1.5471048859606684,-1.583904762756246,-0.7106839210754459
5318,-0.3574454098386161,-1.1576786334255935,-0.3134680673417616
5319,-0.7160657670710706,-1.3227599938604266,-1.384826007369604
5320,-1.3393115160243652,-2.002634515628062,-0.8843171493301988
5321,1.0158138834808736,2.326921768580456,2.826188278340603
5322,-1.6464541179296266,-1.5653499117732586,-1.4129652120340035
5323,-0.5383868412536644,-1.6476723388401016,-0.7099808496446083
5324,0.8706295150760697,-0.3996626410241078,-0.3958106148526357
5325,0.3454682630043532,-2.0211391303878643,-2.1475139116301745
5326,-0.4675397517302511,0.4996414939889571,0.5008734003371035
5327,2.7163801960103555,2.49838551155382,2.64322890858192
5328,2.3776376414539557,1.3297977512303285,1.613614824714695
5329,1.390054966572938,0.7581260052598259,0.6701080799817778
5330,0.8452739145385182,1.322300366489532,-1.256463488817878
5331,-0.2862644753679902,-1.8481108931679755,-0.4862478327435378
5332,0.0811736726350494,-0.0412746756468249,-0.8889923947782262
5333,-0.1447571166204369,-0.4917162106222527,0.2184279241475845
5334,-0.4747220644584946,-2.2038243003433458,-2.4902422039592764
5335,-1.4678810787869243,-2.3004602085199037,-2.514602387335268
5336,-1.4099467808097763,-2.237644873894398,-1.7743207942204475
5337,0.0121413015154059,-0.3499292711886397,-0.3126395564852706
5338,-0.737119682330484,-0.3670887687640586,0.1597182842335786
5339,1.5944756081508962,0.7037562841383135,-0.4241737741232771
5340,-0.0417174416141652,-1.4895793904394343,-0.8588932525695601
5341,-1.4893970837512565,-2.919099793864637,-2.246541635910067
5342,0.1697033852081908,-1.4824564964661315,-0.4543901986042474
5343,-0.4984693640216016,-1.644745025613046,-1.5626322988717791
5344,-0.0333909652575942,0.3285597938226846,0.5910948988229053
5345,1.89877366226017,1.7881198892426111,1.629516879377542
5346,-1.1434828452019106,-2.545678811949202,0.0846680943791762
5347,-2.331004923188053,-1.444061366878778,-1.5221541854454264
5348,-0.4011219877602378,-0.9116611475634728,-0.3945513064521209
5349,1.9413580256377785,0.0105359917132552,1.7861991002165003
5350,-0.1164809253281206,-0.3471709250088641,-1.2934774467273882
5351,0.7038922145637092,0.2184174110101083,0.3696622497311755
5352,-0.455879756146497,-1.2714276325603708,-0.4682382316665814
5353,2.7684763078459644,1.763294089019195,-0.7400245535621326
5354,2.0316116274931035,-0.044544261401905,2.344573574440345
5355,-1.526613708874686,-1.7300108761795838,-0.1042222787792912
5356,1.291414921783287,0.3452805894614885,0.6118349723333574
5357,-0.4946518269124077,-0.9374445220843096,-0.2346395198658266
5358,-1.4886384794425556,0.145388834387949,-0.0993552291883292
5359,-0.807712026440631,-1.8189341324538428,-1.95607363503936
5360,2.0168522631477352,1.8774013578409847,2.001365378825252
5361,-1.154590623621804,2.215020499914485,-0.3780963248249774
5362,-2.683994814443845,-0.7529364408412056,-1.1179439549381374
5363,-0.5987675508170615,-0.8129997056772301,-1.0468352193503765
5364,0.4090014746983269,1.097791273609406,1.3924281986602345
5365,-0.9394002435792678,-0.246125234766639,-1.0760493134182365
5366,2.327285593487747,2.1586416010870804,0.0328374056537558
5367,1.0632685529983303,0.0022595926127272,-0.6254591993555231
5368,-0.1164559340858449,0.9729273473986793,0.6117125538267195
5369,-0.2767828302160295,-1.2124868022388824,-0.8620307285301152
5370,-1.9012802507310531,-1.6465423690554826,-1.4125799869853002
5371,3.4362199426749798,3.3097907220176204,4.062747001290725
5372,0.8706739626003445,0.7765379953447316,1.4114003191651965
5373,1.284508440231921,0.2447754389063143,0.0948401422751499
5374,-0.9818383226022084,-1.5031374143738478,-1.4993832438947758
5375,1.0633847716720704,0.2813789819502458,-0.0529465135350154
5376,1.520454062164685,0.9312825940147146,2.029498509490875
5377,0.2574275082202164,-1.3068570077507156,1.32848274942073
5378,-1.716646007364321,-1.6461191178416028,-3.1174633693913347
5379,-0.1088648690149736,-0.1208551299068667,0.3591061979113025
5380,0.9317550728863498,-0.1415908483967244,-0.483201777360819
5381,-1.2859259270169157,-1.8935482801372792,-0.9881747582331214
5382,0.1597078212131782,9.113027386566108e-05,0.5819625231490934
5383,0.5014075114204721,-0.0021453742815209,0.1709168026208923
5384,0.5233437777256197,-1.1607777288457464,-1.980235976144705
5385,-1.7743333876856586,-2.5999645474261577,-1.6446311905647644
5386,-0.1081408952975463,-1.4878560650985564,-0.8155012401071166
5387,1.9619194172598515,2.21993573941756,-0.7387755336010234
5388,-1.3025033780086013,-1.862511435211438,-0.7864493507322288
5389,1.7180511970576255,-1.7294784277716917,-0.7044201161151037
5390,-0.153944852088361,0.0848483927424283,0.6990088957303212
5391,0.9461634662253372,1.8678842632774035,2.570976635142603
5392,-3.2692367409080587,0.8452826193103115,-0.7371374377590423
5393,0.6830275035279412,0.6830265775378521,-1.2336960496347011
5394,0.1702606393428818,-0.3576513066575986,-0.686646117295332
5395,2.8136653852826563,2.649495244274776,3.33602676560924
5396,2.16242277684188,-1.0298014490233984,-0.116388288767985
5397,0.7911203759284365,0.8819807194314128,1.745413193881954
5398,0.165195833943808,-0.5255577557190634,-0.5702817778900254
5399,-0.0024525994605849,-0.2459168982658981,-0.1686727942652781
5400,1.4549577450629088,0.9314043455248284,0.0151764133202084
5401,2.0692526693058757,0.6985202099160029,0.9457153584743412
5402,-1.5226696532616686,-2.980375597991205,-2.9133645349490216
5403,2.7968877213088126,2.710789449092088,2.7368298094876407
5404,0.5822149038836003,0.6699516246794818,0.7582585944990599
5405,-1.1173566237631918,1.0155634627612071,1.0973415078509263
5406,0.1641422282630081,0.8704046846824464,0.4134042221930085
5407,-2.143482052926202,0.8702269563180198,-1.909842530387708
5408,2.354537909527934,2.4442492445224597,2.003353894470847
5409,0.1703044823078505,0.3452765083344303,0.8672026361276631
5410,0.5226899441903387,-0.315976742332505,0.06084895017213
5411,-1.4863503468961987,1.6562628866651858,1.7803901681947645
5412,-1.3741081246602942,-2.9814109783761173,-2.6839323409791707
5413,-0.6586470650603283,0.7027283065944491,1.3646083152362094
5414,-0.1991493357761212,-1.2115415531274438,-1.5667066099537008
5415,-0.8158851269623225,-1.1829464451023757,-1.7177617440310025
5416,-1.413982409910146,0.4488974569600596,0.2910973660706645
5417,1.381843718914653,2.442678127208662,2.726674197694833
5418,1.77607904504784,-0.3637178664104196,-0.1452629454166509
5419,-0.0941240992815033,-1.4159173010373045,-0.3926220420745976
5420,-0.2407683199373804,-0.8578202209572423,-1.2980690697295538
5421,-2.412165789671116,-2.9611834883097066,-2.0632378216518314
5422,0.0855000321300011,-0.2250904696240178,0.1704161885856164
5423,-0.1523293670932589,-1.1042180302653797,-0.8538993619620995
5424,2.3654129228468563,2.1325609650099286,2.2199501912797803
5425,0.3593834769430578,-1.2167151725340015,-1.0824249422516303
5426,-0.7465493375199881,-0.5928210062260875,-2.1479796265293367
5427,-0.5011981218367935,-0.6885449494718103,-2.913290994824719
5428,-0.0410649459577938,-0.6794006499566113,-0.4973962663065458
5429,0.0960968342913467,-1.9098648776151903,-1.3049393812452603
5430,1.36274224814143,-0.4848041929125865,-0.5029983767011565
5431,-1.584902445175063,-1.0339182846143609,-1.0101439121437663
5432,0.9648375243606112,1.3280172574870877,1.6079969045770532
5433,-0.7776439401422489,-0.155409510287753,-3.7447596502870897
5434,2.7215851777574245,1.5324269768743797,1.328505439462039
5435,1.9611601712482376,0.6115793771758805,-0.683155325266055
5436,-1.981076688318705,-2.148255977132995,-2.8849659918205903
5437,0.8707305097284496,0.5907308612525604,0.5911004547634398
5438,-0.9968285777037184,-0.611274097616567,0.0806581735250573
5439,0.0086601212913339,1.1313669863245317,1.5646789481568253
5440,-2.449503115106376,-2.4484054843249234,-2.6369409251198856
5441,1.5703784072408868,1.5150029150073117,-0.3568687902039089
5442,1.6947156294866392,0.8702806020105126,2.5884369393864377
5443,-1.2711807278365068,0.7417801567334884,-0.5358934231923266
5444,-0.1857217567807646,-2.387279672266765,-1.8482584175388488
5445,1.412021720247627,1.996219854464084,2.83036950569719
5446,1.0633370677526286,0.2024267591528739,0.7897479341660965
5447,0.6829980570431091,2.263542822086115,3.2357822886668024
5448,-0.9680973279458216,-1.5659687357752343,-0.796337774657718
5449,1.44767478589661,1.995916731213428,0.4389215038711748
5450,1.063132358308324,2.443845324350685,0.7007088666775081
5451,1.3642364759287433,1.973896575762108,2.4300994581468203
5452,1.1527860907989198,1.561063186096169,0.611806172768624
5453,2.91769002580308,-0.7475245847221461,0.6097625964896374
5454,1.7599363537212582,2.8882667733772656,-1.0126060560980106
5455,-0.9736777756343612,-0.7368010417811303,-0.6486004303066305
5456,-0.8962928951284898,-1.0840966215551129,-0.7931766074837651
5457,-0.0775808431378534,-0.8797590737558312,-0.4277218095715737
5458,-1.300884803017298,-3.249903171856731,-2.063089968248692
5459,-1.706196573040739,1.2831653315477336,0.2545587674073398
5460,-1.5624773498635436,-1.7743553645171055,0.2490270298012149
5461,2.232654739514828,0.9314751366490804,2.3081353722158897
5462,3.146914613893735,2.8075810257775133,3.0596407611856598
5463,-1.0094558344754956,-2.120830622822681,0.4392045073732632
5464,-0.4223410233092321,0.9634721216016012,-0.8706558838383595
5465,-0.0408835869327124,-0.4319675331152383,-0.7052678249212897
5466,-0.5849058935038656,-1.5569609504689166,-1.3877841248650564
5467,0.2417283028444616,1.4576253252613045,0.4948882873694188
5468,2.04751554649335,0.5329695662476501,2.141218815059013
5469,-0.7387724584014108,-0.6231990503896416,1.8056675978779613
5470,3.393040978511848,2.408045679486003,3.520850750597852
5471,0.2428690026580881,-1.091680890528031,-0.6417733192099965
5472,-0.2964932298135934,-0.7497584750572259,0.0809371714635439
5473,1.0486858687756857,1.7521737364140086,2.2337348986806105
5474,0.4086482108470115,1.9971806318450485,2.284308509450603
5475,2.2599207253614675,2.296004419253101,2.180041018383588
5476,-0.2635658032788699,-1.1482679079785714,-1.3357443552706236
5477,-1.0861251113762096,0.4344289621292353,-1.44779115147153
5478,-3.381030950274713,-3.268566515705014,-3.774118578722383
5479,-0.1012751301928132,-0.0602441795144781,0.2398009164859631
5480,-0.358439722103438,-1.824824209090182,-2.76167700904884
5481,0.9317730589048896,0.8457794254249713,0.3248719306270469
5482,-1.2170505310876774,0.1336627518755321,0.7006388611757273
5483,-1.588528942187335,-0.4111426627145986,-1.7590570970942594
5484,-0.5326315648110914,0.1409067137009726,1.6762527735636243
5485,2.5408571087118093,2.3983413724588907,2.5376857541595697
5486,1.2515818780817898,-0.3400294956412397,0.2430158308286658
5487,1.64846538770648,2.358508908590232,2.011517457666012
5488,0.7906608991922225,1.2891481535664695,-0.7720880236828902
5489,0.8706902600259119,1.533111468748211,-1.7302978672678355
5490,1.321879655068693,2.48798933168196,1.251432340478932
5491,0.7039257973746893,1.288915146902632,-0.7380999682711481
5492,-0.9930845345639392,-0.9902713367923676,-1.3588442875546776
5493,-0.1458918470188028,-0.8300519077351896,-1.0706998171290558
5494,0.2573389477630523,-1.4458556478132456,0.907434153460664
5495,-0.5748495348291289,1.5474078403710698,-0.6863293565795987
5496,2.1710034726622083,1.325711606177391,0.7909508481247203
5497,0.6117340518913883,0.434650858837574,-0.9045956469960588
5498,-2.144804819870608,-3.819550568953224,-3.899935158786089
5499,0.3698645461877939,-0.6840653438620115,-1.0223401420914575
5500,-0.0427596933334197,0.4499498368286573,0.6177418801056236
5501,-1.803890910222826,1.487702548401216,2.0247409897175337
5502,0.7909893094097702,-0.7810450555756985,-1.938600696476688
5503,-1.4503415183891832,-2.705753111710205,-2.528866582612469
5504,0.7006117295715448,-1.282890526622835,-1.5882920922273065
5505,-1.3318832457638825,-1.799178800505033,0.9316956959661712
5506,0.1640106590875428,-0.5617643604566297,-1.2044901211680543
5507,0.2820107309184032,-0.8831183842331632,-1.2079995471921896
5508,0.4948774496402988,-0.693644766088096,0.4089132740304887
5509,-0.9596564011124356,-1.0618051615925177,-0.1203704879002879
5510,-2.049459241659473,-2.237650059438897,-2.468146524684439
5511,0.4943594292473614,-0.628358401164272,-0.297562978210721
5512,2.089201268642636,1.4072801802514971,2.237430464926097
5513,-0.6142586835197453,-1.909906732367216,-1.7303305855843154
5514,1.836385425020023,2.032685770863925,3.099772699018439
5515,0.3455495940364426,-0.691524375920785,1.3433801458232877
5516,-0.5884956237133976,-1.1480351092281316,-0.6091079389392573
5517,1.4604433109658568,1.0312964762822836,-1.1056625743385555
5518,-1.1831500985157712,-2.0298790455737725,-2.386986293162198
5519,-1.9017577684725768,0.2568434406363652,-1.9809150756871985
5520,-0.7378563596264192,-1.9010274616000773,-0.8040298375536423
5521,-1.0362161829049532,-1.8484907356265303,-0.7314958889000097
5522,-0.933684638027356,-1.126518882660684,-1.2932019647265058
5523,2.475444400588921,1.240312645891707,1.152366654087228
5524,-1.9016302041010984,-0.8281237796875829,-2.063237588444571
5525,-0.4096883357183383,-0.8481585944712834,-0.801469680319601
5526,1.6015102453180183,1.575798424750788,-1.0195087628783228
5527,0.0327626926947943,0.4137859153077182,-0.6878621169366229
5528,1.32392960000224,0.6700335994178256,0.4944484369801341
5529,-2.2327354668407424,-1.7180081294259963,-1.5634571544903535
5530,-1.9013232509440543,-2.2054760771204425,-1.5661197695812297
5531,-2.890438433394817,-0.0024148781862036,-0.3698899945362416
5532,2.9725479994166704,2.6724679471961967,3.3399781505172683
5533,1.773267887735575,1.5624101242460586,2.3690448416639667
5534,-2.3634968192930743,-3.355740035894093,-2.8684660498801677
5535,2.188816399298852,2.2153742753286205,2.802561006288601
5536,-1.519957138224473,0.0823133423683791,1.8084056843231584
5537,0.9306643822749128,-0.8644595406406373,-1.090384283063314
5538,-1.411382485363638,-0.0011671992539594,0.7578616914937879
5539,0.9635562267014104,-0.3420654004583429,0.3690983605743214
5540,0.8774606790160878,0.2167945083429814,0.2150220822079192
5541,1.0978014733909085,-1.772513838304684,-2.592180572894504
5542,0.0134410219448701,-2.448260082280397,-0.6058116010325456
5543,1.8934344113535784,1.6758769066879986,1.908438642701641
5544,0.2926243178492768,-0.4222398898881588,-0.3702611021088637
5545,-1.04397427132377,-1.0967105964872634,-0.7646131423744804
5546,-2.7003962091417986,-1.6473579516078571,-2.636963195202652
5547,-3.040813506641304,-2.8450413752423698,-2.6334379689663194
5548,-0.4128667658326933,-0.0625832349438541,0.964624670105473
5549,-0.6336516915907567,-0.1783795272796814,-0.5370196508745193
5550,-0.7944550741099177,-2.144302364301406,-1.5630584644127268
5551,-0.7793434749819617,0.4083740393592739,0.5822345040320088
5552,2.9761854470310096,2.9006075053578497,3.095176564479071
5553,0.8774558222427186,-0.1620979001761901,0.5330036228901786
5554,-0.4516131981782745,-0.1815242772354269,-1.1216122771626376
5555,-0.9487983466736318,-0.5987778566532352,-0.9126337460451388
5556,0.973471828009208,0.5229156433591975,0.9735443379667594
5557,0.0029782437685554,-1.1312989901803858,-0.4229845247350758
5558,1.571195387544549,1.322733299179378,2.8951231532431727
5559,-2.320846204586254,-2.872675239398386,-2.319804629640829
5560,0.1647094332020532,0.0871896932965648,0.8455911487052592
5561,1.82407194812991,1.063769623042167,2.0051720071439245
5562,-0.7726097793426403,-0.540534439262582,-0.7673910843987275
5563,2.869568215232652,2.8863162278506813,3.6688035451289225
5564,-0.042355969171145,-1.022708343585432,0.3289894223576712
5565,1.6227543487802427,-0.2121974720352428,-0.2079743891327842
5566,-1.530254072716852,-2.120740462414936,-1.893420195113578
5567,-0.6729116138066036,2.1747254632386173,2.3718978832484487
5568,3.1183782682182786,3.1885423855312367,3.0433545526317864
5569,0.3243621826496878,0.6695871772140746,-0.059466399507633
5570,-1.6359317009005057,2.6192452996441298,0.5809149528641548
5571,1.433672698668069,0.3674135932756799,2.0036145797191742
5572,2.478222974762963,-0.2263044737322782,-0.918568545415544
5573,-0.5383378673059913,-0.6364684940731276,-0.4652079234879853
5574,0.4950053117849166,0.1619021731224994,1.016172566196749
5575,-0.817439072846144,-1.1591354930457969,0.0823861581016062
5576,1.5702316951809496,-0.8934843277465272,1.4117112049044296
5577,-0.4383414188634273,-0.3488776079315334,-1.4227850446427637
5578,0.8453564657518151,-0.3866112083488595,0.408855165355207
5579,-0.0048345112328177,0.3692923075928381,-0.61156744765758
5580,-1.0462313210421694,-1.339401205762355,1.28913002950975
5581,0.2071661435494148,-1.8933823897574205,-0.786590934360302
5582,-0.5251978969071317,1.6564748854420657,0.084238818114463
5583,2.5793023675487,1.7806542535342964,2.119295915708699
5584,0.6177579903782631,1.4333561791938578,1.2888235789559386
5585,0.5009292066731373,1.0580280557352957,0.3295393061388901
5586,-2.1435341553018805,-0.8732552717263126,-3.0443871939369127
5587,1.616456009238615,0.1711108284108863,0.0305035238081834
5588,-0.7723604175941735,-0.6890463795547922,0.6178199438531929
5589,-2.032137598655781,-2.6010614526255345,-3.377433496721697
5590,0.2793587805917856,-1.6722140199072744,-0.120940132328322
5591,-1.2842331049978428,0.2562131397131255,-1.1718206756472287
5592,-0.4143333293732495,-0.9417487993570944,-1.277896567766579
5593,-1.17912066309253,-0.4857568164849606,1.0588071220635564
5594,0.017829176352005,-0.8009353621701014,-0.5083315876921523
5595,-0.0602777048201176,-1.5227706479140486,-1.644666625118839
5596,-2.811152679443945,-3.005506136932673,-2.3202014749986053
5597,1.4541927628000244,-0.6936441896131428,-0.1850454150732647
5598,1.0968677607343942,-1.4122779815559243,0.087859528368425
5599,1.131129596718873,2.118609231988351,-0.7473993270075797
5600,-1.9886178293621488,-0.6686414754490559,-2.1623666459475688
5601,1.0175506872198472,0.0806036975463399,-1.0863861986729535
5602,2.64874729198646,2.441930931146111,1.1662700756327036
5603,2.679894881571822,1.6794221006411034,2.295987292430492
5604,-0.5178370104184895,-0.8068125065518745,0.4383297665654492
5605,-1.3391059462245944,-0.1819189421514083,-2.9813285035255186
5606,-0.6936401542884705,-0.845883154101518,-0.3914560191504665
5607,1.5324512995473851,-0.6915023691747275,0.9646881312929098
5608,-0.4377844696536636,0.9476993692428034,1.2759027910421263
5609,-0.1526155124018576,1.0236286215579766,1.915194787002021
5610,1.1754374921196244,0.1641380888759457,0.7582859194118411
5611,-0.8044527062806217,2.0672059667690736,2.5550956280330075
5612,0.6178898932354989,-1.307518028545695,-0.1548599455902917
5613,-2.9468468549852145,-2.599873183070704,-2.3771436757614897
5614,0.2817175008885846,0.5248466980182008,0.281233007956754
5615,-1.9097799334576877,1.496800928049345,-0.3438344516241139
5616,2.961579010934224,2.827478759893475,2.859725602823394
5617,-1.0615319422460905,-1.3554897798020598,-1.422196924895518
5618,0.683102940853863,0.3301410762314326,0.2497359369470614
5619,-0.5195122945907933,-0.7165239894939849,-1.2098314950699165
5620,0.0008115442624212,0.7846782824863522,-0.0007686389836268
5621,-0.0683670307727826,-1.114989676158007,-1.4081940667692077
5622,1.175504824394157,-0.4361433486906581,0.9314996944820864
5623,-0.8726123789568632,-0.4703361512393511,-1.1314664329934043
5624,1.2508344206574826,0.4939987865166452,0.1607803816873375
5625,2.327639134012207,1.5152955336935514,1.5800755230184924
5626,2.1555581361449456,1.526775278438597,1.241527187680695
5627,0.7839436796158666,0.5230276652840504,0.9490152412100143
5628,0.582021900069272,-0.6156220517859486,0.3233074928990774
5629,0.2185266291819732,0.5330469192478972,1.2117491916592986
5630,-1.0550117799355196,0.0759152843995335,0.0818359127587855
5631,-0.1800645561827046,-0.7939423572865496,-1.2966304188363704
5632,-0.1151198679636368,-0.8158909493593498,-0.5619261193284951
5633,1.972943426793452,0.2878121864140796,0.5009284350147298
5634,0.0856934484016547,0.3455466789456867,1.1303903223837333
5635,0.6831550432295407,1.15042791503927,-0.2022273555222552
5636,1.556694243958527,1.6641732903174944,1.0219200285641317
5637,-0.2850666339558977,1.1313753968345124,2.4182306886112195
5638,2.034680096960136,2.7882306309327194,0.404550165699768
5639,-2.255690080123792,0.3574822968636049,0.6113082631094504
5640,1.01550973529557,-0.2442847595043497,0.1640257050838211
5641,1.7738214742085276,1.3239422678052954,1.324306606490032
5642,1.593473691342184,1.9159738673551043,2.4504690025732705
5643,2.0907649241410424,2.119953983728327,1.500676628700761
5644,0.0837401043879444,1.0240572565027235,-0.000786012924532
5645,1.2842647196404806,0.2462325460441196,0.327214083292593
5646,-0.0964359818820063,-1.409460203884313,-1.1679811257865085
5647,2.304527884219891,2.3646229124849185,1.8775085423735816
5648,-1.0031551368648846,-1.523017578604464,-2.096428669075467
5649,-0.5152053640725843,-1.5457437738791957,-2.5946631597756182
5650,1.5227238746453788,-0.2006758993065878,-0.7065026940340474
5651,1.535466199812013,1.4934958842234791,1.574834606715639
5652,-0.7124529201918441,-1.532161923597625,-1.6160740936460023
5653,-1.2257344914380364,-0.6475004825749575,0.0851122505077507
5654,1.4521789472417852,-0.4096850638866902,-0.5439477621961948
5655,0.5823125587406709,0.670195012404719,0.6701882676477667
5656,1.0635216385524031,0.2571249217997544,0.8676024699757418
5657,-1.011814255385683,0.4985320035305841,0.4130784280133417
5658,0.5819182498726883,-0.541319589770471,0.4089651567762759
5659,-0.5565299576272149,-1.282927616420201,-1.8481164983785097
5660,0.5248843841145598,-0.8822368754317784,-0.8097084326114872
5661,2.467963233422464,1.7961188824546093,2.3155706775697213
5662,-0.7863570881098048,-0.9752390818471974,-1.4397015414166603
5663,0.2922682926697326,2.0880217471403,0.016166412605884
5664,-0.1039582227508899,2.1458198580301007,0.4397801147912276
5665,1.349628701160364,1.061027253694399,-1.415726085985724
5666,0.3450633568983593,-0.4931446958407023,3.362314330301874e-05
5667,0.3456269022432889,0.2573126536444341,0.5234077931186192
5668,-0.9653644452625164,-1.153003219081415,-0.5353880798428641
5669,-0.1803701619947863,2.09820210614032,-1.6868902915957389
5670,0.1630065838378225,0.6697763186462165,-1.137045895199446
5671,1.9560027953486403,1.6351895262133005,-0.1556368912212022
5672,2.049714361792867,1.5934815095627295,1.6847540222860222
5673,-0.4617902175346177,-1.273200638814091,-0.2493435523673653
5674,-1.5068378883000622,-1.6725484243825612,-0.6689995803383251
5675,-0.2262970256878829,0.1698563745568543,0.0018902152948251
5676,-0.5882785195209352,-0.9394458003459124,0.0188742710605488
5677,0.6986267856340383,0.9506243713072688,0.5229951328712147
5678,-0.1168849477990644,-0.4785006817650424,-0.1226061734720076
5679,-0.1781814719243588,-0.4516105463934897,-1.235469539267562
5680,-0.8583068005428018,-1.0989617444457211,-0.6793694583465795
5681,-0.5880119568453558,-2.056840045583244,-1.9694085106275807
5682,-1.5276503338443053,0.5330155871367711,1.0482919963012274
5683,-0.764666941501179,-1.7989907543753023,-1.0476794220633985
5684,2.7650680375196144,3.071367439067328,3.396624367027796
5685,0.0894356973616919,-0.6474963896027899,-0.5732175342366455
5686,1.326180297185907,0.8822260368371421,1.1527352861247144
5687,0.2047738814342585,-0.2973671452087697,0.4388666145488671
5688,0.7847614208747103,-0.5926877574276355,1.2040349597716964
5689,2.622349040792109,2.308118308557275,2.5084846303977657
5690,-0.5370177319035269,-1.4904583617577696,0.6688074948398838
5691,-0.5539180826830995,-1.100946604328735,-2.8032183842516147
5692,1.1524035053649968,1.983711921943845,1.798626558239865
5693,0.5250658975280358,0.2812172656633381,0.3557283728204788
5694,-0.3234430429930402,-1.5632124985202194,-1.040175735835189
5695,2.7001163216650648,1.992190962533852,2.618205303118794
5696,-1.6447252711578126,-2.947374545870632,-3.184195893820476
5697,2.650382074882366,3.0130599429790577,2.846333775871864
5698,-0.3932830988671099,-3.871076822629352,-3.751614379259562
5699,-1.317696618105343,-0.170690102689911,-0.0211743615140547
5700,0.0027254762491118,1.2993450180719943,0.523501134324623
5701,0.0856919325544617,-0.154913799104713,-0.7748536444216136
5702,-1.467130457614508,-2.3003304538590217,-1.848092288639393
5703,-2.6839143150387703,-3.1301435064806045,-1.0964102406151128
5704,-1.2150990830031123,-0.2605041799797304,-1.4222317671555007
5705,0.172722761091582,-1.2404209600574756,-1.445888407057162
5706,1.411964679258141,0.2489399250001709,-0.0414908783636107
5707,-0.4400455134259851,-1.5052398069987625,-1.7150808811774576
5708,1.211509314438012,-0.7402391992534765,0.1449954357450389
5709,-0.2689864566612062,1.7481400720807838,-0.2611060958053053
5710,-0.5748606031482302,-2.6894203082984705,-2.4908834873694268
5711,0.5911056403079384,0.0292782845886782,1.5753164919579845
5712,-2.163933606877534,-1.8152325600321009,-0.3488490098184414
5713,1.0971113790496123,0.0171912797528536,0.4087011312477144
5714,2.8458643809759643,2.4810975535623694,3.1501311895967143
5715,-0.7358880483929139,-2.7078845962571307,0.6113147627684743
5716,-1.1810403022798197,-2.8026842731682464,-0.2388368366882056
5717,0.0871614748476061,-2.6137072408962827,0.4088349887318454
5718,0.6051830202232263,0.700169037199125,0.3520449444957313
5719,0.7766341131159759,1.7941509145565857,0.8709176831917844
5720,3.0337629828216803,-0.2540975666391705,1.7998524436642591
5721,1.1954928895054353,-0.9475242450865324,-1.305679679455126
5722,1.0972373964743802,-0.85862555646685,0.5821605999430097
5723,0.882036413757361,1.409093406229479,0.6118905490761366
5724,0.5235304276210035,-0.2694209966017882,2.5231244680709817
5725,-0.9503555348279148,0.1465282511890605,-0.4670493101981604
5726,2.4861694156285354,1.692789220420925,2.1906295857490186
5727,-1.3448541776771634,-0.9800908336364912,-0.435246447428924
5728,2.4867916125994736,1.811311913203156,2.240694054012545
5729,0.323870535985859,0.3235373046391669,-2.5334817581504976
5730,-0.751001007851466,0.439022069696348,0.357843177014182
5731,-0.1576859921117543,1.0638223593147815,1.0949000252597507
5732,-1.5470327337825127,-2.030050541164166,-1.984311069124997
5733,0.9632150679866917,0.7902655459941761,1.36334602799175
5734,2.316626104814844,2.006201121913945,1.930675084952127
5735,-0.8693126910570139,0.8808150741598528,2.1515934634001392
5736,-1.5645374685526334,-1.6397501556954517,-1.5248928248417315
5737,0.5245565091132466,0.5238458996032619,-1.2750421585364746
5738,-1.2687917515768377,-1.1173687297372088,-1.9692175821230844
5739,-0.0963964473144099,-1.001005639717056,-0.042215172041099
5740,-1.4244077063410052,-2.7272515923966147,-3.0497178458127348
5741,1.9981694638633023,1.8254398422497875,2.07156421967167
5742,-0.8978688535338571,-2.343468392651433,-2.4716936658757747
5743,3.0242402232175505,2.83914221233558,3.245940276478423
5744,-1.7303824785712758,-1.1119377787496778,0.7036762066066642
5745,0.8819212684218084,0.2047734640249633,0.2055196129549321
5746,-2.056755188470134,-1.492488591247917,-1.8830146305876627
5747,0.3300582927174709,-0.5072137353632661,-0.6087452767968218
5748,-1.1778009387689656,-1.0741789619967228,0.130426577610501
5749,-0.5780300106361203,-0.2962935727493809,-1.7504576786274293
5750,1.329678286441538,1.236195173819775,1.3881323859005308
5751,-0.8249528172284141,-0.6410454668517516,-1.373277081555056
5752,-2.0964617577879827,-2.642214141625552,-2.190634455983795
5753,-1.507179209843668,-0.4157788873853467,0.0700239046282671
5754,0.6117821508888606,-0.080430344351741,1.2318039977087245
5755,-0.862892701837683,-1.3672924672087925,-0.7254087309390362
5756,0.1368033990418811,-0.1673788245667087,0.0656629912025974
5757,1.839806313178658,2.368063402449804,0.6698920748168172
5758,-0.3208515760453111,-2.905169641059353,-2.7822185131684947
5759,0.4951523128979802,-0.412718144849007,0.8453780259150645
5760,-0.8487745437300458,-1.6718226092482544,-1.065510921314554
5761,0.0833702296704508,-0.7817231059412385,-1.6388494712285862
5762,-2.468303325672853,-2.468173933991075,-2.2376549980527054
5763,-1.245963519779469,-1.6474402798393606,-0.6557389831620687
5764,-0.3596456170183062,2.610208278688229,2.5383986337238675
5765,1.7320853150889133,0.6112751685153377,1.6311107865858905
5766,1.5315338285671467,0.0971446846761247,0.0977536157586892
5767,-1.7723534109916623,-1.8152426289525003,-2.1619060816826985
5768,1.9598789801553271,1.7735615448375848,2.184306449980669
5769,-0.987278567072877,-0.117755396154635,-2.232578204473512
5770,0.4139592297860536,0.7763971213858496,1.412783624892904
5771,0.1000025370216479,-0.0646889055400355,-0.092566145834488
5772,2.762208454387415,2.07579693144923,2.2150209663290057
5773,2.469476640266754,1.4065888311989871,0.7907123881574106
5774,2.571860461809886,2.287805326817424,2.2871699106104595
5775,-0.4202777172136893,-0.8251699182246343,-0.3624363115297704
5776,2.5243095596328,1.592165471031803,3.008396561515505
5777,2.425074547609136,2.128333747839118,2.036682831131193
5778,2.8866052542017147,3.0868702419503835,3.601079699394282
5779,0.9467926594140896,1.167510271843892,1.134551089721438
5780,-0.4755136439308967,-0.7160610446240461,-0.7390350789276094
5781,0.1707034853707097,-1.730182303704721,-1.9561178356329445
5782,2.260294815368787,2.0520302134847945,1.6225104439907962
5783,-0.0681679328291748,-0.9029382641343948,-0.5200390768145274
5784,2.6913308732186745,2.0856930031470893,0.5056312014876555
5785,1.597807845604993,0.9730671198826436,-0.3166692541680515
5786,0.9314370893021698,1.1765032790130838,1.9513455694968016
5787,0.4346075405889414,-0.4377733048560686,0.344925764614681
5788,0.1014354758181288,-0.4306457138099332,0.5912203396136364
5789,-1.940885632445396,-1.5858028584077442,-1.180537963043658
5790,-0.4839671055086753,-0.656804096549515,1.465450165685937
5791,2.0260198290333395,1.015623416156339,1.6875569721411252
5792,0.4342422214154127,2.512006914430707,2.805813781157659
5793,-1.7521832957512888,-1.6118039521031364,-2.063102911251649
5794,-0.3508223684382507,1.0631817318649464,-0.265752326677118
5795,1.4126554678645784,-0.1728550116300098,0.0285553641261507
5796,0.612351468113487,1.5044684108049498,1.7924288881155088
5797,-0.2387891354371503,-0.1021092862189455,-0.969554774559204
5798,0.1374193431205417,0.2162126432017667,0.1367169470792483
5799,-2.1915444918398888,-2.105458013898504,-2.2791322415205597
5800,0.9635292775321054,1.562138026479493,1.4995587385323528
5801,-0.4953774684762052,-1.0301180716229117,-0.1742589223481996
5802,0.4343816210553596,-0.2996173009274376,0.698877833249936
5803,-1.5670352121323918,0.0740086881075769,0.6171723345846626
5804,-0.8871541652869048,-0.9667867098834436,-1.3013425819777378
5805,-1.0583711300777443,0.2412016065034787,-0.5507189274110059
5806,2.395259646021501,0.5822753761061901,0.931257344411765
5807,3.392784092905654,3.435358886929055,4.106438305548661
5808,2.544541524589988,1.5737799553496852,1.6262957859304614
5809,1.2408850471364008,1.2404919334772595,0.8706575417094318
5810,0.6118755819714118,0.0042077610528303,-0.3025780232190934
5811,0.0878375934964561,-0.1242486947323868,-1.1883212669759462
5812,0.581310472329539,0.8452626156294357,1.5297401513006654
5813,-1.122075247493653,-2.2112188167829827,-0.5384842804611807
5814,2.1173862667244925,1.3246384336046837,1.980270084978165
5815,0.4949704926977438,-1.2976076591770198,-1.031075617519108
5816,-3.6184124073971744,-2.5525346359185948,-1.9388353997603407
5817,-1.0235784038731108,0.2085040058555427,-2.512848387570348
5818,0.5909176643198597,0.0987749828269201,0.1635056409431171
5819,2.0454430073014334,1.2117516792749268,1.6786124546737624
5820,2.307017212096842,2.0923854987836363,1.5016871898469593
5821,1.835560104525214,1.3547126194386454,-0.6145828874915344
5822,-0.3568760826120667,-2.056497388871067,-0.6417582155662228
5823,0.7039311279796068,0.3697101955609611,-0.2444375628655996
5824,0.7836054124845525,-0.5474179429866828,-1.7493484282929956
5825,-0.3164061930575095,-0.3164069955822532,-0.0705170871605663
5826,1.996917989856375,0.3245079443416021,0.2425389707473863
5827,-0.3426266882478508,-1.1616010764205942,-1.4224817035223942
5828,-2.075319175518444,-2.299824553793341,-1.672814135213852
5829,0.494566037870585,2.658466810739389,1.9152282607294848
5830,-0.8573646027386796,-1.2710622190350933,-2.642313160832408
5831,-2.049433313936979,-0.2832342957655052,-1.002820175383336
5832,-0.5390256006870463,0.0667213324703629,0.3586027724864434
5833,0.6997682185704167,0.4341615900051045,1.3026516638182213
5834,-1.7158931596657525,0.2765551616162929,0.1941735636801506
5835,2.7484388708137635,2.178230430954018,2.387979920312606
5836,0.8706613691351333,-0.6271914314995642,-0.5201330256204574
5837,2.976849084997123,2.7956258822222337,3.308138864046783
5838,0.0855483643347339,0.4343701938995964,1.7115880576875426
5839,-1.7302592226147857,1.103933582271635,-1.818914995325336
5840,-0.800340407432367,1.0483716000013283,-1.4502022119140066
5841,0.8774591982924996,0.8774538676875822,0.877695344090344
5842,-0.2892769289997884,-1.359407503583945,-2.1447607771841835
5843,2.24418620113971,2.3424816081549524,2.1000165558677275
5844,-0.7525709834193907,0.501204781323641,-2.512815051927142
5845,-0.1642532118957239,-0.9158025408730018,-0.8412523751890714
5846,-0.5848437657976092,-1.4227882729025012,-0.7468245228724624
5847,-2.413897517246896,-0.2677596108979552,-3.1835525253154846
5848,-0.4787999423436476,-0.8543033935408666,-1.5253442259413674
5849,0.5823296223992853,1.3930942578211511,0.7580708942543009
5850,-1.2151551351084566,-0.817867830252608,-1.1390826488530368
5851,-0.7885217056542002,0.931772597724927,0.3238026560601207
5852,1.0484658924794243,0.1480733270243922,-0.0405326258278399
5853,-1.883277733756299,-1.798788642256714,1.4645177750966456
5854,-0.2930990159064142,-1.039900356603442,-1.9841259779175628
5855,0.7582689710482172,0.7581271582097323,0.4076233536752287
5856,-2.9250989492816424,-2.6127048662476744,-2.8756918175334434
5857,-1.1544668847338682,-1.9882432655232805,-2.204970261942717
5858,0.3685734440623083,1.7284200870701676,0.6176888109722228
5859,0.3699057399180173,-0.1987448909352433,0.2160660219520642
5860,-0.7753815932186618,0.4055468332463398,-2.1445721545795
5861,-0.765844463829876,0.4499986118636522,1.4996995849600614
5862,-1.5671780723441802,-0.7188896527274192,-0.2203885387803867
5863,-1.4912973634046438,0.3222008051076891,-0.1260949422412237
5864,2.579231909961627,1.9835508019559305,1.8059120200768128
5865,1.0581415203875415,-0.3678581841629518,0.0304970727438963
5866,2.117944986249125,2.0871891251364647,2.016846959578166
5867,-2.8060488007983744,-1.299279897721236,-3.123126627532028
5868,1.6742384690356218,1.811344423163044,0.6084451931243533
5869,1.7844293767402744,-0.8591714563331221,0.0302670568057743
5870,-1.3365523376592394,1.4237493145669498,1.9194216685980687
5871,-1.0582896676717626,-1.3996023692039763,-0.5912802933088741
5872,0.13661121187643,-1.4267146237252435,-1.5785335399466984
5873,-3.0987838244230668,-2.885529539420538,-2.887492386609041
5874,0.3296666606424719,-1.092549479270467,-0.5924577901896911
5875,-1.4679049307466454,0.1200876475199844,-1.7587633602102968
5876,2.4326333040312136,1.7309192491965557,1.996257387929027
5877,0.1705358239102384,0.1703356154771235,0.2574248263367209
5878,1.6817084319036602,1.1509451113703453,1.4132477311255398
5879,-2.01311026976405,-1.8831978343277864,-0.9902782544918058
5880,-0.643856166468977,-1.3065538140991966,-0.1218408903713467
5881,2.045593920773946,1.575111381901575,1.6950727066958564
5882,-2.1614424375127648,1.8393504492344837,1.837781237604664
5883,-1.8641462776114957,-1.7742214046175553,-2.422997223387497
5884,-0.0784933248462637,-1.4502806389770644,-0.6315168828997905
5885,-1.8152877614074685,-2.486715712661645,-1.901429863042404
5886,0.964754185252596,-0.4603622173519451,-1.1543873443484471
5887,-1.4668797735178414,-2.471860391074224,-2.781025676662853
5888,0.2568061857765048,-0.9411942033236176,-1.5718961264476703
5889,-1.4278844430897546,-1.4292333906717696,-0.9182674072665588
5890,0.0323476639368786,-1.061686970394237,-0.2895493938411989
5891,-0.8247039118163968,-0.7327833169907013,-1.1314417130237944
5892,1.556699607725518,1.6765475007653792,0.5234158387691055
5893,-0.8132761166191711,-1.0125129510838746,-1.425416998689052
5894,-1.7742122681820098,0.8704206734446508,0.5900527895766796
5895,1.0636085030542524,0.7003342120201922,0.9730510794397316
5896,2.1304997443013725,1.7605771965343089,2.347476490009968
5897,0.7834499798454483,-0.8179516870985166,-1.389152118654983
5898,-0.7052177639778181,-1.1824584252348758,-1.4088471984453566
5899,2.2425312427079738,0.8704353658207304,1.3282075175840526
5900,-2.235213134381351,-2.235187364979069,-1.9017978801213775
5901,1.3237401703326217,0.5802453195585282,1.7213038159009213
5902,-0.1461814838688594,-1.6474631422115622,-0.7380401470381852
5903,2.0875342528687666,1.293724256680107,2.47570354019309
5904,-1.5884030038400088,-0.9090854761122033,-1.117248445664735
5905,1.176539827525116,2.086166458569504,0.7569489010529054
5906,-2.5453833383501845,-2.501116868996504,-3.3574669890548794
5907,0.8818595514760306,-1.2173763488574647,-2.7500889693460664
5908,-0.5659815629766979,-2.763823394017028,-1.883156097541176
5909,-0.2542138626697869,-0.7827914045256427,0.218405298691157
5910,1.4506785824440604,-0.0685298634542131,0.3554670746017365
5911,0.8773980147938357,-0.2870537353967756,-0.351798966579775
5912,0.8674816686148173,-0.0058007269482683,-0.0795451770437134
5913,-0.5265077883242226,-1.3043605757069263,-0.4372782104218197
5914,0.0138268566310408,0.2413701677797917,-0.0573804248895116
5915,-2.49200230995858,-3.235819871411469,-0.7136354762773739
5916,-1.5627879823646895,-1.1639128562778804,-1.882759943953343
5917,0.0062846704455268,0.8818494143931492,1.408734672755277
5918,2.729869137163295,2.5495742720200805,2.6899391568180837
5919,-0.3585423002582748,0.7033006951046994,2.1477493983723623
5920,-0.1198961935408048,-0.2313877753803196,-2.2321499988782816
5921,-0.0798437423983211,-0.7219231433856275,-0.9952678540149196
5922,0.4503017159821545,0.8774073729669131,-0.3289904334878034
5923,-1.799043098301052,-2.8035510501211887,-2.056574405924813
5924,-1.7303839226134452,-2.4228791905174782,-2.190634702914485
5925,0.2917674527232636,0.2919971425662634,-1.344801819291085
5926,2.617555820898381,2.073481183352747,1.950627365329037
5927,-1.6390029288611256,-1.489130394055599,-0.3081577231379402
5928,-2.7050347830831027,0.5315395426351207,1.6504530011366805
5929,-0.2749128240975134,1.0591698632477768,1.4160912614910188
5930,1.9035845635394413,2.284430909677696,2.30072673341767
5931,0.1363838850959907,-0.8708081268516229,-0.9980247813754678
5932,0.450217403581043,-0.2870350782795643,0.1474919061002538
5933,-0.5555197078732366,-2.7781434058501806,-0.5012034288978313
5934,0.5233117117273048,1.98646898919092,2.4998656780360338
5935,-1.0207717896458488,-1.3398026611676015,-0.4220903679117816
5936,-0.4939513349117426,-0.5391799626929806,-0.3176816209398415
5937,-0.4789488945493479,-0.2896299272547086,-0.3864946438380232
5938,-0.974083974508408,-2.255707492054388,-2.5531714832431427
5939,1.9602995538406105,2.7455199019889687,1.2397001275660746
5940,-2.211540579719617,0.2000110923022414,-0.6042378126423501
5941,-0.7052437779702175,1.0481887010237152,-1.4892182123418032
5942,-1.489298882162888,-2.7693858456469265,-1.988221232356288
5943,-0.0534007300501582,-1.0194620684071145,-1.2870797276968755
5944,2.3366281331818284,3.646484573955804,1.4791973625949726
5945,0.670287133102239,-0.4306090450212869,0.0092639997290394
5946,-2.7271708859031683,-1.4864147358461073,1.336856820237565
5947,-0.8529359951425497,1.6343133892176145,-1.0019511731287132
5948,-1.037986002255137,-2.279077671021609,-2.063254612574585
5949,-0.2294513075018975,2.4815386110216355,2.7383868199550934
5950,0.7038939322030715,-0.3859709574756421,0.3685480644600068
5951,-1.6728957089160974,-3.2105739496391923,-1.8485872168036015
5952,1.363029745433313,0.4494777525342709,-0.91271637042136
5953,-1.988171480043725,-1.2159642967985338,-1.6469747403432338
5954,1.3237813306442794,2.2743723871574044,-1.0864294342944432
5955,1.239839661530442,2.298344792259294,2.0935905062704747
5956,2.2477622078341297,2.035356792050238,3.0338155781235328
5957,-0.9871829190167416,-1.6445672355159469,-1.0925544178842754
5958,-0.0767003108241276,-2.5895908062669664,-1.43021735194417
5959,1.240121907837672,-0.2038220647872945,-0.2015060709755517
5960,-0.8732573706371811,-0.9717777774991382,-2.724592195393669
5961,-0.3006738964718681,-0.1823209656207368,1.579149934833649
5962,1.5703654942019354,-2.861310381581199,-0.4158758152288578
5963,-1.9809600846884687,0.2568096838854119,0.434342267330155
5964,1.6040132995647731,1.5191821278279645,2.567585995548804
5965,-1.940396013802036,0.5232246088155187,1.5579065719020888
5966,1.3244895510210912,1.4108770557774075,0.5248818200288898
5967,-0.4224598083990147,1.0675432977592365,2.3069249159864853
5968,-0.5847349110586249,-1.4156671179798437,-1.415364813452079
5969,0.611536583643584,1.8168536173337435,1.5639579505004368
5970,0.4345687698818881,1.9304752263299028,-0.7748504961235971
5971,0.3717962773926597,-1.6032126416039645,-1.374178006045682
5972,-2.880749527657911,-3.3222073226424884,-2.741438817633688
5973,-0.6182686086883655,-1.7160105113075792,-1.7595925735899935
5974,-2.1448115069800644,-3.44645505688814,-0.8089858747225337
5975,-0.0938100900537921,0.8706972975505887,1.6124202974998103
5976,1.3890491330746106,0.7582320190037177,1.6781332207863229
5977,-1.1197830076935642,-0.8781399346846148,-1.3753260476274485
5978,-0.8801113108409861,-0.2958164502903757,1.2113817352936536
5979,-0.7842461078300406,-1.2848785874655713,-0.6584004849971529
5980,0.7766353477694279,-0.1758683994441585,0.2495932418743376
5981,1.2118396934850086,1.81492312988696,0.4495344346332268
5982,2.8556176858254334,2.420622579327232,2.856725609354469
5983,1.915231950169185,2.3046744471869127,2.814644482697946
5984,1.3632568292027976,0.7907038994052236,0.7907196543042019
5985,-2.0494209674024586,-2.802839839503208,-2.8029709596998185
5986,2.804283241907184,2.7283817412560065,3.2357255356555794
5987,-0.6659672664788656,-0.4678922452908192,-0.3571245700456367
5988,0.2772595398018004,0.5219222390517722,1.3268396846123909
5989,-1.5906914656053806,1.4951355728445055,-1.6478549960849236
5990,0.3297298131665457,0.4137846806542662,0.5912201544156186
5991,0.1369718535074099,-0.160844729275919,0.440774801141488
5992,0.5911054551099206,0.1008874131507517,-0.061339908051276
5993,0.8451593689653192,0.6694419055258705,-0.1362839640963871
5994,-0.1659029249290793,-0.0523321764974542,-1.34296323755728
5995,-1.799445938998342,-2.3632208030854867,-0.7728625706157035
5996,-1.4098455392267062,-2.1906645815280257,-1.774296841943477
5997,1.94321847063046,1.6205409631606178,1.048275886028588
5998,0.9315895092797936,-1.1316123881756404,-0.6417607520560169
5999,-0.3972934045264777,-1.3549382085668469,-0.9692934132457502
6000,1.9989275729498344,2.8137525518163726,2.062369376327408
6001,0.7764699042068496,-0.8348360046639711,-0.2551056491618735
6002,1.6768971844692042,1.4339432564821029,1.773875813611942
6003,1.56345551509932,1.3638458018172357,1.364037940510039
6004,-2.0567162187632984,-2.902926569632013,-2.531155105239419
6005,-0.5672265478537462,-0.8141507408497044,-2.120650063487594
6006,0.703959676330387,0.369838070850037,0.7039486597468909
6007,0.6116873303793147,0.6116557265326845,-0.1117307416053379
6008,-2.5453891685316963,-2.8849816167070417,-1.4552669600168384
6009,-0.9231731750512128,-1.522741263161889,1.3279721926360868
6010,0.3455260984049501,0.3454473326527257,0.2573236726874913
6011,-0.1282003152415199,-0.525557698071568,0.669945514044978
6012,-1.112840364988717,-2.075260499697531,-1.672531847270555
6013,0.5232475797306751,-1.117886890819772,-0.1562875647743362
6014,-0.311940142857983,0.5451268679555545,0.8707197682434165
6015,-0.4688423728548652,-0.035308875930051,-0.8756264236810269
6016,0.7908597932684858,2.4622795499405727,2.123466278418876
6017,2.020674061497409,1.4063537582194954,1.1779911608672695
6018,0.9646980085205265,0.1709268033138541,0.5009935012516543
6019,-0.1779120287043731,-0.0970711802167638,-0.0925728129631292
6020,-0.8251730665226507,-1.7175353432521296,-2.1911311319707028
6021,-0.5278541775723713,2.06061374083876,-0.3524948976688292
6022,-0.1742430011650859,0.5236230030396702,-0.6621953914186458
6023,1.1527738070396636,0.3596450136813973,2.302532480827491
6024,1.015369536586954,-0.1261010528757275,-1.423518666668194
6025,-0.9274707139684596,-0.9707715886601578,-0.8516442477533389
6026,1.3241868231263538,0.8457275426791842,1.3258607910954296
6027,-1.8188620286922412,-0.5887105552299641,-2.37714984902875
6028,-0.199900951069486,1.4333624574618715,2.260051265953002
6029,-1.522286046434108,-1.1803365498121356,-1.2380352391920266
6030,0.0157201733198057,-0.1261002169870454,-0.1800538913960706
6031,1.2398148554923325,1.2405226623970496,0.7908404731811118
6032,1.6237128322551944,1.4544462964844378,0.9314903555878448
6033,1.3629805854101849,1.2887341432512118,1.940908897206546
6034,-0.2271382400102198,-1.1521277626635864,-0.973701031295089
6035,0.7842059211802669,1.6985331152463412,1.875792088272736
6036,-1.7533949240730693,-0.90627013342806,-1.304059278548653
6037,1.891260472210343,0.8774431472488037,1.0483037236320458
6038,-1.5667331445204011,-2.7338333169208475,0.0801947662708977
6039,1.2515764592172298,1.0975001537580444,0.670204581888942
6040,-0.7697270200637584,-1.466747753449856,-1.152453395683212
6041,-0.66064134188264,0.870434501563314,0.4132531623431469
6042,2.286675536094925,3.239000536354987,2.8361553387043146
6043,-0.898747697921933,-0.8730869358254482,-0.5435645170389567
6044,0.2278442783055781,1.1775612258471797,-0.8723125130429852
6045,0.931342086229884,0.4937629506132948,-1.3573628622199676
6046,-0.2369692724334296,-1.426390356332838,0.9731402857690876
6047,-0.9423114410067222,-0.4979787616902958,-0.3781055656626736
6048,-0.5987975206624865,0.6173766744398327,-0.3934925298576222
6049,-0.81414833257906,1.6805332493123613,-1.1775087206343948
6050,-0.3866027053433,-1.969288719132308,-1.88351097552236
6051,-2.3637730660906437,-3.2735305569494058,-1.7180006352516048
6052,1.885328119037341,1.0153992826945386,0.4937563211513331
6053,-0.8700493088399762,-1.4843034145650935,-2.237810811318357
6054,1.0482877318172934,0.79068352464865,0.6178314342682373
6055,1.5964424401707704,1.152081146129369,2.5464519231976097
6056,-0.574007958151892,-2.0753413578409847,-1.7545094824538745
6057,0.0800130734038097,0.6116972051442338,2.801563345628304
6058,3.2197205192662484,3.263414784228325,3.437326670466885
6059,0.8658201834875873,0.0028932397221135,-0.0761549264946072
6060,0.2819633549634076,-0.0465533236962768,1.0631779751812904
6061,0.7840893175500311,0.2572867093367066,0.1703928095577542
6062,0.2498699585792844,-1.0059885430720563,-0.8708059662080817
6063,0.78353988124436,0.5234622470139393,2.0450833020378574
6064,-1.445883838839389,1.610900315634958,1.6519305660850798
6065,-1.487113807978269,-0.9031751799085052,-1.4827887920639995
6066,-0.7646682673935713,-1.717013594836751,-1.0514404023055113
6067,0.4503049439595768,-0.6274886724256153,-0.5987653001172074
6068,-0.7371244094251002,-0.0594552735410364,0.1633470499451771
6069,-1.564164143372947,1.5684725810456377,2.166809770361362
6070,1.8799628142262896,0.3589660080180429,1.4064267571326836
6071,1.8983914346056427,-0.244430016359376,0.5237166219815748
6072,0.8707656973518337,-0.9790827281136985,-0.0317619634929234
6073,-0.128899277738255,0.0800722808156827,0.2919071145721015
6074,1.131426333725946,0.1455964614494849,1.890143651251187
6075,0.4090338149432009,-1.0335633951796033,-0.5413172262231629
6076,-0.6929048490808951,0.5329941462592142,0.2919993044227022
6077,2.1839479095397656,0.4905594792984129,0.4941569712438007
6078,-0.059436595752553,-0.6474910283857251,1.392744106934583
6079,1.2418012834631875,0.5904676331365776,0.0964848858713346
6080,0.4388694767840336,0.0053025958189688,-1.1880859038006135
6081,0.964553307135943,1.1958061210862272,0.5906170262042789
6082,-0.2247192040702767,0.0902314936084533,0.1304044549178599
6083,0.3474758034616982,1.3265371225033311,-1.7110063701581364
6084,1.3230745723516673,0.7582476414749492,2.1035444113284347
6085,2.055415976812604,2.4866912921927598,1.0483307320302944
6086,-0.5325766656352359,0.5002260097995068,2.124658260311432
6087,1.5360714604800156,2.0794179103239188,1.1531461361309068
6088,2.75513704858988,3.1345064528655304,3.01308376406491
6089,-0.5423107969167582,-1.2425671581532214,-0.671461844736645
6090,0.9316123376879398,-0.8174436846457696,-0.7939441443589045
6091,-1.7994683062265258,-1.5643531118626028,-1.7179559007952372
6092,-1.522590882371426,-2.1905902553902106,-1.6870938859499864
6093,0.3565352548028869,0.1352506364640511,0.0007517313490718
6094,1.4587566394544955,0.0853633143735496,-0.54427532939729
6095,0.7909402936325438,0.7909571688940463,-0.0517554957413024
6096,2.661150988583832,1.3264127345333867,1.3266374199939577
6097,-0.0398342869691782,0.2185491361805137,0.5331267006348288
6098,2.8957697275506717,2.861813277497895,3.261568680838227
6099,-1.96950040073512,-1.7177494074670043,-1.8832883408954375
6100,2.727395274544212,1.789048782082233,1.7735227755090746
6101,-0.2055776307039979,-0.0417100972251678,-0.5146143571057816
6102,-0.1250947870211851,-1.17004804861471,-0.4655097610473899
6103,-0.6621793509757335,-2.5937024028380606,-1.5056991957429868
6104,-0.4364123479558779,-0.3922093467972805,0.3300697749945751
6105,-0.3130168841335395,-0.4526858212463274,1.328630262926044
6106,1.5690109688167055,0.1700657946767578,-0.3681207385037661
6107,2.2729807074092943,2.092392369341085,2.102826376948675
6108,-0.8769935587562344,-0.5533556791976595,-0.8463351441794911
6109,-0.468590942520954,-1.8484209686443471,-1.3293822894716008
6110,-0.0781610919528143,1.622761860850137,-0.933913064538988
6111,-0.0628807951288671,0.2020011209316546,0.2810584414265467
6112,-0.675120460615581,-1.6822338274054984,0.16967132459567
6113,1.8484170540022744,0.948921142080414,2.644954175894889
6114,1.153299504231912,-0.4301140940672999,0.5235471836227075
6115,0.6831084967943974,1.569001980342681,2.016073328904177
6116,0.6116436812930254,2.7437550954892203,2.80744650649272
6117,2.9986685747795074,3.035620764877418,3.341014024763561
6118,-1.4891241567794815,-2.41172120894592,1.048641920899588
6119,0.790855678805434,0.0617390158640647,3.302291188842178
6120,-0.1527118853022475,-0.4202783585336556,-0.7907871515315388
6121,-0.6943850380546375,-1.6871666070383138,0.6823557285846659
6122,0.3591747126656007,-0.0575097810239672,-1.3507509024061508
6123,1.9310657571880965,1.3256914512714268,0.1572747608816306
6124,-0.8871403750588335,-1.233771892882439,0.4343767237028897
6125,0.9469025000337716,0.9475637592208392,1.885566037766362
6126,-0.8774348205922845,-2.0965210211536824,-1.6831711450020466
6127,-1.212329630854433,-2.6000625789102525,-2.049465661857424
6128,-0.5049542526545436,-0.4839657219687876,-0.7728572093986389
6129,-1.1818406508471646,-1.236390169767808,1.391611910126516
6130,-0.1532919894145183,1.3275274704626483,-0.1028005895611283
6131,0.2496823221209049,1.9755603982504752,-1.4805783416348317
6132,0.1324606727354985,-0.5824543544983545,-1.7111812050228905
6133,-0.4609549127416148,-2.6839711090975658,-0.6535325159689421
6134,-1.242494924227109,-2.406120916152048,-1.8834132053702988
6135,-1.8631814396707729,-2.761863108442697,-1.752568087731067
6136,-0.7076291039023976,-0.9475191212747064,1.693456653361556
6137,1.1502622245460012,1.8803852849169216,0.7762264922787725
6138,0.590772222143205,-0.8422742978513558,-0.1349885915171722
6139,0.8454134214771905,0.2411911146593306,0.3245079443416021
6140,0.1695812482913129,-1.2097769646452536,-0.8923745371146736
6141,-0.8778587209201397,-2.61197966075656,-0.465532358865555
6142,-3.220454052459348,-3.7210798270686007,0.2920248617118343
6143,0.94564061554736,1.7824268619211412,2.728823902221861
6144,1.5256274028770291,0.0022513040567242,1.4075243050592403
6145,2.4227415905799994,1.6875572027311063,2.330645105008126
6146,-1.422567220971659,-0.947259166244888,2.085201014227748
6147,2.936688380908125,2.8996353379967883,3.3950802799972424
6148,-0.3862355686684136,-1.0440172275148334,-0.5785359613294132
6149,0.2501111172648114,1.0581872025652683,-0.1517956202969369
6150,-3.1838993088673577,-3.4392954685594903,-2.6145899393446084
6151,0.170124213095506,0.3452277680169917,0.4346094645488403
6152,2.572738759270406,2.5738225321824046,1.933437951550879
6153,1.9959423720701277,1.526670329815825,0.8820376659852464
6154,-0.1794000823279091,-0.2892706454227987,0.3238940561639492
6155,-0.825166303512097,-1.4982152253307035,-0.2948906561721988
6156,0.7845966599451871,1.3686517672079246,-1.183774471706298
6157,-0.6698231285430605,2.299029917390479,-1.1990922824976709
6158,-0.2969786773788315,-0.4285840059644448,-0.300748356140725
6159,-0.7944339592180713,-0.4337871514546423,1.2032467192313026
6160,2.0946084794921127,0.963518794009101,1.9672422039567865
6161,-2.925207719436973,-3.182914984967354,-3.6235463411828968
6162,-1.528279154011766,-2.32006681044954,-2.188897083140368
6163,-0.2283031036933673,0.611827859511913,-1.0981241496438106
6164,-0.2456809837681144,-1.4829244301244686,-1.1461092398829595
6165,-2.658368830829814,-2.533917803805091,-2.3202849485718278
6166,1.6243032579022525,1.462248193205933,1.3230508215835957
6167,-0.7013792728875632,-0.3731996915053589,-0.1771055390717233
6168,-0.1850120371734749,-1.0645112800991714,-1.8829570983873345
6169,-1.096006297396813,1.9910665384915056,-1.2354732287072625
6170,-1.3025094996991886,-2.1881103983258137,-3.112706174484974
6171,-0.1332374380875114,0.3232765938415863,0.0880413197449137
6172,-3.0022311363103653,-2.3003407102017017,-2.5933567879417048
6173,-2.1906865583594723,-3.013058356451833,-2.724615406878568
6174,-0.7774533082211281,0.6996187724883641,0.5026891517009326
6175,2.652942813685081,1.671308375043709,1.7985742031882777
6176,0.3592681825327569,-1.5069620377504094,0.0675951490147378
6177,-0.2956770893563242,1.027342680388248,2.804274846445807
6178,-1.2038585500543857,-1.0118169716232777,-0.154108064480005
6179,0.5006291550179464,0.2085080802119345,0.8706312435909025
6180,-1.7993132344641174,0.3184969535334375,-3.4452599090151845
6181,0.5331558412750443,-0.0944223466266364,0.1481233162527294
6182,1.517512195183561,2.4306623564368426,-1.4186077918369513
6183,1.287915063821759,0.2572786053844053,0.865871955499412
6184,0.5235199075090909,-2.4569021716546477,1.5476434701796236
6185,1.2840401361775478,0.4138535434505558,-0.0333965211981285
6186,1.3250028451942848,2.06408587061533,-1.8471819785966452
6187,-0.714395313483144,-2.3309528208123758,0.8704448109196389
6188,1.1960749051427444,2.1667571033243265,2.42802483655599
6189,-0.9800999548937944,-2.449225923650667,-1.7722238180632242
6190,-1.1102394280409529,-1.84826175681321,-1.4256125439263396
6191,0.5823739533231856,-1.6392165704787782,0.9314806708086312
6192,-0.4978153680880361,-0.2755815124071584,-1.6026680359662528
6193,-1.24597464233956,-1.6394535016845395,-2.1445018246352103
6194,-1.3555153313603987,-1.8484915704451208,-1.759061271187211
6195,1.795230396955006,2.220898433123951,1.405865520520451
6196,-0.8934891428949904,-2.0026448867170594,1.4165669734661044
6197,-0.1557136123533544,-1.7303942059020945,-2.534965979216937
6198,-0.4026427187185627,-2.2109015857186947,-1.5066589986021557
6199,2.6661401029986505,1.1528773245448525,2.045397383134818
6200,1.058269553950522,0.5014031284007172,-0.534357221111149
6201,0.9458451383147936,2.2064186501119893,1.771773721055537
6202,-0.4482063421846892,-0.4846157623996358,-0.6371152942917265
6203,0.7764842261868936,-0.6281714376771506,1.6535757418099728
6204,1.6270477398594037,1.7951526785994805,1.910666268539913
6205,0.4344640598219362,0.3453721233112237,1.0947220881200108
6206,0.2920703791549353,-0.7358663263528367,0.5329312451211878
6207,1.7020101215775465,-0.3966375489722324,0.5818327009896347
6208,-1.8156378044637165,-3.338054541327963,-0.9017874457616544
6209,0.8257894576058523,0.2571177506764949,0.4344364247615704
6210,-1.5634636110098294,-2.68942376714819,-3.102426564912849
6211,-1.8828691283094767,-0.2758483484976733,-0.5410904409765777
6212,-0.6866506648369113,0.3454848207198466,-1.0049375600537374
6213,-1.8256377526183372,-2.2349787610845766,0.9075353654117088
6214,0.1291773312201193,-0.7831324002007729,-0.9212771668039392
6215,0.9312323253987964,0.494235602427416,-0.7662286697968684
6216,-0.6535307874541092,-0.8630147473314208,-0.4258081255203404
6217,0.065840478527414,0.7765843565818571,0.0989721569832168
6218,0.5911554585747297,1.453705843165969,1.8789140718634263
6219,-2.61161628727792,-1.858402997016808,-2.760791489025304
6220,0.330109932098104,-0.4893563251591467,0.1733012888328891
6221,3.3413170087207007,3.424454127431156,3.8831789995307737
6222,0.3302849750912722,0.6831896135261989,-0.0322383853937437
6223,-0.112799547920431,-1.215520427871582,-1.505241476635943
6224,2.2116659574064674,2.4459950850949728,0.7906821623829489
6225,-2.8686170699699045,-2.118755900996678,-2.5645077178380653
6226,-2.6840286439484324,1.0579150849444308,-1.6869984472381407
6227,1.0581088020710616,0.1002515666229319,-1.4833928576441868
6228,0.6121600632544548,2.066774608956104,2.9730977800319014
6229,1.6226254851984856,2.020687435716324,-1.0194680637466276
6230,0.2571389142353827,0.9460311211050196,-0.303453676965826
6231,0.2494982661575365,0.3281080958572422,0.5010067737762641
6232,-0.3120203027333591,-0.392214717539797,-0.9392856495315112
6233,-1.8641166459286456,-2.4684840789382365,-0.895842021978614
6234,1.9859469698294911,1.3650025816462186,1.8639520670038432
6235,-1.2061970582915689,-1.4443556587138922,-2.1478303738826345
6236,-1.5466809173766296,-1.672328390054136,-0.9177537553139692
6237,0.8456129971059851,-1.0809609928884742,-0.8520271665051314
6238,-0.6056003202002879,-1.9449069874966964,-0.9083444451838164
6239,0.345307991314594,0.345035546932548,0.4341485303985182
6240,-1.5269138811604837,-2.565029169456882,-0.5451724643978428
6241,-0.0393255399587482,0.4503018936689851,0.1473580486878816
6242,-0.497104220274457,-1.5639826690576824,-2.2331018743209903
6243,0.068013959612487,0.3584134475561588,0.6116231686076654
6244,-2.329391319032192,-3.083323411751955,-2.246738039086804
6245,0.881637668620727,0.1346676945684726,0.2797874599378693
6246,-0.6457469147654882,-0.4792461801687943,-0.5637111069342859
6247,-1.0389732878444151,-1.3435922458063652,0.2916254513311562
6248,1.777936951562526,1.7118529897975072,1.6816368220034397
6249,-0.8682783155872761,0.7034375139642481,-0.0216906846983807
6250,-0.3966456418486119,-0.2595809901286269,-0.8804839207575346
6251,-1.063758875613256,0.5238766090014025,1.6766101886504683
6252,-0.7233202146190548,-1.9449520014937771,-1.3418782786385646
6253,-2.406714224173872,-0.289269261882911,-2.056372178511234
6254,0.870551725595296,-1.1681174609545697,-1.5709730921107234
6255,-1.0248666412850085,-2.422941417051463,-1.0449522305740917
6256,-0.3584326092819936,0.61141100153382,1.6552985880202469
6257,1.175723769581379,1.0157918621376616,0.4948328304789218
6258,1.6553715818927746,-0.2369953213092958,1.4344162146609216
6259,1.6216658392560932,1.8508614759511777,0.5328852834610105
6260,-0.6628135294335521,1.570631969830113,-0.0063632591371798
6261,0.757776084963239,1.3913583764421027,1.0155686510357862
6262,-1.0929079978087606,-1.848307433316076,-0.8660235654414024
6263,1.131159448106411,0.369350261271144,1.0483789443903258
6264,0.4948871344195124,0.161362477271322,-1.008716632927131
6265,-2.09646620254041,-1.5625811842188633,-1.5228385538539129
6266,0.5234328628991198,0.0031199171792919,-0.2246743987204289
6267,-1.5224914927685338,-0.6652488216351019,-1.3396642565156238
6268,0.0166249630866744,-0.3139312969090906,0.1457879782383812
6269,1.885991526413473,1.1769016232057388,1.6306170421795807
6270,-0.6490747203771313,-1.7994703815363573,-2.6561883719668646
6271,-0.3921055788427655,1.5683472168155332,2.691323479111161
6272,-0.1842910445449104,0.2173546364619216,-0.2808454167651602
6273,-0.9201058537773203,0.345274409469086,-0.7141320416181474
6274,-0.4486295655867919,-2.490801858516055,-2.612730922915558
6275,-0.8247289463072488,1.150282719793306,0.6831447956058885
6276,0.003016081646567,-1.1372948654507415,0.5238424914521382
6277,-0.2956776723744754,-1.1314464937726345,-0.1536039613753666
6278,-1.647808802325989,-2.9584536361863147,-2.119162211549277
6279,0.3691601067479488,-0.8711156781269639,-0.9503967581726102
6280,2.294953997665372,0.7906077376841353,0.9729740376098328
6281,-1.4244048239662392,-1.799262850553209,-1.420438330403314
6282,-1.3047554178809009,0.7759599923311417,1.3277362503613948
6283,-2.58033141641636,-0.8175893022189455,-1.4821518188622511
6284,-1.3006892867306288,-2.1252886165519937,-2.2125942115535846
6285,2.9867534281748904,2.999760749223215,3.06614287979691
6286,-1.7988706169950577,-1.883106981875164,-2.4901792655666086
6287,0.0024693272243913,-0.0771185388948759,2.1361983115331613
6288,-1.9099236471195091,-2.947261204683732,-2.840721229789152
6289,-1.7535149092085818,-2.802937903229563,-1.2362954869498175
6290,0.5909796439231539,0.5909009964982567,1.327683407193646
6291,0.0173692043765699,-1.148749988646701,-0.1077214063050124
6292,0.9469407460244892,1.0972379280459783,1.3225309503226037
6293,0.0307572450925852,1.9047600602985213,-0.068383019534987
6294,-0.988812793839318,-1.7530296048995404,-2.545436509605572
6295,-1.2272385331785114,-3.073531785663691,-2.8843172092219582
6296,-1.0132360611818363,-1.7303606823200577,-1.9447338020658216
6297,0.6831752915461548,1.1501112264288122,1.4119399861890995
6298,0.6110078476767657,-0.7867367890939952,0.1988077013044231
6299,0.9729171506858986,0.0714063343987403,0.5248162271396574
6300,1.3685798985651576,1.4109331078827516,1.6381756177954196
6301,-0.3092011161345916,-0.2860508214387903,-0.0616944582822493
6302,1.4549509426584613,2.048358925239431,-0.637286326411835
6303,-0.1536382719935635,-0.8963589414616464,-1.5499028161271124
6304,1.8161621993855568,1.2890490043150045,1.903149616502517
6305,-0.7753208578785116,0.1472539834341036,-2.450665660809935
6306,-1.41478673896325,-1.647030060176489,-0.8820338231189473
6307,-0.3994808675601083,0.7580945297273817,-0.6184498343738359
6308,2.680725074273272,2.739922981834424,3.3966156011441533
6309,1.0482623818294636,-0.1977602985925129,0.4501537028522792
6310,-0.1575855134990712,0.2181284033801656,0.6176177362399898
6311,0.5821359268150131,1.2514912562191485,-2.4063791769310776
6312,1.674331253175038,1.456886514961295,1.7689643438359426
6313,-1.78457240272552,-2.546678338267584,-1.0292491254488283
6314,-0.0915518471572702,0.5009629744450517,1.241938947323094
6315,-3.162101571118208,-2.4125524473089777,-2.7643691536637247
6316,0.0175394579747399,0.790641531327689,2.5156554301566065
6317,-2.0633797282698283,-3.5123091473757,-2.3233117245660844
6318,1.1751546735075888,-0.6803091133484354,-0.87202882971852
6319,-1.4752767259834547,-2.7189797913508724,0.9479239478346376
6320,1.4544204704065349,-0.4348813873706277,0.0099075187192864
6321,-0.0016390559324296,1.2746191016768602,-0.6910678435575042
6322,-1.6032699295241406,-2.002623156816303,-1.909905744644454
6323,0.4565558850708259,-1.1978286260597857,-1.11499140467284
6324,1.4779346825095332,2.970781210326748,3.1775231900850134
6325,-1.1794376726522835,-0.3966604638516218,-0.5694657199462884
6326,-1.6031667124955469,-0.7239276406579244,-1.8641244242453936
6327,2.79703114625351,1.7991364451960734,2.3550370630829907
6328,0.0170203261054848,-0.8893966941657698,0.2425120493670723
6329,-1.409498354675982,-1.8641065217703383,-0.9853373590365768
6330,2.313721645102291,1.5822529842116853,1.0158482413880838
6331,-0.7606258016156627,-0.7377233906481998,-0.3881665151832651
6332,-0.4526629615987391,-1.7156771801704798,-2.0752008697982287
6333,-1.6476446196945305,0.7038235682181607,-1.0954261707888386
6334,0.2923105821354113,-0.1525891375099168,-0.0437512154625428
6335,-0.0883490829002439,1.872661848615524,2.244702927444997
6336,2.755869034814706,2.218039175248427,2.3255552671622186
6337,-0.3279506735945259,-1.1158150144433685,-1.423921161480512
6338,0.8774251416499713,0.0808888998745689,0.2176209001775497
6339,-1.0826478815964289,-1.5664118867307075,-0.6658528583298914
6340,-0.5715055359099223,-2.468211467456018,-1.602936079230699
6341,1.8379712781076607,-0.3023812999882289,0.3238348233625088
6342,-1.451683527791631,-0.793230031990827,-1.0633572516052765
6343,-0.916134975451455,-0.7460745275376679,-0.426154219517591
6344,0.0154452812383766,0.6698386932361517,-0.0546694937746361
6345,-0.6508549052498426,-1.901439102757594,-0.5331642699291782
6346,-0.9308765894040172,-1.0615551523365163,-0.6430397702433235
6347,0.8706738391349992,-1.3034195228457532,-0.779325121201161
6348,-0.8416523077729869,-0.581920957173459,-1.232156990905488
6349,1.5620117785342689,-0.7297149226975501,1.152959375286292
6350,0.031840653496783,-0.0622949124964578,0.8709968862107352
6351,-0.7092155101229717,-0.5685091554470759,0.3276241734367004
6352,0.6118276991622721,0.7006956884697624,1.0632779148925209
6353,2.148143863136256,2.0193576329087994,2.4646102682141366
6354,0.3579387339278138,-0.5264936617898917,-1.1508761310772326
6355,1.855723856458928,-0.9467588116727598,-1.3485604576851828
6356,0.6117722433559211,-0.6793488264014209,-0.6621990288425033
6357,-0.6400579105624928,-0.2755481774597395,0.2015283154600872
6358,-0.0500921842365159,0.964594297630552,1.6519505674710036
6359,0.8774270369761642,1.1310489268977884,1.9069570899082429
6360,0.257298777812436,-2.1481828666568377,-1.3101739146164035
6361,-0.8157402992510945,-1.057531335962524,-1.1529496607334957
6362,-2.331041221999544,-2.683894066722156,-1.774180167192256
6363,3.296320557521126,3.509184442956172,3.509845229483723
6364,1.7963997516302637,2.0337557152488013,1.3634826099355246
6365,1.4336222356081836,1.0483716000013283,0.7908339661652101
6366,0.6118711097289641,-0.048970212959845,0.4405143377413358
6367,1.1503570459311208,0.0993465039098867,0.3289059289179745
6368,1.3900379029143235,-0.1800503172513607,0.243181336787727
6369,0.7765826280670242,1.0581812762286986,2.138485514717281
6370,-1.390748947954057,-0.6164337285200414,2.1493084519624484
6371,-1.603225481999866,-1.3391006372147505,-2.4229747526946688
6372,1.1503486502876468,0.1716371611775068,-0.4626981816832753
6373,0.7901909767542749,1.2899403999150942,1.9031168036678028
6374,-1.284163505713139,-0.7628676559621056,-1.672758679407501
6375,2.2267778054515395,1.994386764483785,1.1501688847450242
6376,2.2108974218314965,1.911832362075228,2.212354750513163
6377,2.1413988972958333,3.304295230497927,2.7856231559460918
6378,1.0622182915819205,-0.0028909399395025,0.5238750288090711
6379,0.4502925651103796,-0.7497492353420356,-0.4119731448170915
6380,2.3796394781664025,2.6848073699769657,2.107951338974228
6381,-0.9174795770369776,-2.6684942773760656,-0.1051580657696996
6382,0.1372760852536499,0.3560194561739227,-2.076136582178079
6383,-1.687089688128249,-2.377151577543583,-2.002603155430379
6384,0.9647457896091218,-0.7345886880185937,0.249441070836369
6385,-2.0566378181696643,-2.3630146556422256,0.0864021132155154
6386,0.8453431491803964,-0.7371306930020899,0.1635124406092475
6387,1.5425342489135812,0.0027312481288084,-0.1554146116965758
6388,-1.1286775541889456,-2.532584532533351,-2.7683535647891837
6389,-1.11955495334969,-2.056356498392507,0.1536055455961758
6390,2.691270484617881,2.5013081860654167,3.171674883613214
6391,2.034033522652637,1.5751150713412754,3.2636158586919986
6392,2.533174729818976,0.0600153838097842,0.2808342926350696
6393,-0.7682089574017184,-0.7205198799915407,-0.3629169808445099
6394,-0.1959943284122952,0.017828672905985,-0.1449605976559259
6395,1.5015194534788892,2.5427723358297167,1.3641360236405204
6396,0.3302280267007952,0.0325060391084438,0.9649403709931692
6397,-1.1521475597901547,-1.4291582569986487,-1.2808344876948945
6398,0.8774451610328836,1.7981915456298594,1.5629499368373687
6399,2.78826314412008,1.902305075818832,1.9113774080421693
6400,0.2572253175253874,-0.962478272063266,-0.7583507909361544
6401,0.0052950824516567,1.931086389133255,-1.0654968486583185
6402,-0.798776822552183,-1.2161887744945032,-0.464093549000361
6403,-0.297750826618253,-0.5810412702360526,-1.052287729012635
6404,1.7427584646138696,1.8324155412740544,0.964766037925736
6405,0.9635118642227084,1.4331742278793411,1.9964639878249788
6406,-1.1452956032580406,1.0580497856360522,0.2471886616774082
6407,1.7122458565259582,2.0373527046160738,1.8472832381439688
6408,-1.3588151179220462,-1.2345045201959204,-1.8832967574297543
6409,0.9648851819838612,-0.8477133784364643,0.1732469640809977
6410,-1.002521712005237,-2.300068082302092,-1.9387096999326123
6411,-1.6880452743641146,-1.3412904906029972,-0.0977002836627539
6412,-2.955371496964233,-3.043102435902833,0.0020495541555424
6413,1.6781332207863229,1.3241433569148833,2.54184454416898
6414,-1.8641018300872207,-0.6052821973290903,-1.774217083330473
6415,-0.9577166797294656,-0.6271822333313463,-0.5209944433339717
6416,-1.5883607858713027,-0.7530185258644575,-0.4829112417280816
6417,-0.3198954737785986,-0.6292910223435443,-0.7879144469385089
6418,0.4344721054724225,1.65963670947954,-0.0810562143370317
6419,1.17556673780413,-1.1858825473339674,-0.9412774799381112
6420,0.8703843129004871,-0.8818075927235066,-1.0147929803041646
6421,0.0198337104080043,2.001657021336342,2.3365705983309617
6422,0.4082075533927923,0.9312115723004816,0.4944920184865954
6423,0.7580703177793476,1.744641251430949,-0.1362446485045795
6424,-0.2361849981745407,-1.5637585355958818,-1.883425311344316
6425,1.0956292643632453,1.098274184507884,1.4575563216848484
6426,1.804078269103358,1.3273388154151713,1.2403746413993122
6427,1.935880633037154,1.5653639329534428,2.0713219588956555
6428,1.1753451408321232,0.3247950288682912,1.3934392204331405
6429,1.3231647330343463,1.5758267873184848,2.167697541789276
6430,-0.0379326688473967,-2.468141833001321,-2.643153219041201
6431,-1.4872352273125005,0.369323312101839,-0.1797147498377252
6432,3.09724009629438,2.6451840813508127,3.29136614014863
6433,-2.188720681804691,-2.3639425497268816,-2.276937721531571
6434,0.7765365754932617,-0.8302339573866984,0.3297011074737849
6435,1.4221603568977264,0.8661065620034464,-0.1709530657072621
6436,1.6215229790443049,0.1476944987015899,0.1475903742188684
6437,-1.488293648533338,-1.343970008008184,-1.6468835277702014
6438,-0.9805309043981892,0.9920000034601436,2.045383906196605
6439,-0.4012446509022834,-1.6480634867831574,-0.5278659447859203
6440,1.8084649189673183,1.094897926394406,1.5046823784664325
6441,0.2811289537824716,1.7915331046786709,0.9728699834355504
6442,-0.5797036845249777,-0.3526363399213288,0.3236721997782136
6443,-1.478708764556823,-2.056238897502056,1.0158654203416888
6444,0.964959878517712,0.7764320620785434,1.8117113906054805
6445,2.881506135444636,2.4998614191502724,2.582389853708853
6446,0.409070882282691,0.3237667128467892,0.325078078070308
6447,2.8926756117708723,3.071138341513764,3.2701340875672416
6448,1.902702340473077,1.3725916872699626,2.0407241919251216
6449,-1.646988126084471,0.9635328904976606,1.9481465556477269
6450,-1.291107327604839,1.730104859011287,-3.1047871145511747
6451,-0.1560519164896032,-2.0298432676341918,-2.6360878123012776
6452,-0.1850404862124149,-0.5159952468430279,-0.7939422996390543
6453,2.709392838694256,2.934497545496018,3.1357546364341795
6454,0.5821359268150131,1.016736819880932,1.178682700221117
6455,1.0224343671771017,0.4344435375830148,-1.7504667737105877
6456,-0.5287498183895598,-0.8426850661259856,-0.9809798283745972
6457,-0.7682135923960203,-0.7714373329611497,0.1695788579168931
6458,-2.143548230351234,-1.4453608396370894,-0.8973361378536453
6459,1.8078119532765624,0.7579404956198891,-0.3081551866481462
6460,-1.602983613388604,-1.6870757365442408,-2.096417310263708
6461,1.1323644218436255,1.9266867743835412,2.143197561041696
6462,0.4082844551515481,0.3244489997776384,-0.3972844115172079
6463,-2.096419779570612,-2.330989860415938,-3.1333758292181426
6464,1.0482467453883724,-0.3865610258255353,1.0483145032997678
6465,0.6116842038394625,0.8664665174099845,2.1943177585733773
6466,0.0855315442610724,-1.299118549528301,-1.161893042568952
6467,-1.7595324666514969,-2.740988731153754,1.8870961005602176
6468,-1.730119336378665,-2.190715943111632,-1.3368799895158443
6469,0.0694354767819528,0.0082400839183951,0.4395474985540496
6470,-0.2297454322975692,-1.6160850543872445,-1.383201602196789
6471,-0.9995237741316346,-2.237642157656804,-2.4229169709131115
6472,2.693121439834922,-0.2353033919366234,0.7908653984790202
6473,2.738827957126486,2.828611217293722,2.9616891767691853
6474,1.0482842965385688,0.3700021942525519,1.433565020448736
6475,0.4398237042476175,-1.156175320968423,-1.4280409119455235
6476,-1.9405643894440965,-0.6343188972852645,-0.9986350755376768
6477,-0.3119405749866912,-0.8077172119851297,-0.7238638090744519
6478,1.8965410180568667,-0.1205132235069527,0.1613606901989672
6479,0.5816830480917864,0.2422362925732134,0.0145212783596546
6480,1.6231557268604306,0.3249391764303366,0.8455902839928294
6481,2.8855316211093887,2.622754103825142,2.67163845675351
6482,0.2572433327862589,0.6985694166479625,-1.9341094456815024
6483,1.3274328828506492,-1.423730147265167,-0.5555591232366753
6484,-1.8153186789159896,-1.9014138712276516,-1.1547454976842215
6485,-0.3647128900528631,-0.6524690124188556,-1.6070951819188053
6486,1.4997190120535384,1.891763681314553,2.48710518405013
6487,0.24968979177429,-2.642379585188129,-0.5652940561251941
6488,-0.6210042785595281,-0.6942040147963265,-0.6600206694618418
6489,0.3243578014400435,-0.3568812997103932,-0.7371191058555308
6490,-0.4363983102650637,-0.7135193227872667,-0.7461041408908679
6491,2.996576919833111,2.419712833694053,3.1091500559751077
6492,0.135244494584423,0.0534510859749979,0.5239075569191405
6493,-0.9868577404345148,0.1462589371828406,-1.3412458319795777
6494,1.5157412641273589,1.0156780659819018,1.2511641643307077
6495,0.8818589551770376,0.6116520294789277,0.3568886514011016
6496,0.2395264855844966,-1.298899078367158,-0.0567738002962689
6497,-0.0235040122349438,-0.0655536159202404,0.4399055760993594
6498,1.734790780860906,1.7268069302986595,2.022725721976443
6499,0.6989305380908027,-0.0768417801785112,-0.2256022721080304
6500,2.768086818313327,2.395599546205113,3.0713551194470745
6501,0.0853736337948255,0.0848754739355506,2.3922137084934265
6502,-0.7390302690278622,-3.508518363356734,-2.412482485130836
6503,-0.4406867207392415,0.4075941840425973,-2.837144090363473
6504,2.46364532944049,2.140851357662151,2.8514897345791144
6505,2.560619271713027,2.130442261078445,1.935887907884869
6506,-0.3546863425023711,-1.2754628350301531,-0.2975641023368797
6507,2.1792584633879897,0.9647828909453569,1.2402578431827456
6508,-1.7179877222126534,-0.6348650163134425,-0.3568695684450956
6509,1.598900384620008,0.3582313378436899,0.0616905665708816
6510,0.003290041875806,-1.180261029421848,-0.4758991355324563
6511,0.7006621168364552,-0.9954128739300228,0.0671629813195449
6512,0.5013742992426112,-0.1246530296728068,-0.1240172757439959
6513,-0.0724477570595327,-0.235273334963826,1.2888324632974677
6514,-0.8723903094198003,-1.269297771817094,0.358215774439972
6515,-2.803392890594743,-2.412085099958993,-3.0025348669074923
6516,0.2175132219582166,0.2180017718989037,0.4499919189930336
6517,0.2500457423645239,-1.0133347311119163,-0.8077130758960652
6518,-1.446089285173815,-1.483731770016782,-2.7247141791547347
6519,1.7035525275325962,-0.1942793927043753,0.0506682182044623
6520,1.2514201192099246,1.814021741472335,0.581996073991369
6521,-0.352526860681257,-1.7716206305023396,-1.1641688225994566
6522,-0.6276875152566088,-2.284437005074674,-2.8042527769137653
6523,-2.771623330723682,-2.6946309501053727,-2.531875007160964
6524,0.8774387050780391,2.198733672960886,2.175514979434986
6525,-1.5268845458050064,-1.4180743219152685,-2.1446913695998195
6526,2.4735647964073046,2.5686415308435007,3.014967578369716
6527,2.91314092005514,1.7525363026275953,3.1005383495262597
6528,-1.2384635086673084,-1.4403054703742069,-2.8889250253718437
6529,-0.8791560580820666,-0.9818324924206964,-1.2027810966419956
6530,-0.4326037703622866,0.0839189743567262,0.1686211339999512
6531,1.7811158138055894,0.9648362279744864,0.3295635053465509
6532,1.4473505185042046,0.7910301558907923,1.5660295218894542
6533,1.923288286507097,2.1308968686125787,2.8283975192654744
6534,0.931403192574922,-0.055637279926053,0.6701401319891752
6535,0.8704218463654303,1.3705511923764944,-0.2158041296090139
6536,1.38194598029837,2.234679405557721,0.9487260642070298
6537,-0.3531608769072478,2.3644242733214944,3.2287110228744846
6538,0.147782364839313,1.2888771219208874,0.2177988535383783
6539,0.5910345860017714,-1.5225233468275974,-0.8176943230660209
6540,1.2847419131997084,-1.0784046719967442,1.058245231277516
6541,0.1378002320685164,-0.2718154352082691,-0.2059938653119957
6542,0.1322852060311298,-0.4488519136142644,-0.1038224813570764
6543,1.7705806705677296,0.877428695386583,1.4996784994561656
6544,0.866157284582599,1.0250984103170993,1.4068162519877356
6545,-2.144693444909651,-1.969427764891018,-1.7992607752433771
6546,-1.2976175745462146,0.5799352336812068,0.8445982858933785
6547,-0.9548280489061356,-1.3552031092076522,-0.7368234626232678
6548,0.0808582785107651,0.8774260893130678,-0.128905792922043
6549,2.460847507345844,2.60242214638015,2.205116531000898
6550,0.9314774425488932,-0.5938913095979593,0.3209968083442023
6551,-1.3312812906177605,-1.7993952092024612,-1.3610388124064847
6552,1.7119181794997769,0.4142330141890517,1.058183375139567
6553,2.806164291670148,2.196715828832807,3.016069482675444
6554,0.7909385047355647,0.5239888026569397,0.4401022951371575
6555,1.2400700523926846,-2.377235040116944,-1.4085906374580148
6556,2.97195619618442,2.9328239234119144,1.949091321839844
6557,-0.777465711240183,-0.0119106777677559,-1.7593984186378655
6558,2.6580024823783592,2.540860662448421,2.6027831014118408
6559,1.6415045350090134,0.8705771657697016,0.2485366871827224
6560,1.578191026396511,-1.0029725788460415,1.016717796207477
6561,-0.3994891399756867,-2.189006843971455,-2.056512607809831
6562,0.7906118576269817,-0.2941349109691565,-0.9186318019272314
6563,-3.1385427009192832,-3.1243805998350043,-1.984330627731968
6564,0.0848974828707576,1.0629549449094573,1.9712767022074968
6565,-2.1054330607216336,-2.803299840897815,-1.9807552121101448
6566,-1.4107796433874906,0.1671130409482964,0.6987542334018862
6567,-0.1234095201430268,-1.6392654555548087,-1.79935704656056
6568,0.2797569592443762,-1.2799107012949045,-0.3063410276444597
6569,1.3243224680432464,1.5619909080695131,1.2411479415211328
6570,2.207346581801406,2.260531829624564,2.0458521863756323
6571,-1.1204593272562555,0.1519395618052017,-1.2805031861358829
6572,2.2932268075664477,2.0514495227584786,1.7744559595350298
6573,-0.4321242806120016,-1.7994027033768527,-1.969343599547852
6574,1.5165768069245136,-0.1211575783858818,-1.8833374565614496
6575,-0.5664119437993785,-0.711628041271098,-1.5822128239934443
6576,0.0816701858949059,1.3066522177679816,1.2554628742835705
6577,-2.412568771817211,-1.074652072084603,-2.234445066268988
6578,-0.9818303352535372,-0.1534856961433999,-0.782346972662365
6579,2.1966359811762635,1.8572010083244423,2.219448472492518
6580,-1.0903686029445872,-1.6395411258774246,-2.056692929175189
6581,-1.6187038553187103,-1.5021023239482445,1.0310074158829292
6582,-0.1487927887698035,-0.8240767406211891,-2.143546748767092
6583,-0.1884014350105577,0.2042119590781839,0.4389290470534365
6584,-0.2649133339939357,-1.0390641068956274,-0.5390322196058688
6585,-1.3920886145386278,-1.5887432520454272,-1.7595077798731855
6586,-0.7746375778947866,-0.9161387650694376,-1.1698645331463928
6587,-0.4199191902016218,-1.1802775288355265,-1.2430145379348958
6588,0.9729264529501898,-0.1178250962037233,0.2805585639806961
6589,-1.8039665209351408,-2.7754428869705814,-2.4711787020654006
6590,-0.2228378885928254,-0.903385445907443,-0.9368011563898964
6591,1.250477352071476,-0.6736729642772828,-2.056326982874904
6592,-0.2940601468158442,-0.1559616284769196,0.1693994049299602
6593,-1.4514537881008671,-0.6042673724372782,-3.003885136945623
6594,-1.2941913533094198,0.0116002797718362,1.3267335741745605
6595,-3.0733232983728294,-3.036590123154163,-3.038271780709424
6596,-0.0846904288314987,-1.3849434272252514,-0.911755867816134
6597,-1.4923291382758648,-1.4222069555597034,-1.18676282458749
6598,1.2408445505031729,1.3300023333073374,1.7204080270322957
6599,1.063433787449297,-2.0754730206586443,-1.505526984593802
6600,-0.8157775041325686,-1.5075055046526498,-2.387751464030044
6601,-0.4816243093924788,0.2920344864151575,0.2914050604322902
6602,2.4102348123491866,1.6674871718366235,-0.382349471388029
6603,1.723974362568989,0.7038784142198673,0.7038642585023642
6604,-0.4474786394458553,0.6830207129339547,-0.7822664361200448
6605,2.6066815504748244,1.8203642560130628,2.266840324375905
6606,-2.5930469509849305,-2.8430288459573085,-0.8693069665866808
6607,2.6016773407406277,2.4472860493670185,2.412798319997381
6608,2.6761078369660103,2.9051248134221144,3.0367277626625317
6609,-0.2699112140039518,-3.1410571745130595,-2.3470216190910542
6610,-0.0587117361464107,1.3949974322316157,0.3213154548745786
6611,-0.1532842728304428,0.6353719791886274,0.4126755914582651
6612,3.2701085006636377,3.1096402347117413,3.3540055884231044
6613,0.4466899646203157,-0.3514535433811223,0.4485209977949985
6614,2.856041407995542,2.6962002089213355,3.044218644586993
6615,-1.8935457756815084,-2.0296627082991043,-1.6727403133985157
6616,-1.647594156634645,-0.7894544829856627,-1.0367426073732802
6617,1.8056841555934549,1.7598461025114558,2.3062947899686908
6618,2.0488628343626663,1.7211369077976286,2.1892611937501614
6619,-1.0046927801063632,0.4055109765042513,0.5802933975696244
6620,-0.6767542815315375,-0.0769238982851048,-2.50110031128101
6621,2.846879480861367,1.7278694225773688,2.7285715719660306
6622,-2.3200854882380235,-2.907810465435447,-2.4488091170258164
6623,3.1895348655752227,2.9261035660750263,3.656073711765108
6624,0.4091613312028468,-1.2992730953167884,-0.3914647239222597
6625,-3.259319484161985,-1.5441554718813817,-3.5704599505351013
6626,-1.4141272839060142,-1.647486715331086,-1.9014612543824732
6627,0.9635030391101228,1.9423994527993609,0.5326879326211766
6628,-0.5105150741717615,1.7787292530680434,1.9802952192861245
6629,-0.032241379428365,-1.7742442457064187,-0.0399368200634811
6630,-1.0406804349461136,0.7904515669778628,-0.0655495909020375
6631,-0.0190950967403357,-3.1250167316007604,-0.6472347267229116
6632,-2.6710717222855296,0.6173199923408768,-0.5149613202569662
6633,-1.6095347288551176,0.0778772155578728,0.0800606185340384
6634,0.133296922443313,0.6113603796414405,0.2688242942465074
6635,0.018230097070743,-0.4551049645306184,0.0809666378629488
6636,-1.4218954284949992,-1.1407347584249148,0.40668416068149
6637,1.8254654950484397,1.8577063988086409,1.4822132087308826
6638,2.822355642261809,2.7583526258787785,2.722997647589561
6639,-2.2999008800644485,0.6075096596342007,-1.545386710042174
6640,-0.6178001017490111,-1.956036101574417,0.9647772732721498
6641,-0.2923934678917291,-0.1871576769492515,-0.3426239788155708
6642,-0.5906266756549153,0.7765492924238181,0.7764299014350022
6643,-1.3974123198208876,-1.61870863606755,-1.90161597845821
6644,-1.0925544178842754,-3.0766817773522077,-0.8391819230826104
6645,0.1736107547206523,0.5908622283798615,-1.9098548769222288
6646,1.2404225459532527,3.027094001206682,2.0453404185896327
6647,3.146463124637462,2.6905697492503986,2.6534419873470143
6648,-0.4054479801698515,-2.4684974131955197,-2.765453792182237
6649,1.1760439437703811,0.9316662957435584,1.1759796091656052
6650,-1.1028321670807475,-1.073339382744252,-0.759383801167953
6651,-0.8157244994591977,0.0841684478236157,-0.8894124550957934
6652,0.5010715622161619,1.150159871774824,0.1677216738185979
6653,1.2114268677486215,0.9634346296803484,0.9634836120166456
6654,3.0811432124175933,2.723081170881541,3.610469480337557
6655,-0.0497784068000377,0.7002436342031522,0.7001453044992028
6656,3.2537926724336343,2.149050691237396,3.458658719736814
6657,-0.9752433378797012,-1.6850074779579178,-1.7537519643888513
6658,-0.9524295232516354,-2.6422953818226977,-2.0025842652325623
6659,-0.3624385269987449,-1.3324994286795029,0.0847934432816797
6660,1.4534027357434842,0.870680567996313,1.3279607103589826
6661,-1.8255248803042687,-1.9807498483431545,-1.9808455799235776
6662,0.5001467450478835,1.3711062925685484,1.3711218492020445
6663,0.9488041886392876,-0.7182208353650887,-0.8380166648840496
6664,-2.01215816373136,-1.2257407173675308,-0.6306440667061787
6665,1.4483072206086096,-0.2113987193847495,-0.4857820039701888
6666,-1.4002408906831478,-2.501135758784602,-1.752760833531847
6667,0.2395728918182284,0.8458350552579542,-1.2500812193161108
6668,2.9267843757695235,3.1095269889717168,3.396582906767326
6669,0.1352524849909295,1.9307884781563407,2.2810716800686195
6670,3.45618545406256,2.887790330944122,3.146318069721449
6671,0.5809917393279198,0.2419109589333802,2.6257892127227715
6672,2.2155080205152133,2.1682435604959944,1.6229987274012374
6673,0.4142008514666251,-0.2456878360947734,-0.2373131817293333
6674,0.9313913171908864,0.0134239582862557,0.3246925892691091
6675,2.3466423229798763,0.8773481440233855,2.386175984374104
6676,-0.8853997160666733,-1.6175474971176618,-1.4668672721708478
6677,-2.1658783880299444,-1.938803199614718,-1.507260067987122
6678,-1.1220654681901674,-3.2027633869089898,-3.0194272066711414
6679,-2.6331417957455208,-2.964505059320604,0.0007705289354857
6680,0.3453261814809107,0.6986494067383041,1.0948917464020038
6681,1.674900102951342,2.1028240077909337,1.77297967969637
6682,0.7763957015343796,0.131137286984061,0.1729815444551374
6683,-0.9266678175518984,-1.0300349072861124,-0.6874326719925108
6684,-2.237617958449143,-2.764174691205885,-3.3844539675098124
6685,-0.9139752802700176,0.1535529134329494,0.7581664738015399
6686,2.1747296138582803,0.5824128077350308,0.7583284632633865
6687,0.3576284497467946,-2.257210165516804,-1.758624064765527
6688,1.4581489951087832,-0.118244073972455,-0.8324855879518847
6689,0.5235343080574251,1.2888869550797746,1.2888784430147675
6690,-0.8325129180381589,-1.6887561401443325,-1.6889884360608476
6691,0.0215853749931389,0.4997351733196334,-0.2703417357555514
6692,-0.9333134619780936,-1.8936896029986252,-1.148711207953166
6693,1.9892196163214964,1.7460212832916742,0.7765817638096078
6694,0.1698629043601475,-1.4844915610701,0.873359890822265
6695,-1.5879413491596108,-1.6727201584925515,-1.9383855518000053
6696,-0.4195712427408359,0.0621272582702916,-2.049622215915147
6697,0.8774144212111928,-0.5911208572918794,0.4500522436720164
6698,1.2512612427128251,0.4082844551515481,-1.0845041232457762
6699,-0.4643408594540603,-0.7824065940795442,-0.202462099431033
6700,3.012863815673001,2.922915075687316,3.046081158232797
6701,-1.2779863588449667,-1.9013585513943967,-3.1043892516385148
6702,2.2496755840076084,2.583217333911391,2.710434146278733
6703,-0.9524001620001696,-0.15542411489244,-0.7503898529872499
6704,2.2126203719832187,1.7018299390015537,1.4078261516095083
6705,1.812489839607015,1.058223810040123,-0.3595222979159069
6706,-0.1556834122151769,1.1366082109660578,2.123917150782205
6707,-0.8517803824916392,-2.3231974530084534,-2.235095947732964
6708,0.1728329230458436,0.6832507288720767,0.3298372588832127
6709,2.449815588868274,2.795124594117884,3.2288197672148016
6710,0.5330279067570248,1.2114504408681457,1.288923794328387
6711,0.3453692082204678,0.5228106659281816,-0.9158688276654416
6712,2.402045260180389,2.572866080366944,1.7036965572004434
6713,0.084676550738129,0.4944086025608686,0.8453624610913284
6714,0.4088265721975288,1.8804894188702377,-0.2442673787845109
6715,-0.2981693170471693,2.169862945618542,1.379612974864612
6716,-1.969074385744712,2.077426637099167,-0.8005786793001881
6717,-0.0007459012757309,-0.4903771378279629,-1.065902427180783
6718,0.4502142348325643,1.3631190626801524,0.1458385597561537
6719,0.28749225683831,-0.6052833702498697,-0.6281714376771506
6720,-1.1087394975539044,-1.503483348684916,-1.1020046582071137
6721,-1.6297328448257775,-0.5966946303806184,-1.7575100589867625
6722,-1.1177196876887114,-1.2999641734906735,-1.0381004836511971
6723,-0.7898632718182729,-0.9583145313329906,-0.6866475456898025
6724,1.426194259485734,1.7200530148281414,1.7762191178546471
6725,2.334772368865405,2.230853529035882,3.1095369394342294
6726,0.0684195621875407,-0.208523544530094,-0.7510020215597542
6727,-0.010683474838749,-0.2863980419073006,-1.716797647319286
6728,-0.4249926012760303,-0.4951713279143174,-0.5214442615468784
6729,0.964883206538338,1.412538793113357,2.2553242279170176
6730,0.1613270331942541,1.453906721282622,1.3286968107471109
6731,0.6702433210057964,0.494822915109727,-0.9161396554817728
6732,0.4498527902046874,-0.0459001599916097,0.5324494768945347
6733,-0.1536258537069434,-1.2622959976270591,-1.747111970665073
6734,-2.075272425677392,-1.7159852282302752,-2.740997317859254
6735,0.2491837999232924,0.0993555786127594,-0.5956025759974771
6736,-1.3117866585057265,-3.137008763081109,-2.8012353808236625
6737,0.8454421299298593,-0.0610935000630143,1.9802703155681465
6738,-2.4531111054303008,1.0483443546873057,1.048291048638131
6739,-0.8305083239259052,-0.9135144837673504,0.0838354570065698
6740,2.354813793717072,1.9373030685019907,1.9373536744775133
6741,-1.9561072176132568,-2.599870219902419,-2.237636478250924
6742,-0.1794958112863615,0.776361995495138,-1.9560753635541928
6743,1.4586569848375348,1.098010795271581,0.7583475445843372
6744,1.250902444701959,0.4949655350131463,0.58228892326759
6745,0.1725341677767772,0.0968162051251995,-0.605968232519737
6746,-1.355305672634452,-1.0450278123846417,-0.0028990496058076
6747,-0.875909491129254,-2.162281119353115,-1.0409484546531722
6748,-0.6980808814453143,1.1627594901371945,-1.2886274877087247
6749,0.1657171788907435,1.5026252572218124,-1.4347868150058511
6750,0.7906392213988914,0.7038023642563779,0.9634859811743868
6751,0.5235963411887105,1.4145932477099432,-0.3027289854039104
6752,3.3517949771644977,2.882509577812752,3.435187629858259
6753,2.8556038516887954,1.643314641777084,2.870634164106914
6754,2.588054521566955,2.3734521858097395,2.0695098592986483
6755,0.170230088370847,-0.448196775626256,-0.9308246928897712
6756,-2.4567316971472426,0.9466591482574696,1.549633077922337
6757,-1.7728085261937283,-1.6477441243196569,-2.5269530139049805
6758,2.292489851706607,1.7041633762210484,2.897859267971534
6759,-1.0700023836954076,-1.3439663358136853,-0.1058698206869256
6760,-0.2242853667379034,-1.0961691570015992,0.0608602798529974
6761,0.7581576537347561,-0.4839688061097872,-0.8586530543221172
6762,-0.0211703663108015,1.6741276766827182,-0.1192865952206713
6763,1.5615647928090994,0.700441903618332,1.4098290006672716
6764,0.4494939220358539,-1.2038883444184738,-1.33882739575746
6765,2.3739123023133955,2.036118115323547,1.380804314154731
6766,-1.3790674215321974,-1.414066751925729,-1.688583310087119
6767,1.4998214781258412,0.2919410231422711,1.1311975915460426
6768,1.3281112146147906,1.2842878076600344,2.871542235155682
