item_id,cn_ftllm_output,es_ftllm_output,de_ftllm_output
2,-2.1023857679242903,-3.062177561565356,-2.549363928209516
4,0.8944915541081805,0.9833647277688942,0.622390506314211
5,-3.0021577124488,-3.274674774289438,-3.173477154729851
7,3.0202799928269464,2.5431809391535927,2.4578061411995806
24,0.2732029129424874,1.6938177762410227,-0.3680953311491987
26,1.1539096504810904,-0.0962207157287988,-0.579339233095162
28,-0.5598676265829846,-0.2155331633044842,-1.0219191223775437
38,-0.8195907384063963,-0.9141870223078707,-0.9590415877618196
44,1.2350409622807614,1.3862796899044592,1.386569971028036
46,1.792045193623107,1.5828092976569816,0.3569052903747428
53,1.1540290729449738,0.98301848596932,0.6227242462606369
54,-0.4513443675732426,-0.9464378742766668,-0.8682543803840992
58,2.747854373112193,2.541815260528725,2.35564052101051
59,-0.7258385081903349,1.3874148581703258,0.3562607007796792
61,-2.633629275995567,-0.7814493704299204,-1.3238307199383927
62,1.2351375242131737,0.5324887278025615,0.6224346795286684
64,3.262901670897198,2.5431911787666475,2.1374777065701505
95,-3.0007867949521363,-2.934963704669402,-3.461715356437124
100,2.8086109981076235,2.685011724620016,2.0042441478506503
102,-2.193041586778685,-2.5494203651465854,-2.4627918099197
103,2.8106289162710287,3.179048527069238,2.6910650028491605
106,2.3111696433829465,2.2086961204106235,2.238061901868593
111,1.3866405767320071,-0.0304457278143684,-0.27043597416112
114,-0.0946848333032117,-0.4872425161327902,-0.0964663176105291
131,-0.851066594545265,-0.7865345289643129,-0.7726759866188739
132,0.6227723486289409,-1.5204770116536328,-1.2139547901843206
134,0.804274014505585,0.1918587422098078,0.1097758607876481
141,0.6224548610916079,1.749637598026087,1.9025072816919328
160,-0.0311047540731865,-0.8390559451604145,-0.5652042211972432
161,0.0403994164106765,-1.4508233535662558,-2.2839507765235525
170,2.2631761007339932,1.842137976013564,1.8737604014974385
171,-2.5498182812725063,-2.792000608503546,-2.714857030662382
175,1.069820400226529,2.3055754808275157,1.45626101560959
188,-3.000768220770316,-2.012132151545467,-3.3214683771666897
198,-2.633589270065492,-2.373888393680894,-3.2217433568427056
199,0.1146675680277291,2.1902495765576564,1.2348135476187303
201,1.312624248156942,1.2350301273413662,1.881392723311848
213,-2.2838979115445257,-0.0300725177315743,-3.119073376178052
218,-0.6305935567083653,-0.6608518514158566,-1.75264321133805
220,-0.7630106848846465,-1.5937897835596182,-1.6708188206128902
229,-1.6716787099789578,-1.594171268678544,-1.8368893896159395
230,1.0698208764876012,0.1919239006777641,0.8943369478575797
238,-1.265789973707848,-2.3739893610282254,-1.213708682275201
240,-1.2660345337684826,1.9655167406246887,1.64552788013982
242,-0.6763932622603264,-1.2146264373615552,-0.7102792970882874
252,2.44913747529181,-1.2424180569102503,2.416106150490755
254,-0.444557796124316,0.7134575766045513,0.4437698627292782
265,-0.2647622164739781,0.5327243579680901,-0.571446456006829
268,1.694155207210759,1.830732713984262,2.3683264490632716
269,-0.4445573198632436,-0.2745058333882845,-0.4513442485079745
272,-1.4490296353026435,-2.102252652954578,-2.374040559093499
275,0.5325911239331096,-1.4503474496897435,-1.3854835492066548
277,2.2468077220700797,1.9781910002811784,1.5219998076825243
278,2.6906892328631025,3.019886601181213,2.327261076233308
282,-1.6716634696246435,-0.3663432559630969,-3.1185416306908103
297,1.9823801926732756,0.2718646788619118,0.443805582309702
300,2.229424192930523,1.974511169105924,2.063864890188605
301,-1.7527444168159172,-1.9234331703719532,-2.0122059720116763
304,-1.0328460396923378,-1.9233870921132064,-1.671764198841439
316,-0.5240517521236796,-0.6567670792638651,-0.4942014047909444
317,1.6932407859519112,0.5324656291405541,0.7133769098854277
320,-1.7527241757203438,-1.4505548613867374,0.0393222031640474
324,-1.450357332106994,0.8944205912084053,0.7133837561383423
325,0.1146699195667736,-0.5894141193515817,-0.9921520314335128
336,-0.4412486746612261,-2.012193470158528,-1.4509342033308377
342,2.4193828266682935,3.709594788930642,3.3491011148979264
356,-0.7287107791848424,0.1919219658671578,-0.5894212037350324
362,-1.671706214055884,-1.213132525442966,-1.3855997569083
363,0.1922668086498321,-1.3842563434885629,-0.7630176502028292
364,-0.514191957274045,-0.8021783359393307,2.193123812129087
366,1.23496666555348,-0.3648027895246888,-0.8899867684402467
369,-2.3741000917275388,-2.714334096004978,-2.462664886343928
376,0.1894779428756141,-0.5587629687920632,-0.0987416846498387
379,1.6417331509808697,0.5325086117023307,-0.5712369011350097
387,-1.322671024227302,-1.7526046341911925,-1.752485449857845
389,-0.2804114706850105,-0.5212134147305747,-1.3151131182054414
392,-0.4574815570500655,0.1134457202467008,-0.9649911006098326
393,-0.0944123822035296,-1.5202886503995316,-0.68409136763535
396,-1.4491756093213084,-1.166974731097257,2.266278941620136
400,-1.2031973622786372,-2.374023413694896,-0.4388635294447475
404,2.140735332304796,2.876359611905734,2.500222904822243
411,-1.3852336312089566,-2.7920830016690568,-0.3183548033543538
412,-1.1300106804915475,-1.6712417404451072,-1.5149208309187192
418,-1.8368636715180344,-0.8753192371308439,-2.28384123647692
426,2.504918124603676,1.6961149024580735,2.033024604450743
435,-1.923362445602714,-3.06175892808279,-0.8694690247164087
436,0.983104093897069,-1.164237301518849,-1.8367373432686027
437,-0.895319761330146,-1.2626277192529338,1.3867528552798056
442,-1.450731673309835,-1.752650593384671,-0.7866372822906652
443,0.9830827812140828,1.6966215251737506,1.3131782588493142
460,0.8944432731419744,0.3571003192838564,0.1144927802141889
464,0.8043520022561768,-0.5382848142698616,-1.1171837791613803
470,-0.0289659251300466,0.8943386743039669,-0.6366399291519608
474,1.1538435692573066,-1.3845628174885989,-0.5240545799237964
475,-0.6511386854438614,-0.4611654066781175,-0.6928771937669107
481,-1.07300032509096,-0.919513942869098,-1.9234161440386175
482,-0.7866390682696864,-0.4123722812213785,-1.3231154948730413
487,-0.444557796124316,-1.1159488342008634,-1.0280590205892155
488,-1.0644931116867042,-0.2159275670049964,-0.90818095345752
495,1.07011973031048,2.3055650030839248,0.7133739927863597
497,3.438195035565659,2.386265060482613,2.3862417236900697
500,-0.5509601455137639,0.3572182831982058,-0.1572279433472186
502,1.8373552432600928,1.583157563566113,1.3867675003077795
510,1.787502377384815,-1.0093795850718856,-1.025189904824312
519,0.3571804799755907,-0.9763237923582404,-0.8771438528315229
522,-1.2660345337684826,-0.0955542478907257,-0.8477253849924278
525,1.7935694671850564,3.178440817940962,2.749120513172947
532,-1.593618091443048,0.7133964961220267,-0.1035747522453907
536,-0.5894172150485517,-0.5170818499282281,-0.3172973549422258
539,2.692444016784053,2.1545878618541967,1.5227539670905377
544,1.7906996370285446,-0.0316168537911949,0.8042534162142073
551,-1.2131394312285146,-2.193098499976827,-2.193183988839308
555,0.3566909133595662,-0.2282253720501368,2.029462171629815
561,-1.2662856424188615,-1.1113083844427465,1.998454241994497
563,-1.5206482275091306,-0.713485784290293,-0.6057923804327457
566,-1.923502228227439,-0.4611634421011942,-0.92065994607436
567,-1.5942804515293725,-2.1930632566574757,-0.8427592917261144
572,-1.323980027784564,-1.8366726908280355,-0.0987449887110279
578,-0.4905095182572971,-0.6608489343167887,-1.323488288227397
579,-0.3195529571470343,-0.9242438106435424,-1.5941253094850654
587,0.6227165070182118,0.3571416944645139,-0.029902075800319
591,-0.965194642685614,-0.9195208486546466,-2.1931994673241584
603,3.26298835041236,3.5283281578931867,2.749641066524989
616,2.5849678475081164,2.1141940171361995,2.19024314703318
617,1.694869717884502,-0.7102976926722055,0.1128347070572356
620,-1.5942323491610684,-0.7396934190450976,-0.3172986051275406
632,0.7135621159099248,0.8043391432072242,0.8943743938843906
634,1.9654886412214223,1.45589405645337,0.2718942963473465
639,-0.873595588777496,-1.5943387935107312,-1.8368509315343504
642,-1.6699163058808502,-1.186835175008664,-3.0065074048222673
664,-0.5030858467307917,-1.0140587905747622,-1.0040786207390997
668,0.5325568331359027,0.4438309432118028,0.8943597488564169
671,-0.7814405596000825,-0.3195504865427216,-0.0979866024859977
672,0.3570111393980651,-0.3680904197068904,-0.1595203069535466
673,-1.520660729362279,-0.0976472664719721,-0.5598676861156187
674,-0.3663473934811627,0.1146831060452134,-0.0959790430009151
675,1.3863281494685673,0.2728848003124969,1.3869032347133896
676,-2.373961976016567,-3.3068697846475046,-3.221759073458092
678,-0.3663483757696243,-1.2064248645004587,-1.211773990734183
681,1.793588517627949,1.837357386434918,1.755544783171298
690,-0.7630168762785866,-0.2688993475776074,-0.410128853440231
698,-1.1171622283478582,-1.5201522016023128,-1.265801999299924
700,-0.6057873796914864,1.80207679965458,1.3869946768392745
704,3.349435688301229,3.438099068959587,1.794302790171156
705,0.1919711695891915,0.8041907283505636,1.5216321341346957
706,1.582033587435446,-0.555139098292806,1.8785333708989271
715,1.521668687171996,0.532428004515841,2.691087387119559
719,1.790071448674159,0.4436981259052606,1.5245102988599732
726,1.6411508027546944,1.0696932385202205,-0.7287145297407869
729,-0.9000443307001608,-2.8655465102044304,-2.549603011267819
733,0.5326135082035084,1.8684912871238637,0.5324802741685278
737,2.355680765071121,0.0372328160734774,1.7952981758122977
738,2.4646290573215883,1.3126019829518112,1.069811589396691
741,0.9831713657735336,-0.9081608314272146,-0.5282317764901344
742,-1.594296525340563,0.8943854074216879,-0.932142064734207
746,-0.9851877253056612,0.038747058386591,0.1115937790669977
747,-2.6337204799909153,-3.6792068808960536,-1.5176050383222954
755,0.5326969134237979,-1.6711481551443972,-0.2659740330061707
756,1.9714983415624496,-1.5935491526528305,-0.0415237984869889
757,-0.575149981170431,-2.462692985747194,-0.9998352536500266
759,1.153867144180386,0.4437415251954754,0.5325427834342694
762,0.8042603219997558,0.8944007073086361,1.3880428083941752
763,0.3571279424260508,-0.9888813085193784,-0.4872446295412986
764,-0.776883395996987,0.4436179949798433,2.368315256928072
785,-1.3219369868495938,1.455551386611838,0.7132929093387979
789,-0.2136207667349139,1.0698588583081186,0.8942655682293662
790,2.0783782319758455,2.430829999671959,2.2525697666535023
793,0.7134965109472132,1.8972403104931832,0.9830520623749184
794,-0.0289631270962468,1.312859044865594,0.0401890876146147
795,-1.4510662467131374,-2.5492503399437685,-2.8654457809876352
807,2.070700903490102,2.140729617171928,2.3949663502738376
808,1.234816167054628,0.804264965545211,0.0399333949514147
810,0.2730250294319772,0.8943386743039669,0.1134328016651142
812,0.1142727773650956,-0.4795490840695388,-0.7768753590913916
813,2.5017776590928205,3.0979681752043047,2.9459080162961286
815,0.2728301791207657,0.9831639837269128,1.8395617608081352
837,-0.0942852204972211,1.3870190852192308,-0.0962162210149288
842,1.694522166366979,1.582546758740867,0.8041225634845883
845,-0.7241510556784831,-0.9282973876952972,-1.2586043847792712
850,-0.6608557805697032,-3.00100230308736,-0.0959827340242256
853,-2.54932773236802,-1.752743940554845,-2.102320282026847
855,-0.3141680518002525,-1.115964669881518,-0.6366393338256204
858,0.0406902035616428,0.8943863004111985,1.2350021470033676
868,-2.373922922608637,-0.0950029756995192,-3.0614948413181904
871,-0.8427500046352042,-0.0306456979321073,-1.5937897835596182
885,0.6226751913701883,0.0380547236190278,-0.5673991894142825
894,-0.6772119550436386,2.269983776501687,1.8421090431534208
901,0.8042755623540699,-1.305307855248587,-0.0318998719334191
913,-0.4022709624754452,-1.384859290006116,1.521886338482045
915,2.230239075625257,2.1902495765576564,2.2370524665258182
917,-0.8108472995102717,1.8785894506401928,-0.7727787399452262
929,-1.752770968370699,0.0380547236190278,0.2708424737691353
931,0.0410660330803347,-0.4123720133245253,-0.7396916925987104
936,-0.0313531242223996,-0.4700242793516448,-0.5673938314772189
937,0.6227088868410547,-0.6597969331406753,-0.976315576854743
944,0.7134747220031548,1.0698742177277007,0.356660462417255
947,0.3573513088689672,1.835390904467323,1.2355346068822175
948,2.8770266155375133,2.155949254129414,1.9414331707197825
949,-0.6205064662619675,0.8043260460277355,-0.266904141114088
953,-0.5288572858759882,0.1905387251152483,0.894387133868075
960,0.2721960672692931,0.5324822982780852,0.8943715363179566
978,-0.677215586534315,0.1916372808111806,-3.1188847767934145
979,-1.7527451312075255,-2.102170021658531,-3.2659780089784003
980,2.300851685381743,2.276038721644584,1.5239122340184117
990,-2.633589270065492,-3.118912399935609,-2.791815104815879
991,-2.102177165574616,-3.8484164866267423,-3.1707915185430573
1003,-0.5840702319896531,-1.3236615281924522,-1.9235285416516843
1012,-0.753561665209885,-2.102256701173693,-2.193230424293859
1017,0.2731597815491258,-1.752294469167846,-0.4428029229044143
1020,-1.075915757245146,-0.3634407126241804,-2.193083259622513
1022,2.2631763388645294,1.79357172942515,2.4552483811107044
1024,-2.633744293044531,-2.3738900605946474,-1.9234454340945653
1025,-1.9234949652460864,-3.173828397270684,-2.102276227877658
1030,-0.7552463196879369,-0.0297349676965699,-1.058388278196482
1035,1.9090714689864048,0.8043473587107217,1.4580719983370738
1038,-0.68697060394804,-1.3838855742437646,-1.5195244895089997
1047,0.5326559549715786,1.7906752286485883,1.998443764250906
1051,-0.1658981571034745,-1.1388166286534136,-0.0359248137882008
1053,-1.384709267768336,-0.7604283973505459,-1.6712315008320524
1057,0.6226848356569027,-0.4448374506727169,-0.6872555866671874
1061,-0.8021752402423606,-1.520355565080192,-0.988884880477421
1067,1.7397192230645573,2.584957131633989,0.0405088969246753
1070,-0.2710112975364784,-0.1603820418312694,-0.0302497463831101
1072,-2.1931182648113285,-1.7526438066643903,-2.6334163872962413
1077,-0.6979525294166867,-0.9888928578503822,-1.5934422320420951
1078,0.5326988780007211,1.3124912522524974,1.3864342366224258
1081,-0.1574950067435202,-0.7658915285784557,-1.265233581710114
1092,0.1144874818097593,-0.1599333443685132,1.8814254662605696
1094,-0.5840688032064362,1.693818252502095,0.2729932390054
1099,0.3567413375005978,1.069921010378056,2.226060122846215
1100,-2.1930713530957053,-2.373999362510744,-2.283864335138927
1103,0.4439648321057579,-0.6695507599017195,-0.212892890984829
1104,0.6226579269063168,1.9823639997968168,1.6405602390250218
1112,2.8108620460659277,1.6411191313933853,1.9144625061944929
1118,-0.862211401300644,-1.1182064307489124,-2.1930527789138847
1119,0.6227361527874449,0.8943558792352043,0.5324576517675929
1126,-0.4513442485079745,0.3567517854778717,0.3567556550990843
1130,1.456325906180693,2.4610909138153483,1.386704991042038
1137,-0.3634418139779101,1.5227532526989291,1.7994983222090577
1145,-0.5385311305432003,-2.7146291397392783,-1.923506633642358
1147,-0.5652735171832654,-2.3739567371447716,0.3569662220256823
1150,1.663888458869234,1.6449991112842806,1.9945674753833211
1158,0.0383054155409684,-0.2729745945081526,0.2719956208904818
1161,1.7900796641776564,-1.593342455347445,0.9830902823259716
1166,-0.9590355154331476,-1.5940698250701404,-0.7520460238798714
1172,-1.1093426168667595,-1.2662968345540608,-1.4505879615312631
1173,-0.7273444457010001,1.9025397865101183,0.8042583574228326
1180,0.8042540710731817,0.1143520153010023,-0.1565082831006312
1187,-0.9195185864145532,2.578225181376794,1.9484127767345825
1188,-1.3838560460572809,-1.3844381561529198,-2.4631471006796484
1190,1.835398762775016,1.4568139547145496,0.8943979688074702
1195,-0.877142543113574,1.8081262677951455,1.925585702603715
1196,0.356353571688781,1.2351535980243644,-0.1022499427737909
1201,-0.7658961125912768,-2.5493315424565988,-2.462727038413865
1203,-2.3739641191913923,-2.373862675582989,0.8041279214216518
1208,0.1909467617889556,-0.5030903116783447,2.2565086838520965
1212,1.2351780064043203,0.894362963618655,2.6336231549170535
1214,-1.1532722237856357,-2.19309397549664,-3.06232424997563
1217,-0.9195226346336678,-1.5204766544578283,-1.6716201298670628
1220,0.713476627047444,0.0394826733791011,-0.0300695410998723
1226,-0.1548997410951989,-2.0123008670303353,-0.8313877847003128
1233,2.0638925133307997,2.9459013486411165,1.3127430752944849
1244,-0.7273511133560125,0.6226998378806807,0.8945582306583048
1246,1.3875501163148638,0.9831617214868194,0.9831009982000988
1250,-1.163858197705285,-0.2172730343006079,-0.3748374019541807
1251,-2.1931561275665774,-3.409654067969514,-2.3740015056855692
1286,2.045806022848504,1.745589497976664,1.7513640444132348
1289,2.2760384835140477,1.3863944688228875,0.9831950597618816
1299,1.9144940584905337,2.125169691678272,1.1539974015836647
1304,2.5898116607441124,2.238059758693768,2.0787611458779884
1315,1.2351697909008232,1.1541081322829785,1.0699592303291092
1324,-2.1931677959628493,-1.8361123696764552,-1.514565540158771
1328,0.1913932565442524,0.1132998950596208,0.5320727137558929
1329,-0.161896075780164,0.2718646788619118,0.1894690427468252
1335,-0.7691021235322101,-0.2684495785274384,-0.9763116477008964
1338,0.6225344562233187,-0.3680890206899905,-0.6393115156371209
1343,0.8943768942550202,0.4437577180719342,1.6400820729084158
1345,3.1789651813815825,3.0975247761459777,3.0975200135352545
1354,-0.3283803072908376,-0.2163467660475861,-0.8936970207914952
1357,-0.1591254865245961,1.0713333625880108,1.071160717949296
1371,-1.7527643007156866,-1.025164008128505,1.1540057361524303
1377,-1.0140895689465608,-1.3850306249268818,-1.320679895749214
1398,-1.6712232853285551,1.3135923678516934,1.2352990957819572
1400,0.5326754221429095,1.0698448086064851,-0.0995931203818727
1402,-0.0944030951126194,-3.3121946215665403,-0.4843604222536662
1404,1.3861734836853326,-0.6598008027618879,-0.6057893442684097
1407,-1.2113717882586117,0.3567420221258892,-0.8771528422592628
1415,-3.576135650277973,-0.3680889611573564,-0.3777010407167524
1420,1.7455874738671064,-0.0295867314378113,-0.3241823040689028
1437,-0.0306456383994733,-0.640330059472904,-0.2172720222458292
1438,-3.484616131968932,-1.3848966765002926,-1.0505591414939373
1445,1.0697651539421402,-0.1591276296994215,0.5322664924796917
1447,2.269989967895627,2.2699847290238315,2.045760539916098
1449,0.8043770059624734,-1.1388415132944425,1.2352075345908042
1469,-0.9810247272725416,-1.593700960869631,-0.6979426469994361
1475,1.881469044148687,-0.1022578903804352,-0.7067345454596689
1480,2.2525931034460456,2.6918051125555404,2.355659333322867
1484,1.3128388037700205,1.9871204191260428,1.987106369424409
1493,0.2731308189226655,-0.5652110079175238,-0.2669053020004518
1500,1.876058361171366,1.7870698132658835,1.7884098928581142
1514,2.639364244013294,2.359381551733557,2.394978971192254
1517,-1.5937027468486524,-2.715950526084421,0.8944644072270584
1518,-2.1022686077005006,-2.791775098885804,-3.062691923523458
1524,2.166942312200626,3.178773724430511,2.186309468706381
1529,-0.9700086300719564,-0.885051929806804,-2.1931030244570144
1530,-0.8359328036460643,-0.9284275260333076,-1.671582624307618
1543,-0.0944162815910592,0.4438407065637854,-0.0297420520800206
1551,-2.1931330289045703,-3.000440315022026,-3.0621699413881993
1565,-0.8783215273980938,-0.7273478390611403,-0.9000432591127481
1566,-1.5203487783599114,-1.8367562746462271,-2.012229427869488
1580,-2.5495032345731685,-3.170815093466137,-3.265995154377004
1589,-1.2136985617274143,1.0699510148256115,1.313720958341219
1596,1.911607797327027,0.6224767095683004,1.6423489565473748
1600,-0.4574789673804848,-1.0305842758599062,-1.7525428393170592
1602,2.5888177038861877,0.804266632458964,2.5443854034054816
1609,-0.5240536571679689,1.884690116846032,0.4435991231348527
1620,2.1436071865708652,0.8043260460277355,0.113148176141771
1629,-1.752823833349726,-1.385021933162312,-2.283886243148254
1633,-0.827785405481944,-1.1017123191619071,-1.045879281132086
1634,-1.4509180104543788,-0.4574830453659165,-1.8367159115203484
1639,0.9830902823259716,-0.4881174970215869,0.9834178308784576
1648,2.9437841300441328,3.709371660618262,3.261379302379538
1656,0.5325724902186552,0.0394892219688454,-0.0976449744655616
1661,0.5326625035613229,1.6941290128517816,0.4438369560078409
1663,0.3571416944645139,0.2729932390054,-0.030443644172177
1680,0.7134982373936003,-0.1595162587344319,-0.6695607018516041
1686,-0.8771311128478384,0.9831698179250488,2.055513176024461
1696,-1.5204770116536328,-2.462607973145786,-2.935253747662443
1697,-2.8659187082324458,-2.865403393752199,-3.000642964108297
1700,-0.2133618890757928,-0.7258315428721523,-2.0121189353007103
1715,-3.0061347305331796,-2.795997629552963,-2.5497997070906857
1720,-0.6171742461368702,-2.1022307449452513,-1.2655229103115464
1726,1.740135356176494,1.520681874230156,1.521504496167315
1727,-0.5954472160177864,-1.0712368494054394,-1.7527015533194088
1739,1.8847229788600224,-0.5954487043336374,1.9255743914032477
1746,0.3572754345268838,-0.6022614999078585,-0.8282630953374776
1751,-0.2669065224194496,1.8049125771444212,1.897238167318358
1770,-0.2128921170605865,-0.7768767878746086,-1.5939651666994987
1771,0.7134548976360195,-0.5954523358243138,-0.6695567726977575
1778,1.7440202177433806,2.355661238367156,2.2163617805000952
1784,1.7906910643292429,1.3128447570334243,0.2728329473882485
1785,1.3860167937925405,0.0397955471372961,-0.2804115897502786
1796,-0.0297452668422587,-0.0955560636360639,-0.8098451866814835
1798,1.1536959283248884,-0.5840704105875553,-0.4465459182043846
1803,2.238086667444354,2.6355965426701977,1.6423608630741828
1806,-0.6434554632273477,-0.3634406828578633,-0.9321389690372368
1807,0.1144188704490287,0.3558555216724059,-0.3261567038768254
1817,0.8042950890580349,-1.2621444333298004,1.5823663748597272
1820,1.1542427951011758,0.6225565428305474,0.1094189924128979
1823,1.7417201148946275,0.1911673897307062,0.7132912424250447
1825,1.23506275122482,0.983099569416882,0.2729476965403598
1831,-1.5938634849605593,-1.1456797888360322,0.112468343227356
1839,1.7445685133028852,2.044414149864658,1.4561865998170405
1850,-0.7535670231469485,-0.4700387457817164,-0.9195376963900798
1851,0.1908246305902234,-0.8753192371308439,-0.5780421955973418
1854,0.8042430575358844,2.070687330049541,0.6226221477932591
1857,-2.549353212335389,-1.83675734623364,-2.1930820689698325
1859,0.1921366107791876,-0.0297331817175487,-0.6239887086248445
1860,1.8421614318713757,0.7134020921896265,2.281371178740777
1861,1.235052273481229,0.532488013410953,0.7134181660008171
1864,-0.2223625684836023,0.4436057907898652,-0.1695414054751115
1865,2.0638925133307997,-1.7522719658321793,-0.0973144195150569
1866,3.020157117470289,3.3492168463384995,2.8101288421450965
1867,-1.0712630437644168,-2.283870288402331,-1.8367924704877232
1871,-2.462846103681944,-3.6323954182285902,-3.171356602305361
1875,-0.3634378848240635,-1.671641323484781,-0.7659034946378976
1877,-1.9234717475188108,-3.0609190416817595,-2.714455542578419
1878,-1.7524111531305635,-0.0970201794713162,-1.5197744075066977
1882,-1.5206764459776654,-2.8656605747312502,-2.4627882379616577
1886,-0.7988624872885943,-1.7527292955268712,-2.6334842544990464
1896,-0.8682543803840992,-2.1021824044464115,0.27272236552052
1898,1.9554790622645437,1.642034624239646,1.5834884459461052
1900,-0.314809575464663,-1.450751319079068,-2.0122259749767135
1908,1.0697990875435428,0.1139253151465236,0.8042662752631599
1913,0.7135362787467516,-0.0325031161141421,0.4435790011045474
1922,-0.6010566784601655,-1.1203679416256211,-1.32331516732761
1923,0.2729414456137856,-0.2163442061443224,0.0400666289863953
1924,2.3351953475675664,1.9871073219465536,2.3626441782094623
1930,0.0409993565302103,-0.1569734711030165,-1.5940594663918175
1932,-0.9195185864145532,-1.213132525442966,-0.985199750897737
1935,-2.374014602865058,0.3570206943858285,-0.8850511558825616
1937,1.0697927770843343,-2.1022009786282316,-1.5199216912433116
1939,-0.0950038984553469,-0.82824868844004,-1.32268971747439
1943,0.1147309405166642,0.8043307491058247,0.1917188107534978
1955,-1.2136796303497897,-1.1634484941178247,-1.0729960387413089
1971,-1.0729966340676491,-1.1652234000690809,-1.1610613545581057
1977,2.3556738592855724,2.5431804628925203,2.8085979009281345
1980,0.2733059639320099,-2.1023745757890913,-2.4628151467122437
1983,-1.0692578655846958,-3.062353540031577,-2.7922282612961133
1989,-0.8682421166614871,-0.0359165387520693,-1.449876070293418
1990,0.4439367327024912,-0.2159281623313368,-0.0306534967071665
1997,-0.8359367923325449,-0.8098397096791519,-1.1625943198846247
1998,-0.669568024365591,2.037154978600409,0.8944496431338166
2001,-1.2630839773602132,-1.0251713901751258,-0.7397194943388068
2003,-1.6715956024218386,-1.593131947953481,2.107726629904676
2005,-0.687247311631056,0.0391355385900163,-0.3846057249116136
2009,0.8043359284449861,-1.8365506489282544,1.6924374525881811
2015,-1.2134416188788997,1.0700738901822695,-1.83677532508912
2016,-0.4513418672026129,-0.9464360287650114,-1.3821123352062616
2024,1.9601923799667256,1.5217669160181613,1.3125347110753465
2035,-1.52050880208021,-2.54944989333307,0.8943700480021057
2036,0.5327167377909331,1.6952601328985335,2.3272798885456645
2044,-2.3740586570142472,-0.7726759866188739,-2.2838810042764583
2049,1.5822665981650768,1.9414486492046328,1.7874649908906382
2051,0.5326242240776355,-0.5551381160043445,-1.4507592964520293
2052,-1.5941963914501085,-1.5938006184990134,0.2723935370164024
2059,0.9829953873073128,0.5320343747395714,1.6396947535913544
2061,1.5216304672209426,0.4437864128015413,0.9831670794238828
2063,-1.7527344153333986,-2.373862913713525,-2.4627589479057104
2070,-0.2131220320932473,1.456527602744819,-0.4488001809249273
2083,-0.8937031526528013,-0.3209120871821578,-0.5954563245107944
2094,0.8943893961081686,-1.115958716618114,-0.2151651325608515
2099,-1.7525659379790666,-2.373894108813762,-2.462692985747194
2105,-0.5714463964741949,-2.549317492754965,-2.3738786303289117
2111,2.543796744720098,2.038379207686799,2.038363252940876
2115,1.456834672071195,1.5850234353821815,0.9832606647245932
2122,0.5325615957466259,0.8944479762200634,0.6226919795729875
2136,0.0406057267539407,-0.0297407423620717,0.0405179161187323
2141,0.5327418605624977,-0.3183494751836072,0.1146716757794778
2145,1.5210240678106155,-0.0348993641668691,0.8042735382445126
2156,0.4440042427094921,1.4559040579358886,-1.923506633642358
2161,-1.1585007369027955,-1.6708659704590496,-0.4574815570500655
2163,-0.6511379115196189,0.7133695873714408,0.8943042644414919
2165,-0.8359328036460643,0.2724664347267838,-0.514193534888847
2166,0.9831606498994064,1.6405490468898225,0.894173292646605
2168,-1.2652283428383186,-1.261120829220124,-0.8937007118148056
2178,-0.5598703948504674,-2.463646698544508,-0.030443644172177
2179,2.6918132089937696,2.263997412953203,2.2457470886620303
2185,-2.283978161535211,-1.447846602799009,-1.4485818308293978
2186,0.6225686279552575,1.0699050556321332,0.8041506033552209
2198,1.0697733694456375,1.7889414002148196,1.4574410714815222
2201,-0.0297375275998336,1.8847178590534948,2.4523889096325155
2205,-2.102345761994216,-2.373933638482764,-2.9351773077603363
2206,-0.9763364132766568,-2.6334063858137227,-2.792089193062997
2218,3.178554168076173,2.58706149118202,2.6914455354459412
2219,0.2732065444331639,1.7474417963521711,-0.8293243240718671
2222,-0.8622107464416695,-1.323831196199465,-1.3235143635211064
2224,-0.5472545367079705,1.1538900047118574,0.0397873316337986
2227,-0.4905119590952927,0.983081352430866,-0.0955529679390939
2228,0.2731989837886408,-0.5240471085782246,-0.3224460645634556
2242,1.8760576467797576,1.9443224085149908,0.8943687978167909
2243,-0.8293277769646413,0.9830908776523122,-0.0297378252630038
2248,-0.3622389868734574,0.1143534440842192,-0.8108501570767056
2252,-0.8293204544506545,-1.592915249165577,-1.027898877803649
2253,2.1669463604197405,0.2720151773607638,2.1141852063063618
2269,-0.3680930391427882,-1.593943020559636,-1.3832367875980012
2292,0.8043239028529101,-0.2148094250724651,0.2722945342459946
2293,2.4124215567047775,-1.6707798862702283,1.15390595945778
2294,-1.6716209633239394,-0.6403259517211553,0.9829466896126684
2295,0.3569514876987574,-1.071243517060452,-0.2689016098177009
2310,-0.8359386378442001,0.0403049678867727,0.4429478361184598
2311,-0.829316822959978,-1.9234469819430504,-1.1171716345040363
2315,0.2731958880916708,-0.6608536969275118,-0.4445581235538032
2316,-1.8367409152266452,-1.923342561702945,-2.283948395218191
2317,2.431641786669723,1.8301032159119277,1.9823787638900583
2327,-0.8282476763852613,-0.3172937234515494,-0.6057902372579204
2329,-2.373948402576006,-1.6714526050348757,-1.4503743584403297
2333,1.5842024803587758,1.0697291962311803,0.0393188991028582
2334,-2.1930677811376627,0.7133160080008052,-0.7222945304859589
2336,-0.8694764067630296,-0.4101256089116759,-1.2128470069301125
2341,2.5833299856804195,2.632095547527598,1.787677046133087
2348,-1.4496004341978148,-1.1113176715336568,-0.6316819918565109
2349,-2.792066808792598,-2.633385668457077,-3.0627050207029467
2350,-0.6185874913363357,-0.946436683623986,-1.2652331054490418
2351,-1.0745580559932393,0.5323908561522004,-0.4653315897071581
2363,-1.520500824707249,-0.5652084480142601,-0.1584158872931614
2366,-0.2167915343564957,0.0399219646856791,0.1141878242963211
2371,1.8320917249541175,1.7461591062191546,1.582941936365622
2380,2.810633917012288,2.9462444947437203,2.691809398905191
2384,0.5327178093783458,1.456423896896322,-0.2141731700461671
2386,0.8943230767538485,-0.9141910705269852,1.1538904809729296
2387,-1.4509180104543788,-0.3700661589990788,-0.2857504168383138
2388,-0.3178086807359917,0.4437763517863885,0.4437021145917412
2399,1.9655210269743395,2.691449583665056,2.6361785337005683
2405,0.8943989213296148,-0.7535594029697914,-0.2857576500533496
2414,-0.484358606508328,-0.6171716862336065,0.8943263510487206
2420,1.5245367313494866,-0.2208416585154762,-0.3846005158061351
2427,2.749890389196347,2.3467451548323166,2.0588970109432707
2437,0.3572482876457618,0.713423940666319,0.5325017059167821
2438,0.8044002832223829,0.8042984228855412,0.1145063834210669
2448,-1.2670981438082336,0.8043078290417195,-1.5937107242216138
2464,-1.11915371402175,-2.0120976226177243,-1.2100420673447034
2468,-0.3887357120991581,-0.033593575371845,-2.193254951739083
2476,-0.1643996909383813,0.1919233351177408,-1.8364615881077315
2478,-0.5681676961870993,-0.8541328228614734,-2.0121286986526927
2479,-0.3178100202202576,2.0313131602873735,1.5880532892589918
2481,-2.462790381136483,0.356868112244785,-3.0006605857679727
2483,0.8042953271885711,0.0408600799328748,0.11411242621531
2485,-1.266934071868821,-0.8510792749963154,-1.5938726529862013
2487,1.6941375855510832,2.0578325674466433,1.6924062574879444
2494,1.0697337207113673,-0.9980627290041322,0.7134463249367179
2506,-3.0638263773977163,-1.2064351041135135,-1.752336261076942
2509,-3.11995803111988,-3.0002738617772513,-2.791806532116577
2512,2.8765353522414188,2.2631703856011254,2.389540069746398
2515,-2.102213123285576,-0.5840696366633127,-0.5894184057012325
2516,-1.1552272754874953,-1.8366722145669632,-1.5197535710847838
2517,2.9463978508090065,2.0444131973425144,2.50247871539127
2530,1.0697689640307186,-0.2223592048897791,-0.6316715141129199
2532,0.983159697377262,1.1538871471454235,1.386328982925444
2535,-0.1587604919452995,-1.0692704865031122,-0.0991592763113093
2541,0.5326344636906903,1.069760391331417,0.7134847234856734
2545,-1.6717537210978477,-1.3231032311504292,-2.462651789164439
2546,-1.3851579056984584,-0.0962117560673758,-1.9234928220712608
2549,3.0201583081229693,3.438363393854723,2.589311824748716
2551,0.4440129940066959,-1.2652220323791104,0.1131431456341946
2552,-1.2121376160628965,-1.2660333431158015,-1.2655235056378868
2555,-0.0306548064251154,-2.373880535373201,-2.935109916818603
2557,0.9832836443213324,1.6403784263606649,0.8943417104683028
2560,-0.6010556068727528,-0.6511372566606445,-0.2159287874239942
2561,1.583540596533524,0.0394854714129009,0.9830116992490396
2562,-0.7397012178201567,1.2364079506235783,0.4436147206849711
2563,-0.0300679337187532,-0.3748320737834342,-1.151019627978846
2567,0.8042878260766821,-0.3777005942219971,-0.3663447740452649
2568,1.7445537492096432,0.8041893590999807,0.7133042205392653
2569,-0.4007190062386675,-0.7727745131282094,1.5841571164916377
2570,-0.2307217242270014,-0.5943540182589176,-0.964994732100509
2583,1.9116210135717835,1.069774202902514,0.983030154365592
2585,-0.7299257807129561,0.3572224802489056,-0.8839427773020126
2606,1.386819174634126,0.9830158665334224,0.1141992247957397
2607,-0.9651843435399252,-0.7727772516293753,-1.2655450564514092
2608,2.111340737051951,2.1044585264264395,1.9712247295764032
2612,1.1537865369938969,-0.3723053301968924,0.532488013410953
2617,-0.946444363333777,-0.879033478168573,0.0393245249367749
2619,-1.115954192137927,0.894317837882053,-0.5282338601323259
2624,0.6227325808294024,-1.520132674898348,-0.6366385003687439
2628,0.9831625549436958,-0.477557896058817,-0.029742647406361
2631,-0.3183565893333749,-2.4629149234068937,-0.941120776600056
2638,-1.322421463425408,-1.5204433161827664,-1.7523538827366176
2648,-1.4505559329741502,-1.16210865265613,-0.2693836157892024
2650,-0.9622968917237376,0.3566532589685362,0.3569246980134397
2659,1.2349289218634991,0.8946552093191552,0.7131740822012549
2665,2.945330549745945,2.5410682450367963,2.875937406465125
2673,-2.792267076573507,-2.7924571047413616,-1.5202792442433533
2674,-0.3224428200349005,-0.03064367382255,1.0699586350027688
2683,-2.7147003407695895,-2.549260341426287,-2.2838348069524437
2690,0.4440119819519172,-0.9411201217410816,-0.92425821754098
2691,3.0200282888502272,2.9465366809115867,2.4193542510039543
2696,2.3024866896430063,2.389535783396747,2.69272501081672
2699,0.5326123175508276,2.1338412151524766,0.8042457960370502
2701,0.0391385449880353,-0.2729717964743527,0.3567396408205276
2703,1.790694160026213,-0.4983678259505212,-1.0219144192994547
2706,-1.3247395451296409,-1.8368167598024112,-3.3493958501862635
2713,-2.2838169471622316,-1.8366475680564711,-3.062156367947638
2722,2.634976450754041,1.7440081921513046,1.8335303905883176
2726,2.7488335658768763,2.946074231410367,2.8759512180362226
2732,-1.003578487080533,-1.2136971329441972,-1.9234592456656625
2741,1.0696634722032006,-0.0959841032748085,-0.4465470493244314
2743,2.1559666376585533,0.9830883772816824,1.582344943111473
2748,0.2729763615036498,-1.1130640018205735,-0.2693831990607641
2754,0.0396419231751569,0.7133907809891589,0.8944748849706494
2757,-0.0939463607442678,2.3225444247036204,1.15407455587738
2763,-0.8953132722730357,-0.8953101170434316,-0.9321383737108966
2765,-1.7526338051818715,-0.4653260234058755,-2.0121690617785717
2768,1.456985051504779,1.5841941457900102,1.6440151559088745
2769,-1.2117538687038774,-0.91417684222745,0.7133388685322763
2770,-1.3842493186377465,-2.102074531313532,2.021550284565955
2773,2.8770237579710796,3.097530967539918,2.538512151861673
2774,0.1140920362881515,-1.4499988265848078,1.845009711214365
2777,0.3573911362011397,-0.2676304690156879,-0.9590360512268538
2778,-0.6283335788549549,0.4438513033726444,-0.9652012508079924
2779,-1.3854559260644603,-0.5511006425300974,2.021551475218636
2793,-1.2649336562998228,-1.3847359383883855,-1.4497147368551708
2802,-0.0289643772815616,-0.5840686841411681,-1.6716044132516763
2813,0.8943514142876513,-0.0955550515812853,-0.6022601306572756
2818,0.6227418679203126,-0.9998399567281157,-1.2642561749244523
2825,1.6916404296836591,-1.0348300837869748,0.2728206538993193
2828,-0.3241843877110942,2.3622879349273695,2.341398171773418
2838,-2.0122365717855724,-2.193234234382438,-2.193164224004807
2846,-0.2729795654830949,-0.5382885052931721,-0.0332150073519874
2852,-0.2689059854663028,-1.449848447151224,-1.4498867861675453
2864,-1.0730016348089086,-2.1022207434627327,-2.714323380130851
2865,0.0409985528396508,1.2348804622993907,1.069735030429316
2868,2.3272903662892555,1.9090412264083123,1.38786337703518
2873,-2.7148079757719334,-3.65862287735053,-2.7194953372456734
2879,1.455937872472023,0.1126495903316895,0.8943657021198208
2887,-2.012202161923098,-2.1022607493928076,-3.2700245611793384
2897,-0.4101302226908139,1.235034294625749,0.7134262029064125
2898,-0.8682484271206953,1.4561765983345218,0.7131527695182687
2908,0.2731958880916708,1.7424208139972734,0.7133960198609544
2910,2.5024958607898737,1.3127967737303885,1.5229613787875314
2912,-0.4002619146745116,-0.5385252665787474,-0.4034801298054231
2925,0.5326770295240286,0.7133101142700353,-0.2781941777302065
2927,-0.2729732252575697,0.2724925397868102,0.3563451180547474
2929,1.834494700194491,-1.6713350876152813,1.234987501975394
2941,-0.0294481394657672,-1.8366051808210349,0.6225839873748397
2945,1.8353726874813063,1.5856234052680325,1.154092653798128
2947,-0.2155371222246478,-0.3680930391427882,-1.5942413981214425
2948,0.9831882730416012,-0.7766149633501025,0.0362179037283707
2949,2.8092825262195897,2.276027053248312,2.392418829798016
2951,1.312388141730341,1.7900628759748571,1.6948530487469708
2957,-1.211375836477726,-0.753549758683077,-1.3238376257239413
2960,1.5209289346614203,-0.3611720132398831,-0.3168135332253862
2967,0.8943614157701699,1.3866805826620816,0.5324948001312335
2969,-0.4905107089099779,-1.518765329359727,-1.923369470453531
2984,0.1144857255970552,-0.6805347690125576,-0.8195927625159536
2985,-2.4630347030665813,-2.0122408581352236,-2.5495641959904254
2987,0.622760442102133,-0.0308715647456535,-0.6500907324868628
2990,0.1922272789808298,2.3949884964137005,1.6971030251178627
3003,0.8042230545708471,1.2348683176420467,0.713357859442535
3009,0.4440018018714964,2.246808436461688,1.3864085185245207
3016,0.804293660274818,1.871805945121919,1.9144698882411135
3017,1.234939637737626,-0.3209070864408985,-0.9553416345562598
3026,1.3126625871732631,-0.6500795998842973,1.3859978624149158
3036,1.522599777568375,0.4435097051185253,1.3864666223753437
3037,-0.8359328036460643,-1.3840720304535763,-1.385013241397742
3041,-0.7258304712847395,0.7134159037607236,-0.5030838523875514
3046,-0.4513418672026129,-1.315023462058578,-0.6610536075126168
3050,-2.283937679344064,-2.373990551680906,-2.192984197319471
3053,0.3573710737034684,0.8944334502573579,-0.7814482393098736
3055,-0.3195532845765215,-1.671459629885692,-0.6239897206796231
3056,-1.5938533644127724,-2.193017297463997,-2.0122108536876673
3067,-2.1022743228333685,-0.949670972566088,-1.6708090572609076
3070,-1.5205004675114444,1.8336305244787725,1.7016804893491655
3071,1.4564429473392149,1.8289686429724012,1.2350033376560483
3072,2.7498934848933168,2.5902650612849576,1.5221886451976978
3077,1.790706423748825,-0.7552463196879369,-0.3700661589990788
3078,-0.8736016015735341,-0.0295876244273219,-0.0959790430009151
3079,-0.9975823006474328,1.7533538631733736,1.5245000592469182
3081,0.0405112186974028,1.6408473053863606,1.3126737793084629
3086,0.9830927826966014,2.6367209950619372,-0.0295876244273219
3089,2.1807655516940794,2.6397216779480677,2.2954725547004635
3095,-2.5494710869507875,-2.3739005383382383,-2.5493524979437803
3097,-1.2669282376706847,-2.373974835065519,-2.8654233967172367
3098,-0.9921574489032104,-1.450853358013812,-1.836680430070461
3100,2.002423878032256,1.6397422606333178,0.3566546877517532
3108,0.0393256262905047,0.4434556494868173,0.6224839725496532
3113,-0.2672599676677426,-1.594242231578319,-1.52043379096132
3114,-0.8477326479737807,-2.9350006149025067,-1.208988220656935
3118,-1.2670981438082336,-0.7134871535408759,-1.3858287194188164
3120,1.6440661158436125,0.4437717677735675,1.5225895379553205
3127,2.3895388790937173,2.810847520103222,2.3655424649650447
3130,1.1540661022433465,1.868492001515472,1.5828003677618756
3136,-1.7527252473077566,-1.4480999736894815,-2.0121220309976806
3157,0.8042554403237646,0.0385422065928609,0.1911890596094966
3161,1.9745040251898396,0.8942868809123524,0.9830116992490396
3163,1.2349972653273764,0.8042449625801736,0.3560486455372302
3168,0.8944504765906932,0.7134948440334601,0.8042041827258566
3178,0.983257449962355,0.1909439339888387,-0.7028048558193505
3187,-2.373978168893026,-2.283900292849887,-2.714645332615737
3188,1.2347254393203515,-1.5935480810654177,-0.7535698807133824
3191,2.1436255226221492,3.01974110342362,2.389521257434042
3199,0.0393124993446989,0.1920370126824394,-0.5443036826365308
3201,0.2732340782764071,-1.83685033620801,-2.102389816143406
3207,2.7474824132147138,3.1784334358943407,2.9446175869206868
3213,0.4440712764554206,-0.4941985769908276,-0.9195287069623398
3215,-2.0122963425501483,-0.3700674984833447,-2.7917319972587595
3221,1.7875028536458872,1.4554717319474932,-0.370069373761317
3222,-0.7604278615568395,-1.4505704589368558,1.7034445603610264
3248,-1.7524662803496844,-1.6716959744428292,-2.102297421495376
3249,-0.5472553403985301,-0.4101254600800908,-1.2665050797079314
3251,3.019883267353707,3.01941010197836,2.875941692814776
3252,-2.102298135886984,-0.8608172660767052,0.6222497711673415
3253,2.541067768775724,1.9781979060667272,1.6413521421230162
3261,0.0397850396273881,0.4437366435194841,-0.3809372942357779
3266,1.521310300715078,1.911607797327027,0.4438824984728811
3268,-0.268453477914968,-0.6695507599017195,-0.5509574070125982
3296,1.584726129407788,1.3865298460326934,0.8943733222969779
3298,-0.0987445422162726,0.532503075167365,-0.2729761423566376
3301,2.3921533142501996,2.690686613427205,2.6328770919472695
3303,0.0408541266694708,-0.8682452123584572,-0.5712377345918862
3305,-0.9464431726810962,-1.266274212153126,-2.7144010106856387
3309,-2.792059664876513,0.1912860085040301,-2.5493301136733817
3317,0.2730660474168305,-0.6598000288376453,-0.36344321299481
3319,0.3571817301609055,-2.6335023524197942,-0.5509603241116661
3321,0.5326856617559644,-0.3168150513075542,-0.5116369059200174
3333,0.7135284204390584,0.7134306678539655,1.6494788229304906
3338,-0.1603802856185653,-1.265505526782407,-0.976313969473624
3339,2.0330512750707928,0.5325259952314703,0.98311147594369
3340,-0.571444967690978,-0.5382815995076234,-1.3242728092787706
3342,2.811063266368982,3.019892554444617,2.5882507150795946
3346,-0.4428035777633888,-2.5492579601209258,-0.4983754461276783
3351,-0.5880871369388395,-2.374024604347577,-2.283896720891845
3356,1.1538296386209412,-0.3680903899405734,-0.4843597376283748
3372,-1.8369388017021928,-2.283781465712344,-2.8656429530715744
3379,-3.0635734827683163,-2.1022543198683312,-2.549448226419316
3382,3.17896470512051,2.876354849295011,2.640038153430622
3392,0.3570949613467928,2.0588815324584204,0.9830116992490396
3395,1.2352321811012967,1.7913597348747754,1.235029651080294
3401,-1.2089844105683565,-1.3842486042461375,-1.591967965892739
3421,1.0698196858349205,0.5325917192594499,0.8943220051664358
3426,1.6411450876218263,1.4566922700105724,-0.0313445515230979
3430,0.2731174538463236,-1.101696959742325,2.4552619545512653
3442,-0.938295893582244,-2.7145574624478948,-1.7526997673403877
3447,2.317212681999036,2.1902612449539283,2.394972779798314
3448,-0.786531611865245,-1.3832032111924029,-2.01214870161773
3450,1.5230204351604988,1.583741221510237,0.1913942983653481
3452,0.8042487131361181,0.3569954525489957,-0.1569709111997528
3454,3.349405445723137,3.0186090308547233,3.097095188658748
3458,3.020032813330414,3.528324585935144,3.020026621936474
3462,-1.836365740566928,-2.7921432486947046,-3.0035141039827575
3469,3.4382779049922423,3.3497855020588454,3.2625813853260652
3477,0.0408581748885855,-2.193023012596865,-1.9233674463439736
3480,-1.0305970158435906,1.7533645790475003,0.4435316131278518
3484,-1.5199466949496083,-0.997570632251161,-1.7525441490350082
3492,1.7953253226934196,0.9830803999087212,0.6224540871673653
3496,-0.7814517517352819,2.193123812129087,1.459648898747514
3499,1.069733244450295,0.6226759057617968,0.7134463249367179
3506,-1.0093722030252648,1.23565533906405,0.712930593728033
3511,-0.0290726671428796,-0.3700644920853257,-0.6772158841974852
3512,-0.4017219227580152,-0.4843602734220812,1.909032891839547
3514,-0.4487960136405445,-1.1620886496910927,-1.3852594683721298
3520,-0.156972726945091,0.4436868742374271,-1.0505703931617707
3523,-0.0945403476003977,0.4437926041954814,-0.8477293141462744
3525,1.3134235333015574,0.8943626064228507,1.5841589024706588
3543,2.258640428411786,2.5024891931348616,2.428076734412897
3550,-0.8783259328130126,1.0700088805458985,0.8042479987445097
3552,-0.7273498036380637,-1.8365396949235913,-0.3748359434046467
3561,-0.2133618890757928,-0.2676299927546156,-0.713494892783301
3567,2.057846140887204,1.6956923398216608,1.7935607754204863
3573,-0.7630196147797524,0.8942868809123524,-0.6010578095802123
3579,-0.2680284446742424,2.335190346826307,-0.8839412889861618
3580,0.8944183289683117,1.4578294623859966,1.3875085625363042
3581,-1.1071071664585737,0.1911874224620605,0.7132282568982309
3588,1.7436201584426347,0.2726439312751728,2.6349709737517095
3590,0.355547321225983,0.7134159037607236,0.1914741018612781
3599,-0.3241904600397662,-0.6403309524624146,-0.8195984776488214
3616,0.5324694392291326,1.3127030693644104,1.3129948983364723
3618,-1.162585509054787,-0.8622056861677762,-0.4542252707996858
3623,3.262898575200228,2.6377192382695127,2.6935001257119153
3629,-0.7768703583501323,-0.4063902040225456,-0.4063929127573944
3631,1.9356180230267963,-0.2925958958286226,1.0701309224456794
3638,0.2730266963457303,0.1917901010827602,1.892553663411052
3639,0.9830614685310964,0.192269695982583,0.5325905881394032
3644,0.7135852145719321,-0.6540372698626143,-0.3648054387269036
3659,3.0197451516427347,1.1543100669776405,2.8759378827261974
3660,-0.9511537518821116,-0.0306483173680051,-0.5329505414283304
3661,0.2728177963328854,0.4437083059856813,-0.8608114914112033
3662,0.6226501876638917,0.2726483366900918,0.8042761576804104
3666,-1.3229159414837406,-1.384865719530592,-1.323337908793813
3670,-3.305676274400279,-3.604502236006223,-3.169948774575593
3672,0.1142750693715061,-1.1610445663553066,-0.7396990746453312
3675,-2.549441082503231,-3.2688308128015766,-2.6333975749838845
3678,1.7889231832288035,1.06963561093047,0.2732427402746599
3679,-0.7659011133325361,-0.7134900706399439,-1.1630370045513432
3683,-0.9950484131448064,-1.1146262572030403,-1.449364327771214
3684,-0.1563024192521224,-2.6340429087368737,1.6420130734261236
3686,-0.9998333486057374,-1.018237148027464,-0.680533935555681
3688,1.5277630429186275,1.0697870619514669,1.3125561428236006
3692,0.114262835415211,1.5828195372700364,1.8373375025351488
3701,0.2731989837886408,0.1920397511836051,2.2041082975009973
3703,0.357017003362518,0.6226186353678507,0.7134200710451064
3712,-1.3851487376728162,0.3566712675903332,-0.1599340885264387
3718,-0.4465490734339887,-1.1620978177167347,-2.28387719418788
3721,-1.9235047285980689,-1.3852336312089566,-1.3242668560153668
3737,3.262702831899506,3.349321385643873,3.096595828924424
3740,2.263162765423968,2.355655046973216,2.1297013157813645
3746,0.7135845001803237,0.0404082272405144,-0.2693779006563346
3747,0.273124032202385,0.2729362365083072,0.6225386235077015
3748,0.8943481995254131,-0.8098394120159816,-0.7396955026872889
3752,2.87634865790107,3.3496171437697817,2.8759424072063844
3753,0.9831625549436958,-0.49420524464584,-0.0962185130213393
3763,-2.1931111208952436,1.1551361418075738,-1.923368636996654
3765,0.0406011427411196,-1.0348300837869748,-1.2662968345540608
3770,-0.9283087584283988,-1.0948247505993325,-0.8477253849924278
3771,2.140712471773325,1.8320841047769605,1.8294824096041629
3777,-0.4542198533299882,-1.9232625498427955,2.219353414425852
3788,0.2731995195823472,-1.1159488342008634,-0.988889345424974
3791,0.9831842248224862,1.9554578686468256,1.7995084427568444
3792,-0.6366393338256204,-1.3236739109803326,-0.0964696812043523
3795,2.810862760457536,1.5828195372700364,1.234957497527838
3800,-0.213121555832175,0.4438677343796393,-0.5894207870065941
3803,-0.7506695698482423,-1.2049145215748749,0.7133655391523261
3805,0.039783432246269,0.9830322975404172,-0.0313568747783441
3807,2.208668735398965,1.651255752991304,2.208654685697332
3826,-1.264233195327713,1.9116099405018523,1.388655994524783
3829,0.0391322047625101,-0.7396916925987104,-1.264919011271849
3830,1.8336531468797077,0.8942689020568725,0.532275839103236
3846,-1.5193556549588634,-1.263497371970984,-0.5598706925136376
3847,-0.9195220988399614,-1.5199294304857367,-1.2646043217683158
3848,2.4552831481689834,2.295479698616548,2.184248687046467
3852,1.52321498780854,-0.097983953283783,-0.0298954676779406
3857,-1.1182203613852777,-1.8365816058979552,-1.923446743812514
3863,0.8043610512165508,0.443837253671011,0.356866534629983
3866,-1.4508465712935312,1.0698554054153442,-0.1005644846051795
3868,-1.45009229282025,-1.0093653567723502,-1.671299963361198
3873,0.8943799899519903,1.2347567534858566,1.0697681305738422
3875,2.7491271808279594,2.213871411352952,2.096750002840459
3886,-2.19327685974841,-0.1557443008080013,-2.462717513192419
3893,-3.365767562677683,0.532609817180198,-3.2693916102142295
3898,0.3570497165449228,-1.520123745003242,0.98301229457538
3900,-2.102332188553655,-2.549359879990402,-2.714294566335976
3926,1.38673523362013,0.1920338872191522,-0.364801509573057
3931,2.0773023582134824,2.0957748582948907,0.8944420229566595
3933,-3.6756582596462226,-3.726133598743018,-2.01220942490445
3936,-0.9590281929191604,-0.7952973754991344,-1.0348338938755532
3940,-0.3172980098012002,-1.9234185253439793,-0.2208410334228188
3941,0.3571702403625359,-0.6869591141496704,-0.4123722812213785
3943,-0.7727736796713328,-1.9235431866796584,1.8353649482388816
3958,-0.9888854758037612,-1.267609886330438,-2.6335447396552305
3959,-2.633564028228659,0.8943542718540852,-3.271377857016326
3960,-1.67125459949406,0.6225757718713422,0.4433051509879653
3963,1.3862407555617973,1.87858278298518,0.6225788675683123
3964,-1.2630845726865534,-1.113054000338055,0.6222396506195548
3965,0.4439654274320982,1.0698588583081186,0.1911781353711504
3966,-0.7396965742747016,-0.4513407658488832,-0.2693805796248663
3975,1.694887577674714,-1.38345443890805,-0.0967345716595114
3978,-2.63363713430326,-2.7143462406623224,-3.171347315214451
3981,-0.0967368636659219,0.8042841350533717,1.2351445490639903
3984,2.263162765423968,2.2954787460944033,1.0697043115901517
3990,0.8943156947072276,1.521766677887625,1.0697946821286235
3993,-0.0286698693409678,-0.6500822788528291,-0.6685453132454251
3997,0.2733002190328251,-0.5954458467672035,-0.212891372902661
4009,2.3008414457686883,2.502488240612717,2.1902421945110353
4010,-1.384235626131917,0.4439804296558762,-0.3183523029837241
4013,-2.5493098725778083,-2.791881543235467,0.1122768862762848
4021,1.98709827298618,2.0371559311225536,1.697055875271703
4024,-0.6805316137829535,-0.4149130745095535,-0.6928739790046725
4029,0.0411307152872187,-0.8554036064676822,-0.8953192255364396
4030,-0.3195529571470343,-0.9851898089478524,-0.5894163220590412
4035,0.9832760241441754,0.9831541013096624,0.894501436525431
4050,-0.4487966387332019,-0.809845901073092,-0.364801509573057
4052,2.8765427342880394,2.8757261846795528,2.051210633497153
4059,-0.9321261099882844,-2.5492086670999408,-1.3247327584093604
4062,0.4439748931209105,2.0294705061985803,0.2724790854115173
4065,-2.633786680279967,-2.549277724955427,-3.000882285297136
4069,1.235120021618766,0.7134900218901029,0.1141908009280231
4080,-0.739697050535774,-2.0121373904172626,-1.322214051728414
4081,-3.121754487884658,-3.494601183480586,-2.6335611706622255
4083,-0.7163681758325872,0.9831138572490514,1.8814355868083568
4087,-1.163032361005888,0.2725430829931098,-0.7630190789860462
4090,3.097651461591214,3.097527633712412,2.5410537190740907
4092,1.235201343196864,1.313292323376134,1.698233073577202
4098,-2.7924875854499898,-0.4011999703890732,-3.001123035269192
4110,-0.0941690127955758,-1.450223383680405,-0.6869730447860356
4114,0.8944810168319555,0.6226848356569027,0.9831516009390326
4118,-1.9232281399803208,2.1824488964541824,1.386467336766952
4128,1.069764677681068,2.362630128507829,0.983049919200093
4129,2.4964875892320637,0.9832931695427788,1.931506223058951
4131,-0.6434509982797947,-2.373922208217029,-1.3203122222013857
4138,-2.1023331410757997,-2.462631071807793,-1.7526157072611237
4143,0.1921731638164878,0.1921314016737091,0.0402960975243008
4145,-1.5939569511960014,-1.5203635424531534,-1.3210258994182522
4148,2.179262233619312,1.2349879782364663,1.9554378656817883
4161,2.424818632417179,1.312859044865594,1.8306893742266812
4163,-1.923512825036298,-2.2839367268219193,-1.5194031620008268
4168,-0.0951748166476745,-0.6608563758960436,-0.6057935115527925
4169,0.1144242283860923,-1.836661022431764,-0.0949987191161854
4172,-0.1577844544102206,-0.4942003034372147,-0.6610611086245057
4175,-0.5203547160171879,-1.3238257191971334,-0.6840846999803375
4177,1.6988564993208644,1.2370609045537244,0.8042979466244689
4191,2.5870707782729303,1.7481510681541188,2.3097403839049244
4194,-2.1931530318696075,-1.5201942316419448,-2.373986265331255
4195,-0.5551428488487506,-1.0759100421122785,-2.2839607780060716
4211,-0.5443110944494688,-0.8850452621517916,-1.9234462675514417
4216,3.349229467256916,3.020032813330414,2.3514594250566425
4219,2.945915636473286,1.5255427137994877,-1.0680929310018097
4223,-0.8936901745385807,2.1998500472534146,2.213723770420534
4227,-0.6111445428308058,-1.3216577787959485,0.1918601114603907
4244,2.382581181088244,2.4600771921229225,2.588810798100639
4249,-0.8622155090523926,-3.1746166093453683,-1.836290967578574
4254,-0.444559433271752,1.8373640540899303,-0.3622377366881426
4255,-0.6840825568055121,0.6221794035939067,-0.3663447740452649
4271,-0.571446456006829,-0.5793410190741832,-0.8427514334184212
4276,3.1786749002580055,3.5281538463407185,3.349424258035494
4278,2.5876853931867547,2.691804398163932,2.811045882839842
4287,0.8943590344648084,1.154172189397205,0.6225601743212238
4288,-0.8477170504236623,-0.8390595766510909,-0.9081635103957464
4289,-0.7397071115509266,-0.6185942185239822,-0.3309021692013881
4300,2.4193833029293654,2.1876720516342787,1.6413766695682404
4304,-0.7535678566038251,-2.3740076970795094,-2.1021866907960622
4306,0.6227105537548078,0.8042637748925302,0.622676262957601
4307,-2.7151046864199864,0.622676262957601,-0.0953593975795142
4308,-0.5598676861156187,-1.5940594663918175,-0.7163752602160379
4310,-0.0953585938889546,-1.0729949671538963,-1.2089755997385183
4320,0.622718352529867,0.5326514304913916,0.3567527082336993
4321,1.3864448334312849,0.1917176796334511,-0.0308659091454197
4328,-1.2139547901843206,-0.3648014500404229,-0.3241826612647071
4329,-1.118219527928401,0.532200649386444,-1.2090313222839797
4333,-0.5793417929984257,-0.0957651422468109,0.0400627295988657
4337,-2.10235171525762,-3.000880856513919,-3.530540082128134
4346,3.097273786560867,2.8761617254301863,3.096956358556168
4347,2.425978089997734,2.3111696433829465,2.166904925706449
4360,0.8943926704030407,1.15395429995662,-0.1572235081659827
4364,-0.1572268419934889,-3.0612721892668824,1.647361485268239
4365,-0.02850764291321,-0.2144856866085579,-0.7604333980918052
4371,0.713493177119707,1.8685052177602288,-0.0299030878550976
4372,-0.4048466418871675,-1.671595007095498,-1.9233357749826645
4374,-1.2121240426223356,-0.5141914810129726,-0.479552536962313
4383,-1.5201532731897256,-2.5494520365078945,-1.4503645950883468
4385,-1.6718481398554343,-2.2838776704489523,-2.373946735662253
4391,-1.2121376160628965,-1.2649200828592615,-1.836563746107743
4393,1.8786089773441577,1.5835496454938978,0.4436492496127141
4396,-1.3852594683721298,-1.7527232231981993,-2.462764186777506
4404,0.2710233041450305,-0.8520376313390845,0.8942729502759872
4406,2.368109988405904,2.392429545672143,2.3134771282783206
4411,0.8043244981792506,0.3572326305630093,0.6226214929342846
4422,0.7134555524949939,0.1131487417017944,0.1143620167835209
4427,0.9831393372164204,-0.8899728378038814,-0.6840924987553967
4436,-1.5205093974065502,0.8942462796559374,-1.162107462003449
4440,0.1122886439715076,1.2356729607237256,3.0173121719548055
4443,2.419379730971323,0.6223081131487003,1.9554395325955416
4445,0.6227799092734639,-0.0987327845210498,0.7134703165882358
4451,-1.8367298421567135,-2.633491636545667,-2.193076591967501
4455,-3.001971256238988,-0.2716218046985543,-0.8608164326198285
4457,0.6226364951580626,-0.4123720133245253,-0.3777024397336523
4463,-0.3159343255195727,-0.470033625975189,-0.2155293532159057
4467,-3.908391090941429,1.9601480876869997,-2.101844735346139
4469,0.7135199668050248,-1.1146061351727348,-0.0970234537661884
4474,2.946078517760018,3.2628078474659516,3.097389994262512
4475,0.3572387624243154,-1.2089716705846718,0.9830908776523122
4481,-0.0945494263270887,-1.384569604208879,-0.7163699618116084
4484,-1.2136930847250826,-1.064483705530526,-1.1621025803274578
4487,-0.4757995997124581,-1.3853443619082704,-2.1022964689732313
4492,1.1540528859985897,0.6225419573352078,1.4563657930454996
4495,-0.1580909581765733,0.1138982277980356,-0.7134927496084756
4503,0.5326861975496707,1.4557472489778285,1.456517125001228
4504,-1.028043363506463,-0.5954467397567141,0.4434632696639744
4507,1.8328560049099176,-0.941120776600056,-0.2829162764959087
4509,0.1143405850352667,-0.7630161618869782,-0.6979464570880146
4528,2.3924285931499987,2.424801725149112,2.0783372735236263
4530,-0.1555805860643925,1.2348202152737429,0.5322362499015996
4533,0.7135381242584069,-2.1022545579988674,-0.0979925855157187
4535,-2.2849416376845073,-2.719360793492744,-3.1399021779147467
4537,2.690689947254711,2.588815322580826,2.355655046973216
4540,1.2353327912528236,1.4569543326656147,0.8943790374298457
4541,0.273118078938981,2.096784769898738,-1.6713865238110917
4542,-0.3159383142060533,-1.074543887226338,-1.0759252824665924
4543,0.6226089910811363,-0.0290746317198029,0.7133973891115373
4544,-0.8694618212676899,-0.7953017809140532,0.4436096008784437
4553,0.1143420435848007,0.804264965545211,1.5837093120183918
4560,-1.9234716284535427,-1.7516528264381677,-3.066481771006418
4565,1.584726129407788,0.356853110021007,1.2355196046584398
4567,-1.2655065983698195,0.8943767156571181,-0.889975159576609
4569,2.1669446935059877,0.1908132598571218,2.1778832196844196
4573,1.4568421731830845,1.5835400012071834,1.7435653884193183
4578,-1.8367260320681351,-1.3810671802830627,-0.7397354490847294
4587,0.5324817029517448,-0.9582223591848008,1.5839447040533845
4595,2.64005815639566,2.3055750045664434,2.335174868341457
4597,-0.6403357150731377,1.7877949207484856,2.2749414161339665
4598,2.075250863644478,2.305558097298376,2.16692159484398
4602,0.040860496661313,0.5326566098305531,-0.9810234770872268
4604,-1.3241375511342328,-1.03482603556786,-1.8366203021100809
4605,0.622607145569481,-0.5084074688875895,-1.5194940088003712
4613,0.1916472227610652,3.0192438868641216,2.317190535859173
4616,-0.0945470450217271,-0.7396915140008082,-1.7527351297250071
4621,-2.714434348960701,-2.865272421957312,-2.6332856536318903
4632,-0.1569718339555804,-0.097320610908997,-1.4503335190533782
4633,0.0401810507090193,0.7134728169588654,2.497500120271809
4637,-0.3283785510781334,-2.1022533673461865,-2.283994830672742
4639,1.386192057867153,2.403535001356422,-0.0313487783401147
4643,-0.8825179232389094,-1.5942955728184185,-2.3740262712613296
4661,-1.3219617524253542,-2.462628928632968,-2.5496868332165468
4664,1.2348466477632565,0.8042449625801736,1.0698439751496085
4665,0.1923030640239622,-0.9553446111879618,-1.8368218796089388
4679,-0.9242588723999544,-0.0959838056116383,-1.266304454731218
4680,2.35147942802168,2.1530328694530834,1.5831162479180896
4695,1.583750032340075,2.245752565664362,2.051192535576405
4696,2.322559188796862,2.104444952985878,1.719685420122827
4701,1.457876731297424,0.7132529034087233,0.5316850372430272
4718,0.4438686869017839,-2.374033891438487,-2.193099452498972
4721,-1.0328517548252056,0.2725024817366948,-1.9234611507099515
4730,-1.2113614295802886,-2.6336216558184096,-2.86578702204595
4743,-2.1022817048799896,-3.171164192832145,-2.0122570510116824
4744,-1.52048463183079,0.8943992785254191,-2.1023302835093656
4748,0.9830322975404172,1.748121301837099,1.0697849187766413
4763,0.1146125003412425,-0.3209065208808751,0.8041167292864524
4768,-2.102329569117757,-2.8652064597987965,-2.633301132116741
4769,0.114721564126803,-0.6111365654578444,-1.1610550440988976
4779,-1.0348269880900047,1.0698062314596275,0.713386435106874
4780,1.5837596766267894,0.713401496863286,1.3125951962315303
4782,-1.5937313225129914,-0.7726719979323933,-1.8363577631939665
4786,1.5820574004890615,2.6927409655626424,2.3008309680250973
4787,0.894405053190921,-0.377697409226076,0.804110180696708
4789,0.3572747499015923,-1.3226829307541097,-0.6205109907421545
4792,-1.1186943602175006,-1.5205323770032897,-2.102210741980214
4802,0.804254547334254,1.312478631334081,-0.2716249599281584
4805,3.6190925642720697,3.619155906994687,3.349318051816367
4811,-1.323980027784564,-1.594153289823064,-1.593971596223975
4816,0.1141908009280231,-0.3309016631739988,-0.5857085700784223
4818,-0.5382860049225424,-0.9141838075456326,-0.7025173727295734
4821,-2.8657691622557384,-3.6200588276723726,-1.9234174537565667
4828,-2.1023405231224204,-2.283798372980411,-1.255392718238104
4829,2.7501173275973056,2.317212920129572,2.3225370426569993
4831,0.1918493658199466,-0.5652095196016728,-0.8953223807660438
4834,0.9832768576010518,1.4596634247102198,1.1549336117865712
4846,0.3570619207349009,1.700185863038968,1.0697282437090356
4847,-0.4843608985147386,-1.1045648848545475,-0.3163619186635619
4852,-0.3224503509131065,-0.4818064127207344,-0.2155347409192863
4853,-1.3829524597378282,0.804295208123303,-0.4247116400450785
4858,-2.1022833717937424,-1.1182234570822476,-2.7919263117762645
4861,2.6914655384109785,2.5443854034054816,0.2720110696090151
4864,-0.8554029516087077,-1.210029208295751,-1.2128287899440962
4872,-0.8694821218958975,-0.1572214542901083,-0.0295795875217266
4873,0.8042255549414767,-0.1560998594648027,-0.3622377366881426
4878,0.6227804450671702,1.873778023157114,0.8944189242946522
4884,-0.7494457574902907,-0.5793366731918983,-1.266063942889698
4885,-0.4795530429897024,-0.6869653650762445,-0.57515438658535
4888,2.4270803962496106,2.0024033988061465,1.87179844401003
4904,-0.0948457797793377,-0.3183542377943304,-0.5240509186668031
4905,1.4568337195490506,2.94608709045932,1.1548964634229304
4907,-0.4513459749543617,-0.0302536755369567,-0.40814165411599
4919,2.425994997265801,2.2138721257445604,1.8320658877909444
4924,-1.3221920246538197,-0.1695285761924759,0.3565128512511539
4927,-1.1649176404606534,-1.2675989323257746,-1.3854616411973282
4928,1.521549860034453,-0.3723048837021371,-0.0953594273458312
4930,1.7889498538488533,-0.4388557604360053,0.0389495586412767
4951,0.804221387657094,-1.3854555688686565,-1.6716201298670628
4962,0.0405105638384284,-0.5472527804952664,-0.8293304559331731
4974,-1.450239576556864,-2.7189100123877963,0.7134579338003556
4985,0.8944580967678503,2.00524524862466,2.460074096425952
4998,-1.8366707857837463,0.8042147200020815,-0.4177859705967184
4999,-1.109323447358599,1.4580471136960451,0.6223048388538281
5002,0.3556694524247152,0.8041749522025431,0.4430077259483036
5003,0.5325811224505909,0.273126949301453,1.312589957359735
5006,-1.52048463183079,0.3572619206189568,-0.7571474943559907
5009,1.3870298010933575,3.348727488086694,2.631251374776917
5010,1.892544733515946,2.1436083772235457,1.154354597387902
5018,-0.0955549622823342,-2.7146115180796024,-2.7145450796600143
5046,-0.7520395943553951,-0.8608100626279863,-0.4101285557770608
5047,0.6222529859295797,0.532418836490199,-0.5030856086002555
5048,0.113906413535216,1.7016784652396084,1.154033478359893
5051,0.4439570333306987,1.155183410719001,1.5258875268158447
5064,2.4259902346550777,1.955465250693447,2.1199639200273155
5067,1.8737937397725004,1.0698439751496085,2.748828327005081
5072,1.9512939180915616,0.4435038709203894,2.462060581358585
5075,1.069752533023724,-1.1532537686690834,2.1902421945110353
5079,-1.6717553880116007,-2.012072857041964,-0.1599365591307513
5080,-2.012184897459226,-1.8366811444620696,-2.1022205053321965
5090,-0.3178072817190918,-1.4505626006291623,-1.7526514268415474
5102,-1.2662846898967168,0.2725538286335539,-1.5941704352216672
5104,3.0202811834796273,3.262689734720017,2.589305871485312
5112,2.0166633697029144,1.8785813542019631,0.1090442047153017
5113,2.088113722685606,-1.0458718990854652,1.312576264853906
5134,2.8110673145880964,2.8110601706720115,2.422240631232729
5141,1.9090834945784807,2.263182292127933,1.2357989317773534
5146,-1.0712592336758384,-0.8029839910757883,-0.9321426600605474
5151,2.255479007413748,0.532659467396987,2.0226242532840293
5153,-0.6111372203168189,-1.2113610723844843,-1.2671023110926165
5158,-1.3236689102390733,-1.9235634277752316,-1.0348350249956
5162,-0.0289663418584849,-2.102242413341523,-0.8735913024278451
5164,0.2733291816592854,-2.9355690324923165,-1.9235269938031991
5177,0.983060277878416,0.1918560930075931,0.1146182154741102
5188,-0.5894193582233772,-0.3168129081327288,-0.159517895881868
5191,1.386311004069964,0.3568645998193767,0.3569555061515551
5195,0.7134235834705147,-0.8608100626279863,1.8560724224674032
5199,-2.193148031128348,-1.5942955728184185,-2.549461085468269
5202,0.1917275025180676,0.2729072441155299,0.271890545791402
5218,0.5324358628235343,0.1904151056006651,1.0698058742638232
5228,-0.5410873130172746,-1.5193822065136449,-1.214219948536333
5239,-0.5385252665787474,-0.2654422577526122,-0.6635273075222292
5240,-1.4469257520156849,0.3536512663644565,-0.8428837744638912
5251,2.692735726690847,2.810852044583409,2.458964408127455
5259,2.33147598672331,2.590689648030928,0.8042267455941575
5265,-0.4034762899505275,-0.8899687300521326,0.2724808118579044
5267,2.396162241826425,2.4638346538529645,2.4600710007289823
5271,-0.5288609173666647,-0.9081588668502912,-0.5652084480142601
5274,-1.1610356364602006,-1.383855093535136,-1.4508456187713867
5277,-0.1559142069455503,0.2727695153666793,-1.1649388340783713
5283,2.2260839358998306,2.3556764787214703,2.1669277862379204
5298,2.1338612181175143,0.8042119815009158,0.0394895791646497
5301,-2.7920718095338573,-2.1930608753521144,-2.102327425942932
5306,1.3864647173310545,1.8300942860168217,1.0698163520074142
5309,0.1917143160396278,1.3123376580566757,-0.2223554543338346
5314,2.1199851136450336,2.1669142127973595,2.0065606817063983
5320,-0.7866366869643248,-1.3850062165469257,-1.7527328674849136
5324,0.5326255337955844,-0.4487963113037147,-0.1574971201520286
5326,0.0406006069474133,0.3568618017855768,0.0362156414882772
5328,2.427078491205321,1.7889171109001316,1.312801893536916
5336,-0.9141952973440022,-1.836716625911957,-1.9235424722880496
5342,-0.0955481457957367,-0.7658968269828852,-0.889975159576609
5343,-0.5472587635249874,-1.5940898280351776,-1.3855899935563176
5344,-0.156974304559893,0.6226364951580626,1.069692762259148
5347,-2.1023300453788294,-1.593153141571199,-1.0219292429253304
5359,-0.9998295980497928,-1.9234717475188108,-1.520193160054532
5362,-2.102317186329877,-0.2195000608410774,-0.2716208224100926
5369,-0.21312000798369,-0.4398768641750522,-1.1621080573297895
5372,1.234846171502184,1.8700421122405944,1.5822388559576144
5373,1.4562248197680938,0.1132998950596208,-0.1643983216877984
5383,0.8943085507911428,0.357099753723833,0.114189163780587
5385,-1.0729966340676491,-2.0121507257272877,-3.062514040012948
5389,1.3862573056340604,-0.4487995855985869,-1.9234190016050516
5393,0.7134065571371794,-1.3793816923481343,0.7133463696441654
5395,3.1781617289525843,3.349100162375782,2.9455224829580886
5402,-1.594296406275295,-3.3083259528761126,-2.9349551319701
5406,0.0396498707818012,0.3571122555769813,0.9832501869810022
5407,-2.4627491845537275,-1.520132674898348,0.622191905447055
5412,-1.4510036183821278,-2.934835352310413,-2.935190643070361
5418,1.9388987474234496,-0.0287605970752441,-0.6252465141168326
5429,-0.2151603401838114,-1.450985758591916,-1.7526508315152072
5432,1.455923346509317,2.2525940559681903,1.64081634841666
5434,2.5876942040165924,0.9830172953166394,1.583301751605757
5437,0.114092810212394,-0.364801509573057,0.3566720712808927
5442,1.845009711214365,1.9414331707197825,0.1906943434206278
5445,1.3863944688228875,2.68711465538483,2.1251361152726735
5447,0.3567455047849805,2.87573380485671,2.4082145045224688
5460,-1.7527234613287352,0.8042444267864672,-2.5492665328202273
5476,-0.8899803389157704,-1.0093795850718856,-1.071268758897285
5487,2.0958017670454767,2.1113354981801553,2.2525900077490757
5489,0.6227790162839534,-1.036585998827972,1.235148478217837
5493,0.0408526681199368,-0.69275294915967,-0.4398783822572201
5510,-2.2838783848405604,-2.7921453918695303,-2.102298135886984
5513,-0.584074518339304,-1.450466872153627,-1.4510104051024082
5525,-0.4905100540510035,-1.028043363506463,-1.071254113869311
5527,-0.0945460032006314,-0.5329549766095664,0.983049919200093
5532,2.537565582980444,2.9453300734848726,2.748189660907104
5548,-0.3594071385374628,1.6417154102559255,0.4436550838108499
5562,-0.7953016023161511,-0.763024972716816,-0.9321395048309432
5564,0.7135560435812528,0.8943736794927821,-0.6840879742752097
5573,-0.2672594616403532,-0.6685409078305062,-0.4487985735438082
5576,0.8943506403634088,0.5325808247874206,0.1135732093824965
5579,-1.0692769160275886,-0.7134882251282886,-0.3195512009343301
5585,1.521405433864273,1.312544474427329,0.4431172064623023
5586,-2.792144915608458,-3.3078154010065894,-0.8953192255364396
5587,1.1544697335021348,0.1129941354511936,0.2722000261894567
5593,-1.450459371041738,0.8943654639892846,-0.4177864766241077
5595,-0.3590288384144584,-0.8839479566411741,-1.6717057377948117
5603,2.213888318621019,1.9782050499828117,1.456649287448796
5605,-1.5200433759472884,-3.576117314226689,-0.4941974458707808
5607,0.9833278175357898,1.154054791042879,-0.0335961352751087
5613,-3.119746094942699,-2.5492598651652147,-2.6334852070211907
5615,-2.284052220131956,-0.4542252707996858,1.978301730980492
5618,0.622656736253636,0.1144264608598688,0.2726214577058229
5621,-0.0967411202492557,-1.266504722512127,-0.9141870223078707
5633,1.792791375658159,0.4436542503539734,0.0387496778224888
5635,1.069832068622801,0.4437034243096901,0.5318017212057448
5643,1.8785896887707287,0.7134866285299626,1.7889171109001316
5645,0.622670190628929,-0.2693788234121622,-0.3183540591964283
5646,-0.029450937499567,-1.3844138668382318,-1.0018355501537564
5647,2.322560855710615,2.3556724305023553,2.258624473665863
5648,-1.1634689733439345,-2.865525078456176,-1.2113885764614103
5651,1.8925623551756217,1.312872618306155,1.3130850307444082
5654,1.3867455922984528,-0.7571186805611156,-0.6695566536324894
5657,-0.6511379115196189,0.4435104790427678,0.8943932061967471
5669,0.1144863209233956,-1.1017131526187838,2.2380757134396907
5673,-0.5840696366633127,0.1919834035454867,-0.7953041622194148
5691,0.1144188704490287,-3.309462073664124,-0.7134979289476371
5696,-1.5939660001563754,-3.118899540886656,-3.171148952477831
5703,-2.374050560576018,-0.4513433555184639,-3.3815937181107643
5705,0.7134157251628215,-1.5202881741384593,-1.2646275394955913
5706,1.4564323505303558,-0.0311052303342588,0.5326155323130658
5709,0.1147807097987213,-0.3172905682219453,1.6956423324090677
5711,0.8043013995172432,1.832082556928475,0.4438248708831308
5716,-1.0251718664361982,0.1920962774196257,-2.4627310866329797
5719,1.5237125615638427,0.9831705323166572,2.3593594055936946
5721,0.5326559549715786,-1.267437360756991,-0.9921487571386408
5743,2.750113755639263,3.0200282888502272,2.591464286665051
5747,0.894463811900718,-0.5203570973225494,0.6226241123701823
5752,-1.923587955220456,-1.7526592851492406,-3.000883475949817
5755,-1.8366104196928303,-1.3373641545693415,-1.9229490509919431
5762,-2.7147620165784545,-2.2839964975864953,-2.0122621708182096
5766,1.7474743011703568,-0.2729749814702739,-0.03160941221194
5770,0.5326536331988511,1.3864444762354806,0.8942646157072216
5771,0.1918457343292702,-0.4123708822044785,0.1914752627476419
5778,2.9455432003147344,3.262696878636102,3.178550596118131
5781,-0.2172701172015399,-2.3739600709722777,-1.7525435537086678
5788,0.3571781582028631,1.3860813271678392,-0.2141742416335798
5795,1.386527821923136,0.6226142299529318,-0.3283846829394395
5809,1.4565582025187154,1.387166726151649,1.695230723777318
5817,-1.385166597463028,-2.7148508392684416,-0.2804093870428191
5818,-0.3809354487241226,-0.2781881351678515,-0.0976474153035572
5825,-0.4022701885512027,0.0389506302286894,-0.4427990830495188
5830,-0.3606876259630201,-3.0620108701900453,-0.7814477035161672
5831,-1.836644591424769,-0.9709919305883878,-0.2762347503797449
5836,0.804281515617474,-0.1574949174445691,-0.5282317764901344
5839,-1.6716974032260463,-1.923360897754229,1.316051065637528
5844,-0.8427440513718003,-2.6336576135293694,0.7134294772012847
5845,0.3567263650431368,-0.602256201503429,-0.2804074224658958
5865,0.9830963546546438,-0.0311062423890375,0.1144166082089352
5869,1.802067631628938,0.2728252081458233,-0.8937107132973243
5874,-0.5509574070125982,-0.9921379817318796,-1.210964942237585
5876,2.25547329228088,1.87603764381472,1.9870813657181128
5878,1.7884269191914497,1.4559140594184072,1.0700392421892584
5880,-0.4742418092775445,0.0403058906426003,-0.935408025037618
5883,-2.7924359111236434,-2.4625351052017215,-2.549330589934454
5886,1.2347354408028703,-1.2638987409896787,-0.6927575927051252
5890,0.1920432636090135,-0.0970158931216654,-1.0182406604528724
5894,-1.6711712538064043,0.6226141704202978,0.9831554110276112
5898,-0.2672597295372064,-0.6366339758885569,-1.266297191749865
5899,1.987105655032801,1.0697444365854945,1.235162408854202
5913,-1.264251055117925,-1.4502312419880985,-1.8368223558700112
5924,-1.8369093925809772,-2.4625955903579055,-2.193000866457002
5929,-0.2208479094420504,1.839591050864083,0.3562832338816632
5931,-0.0285038923572655,-0.6869620312487383,-1.163041409966262
5935,-0.997578252428318,-0.2138875920006793,-1.5200418280988035
5936,-0.6010550115464124,-0.0953542182403527,-0.3183538210658921
5944,2.876717283971044,1.6440269433704142,2.8759462172949632
5957,-1.7525565318228884,-1.8365127861730055,-1.923293625877764
5959,1.069704906916492,0.2731554654331579,0.0404065603267613
5960,-0.928307924971522,-3.000998016737709,-0.6022548917854801
5971,0.1921804267978407,-1.451038742636211,-1.5205708350848792
5975,0.1146681633540695,1.9068038709558373,0.7134138201185323
5980,1.1541182528307652,0.2730425915590189,-0.0313493141338211
5985,-1.923460079122539,-2.549229860717659,-3.1711632403100007
5987,0.3571460403467988,-0.4941985769908276,-0.6979475882080614
5990,0.8944030886139976,0.8943653449240165,-0.1608564276256138
5992,0.1922691899551937,0.1921314016737091,-0.2144861331033132
5996,-0.8477253849924278,-1.1130587629487785,-1.6716437047901425
6000,2.2294127626647877,1.703383837074306,2.5888072261425967
6001,1.3126026973434195,-0.3369724439975505,-0.2195052104139218
6009,-0.7396903828807615,1.693818252502095,-1.8367973521637144
6014,0.3572759107879562,0.894363023151289,0.4437768875800949
6015,0.2731549296394515,-0.9120193200372216,0.0387496778224888
6018,0.9831527915917132,0.2730460742181101,-0.3723037525820904
6019,-0.0300741251126933,-0.5170808081071324,0.0396468941500992
6027,-2.2839462520433655,-3.0004593654649185,-0.641240134849467
6029,-2.2839641118335776,-1.3233021892133894,-1.3238321487216098
6041,-0.7396934190450976,-0.0294459367583077,0.356913237981387
6042,2.055542704210945,2.341411268952907,2.87438312845562
6053,-0.900046057146548,-2.46271989449778,-1.9234867497425887
6062,0.3573619949767774,-0.5410835029286961,-0.6126019612447287
6064,-1.266504722512127,1.3129294124390287,1.6994676613419146
6072,1.069795158389696,-0.155915278532963,-0.2151632275165623
6079,1.070061150198585,0.1133034967839802,0.4436113868574649
6081,1.3124818460963192,0.0396438282194462,0.9830708746872748
6086,-0.4048441712828549,1.8519387144902315,0.532396214089264
6089,-0.5385259809703559,-0.441248466297007,-0.6479985175961759
6092,-1.7527550136247765,-1.2665050797079314,-1.836793780205672
6104,-0.6763932622603264,0.273130104531057,-0.2684529421212617
6105,-0.4487966387332019,0.8042357350218975,-0.3172941401799877
6115,0.6226673925951292,2.1778998888219503,1.743170925186172
6117,3.0977626685516,3.6192309181135776,3.0977486188499666
6121,-0.9950275171902584,0.5322372619563783,-1.752474972114254
6126,-1.0497830145439633,-1.921654930593191,-2.550944400577998
6127,-0.9950280529839648,-3.0615103198030407,-3.000192183003349
6130,0.1916326372657255,-0.1584065109033001,1.584956044440449
6131,0.3572778455985624,-1.7520306205337828,1.9870718404966663
6133,-0.8293204544506545,-0.7691021235322101,-1.8364932594690404
6136,-0.9242449417635892,1.52555557284844,-0.7630176502028292
6137,1.385997981480184,0.5323176310123318,1.9601592798221992
6138,0.9831527915917132,0.4438316576034113,-0.3172959856916429
6148,-0.5170842609999067,-0.3172943485442068,-0.9921369696771009
6149,0.3573943509633779,-0.096216488911782,0.804171737440305
6164,-0.5240518711889477,-0.6316709783192135,-1.5193632751360204
6173,-0.9321266457819908,-2.7143736256739803,-3.000740835758658
6178,-1.1625802701829917,-0.5894151314063604,-0.5598666740608399
6179,0.9830924255007972,0.6227021001207742,-0.2151564407962818
6185,0.6226236361091101,0.1917826297371882,0.8943034309846154
6187,-0.6685493614645398,0.53249253789114,-2.935274226888553
6188,2.057859238066693,2.4222682543749237,2.3593610725074474
6192,-0.5329537859568856,-1.751865357941689,0.3570047098735888
6196,-0.5840721965665764,1.971517630135878,-1.3210441164042683
6200,1.154148138213053,-0.7202280336931771,1.1538155889193078
6203,0.4439697733143831,1.7920281672897718,0.0399277393511809
6216,-0.3168158549981137,0.1917901010827602,-0.1574971201520286
6217,1.0698326639491411,0.532624759871342,1.2348278354509
6218,0.6225935721289201,1.9871139896015664,1.5229940026709852
6220,0.6227468686615719,0.713476627047444,-0.3148077597193248
6221,3.349705013937624,3.4380045311367327,3.178429387675226
6222,0.8043233075265698,0.0399374729368464,0.6226606654074827
6226,-2.8656596222091055,-1.1642423022601085,1.0701028230424128
6227,0.8042115052398434,-1.323307189954649,0.443843206934415
6231,0.8943432583167878,0.1139065028341671,0.2727037318060656
6232,-0.1554289266791767,-0.8839448609442041,-0.3606884594198967
6233,-1.8366737624154488,-0.7258333883838075,-1.4501227735288782
6246,-0.8682398544213936,-0.6979403252267086,-0.8390684470135628
6248,1.8321131567023716,1.7907072572057017,1.9414324563281735
6250,-0.3648038908784186,-0.6239914471260103,-0.4818090023903151
6255,-0.9321353970791946,-0.9284299668713032,-1.9234867497425887
6260,-0.6403277377001765,-0.9351042300061142,0.7132471882758554
6265,-1.7525041431049335,-2.1022559867820845,-1.7523686468298594
6267,-2.10229718336484,-1.9233483959010809,-1.9233483959010809
6275,-0.6171774013664744,1.2349970271968402,1.746746455186589
6282,-1.5202189972177054,1.388057334356881,0.8041282786174561
6285,2.811062075716301,2.499384209073894,2.464619293969606
6288,-1.7528125221492583,-2.1930373004290344,-2.633572362797425
6290,0.9831467192630414,0.983048490416876,0.357107284602039
6293,0.041132769163093,-0.4123740672003996,2.0052535831934253
6297,0.5326536331988511,1.4560830130338116,1.069759081613468
6314,0.114347103858694,1.386518534832226,0.4435426861977832
6322,-0.9321281340978416,-0.8682409855414404,-1.450569863610515
6323,-0.3663447442789479,-1.5200418280988035,-1.6710604040418229
6324,2.0882730320142957,2.9460792321516265,2.8761305303299496
6326,-1.92349472711555,-1.9233868539826704,-0.9351050634629908
6327,2.455283624430056,1.693218163550976,1.236386399810056
6329,-1.5940337482939124,-1.113049594923136,-1.5935707034663529
6336,2.495406952858977,2.229413000795324,1.584456922836661
6340,-1.1177037371870822,-1.5941287623778395,-2.6334173398183855
6347,0.9831044510928733,-0.6805319114461237,-0.7258372580050201
6350,0.5325667155531533,0.9831346936709652,0.1137971711517534
6351,-0.5954537646075307,0.1908197489142321,0.1902175763209218
6358,-0.0991521026289075,1.3880133992729595,1.0701060378046507
6362,-2.28400673719955,-0.618590884696476,-2.6333959080701317
6363,2.877029711234483,2.94667098653398,3.097649794677461
6367,1.0698537385015912,0.4436693716430194,0.3571943213130049
6369,1.3123459926254408,2.5893303989305365,1.8353541132994864
6371,-1.7526936950117156,-2.7918162954685593,-1.450098365148922
6372,0.6226389955286923,0.0387413730200403,0.1912935393822361
6375,2.129749418149669,0.5324351484319259,1.9781900477590335
6383,-1.4508306165476088,-1.594129595834716,-1.6716737092376983
6384,1.1539269149449618,0.5326304154715756,-0.5282328778438642
6390,2.382573322780551,2.54318355858949,1.3886090828091595
6396,0.5326375593876604,0.8943727865032716,0.3571376462453992
6404,1.1540390744274924,0.6226842403305624,1.6952059582015575
6406,-1.384250271159891,-0.0995933287460918,1.7972741830013392
6407,2.155959493742469,1.6399234779713343,2.2760151467215044
6409,0.894349449710728,-0.2669051829351837,-0.5439813134232065
6414,-1.45058010322357,-1.593854316934917,0.5320567590099703
6415,-1.5939242082472795,-0.1580896186923075,-0.0979776725908918
6420,-0.1630610698956844,-0.8839346213311493,-0.4465470493244314
6421,0.1124626578608053,2.4252603645617525,2.279190379290639
6426,1.74559592750114,0.9831802956686396,1.644446172179321
6430,-0.3680947655891753,-2.6337278620375364,-2.9351677825388895
6432,2.8098714230355095,2.3683204957998676,2.4975063116657488
6434,0.9830238439063836,0.3572392386853877,-0.2138868180764367
6444,1.1539401311897186,2.058906059903645,0.4437348575404629
6445,2.7491305146554654,2.6927331072549494,2.8759528849499754
6458,-1.7526665481305934,-0.6316768720499835,-0.9013929829916932
6460,-1.520355565080192,-2.63338423967386,-1.1159576450307014
6463,-2.1931046913707672,-3.660117860856531,-2.5493496403773466
6468,-1.9232426659430264,-1.264255579598112,-2.1929708620094464
6471,-0.9652018461343328,-2.5494608473377327,-2.865724631845477
6477,0.1145614511075535,-0.1577837697849292,-0.2684496975927065
6487,-0.0297448501138204,-0.3634391647756953,-3.000873236336762
6504,2.946400470244904,2.946395707634181,2.386254820869558
6507,2.0166767050129395,0.5326439889121367,0.8042369852072123
6512,0.1920255526503867,-0.1567320067393519,-0.4123737100045954
6517,0.1919670916037599,-0.6010583453739187,-0.7659011133325361
6518,-1.2670975484818932,-2.193065161701765,-0.9851985007124222
6522,-1.0328347880245043,-2.9358909849772026,-2.1020019015000035
6527,3.0201540217733185,2.63671647058175,1.8785459918173435
6531,1.790078949786048,-0.0306491508248816,0.6225055233631756
6535,1.0699660170493897,0.1107636262516328,1.9984151885865673
6539,0.8943782039729691,-0.8108393221373105,-1.0692704865031122
6540,1.1540412176023178,0.8943867766722708,-1.203240821101486
6542,0.8043029473657282,0.2727255802827581,0.4436693716430194
6552,1.456214461089771,1.234784138497515,0.8042218043855323
6555,1.312278720748976,-1.4508456187713867,-2.4626301192856483
6559,1.8295453951309768,0.2728854849377884,0.622740974930802
6582,-0.6057891656705076,-2.012150368531483,-1.836716625911957
6590,-0.3634407126241804,-0.842748099590915,-0.4905090419962248
6598,1.0699141045925071,1.955464298171302,1.2352683769427928
6604,-0.3151610263697156,-0.7397016345485949,1.4559618045909068
6611,-0.3195498614500642,1.154266965350596,0.7133762550264533
6614,2.5017838504867607,2.8106253443129865,2.4082278398324934
6629,-0.2669098562469558,-0.216797815049387,-2.192998723282177
6640,-0.951157204774886,0.7133484532863568,-2.2838660020526804
6642,-0.1560996808669006,0.3569547917599466,0.8041989438540611
6644,-0.9511578001012264,-1.450140752384358,-2.549515617361049
6645,0.1149455556623769,-1.2131510996247865,1.3125946009051903
6646,0.9831165957502171,2.166934453892933,2.6924344915626066
6648,-0.2889670245881062,-2.5498411418039773,-2.102269083961573
6650,-1.4508465712935312,-1.1634632582110664,-1.752778588547856
6652,0.8042637748925302,0.0396488587270225,1.1539744219869257
6656,2.8754832915326713,2.691085958336342,2.317182201290408
6658,-1.0745435300305335,-1.671578218892699,-2.549392265743319
6660,1.3862581390909368,1.313120750324832,0.622465517433101
6662,0.4435412574145663,1.0700840107300562,1.069809922482938
6673,0.0405073788425073,-0.7691160541685753,-0.4795520011686067
6682,0.7134434078376499,0.6227178762687947,0.2716338113071063
6684,-2.3740048395130757,-3.5318405129860944,-2.9350275236530923
6691,0.2723880302477537,-0.160381446504929,0.713419475718766
6693,2.0957896223881325,1.2348810576257312,1.7884106072497228
6696,-0.4081464762593472,-1.7514358895197273,-0.0302473650777485
6705,1.069760391331417,-0.0311108264018585,0.3569730682785968
6708,-0.3648013012088378,0.3571981611679005,0.8944376175417406
6719,0.3571841709989011,-0.9411113109112436,-0.3748341276593085
6729,1.1538522610218762,2.30557024195572,1.069831116100656
6730,0.8943890984449984,1.642034624239646,2.1044306651537092
6735,1.0696938338465607,0.1146756049333244,0.2729368913672816
6741,-2.102344095080463,-2.3738710101517544,-2.8656665279946543
6742,-0.2159286088260921,-2.3738800591121287,0.5323969284808724
6745,0.0410040596082995,-0.9464437680074366,0.3566834122476772
6755,0.1913767957709404,-0.267254579964362,-0.2163467362812691
6768,1.6403521129364194,2.5833078395405566,1.2353526751525927
3,2.253568562522072,2.6440622514752388,1.891724632495344
8,-0.0962138413188779,0.2032645837001944,1.3712668747438403
12,-0.3661889356227094,-1.00181655714314,-0.4741237211638587
22,3.5210164123260372,2.7210698003785967,2.7370669396537304
37,1.7129673749313252,-0.4679239190123658,-1.2983684503148896
41,-1.4235194238244098,-1.352992228986347,-1.491133669874357
43,0.5584072188553901,-0.3203252422809046,-0.1015057703153295
47,-2.852685447793728,-0.8083702089056204,-2.7711157197498135
48,-1.4953155233571178,-2.0801811842915816,-1.809882504472733
50,0.7466071722153905,-1.532252059741024,-1.3019133818031992
52,-0.4068829783715145,0.3753942653594673,0.1992943172351713
65,-0.6181129160051878,-0.9200407987875266,-0.5396066617418737
70,-0.257690669218594,-0.7128139430550969,-1.4887679948899262
75,-1.644089659509998,-2.727884546764679,-2.362424929859408
78,2.3305333865301066,3.2975958334070423,2.8384797884460573
82,-0.0682529595883573,-2.7276580801229913,-2.456267569308614
88,1.0268065438902094,-0.3790833645984877,-0.96568784233498
89,-0.9547415636259632,-1.2725650831864526,-1.4911661457340972
90,1.8397225077331905,2.5106603103916143,1.3720166596120658
93,1.5592262844735207,1.9168022938150584,2.185333694148722
98,-0.0937134779541743,-1.422938933266846,-1.0171659079764568
104,2.1129853815180724,1.9087093836571811,1.588276126234783
109,-2.0800549853233132,-2.1736097873996876,-2.63912765164728
110,-0.6914131541215345,-1.3294871154757315,-1.3173100263790276
118,-0.4984530176624467,-0.2313143748269245,-0.4312100521876869
122,0.2892997733289938,0.123352359326601,-0.3073060035133676
129,-2.173803407734565,-1.566223908229471,-1.3631322296490729
144,1.408493841630063,1.7230716891930438,-0.1714380889013047
155,1.7376986682412618,-0.8907180610185604,1.0265736561659875
162,-2.0801918037742344,-2.5481214019252048,-2.173564592857235
165,0.4665449894385621,-1.2148937599583738,-1.5292290881733317
166,1.2884815863832573,1.8895117051858132,1.8773407902069303
173,-0.7684105157304874,2.145598059709326,-0.2326414705820358
176,-0.9656625901930908,-1.2933891477743222,-0.942713332509932
177,-0.7342042977295414,-1.2148919077230274,-0.8045939949637226
185,2.2535307769210053,2.7852364190370986,0.7465273408719604
191,-1.7679570339244584,-3.0779967885543353,-2.8915601632441144
193,2.909028963143564,2.68516977489454,1.9128769131865968
207,-1.2979923230572126,-0.8091420971156463,-1.0171938149890092
219,0.6519980777798413,-0.284197453590418,-0.5823443374895476
223,-1.7260536667179842,-0.3305878917941517,-1.494072796922035
224,1.0265763727778292,0.043830802258154,0.1233001571604215
239,-0.9291888039398952,0.651915591565748,2.1481269783689534
248,2.426923713957117,1.798339248211987,1.7719536617729963
250,3.386706628957961,1.6591989585428384,2.61975474961256
255,-1.4597717444713532,-0.3108632214961419,-0.8333591481522422
256,0.6519952376856435,-1.809616276512276,-2.5483271235310125
259,-0.8119899089607469,-1.2657877540539502,-1.3508884600798985
261,0.8409279970898607,0.8403811554744232,-0.6074151455384806
264,-0.4737780014364518,-1.2357236282169954,-1.5661467317567042
267,0.2045827269844648,-0.5126308296391613,-1.4953320699928792
279,-0.6058022189988296,-0.9057373435131476,0.8404124582517774
283,-1.2762660963732864,-1.897795521166309,-0.9489127024731776
287,-0.622726216841305,-2.080158463537999,-1.4964618100718308
291,3.43202860520212,2.6938214427152496,3.2551282753140525
292,-1.6857412461917172,-1.4940855156047472,-1.725007030264908
293,2.9793138855983172,3.2120055198378603,3.0109167250787103
323,-0.9998129941689315,1.447738016290879,-0.6510547364174982
331,-0.4283205341767032,-1.4271914186574832,-1.4609845881761805
333,-0.6088346369667885,1.5292576104980842,1.6785895164549456
334,-0.2257581318465407,-1.0285340641562069,-0.4926041523679197
338,1.2046662082053592,-0.1014575504551447,-0.837852918067338
345,-0.8449618590680256,-0.943923521344096,-1.9880859436681757
348,0.6522131840447374,-1.495060532291096,-1.4218103045291022
353,-1.217669272883786,-1.1171098106567268,1.8217671852498356
360,0.934532500814697,2.2535426312272224,-1.085196536532276
386,3.6148390476335024,3.3416666864158815,3.1322396220566335
394,1.2888925356654468,1.927453387951036,1.3700997195108913
395,-0.8519052719699225,-0.374240386579416,-1.568249883251371
422,-0.4553101963033354,-1.9874926109455435,-1.6450676397729007
432,-1.3210253635192069,-0.9361611117131964,1.1174103646126885
434,-1.1009230024821213,-1.351996590746475,-1.9877066058692316
438,-0.6877857981603096,-1.6452112497534257,-0.2288735608286078
440,1.2044425816578697,1.2894742610465748,1.116998180506935
448,-0.9633655713988334,-0.8589856885462754,-1.7252139866942795
450,-0.5537202011520679,0.0420032633830326,-0.1819947499052048
456,-2.7699362162812218,-3.4303317127596804,-2.726822845464118
467,1.3683192274135685,0.9342567647127952,0.2035846499680534
471,2.22565438799287,0.2010156304131763,0.3736484100631225
476,-1.388963133342993,-2.456167795564621,-1.2152911261813562
477,1.02633200119446,-1.1654311733385003,0.2027227739907813
479,-1.1155803581900203,-1.1336054482047566,-1.4573301278377198
507,1.4465535735280302,-0.3487310618122213,-0.0286044419514206
511,-1.5687976509844817,-2.5484152899335015,-3.46744680463098
512,2.6375683143507365,1.5221583628623765,1.5240651774103238
516,1.7148541853375316,1.520884518873474,1.116973360553293
521,2.344979834373228,0.7462924156888577,1.75784123370401
523,-0.305276324020775,-2.3621772242524153,-0.911633440809008
526,1.768220049244066,-2.173590277187372,2.344795845662152
528,1.44968792618122,0.7465524077903151,2.137055303326985
530,-0.4834091313083415,2.9745030129919163,1.292972145757086
535,2.311998931795108,2.5180729562479347,1.5900874889212124
545,-0.4072246540517484,1.0266771343806738,1.0267608554183314
546,0.2891638501251566,-0.2192284774504418,0.1236959489833595
549,0.466244556865375,0.2882689117469511,-1.1336386649586354
571,-1.4586353363451543,-1.8972988751287587,-1.4269275368617984
574,-0.174008590244459,1.877529100800482,1.2075497681926453
575,-0.5003776754108982,-1.8098725024018625,-0.963235606218694
577,-0.8431524103581207,-0.6398678523369833,-0.6676192153792362
583,-0.2217271120621555,-1.2280805642835824,-1.7250149331357192
590,-0.0430684860303332,2.619674980010308,1.731580364445011
594,2.1808648676696247,2.069881148395344,0.84051846785477
602,0.203735699760553,-0.9602496793579296,0.288397240785868
608,1.2043454010433614,1.116568955835994,-0.7153900937160578
612,-0.5136048275960693,-1.126790827400613,-1.296289377879726
623,0.202933743596737,-0.3922627599823107,-0.1654337593200359
624,-0.934388831192576,-0.6878053083726251,-0.5498605748784036
629,-0.7140059182416879,-1.568471657563514,-2.0797995003278653
637,-1.0663893092719303,-0.9792641100123598,-0.7326676832861623
645,-1.022674579379027,-1.9877571101530105,-2.362165122981485
648,1.1170493022024957,2.189112254255392,0.2876883285776199
649,-0.9439003066610878,-1.328153259061606,-1.2657505858646656
657,0.2044167975680158,0.2009197772339997,0.3763666889163309
663,-0.3572616860530433,-1.7257682989922811,-0.7605635206854349
665,-0.4624253422924334,1.3711637669762238,-1.327491764078226
677,-0.6680207800023371,-1.392405821440181,-1.6436100540376348
687,0.1212788744680659,-1.2037192241135015,-0.8717435769064344
694,0.7465009773888632,-0.9783220013739992,-1.6448661165672116
696,-1.684919347627338,-0.5034742115924319,-1.391957086556925
703,-2.1268630717270725,-2.4559835598888315,-2.362248350089717
709,-0.1654311970611401,2.1243457583093672,1.0267687582891427
710,0.4665980868518259,0.2033666109971923,2.184393746451599
711,-1.003907977813946,-3.4568246053664065,-1.809894605743663
713,-0.4034139885324074,-1.176453084990829,-1.3593202058238112
714,-0.6917928006263696,2.1106589739229853,-0.2038719646404522
716,-2.3625859508521887,-1.8977330390939569,-2.1731830323758756
718,-1.2764923160502608,-1.807468794851652,-2.173000772417789
720,-1.4582514296990223,-0.6951938751694419,-1.3737855464674662
721,1.2908003380722457,1.118154963221944,0.5569394458257192
722,0.6519898662031389,0.2035986034743298,0.2032362136288052
723,-0.1270840908491779,-0.7021858783785929,-1.3565445694160423
731,-2.854400123795075,-2.362209576629799,-1.3484873456591728
745,-1.0183025013261902,-1.3882980573712764,-0.8701213891900513
749,-1.8540980788033048,-2.0799787967093977,-2.0795111690256083
750,-0.8571872297660926,0.2004801491745301,-0.5340907666214524
761,1.0264764755514797,2.7172544425297116,1.5952753531617851
765,0.2892705080105205,-0.6914131541215345,-0.3395192780227581
767,-1.643354198595118,2.2638487156593428,1.5951138382395784
768,-0.0256327773028237,-1.423521769989182,-1.3592968676584465
769,0.3763838529638743,-0.3395102638107389,1.8193959535593656
776,-1.8940463498604685,-1.5410227645533294,-1.982464409391831
791,1.8853300986677652,2.2644234025461545,2.0650994176250603
792,-0.2224053080342424,-0.6199181045737958,-0.1328774508244909
809,0.3763100105147309,-0.2576783518535405,-0.221697198461311
823,0.3760615948841886,-0.4885786275483956,-1.417130323220514
825,3.0156841318956484,3.2956606179171164,3.1298687608132325
828,1.370713673787047,1.370542650723395,1.2890887491298093
843,1.446913154149946,1.3693314122892015,0.8403553476619299
844,-0.1308814202740247,0.118951602496484,-0.52514230895707
848,-0.5462278783052632,-2.638324522401078,-0.864166329068997
851,1.9640165136891068,-0.32886750473382,2.0047463045800975
852,0.2037687312908972,-0.2830000760507333,-0.1662767424967748
854,1.4886640206462325,1.9183733598358808,0.6513504128203811
863,-1.9879543114762244,-1.1171406812458335,0.8401753103862591
865,-1.005964885166131,-1.329463653828011,-1.3619092603910188
866,2.422249165872212,2.559423739909397,3.0548840998728637
870,-1.1898251128506785,1.778461799368488,0.1147357604951165
883,0.2875466325736198,-0.4063773798631236,-0.3339482480301921
889,0.0463400254819313,-1.1503969494787858,-0.9388151797410624
890,0.4665764774394511,-0.5892668201320302,-1.1114030735544471
891,-1.8538241949367495,-2.4555652016652565,-1.9879355421580476
892,0.1239803288502112,-0.8883034252798063,0.9342875118195456
893,1.116469429056714,0.0452497380158581,-0.467915892659198
898,-4.3428211322136505,-4.31047616377113,-4.317574423547987
899,-1.46120129971171,-1.2703884596897117,-1.8104797886307709
904,1.587768119820442,-0.8071529198359618,-0.159686674357794
916,0.2045698539488072,-0.8957039698651965,-1.1326727859666623
919,-0.4405387737686866,0.4663523569625358,0.7462955027477685
920,-1.154966043631302,-1.9874889064748509,-1.7252717764370875
925,-0.6180188841907686,0.0438365441877279,-1.037607053777046
934,-1.0076468383430246,-1.215278037051575,0.120270795380784
939,-1.5212278019239234,-0.3943419558998306,-0.2854530530611581
946,-1.010936655282956,-1.9873096100933183,-1.300789568877356
955,-0.5269148981835814,-0.6374125291617864,-0.7917733158253204
966,2.782765537084992,1.6730803511229495,0.746026805140183
970,0.0438102424458089,-0.0324098594706134,-0.3790925949046306
972,0.5585374927414207,1.369120751389137,2.4225272481388855
973,0.2047318628004396,2.669382555625333,0.3750517870439167
974,-2.7690160257611267,-2.810276173372972,-3.3007648867019697
976,-1.0252080668858423,-0.6199303293270821,-1.5678057172153026
977,0.9344789094720076,-1.0581041370850963,-0.3265134370908933
981,0.4663424783740217,-1.4075448818205023,-2.1730521410780628
982,-0.0943198689359987,0.6522355343512507,-0.093145026926362
986,2.087284257780757,2.5509501336466553,2.2534102581411326
994,-1.5682454378865396,-0.0270386239307465,-0.8584968218971805
995,0.9342964025492084,0.4665432606855721,1.0262445756861096
1000,0.1236721786297473,0.3747020232693369,1.2042497022171303
1008,0.6521394650779504,-0.0264134945013342,0.5583255970177918
1014,0.4658600945486392,0.7461618948381143,0.8403015710957058
1018,-0.6917876761085779,-1.8099868470639136,-1.8090051623303185
1023,-1.451401245976228,1.848702638621996,1.2911765888122793
1028,-1.17829791139585,-1.8096435661130463,-0.9057882799851736
1034,-0.2543506567007751,-0.2854462306609655,0.5578585867457844
1036,1.1174328384015582,1.2891760511558037,2.410715419852493
1042,-1.2138318116931004,-0.7819590616188493,-1.4930113425861875
1045,3.2136342521191343,3.05362482680202,2.5726546274358504
1052,0.6521665694551861,-0.2968290812411303,-0.6914437777459284
1054,-0.7522834112752144,-0.0300380721095395,-0.4322416237932791
1056,2.0467375912243475,1.6387783108134162,1.6728398074926296
1062,2.0270431432330733,1.9714412608163563,0.6509472429266465
1065,0.466778247609853,-0.5378016892673894,0.934659440677104
1066,-1.5686166258499594,-2.2680083444175287,-2.173580151634145
1069,-0.1905330609227145,-0.5729068896937138,-0.2854477741904208
1084,0.122356103674947,-2.549234471886039,-1.7257198939085616
1089,-0.8469068914052873,-1.461240320136341,-1.987869479097359
1096,0.74643991536361,1.8377395045713272,2.422138525680853
1101,-2.7269784332332163,-2.362178706040692,-2.769334116311283
1102,3.17300411148978,3.5680476313478606,2.805562108834428
1121,0.9343323359149286,0.6520547561814414,0.3759010060796551
1123,2.881936934143454,2.0962737733286514,1.204306257136374
1133,1.116656628309057,-1.018309663302863,-1.0018434762968411
1153,-1.0594065054983333,-2.8998927526558163,-0.5784533466973508
1160,2.782732937742895,3.0548843468375764,3.1727702359067074
1162,-0.1297711286662103,-1.1800071541735142,-1.1011158819228604
1165,-0.6058041329753542,-2.730385064482328,1.8172716865817495
1170,0.1188078072924246,2.2203485981019093,1.5228969108361667
1174,0.1244397140867091,0.124178888479346,-0.6835946217596385
1178,0.6520014118034648,-1.7248673717197889,-0.4890584799854714
1184,-2.8539627492886104,-1.1394745646057376,-2.0797734455506593
1191,1.4079264402022804,0.288881785552488,0.652122301030407
1192,-0.3790861738220965,-0.5772335879805638,-1.050203921144424
1193,-0.6303433494798684,-1.6438897415749425,-0.9392985514252964
1199,1.3719731938226034,2.5077100699318575,2.278228236065281
1202,2.1107189863482088,2.596282729373467,1.6576301152044317
1206,-1.460645629107788,-1.6444852969799904,-1.458614097379849
1207,-1.2075058105733392,-1.6451277756804807,-1.987942333687651
1209,0.5586409709561067,-0.7165319968071175,-0.5377862231022469
1211,1.6837051435170085,2.4108277887968415,1.7495355634460092
1213,-0.4430571655574286,1.1172568760436496,0.4661644168160538
1216,0.0463804968242503,1.5236575621517578,0.65180630968031
1219,-2.267956481827829,-1.3882790410883867,-1.3565512374632895
1223,-1.461913052014156,-2.1736974598727508,-2.4558837861448386
1232,-1.3019063433088829,-0.3352157018071491,-1.4955469292930623
1239,0.934370924151312,0.0402924153347349,1.5206658316202415
1245,1.2890212042808438,1.654279791909851,1.2888231385811346
1256,-1.643852943832727,-2.2675052772974444,-1.052983570728777
1258,-0.54614400291466,-1.232972688280512,-1.0726377634718558
1271,-0.4679265121418507,-1.0109625248366274,-1.5686288506032458
1276,-0.8571704361656185,-0.366165103527919,-1.1288812602125675
1281,-1.562722195565911,0.1212668349383143,-0.7935870864177001
1282,0.376205698794139,-2.0796878722776553,-1.3908759985264054
1290,-0.3560594618308689,-1.5687916003490168,-1.8102259089059567
1294,2.947274412505598,2.575969634776493,1.5077456257025592
1297,0.9342896110196048,1.931245531116913,1.5918019179578466
1300,-0.6374796418225045,-1.1112905811277425,-1.5228719694997506
1301,0.7463654555026844,1.97053391246133,0.4654945250324367
1308,-2.1734048066880187,-0.6230632001919946,2.198321074468301
1314,1.7495659401056902,1.5197290944643855,0.9342111379820954
1317,0.652129833454149,-0.3203232665632018,0.4657119157209266
1321,0.4664800377190815,-0.0286013548925099,-0.6447992437232567
1323,-0.8058170877041333,2.339503885795111,0.9349077019547009
1326,1.942273493404706,1.6698684515499238,0.7454963249369722
1327,-0.9749188276308676,0.0439266245667415,-1.295422902184677
1331,-1.1567085031628452,-0.7223004133464324,0.5575950136559907
1339,-1.5304688510318598,-2.079850004611644,-2.17352952386801
1348,-0.5892590407435753,-0.7055491055794202,-0.9946412443758728
1349,2.188661790619146,1.915743432608696,0.6517225886426524
1363,-2.0327848279418035,-2.078678897943289,-0.3537153345176347
1373,-1.080612192308741,-2.0799487904967857,-1.1924875159376034
1380,-0.6011123591017274,2.2365163899936253,-1.0400160710685826
1381,0.8408328539342336,1.803905832839722,-0.7954108590809505
1382,-0.744652695577444,2.35454971699633,-0.2347738565245867
1385,0.5583815345252533,0.120962327447365,1.3701630659597384
1386,2.56562354206089,3.2961229358595796,2.609943088535574
1392,1.58712983952007,0.1231529353209712,1.623255714234032
1405,-1.1246287748219306,-0.5428166473383749,-0.6878152487023175
1411,-2.08017019436186,-2.079976820991695,-1.724669429502436
1419,1.2886191457283172,1.1168465441732425,0.7462140043925266
1426,-0.5557104589023711,-1.1653789403017318,-1.357299293578525
1427,2.1373022680398392,0.2865256804506803,1.2038880223951554
1434,0.28883263957463,0.1238739179295601,-0.4716726890005476
1435,-0.1580331838640566,-1.1055106189881017,-1.364457812745318
1444,1.3329663522508404,0.2019627400869724,-0.9222126682135452
1446,-1.4567876698459354,-2.0801105523837053,-2.1734453089009267
1452,0.7459587046206135,1.1178272410479864,1.4509409016518855
1455,1.6883079483528292,1.3688106871921486,1.0259257442418146
1460,1.0266824441220002,0.8410487628344463,0.119791745579025
1464,-0.5251548732868365,2.525345820076779,1.7774446751985975
1466,-0.4115984299869861,0.746509003742031,-0.7140090053005986
1470,-0.8091399979155871,-0.2818795354073354,0.0414911203097512
1476,-0.3613214463558869,-0.7967549027894815,-1.4959163885034923
1479,-1.6852958453320843,-1.3604451300908624,-1.239252013069544
1489,-0.251587368528649,-0.6373978965025497,-0.1662686544024288
1496,1.95295409982387,3.0560231011285475,1.6599384943754805
1502,-0.2533822463204954,0.376135128627441,-0.2808490751429511
1505,3.2148517881535055,2.945000361429636,2.282981071964161
1510,-1.5686510774274027,-0.8981236683805641,-0.882799940136206
1521,-1.7677377292594438,-1.2060031537779774,0.1212153427956842
1523,0.9347942834103224,0.0328645194073961,2.364441641604994
1528,-0.5892678079908816,-0.7869210766295167,0.6515760150855734
1533,-0.2231946072565245,-1.3627542501560497,-1.5684815361520283
1536,3.213550284116764,2.9440806648389666,2.8385148574352828
1537,2.0873632864888703,2.7227817597681025,2.8101336726340733
1539,1.6245674673063577,-0.894720865084502,0.0420151794304279
1540,-0.2772710503831189,0.8407853132270091,0.1224095406646909
1541,-0.5649601209046683,-1.114815631956667,-0.5919698489142199
1546,-0.8972951635101164,-1.8103208668380493,-0.7518059050029107
1549,0.6520979132650127,0.0442098313512071,-0.4547522721464085
1552,-0.2565274345504615,-0.4080044760031747,-0.5557166021496034
1563,1.946481278182317,2.2129302720571937,1.8081116418996297
1570,-1.7259059818196971,-0.0277745787750521,-1.8106441436471752
1575,3.7091827784850895,2.863021659821235,3.801672298272567
1576,1.026247786227377,-0.5378693884693005,2.308383862328348
1582,-1.215352373430144,-0.1070966809672802,-0.8220542149389829
1585,1.8258486475768212,2.006590143126267,1.3710954812331195
1588,0.2874939364780144,2.2294788835361308,1.0294452383647006
1592,-0.6575050842701817,-1.0726134374476397,-1.1163000133632777
1593,-1.6455576177632034,-2.548602489185845,-2.0797302267259097
1617,1.5530568589817089,0.6519840625323868,1.026264579827851
1619,-0.4156481264777808,-1.489431712555722,2.0486733006436992
1624,0.2037751832440205,-1.5650060017480305,-1.7255284962560995
1625,-0.4783652166247738,-0.6227244263471368,-0.6227264638060178
1627,0.1238381389167853,-0.0290654633291413,-0.3122071725929056
1628,-1.3241209427124785,-3.019922542397235,1.2044133163393964
1630,-1.5298818159094052,-2.362394059270301,-1.4933993241500818
1637,-0.5102689826077798,-1.809616276512276,-0.702187915837474
1638,2.014153313975072,2.279974523549873,1.0266642922156053
1644,-0.8045980698814847,-0.736737908718713,1.1184005696288777
1658,1.0272202097842402,0.9350857017714904,0.3714046739056635
1666,1.2891985249446731,2.151399754743698,1.9477042474403712
1667,-0.9703044771947208,-1.495799203747243,-1.495579281670446
1671,-0.5390072166425982,-2.173354919816022,0.3744727782746299
1677,-1.9419505891422313,-2.812916226153384,-2.645703828021163
1678,-0.2001811696186129,0.4655146526565343,0.6517458033256607
1683,-1.107585122576077,-1.1566915860800149,-1.8969307742242496
1689,1.410889893274175,1.992597245978302,1.59183118327632
1691,1.288124228443757,2.253590295416803,0.7463839778561485
1693,-0.1592622963693431,-0.7605691391326523,-0.6063023225423594
1695,0.7466808294409993,3.018360241524137,1.0268940928809165
1701,1.2051722389019974,0.7467475716546481,1.3713172555452626
1704,-1.459737663340979,-0.1014796537969452,-1.4921456077852773
1708,2.913353068300929,2.8139556985302057,2.9440601667678
1709,-0.6952017162990749,-0.3584017677793459,1.116420283078856
1710,0.2885248598012354,0.4659139945972196,0.5579112519708006
1713,3.803094568053895,3.661399798877338,3.2143418060214617
1729,-0.471682042789047,-1.2102666290983366,-0.4283231273061882
1735,-1.183155089885911,1.370465350768272,-0.4014119999582436
1738,-0.3532727120110217,0.6515442183787934,0.556351361103235
1740,-2.2679893281346386,-1.2026452980596547,0.4651884122708538
1745,-0.9602546186521868,-0.9891056538196014,-1.2201054562937368
1749,1.99704359866853,0.2882647133468325,0.2886970250766839
1755,2.977636748233324,3.0919767179552937,2.712964912432146
1757,0.8407862393446823,0.8405590935500346,0.1221379103511403
1763,2.432311002203319,1.913260449385659,1.8591180049395544
1765,2.253677473960441,1.447183703992878,1.0263902848666937
1766,-1.1360460769795386,1.450983379582497,-0.7527453587706082
1767,-0.1625187730730391,-0.4575472026723691,-0.9388188224705772
1772,0.3763522414806289,0.1235300813080888,-0.4130539473927817
1773,-0.3265393066445649,-0.5722486052516009,-0.2446659663567851
1774,-0.0976405255944478,0.3751624581058645,-0.3509128406973429
1780,-0.335221443736723,-0.6448064674411077,1.371050780620093
1783,-2.9397622419695795,-2.5477489791382206,-2.769505756786717
1793,1.0266082312257874,1.8133860672720576,2.0486787338673818
1800,2.7784802053875453,2.8986105097670953,2.74913635213563
1804,-0.6137634969647553,-1.724626581124756,-1.1651032041998302
1813,1.4485385524075962,2.087348221641386,1.8296984570031496
1821,0.2882117394159253,1.4458173717190117,-0.4040716246921492
1826,1.7760675999597224,-1.8955718508917692,1.2892773066880736
1832,1.5248949788455142,2.1002397796523775,2.7273068942017304
1833,-1.298727660489736,-2.3623172532446035,0.1201677802249347
1834,1.485354446529273,1.520033972402404,1.5219526412565687
1841,-0.8098272389702822,-1.2634510974232798,-1.6062935624430026
1849,1.8004832723666313,1.288709040883796,1.2886247024343562
1872,3.4759171982528727,3.2965872295197456,2.977499435852977
1876,1.2887042250718954,1.0267666590890834,0.7459790174682458
1879,-0.4532448921509136,-1.726281738630305,-1.4271930239281168
1883,-1.0581199428267192,-0.9057378991837516,-0.168161762408813
1887,-2.1735655807160867,-2.267795707799761,-2.173376652710753
1893,0.5584792708103653,1.447531800755646,1.5197304527703062
1894,-1.4955643403053185,-1.3609815374471816,-1.897960740559208
1895,-1.9427790322715008,-0.2808422218721694,-1.3520198054294834
1902,1.8559291965671807,0.746606740027143,1.0265641480245429
1905,-1.095787247795961,-1.8977871243660716,-1.2622402294361554
1907,0.558302258852427,-0.1294179691268287,2.442438531148046
1925,-0.1886441821870379,-1.8085854458008224,1.8609896270159203
1928,-1.6850487571368735,1.9343956895117256,-3.1808548748462857
1931,0.7464703537644692,0.5584887789518103,-0.0305904704310162
1940,-1.495000272901159,-1.134402897262563,-1.2089431452021508
1942,0.6522614656461003,-0.5295043540684472,0.4660563697541801
1946,1.518829155050745,0.1229177014319776,-0.9870507221851196
1950,-0.3585222248180405,-0.724375781310903,-0.9792686788595476
1951,1.0265414272709603,-0.3560504784894389,-0.7527275155701045
1954,-0.95618322013725,-1.3259379855873037,-1.3599248989232349
1959,-0.1592525721337745,-1.6449318091808307,-1.5680250218803171
1960,-1.4586321258038877,-1.5650389715371966,-1.7232700039570477
1962,0.7464543010581337,0.0474212369948072,1.445389875801061
1967,-0.2210396240427475,-0.5915897702211372,-1.8098101438118663
1975,-0.2248622364800728,-0.7495970526111423,-0.8285777260878494
1984,-0.9148599730412704,0.2873988550635656,0.4654174720420261
1994,-0.7947635645685596,-0.7147067423555901,0.1208782977038164
1999,1.2911691798708935,2.1439409264860743,2.1982462441603063
2004,0.0477325668859491,-1.644197459607159,0.3751837279417591
2011,-0.7201113798728705,-1.1970743915494453,-0.3281815911144564
2014,-0.0270953023323465,-0.0942778231936353,-0.728268315632555
2019,-1.5670702563004226,-1.5664339517177537,-1.8964883369411711
2021,-1.4274717236065728,-1.0696164589159751,-1.7253700683928035
2026,-1.0320849845388034,-0.3922688723589539,-0.7698680397245748
2029,0.1166856395148681,0.6509902147866832,1.1165027692929492
2030,-0.1108274842726019,-1.3883290514427398,-1.5151861806710136
2031,-0.9178368239488373,-0.2882095497036807,0.1226533565774562
2033,-1.136022368367105,-3.448344824985843,-2.725969088451781
2037,0.047919025244154,0.8408349531342928,-0.2277820385389702
2043,2.5131185971433654,2.2143352543086214,3.0554437219121913
2045,2.5588794296822663,2.9125956275266054,2.1983339166333695
2046,0.1241476165725808,-1.7113569201383847,0.6513883219038041
2047,1.4862714265081007,2.1556794062527493,2.2846690757765193
2060,1.4079726226035842,0.3756959327562188,0.1226494360126397
2087,-0.8403197251016825,1.9511103847600568,0.5574102223095976
2088,-1.4261729361816722,-0.2830020517684362,-0.9329782304939308
2101,-0.9769896884893288,-2.267635921630544,-1.6433465426890197
2102,-0.4984445591210315,0.4660345751182707,-0.3352273708898315
2103,0.0008146120555587,-0.8033765824117076,-1.1468409045783976
2107,0.9348610873651496,3.4759717774544137,2.494203569785859
2118,0.2054137323726302,-1.256353702022918,-0.7444360457830926
2124,1.8766631190348584,-0.6526138863909253,-1.4911468824864946
2125,-1.8102657937070827,-2.079999665227634,-1.239256952363801
2133,2.1918782590393597,1.7128608096577287,1.8943281344982532
2144,1.2902641776806392,-0.2491359350476796,0.1983264316549065
2152,-1.685470943313498,-2.0797996238102217,-3.552718039791154
2169,0.5588375548675386,2.4273781290287686,1.1172872527033306
2170,0.1239716542146722,-0.1000533399684446,0.4656877749202451
2173,-0.5793023496389655,-1.142059544255183,-0.971506948381608
2180,3.0951349027032737,3.1725245060174174,2.7863225698442315
2192,0.2879644351265909,-1.2971427644449938,-2.173635718694537
2193,-0.3316609226009143,0.4653535081813968,-1.136579026829878
2195,-0.7605633354619002,-1.7244716107674398,0.8407088776483806
2202,2.2689477960856443,0.4666236476996063,-0.280851915237149
2207,-1.8977176037994032,-2.455711404775266,-1.2488328856223678
2212,-1.0502115770505225,-1.7258365847353854,-1.80925323838438
2214,1.7136066430905486,2.6176288773643104,1.2888701853589335
2216,-1.176434068707939,-1.6436309225558712,-2.4558889724038084
2221,0.3764682531544922,-0.0939659993730677,-0.5621409569662589
2223,-0.9012237546798452,-1.644118554381402,-0.9590038041227582
2233,-2.173670046789624,-2.1735028516790216,-2.1738016789815755
2235,0.0465757841709398,-0.7786506605842757,-0.0994043784442419
2244,-0.6442091215418916,-0.7522785954633137,-0.4926200815918988
2251,0.2047347337652266,1.5902113417247088,-0.2789382165478305
2256,-0.4063827822162174,-1.1845874852204654,-0.7605772889681766
2257,-1.2953667177125026,-1.3274725008306232,-0.679187104270507
2258,2.669408980849608,2.4698940922054775,2.155570494814381
2260,0.8407449962376357,1.2053472134010546,1.9969630881721392
2264,-1.4966239424058196,-0.9822155235545028,-0.7693662074280551
2270,-1.897922584511072,-0.5818667077348875,-0.7884873885796165
2276,-0.2780896766650524,-0.5310461239002071,-0.4034130932853233
2278,1.3698054610555257,2.416638621525589,2.747479218912378
2285,0.465828544806572,-0.7310707477116686,-1.0581408730861337
2286,-0.8897747792978137,-0.7721695656248417,-1.642769633119792
2291,-0.3613076163319671,0.4658331136537599,0.6514661157883532
2297,-1.4949707606179734,-1.3250019893255858,-0.982170822941476
2298,0.934241946830024,-0.5649628683870987,-0.3043484158534034
2322,-1.5680389753865935,-2.638945885618619,-1.5664805045661268
2323,-0.2829983164271543,-0.9057621017256112,2.600860714255646
2325,1.6323168495486542,0.0366333861490864,1.4660719356790397
2332,-1.8974995339579528,-2.548824757427414,-1.528110338024102
2337,-1.809664434631283,-2.268588958457449,-2.173593487728639
2338,-0.3795248448933038,-0.100769290671009,-0.3084252167214339
2345,0.9346699366774004,-0.3207646851168397,1.2888678391941613
2361,-0.7091499745751915,-0.8403131187956137,-0.829338500885797
2377,-2.5952874636802465,-1.6443306970697436,-2.079813330351785
2390,-1.098426189235165,-2.2677885458230884,-1.725572826422057
2391,-1.39443562441513,-2.1735692851867796,-2.2676658043608
2396,-3.1164580850754033,-2.8535095690405226,-3.083065492320956
2397,-0.4251454014753035,-1.5676001190918514,-1.2719076631208346
2403,-0.1371821075107186,0.2874165747817129,-0.2355632792292253
2407,0.4661408934271545,0.1224120103118194,-0.4055938225704154
2411,-2.0801811842915816,-1.2528831069131774,-0.2570333108941543
2419,1.4822786245130295,-0.3203379300930275,2.302713058591789
2426,-2.7266489823062687,-1.1270387799723187,-1.5620376093818789
2430,1.6836824227634255,1.9865894588910535,1.658370021484143
2432,-1.7259705630921087,-0.6227286864884335,-0.9872193373428206
2439,-2.3156006672669567,-0.2448511281502476,-0.5502238599710122
2442,-0.6465426293724731,-0.9113181286118712,-1.8101521899391697
2443,2.1376341886139154,1.2932873962130444,1.8355206501086885
2444,-0.0946545369925053,-2.0801187022192296,-0.3395371212232618
2446,-0.2751016814748181,-0.8449276544552952,2.0938834018729353
2450,-0.9632228257948036,-1.0726030649296996,-1.726208266628231
2452,-0.327809384421596,-1.2003702591248415,1.2048282170569915
2453,3.0555178113260477,-0.9833056875382196,-0.2868000603462433
2471,2.6973209326963943,1.6272837087006848,1.3721855834756582
2472,-1.6848552602843525,-2.2679811782991144,-2.080132408760793
2477,-0.1890730364109093,-0.1624685157539733,-0.5919541049137754
2490,-0.9343762977333986,-1.6445708702529944,-1.494467940462602
2495,2.6175826949630068,1.7878641164339182,1.841642658375632
2496,-0.9132342043365508,-1.239245715469366,-0.2570117940935469
2504,-0.6011108773134504,-0.2565112892323586,-0.5101966528175026
2514,0.3759077976092586,-1.231414340942402,-0.911648196950601
2526,1.8782572762563328,-0.2267314197798992,2.139338986026748
2531,-0.5872598613930202,-0.1007544419176487,1.6024120159514903
2533,-0.0976721679482822,1.5212252066948564,0.6516383736755691
2537,-0.6510413385818259,-1.2008052874665345,-0.4283205341767032
2539,-0.1270818681667622,-0.7342204739182333,-1.4937842186550652
2540,-0.1990572640810023,-0.9891465264795788,-0.2340558683631412
2544,-1.8979640745828317,-2.1735608883865423,-2.267909064602961
2559,-0.0994160783975133,0.1992359100805814,0.3752291077077461
2566,-0.4553287803979777,-0.7054187699522113,-0.8157237067132119
2571,0.4664589222361325,0.2888888240468044,0.0434026889284212
2572,1.9705787365567131,1.2888373390521235,1.1171278369811832
2573,-0.1570304453886902,-0.5616692543647073,-0.0295185200948724
2576,0.4662504840184835,1.4504857456860951,1.8358580039064472
2578,0.4649681197469878,0.7466332269925966,0.6519879522266143
2581,0.1228771992190695,0.044605314468254,-1.196819030036354
2582,0.2046824698578688,-0.0976653764186787,0.6505519759037233
2584,-2.08013944725511,0.2878812697595372,-1.8106322893409583
2587,-0.2789566462895272,-0.3795105518105474,-0.8021518844006634
2588,1.7135182297233469,1.7595178771395776,1.694253253367726
2589,-0.2192632377337761,-1.9878684912385076,-0.1122263232767975
2592,-0.6143881942059201,0.5580173850561497,-1.000466215834431
2593,-0.1970542876479871,-1.5673258647782269,-0.8010711668172134
2614,0.1230991278841581,0.7464541158345991,-0.0281802800570934
2633,0.1241553650904466,-0.5578002434319546,-0.2897379834409465
2644,-1.3565296280509147,-1.7254119289116323,0.6507272591086716
2645,2.149476887489415,-0.3965456837738072,2.1916799463749377
2656,0.7466903993236224,1.5931739304201082,0.5583090503820306
2661,0.8408258154399172,0.6522672693168524,0.8410304257045169
2663,-0.3269781629393068,1.894421734124425,1.773890482533556
2664,-1.154989134831954,-1.238136349979225,-1.3311509167462308
2666,-0.5688178023312188,-0.6374260504798152,-0.8641700335396899
2668,0.0468281512368877,0.7458213304990883,-0.6918048401561213
2669,1.4475787240510882,3.214051869448571,-0.0295425991543756
2676,-1.268753676772973,2.012406903008123,1.9610710890412504
2679,-0.6987783827529865,-1.4926359562226492,0.3753277392399422
2680,1.368533963231395,0.043830802258154,0.3758877625969283
2682,-1.3250239691850298,0.5582387889212235,-1.5678225108157766
2687,-1.646249612888621,-2.362229333806827,-2.4559072477925596
2688,1.589812987642875,1.521729632120861,2.004755442274473
2689,-1.565833333536092,-1.008614260864453,0.1161352477816833
2692,3.0946367748774466,2.2830613354958382,2.844839376766767
2695,0.2044724881107645,-1.1142765079885066,0.6514584598822548
2697,-1.6852028631176947,2.48842113799909,1.7316282755993049
2698,-0.2882398954927727,-0.2267387978506957,-0.5919651565846756
2710,-1.6063451780679892,-2.0798972983541555,-2.1737806869809826
2719,1.1189136388198322,2.334890091029568,2.1802296744281637
2723,-0.901250303386477,0.3755041955272766,-0.0305755290658885
2734,-0.9093615506742836,1.6611041678201524,-0.3429257240483349
2736,2.2194864442893354,2.5432100125810906,2.243639840171193
2740,0.934352957468452,-0.551661503305715,-0.9153422951254748
2746,0.6521810786320663,0.558559843047934,0.8401461685501423
2747,-1.4257905113238174,-1.5684209063150223,-2.362558290804349
2749,-3.224005290370317,-3.5905732849068777,-3.1257889058564623
2767,0.5586346733559289,-1.267780265357258,-0.0305817031837099
2771,-0.9202283067457612,0.0442367505049082,-0.7502048945106549
2781,0.5586920309104892,0.2041467725250988,-0.4178487672928467
2782,-2.548810680438781,-1.4934429134219005,-1.6438934460456351
2786,0.8408897793005464,0.3758400984073474,-0.1654133847312255
2787,1.2045665579437224,-0.2267532144158086,-0.414446951855636
2789,0.5586265852615829,-1.2911372000401609,-0.4655869845463934
2795,-0.9749013548774332,-2.267785088317108,-1.9873715982362448
2801,-1.4929902271032387,-1.3572980587549608,-1.9870207848616357
2804,-0.9132306233482146,-0.8323713510420034,-1.3839938328732964
2815,1.3691213688009192,-0.4926102647445629,1.2034562045947297
2823,1.6943546323823524,2.2846690757765193,1.8836336980551696
2835,0.007624540530158,0.1224030269703893,0.0433892910927489
2840,1.0268563072798496,-0.4033946326730375,0.2043222100829926
2845,-0.7165499634899777,-0.8770851149395806,-1.0759399286474298
2851,1.521308063356019,1.5892432400503202,0.840722831154657
2853,0.93445532434193,1.520184867841958,0.0438450027291432
2854,0.047224869177499,0.3764596093895423,-0.2192501486039948
2861,0.9344745875895328,-0.2300613376150803,0.6519385592840434
2862,-1.130872413209955,-2.456972653563813,-1.7262611170767816
2863,-0.3142709640864611,-1.0932356701239292,-1.26955594164268
2874,2.844842587308034,1.899842733053932,2.321277643021755
2875,-0.062991746828067,-0.160704014621808,-0.7854716407297752
2877,0.0476112454707594,-0.1631267384549081,-0.5101782539463949
2880,1.0268276593731585,0.4660290801534097,0.0438734036711214
2881,2.8811938173224756,2.7523918409804744,2.8113835610458286
2883,2.108958127945558,1.3712652694732068,0.0366830877975484
2884,1.2042435280993091,1.5899654883530625,1.520981822970339
2885,2.8437603879363067,3.2563621110194725,2.755137347693275
2899,-0.161860149054446,-0.5210583769829559,-0.5251505205337724
2906,0.8408245806163529,0.6519520188608939,-0.3817567576151349
2907,0.3762168430768066,0.3754318657369994,-0.5664050496984002
2909,-2.126607463249268,-3.145476191871064,-2.638153622819783
2911,-1.644859078072895,-0.4655896085464675,-0.3142901964634746
2913,3.0951027972906027,3.298473299031813,1.9862276555867224
2915,1.624666253191499,3.1349708048160885,2.1513530784129684
2923,-1.3840369282156897,0.2029972443985296,-0.0317670103230538
2932,-1.8100845216078476,-2.6383756440966386,-2.725880922049292
2933,-1.2622472679304717,1.7835082763109515,1.208809041263489
2935,1.0263490417596468,-0.1618582350779214,0.2037937364680737
2937,2.6176269016466076,1.8358486192473584,1.1163659508420278
2939,-1.5312438263007964,-1.8099153507795425,-2.727346904584795
2943,1.973971414299548,1.450545511146606,2.123229724771979
2944,1.3698691779514418,1.1168214772548877,0.9344932951665312
2950,-0.0971537890160011,0.934668701853836,-1.4881686115318289
2952,2.2121101022458047,1.3692820193466309,1.7161859425515982
2966,-0.3845699635298467,-2.079621315287541,0.04299007263442
2972,2.9465955065099614,2.253590295416803,1.8439047316630208
2973,-0.160198107407526,-2.079682932983398,2.4583287347025133
2974,3.298810652829572,1.8391341143048152,1.8462152100341285
2978,0.0419936317592313,-0.9137853678344634,0.8410041239625979
2980,-1.2392226242687143,-1.7255209638323576,-2.36214215526319
2988,0.1243111072124903,-1.8974700216747669,-1.897616842196559
2992,-0.3052755522560473,1.8358760323304857,0.1212445155023901
2994,-1.5691173468052717,-0.3411325441388893,-1.8104816408661173
2996,-1.391444511295396,0.5574514654166441,0.7461055868835835
2998,1.6195593933767427,1.446721509532771,0.7463046404421441
2999,-1.6062849186780528,-2.173603613281866,-1.294468877498921
3019,2.080375172973947,1.772933247306533,1.2890731903528996
3020,-0.1362145615069339,0.2878406440642727,0.1212402244905043
3021,1.4102251877495278,3.2121280143354363,1.9093464291339888
3022,-2.7287289191179274,-2.7278642956582244,-2.5486583032109498
3024,-2.079666386347637,0.0420182664893385,-0.9329824906352276
3027,-1.1599659677253926,-0.7380086039075263,-1.0076588778727764
3042,0.8406265149166438,-0.3136542931984641,-1.2443657878962604
3045,0.8407362907315075,0.3761411175217277,0.2024273424530294
3047,-1.2962855499266768,-1.355708346898318,-1.9879083760396337
3052,-1.6853519063219025,1.3722490534068617,1.7354968543438098
3059,-1.531671198736391,-1.8978688696860264,-1.810463982889148
3065,-1.2971941331052677,0.2875953154926411,1.731630127834651
3068,-1.4828602285113834,-3.3249424851256872,-0.6836142554543104
3075,3.093081144151178,2.206996450901445,2.660748175334523
3092,-1.7250765508315764,-1.0973060807800146,-1.7240858518859616
3096,-1.1267911978476823,-1.078094695767083,-1.1831563247094752
3106,-2.080305901471573,-2.4561705121764623,0.3742710389748171
3123,0.7464421997872038,2.7081528050021815,1.958442767084699
3146,-0.1336594337171548,0.288705730582812,-0.1007636722237916
3153,-0.1023256005502382,-0.9636138944176084,0.0434547367416552
3158,-1.0451473803899116,-2.4559237944283208,-2.502413172870142
3166,0.124142769890091,-0.5792927180151642,-0.6375654003190432
3167,-1.6454953826555645,-0.883656845948632,-0.9291957189518552
3171,-0.2277994186806374,0.7461246649076515,0.9343710476336684
3172,1.0269683057771288,2.5328614502183595,1.527316220890337
3176,0.9345601608625368,-0.6465275645249889,-0.4696408176961285
3184,0.0455644328012126,-0.3902920433149121,0.042509602785562
3194,1.2049221871302325,1.1173952997652044,0.4662875287254117
3197,-0.8792145064349881,-1.9878782463446656,1.027029923472986
3198,-1.2369688242992063,-2.1734487664069064,-2.3622829251495165
3205,1.5919368841734214,0.1208971905043497,0.2886841211704373
3209,2.808756597395198,3.3856649317991416,3.0911479043789547
3217,-0.0261554163764015,0.2887906247028557,0.9343014653258218
3220,-2.502500598378492,-3.045331753843956,-2.971069711653399
3223,1.2880843436426312,0.7459933414215912,0.375353423570079
3228,-1.2343430954721402,-1.2043870166970594,-1.8100483412774144
3229,2.467955172244859,2.7598114018487543,2.669320814447119
3256,-0.8647121210844049,-0.8769618795478664,-1.10097523551889
3257,-0.1573444918916735,-1.2298020318145328,2.3908764975041987
3272,0.2882552052053876,-1.4794549555681926,-0.3428555551992951
3273,-0.4300633024141373,-0.3428615440935819,-0.3122244909933944
3278,-1.0957873712783173,-0.8156262791339909,-0.8897973765690399
3288,0.8406715859767397,0.2888180686565716,-0.3352232033603021
3290,-1.0781263689915066,-0.3742520865326875,-0.7021962508965328
3300,-0.833344638975362,1.0269717632831088,0.6518518129286534
3302,-3.260886753623257,1.026727515182096,-2.456094694009616
3308,-0.521079523336494,-1.5657671469930472,-0.7605795733917704
3312,-0.8058006028095502,1.117978630416966,0.7458840595361533
3314,0.4665073890610302,0.2042120329504705,0.3761596707457809
3316,1.7739643249826993,2.4838604406468106,2.3188457814942796
3322,-2.503346452520018,-1.4955776763998123,-1.567830413686588
3334,-0.9543856874747404,-1.1598280379332635,-1.069874598782086
3335,-0.6564308495104441,-1.3258937789037026,-1.2718700010021244
3347,-0.0929243022142485,-1.809855708801388,-1.1566915860800149
3348,1.2044697477762836,0.0434263975408552,-0.9998197856985352
3353,2.568370036632542,2.8469427752261467,0.1918265673772957
3354,-0.6731515953942404,-1.2184979629777686,-0.6676216850263647
3364,-0.310886683143863,0.2041559410900635,0.0441961248096437
3385,-0.9379796981174766,-1.4257980437475597,1.291235489896295
3389,0.1238340639990232,-1.1095747937851874,-0.6505891461925898
3394,1.686902472171976,0.7466455752282394,1.1168425927378365
3400,-0.1567142070738804,-0.3327635891732194,-0.7967707085311042
3407,1.0267204766877795,1.83107121035955,2.8114791363897034
3409,1.2038481375940293,-0.9361481460657712,2.074769567921581
3411,-1.6034280308797548,-0.0317765184644987,2.2534799021901573
3427,-2.0797419575497704,-2.3618324615132704,-1.6436336391677124
3435,-1.8978565214503835,0.7464124405393049,0.5577346722011098
3437,-0.9987388211503722,-1.4888272664210112,-1.0630322561889247
3449,-0.1923491159386882,-0.4430386432039646,-0.8297295077674234
3453,-0.2192457649803416,0.9343351760091264,-1.3250194003378422
3457,0.1058735243861094,-0.492843615527621,-0.8734483743192673
3463,-2.682593935039052,-3.300730805571596,-1.724835389789474
3464,-0.9654132793154644,-0.8375326665759443,-0.2798564930914008
3466,-0.7085026800628005,0.4648471687788674,-0.4192705740153377
3467,-0.8705580845435559,-0.422712150771318,-2.080106477465943
3475,2.124312171108419,1.913001877331301,0.7459457389731886
3476,1.2898939775760707,2.102473822444857,1.6610385986888896
3481,1.2043798526208045,1.9477620371831788,1.289237792334017
3483,-1.988094957880195,-0.5664257638636909,-0.8718071703199944
3486,-0.9749283975134908,-1.2127352883680276,-1.4577940510508165
3487,-1.4606664976260242,-2.2682014708229805,1.6654965587206216
3489,-1.3294997106760873,-1.9877157435636073,-1.0719173056632816
3493,1.711376922180544,2.743703622382262,-0.4192872132628663
3497,1.97399969175917,0.6519397941076077,0.7465537043550575
3500,-1.2314137235306195,-1.7231538070596495,-0.9132540232547576
3503,2.727384194156854,2.66412936921821,3.2979573897466605
3504,2.9800683627960867,3.130577549539124,2.1089588688396965
3507,1.6860890938901902,2.3000754754585055,1.1168737102916562
3513,-0.6304606577184741,2.841310004055367,-0.6312895947771694
3516,0.1230692451539027,-1.5661716751927026,0.2875541649973618
3519,-0.9249268721489914,-2.2678981981555957,-2.2675438037926496
3521,2.056277591117194,1.370106881487564,0.0389682522855887
3522,2.847851852334163,3.2980132037717658,2.665318504310603
3526,1.0266824441220002,0.7466755814408511,1.2060138946434047
3529,-1.7241422833228488,2.696535337944805,-0.8324105566901691
3535,2.3520677216321446,-1.3557269927341384,-0.1819787589400475
3537,0.5581985336730283,1.4481350120667924,0.6513416455730747
3538,-0.3835875070315234,1.9387658535880377,0.5580155328208033
3551,3.430234653527947,2.164316997084826,2.352987171258101
3557,-1.0004538058576102,-1.2743422412601515,-0.1000637124863845
3564,-0.90643711802702,-1.040020516433414,0.1188546997172778
3566,-0.2492921402285599,-1.34270503735476,-0.8403148475486036
3575,1.4468135038883092,2.1882049059003656,1.8997749412402536
3584,1.5565322699033504,2.7840420976857354,2.6972782078010704
3608,0.6519418315664888,1.0264877124459146,1.1164569573387146
3613,0.9348136701402816,0.5584957557049484,0.4660011731408572
3633,-1.494789365036382,-0.4201955494767442,-0.2119413514094299
3650,-0.025143416724303,0.2869957160404202,0.1231437050148283
3655,-1.350925998716252,-1.3703506377587331,-2.6411695558931587
3665,2.490533921117558,1.9926849184513653,0.651865581211395
3669,0.8406541132233053,1.5204783854031854,2.137670245461992
3671,-0.3096233968964353,-0.9482457742661146,0.934155200474634
3676,0.7466566886403178,1.446077425561647,1.1165257370112447
3689,-0.7693503399452541,-2.6382543844226274,-2.456184836129808
3693,-0.6662718376470816,-1.2856171682607993,-1.6418605560117754
3705,-0.0962001656479036,0.2881434536728211,0.0452463422510563
3709,-0.8836534501838302,-1.153778390327186,-0.5557307100088251
3716,1.446742007603938,-0.7153673729624752,1.2892708856055397
3720,-2.549745688841647,-3.1958532888226365,-0.2300383081556066
3722,0.9342473800537068,1.20428600602992,0.9340914835787176
3723,-1.4941363903355953,1.0279146745567864,-0.9202384940401666
3726,1.0269071820106974,1.5226066038162067,1.2044644380349572
3728,1.2880503859946135,0.5586673961803821,-0.029072625305814
3749,-3.411537945076186,-2.8111704325982174,-1.987373697436304
3751,-1.0136419067475613,0.4651058025744041,-0.4098971518213114
3756,1.0267172661465125,0.934351784386066,0.7460634794000419
3762,-1.134431174722185,1.2045495173785354,-2.854075118232959
3766,-1.8104811469366917,-1.8105984551752976,-1.4958176026183505
3780,-2.362518035556154,-2.4559284867578652,-2.5481732645149044
3781,1.5553085597511576,2.4604368254914375,1.7797713297583977
3790,-0.275110911780961,-0.2289152052533128,-0.7517986195438815
3793,1.774000381830776,1.7772878526059352,1.6561961145992437
3798,-0.4886005147960723,-1.1142725565531009,0.2763975958353497
3801,-1.0959864248368778,-2.5501104557225327,-0.0317333613809274
3804,-1.987949866111393,-1.8976006660078664,-1.7249901131820773
3809,-0.4913394460733932,-1.810092424478659,-1.5682514885220045
3810,1.6274695496471077,2.243673921301567,1.028301421297116
3811,-2.4564527928432547,-1.722595913773312,-1.7221156908891668
3812,1.4455691721825932,0.5584400651621997,0.1177989255698259
3818,-1.1142782367414965,-1.5319108779902155,-2.079967930262032
3819,-0.7367254370007139,-1.0899343075836718,-0.656991706373336
3820,1.0265426620945246,0.1221626685636039,-0.7501811241570426
3831,-1.0635926808635692,-0.7900830275893678,-0.3661770195753142
3833,2.747533551149206,1.2044077596333571,0.5574490575106938
3839,-0.3761493620686011,-1.567778674579245,-1.2466956529973272
3840,2.3461921841486295,3.0171108470418075,2.632304261496248
3843,0.0068435763669346,-1.4934116723857245,-1.284005723509425
3845,-0.9694758488419166,1.4472117344877868,-1.195664346521404
3855,2.5517749957875884,1.8469627722199384,2.3184931158843236
3858,0.2891847186433928,-1.8967238177948775,-0.0338727549472055
3859,-0.0966740291906927,0.1218649526022582,0.3762858079728711
3865,2.3379299796800908,0.1184167077990308,1.2050528314633324
3867,0.2052417831913054,-0.2231832777503223,-0.4863842225923293
3869,-1.6054874696202464,-0.5340987929746202,-0.1014774002439404
3870,-1.2725193947145743,-1.7257736087336075,-1.327454966336011
3871,-1.231406561553947,-1.8973724706131896,-2.45588650275668
3876,-2.594766615100837,0.372999232444796,-0.2011700471994704
3878,-1.4568116254230823,-1.6392874306685472,-1.3232629873000228
3880,-0.4925963112382867,-0.6328296667265284,-1.075451988116008
3881,-0.8157285842662908,-1.6442727838445792,-1.9877445149526547
3883,-1.1393820763207738,-2.3619339640102535,-2.362314289668049
3884,-1.2059491919882188,-1.2313818650826616,-1.423510533094747
3887,0.288794483526494,-0.5664116560044691,-1.2563555542582645
3894,0.2886352838984704,-0.0966402567662099,0.1212722681619971
3896,0.6523494468250547,-0.8770851149395806,-0.2524283451170959
3904,0.2041221069244025,-0.0290539177288153,-0.1727219040904884
3909,-1.6835273310233352,0.2877715556858518,0.376284017478703
3919,0.046095623027973,-1.3565525957692102,-0.9715223836761616
3921,-2.362521246097421,-2.4562833750502366,-1.2840470900988283
3922,0.046095623027973,1.3690266578335395,0.8403518901559499
3924,3.475615407373765,3.429046753259118,3.2524958784397393
3927,2.514492955770399,1.7187474605533224,0.5575588950667358
3928,-0.5867650675908168,0.2881300249665597,0.2036703467234139
3932,0.6520590780639163,0.840499945501306,0.8407001104010744
3954,-2.173698941661028,-1.8108034358869665,-3.0068852752056596
3956,2.700511963751184,2.9125696962317553,2.054527846126622
3971,-1.606046474247792,-2.3627746318928096,-2.268253086447967
3972,2.6497454034474406,2.7228121364277835,2.63494604302965
3983,-1.0215008795811873,-1.2657891123598708,-0.0290500280345879
3998,0.0474217926654111,-0.1592331236626372,0.1215581915583041
4001,-1.7256518551301705,-1.987464950897704,-0.1000663982276368
4003,-1.1905519300006082,-1.2148780776991075,-1.4268693766719212
4012,-1.2115135539335378,-0.8098392785000339,-1.8096025699707128
4014,1.9555049983429416,0.2012785243500097,0.5574983887120865
4022,1.5534061905680412,0.6522423258808542,0.2041495200075293
4025,-0.1321906110874542,-1.1234937250016526,-1.10194778255811
4027,-1.0698676220289478,1.7729881969551429,1.8833530226590107
4028,-2.456228054954557,-2.7258811690140052,-2.8102450558191525
4034,1.4463429126279654,-1.0321024572922377,1.2899244777181085
4041,1.369194223391211,0.2032008050630998,0.4654646423021813
4047,-1.4617178264086448,-1.8104992988430864,-2.456422910112999
4051,-0.5867632770966486,2.9108686032896154,1.4496858269811606
4063,1.865205438146699,1.371796737535269,0.8406474451760582
4067,0.4666067306167757,1.3696404886273388,0.2048107988967857
4070,0.0458402306442926,-1.013133282921438,-0.6626492357565792
4071,-0.2780846756296172,0.3763957998818586,-0.0949853770959627
4078,1.116590318283656,1.446913154149946,1.4480280763461264
4086,-0.9388251818119332,0.464640335831852,0.2842463505039812
4088,3.2144655353426015,3.0542726152438364,2.8412615989716477
4094,-1.6455826846815582,0.4648375988962444,1.523347991884195
4103,1.5206190318071555,0.9345236100850344,0.4660628525778925
4106,1.1175411324281448,0.113203066616554,1.9546393870243872
4112,-0.0943139726534793,0.8406556567527605,0.9344018564815972
4119,-1.98802531383117,-1.7260536667179842,-1.4612950228202382
4130,0.0463583934824499,-1.0317661530945084,1.2046626272170229
4132,-2.594349491700826,-3.006062388782429,-3.006796614873745
4134,1.8726582157688576,0.5580970311760451,2.5105978283192623
4135,-0.809855207724013,2.145543974437211,-0.0345909283321856
4140,0.6517871699150638,3.4763543257946248,1.634585343918577
4147,-1.066426415720037,2.404486722829596,0.9341608189218512
4149,2.36996772401982,0.746525797342505,0.5572541406110737
4150,-2.5489576244429295,-1.8974569325449857,-1.7248510720487404
4155,-0.0305973854429761,-0.2897213133228288,0.3748498933911584
4156,1.4478508791646536,1.4510542584550858,1.1173459068226337
4158,1.026508704446507,-0.4178537683282821,-0.8249145602432607
4159,-0.4445092254572442,-0.7688577688254664,-0.7061782481854163
4165,3.387632993595877,3.1333477527232105,2.844890004532902
4167,0.04610056232223,0.6518217449748633,-0.4650816638733046
4173,0.7467302841247484,0.5585174885996795,0.5584750106690686
4183,-1.4614524628246828,-0.853106631815602,-1.328834387739658
4193,-2.3629544222037673,-1.987237249432452,-2.3621853740879395
4197,0.4667204578670451,-1.2885613580850912,0.2046872547991803
4200,-1.3457346769696994,0.1218719910965745,2.5106430228617147
4203,1.656287861990069,1.2902242928795131,-0.2180194616986639
4206,1.8067780324502167,2.7273427040850944,2.472196297258705
4212,3.1328644427801544,3.4759910407020165,2.6099870482544616
4214,0.0474183969006094,-0.0976363889355075,0.0463761749417754
4235,-1.810015865417674,-1.7255468951272073,-1.7259919255397709
4237,1.588191664302987,1.2039267958550737,1.5204486261552863
4238,2.196056901980853,2.1843695439097393,2.3426660219784967
4241,0.2890371263568733,-1.046984489147656,-0.7517890496612584
4242,-0.3034230390743386,1.5332942487296868,1.6022790254536186
4245,0.7464984460005565,0.8408406333226884,0.4664846065662693
4248,2.764732420717088,2.2392707874360886,2.25301980693011
4260,-1.252885329595593,-0.2867722459454581,-1.4556883064266648
4261,-0.3339679125954531,-0.0286096282103905,-1.2563812385884012
4268,-0.7531767443827864,-1.4254182120191896,-0.3288659612043647
4269,-0.8403039193600599,-1.7245227324630008,-0.9488875738136444
4280,0.7464862829884483,0.1093099148831198,-0.9225542204114224
4283,-0.0267500456637763,-0.7947664046627574,-0.6398630982662608
4293,-1.682656162998742,2.4799245640180527,1.456805696170392
4297,-1.7674737239814025,-1.028537027732761,-1.3619282766739085
4325,-1.3557735455825115,-0.0346292696038562,0.2818849356608471
4344,-1.2381505504502142,-1.9878311995668665,-1.494128487464784
4348,-1.32817523892105,-0.8071568712713675,-0.6442141843185051
4356,2.085022554940438,1.9312814644826333,1.9307287574552656
4362,-0.4836919367751487,-1.1831429886149811,-0.4716898221775019
4367,-0.302666863994168,-1.726199375898568,1.8943299867335996
4369,-0.4599141124803642,-0.5915981670213742,-0.7869381789358818
4376,-2.594452475986086,-2.8602946775614804,-2.683160225125627
4381,-0.0994200915740972,0.7460482910702013,0.6505165364674287
4384,1.1167966573012458,-0.814989727586609,1.0266253952733309
4386,0.4666776094893649,-0.278069888617435,-1.9874333394144583
4388,-0.1672039406405969,-0.8571773511775784,-0.0317155799216019
4398,2.788427944021314,2.6694556571803374,2.588733265066226
4400,-0.369966538741117,-0.9715362754412596,-0.0270458476485975
4402,0.4663863146105533,-0.7522834112752144,0.0466179533956597
4407,-1.028991751510304,0.3753954075712643,0.1193412819427789
4413,0.8406770192004225,-0.4535950263725627,0.123153151415095
4415,0.3763570881631187,-0.9833461280099494,-2.1732630489428404
4416,1.3689540502079605,-0.5621300287777151,-0.2300736241095448
4426,0.6520912452177655,1.0267164017700177,0.0425179995857991
4430,-2.362688935137449,0.6514274658107916,-3.89417243964228
4432,-2.0797628260680066,-0.4201913819472148,2.3529575354925587
4437,2.7311736207108894,2.2785184196028845,2.0180649880619703
4438,3.255599977915604,3.298043086502021,2.8458870010786947
4439,1.859208887953885,1.9086340594197608,1.2045056811420038
4442,-0.9295452357617222,-2.2679221537327425,-0.6676183510027411
4447,0.5583669636071948,2.879703879209826,2.492657323718679
4452,1.36955059347186,-1.3231036950602315,-1.644474800979694
4460,-0.8149755271156199,-1.488771946325332,-0.1000478450035836
4464,2.9479557881483625,3.38641496363208,2.983982012600688
4466,1.7465633431268084,2.207055228503104,1.7147486079227865
4473,-1.6049564954876097,-1.644359715423504,-0.2820353083999682
4478,0.0063924953189064,1.5261049824561437,0.6517511130669871
4480,1.519618207308314,0.3761833793582149,1.873873405638457
4482,-1.018333927585901,0.4656916028732943,-0.4739767462891213
4483,-1.0984161871642943,-1.1197402318133374,-1.5686530531451055
4485,1.623284856070149,3.09300606687847,2.528814192504104
4489,1.7424207570333914,2.079803449663689,1.5204471443670091
4508,0.934351228715462,0.1202282248384058,-0.4055764732993374
4514,-0.1944637512925026,1.908744082199337,0.1212514613849391
4515,1.2882821623776275,-0.585013470364898,-0.0994126517621225
4521,-1.0754688434576605,-1.139016445063393,-1.7259456196561105
4522,-1.0321004198333568,-1.0361602110067891,-1.7256839605428411
4524,-0.6383596388355824,2.4290397076168517,2.1569110192757535
4527,1.5912398262713905,0.9344442109298516,0.4663464298094274
4529,-0.3136420067039996,-0.2083825590266112,0.042531273939115
4531,-0.8646913760485252,-0.7988447799308324,-0.8836531414779392
4538,0.0465916825243298,0.8407343150138047,0.6518205718924773
4550,-0.0300578292865678,0.9349471545675792,1.826900099841798
4559,0.5584985957991462,0.1218622668610059,-0.8837290831271418
4568,-1.3288987220473565,-0.8220411875503798,0.3719667347215306
4572,-2.3626237364532554,-2.267958704510245,-2.362490622473027
4576,2.812807312615434,1.769624784530781,1.5937908482728185
4577,0.8406631891765026,-0.0277913723755262,0.2884616985759229
4581,1.2052011337734014,2.218621079935494,0.7451790987633109
4590,-1.4211442406985342,-1.493018998492286,1.2056434475741231
4608,0.652321786777215,1.835931352426165,1.8895418348807815
4617,-0.6692331915189168,-0.3807917121290678,-1.6441043539104128
4618,-1.2581027061193517,-1.0284328086239365,-1.2365009496507042
4627,0.840939110501939,-0.234054664410166,2.1843001468254273
4628,2.235530259895198,0.651427589293148,1.2036559990474287
4634,-1.0502254070744423,-1.9871881034545944,-0.0962007213185075
4635,2.671327649703773,2.5888256298688335,1.6023721311503645
4638,2.7259275962804397,3.2991890027696646,2.4412296388786245
4640,-0.8021602812009005,-1.4235018893297973,-0.796746382506888
4641,0.4663330937149332,-0.1726613051240718,0.2022559798128976
4642,-0.3278150954805807,-1.0635874946045991,-1.494702063010388
4654,-2.5968986614669074,-0.4922371936752074,-1.985065194782899
4656,1.9416899157882317,2.7509777210346713,2.184437212241061
4659,-2.08014080556103,-2.2679745102518676,-3.2694539595121705
4663,-0.1278817251305189,-1.98759398996017,-1.020022857515933
4668,0.2040912054647066,-0.5069783012913535,0.558512425823066
4669,-1.5680216878566935,-1.2594702732167822,-0.3536704178104843
4683,-1.091309654069557,1.37496665310711,0.7457211863080259
4686,1.9691220151979425,2.784074943992545,2.30494636049013
4687,1.3690120869154812,1.927009592362037,1.5884152908504765
4688,-0.3835869204903304,-0.1631632274912323,1.6631984285851564
4699,-0.9031234689922985,-1.8099447395803725,-1.8979440704410904
4700,1.690186361958799,1.2041352340727225,0.4661115663675029
4710,0.466244556865375,-0.5881890661251343,0.2012930952680681
4716,0.2037869758090593,0.2882989797007411,-0.7722085243082946
4717,1.4457887238123206,2.000055456824144,0.7463441547962008
4720,-0.4795062553393386,-1.2153334806296108,-0.6334597354501978
4724,-1.5895975130304916,0.3328794135239661,-1.6361481387211003
4726,1.117017073307468,0.1953157157110895,1.3720686456841216
4738,-1.6848981086620327,1.117391718776868,0.2874472292766959
4739,-0.5756660412068997,-1.1816237851838582,-0.9998075609452488
4745,-1.0325692205995325,-0.362114480919451,-1.8971161212412464
4750,0.123671221641485,0.2033870781977701,-0.5688199632724563
4752,-0.5688159192252833,0.8404388217348746,0.465546634586849
4760,0.1232886424306847,0.1228635544186843,0.2876294274936041
4765,-1.5680467547750483,-0.6181142743111084,-0.7021902002610678
4766,-0.913249577889926,0.1193126031654987,-0.5818667694760657
4767,2.5517851213408154,2.1494944219840275,2.297553471810838
4770,0.5587952004192841,-1.0361738558071745,0.0455778306368849
4773,-2.7277526676080144,-0.4581909161964237,-1.3859394208811622
4776,-1.16261688695317,-1.7248455153427011,-1.89737901517808
4785,2.9479985130436863,2.344969708820001,1.7898048886298832
4788,2.130374413914852,1.206060570974134,1.7300468370605424
4801,-1.1946161047976942,0.4656083757650625,2.546184455582707
4808,-1.234348034766397,-1.2963088880920417,-3.6851106360933423
4813,-0.5756592496772962,-1.568968056636351,-2.362248103125004
4814,-1.5675744347617149,-3.079595144175928,-1.2026594985306438
4825,-1.2403064289110752,-0.6011151991959253,-0.9916795817981464
4826,0.2887680274316295,-1.897679447751267,-0.714703531814323
4830,-1.1744787255939158,-1.6449393416045728,-2.173051153219211
4837,0.5586128169788412,1.2046296574278568,0.557886493758337
4838,0.2048132376733251,0.1236831068182911,0.4662852443018177
4849,1.8492343536487712,0.4656367149658625,-0.0987485636492574
4851,1.919868978136926,1.2883229115552484,1.448066973288401
4862,0.8408349531342928,1.3701317014412058,0.7464541158345991
4874,2.112998964577279,0.3749214205461188,0.5584447574917439
4879,0.8409504091375521,-0.4836760692923478,-0.5688178023312188
4886,-0.7414633932756444,-0.6564266511103255,-1.0957637861482397
4896,-0.4835620333361874,1.2041569669674537,0.4665118961670397
4899,0.3765844500518902,-0.0300548039688353,0.1226690697073116
4901,0.1208933625513005,-0.3509257446035896,0.2013099197391313
4902,2.9457691625807514,1.9211401055139867,2.6263906914469533
4906,-0.2516091014233801,0.6518542208346036,0.0420135124186161
4909,1.0268106188079715,0.3752506862495317,-0.499155323564626
4910,-0.7091644837520716,-0.7113335748250704,-0.0993960125145939
4912,-0.8779669641880049,0.036685310479964,0.2770127231938913
4913,0.2869322769798057,0.1160995613806759,-0.5993359419221669
4915,1.371201429094934,0.556810468504431,0.9340845068255794
4942,0.2050719023394508,-1.5673101825189606,-1.56863872919176
4952,-1.136030024273203,-1.8094542676606435,-1.3944830416399985
4953,-0.4485409243945897,-1.809354370434294,-1.987140933194439
4956,-0.7342077552355213,-0.6383392642467719,-1.0560746428160386
4957,0.1226282587885124,0.6515081615307167,-0.8837282804918251
4961,3.257071146710077,2.719183483901816,2.878678975651481
4964,-1.6064097593404003,-1.493004798021297,-0.1928669700709544
4968,-1.644520489451572,-2.455984794712396,-2.5481268351488877
4973,0.1236756978769055,0.8407871654623554,1.5901207056750917
4975,-0.49844530001517,-3.1233560564701355,-1.5682575391574691
4976,-1.2262449990552933,-2.0795447562265563,-1.4170930315488732
4996,0.9344543982242568,0.2880660302353413,-0.2576779814064712
5001,0.046812623330567,-0.16630109939158,-0.0290738601293783
5012,-0.0708015119426566,0.5578058597795901,0.1993252186948673
5024,1.0265426620945246,2.3449255021364,0.5583220160294554
5032,-0.3136523174807613,-0.5039629547591704,-0.7140001763121141
5033,-0.9997918169448043,-1.0795070869598964,-0.0285955512217578
5034,-0.7693596628631645,-0.9113434424949388,-0.6033370172351185
5039,-1.294428992697795,-0.6312983620244758,-0.1692016999440531
5050,0.6518863262472747,0.5584382746680315,0.8405366197611649
5052,-1.725826953111584,1.789774388487846,1.1179649238754026
5055,2.2628660430668956,3.8021753653926513,2.4530540623653727
5063,-0.198041529087622,-1.3909098326920666,-0.779699643202124
5068,1.8610401312996991,2.7456823036616504,1.90646435093498
5073,0.4667007624311949,-0.2576852359949113,0.2046073308439829
5074,2.727401481686754,2.8759124769380877,2.8468753538595375
5085,-3.2154333921518594,-3.564593091044037,-3.048529946875419
5087,0.4663932296225133,1.116978917259332,0.7460771859416053
5088,0.1982960241246363,1.1191298564259362,0.6479197025117663
5094,-1.3288609364462898,0.8405420529848476,0.3748245177669126
5095,-0.8480147133659732,-0.3572606055824247,-0.2192449006038466
5098,1.203904692513273,2.156932999135197,0.934096546355331
5107,0.6523589549664995,0.2041409071131685,0.2034031926452838
5122,1.026799505395893,1.6860723002897162,1.1173944353887093
5126,0.0472409527544236,-0.5337357548467244,0.2037904333150393
5128,1.2901778635134966,2.6937577258193333,2.607133617962144
5129,-1.0227050795210646,-2.6386322404332945,-1.6447675776467827
5139,0.3756996063563225,0.5579669425135492,-1.3074121746172551
5140,-1.114262430999874,-1.3840247034624031,-1.4229940063978124
5144,-0.3560704826311801,-1.3001169604818974,-1.1905887277428235
5148,0.7462886494769867,0.0461217704169464,0.1231283932026314
5161,-0.136185110964926,0.1167384899634189,0.4646494117850495
5165,-0.9792755321303294,-1.0321327104695623,-0.9178455911961436
5166,-1.4606987265210516,-1.7251173000091973,1.7218371125934853
5186,1.9942553670604055,1.7974479525632965,2.0428019615603024
5201,0.934478415542582,1.7465003671250303,0.1206014502607068
5204,-1.3241174852064983,-3.0051582509686696,-2.3621359811453684
5208,0.6520615477110449,-1.4937456921598598,-0.8972823830862262
5219,-1.0726163392830157,1.8282366728677653,-0.5118884537123215
5220,-1.4586778142757657,-1.8966823277231184,-2.362641764877294
5223,-0.9338992853905208,-0.7698621743126446,-0.8469173874055836
5227,-0.7356758987122616,-1.2885360442020235,-0.8083770004352239
5229,0.8408276676752636,-0.2841864327901069,0.1233057138664607
5233,0.8407508616495659,0.2867148862913158,0.2870553271479854
5234,0.5583845598429857,0.7465537043550575,0.2868375660124261
5235,1.82583210094106,2.130445786716867,0.2888503284221882
5246,-1.1268007059891272,1.5880015014740891,-1.3288500699989243
5252,-1.531241356653668,-1.9878207035665705,-1.7255762839280369
5255,-1.3940702401224625,-2.17339542202893,1.2921958121822286
5256,1.8919660405021588,0.8408527345936183,2.837038749346553
5258,-0.7414448091810021,-1.312737351238175,-2.0795960014044734
5268,-1.0612342295969894,-1.496484160378344,-0.4338659107097214
5270,1.5549378657171633,2.243170360252057,1.449141022824604
5273,-0.874606453599019,-0.8769501487240058,1.0265073461405865
5285,-1.2609129175869205,-1.2488852421414929,-1.2244090633799347
5289,-2.9328282137267707,-1.4940813172046288,-0.4996476785902901
5290,-0.9236915546552944,0.1179416403032666,-0.4679170657415841
5292,-1.9873954303310353,-0.7507648252558736,-1.407825433734305
5296,-1.0725989282707593,-1.360977832976489,-0.9870765917387908
5303,2.5625868639516343,1.8416704419058283,1.8797075765325693
5307,1.9610066312511956,1.1170438689788127,1.449141022824604
5321,0.2009136957279457,3.1332795904624624,2.2081028528150317
5329,1.026454619174392,0.4662278867472573,1.1168998885512187
5330,0.2880829781887609,-1.1019178998278545,0.7458852943597175
5337,0.2045864005845685,0.2036384265342775,0.2018968931204076
5338,-1.1245622178318164,-0.0324055375881384,-0.034648285886746
5349,2.0309190074366077,1.3699862392253348,0.3759312283863907
5350,-0.489065024550362,-1.388273360899991,-1.0696141744923813
5360,1.6218644385241676,2.1881762579936743,1.7473115227244005
5364,0.2042825105054013,2.0358854678121063,1.4473660874333207
5376,1.0266389783325378,1.928983581311881,0.6517078942422375
5380,0.1223707980753619,-0.4960086226757937,-0.6874683867631136
5382,0.4664337318354213,1.204741902889849,0.7461709090501335
5392,-2.9340301909842323,-1.2201222498942108,-0.1169501716925061
5398,-0.2187286826128031,-1.02512934688362,-0.9113260932238608
5400,1.5196275919674025,-0.0285942546570154,1.5912196986472928
5404,0.0470530434785306,0.934384754175232,0.8407853132270091
5405,-0.9792613934005184,0.9342087300761452,0.934384198504628
5415,-1.5288674083513565,-2.3622678603020324,-1.2686956400654523
5420,-0.913258221654876,-1.5678611607933384,-0.650602235322371
5441,1.4835853148087417,-0.2632071508802084,1.7688084426724413
5461,2.124343288662238,2.5963259481982166,0.8410367850458729
5467,0.4659717843400275,0.558524280129283,1.4467957224289838
5471,-0.2789572328307203,-0.929204671422696,-1.1639111055308826
5474,1.1175916367119234,2.7767956590811664,2.0712923047645933
5479,-0.873404352859201,0.2001139931171346,-0.2491812839430774
5481,0.4660398231184188,0.0449384081247162,0.2882026017215497
5486,1.2040683066355389,0.37606776900201,-0.3043484158534034
5490,1.4833450181431345,0.5585944181077336,2.447636397459489
5492,-1.3604341401611404,-1.6441320139582525,-1.1612814252684107
5495,-0.4097484790641731,-0.4115821920571159,1.9665085111241625
5498,-2.72741309112784,-3.843376490537706,-3.8349520302528224
5505,-0.5436141581373595,1.3690682713876554,-1.4229646175969828
5506,-0.3108908815439816,-1.5586148019440755,-0.7293920050760418
5508,0.3758549780312969,0.0429659935749167,-0.7310874795709644
5511,-0.0286352507993492,-0.3395245877640844,-0.2829997673448423
5526,1.2899772046843023,-1.5195493062530094,1.520785609505976
5528,1.2045107439186171,0.3757607918639321,0.5582980604523086
5529,-1.897958394394436,-1.361905185473257,-1.5684051005734
5534,-2.77164496512946,-2.455576315077335,-3.212020833749639
5537,-0.4979762522842816,-1.6449202018393267,-1.4921416563498715
5538,-1.3485548905081384,0.9351204003136464,0.8402364958938687
5542,-1.3508689498675828,-1.0000888537531898,-2.362229827736253
5550,-1.1968035947418003,-1.3241516898192287,-2.548828955827532
5551,-1.0000774933763985,0.2885404185781452,0.1230934168251734
5552,3.2992339503474044,3.6627445217388295,3.4768988829864687
5554,-1.2369831482525522,-1.3519883174285945,-0.5378023992909388
5558,1.8559215406610825,2.9090104407901003,1.1173504756698214
5559,-2.033851221571908,-2.361983356952825,-2.2678413962716393
5560,0.2029347623261775,0.5583349816768802,-0.3281137066890106
5567,-0.7370556905629783,2.2535843682636947,2.075342526055403
5569,0.3762999158320929,-0.0261625783530743,0.4658611441486687
5570,-0.4253683179992436,1.3772103275233905,2.4473358414039454
5574,0.8408724917706466,1.7860047191108386,0.8408745909707059
5575,-0.5649602443870247,-0.6692173857772942,-1.2298383356273224
5577,-0.9338930495315212,-0.8585054039209521,-0.3835888962080332
5578,0.6523328384481152,0.046812623330567,-0.3795092243752158
5596,-2.770477562931798,-2.6823356099494067,-2.852041610787317
5597,1.9157519528912896,-0.0274282725064523,-0.0942891526998375
5598,0.3765984344287555,-0.1662206815069569,-1.0426078422476317
5601,0.8406766487533532,-0.6432605918209966,0.1166685063379138
5606,-0.9392826839424956,-0.5498533820311416,-0.7021806303784448
5610,0.5587576617829303,1.1172481087963433,0.5585110675171453
5611,-0.4934086399200424,2.5781216852843047,2.2747302278724133
5617,-0.8877169458279557,-1.2635018486717713,-1.1113008301633258
5622,0.4665899370163017,0.6523004243295532,-0.0971414099097693
5624,0.9343862977046872,-0.0295332762364654,-0.1050034080611277
5625,2.419713332200624,1.3713959138063068,1.4479900437803468
5628,0.5587172830523787,0.2876655769534482,-0.0290621910466959
5630,-1.1783130997256903,-0.9140346787120898,0.0366881505741619
5631,-0.4512708414598914,-0.903023386542414,-1.0664133883314335
5632,-0.3560603262073639,-0.9116360339384928,-1.103306335443521
5638,1.6983974447317765,0.6519832598970701,3.4279289909687396
5640,0.6521863883733926,-0.0987734144734884,-0.1671854182871329
5650,0.5585082891641258,-0.8289981835114838,-0.4785659680657352
5653,-1.8093473319399775,0.3761585902751621,-0.6626426294505103
5655,0.9341954557228292,0.2880955733891165,0.2034154791397483
5658,0.2885078809772267,0.2041580402901228,-0.3096190132727822
5670,-0.4377900256440298,-0.5195618325642374,0.8403248475198923
5671,2.089255036189334,-0.2819115482082391,1.6271998641806706
5678,-0.3835767331959251,-0.7988415693895652,-0.6505715499567989
5679,-0.7061640477144272,-1.568230496521412,-0.9633638426458434
5681,-0.8519204602997631,-2.0800005296041286,-1.644776344894089
5683,-0.81895937663985,-0.9148351530876284,-1.3593116855412175
5685,-0.278083471676642,-0.5752120583234953,-1.0016527577973393
5689,2.2726920280972274,2.7493341708706263,2.4077669081457262
5690,-0.8519068154993779,0.934348388621264,-1.415223879119636
5694,-1.4567912508342715,-1.2446647386811704,-1.3933257649955633
5698,-0.6626567681803213,-3.52094726430602,-3.38814445961578
5710,-0.6398603816544194,-2.456382407900091,-3.047125211588704
5713,0.8408695281940923,-0.0957591484119241,-0.0267362156398565
5717,0.1238505797641954,0.4661383620388477,-2.63997474061237
5722,1.520507774204015,0.93444668057698,0.1205416230590178
5729,0.0458295802910507,-2.0798850736008694,-0.1000412695681038
5736,-1.89780342403712,-2.1736233704588948,-2.547868510059242
5738,-1.7263563219735871,-2.1733709725223576,-1.1075816650700974
5740,-1.2381198033434635,-2.079969782497378,-1.8100425376066624
5746,-1.768022109126295,-1.270393769431038,-1.300140792576688
5757,1.9133281177169816,-0.2355267593223119,2.634949253570917
5759,0.4664849770133386,1.448379754097231,-0.1618378296185218
5761,-0.219823199349584,-1.7256545717420118,-0.9343958696868924
5769,-1.363101852989392,-2.3621947587470276,-0.631292373130189
5776,2.071523463735825,2.9785438496236374,2.102468636185887
5786,0.3755856321413403,1.658402373861527,1.1177684634463272
5790,-1.3623751593218183,0.6513504128203811,-0.59159347469183
5791,2.0199905719280946,1.6584343557918415,0.5582935533462989
5805,-1.08676581205893,-0.2355863704298771,0.1201904392373391
5806,2.2449233157838964,0.4664294099529464,0.6520995802768244
5808,2.4323026054030823,1.4459885182650196,1.2057503832947891
5811,-0.8647120593432267,-2.0796912063012787,-1.1831528672034952
5812,0.9344155630231604,2.0754178502928236,1.3735317881254263
5814,2.022448117785707,2.7437530153248333,1.721724867131493
5815,-0.0249324471183473,-0.7947650463568366,-1.1800237008092755
5822,-0.6033075666931106,-0.8770864115043231,-1.5220751378537265
5826,1.117246873972779,0.1229029761609736,0.4657312407097075
5827,-0.506989167738719,-1.4925361824786565,-0.2239812207375544
5829,1.2044845656590548,2.027077718292873,2.3347589527670425
5835,2.947170687326199,2.9440712801798785,2.5592595083753493
5837,2.7767714565393065,3.8017194685327222,3.051249026264362
5842,-1.0806083643556916,-2.362485930143483,-1.3933168742659003
5846,-0.5488147410606441,-0.5039616273238389,-1.0215326145467891
5849,0.6520496316636496,0.3748536287324403,1.588320950330166
5851,-0.6011218672431724,0.0442741656589056,0.8408685403352409
5853,-2.173650042647883,0.4642914364337672,-1.7237975205837042
5855,1.026410042043722,0.2027726299921887,0.4662377653357715
5856,-1.9880681622088503,-2.1732758911079086,-2.1732793486138884
5860,-0.8779154103041966,-1.897367407836576,0.1173023412734543
5863,-1.494411262061002,-0.5881852999132633,-0.5389773956535211
5866,1.8896774185081384,1.5918888495367711,1.5911887045758295
5867,-2.6392871908517836,-2.935979483462791,-1.7251850918228755
5879,-2.07969910917209,-1.3944568633804355,-1.8973997602139596
5881,0.8406989990598666,1.588872792981039,1.875171822616288
5893,-1.0402408706984585,-1.4268550527185755,-0.8333413049517385
5901,1.4472154389584797,1.9529774379892348,0.2841845784551785
5905,0.7464852951295969,0.3732563227108773,1.8574507461630756
5908,-1.1032902827371855,-2.0798837152949488,-2.547831465352314
5914,-0.092923005649506,0.376100152249983,0.2040145537919545
5915,-2.638819439685638,-0.6230396150619171,-3.2417151299290947
5916,-1.3919501715449651,-1.4873246096256496,-0.92368791192578
5920,-0.3096336150614297,-1.72428947429171,-0.0394385369396233
5923,-1.897620546667251,-1.8971355079712056,-2.54950366342305
5927,-1.4582014193446695,-0.1612889505442032,-1.0277692144404973
5943,-0.4863885136042151,-1.2438784030354424,-1.4594335262970994
5945,0.5588129201374314,-0.2930462609931637,-0.2665094704087279
5946,-2.855203006076564,1.370467079521262,-2.173307008661728
5954,1.2037587363679765,-0.897293619980661,2.416573916770821
5961,-0.5772555678400078,0.7462946383712735,-0.4283194228354953
5962,1.5183232478364628,-0.4485332376179022,-1.8951255856556417
5964,1.8237498179646296,2.536622969759842,1.8081578243009333
5974,-1.4550542245264115,-1.0231782639108933,-3.045000574164019
5976,1.8726531529922443,1.904678549096331,1.2891760511558037
5983,2.441844827978344,2.9099995344650815,2.717198134575181
5993,0.0396274011041966,-0.1108172661076076,0.4647406652464491
5995,-1.645621952070902,-0.5377902362788307,-2.173373936098912
5998,0.7461374453315417,-0.1681476854201803,-1.108104242402497
5999,-0.637557250483519,-1.047371297629164,-1.0215070536990083
6004,-2.0797292388670585,-2.2676238203596144,-2.8114418468176443
6011,0.2045289812888299,0.2884296549044301,0.1232999410662977
6017,1.3320207243653217,0.7460850888124166,1.7285166436996977
6024,1.2889850239504106,-0.914041099794624,0.0420206743952889
6026,0.746443125904877,1.446975636222298,0.7461210221781369
6030,0.1218014826710546,-0.3151687116882754,1.1172912041387364
6032,1.6524296557635036,0.6519055277536991,1.3701012012991685
6039,0.934150569886268,0.4651301285986202,1.3698774512693224
6044,0.0434206556112813,-0.122609368087561,1.3697905196903977
6045,0.4665305420028602,-1.5293291088820375,0.374280824951564
6050,-0.2473919628572702,-1.7259499415385855,-1.5687927116902245
6051,-1.7674251954153266,-1.644656320043642,-3.1501467885205634
6052,1.619243895956071,0.2881616981909832,1.2042832894180786
6058,3.850829883472066,4.336245941599037,3.754882857704629
6066,-0.8469047304640498,-0.9833744672107494,-1.3259377386225906
6068,-0.8957350874190162,-0.0305847285014423,-0.3642213986259888
6069,-1.363827558798114,2.0680849740387552,1.7396454910726915
6075,0.2890874145465282,-0.7300657248127083,-0.4338531920270094
6077,1.8853125641731527,0.651091346836597,-1.1230359759063773
6078,-0.7200959445783172,0.0415126679809477,-0.1624691949069336
6084,1.4459433237225674,2.6026124349639215,1.6555322734510916
6088,2.9486408682618204,3.3864695428336207,3.475930534347367
6090,0.6520288248865916,-1.1112883584453266,-0.8214423598628865
6091,-1.8978233046965047,-1.271898772391172,-1.1872119792239677
6098,3.6158333275674535,3.7557059910925714,3.521649382885083
6099,-1.6449574935109676,-2.080012136945633,-1.5676332123633738
6102,-0.7030171616020603,-0.8057962191858971,-0.8126596155208293
6128,-1.2910784224385017,-1.0932222722882567,-0.8259538494961296
6129,-0.8421277537644885,1.7140967445632078,-1.1531250451793302
6134,-1.4962584346307952,-1.898066564938666,-2.1740034491519773
6139,0.2881855611563628,0.2881112556483828,0.3750001714189302
6141,-1.1871636976226043,-0.5498485970898301,-2.173520633138347
6145,2.745717372650876,2.665377775841688,1.7594877474446091
6147,3.2563749531845407,3.6141529796611938,2.97832775549989
6150,-2.6393217659115833,-3.176005228779967,-2.968597594877728
6152,2.4179122185497786,1.2895553889547475,2.3264577278738727
6154,-0.0957877963186152,0.2880760014356228,-0.2300851079686925
6162,-1.461674237136826,-2.0799395293200535,-2.267785088317108
6165,-1.9878860257331203,-2.079132695603159,-1.3485173518717846
6166,1.369231762027565,0.7465003599770811,1.5216466519773422
6167,-0.3122176685932019,0.1212620808675919,-0.031157933599977
6168,-0.5664156383104638,-1.645670233672265,-1.4944931308633131
6169,-1.3614359525188335,-1.4947617049885422,2.0066006391265634
6171,-0.0295503168016523,0.3754218945367179,0.6520611772639755
6180,-1.4577613282263633,-3.586082725533049,-0.1108149508134246
6182,1.2037119365548905,-1.4204145834544064,2.4273139182034265
6191,0.124017867486565,-0.0300037440144527,-1.3914121589180122
6193,-1.4956296624718683,-1.7259843931160286,-1.6853953721113648
6204,1.9109366349200576,2.235500377164943,1.9272705105811676
6207,1.1168592628559542,0.466168244769103,-0.678951191228553
6210,-1.810611914752148,-3.245389717891653,-2.9316363620225365
6211,-1.19461832748011,-0.6609269038491337,0.2019134706267579
6215,0.3766268353707337,-0.5440460068083742,0.5583510343832158
6229,1.5536658739636076,-1.0743476854024805,2.300039418610429
6237,0.5585809585308831,-1.2043526886019726,-0.6254306039294154
6242,-0.8836585129604437,-2.971544130866792,-1.8969559646249607
6253,-2.9340879807270404,-2.267558868640134,-0.7869402163947629
6257,0.5587814938777207,0.0433726827158094,0.8405308160904128
6261,1.4090166659271754,0.6522762217876934,1.5248222477375786
6264,0.376169271498993,-0.7819550484422654,-0.6304486799299007
6269,1.9073731810782837,1.8983936676012596,1.7941941924714415
6270,-1.25630801355104,-2.6828290454456893,-2.1735702730456308
6274,-0.870565370002585,-2.3626321332534927,-2.362511367508907
6281,-1.7260474926001628,-1.4250072627370003,-1.4947124355283277
6283,-2.457126265615208,-1.725128289938919,-1.14305431811856
6286,-2.4566002307768287,-2.4557239999756217,-1.725260045613227
6302,1.3693374629246666,-0.3265190864086999,1.8837927433302477
6307,-0.8984135432122768,-0.1000392321092228,0.6519207160835397
6311,0.6523040670590677,-2.1737508042507274,0.840616759810486
6312,1.9308837278125817,1.9671493845540189,1.8132293681617515
6318,0.4665959259105884,-0.9712877054577718,-1.0171643027058233
6320,1.7180169389326996,-0.0953454516473042,-0.467909533317842
6325,-0.7444528393835667,-1.0092888449776145,-0.2326544053588716
6328,0.2889828867318127,-0.284187328037191,0.0446034004917294
6330,1.9477890798192363,1.1169523685527003,1.628222792021313
6337,-0.3680248404274787,-1.5249478313936469,-0.9132438977015304
6341,1.5193587708774603,-0.2277941706804892,-0.6987815932942536
6344,0.2041150066889079,-0.095737724223084,-0.0993930798086288
6368,1.4086521460110026,-0.1618609825603519,-0.0306166486905787
6370,-1.5317044154902697,2.382792354593628,-0.2224155570698258
6376,2.4423617251223484,2.3184716299543053,1.9854834274245357
6385,-2.173761176768667,0.376260895407462,-2.268093794208176
6386,1.4468084411116957,0.2888210631037149,-0.2968365519236942
6388,-1.4604074316422402,-2.548620517609883,-3.008032426296867
6389,-1.360483780068424,-0.390741858668787,-1.9879259105342464
6391,1.9530242378023208,3.1337621595113796,1.8396297724835136
6399,2.521526510792488,2.104802699687073,1.963886239803076
6408,-1.6851522353515598,-1.7255036763024578,-1.390270194085774
6413,1.2039565551029725,2.722701249271712,1.1169270546696328
6417,0.0478874137609087,-1.0347500424963916,-0.541236443623177
6419,0.5584809378221771,-0.4359472058273005,-1.0176686046494716
6422,-0.2533903961560196,-0.256491439443563,0.2877754762506683
6423,0.8409147227365447,-0.1031255809963514,2.198357131316378
6424,-0.6011087781133911,-1.725206824717607,-1.7257218696262646
6428,0.7466971908532258,0.6519906688384557,0.6519499196608347
6429,1.370981383535781,1.9477858692779693,1.9762786821293887
6433,-1.8538187617130668,-2.362461727601623,-2.811389737263232
6442,-0.5578026513379049,0.1218990028620429,-0.2913401670155884
6443,-1.5631724122374442,0.840280517353935,-1.896468950211212
6446,0.5583405383829194,0.3760548033545851,0.5579772532903109
6450,-1.353004330257277,-3.4756549238274035,-0.4849819569527429
6452,-0.6398507500306181,-0.0971023894851384,-0.0961878791534391
6453,2.838624015838364,3.474797213280079,3.018869976691468
6454,-0.1638626624286246,1.3732562989882378,1.117228969031097
6459,1.371023614501679,-0.0994084842325931,0.20299965230448
6462,-0.2515759772812686,-0.2239520171602594,0.2874927325250393
6478,1.9157519528912896,-0.5034789656631543,-0.4452136305594827
6479,0.9345227457085392,0.558279414616488,0.2875953154926411
6480,1.8053283495857624,0.7465590140963839,0.2888525511046039
6489,0.6521902163264419,-0.390307355127109,0.375172707141448
6494,1.89957909822296,1.7231384931478708,1.661171959633831
6496,-0.3781620009960068,-0.2239699838431195,-1.1800318506447998
6503,-0.6621830898610668,-2.5481236246076207,0.2021560208453699
6506,-1.495312930227633,-0.2841923599432154,-1.809050480355127
6508,-1.3623330518382766,-0.5151596865576106,-0.9267782431189032
6520,-0.2289010973940911,0.0438450027291432,0.4660808192607526
6523,-2.080064493464758,-1.3604653811973164,-2.0799846003801497
6525,-1.8102996278727437,-1.8975936275135503,-1.8969000271174992
6534,0.2018977883674917,-0.0966673611434456,-0.4178597572225688
6545,-2.268040943759625,-1.567772006531998,-1.645081346314464
6546,-1.0726579528371316,0.1993010470235967,0.2834250693513844
6549,1.829280839673713,1.8462115055634356,2.4945238830184313
6550,0.7466957090649488,0.4664024907992453,-0.8403325055255728
6551,-2.0337634256164887,-2.080092523959667,-1.644733249551696
6556,3.0940966630504345,2.408927148366715,2.983383370136729
6560,0.8407830905445934,0.934439703823842,0.1909265662224766
6561,-0.7605706209209295,-1.567055314935295,-1.8092500278431132
6567,-1.2392611507639195,-1.7260173629051947,-1.4950825121505398
6571,-0.7857928183388421,-1.1140847398889753,0.7462566058054939
6572,1.9715181903244103,1.6233301740949575,2.39640554349558
6573,-1.0987728042096558,-1.6054268397832403,-1.810106624949648
6574,0.7464144162570078,-2.3622814433612396,-0.4034159333795211
6580,-0.7935369525809908,-2.729789879524349,-1.204371581402506
6591,1.2041107845661498,-1.5654376960660996,-0.4251386099457001
6594,-1.7248092115299116,2.282938347068837,-0.2025710780154925
6597,-1.2446386839039645,-0.8403109578543763,-1.034754796567114
6607,2.7258754867260273,2.227188038859695,2.422465013031246
6610,-0.7403695248212346,-0.5554960626610245,0.8407819792033855
6619,-1.4562407664893198,-0.1060056834776575,0.11885185962308
6622,-1.8979900058776813,-1.8100243857002676,-2.548692137376611
6624,-0.2507997363181786,-0.8064333264038828,-1.2994636153340415
6628,-1.117731173874268,1.026767770430291,1.450905091768522
6636,-1.1782942069251572,1.0270259720375805,-1.0426550125077867
6638,3.018905539610119,2.8487056093465,2.980810244793501
6641,-0.4338795246395175,-0.2240061641735526,-0.3084244140861171
6649,1.6854117931651875,1.522122182531943,0.9344028443404484
6664,-1.2703766053834948,0.0455644328012126,-0.944319591002336
6667,0.5584478445506547,-0.8685380984159429,1.8358855404719303
6671,0.2033626286911975,2.2043509648973503,0.2875556159150498
6674,0.746384101338505,0.6513468318320447,0.2027346900381765
6683,-1.0867777281063251,-1.0967805398710606,-0.9833314336095346
6685,-1.0202065375211182,0.2830738855297057,-0.8198384475352546
6686,2.2976658407551867,1.7179668050959902,1.1167433129232691
6688,1.6218106002167656,-0.3720323368229645,-0.1031553093736612
6698,0.934547195215112,-1.2971457280215482,0.4662308503238116
6713,-0.7403645855269776,0.2018940838967989,-0.033106485184397
6714,0.0083784620573238,-0.2267369456153493,1.3716791823319503
6716,-1.8098794174138224,-0.9051027059422904,1.8485971846896077
6722,-1.045152381425347,-1.1626562778248704,-1.2447052408940784
6727,-1.4556313810603518,-2.267324499127635,-0.7128325271497392
6731,-0.0949834631194381,-1.2102637890041388,0.3760934533321468
6737,0.7466379193221409,1.3702650623861472,0.1223773117696634
6743,0.652260230822536,0.7461418906963732,0.4656657950608011
6744,1.2882966098133295,1.0272351511493678,0.6518016173507657
6761,0.288887867058542,-1.0285318414737912,-1.151178716277326
11,2.153768749668678,0.8463341428455344,-1.3762637544977028
13,-0.2395646113374923,-0.919651722505705,-1.3645311514055225
16,2.7702603087200797,2.139460243431172,1.1595818600739531
25,0.7607562359185378,-0.7258308453250846,-1.5199647732373165
29,-1.311885012450623,0.8470290951429229,-1.2402256944294454
33,-1.6457114645052164,-0.810309578590457,-1.4027621219542838
35,1.0099396643586136,0.1418389660635676,-0.1713488861397414
40,3.5451626120319317,3.186802919362703,3.186000716253368
57,2.329247560026162,1.576352864322698,1.414483487402129
63,1.0959724748392454,-0.9427406678832804,-0.9427812842719978
73,-0.7649067250556658,-2.1130856622207057,-1.189102611187118
79,1.15940609118017,1.295566589057895,1.2940636649466866
80,-0.5675014221385661,-0.8877144674138704,-1.7142990062527264
81,-0.7731027296806898,-0.3045288180254181,-1.079788604422315
86,-1.3179117781643126,0.404059166291808,-0.2414157768337038
92,0.1419725880960148,-0.3654711781296771,-0.1708207847899175
94,2.1976928429003317,3.276230082653483,1.9309540694272769
108,0.227556705209982,-1.3593237771859583,-1.5806477770970988
112,-1.8643601982795015,-3.2406607751380303,-2.0274691402922618
113,-0.9754254999848416,-1.5205641298603905,-1.5813466144403645
120,-0.0221761334679114,-2.732465223102911,-1.3494604698040835
124,-0.2392768236209133,-1.0130545827442756,-0.880920051953421
125,3.0994541378876264,2.848227999416721,2.3798073116162777
136,-1.230354852413142,1.1619562117483104,-1.3849046851721771
137,-1.1122911336892995,-1.3627995982308674,-1.32008293016642
138,-0.8870687845619261,-0.525039901518895,0.6727428761411134
158,-2.9730244383386513,-2.5586289630508934,-3.3525689329909167
169,-1.0378658395964648,0.4939644845471556,1.010391977881664
174,1.8424522534272765,2.329202823134241,0.9298028230471352
179,-1.714614401340767,-0.942715827135398,-2.112964519426531
181,-1.2019056032828317,-0.0218026098525397,-1.863938494208818
182,-1.519569911301785,-2.289843359043805,-1.7871307840282138
184,-2.5587834230566826,0.5838085838977698,-2.200862858300254
192,-0.6491427474660367,-0.9427100584309136,-0.2395678488757234
195,0.2274894232791065,-0.942704171997766,-1.1359377008789333
202,-0.0212219720868748,1.0098657307582817,0.6728741436003016
203,-2.11311697804505,-1.5768834030993015,-1.5140931739013936
205,1.4128505908470252,2.08329025013688,0.6729176443412614
206,-1.013085663111294,1.787326748830669,1.3578069076711674
210,1.4115463927188752,1.5996524262782894,1.5327474625816475
216,-0.9839866106258364,-1.46338061050677,-2.0272925472978383
231,3.01301116074528,1.4821726417226744,1.161545456443281
234,1.410501668563865,0.583869390752183,0.058684503663378
236,2.018079872814728,2.49843071240378,2.329212241427277
246,-0.1709783057409434,0.2273131834706718,0.5838377217418498
253,0.9296038616067512,0.1412970021636815,-0.8215685004072617
270,0.5839176006396607,-0.425220034481124,0.4042128021969565
271,-1.276354031057936,-0.4745815143075783,1.8575318824070992
273,-1.4133213234628506,-2.6463238667950404,-2.558630140337523
284,-0.365470854375854,0.0584668822299166,-0.2428495942197608
288,1.294707993919007,1.468255112374822,0.7607207995909901
289,3.4560775682356817,3.3657052792387465,3.012033541928151
290,-0.2399419905665756,-0.2401593176783797,-1.4094947887310163
294,-0.7702367431098571,1.6098924653816011,0.315181148349354
296,0.5838888159815696,-0.24140724150564,-0.8649588707454354
298,-1.044610455832487,-0.9599541288790554,-0.6528580580435499
299,0.7607970877645813,-1.5445208532125636,-0.2434510110944362
308,-3.567806361027589,-3.5015029907986173,-2.027132789502216
312,-0.0213262208179162,-1.9429293647151504,0.2272206487415938
326,0.494144138486816,-0.3658473800721309,0.5838609731527822
337,-1.9442186113031057,1.6098924653816011,-0.6190686073297031
343,-0.6462507722928581,-1.8639373169221884,-0.8580148221543777
350,3.365676082530335,3.5449205619009083,3.3653742262385338
355,-1.0698290538584796,-2.2899424865780085,-1.3201150700914048
365,-1.3081913933792582,-2.2898612538005736,-1.2663788814462598
370,1.2962817906853104,-0.7562318296619308,-1.0624881419446206
374,-0.6400181285798361,-0.9427337218921664,-1.17545391524111
401,3.3662583684972813,3.455489395835588,3.0114399540095613
402,-0.3667700490358287,-0.3667617491650908,-1.3634674729357774
405,-1.864054456941823,-1.8636857307694663,-3.3602380135527463
407,1.5636519429777611,0.6729789221103264,1.2941693852860148
408,-0.3054084865949737,-0.4225227825164631,-1.2763362540298306
409,-1.519947702581189,-3.243309199139733,-2.1131232176641865
415,1.9636014049496888,1.6696319917365092,1.6970597092584103
419,-0.6476070064900317,2.382651400655802,1.6282676728233578
420,1.884662688241043,-0.8156033656486257,-0.0217999609576233
429,-1.8639263681565343,1.89011328987826,-1.230362916826554
439,-1.7141134658799186,-3.706428094332927,-2.5587003066206404
447,-0.2397440886841582,-0.4787123187688045,-3.2632138196418614
449,-1.4648362076954724,-2.973582707658356,-1.0386683370274572
455,0.760681949132217,-0.3047845541135093,-0.5225836106951252
459,2.7702645469519456,2.242465524334522,2.5600508364206367
463,1.7645074020912472,1.9309583076591428,2.05419549474762
466,1.5619291017241643,2.625765327877537,-0.4261480012346544
469,1.6520147214268186,0.7607207995909901,0.3151026821954985
483,1.4128505908470252,0.227573834730441,0.7605715196463707
484,0.0586881238197637,-1.1359180401922209,-1.0853516369326484
490,0.3152438977267058,1.731894678795742,0.4043045716897254
491,-1.5811112748431293,-1.7144515825999085,-3.5476815879257457
493,-1.94411818875361,0.3149355074941107,-0.3703666891210891
498,-0.0213109455238985,1.8112221355494456,1.2286172416553214
499,2.7693582717045637,2.695625045556875,2.074643786215247
504,0.7607177386457535,-0.7562583774754257,0.1414511089834818
509,0.22762010209498,0.9297062855435168,-0.8877207070330067
514,0.2276723736213294,-1.0495290416418366,-0.5720289721939307
517,1.4167749580977702,1.8847086024195936,1.0101089581759344
524,-1.7141245323742358,-0.3713829523718314,-2.027204603986615
527,1.5125637074196672,1.0862484404656396,1.0095030087477357
534,0.3153761070151977,0.1417768936260277,-0.5684288591131132
538,1.913788523997322,0.6729473119643246,0.315200750171735
540,-1.2019013650509656,0.2273466184109493,-3.246370615291061
552,-0.8248556612697946,-1.2737913135228602,-1.0912950507529702
556,1.9601237002461729,2.041104773799659,2.7693304877401075
559,0.6729610862178896,-0.5241197637214506,-0.2395656120311274
562,0.1420284503465841,2.379852283965524,2.1013495915759446
573,-0.7731097934004667,-0.8649517481613269,-1.105407891952655
576,2.69660407711796,2.9283025622654995,2.558497053527035
586,-0.4720730402539563,1.4660393412094572,1.1599565904081202
598,-2.646572274273863,-2.73232065230481,-2.379807365037633
613,1.0869725894714393,-0.367314573534134,-0.0218132348643708
621,2.4367684415255875,2.560016459651056,1.5220471044062052
625,1.8728884092021787,1.7521345905299497,1.714908316390796
628,-0.8348413475968051,-2.112928023541017,-2.1130858976780313
630,-1.2249720036214522,-3.4695314178015333,-3.181098077234872
633,-0.0211573979152472,0.6728450646205533,0.7606235557153942
635,-0.0215276251280563,-1.8631438257339117,-1.1418695772902865
636,-2.2008666256174685,-1.6456666098846329,-2.732105679766265
650,0.1419850673342874,-0.7800042782244228,-0.9657675702554817
653,0.1416754409507313,0.8464875432933572,0.6729678556160092
654,2.242506022994577,2.769363216308407,2.4342612919194235
656,0.1419607269332227,-0.5233001367699991,0.4940499555564567
660,-0.9840033280959752,-1.346969095838755,-0.475933569137217
662,2.8476002701858767,2.7683578135268223,2.7683578135268223
667,1.737891541429043,1.3597391882161507,1.96354677885008
686,0.9297049905282244,0.6728741436003016,1.1608141259890412
691,-0.8156005401607149,-0.9549172257634416,-1.944156568297731
692,1.0097962708471415,-0.0219728749313298,-0.6462544513135753
699,-0.0984698697382455,0.404200087501358,0.8465156804438019
708,1.778821559304575,0.8465832566963347,0.7605267827544502
725,0.9300127332531734,0.5838929364847729,0.672873319499661
727,0.7606434518594327,1.9155838861072956,1.6596725000370052
728,-1.4593701836034092,1.8944148597650936,1.086983067322442
730,-1.7876164147628788,-1.2019120194949624,-2.558814738881027
732,-0.0213181564045041,-0.3658494697558982,1.4120456799784422
736,-0.0212240029063106,-0.2395623744928963,-0.905956288280506
740,0.4044317186457103,-0.5706673224782616,-0.6148770254462295
743,-0.9717876842997146,-0.5260858912570319,-0.4767415703832024
751,-1.8642236330304809,-2.9729867651665076,-2.289941544748705
753,-0.9318485297158936,-2.2009437378917003,-2.8169694446238123
758,-0.6802287360282522,-1.4582875508189297,-1.2377936557102431
760,0.3153980634108377,-2.0273027896915146,0.0587589376105276
771,1.08644128001555,-0.4237058378504386,-0.2397462666644228
780,1.852106474703754,1.5170180891110088,1.6073824902875264
799,0.2276979207411893,0.8464572870269791,-0.663678116837046
804,-1.2413998612493682,-1.1362210149063203,-1.581336254318025
805,1.931003986380367,2.192359499011412,2.282075332983743
811,-1.5813055271369951,-1.1053971197799954,-0.9840013855730364
814,0.7607249200941935,1.0875592313989146,0.0571484389335498
817,1.086656605740084,1.2298936558190154,1.9309583076591428
819,0.3153744588139164,1.563655239380324,1.0096698302631344
820,-2.112966285356475,-0.3694632982259492,0.1409562071166096
821,-0.7435641372321116,-0.426145587797064,-0.8809351800866101
824,-0.1727953593570654,-0.4938567279454151,-0.7015321790713759
832,1.4167344594377156,1.9889217794048009,1.9501796310015147
833,2.6230538013124938,2.2337201683360117,2.197606900976379
835,0.141836905811966,-0.0983102002391209,0.1415313116351159
839,0.0588451149918063,-1.0965798904327548,-1.0302815236719585
840,1.414522808775554,0.5837813885766285,0.227206168116051
849,2.4368075274416863,2.4314838373031287,2.376640881497599
860,-0.3039212792602693,-0.5241193516711303,-0.8637207183971998
864,-0.0215272425099017,1.3608478390351424,0.7606015404554227
867,-0.1704661566249491,-1.0912922252650594,-1.7148705789113443
872,2.1242200325550864,1.567820008560811,0.9297562024966072
874,-1.4126884141708362,-0.0983178820343783,-2.0274349989800067
876,-0.6450539721374835,-2.7325087827082024,-2.2008687447334014
878,2.282070623837225,2.179733335367448,1.2301886838483658
882,-1.6452967064256467,1.159584450104538,-2.0273017301335483
886,-0.8580124087167873,0.4940107519116947,-1.0786097873202058
887,-0.240700692934951,-0.309347157878267,-0.0219755826905776
897,-0.5752685412444665,-1.7865701601352504,-1.062475898163674
903,-0.8348359909426408,0.6730553280125804,-0.3057800382552411
906,2.1597507784904475,0.4939902671243415,-0.4328814921120276
907,0.3153451443768421,1.159408681210755,0.3151003864865709
909,-1.273803321846481,-1.0797836598184711,-1.2738106210235838
918,-0.2434430644096871,-0.7632048100719081,0.3151199294446205
922,0.5838725694260827,-0.3072367538662416,-0.8068289895346987
926,0.0588975042468187,-1.1293197606842449,0.0580352889515453
930,-0.0980315364939204,-0.696328483872529,0.2274384467680496
932,0.0583319946143427,-1.310159110251789,-0.5301526513256138
935,-0.4225228119486289,-0.3085525482676921,0.5838162951251931
938,3.098665120388542,2.6966134954109955,3.0982582501293896
943,1.697048878221419,2.299000711941282,1.0870366338640838
945,0.5838709212248014,2.282075332983743,-0.2399327488665341
950,0.1419567241586824,0.2275647696233939,0.0585696004883397
951,1.0097617763488975,0.3150854938107079,0.141746725656147
956,1.9601237002461729,0.4940730303743947,-0.1715761907557303
957,-0.5213825428757186,-1.4623646121455194,-0.1708257588259271
961,2.4342662365232672,1.6335548670764015,1.718644788695474
962,-1.2685860584192292,-1.5792242021047185,-1.0571367267059382
965,-0.8801226168549354,-1.3134025349160368,-1.3169973796391872
969,1.5579103160857344,1.0097137430544143,1.0864868410081114
975,-0.4735390269971641,0.6728981602475432,-0.0981696027833939
983,-2.5591413181920477,-0.021960866607709,-0.3694542625510679
984,-1.1854584970185236,0.5837922784779515,-0.4863841070898819
1001,2.626968279355551,3.0978099393808796,1.6236290457745008
1004,-1.520308305475802,-2.1130588200855533,-2.3797275450041537
1005,0.5839344947027938,1.6643751714785064,1.996564959660782
1006,0.1419758256342459,1.086809182087266,0.5839196608912622
1007,1.4671185598627114,-0.1713412337766497,-0.021805376476119
1009,0.0586668149317699,1.612780584941068,-0.4827390510919837
1011,1.901929244863808,2.4367639678363955,2.074643786215247
1016,2.62693790536051,2.4367684415255875,2.4282328780044526
1019,1.2311976184898394,1.3895398446684537,2.199650435107849
1026,-1.6459976628848456,-2.81528592474364,-3.1824392421631877
1039,0.0585743684991891,-0.5772348159408764,-0.3066956729313276
1058,2.1431251367087767,2.5549392933327133,1.653570270250365
1060,-0.304786261179122,0.7606838327908243,1.0097197472162247
1064,0.9296401220349396,0.2275647696233939,1.0864477550920124
1068,2.3767249397629446,2.2681395556931334,2.379852283965524
1074,-1.0853583474664366,0.1414795698877498,-2.0273197426189795
1080,0.5839290203199667,0.1417632371011256,-1.0638552660431169
1087,-0.8420669442853053,-0.7524387593025398,-0.6999842531787555
1090,2.845933703233169,2.92761314321527,3.098217751469335
1091,2.438936061667806,2.927645165411592,2.3256031515359097
1097,1.7142535095674731,0.6729492544872633,0.4941419605065514
1106,2.556907481119896,2.844937483287294,1.70820225629189
1108,0.2273326087000584,-0.699960678014,-1.0864248514240924
1111,-1.1293517240162354,-0.9891444799426304,-0.7941397821917255
1114,-1.083924824402037,-1.7142973580514451,-0.239938811892676
1115,-0.4745881954092006,-0.6508801870738394,-1.787111711984816
1122,-1.6459098373022858,-2.027320684448283,-2.6466099474460067
1141,-1.14384059056538,0.6729554941063995,-1.7141365406978566
1144,0.0584811568302992,3.1864410214527976,1.0925654073334987
1152,-0.3654763287586812,-2.4696063154460064,-1.4634020371234266
1156,-0.0979173691230255,1.229115469356922,0.1416464502674801
1159,0.0587668548631109,0.1418626589569861,-0.8475545715870196
1163,-1.579678046100387,-1.3332929102499482,0.583841606787727
1169,-0.5225827277301531,-0.8000839023840249,-0.7761494297491494
1176,-0.5219486117193435,-2.2898991624300433,-1.4645311727297714
1186,-0.17057517336684,-1.787378014220407,-0.8541175913604426
1189,0.9294776564800696,1.2286147693533993,-0.5286167926209457
1197,-1.5796410793002211,-1.9438119765012791,-1.7144515825999085
1200,0.1419933377728596,-0.4735302562117744,0.3151835617869444
1204,-1.1025563860073653,-2.2899373065168387,0.3151662556734909
1205,-1.9438766095372384,-1.2093982085789006,-2.4695133098022763
1221,0.8465122663125764,1.362217376571229,0.314922145290866
1225,-0.8647563185808316,2.0043390541899617,-0.1711414482356251
1228,2.2734069715308016,2.4999166835875233,1.950165503561961
1231,-1.462365789432149,0.4041059634353302,0.1414564067733145
1237,1.3563842745080903,2.6229775131389026,0.6728428277759573
1240,-0.3648390635061377,-1.1331211603465394,-0.4394520465198792
1242,2.124267594934918,2.0747445619507316,1.419515799099888
1253,3.1874617289605665,3.3653184228522957,2.927655525533931
1254,-0.0215369845567608,0.9297114656046864,1.9673969770431672
1257,-1.1704420883307045,-3.189003792409229,0.1416703786182245
1261,-0.680226175429833,-0.5225790781416016,-0.4745876950623831
1262,0.1414382471270546,-1.300683130171017,0.2275147349416406
1264,0.2276405868823331,-0.4296674701813517,-1.0638489086953176
1265,2.337814910286293,1.9464224384521576,1.6283637394123245
1266,3.0125482516425643,3.455806556853573,3.0982796767460465
1269,-1.3628370359456852,-2.3797932375980793,-0.9222064344917004
1273,0.4043165800133462,1.4694959724823051,-0.3054117535653706
1274,-0.901431916899041,0.6729359511483499,-0.953572882161226
1275,0.3153980634108377,-0.8809228185770004,-1.1999305872331978
1279,2.1013538298078105,2.1539163814120164,1.363600806089544
1283,0.1418389660635676,0.1414483423599025,0.3151199294446205
1284,-0.9427114123105376,-3.4618234867809305,-3.3022408714094844
1288,-0.8637144199137321,2.0419488883130037,0.4940517214864009
1292,2.625798998275141,3.096592860463312,2.6944630636535676
1296,2.2858200462948277,-0.7040934838624963,1.884716372511348
1302,0.3153604491030254,0.673019303041718,0.227573834730441
1303,-0.8963027733760065,-0.8938142248985887,-1.2774079380486565
1305,-2.379826672538357,-1.7871525638308594,-1.645287523589937
1306,1.4145259874494536,-0.4328676884262968,0.5837418317458778
1312,-3.7249795415831186,-3.655779575330948,-0.7990204005072745
1313,-1.9441557441970907,-2.558531954632623,-0.9427400792399656
1316,2.6944583545070495,1.9115759315058567,1.8790489146769784
1322,-0.9318445858056849,-0.5233001367699991,-0.7226006945675847
1325,-0.4225199570285524,-0.621566662396654,-0.9620047855946344
1330,0.5839513887659271,-0.1705711705922997,-0.3645825621817374
1332,0.4044334845756546,0.8465520586006532,0.7608444146870867
1341,-1.1681937063257026,-1.714595917940684,-2.64687036324845
1342,0.058829133325811,-0.9014152582932335,-0.8014838139151526
1344,-1.643164640339639,-3.1325121644077605,-2.469528379071134
1352,-0.6528463440415864,-0.5847702744702589,0.3150479972315586
1353,1.2291503170411548,0.0584646453853206,-0.6528506117056183
1355,-0.6817704223017362,-0.6215764633078446,-1.1977074580263989
1362,-0.6450534423585002,-1.5191646892439146,-1.7141021639282754
1376,-0.979473600060346,-1.0571062938465658,-1.2391611918590597
1378,-0.7491882709185154,-1.3612839594240609,-1.787512224896169
1387,-0.3045250801403695,0.6728428277759573,-0.1713376724845955
1388,0.5836432339906579,1.159411153512677,0.8464734158538032
1390,2.7717286206043807,2.7693679254549255,2.4984269450865657
1391,1.1596526150003854,-1.6420386834071938,0.3152547876280286
1396,-0.5666803530109934,-0.0215373966070811,-1.0505645240968051
1399,1.6846741830015144,1.0106774698893155,2.233683201535846
1409,3.187446895149035,3.275863711054386,3.18600518994256
1416,-2.200909125664793,-0.6475999722024204,0.9306944999403116
1421,-2.379826672538357,-2.200958218517243,-2.2898866831917704
1429,-1.463836220432383,-2.027263350589427,-1.863938494208818
1432,0.3153048811741135,1.982818960974846,1.3578069076711674
1433,1.2946395935658337,1.865400159866639,1.365283619597738
1440,0.5839176006396607,-0.6653667873462221,-1.2897875778724048
1442,1.1597754059958414,1.2301853874458033,0.8463317882722754
1443,-1.013064295358969,-0.7382884215237054,-1.276354031057936
1448,-0.2397455602924451,0.4041358665157192,-0.0991377444431557
1451,1.5627429599711316,0.7606212011421354,0.2272529652595733
1457,-0.9523524479767642,-1.7871555070474332,-2.379757918999194
1458,0.9295668948065852,-0.6604368112887318,-0.3047838771736973
1459,-2.2008754552671896,0.5836096813217173,-1.125209087824383
1462,-2.815669484727528,-3.9542299769132954,-3.1142985984202327
1485,1.7811236255798817,1.4711449978642333,1.3587131829185497
1491,-1.2414098681857189,-0.952346855865274,-0.9318436439763812
1503,-0.0212346867824733,-0.0980204405674374,-0.0214284387295217
1506,-0.4752166604441886,-0.9167955662782286,-0.5706757695098281
1508,1.8336065926079337,1.967392738811301,1.1620122505918742
1512,1.2284256971207033,0.1415441146272116,0.7605735210336408
1516,-1.3640233876822232,-1.7869830345562128,-1.1628424088156832
1522,-1.5800253456560869,-1.2737953162974005,-1.276347202795485
1525,0.8463286095983757,-2.3795234035026,-0.7041040794421617
1527,3.4565112806299862,3.1871690555044747,3.275904680629092
1534,-0.526098988570785,1.9674492485695163,0.1415492358240499
1538,3.276258337532591,3.718781780429472,3.366289213406974
1547,0.494150966749267,-0.4759373364544315,0.9296184599609568
1550,-1.2378042512899086,-0.9014441606799876,0.5838194737990927
1557,0.3152420140680986,-0.3057784489182912,-0.6550768018576542
1559,0.7606532233384575,-0.708752654563038,-0.8842275798746444
1567,-0.0980315364939204,-0.4767498408217746,-1.1293341235811245
1573,2.626968279355551,1.0869383304305211,1.5144494851427857
1579,-2.81624517788935,-0.9305021258620764,-1.199938416189284
1583,0.5838865791369736,0.4941419605065514,0.0587594673895108
1591,0.7608083897162243,0.5837836254212245,0.9296684946427104
1595,-1.4118899783787155,-1.5800520700625764,-0.5819477297760545
1598,-1.3621049991194678,-1.9440263603965096,-2.3797228358576357
1599,1.0097115062098183,2.1212155970766253,0.8465590045917673
1601,-0.8733718787284404,-1.7869604306529263,-1.787660327554159
1603,-1.943813036059246,-2.200816355478389,-1.5813281310402816
1605,0.5838635043190357,0.4940904542165111,-0.098308610902171
1608,-0.8475559254666436,1.5677755071262165,0.8465887899434934
1611,0.058846380574933,0.4043327088401702,0.3151533055205666
1614,-0.0984638067121037,0.404064640674635,1.0098213470523498
1626,2.1864751849798907,2.32924308633697,2.018025717629771
1632,-0.0979221077017092,-0.0221655378882459,-0.8144277272204161
1635,-0.9221947204897368,0.8464383327122444,1.5702234392149166
1642,3.0130026842815476,3.01149858288371,2.625803471964333
1646,-0.6835139249356808,0.1411409528209424,0.0576703300964031
1650,0.8464505764931911,-0.7602249210196722,-0.2397514467255925
1654,-0.021230684007933,-1.1976845009371235,1.3570034095465398
1660,1.771235124264136,1.0097809661209582,-0.6714251337737479
1669,-0.7463342632391379,-0.0221535001324594,-0.5338207232771186
1672,1.3533272143172916,-1.346941665060288,1.832771896387625
1675,0.1418234258800583,-1.5796324851078258,-0.9196518990986992
1676,-1.0298234414444236,-0.6877095095936947,0.0583373807006726
1684,-0.4727111296071403,1.0868522707779054,1.3621673418894755
1688,-0.0210764300273039,-0.53185809816926,1.0872613778816536
1690,0.929601624762155,0.4044005205500289,-0.5225861418613786
1699,-0.0211536894623643,-0.0214019792125239,-0.3643501363689101
1702,-1.0751017674859804,-3.1206248658524647,-3.306744463681939
1706,-0.5653153480284302,-1.3535722610862435,-0.3043017488667551
1712,-0.2395700857203195,1.0098162847198429,1.086846619802084
1717,-1.076826433533853,-1.2705397655808697,-1.8636592418203028
1722,-0.989151013883424,0.84659185088873,-0.2410281552109439
1736,-0.4812343904829971,-1.055866375568386,-0.2397506814892834
1748,-0.91963794825214,-1.645250085875119,-1.2362604164683255
1752,-0.1708191071564705,-1.136211184562964,-2.1132099836887797
1761,-0.3654737092959305,-1.7141142899805593,-0.527279954220993
1762,-0.1706941676129158,-0.4759359531426418,-0.4735325224885361
1764,-0.0978102654719075,-0.7888361059258691,-0.4220355918770141
1769,0.5839766415641297,1.8077385444127825,1.884716372511348
1775,-2.2008840494595847,0.1417549077982219,-2.200954804386017
1781,0.1419164903881196,0.3151420624332549,-0.0980309184184399
1788,0.4044005205500289,0.0586904195286912,0.4042308735467192
1808,1.0864843687061896,-0.8056185622865877,-1.0206679776485303
1816,0.6728914497137553,-2.200538869019818,0.5837536634765041
1818,-1.7873050224493785,-2.7323241841646984,-2.2007932806604513
1822,0.4941874626347812,0.3153396111296835,0.5838865791369736
1836,2.9276602346804492,3.1864153566042748,2.9282660663799853
1838,-0.4220282926999112,-1.1471290464432051,-0.942708881144284
1840,2.4367684415255875,1.0865756084199751,0.6730573882641819
1844,-0.0980298882926391,-0.3662731163495206,-0.4261554770047517
1845,-0.2413930552017546,-0.4767463678262176,-0.8283008728623369
1848,1.6883608560817651,1.3570543860575968,1.3557212266783614
1852,-1.3179186064267638,0.5837812708479657,0.4040292632114189
1858,-1.1999315879268329,-0.7172074856535555,-1.411401875342129
1863,-0.2395707920922972,-1.3603853365397705,-0.2394130356839454
1868,-0.0212240029063106,-0.6930929470286991,-0.4212216747657156
1873,0.7606740613117995,0.9299157248349031,1.3596328792335075
1881,-1.714308660003088,-3.1172976183801975,-2.0271674017291232
1884,-0.3078552413970447,-0.0215234751926874,-0.6999833996459491
1885,0.8465006111749445,-0.4730949839126859,-0.7841549199653559
1889,-1.221785912816061,-0.9976951715969542,-1.0053015616457637
1890,3.276202534146353,3.5445937471325615,3.365681262591505
1901,-0.8467410665260415,-1.139076817947808,-0.477675129248223
1903,1.0100480924571895,1.8654041626411793,1.94805368680598
1904,3.276526523426789,3.3657052792387465,2.9283350553764733
1910,1.4180501949748348,-0.5250462000023628,-0.7602394310773807
1911,-0.021230684007933,-0.8551475994325841,-1.5806320014562636
1912,-2.113151825729283,-1.3621234825195507,-1.0012544033995625
1914,-0.6931068095787614,-0.2413924076941084,0.4041059634353302
1916,-1.1704420883307045,-3.0462478993757705,-2.2008322488478873
1918,-1.0571256013472896,-1.3634552291548308,-1.714452406700549
1920,-0.239566553860431,0.7606760626990696,-0.6550732699977657
1926,-0.6835123944630623,-1.2763410809050115,-0.8723608838353649
1936,1.229159028962213,1.0095954257481503,0.4941101149032237
1953,0.1419182563180638,1.086772568473089,1.606310453082712
1961,1.7219946400710275,-0.6312600873178933,0.6729906949766213
1965,0.3153373742850874,-0.6116109380143644,-0.3045320261314835
1966,-0.8283166485031721,-1.9432520589802935,-2.113017379596195
1969,0.672953433854798,0.5837836254212245,0.7606294421485418
1974,0.2276321104186008,1.010059041222844,0.0582141482227307
1985,2.928930762410996,3.186802919362703,3.1864365477636056
1991,1.760721954662782,0.9295726635110696,0.9294590553513238
1995,-0.2392721144743953,1.1597807037856742,1.5221548261328035
1996,1.570318210788591,-0.4220279983782539,-0.1708244638106347
2007,1.29425462083799,-0.7632024554986492,-0.4812222644307133
2013,1.0097464716227142,1.9716359152813123,0.7607313951706556
2022,2.373098661486787,1.689814687340523,2.3292515628007022
2023,1.3570934719736958,0.6730645108482904,1.524352937998726
2027,-0.3040957825709257,-2.2897830819683755,-0.9890328731701544
2028,0.9297028714122912,-0.1711503956140092,-0.9891221703610016
2041,-0.4735325224885361,0.4941494362766487,0.1419164903881196
2057,0.3147968231291567,-0.1762650290793352,-0.1835788045363844
2065,-0.90595764216013,-1.5796799297589943,0.1409862573578273
2068,-0.9976894028924695,-0.9840000316934124,-1.069818046228494
2071,0.4941419605065514,-0.0981509722224822,0.4043045716897254
2072,1.0099396643586136,-1.1330636498946889,0.2274958394912372
2080,1.5568599409549029,2.492636107613426,1.6970526455386334
2082,3.276202534146353,3.275899736025248,2.847562126099081
2084,-2.646542371193474,-2.0271079487543338,-0.0223425429329899
2091,-0.8723621199863258,-1.4042106554232094,-1.0698290538584796
2092,-0.568425091795899,-0.5360035009846918,1.1611772011855763
2093,-2.200851674077274,-2.20077326678775,-2.2898866831917704
2095,-3.927580445853488,-4.366034950701521,-0.8847532972190435
2096,-0.6508820413002809,-2.2007481905825417,-3.1179696135883113
2097,-2.1132099836887797,1.1608141259890412,-2.379808306866937
2109,1.8944706631513315,2.7672455131192795,2.4282773794390473
2112,-1.1656816709800264,-1.786982092726909,-0.3654667338726508
2116,-1.3200682140835511,-1.6405146858653177,-1.5808908867860887
2119,-0.722601106617905,-1.358133658132206,-4.258565634356468
2126,-1.5199342815136128,-1.645842731964405,-1.411375857307617
2128,-0.9330421806295344,-0.7435641372321116,1.2968912719733978
2130,1.2942494407768204,1.1600392359295104,1.4109150138994793
2135,3.1864459660566418,3.012028597324307,2.558535668528482
2137,-1.5814759982409456,-2.646647856075476,-2.0273197426189795
2140,-0.0979077448048294,-1.0913057640612986,-1.361302207366818
2142,-1.0273970537010428,-0.1711409478888076,0.3151662556734909
2153,2.242510025769117,2.139460243431172,2.2821205407903156
2155,2.3215723575738587,0.4041554094737689,0.1413185170768354
2157,0.7606782995436656,-0.4225195449782321,0.8464827164181763
2164,-0.0979077448048294,1.159362060660227,-0.2404072542425504
2172,-1.864143930725664,-1.863938494208818,0.4037904506186267
2174,3.0978099393808796,3.0972366007923173,3.0108134020653465
2177,2.28216103945037,1.989493705249408,1.2294431082259092
2182,0.4043653196798071,-0.1711517494936331,0.0585721316545931
2183,-0.9427193001309552,-1.2897668576277257,-1.6426525206558102
2189,0.3152716816911619,-0.5233077891330908,-1.0206668003619008
2191,-1.7876179452354972,0.3150087347224651,-1.0965798904327548
2196,0.6729789221103264,1.4660393412094572,1.0097687223400116
2203,-2.0274093341314834,-1.1704211326286993,-1.3187150408316144
2209,0.8464636443747784,1.357803493539942,-0.4205851158851498
2225,2.3324255275538097,2.282165513139562,1.4683002024527314
2226,-0.9946274569621584,-2.5604090204346837,-0.1721029087937646
2229,0.3152935792224704,-1.001208548085344,0.4043045716897254
2230,0.8464116083057549,1.0107284464003723,0.6731508648225635
2231,-0.4745898436104819,-1.8637827391877364,-2.1130512854511245
2234,0.4941125872051456,-0.240410668373776,-0.2407114651076109
2238,2.4984227068546994,1.8198645966965383,3.186410412000431
2259,-2.7322490732777367,-3.3022156774756133,-3.0459964309517114
2261,0.404386275381812,0.1402880675222078,1.2350632391377727
2263,-1.0052937326896774,-1.5787240907445106,-1.9441285488759497
2266,-1.1628076199957815,-0.5318546546058688,-1.19770551550346
2272,-1.1891014927648202,-2.027093468128791,-0.7294883805612555
2274,-0.0212200884282676,-2.1129673449144417,-1.6450322878486632
2279,-0.0216660740356844,0.3151590153607196,0.22698177728447
2289,-1.4628967457020492,-3.1850966135432746,-2.289987694384581
2296,0.494150966749267,1.1598169642138625,0.7608265199303186
2312,1.842411990224548,1.5221548261328035,1.355680139374992
2318,0.3152132294100077,1.0098636116423485,1.228348820303797
2324,1.0864843687061896,-1.3944236362149258,1.6596725000370052
2343,-0.0981620092846337,0.8465099117393173,0.8466158675359716
2344,0.2274147244424654,-0.6400097698447668,1.5636072060858408
2347,2.3826961375477222,1.2946423013250814,1.4670732343274762
2352,0.5838908173688397,0.2273997140379394,0.4941125872051456
2362,-0.0978187125034741,-1.0012217925599256,-0.9222018430738452
2370,-0.6131471499050212,-1.189114737239402,-0.1711515140363073
2373,2.153768749668678,-1.78577772850494,-1.1034879729172815
2376,-1.2738225116185418,-0.6999765713834981,-1.4617471253083514
2381,-0.3651396247826468,1.0872586701224056,-0.170983956716765
2385,-0.0978153866687458,1.5169230820800088,2.05419549474762
2389,-0.7172043069796559,-1.5191551532222156,-1.1518144117712532
2392,-1.943970557010272,0.4039844674551667,-0.6673176984521172
2398,3.3662720250221834,3.010803041943007,2.5568260128851357
2400,-1.0206526140580154,-1.7863476529622766,-0.5225822568155013
2404,-0.7071457760424458,1.4670256719476449,-0.9136532705354544
2406,-0.6508851316776834,0.4041735985521944,-2.113010669062407
2415,-0.6439912060648763,-1.6452560900369293,-2.8962488680830325
2421,0.404059166291808,-0.7294907351345145,-1.4629214687212684
2424,-0.0213226595258619,-0.6575880131026897,1.4659315017541958
2425,0.6729887524536826,0.2266530788575162,-0.7723729296990685
2428,0.9296329405864996,-0.0984852627609262,0.9298057662637088
2440,0.1417699770670794,-1.0302689855693543,-1.518680588981868
2441,0.2273326087000584,-0.4252263035324261,-0.7990271699053939
2456,-0.7990146906671214,-1.2041275552030013,-1.2140433695685513
2457,0.929488134331072,0.0585743684991891,-0.4735353774086127
2458,0.9296684946427104,1.229397076318696,0.3149163765863815
2459,1.0095996639800169,0.4940105164543687,-0.4220331195750921
2460,0.0583212813060143,-0.6528540847011753,-0.7602420799722971
2465,-0.8801269139511332,-1.519956767688236,-2.2008322488478873
2473,-1.3134164268982649,-0.6168422994490044,-0.7435753214550918
2474,0.8463700500877338,2.041104773799659,1.466032630675669
2480,-3.0463286612385536,-1.2685994794868054,-3.2477094256461183
2499,-1.9443902596936853,-1.714276755535429,-2.646475265855593
2507,2.083285776447688,2.3292075322807593,1.6534999862385844
2508,-0.9427051726914012,0.494079387722194,0.7606691167079556
2510,-1.2773909851211915,-0.5233001367699991,-0.4752188089922874
2511,-0.1711503956140092,-0.2407086396197001,-0.0984892949676322
2519,1.0097090339078962,-0.6714174814106562,-1.944184705448176
2520,3.098284385892564,2.6244375840167975,2.6229775131389026
2523,0.929576195370958,-0.1711428609795805,0.8464286789618825
2524,2.442598835829478,0.7607245669082046,2.1012937881897065
2528,1.2942147108212505,1.3556832003202288,0.0578644057972747
2534,-0.5794500573272581,-1.0804952118573354,0.8463341428455344
2550,1.5590574641775103,2.2383617386014425,-0.0215347771443305
2577,1.0102935567194389,-1.3118698254531025,1.161180262130813
2586,2.5645056890266305,2.8476002701858767,2.927623974252261
2594,0.9302383013713836,1.1602910575395584,0.2274853027759033
2596,0.0587599971684941,-1.5129091767381146,-0.7524264272250958
2598,-2.2900326667338273,-3.181102550924064,-1.5809066624269237
2599,0.2273326087000584,-2.5594996842420645,-3.0519567976994977
2600,1.819918987338821,1.6283637394123245,2.550326448861042
2603,0.8463328478302421,0.2275147349416406,-0.2423065118975766
2605,0.6729610862178896,0.0587557295044622,-0.6550844836529115
2615,-1.3169992632977945,0.4041697723706486,-0.3686577104175544
2621,-0.1715659777942195,0.4940320607996885,0.4939637193108465
2623,-1.2345455807638093,-3.926645680269672,-2.5587337415609177
2629,0.4941376634103537,1.0870898472197366,0.7607289228687337
2632,0.6729655010427502,0.058356158422413,-0.3078626583028104
2634,0.4043800946270071,-1.8634376764766327,-0.6450567387610627
2636,-0.170700083478229,-1.411375857307617,-0.4212237350173171
2637,-0.9427058201990476,-1.1813335201261133,-2.113010198147755
2640,-1.7875044548044143,-1.9439849199071515,-1.7144422820355354
2657,3.3665538674412834,3.455796667645885,3.187152573491662
2658,-0.4208799967536715,-0.7648975716521216,-1.4629124036142214
2660,0.4044157075475492,0.7607669492268663,-0.2395693793483418
2675,-1.1251926646759014,-0.8359070863181517,-2.469579473310854
2678,1.7319770888598065,-0.4798790098186299,-0.5318593048880553
2686,-1.0853654111862134,1.4135672052183963,-1.7865968845417397
2700,0.4043309429102259,0.6729096976565123,1.6643187794489538
2704,-0.2394145661565637,-1.2737857802757016,-0.685487116191039
2707,0.5839513887659271,-1.580018046478984,-0.7130025415668371
2714,-1.1628228658576336,-0.6636655198701105,-1.0624824909687989
2715,2.8482896892361063,2.4947578135770945,2.5568260128851357
2718,0.9296701428439916,2.0650745650334192,1.0102097339114189
2721,0.3152720348771506,-2.1130951982424047,-1.1656923842883546
2727,1.41365397124299,0.2275147349416406,0.8464517537798206
2730,2.0302645539726325,1.2946370035352486,1.948178714646032
2733,-0.0981643344257269,-0.5413256017863,2.1309355109470283
2737,-0.0214260252919313,-0.522577577101149,-0.3057836584116267
2738,1.228428051693962,-0.704091394178729,1.3539195072205883
2753,1.5636519429777611,2.9283261079980893,2.622972333077733
2755,-2.4695121325156473,-1.944150681864584,-2.558696774760752
2758,0.8464159642662841,2.13087570478625,0.1416729392166436
2759,-0.6215738144129281,-0.8326091532829587,-1.4067565377594835
2760,-0.3654711781296771,-1.3628316204271895,-1.410845254223705
2780,0.4941343670077912,-1.713661152356868,-0.5675052188879461
2788,-1.2303608565749524,-1.3034984934167817,-1.254202146973104
2791,-3.2452394782974463,1.293794184037196,-1.2975204673695528
2792,0.1417549077982219,0.5838636220476985,0.8465050848641364
2796,1.0861927548080643,-0.3078595973575738,2.065018997104507
2805,1.0096693593484825,0.6729530806688091,-0.0214173722352045
2806,1.9966061646928144,-0.1742098103780672,1.3551708451790745
2807,-0.021543577361886,-0.021970049443419,-0.5684337742847914
2812,0.8464657634907116,-0.9305193731111984,0.3152132294100077
2817,1.230710575011219,0.4043694990473417,0.4940275871104964
2819,1.0862094722782034,1.7968947927258674,2.321484061076647
2820,1.1654745328405438,0.8483840343248039,0.9321080679963412
2821,0.4941931136106027,0.4042128021969565,0.0587501373929721
2824,0.6730203625996845,1.7309366029366624,0.92986769154042
2829,-1.516851791931617,-1.6431907761028135,-0.5772354928806884
2832,-1.0130632358010023,-0.5819548523601629,-0.7225951318882604
2833,1.820957118688706,-0.5820191027779673,1.7644678452604965
2841,1.7952164529068655,-0.0994074608099721,1.1592948375936831
2848,-1.4602203022785645,-0.7648992787177343,-0.7800121071805088
2857,2.6280078234493915,1.4671245640245218,2.1174595818138977
2871,1.0862463213497064,-0.426143233223805,-0.4752221936913472
2876,-0.9136377303519452,1.664378585609732,1.0872586701224056
2878,0.8464026609273707,1.7931896362455335,1.4114206585068456
2882,0.9303575605069512,0.4040879509498989,1.2938420996030164
2892,1.605249482372215,1.0105638617295696,1.7225220644810393
2902,-1.2722780292893128,0.2275126158257075,-0.4230798745495382
2905,-0.719737298027337,1.752032637507836,1.2955700031891202
2914,-1.7137203698743315,0.6728186934000526,-1.644491442371075
2921,-1.7141365406978566,0.2270062648463635,-0.5360176872885772
2922,-1.4642021211168286,1.16015578730583,0.7607913190600968
2926,0.8464046623146408,-0.8637127717124509,-0.6835139543678465
2930,-1.2391594259291154,-1.5811105684711515,-1.8642457660191152
2938,-0.4767445135997762,0.5838682134655535,0.5839635148182107
2942,1.8661161855946953,-0.0239233739869046,0.3142123591819459
2946,-0.1704681580122193,0.227573834730441,-0.6604460529887732
2961,-0.8723654163888885,-0.5260894819812518,-1.580365228306021
2968,1.08712869767851,0.930799631636325,1.8900563092053928
2979,1.4180603196398482,2.2733619991815552,2.004209552660718
2991,-2.113174311903906,-1.7142691031723374,-2.4695728805057287
3002,-0.5675033646615048,0.4940105164543687,-0.1709751859313752
3004,-0.8103229407937018,0.5838377217418498,-0.9014298566474392
3006,-0.8877247686718786,-0.3679405074028685,0.0580564506787104
3008,-0.0214219342208938,-0.1721006719491685,0.7607939090906817
3011,1.293253456288271,0.9296684946427104,1.1597807037856742
3013,-1.864155939049285,-3.63767337788403,-2.2899285945957804
3014,0.0586645192228424,0.4940880996432522,-0.1708215205940609
3029,-0.8056149126980361,-1.132974764754162,-1.787415098749236
3032,-2.2009177198571885,-1.6447431462524602,0.4939056202156811
3049,1.465117172592577,0.9296236400221264,0.9296211677202046
3051,0.5839307273855796,0.2274958394912372,-1.3118839528926565
3058,-0.9976931113453528,-2.1128932935854468,-1.2751603801442952
3060,0.8463660473131935,-0.752427869401217,-0.0214219342208938
3062,1.0864041954867212,1.294252030807405,1.23181840172957
3080,-0.6999761004688463,-0.7602295124375272,-1.362853282501172
3083,2.560085213190218,2.7683526334656525,2.428282559500217
3085,-0.0979201651787705,-2.1129489792430216,-1.362825733994042
3093,-1.7147720400204558,-3.6924506410956335,1.6334462035204995
3099,1.0098359454065555,-1.64260460508999,-0.2399442862755031
3101,1.931003986380367,1.4728134484755475,0.9300960851465412
3105,2.1976608207040096,1.8575403588708317,0.5842196335244565
3110,0.0588338719044947,0.7606235557153942,-0.3045320261314835
3116,-0.0979173691230255,-0.75242998851715,-0.9794771319202344
3117,2.928930762410996,2.5586091312141623,2.3256076252251017
3121,-1.2377850615178478,-0.6550704445098549,-1.2051802260427606
3122,-1.115162182592639,-2.55879331226437,-1.9443505851342715
3125,1.0865756084199751,2.6955828986955392,1.9137348397270169
3128,0.2276405868823331,0.2273276640962144,-0.7382928952128975
3133,-0.581948907062684,0.0584759473369637,-0.7427960165707002
3138,-0.5653188798883186,-0.4767467798765379,-0.0981620092846337
3141,2.7702603087200797,2.3798473393616804,2.3826563452596456
3142,0.5839363783614011,0.9296684946427104,-0.3662784141393533
3144,-0.6817636823357824,-0.2401680295994379,0.6728214011593006
3149,-0.4205872938654144,0.3151685513824184,-1.0797920774178722
3150,1.1594820261677723,-0.7149713768616662,-1.411396577552296
3154,-2.113148764784046,-1.5205850855623952,-1.3621325476265975
3159,-0.0980249436887952,-0.5338158375376061,0.92941737940464
3175,0.1417426640172752,1.4155143195749114,1.355680139374992
3177,-2.7322490732777367,-3.4586429292226977,-3.302234514061685
3180,0.6729866922020811,1.0103794986433914,0.8467129936829045
3181,-0.4740281601595518,-0.5720146681613825,-1.272272496042154
3190,-0.3039305798246423,-1.7138601137972522,-1.714473126945228
3202,-0.0979187818669809,0.6728960411316103,1.2278169222045934
3203,1.4136898784851892,1.0864041954867212,0.1418192465125236
3204,1.009976042515465,0.3150854938107079,-0.0218083785570242
3208,2.153768749668678,1.1596207105327263,1.2293938976447965
3219,-1.5160771373294115,-2.1129673449144417,-1.3634680615790922
3224,-0.8207025472269396,-0.6802246449572147,-0.8580086413995729
3225,-1.121643851859964,-3.6787915261629545,-1.5151442554042032
3226,-1.2378224403683342,-0.3686468205162316,-1.7146241728197915
3227,-1.3147812552878335,0.5837608449249441,1.2317666011178725
3233,-2.646682703759709,-1.863762960772361,-1.645712288605857
3236,-1.005285020768619,-0.8155965373861747,-1.078618087190944
3240,-2.1130496372498433,-0.6575926045205447,-1.7143304398057335
3242,0.5839091830402598,-0.4730928647967528,-1.6458769910053228
3246,1.7606211789272976,0.5837785630887178,1.5221020836918022
3259,-1.0045031258536428,-2.2008875813194733,-1.7134015606550654
3269,1.795178073362744,1.8616674548791752,1.4120980692334546
3274,0.672995639580465,-0.0232005788607286,-0.7463313494547299
3287,1.0102568253765984,-0.1736506286612248,1.5221020836918022
3293,0.6729247669253697,-0.7197402412439107,-0.8637356699373944
3297,0.1419695271507781,0.2274981352001647,-0.0215276251280563
3320,-1.4094806612914623,-0.6550713863391584,-0.9318552991140132
3328,0.6729590848306195,0.3152031636093255,2.1537190681729137
3336,-0.1705737311907189,-1.359324719015262,-0.7763460366162742
3341,0.5838411358730753,-1.141877347382041,-1.362125248449495
3343,0.058347534797852,0.846887820747384,0.2270300460362792
3352,1.565608946541964,-0.0978043496065944,-0.1706909006425189
3362,0.0586759683353142,1.5202091245202438,-0.5413206866146217
3363,0.5838373685558609,0.8463341428455344,-0.8144181911987174
3365,2.9283350553764733,1.4305606313431196,2.0179685014995776
3366,-0.7225986048838173,-0.1709818670329976,-0.6902383507060068
3367,1.4683029102119791,-0.2410334530007766,-0.3694504658016878
3370,-0.5200638052576944,-1.2577971682892488,-0.0216675456439713
3371,0.5838659766209575,0.8463344960315233,0.8464409227428293
3384,1.355763373539697,0.4940543115169858,-0.0984790525739556
3387,-1.2773909851211915,-1.0797827179891677,-0.9427011110525294
3390,1.0099354261267477,1.086770096171167,1.0868938289959265
3402,-0.1705731425474041,-0.6854777273301688,-0.7602223309890873
3403,-0.6508870742006219,-3.252761868945241,-1.044610455832487
3406,0.4043287060656299,0.3152267093419152,-0.0216629542261163
3408,0.6729318895094782,3.1868255232659894,2.1308808848474197
3410,-0.8938242906992708,-1.7147314236317384,-1.5806574308474606
3413,-0.5720202897050382,-0.0221504980515542,0.4042680758042111
3414,-0.8207081393384297,-1.4623343558791413,-1.1362256651885068
3417,-2.5588469965346747,-3.3602278888877324,-3.593824160082012
3418,-1.4027233892241735,0.227143654196025,1.2316972589353954
3425,-0.5241240608176483,0.4042638375723449,0.141285405890381
3428,-0.3045273464171313,-1.0638348401200952,-0.752427869401217
3429,-1.3200930548314334,-0.9754196135516942,1.29507577826206
3434,-0.0980309184184399,-0.5794329278067989,-3.1161714259904265
3441,1.086804708398074,0.2273301363981364,0.8463906526037499
3443,1.6195199622515888,1.6695717146610791,1.162488580762166
3456,-2.469473046599548,-3.2418371199382174,-2.113196209435215
3460,0.1418406731291803,-0.2407047545738228,0.6728105701223093
3471,-2.4695728805057287,-2.558531954632623,-0.4730995753305409
3479,-2.3797136530219256,-2.469485761295146,-3.0457200040511068
3488,1.086335677404885,1.9772965448532305,1.2941722107739255
3490,-0.2395656120311274,0.1415516492616403,0.3151662556734909
3491,0.058838433890184,1.159408681210755,0.4043287060656299
3495,-0.4723719827613498,-0.965758210826777,-1.4637997245468686
3510,-2.2899424865780085,-3.2442239508508472,-2.8956767067811
3524,1.573103906411292,0.1419164903881196,-0.4216035276839909
3530,3.0991117829357706,1.170027335694111,2.1469623847489396
3532,-2.4696077281899615,-1.7142875865724203,-3.0457077602701603
3539,-1.2773952233530577,-1.136219248976376,-1.020503451842059
3540,1.4136595044901483,-3.3227084703778353,-0.3054154325860877
3547,1.4156039110874157,0.4940564306329189,0.7607690683427992
3548,2.625798998275141,3.0125527253317563,2.4314791281566106
3549,-1.8637543665799656,0.1413040364512927,-0.8229880726251018
3553,-1.410843488293761,-3.5933923313463145,-2.379824317965098
3556,0.0587501373929721,0.5838142937379229,-0.0980355392684606
3560,3.01301116074528,2.558582524536336,2.153768749668678
3562,-0.3040979605511902,-0.4745836039913456,-1.1724155150433884
3570,1.0097115062098183,2.9288740171954544,2.6257698015667295
3576,-1.463422050996128,-0.8103154650236044,-1.7873050224493785
3577,1.293253456288271,3.0982796767460465,1.2941693852860148
3582,2.0129068753647448,-0.7352841037739077,1.2290696729070347
3585,-0.719739093389447,-0.776140717828091,-1.8637587225404948
3586,0.4941360152090725,-0.5232997247196788,-0.8877278296171152
3589,-2.379825730709053,-2.815491949903801,-0.241037220317991
3594,-0.4208845587393608,-0.9976849292032776,-1.714452406700549
3595,-0.1708292023893184,-2.1128932935854468,-1.5806486011977394
3600,-0.6817704223017362,-0.4812265320947452,-1.044610455832487
3602,-0.4727132487230734,-1.463799018174891,-2.11311497665778
3603,0.5839329642301756,-0.3050772864339322,0.4941150006427361
3624,3.099457905204841,2.62693790536051,2.3826563452596456
3625,1.913788523997322,1.9117016657178865,1.653574626210894
3627,-0.0210859071846714,-1.096584128664621,-0.4735371139063912
3630,2.2225700866681035,1.8984155151894295,1.088105845580987
3634,-0.6476095082241193,-1.1329828880319055,-1.714100986641646
3642,0.4941014029821655,0.7607245669082046,-0.1709795124597386
3643,1.6556591299170706,0.1419110160052925,-0.5260927489516487
3646,2.233724171110552,0.404150347141262,0.6730088251907154
3648,-0.3658549735708911,0.2275001954517664,-0.3054179343201754
3652,-0.794564076292994,-0.1708147511959414,-1.1390819391446465
3654,0.4043022171164663,-0.9304925898403772,-1.8635470464045123
3656,-0.6491436304310089,-0.7701774667280623,1.8026717382167792
3663,0.2275610023061796,-0.867394029274206,-0.5694871514965284
3664,-1.3634680615790922,-0.7524230425260361,0.0585862885263128
3691,-0.3651398602399727,-0.3648366206363815,-0.4759350407455039
3695,0.6729866922020811,0.8465301610693448,1.2945912070853614
3698,-1.1418748162157877,-2.200765496695995,-0.7495211192808382
3699,-0.7225951318882604,0.6729286519712472,0.6729146422603562
3700,-0.8444623693903304,0.1418313431326416,-0.840807129863087
3704,0.2276387032237259,-0.3050779339415784,-0.7336309578887765
3706,0.4043702642836509,1.2288724773965949,1.9636087041267916
3714,-0.3654732972456102,0.7606635834607969,-0.7941437849662658
3715,-0.6070803858780945,-1.580623995907183,-2.113232587592066
3717,-0.9840422374190798,-0.9168295309974894,0.3146011580913353
3725,2.3323902089549247,2.7710262514012265,2.4983923328596584
3727,-1.023296917556515,-1.31339029113509,-0.9717798553436284
3730,-0.7197500715872669,-0.6102659469045024,-1.3147575918265806
3735,0.9296305860132406,-0.0986700673295905,1.8076801509959597
3736,-1.2738070891636954,-1.9431298566281523,-2.9802348480296312
3739,-1.170426665875858,-2.379633362073794,-2.1130858976780313
3750,-1.092645751702985,-2.112805468002887,-2.5591860550839685
3754,0.141908043356553,2.018029720404311,-0.4731002817025186
3757,1.4100720766727637,1.009566817683054,0.7606454532467029
3758,-0.3043000123689766,2.1997142440431676,0.7606212011421354
3759,0.0586768513002863,-0.0981658354661795,-1.136231492757323
3761,-1.8642464723910928,-3.1925568434570324,0.4938128500292773
3764,0.2270152710890791,0.9296708492159692,1.612677219174999
3769,0.494215835242552,0.4043327088401702,0.141751199345339
3773,2.2918534048136427,1.9773043149449852,2.695625045556875
3775,-0.5794400798230731,-2.113010669062407,-0.7225986048838173
3776,0.4941076426013017,-0.579454207262627,-0.8771812839398154
3784,-0.4205828496083881,1.010456375460297,-0.3062210498266483
3785,2.242506022994577,1.8532602156006543,0.6731890677736905
3789,0.7607795461938018,1.010975087949251,-3.0542722850423805
3797,1.3539589463226764,1.3557300563280823,1.0098188747504278
3802,-0.021316155017234,-1.049524626816976,-0.9099918502534065
3808,0.4044005205500289,-0.4752163955546969,0.2274853027759033
3813,-0.8733752928596659,-2.200735593615606,-1.5782066732708493
3816,1.2942494407768204,0.7606762981563955,-0.0980373934949021
3817,-0.0218154128446353,-2.2008114108745453,-2.290094121095887
3825,-0.9891105740877012,-1.1999146938636995,-0.8877207070330067
3827,1.9463739342430224,0.5837444217764627,0.8464678826066445
3834,0.4044788689752215,-0.6116072295614814,-0.5675006863344227
3836,-0.5666862100119752,-0.7258221334040265,-1.1012583097696886
3837,-0.6070810922500722,0.5838984108676,-0.0984835556953134
3838,1.4711792569051514,1.842458610775076,1.2307043353920828
3842,-0.0211536894623643,-1.8623141918461097,-0.5653220879943841
3844,2.848260963442347,3.0983119343996943,2.8475673061602507
3851,-3.360229066174362,-0.6353898616533186,-3.2442025242341908
3853,2.499954356759667,2.109939310282036,1.1608198946935258
3864,-0.0212261808865752,-0.6963179177250293,-1.7142775796360696
3872,3.3665152524398363,3.455796667645885,2.8449315968541464
3874,-1.463396268418942,-1.232567915819259,-0.8809443629223201
3877,3.098284385892564,2.130870760182406,2.1539801903473346
3888,1.6713862665431136,1.5327432243497816,-0.8326393506850052
3889,0.1418241616842017,0.0583458277322392,-0.0988917504019236
3890,1.7307282232032428,1.760625417159164,1.1599537649202092
3897,0.5839478569060386,0.7607222123349455,0.5838937605854135
3905,-1.0558757349970904,-0.7495276237894661,0.4939458834184096
3906,2.074748329267946,2.242469998023714,1.5702772412138843
3911,2.442563281773267,2.197606900976379,1.967392738811301
3917,-1.5813379025193062,0.0580388502435995,0.3149637035088871
3929,-0.9101423074846552,-1.0964499179888592,-0.9599608394128436
3935,-0.4723758972393929,-0.6508765963496195,-0.9305021258620764
3937,-0.794572376163732,-0.4759354527958243,-0.714975997711687
3942,2.626899054901737,2.625803471964333,1.7023125267418728
3945,-0.5675000093946108,0.4043066908056584,2.2733057248806654
3946,0.4941245955287665,0.8464307980778156,0.7607770738918798
3949,3.276234791800001,3.275129790569561,2.21579786306062
3950,-1.8640083073059468,-0.7524264272250958,-1.1951783520245949
3953,1.5170210323275826,0.6729473119643246,0.6728663735085469
3962,2.626968279355551,0.930196154510048,2.624475492646267
3969,-1.787496213798008,-1.787271587509101,-1.4077443989702894
3976,-0.1711233768858624,-1.6447412625938531,-0.1005016898677524
3979,-0.2391587417719753,-1.6456740267903986,-0.6430601783661092
3988,2.9289062748491026,2.6956163336358165,2.492587603404291
3991,-0.2392741158616655,1.0097157444416844,0.2273947694340954
3992,-1.7146355925000978,-0.1715656540403964,-1.230366154364785
3994,1.6520592228614135,1.6195712919486345,0.6729578486796586
4008,-1.5199750156309932,-0.8326241048231533,-0.2423074537268802
4020,1.5156737455087932,2.228444746949263,1.355173788395648
4033,-0.0214197268084635,-0.3651349156361288,-0.1709735965944254
4040,-1.46452552175395,-1.864028909821963,-2.3797207167417027
4043,-0.1713490038684043,-1.405587727593725,-0.4283536183028399
4046,0.5839513887659271,-0.5772322553424574,-0.3658550912995541
4054,1.8113189085103896,1.6696319917365092,1.4120980692334546
4056,1.1600685503665846,-0.0983142030136611,-0.2399402246366314
4058,-0.5675052188879461,-0.1708207847899175,-0.1715741893684602
4068,0.404386275381812,1.4155174982488108,1.2941693852860148
4075,-2.732437674595781,-3.187524884945262,-3.046304644591312
4076,-2.5588347527537283,-2.02686707590994,0.2246712345454312
4082,0.141842733380782,-0.3045245797935519,-0.0984829081876672
4093,3.0125725037471316,2.619457897031377,2.4342111395090074
4104,-0.6788694114536762,-2.9735506854620337,-2.027494687412122
4107,-0.7435668449913593,-0.2410309806988547,1.3586699764992471
4108,-1.033367309656517,-0.7040953675211035,-0.524122412616367
4113,-1.1923564548380363,0.0584811568302992,-2.2008754552671896
4136,-0.6080064984051836,0.1411844829940678,-0.5706735620973978
4142,-1.2763599174910834,-1.2303499666736295,-2.289874203953498
4144,0.0588318999493903,-0.7294932074364364,-0.7763516287277643
4152,-0.472371953329184,-0.3645768523415844,-1.1741435363581552
4154,2.5568260128851357,1.7810195534418345,0.583876689929286
4170,-1.7144429884075132,-0.5568023589784159,-2.469579473310854
4179,1.354766447221844,0.8465074394373955,0.9298083562942938
4180,-1.0505817713459271,-0.800094556828022,1.3608514886236938
4188,-0.1708320573093949,-0.5675006863344227,-0.5219465514677419
4189,-1.646256430486008,-2.55869512655947,-1.5199574740602138
4198,1.6196167352125328,0.9298003507452132,0.4938482863568249
4201,-0.7649048708292244,-0.8103075772031869,-0.0983130845913631
4207,-3.0456962228611912,-1.5803563986562996,-3.0470501024851058
4213,1.2935433042564517,0.7607690683427992,0.9296329405864996
4222,0.4942100665380675,-0.4767486046708136,2.273366708328073
4224,2.7702311120116683,2.4342612919194235,2.7683578135268223
4228,-0.240165439568853,-0.0981426134874128,-0.4759380133942434
4232,1.463671817797551,0.3152074018411916,-0.099141747217696
4240,-0.9427084102296324,-0.6802283534100976,0.4041735985521944
4243,-0.6131541841926325,-0.2407021056789064,0.0584811568302992
4246,-2.2009081838354896,0.6728870348888947,0.6728646075786029
4247,-0.6835171919060776,-1.9440041096792124,-1.5800442999708215
4253,0.3152800404262312,0.3149830698739421,-0.0218054942047819
4256,-1.240213744970156,-0.7928007363793426,0.5838403117724347
4257,-1.5208246633914968,-1.7142875865724203,0.4040795333504981
4266,1.1592948375936831,-0.8408083071497165,0.3151662556734909
4267,0.3152397772235026,0.5838377217418498,-0.5286271821754509
4272,1.513484581021255,1.6883160014611815,1.3538801858471634
4273,0.2276405868823331,-1.645659075250204,-0.7112506213334917
4274,-0.6215991849397937,-1.7870089348620617,-0.2423016850223957
4275,-1.5181380953029986,1.83164476216855,1.2324555492534506
4277,3.1871650527299344,3.3660017200120524,2.8468187873212205
4286,1.520252213210883,-0.0215328346213918,1.468255112374822
4291,-2.1130877813366387,-2.8161622969106332,-2.7327993370483608
4292,0.1419567241586824,-2.7319472169859353,-1.0751110680503533
4294,-0.5684337742847914,0.3151420624332549,-0.0219637215277855
4295,0.0587520799159108,-0.8475471546812539,-2.2899217663333293
4301,-1.3147492330915114,-1.3059862177935588,-1.5186721125181355
4305,2.6280007597296144,1.5502414709812309,2.696617498185536
4312,-0.0976396766392943,0.2273809951805304,-0.5706765936104687
4318,0.4034472715661301,0.6737309728092451,1.1654290895766457
4327,-2.027481384073208,-3.1862633045931,-3.1841119310063686
4331,-0.5684288591131132,-0.5735401373115452,-0.0244236913722724
4334,-0.4208824690555934,-2.4695121325156473,-2.4696270356906855
4336,1.659774453059119,1.415563294698698,1.2955734173203457
4340,-2.558791428605763,-3.319232178418275,-2.379821492477187
4341,-0.9136329034767644,-2.4695844179146977,0.494074796304339
4343,1.086337561063492,1.22886988736601,1.3556767252437665
4351,-0.1708279368061917,-3.197130131097953,-0.7560926743823249
4353,0.6731203142345283,-1.0161564975556583,-0.6276332792627521
4357,-1.864130745115414,0.4940420088717076,-0.9977070033275806
4361,1.901929244863808,1.0097172749143029,0.0586822962509477
4366,1.9895827081185973,0.404215097905884,0.5839329642301756
4377,-1.2722925099148554,1.16015578730583,0.5837443040477996
4387,-1.4633742531589706,-0.8723565867391674,-1.6456927456478077
4395,-0.6835123944630623,0.2272343641308273,0.2268260222633885
4397,3.099744927685111,2.7710222486266862,2.927655525533931
4414,-1.1329873617210977,-1.310145924641539,-1.9442428634076732
4429,2.289020382268436,0.7606741790404623,1.0867232401633131
4434,-0.2401687948357471,0.3151835617869444,-0.3050837615103944
4441,-2.0273532952879196,-1.943567924982986,-1.7860972440961838
4444,-0.6116117915471707,-1.1205187190281598,-2.0272918409258605
4446,1.0865214532350185,-0.474020743253786,0.2274762376688562
4449,2.242461286102656,1.086656605740084,1.66432301768082
4450,0.2276870897041981,0.6729789221103264,0.8463323769155902
4454,0.5839494462429884,-0.9754233220045768,-1.4108365423026472
4456,2.019645428574625,-0.3050753733431593,0.9297562024966072
4468,-0.2401593176783797,0.7608021500970881,1.7967834214107177
4470,-0.3045344690012397,0.315310532149935,0.2275535265360823
4471,1.573103906411292,1.3570934719736958,-0.4787157034678642
4476,3.0125762710643462,0.7607817830383978,2.3826563452596456
4479,2.2890239141283244,2.438949718192708,1.8654079299583937
4486,-0.5286234737225681,1.7149043136162556,0.3152229420247009
4488,1.8847604030312908,1.8424084583646596,1.4120980692334546
4498,0.6730273085907985,0.4941460221454232,-0.097911600418541
4505,2.1796770610665583,2.0506808232439377,1.702245421403992
4510,1.6883608560817651,-0.4237028357695334,-0.4220356801735113
4511,-0.8156048372569127,-2.2898626665445287,-1.0217200009806433
4512,-0.5318625718584521,-1.234324250877465,0.2275839593954546
4519,1.8847126051941336,0.0582011392054748,1.3578069076711674
4523,2.848260963442347,3.0982582501293896,3.0114797462976384
4526,0.9295432313453325,1.1596847549253706,2.041053208645287
4555,-0.7415560099960232,0.7605739919482928,1.2937910053632964
4558,1.603327444220908,-1.3567992037376782,-0.3645822972922458
4566,0.3153623916259641,2.4367340647560063,1.086793170989105
4580,0.7607185627463942,0.9296075111953026,0.9296352951597586
4599,-2.2009452683643183,-1.2402593648270488,-0.5413329303955685
4607,-1.2722790888472792,-0.8144146593388288,-2.1128705719534975
4610,0.5838551455839662,-0.3654737092959305,-0.0214301457951345
4611,1.2389527587042848,2.3168234187678185,2.282075332983743
4619,1.2286510297815878,-0.3054096638816032,-0.6930990983513382
4620,-0.098476874593691,-0.1762650290793352,-0.1001075048720331
4624,0.9296684946427104,-0.0217880409304997,-0.1732073508130557
4629,1.5184866364526357,-0.5735460237446927,0.6728937454226827
4646,-3.1890435846973055,-1.9440809864961184,-1.1292171601544847
4647,1.6924845379588829,0.9298581555187212,0.404200087501358
4649,1.9156787754096325,1.8317568398556776,1.84384121619275
4651,-0.1724133004136299,-0.3686468205162316,-0.0217999609576233
4652,0.4043684983537066,-0.3054102819570837,-1.2377993066860646
4657,0.058588613667406,-0.2401579637987557,-0.2394130356839454
4660,-0.1706963161610146,-0.3667669292262605,0.0586881238197637
4666,1.1600365281702625,1.6098924653816011,1.6923928273304456
4667,-1.410226354642582,-0.7888479965208268,-1.0853583474664366
4670,-1.2414091029494096,-0.3648360025609011,-0.5694863568280535
4678,0.6729115813151194,-0.7112504447404973,-1.1390882964924454
4682,1.3543328525562026,1.6074309944966616,0.929601624762155
4691,2.4389805631024006,-1.3118673531511806,2.7672033662579434
4692,-0.2507058633556794,2.364356837348165,2.0548870329137827
4693,-1.8640553987711264,1.5799314624903615,-1.408709185363157
4694,0.1418347866960329,-0.3648365323398843,0.1417405449013422
4708,-1.8609564271763177,3.18646786358795,2.690032698609467
4709,0.6730224817156176,0.4940904542165111,-0.3667728450915737
4712,-1.94391498908136,1.090271111149947,1.3621673418894755
4714,-0.6450567387610627,0.4043045716897254,-0.7491965413570876
4719,2.928930762410996,2.109890335158249,2.7702603087200797
4722,1.0865563009192514,-0.6528432242320183,-1.361308917900606
4728,-0.953572882161226,-0.7941305404916841,-0.6400275763050378
4736,0.1419224651177642,1.3542147707072647,0.8464947247417971
4741,-1.7144938471899072,0.1415758425018764,-0.7087692543045138
4749,0.0585698359456656,1.010008417897776,-0.022894484337061
4751,1.4696713881900996,0.3150704245418503,0.315181148349354
4754,-0.9255133149052772,-2.112974997277534,-1.5160155652386893
4761,-0.7888321620156602,-0.7941187087610577,-0.8000896710885095
4764,0.1419146067295124,1.8076759127640931,0.404059166291808
4774,0.8465913799740783,1.086656605740084,0.8464286789618825
4790,-1.0217102295016185,-1.3568127425339174,-0.8056291578662531
4797,-1.862937329659099,-2.112723999768126,-1.7868146825681956
4798,0.493905737944344,-0.8326111546702288,0.7607990891518515
4799,-2.2008344856924835,-0.3673126015790295,-0.4812371571065763
4803,-0.4225281686027931,-0.9839986189494572,-0.9581147951134704
4804,-1.787142439165846,-2.4694996532773743,-0.1715656540403964
4806,-1.1656869099055276,-3.3784577014307473,-3.362435301318028
4815,-0.763830479051151,-1.2578157105536634,-1.344129245031097
4820,3.276534058061218,3.0987345802996815,2.9283303462299557
4822,-1.9442418038497065,-3.5752957876497584,-0.1727697533728739
4833,3.4558100887134615,3.545149661879007,3.365977703364811
4839,-0.5286192649228676,-0.4970388159762661,-0.6168438593537884
4848,1.6100190236942713,0.2275330417487291,0.929712642891316
4854,-0.6168327928594712,-1.3081698490339384,-1.714288528401724
4859,0.3153490294227194,0.0587709165019826,0.4041708907929466
4863,-2.5591413181920477,0.4940016868046475,-2.2007898665292256
4865,0.8464851887200981,2.694453645360531,2.4947968994931933
4868,-0.4261367581473428,-0.9580921323458528,-1.3535815616506166
4869,0.0589040970519438,-0.91680480797827,-1.0638658027584509
4875,0.1419850673342874,-1.4086899955910963,1.526799339614808
4887,0.4940644950463309,-0.1713444713148808,-0.1708279368061917
4890,-0.0212346867824733,-0.7129953601183973,-1.0302838782452175
4891,-1.3944217525563185,-1.710791633926147,-1.5168474359710875
4892,-0.1708317335555718,-0.621577758323137,-0.6902443254356515
4895,-0.4812265320947452,-0.3066913464029642,0.5837340027897917
4908,-1.9440851069993212,-1.353608874700421,-1.713437114711276
4914,1.2291562034743022,1.412095008288218,-0.7463266403082118
4917,-1.112293782584216,-0.8877144674138704,-0.7841578043175981
4925,1.0097773165324069,0.7607264505668117,1.4727093763375008
4929,-0.6244097801747088,-1.1292113325856687,-1.5175136624747163
4935,2.4983923328596584,0.7609828635947149,1.2961912573435026
4936,1.7023664464695034,1.8791534577296776,1.4710488135466038
4937,0.3152916366995317,-0.3667613076826047,-1.5809171402779263
4938,2.928930762410996,2.769397357620663,2.325611627999642
4941,1.1598489864101846,2.7683860684059303,1.0863697009884772
4944,0.5839091830402598,-2.2005881973295938,-0.3050791406603736
4945,-1.2278323392164634,-0.9427153562207462,-1.644729725184884
4947,-1.2217761413370365,-1.0950022086205742,-0.5413329303955685
4949,-2.5590906948669794,-0.3686462318729169,0.3148362622312446
4958,-0.5318625718584521,-1.3516445719591152,0.2273414383497795
4966,-0.8103019262273654,-1.580882998965671,-0.9305000656104748
4967,-2.0273197426189795,-2.027232976594386,-2.1130864863213463
4977,-1.4118812664576574,-2.8152564925779027,-3.2433176756034654
4978,-0.4740295434713415,-2.379668916130005,-1.2939225617011656
4979,-0.0978148568897626,-1.644088574886463,-2.6467851276964747
4982,-2.1130858976780313,-1.8636348719870723,-1.4629047512511295
4983,-1.8634918316615892,-0.9426998160372372,-1.7871804655239785
4986,-0.6835139543678465,1.1597314932045617,0.6728084510063761
4989,-1.1656923842883546,2.2622472361125316,-0.366287184924743
4992,-0.170569905009173,0.9297585570698664,1.2341168184163251
4995,0.6730609789884019,0.1414511089834818,-0.7140226015669595
5007,1.5619353413433008,0.9296729683319024,0.3152031636093255
5017,0.4044334845756546,-1.183985534852036,0.9297519642647412
5027,-0.4220331195750921,0.7608621917151921,-0.5720237627005953
5028,-0.1708267300873965,-0.2406962781100904,-1.1054022998411652
5031,2.9294311092285295,2.21579786306062,0.6728926270003848
5037,-1.6436432073545268,-2.1128323101380393,-2.3797774619572443
5041,-0.3043049569728204,1.5799314624903615,1.2297740434974591
5045,-1.0302729883438948,-0.6508870447684563,-0.4767521659628678
5053,1.567812827112371,1.7082552341902169,0.8463309641716348
5056,0.6729789221103264,-0.6276243613165338,0.9295225111006532
5059,-2.2008134122618155,0.4041358665157192,-2.1131686609280846
5060,-0.6902401166359511,-0.3050728421769059,-1.9439161663679896
5061,0.8463865321005468,-1.3006728877773406,-1.231090421099248
5066,1.355173788395648,0.583841606787727,1.2287771171796062
5071,0.0588597427781777,0.7606120183064253,-0.5301403486803355
5076,0.2276812032710506,-2.2008008152948797,-1.412310151976781
5077,2.5527930998071513,2.6148895539943005,2.2680889323680655
5082,0.0588519432542574,-1.407747577644189,-1.308203401702879
5083,1.0143318853159182,-0.3694352493720017,-0.0994074608099721
5086,-0.1709854577572176,-0.7888335747596156,-0.8580177065066201
5091,-0.1706951977387166,-0.7225933070939847,0.3150977375916545
5100,0.8464046623146408,-0.942697343735315,-1.1122974321727674
5105,-1.580917964378567,-1.9440544975469545,-0.5338195165583233
5108,1.7266192574089934,0.0574186556471837,1.0872613778816536
5109,0.5838865791369736,-1.3990959336613862,-0.0215347771443305
5110,-1.4645387073642,-1.943981976690578,-1.4960703283478436
5123,1.5604437191837357,1.5618848357468955,0.3152375403789066
5124,0.1419162549307936,-0.0216697530564016,-0.3651394481896523
5125,1.6755031201577804,-0.3667607484714557,-0.3738694111654819
5127,-0.3645845635690075,-1.04097464153463,-0.7226038438093186
5130,-1.4617135726394108,1.6813897887625606,-1.5787503442363482
5135,0.5839747579055226,-0.525042373820817,-0.5318686937489254
5142,-0.1704595049554925,1.682138307601591,1.4768397687484065
5156,1.295660771988254,-0.0981557108011659,-0.927350411826266
5168,0.8464159642662841,-2.469531440016371,0.5837813885766285
5171,-0.9840168668922142,2.622972333077733,0.5836943282303777
5172,2.041149746148905,2.2158571983067463,3.012520703135434
5174,0.7614301147852585,0.2269914310348319,-0.6942805054840323
5179,1.5221945006922173,2.222469075475294,1.7872120811129568
5182,0.0587480771413705,-1.2751434272168305,-1.2019013650509656
5190,-0.1711475701260985,-1.7142691031723374,-0.6116153822713907
5192,1.931048487814962,1.6520147214268186,1.3546404775524887
5196,0.5839307273855796,1.2930333036885562,0.315185739767209
5200,1.08676503383866,1.355129640147042,2.0179531967733944
5206,-0.2397378490650219,-0.776152490694386,-1.0217299490526626
5210,-1.465091796622735,-3.0463178302015623,-3.3035264684088887
5213,0.3153845246145986,0.8463328478302421,0.1418990665460031
5217,-0.8014815182062252,-1.1628076199957815,-0.6462532151626144
5222,-0.7415589826447626,-2.026824929048604,-2.1130216178280614
5224,0.4941640934951858,-0.6476082132088268,-0.9564278611020728
5232,2.019645428574625,-0.8229717083409518,1.0873058793162482
5236,1.230234480298253,-0.2449424566610067,0.1409627410574033
5237,-0.0215159994225901,2.4367684415255875,1.5798782491347083
5257,-2.379825730709053,-2.469582298798765,-1.4623666135327895
5261,0.6729327724744503,0.0583390877662854,-0.305086822455631
5264,1.5125609996604192,0.4043327088401702,-0.3078586849604359
5266,-1.5806574308474606,-2.2899907553298178,-1.944217669473802
5272,2.847562126099081,1.4746413036964954,1.8076759127640931
5278,-0.474593640359862,-0.8905758037025167,0.2273973594646803
5279,1.7445592219838275,2.4367684415255875,1.2968912719733978
5280,-1.6454830708990953,-3.3035264684088887,-3.0463178302015623
5282,2.626968279355551,1.9463273136924943,2.1469623847489396
5287,1.086802471553478,-0.4759329216295709,0.4043844505875363
5288,-0.5233069061681186,-0.6102586477273997,-0.690243825088834
5294,1.159584450104538,2.08329025013688,0.7605754046922482
5297,-1.863903293338596,-3.3583023188765373,-3.1817043798490596
5308,1.5656510934033,1.2951185137667105,2.4947968994931933
5311,1.6924362692070738,1.5202091245202438,1.087787507276373
5313,0.1419695271507781,0.2275647696233939,-0.0213116518958762
5316,0.8464046623146408,0.4043066908056584,0.8465805489370868
5319,-0.021230684007933,-1.5803853599073852,-1.5776069634617866
5325,0.8463865321005468,-1.5806231718065424,-2.0272030735139968
5327,2.00427312613871,2.321433202294253,2.2283844698738333
5346,-0.8170363589340421,-0.022387456417905,-3.3108503685309514
5356,1.7220353741884078,1.0095277317669549,0.3151533055205666
5357,-0.4215983181906554,-0.3658497640775556,-0.7941187087610577
5361,-1.113110230861768,-0.3078485308632566,1.9481266785770084
5374,-0.712998185606308,-1.2763410809050115,-0.9717807971729322
5377,0.0589558093671442,1.159540772770584,-1.4648220802559186
5378,-3.055790984794424,-3.3830196871200244,-1.943771477841225
5384,-0.9657622136013172,-1.7875994618354143,-1.863808992679574
5388,-1.033367309656517,-0.7140276933316321,-2.0272925472978383
5390,-0.6963298966164844,0.0583433259981516,-0.5847937024741857
5391,1.7645142303536985,3.0114797462976384,2.7693396705758175
5394,0.929708051473461,-0.3054091046704542,-0.171575219494261
5399,0.2274782390561263,-0.2467980958464103,0.2268979544764502
5401,2.3827001403222625,1.6434343032851002,1.697048878221419
5408,2.385129824468206,1.3551264614731424,2.268083281392244
5409,0.0588318999493903,0.7606762981563955,0.7606715890098774
5417,1.2938743572566644,2.7683578135268223,2.3826563452596456
5421,-2.1131734878032655,-2.469558046694197,-2.9725688284130385
5422,0.3153863494088743,-0.021532481435403,0.058350566310923
5423,-0.1705791172770488,-0.5286234737225681,-0.7941308348133413
5426,-0.6854822304515266,-2.3797341378092787,-0.2401672054987972
5431,-1.7874378203811851,-1.1418760523667484,-0.800094556828022
5433,-0.7463335274349945,-3.9158153496503334,-0.171560886029547
5435,1.963649438244172,-0.7989975611466622,0.0583317885891825
5436,-1.1923215482894722,-3.1180148213948837,-2.3797228358576357
5443,-0.8905883418051206,-0.098476874593691,0.4038559666195578
5454,1.865497403742235,-0.6244131648737686,2.1924049422753105
5457,0.3153294864646699,-0.0213204226812659,-0.6080101185615692
5458,-1.7141365406978566,-2.7323114694691,-3.787503586274098
5459,-2.380024692149437,0.0574186556471837,0.0562430172189741
5462,3.4563273884584595,3.2759089188609583,3.0982796767460465
5466,-1.0179964788288896,-1.64584214332109,-1.787415098749236
5469,-0.9221947204897368,1.7445071859148042,-0.7677013974889171
5477,-0.97543262256895,-1.6444357567135002,0.1408070743328188
5478,-3.117320222283484,-4.5752029952485165,-3.3035436567936793
5480,-0.3047887923453755,-2.3798106614401955,-1.9443621225432408
5494,0.1420381629612774,0.8464409227428293,-1.863998771284248
5497,0.4940904542165111,-1.213998926998288,-0.1713476205566147
5514,2.05073639117285,2.7702603087200797,1.8316490004004164
5515,0.0587423378690518,1.414476659139678,-0.6102633274417518
5516,-0.711253270228408,-0.7336234821186793,-0.965790821666414
5517,1.357810086345067,-0.9642849543386324,0.7606120183064253
5519,-1.4102050457545885,-2.469560401267456,0.1415545924782141
5522,-1.2705595439962447,-1.519175520280906,-1.7139401692880576
5524,-1.944104532228708,-2.5590146421507143,-0.9946066189888164
5531,-2.815984762086906,-0.799025050789461,-0.1000869612203485
5535,2.0650745650334192,2.556903713802682,1.468255112374822
5536,-1.4102175249928608,1.5885338958920514,-0.2422977999765184
5541,2.130931272715162,-1.710717935783141,-1.7064914767832686
5547,-2.2900326667338273,-2.3797423788156853,-2.558936941233168
5557,0.1420246830293698,-0.8723608838353649,-1.1682081869512453
5563,3.186000716253368,3.544893719765756,3.0125527253317563
5582,-0.3641472898826489,-0.5735497616297414,1.2291125261403482
5583,2.848873387947008,2.3255584146439894,2.1469675648101094
5591,-0.5666810005186396,-0.5794387553756148,0.7606691167079556
5602,3.1859953007348727,2.0808610369055884,2.5585787572191214
5608,-0.8144301995223382,-0.100084106300272,1.0104596718628598
5609,0.4044193571361007,2.1864255034841262,0.5838077009327978
5620,0.141746725656147,0.0583587484529979,0.7606635834607969
5623,-0.9427027003894792,-1.519554606575602,-0.6181350190325168
5627,1.0097503566685917,1.295123811556543,0.3149468683100853
5634,0.8462923491701875,1.159411153512677,0.7605900030464539
5636,2.0650700913442273,0.4041554094737689,1.4710488135466038
5644,0.1414511089834818,0.1414245317378211,1.0866259962877172
5652,-0.4735301384831114,-1.5808753466025791,-1.412317097967895
5656,1.3557574871065496,0.583839487671794,0.1416519835146387
5662,-0.0213182152688357,-1.2773812136421667,-0.5204498669756702
5665,1.2938743572566644,-0.822966646008445,1.29507577826206
5666,0.5839008831695218,0.2269757731226596,-0.3694504658016878
5667,0.9295209806280348,1.0098636116423485,0.673014711623863
5675,-0.0979078036691609,0.5838722751044254,0.0584781841815598
5677,1.471181964664399,0.6729417198528345,0.7607342206585663
5688,2.147018894507155,1.843896077749684,0.7605394974500486
5695,2.847632292382199,2.846851986804172,2.0650745650334192
5697,2.847562126099081,2.3827001403222625,3.011997516957289
5700,0.3153490294227194,0.0587728001605898,1.086767741597908
5701,0.2276238694121944,-0.8068145089091558,0.1416729392166436
5726,2.9283303462299557,2.496740364261157,1.796903033732274
5728,2.9294311092285295,2.49670575203425,2.1720706121534175
5731,-0.0991062520258169,1.1597779960264265,1.0109717915466885
5734,2.694496498593845,1.43360297545105,2.376636407808407
5741,2.2337284093424183,1.853310132553745,1.6924432151981876
5749,-0.0979158975147386,-1.360386278369074,0.494076915420272
5750,1.905179026875855,0.929895357776213,0.846663665373129
5754,0.7606821845895428,1.009982988506579,-0.3694473754242854
5772,3.2765145151031683,2.4368075274416863,2.3323949181014427
5775,-0.7149700229820424,-0.1706854556918575,-0.7258284907518257
5779,0.5839381442913454,1.08684167519824,0.6729318895094782
5780,-0.1704668041325953,-0.4244175370501315,-1.1252047318638538
5787,0.6729473119643246,1.2301886838483658,0.1411315345279065
5789,-1.580632943285567,-2.1126016796873217,-1.5191580964387894
5792,0.2276025605242006,2.215853195532206,2.080915663005197
5793,-1.2751427208448527,-1.8639138889182616,-1.2738023800171774
5796,1.7606802787160982,1.488875169961692,1.5840198257685945
5799,-1.8643601982795015,-2.289876087612105,-2.1130858976780313
5802,0.929601624762155,0.8463328478302421,-0.3047874090335858
5821,1.6556998640344511,-0.4252237135018412,1.0097617763488975
5824,0.7606368590543076,-1.943970557010272,-0.6190683718723772
5833,1.2946370035352486,1.010061631253429,0.7606691167079556
5838,0.1419018626017482,1.2945973289758348,0.9295935014844116
5848,-0.4727148969243547,-1.406732521112242,-0.474591521243929
5870,-0.8326416463939328,2.117402836598356,1.1604411615848185
5871,-1.2445149028066695,-1.580358164586244,-2.113144644280843
5877,0.4044517325184116,0.2275882564916523,0.2274246725144845
5884,-0.1718260404106741,-0.725835289582111,-1.5809471610869783
5888,0.9297105237753832,-1.7873040806200748,-0.6999864900233516
5891,0.3153643341489028,-0.863722837513133,-1.0786206772215288
5892,1.0862712798262515,0.8465268646667821,1.5243078479208163
5897,0.9295209806280348,-1.713030715366776,-0.6116133808841205
5900,-2.3797774619572443,-1.863936375092885,-1.8640803572476716
5903,1.6814853844368751,1.948182717420572,1.086619756668581
5906,-2.646507523509241,-3.509195852550363,-2.972518440545296
5912,1.0099354261267477,0.7607184450177311,0.6728428277759573
5918,2.5600508364206367,2.492636107613426,2.7683526334656525
5926,3.0987345802996815,1.659728421151906,1.8208688221914944
5930,1.7645074020912472,2.041145978831691,2.3826563452596456
5934,0.0589689066808973,1.087553815880419,1.1602520893521222
5948,-1.0052917901667386,-2.1130496372498433,-2.200947976123566
5958,0.0586645192228424,-2.0271663421711565,-3.1196550171270903
5963,-1.714637358430042,0.1414597620402086,-0.1727924455726574
5965,-2.0272317993077564,1.1602024078563578,0.1405396242427642
5967,-0.6450609181285973,0.6729417198528345,0.5836526522836938
5969,0.7606368590543076,1.355724169894935,1.4643092007787573
5970,0.7607523508726606,-0.8809260561152314,1.708305622057959
5986,3.187164817272609,3.1864410214527976,3.097774385324669
5989,-1.714859159231038,-1.0273961707360708,1.009936603413377
6008,-2.6467693520556397,-1.5792141951683676,-2.815635107957947
6010,0.5838888159815696,0.2276297558453419,0.1419090734823538
6013,-0.0978062626973673,-0.6244155783113591,-1.645691921547167
6020,-0.6636750558918094,-2.1130588200855533,-1.3134258451913006
6025,-0.7978146824056813,-0.3667637211201952,-0.954928939765405
6035,0.1419076313062326,1.2283895544211778,1.1599537649202092
6036,-1.3634811294606797,-1.050573059424869,-1.1293341235811245
6040,-0.9136193058161935,-0.887723473656586,-1.4108517293001677
6047,-0.3645817969454282,-0.4776647985580492,-0.6528461380164263
6057,-0.0984717828290185,2.7683526334656525,0.315187976611805
6059,0.5839324344511923,0.3152874573319971,-0.3047974159699365
6061,0.9295454681899284,0.4043022171164663,0.0585828743950872
6063,0.4044334845756546,1.5636072060858408,0.2274830659313073
6094,1.4643478157802046,-0.0226239733017697,0.0584500764632807
6100,2.698289009742087,1.9136830391153197,1.4145292838520165
6106,1.228648204293677,0.141751199345339,0.7607286874114079
6110,-0.4730951310735145,-0.9581027867898496,1.414522808775554
6112,-0.3067067394256448,-0.1724208350480586,-1.4055889048803545
6113,2.041149746148905,2.00427830619988,1.6896937800036749
6120,0.0587520799159108,-0.7602305719954938,-0.2394117406686529
6124,-0.9915927652173196,-0.3654672930837998,-0.8723725978373285
6125,0.8465225087062529,1.086767741597908,0.5838984108676
6135,-1.3634674729357774,-2.027265587434022,-3.6080874585129457
6140,-0.3686577104175544,-0.7140276933316321,-1.0313387270652414
6143,1.464344754834968,2.233669074096292,1.4154589871033252
6146,-1.0853407470313257,2.0129165291151065,-0.0988843923604893
6151,-0.5684255627105508,-0.3054091046704542,-0.3662840062508434
6155,-1.2773952233530577,-0.9221936020674388,-2.379721894028332
6156,1.731936590199752,-0.5745362689609232,1.8424084583646596
6157,0.8463333187448938,-0.3703529148675241,1.948182717420572
6158,-0.3643508721730536,-0.6854724001081702,-0.4237084278810234
6159,-0.3643501363689101,0.9296708492159692,-0.7258284907518257
6163,-0.0213204226812659,-1.0710160531026638,-0.0216497097515345
6170,-1.3603922825308843,-3.729477482879752,-2.472027994042869
6177,-0.0213182152688357,2.373049450905674,0.6730110620353116
6183,1.3563480140799022,1.2946370035352486,1.009973334756217
6184,0.8464657634907116,1.9674532513440568,-3.192484322600656
6201,1.513484581021255,1.9716304997628165,2.163618871440302
6205,0.8464505764931911,0.9297049905282244,0.404346954008387
6209,1.5243078479208163,0.5837790928677011,0.0580290787645747
6212,0.1419146067295124,-0.8733671695819223,0.8462923491701875
6213,-1.7146355925000978,-0.0219411764888307,-2.113189263444101
6228,1.2977252618217292,2.927655525533931,1.7931248854809116
6230,1.1595760913694686,-0.3673177522080336,0.0584622025155644
6235,-1.227837990192285,-2.0272907813678938,-1.519140790325336
6239,0.2275552336016951,-0.0219827052746861,0.4042701360558127
6254,1.1611772011855763,-1.300683130171017,-1.6387651202052314
6256,-0.0213204226812659,1.567768207949113,0.404150347141262
6258,1.6970959696865986,1.2945879106827989,0.3149415705202525
6266,0.6729976409677354,-0.5666816480262858,0.1417335106137309
6273,-0.9318497070025232,-0.90142709002386,-0.0981658354661795
6276,0.5839322578581978,0.3152304766591297,-1.3581345999615098
6277,-0.6116172953621636,-0.2399411076016035,-1.1092999426854206
6287,0.8463660473131935,1.356956906724675,0.1415602434540356
6289,-1.5208389085597136,-0.7437921776522439,-2.9730244383386513
6292,1.0095996639800169,1.6127774062671685,1.0099808693906458
6294,-0.650885278838512,-1.644040659320643,-1.2345378106720546
6295,-0.7415518306284885,-2.200775739089672,-2.8153292488916053
6303,-0.1708168703118744,-1.7126862412989867,-0.6148804984417864
6313,-2.0271674017291232,-1.4042157177557162,-3.356133285990363
6315,-2.112714699203753,-2.4697141549012676,-2.026524367772095
6317,-1.7874386444818258,-3.114568667973038,-3.903589934375048
6319,-1.0638489086953176,1.1602082942895051,-2.290038082252323
6321,0.8465832566963347,0.0584759473369637,1.467079944861264
6343,-0.6604440221693374,-0.4776632975175966,-0.6244136063562546
6346,-1.0797827179891677,-0.9657664518331834,-1.17568466342049
6348,-0.3039205434561259,-1.6362682129927442,-0.6116187964026162
6360,0.141836905811966,-0.954920993080656,-1.9442435697796507
6361,-0.7258366434617349,-0.9564212094326164,-0.85516060844984
6387,1.8328121595903533,-0.63125596681469,0.4042657212309521
6393,-0.4244254248705491,-0.0215390742405281,-0.8295492676042491
6400,0.6729996423550055,-0.6673062787718111,-1.004493884153601
6403,-0.3057898097342658,-1.8636879676140623,-0.896299241516118
6412,-2.9814502787459176,0.2274596379273804,-2.3797557998832612
6418,0.5839290203199667,-0.311261219912659,0.8465099117393173
6425,1.2294865501025374,1.651972103650831,0.7607236250789009
6435,1.5886880027118515,-0.1043353471836951,0.3150704245418503
6438,-1.2391594259291154,2.556869337033101,1.1600002677420742
6440,2.3292515628007022,0.9297562024966072,0.4041117321398147
6448,1.9067676574536896,1.7932433205158385,1.4747421971606427
6455,0.8465006111749445,-1.94360960092967,0.315276155380354
6456,-0.9318414071317852,-1.580881115307064,-1.1012614884435885
6457,-0.4745838394486715,0.3150675401896081,-0.3654736209994333
6461,1.0101432172168523,1.8791077790084536,1.0100644567413395
6465,1.464344754834968,1.820801716853613,1.2283459948158866
6466,-0.1709758628711872,-1.2217581877159365,-1.714112524050615
6470,-0.0216580390544382,-1.519138906666729,-1.3134517454971495
6476,-1.6456603702654966,-0.8103087544898164,-0.8520397981880541
6482,0.4043823314716032,-1.7130264771349095,0.7606691167079556
6488,-0.2395678488757234,-1.175422305095108,-0.8905828674222935
6498,2.2918534048136427,2.1649765183814313,1.9601237002461729
6499,0.404402521937299,0.3152420140680986,-0.0980309184184399
6501,0.4044421964967128,1.8944148597650936,-0.7225916883248691
6502,-0.4212192907602908,-2.112928023541017,-3.485233125036379
6510,0.5838373685558609,-0.760226628085285,-0.9794783680711954
6515,-2.815815232812259,-3.306724449809238,-2.5586207220444868
6526,2.3874083450109227,2.379900552717334,2.6245143431050404
6529,-0.7112577439176002,-1.4094797194621589,-1.4634111022304737
6530,-0.7197351200470725,-0.4776573522201177,-0.4252272159295639
6536,1.2307515445859254,1.0101089581759344,2.1537235418621057
6544,0.8465614768936891,1.8532602156006543,0.9299184325941512
6553,2.624539772496237,2.9283025622654995,2.21579786306062
6564,-0.098038188163377,2.080865275137455,0.6729200577788519
6565,-2.0274629006731253,-2.289947431181852,-2.5587415116526726
6566,-1.358145313269838,1.0865255737382218,0.4038858108356154
6570,2.2889843572975734,1.8983660691509912,2.1923552607795456
6576,0.7607264505668117,1.6236250429999606,1.6236290457745008
6577,-1.8638359525433896,-1.409502205636782,-0.4910625264268157
6578,-0.4740273949232426,-1.3469336595112074,-0.3054149028071045
6581,-1.7131114772295588,1.7077909123435455,-1.1999480110753142
6586,-0.7841552731513448,-1.1595959232061992,-1.1999421246421669
6587,-0.4740253346716411,-1.4610007255852542,-1.642627562179265
6592,-0.522577577101149,0.3152074018411916,-0.0218081430996983
6593,-1.0446204039045055,-3.117276898135519,-0.6168438593537884
6595,-2.5588940879998545,-2.5589352930318867,-2.8967647550840754
6596,-0.0218026098525397,-0.3679409783175204,-1.7131114772295588
6617,2.05073639117285,2.233724171110552,2.1863687582685847
6620,-0.1709807486106996,-3.474173458981616,0.1417747745100946
6621,2.846813842717377,2.8468187873212205,1.9501125256636336
6633,-2.0269659679868175,0.4039945921201803,0.3143657596297686
6637,1.787266942669891,1.162008836460649,1.84383203335704
6643,-1.2763482623534514,-1.5811176321909286,-1.4113884542745525
6647,3.276202534146353,2.484257594128665,2.9289018011599106
6651,-0.2395707920922972,-0.4283498509856255,0.1418581852677941
6657,-0.3654789776535975,-2.469514722546232,-1.1977187011137105
6659,-0.3045283176786006,0.4941125872051456,-1.411375857307617
6661,-2.469632451209181,-2.732080014917742,-2.6464128696642297
6663,1.2929978673610083,-0.6131480328699934,-0.5250476716106496
6666,-1.5806405956486589,-2.027318683061013,-2.4695592239808266
6670,3.5451188169693144,3.2759089188609583,3.275530303480914
6676,-0.1711490123022196,-0.9014113143830248,-0.8905743909585613
6679,-2.3800282240093256,-0.9168085752954844,-2.647309726618576
6680,0.404406995626491,0.4941460221454232,0.0586759683353142
6689,1.1593314512078603,0.8464307980778156,0.6728684926244801
6694,0.8464081941745294,0.4040879509498989,-0.9581015506388886
6700,3.276243032806408,3.365349974133966,3.0987023226460337
6703,-0.421221292147561,-0.4261424974196616,-0.4787115241003296
6706,0.4043653196798071,2.0179640278103856,1.3561902576715503
6707,-0.8847091489704375,-2.5586607497898894,-2.027244396274692
6711,0.1416413585028075,-1.517496120903937,0.9299184325941512
6712,1.1600365281702625,0.8465074394373955,1.9156302712004976
6715,-0.5250434922431149,1.6393632461203207,1.819798904102613
6717,0.3151705527696886,-0.8649645217212569,-0.5879842964009347
6723,-1.2249970798266605,-0.6877200168768629,-0.9839979125774794
6724,1.0098359454065555,1.6236762549683434,1.7378425663052564
6733,0.2276114490382533,-1.6426252076060062,-1.5181271465373445
6739,-0.7491930389293648,-0.0980269156438996,-1.4628975698026898
6740,2.110523008992937,2.0916833619758464,2.0916786528293283
6748,-0.7378299272458502,-2.7329646280911413,0.3150258642429241
6749,0.4940543115169858,-1.214026710962744,1.6282062184612984
6751,0.6730273085907985,-0.1718157980169975,1.4852229913796853
6756,-2.027204603986615,1.6236290457745008,0.672905577153309
6765,2.0650700913442273,0.7607269214814636,1.9601274675633868
1,-2.3694252330913588,-2.6778171334731877,-1.9343820473211653
9,-0.0994969460487732,-1.6752578804277114,-0.966152833465512
10,-1.2960868406797468,-0.3895013206143431,-2.530879352371086
14,-0.0438242983054098,-0.5319888535247679,-1.1754179548988544
15,-1.6761960552606117,-1.1745872913335424,-0.6488435222121092
17,0.0173945637841425,-0.8511402799832254,-0.4749693606937429
18,2.2771007652353834,2.975425606421316,2.670448347312011
23,-1.5150999206973157,-2.369436354946626,-2.984228648501399
30,-1.0620982983967795,-0.0584683061132967,-0.0549758697802271
36,-0.7668792508320267,-0.1872545243024375,0.0770489805291927
39,-2.5304629779144987,-2.198815278167755,-2.451465598474092
42,0.2955592889696957,0.6283711051976317,0.2965404741022644
45,1.0676330655467416,1.315037229893802,2.836969398487482
49,-0.0445965721305658,-0.8389042696934707,-1.0005256222865213
56,-0.6086943198114,-1.36830973588283,0.0102368679138815
60,0.9812174665690594,0.5417548494144933,-0.1670194092429839
66,0.2951341966005157,1.1519320943701057,-0.4505137332654874
67,-0.0459826333433121,-0.2501090811218011,0.6288152842923884
68,-0.2620321733794907,-1.592955456330231,-0.4874161648966199
69,1.0676272729137897,3.048424830292621,0.7157883662653679
71,-1.7603861825844784,1.954934910515052,1.8644583862063944
74,2.9052471630922994,0.4561934610550724,2.0105332967039717
76,-1.5145416267334053,-1.8467484314126732,-1.5940488737262442
77,-2.530263016224997,-1.934431400553916,-3.768547906323077
83,0.5427546578620025,0.7167578792425384,0.2972024851591798
84,-1.1183152219323098,-0.9727266608973796,-0.7490393315718813
96,-1.6761944333233851,-2.198753876258464,-1.439506639937461
97,3.2859767686623194,3.721280622915351,3.2859707443240493
101,0.2959266577515094,2.766995319249011,2.4283959965492716
105,1.3884316271850907,-0.1618108764347299,1.3130518628758454
107,1.460463713058736,1.9681180162924536,0.1487022861341091
119,-0.1553110209256589,0.6281773995517179,-0.5800814355661777
126,1.312841822005007,0.981260332052904,0.8052279513492944
130,-2.451681779535859,0.0677661124446794,-3.1268388693777465
133,1.1520494531137122,0.9812719752451372,1.909474211255368
139,-1.0698723593762944,-1.0191765101599417,-1.299149869132087
140,-1.5942175551978053,-0.100391415466051,-1.1739301750514717
142,2.969447377509569,-0.0948111404381045,3.203694502927512
152,0.3766298807067758,-2.995140347045675,-2.530230809185784
153,0.5417697364811798,0.3732345868283107,0.3745099797885097
157,-1.1051768352812976,0.4542355800804728,1.9547766557828048
168,1.7419314554798295,1.9868271780533708,1.7883185126011922
183,0.1796325131917651,2.5883391654498085,2.776981123342245
187,-2.02284018660404,-1.4386539643669316,0.9811134888075717
194,0.0813837815461371,-2.1992365184360216,0.1494228607101688
197,2.0235750622373447,0.7168337627342092,-1.117007592969733
204,-0.669485106325802,-1.7601596906360566,-0.2954824564397346
208,-0.0434607816245092,-0.4961158886218587,-0.3836571911554346
209,1.4599333395856542,-0.729976355790258,0.8935585368545671
211,3.1245942463258785,2.9031379495818297,2.84230348661497
212,-1.1186952186539587,-0.3376944443978034,-0.3341089204531958
214,-1.1179030181714478,1.3147226899245104,-0.3895056071627275
215,1.897886628298256,1.3885428457377684,-0.5449304644344016
222,-1.5943529869562223,0.2193419099355962,-1.439605230550303
226,1.2345760521064335,0.3754649822201354,1.0676465044551904
235,1.2350011155124487,0.2962791394666365,2.6483346234599057
245,1.3129591807486138,0.0796826011008038,2.1624073279024203
247,-0.8337263509503677,-0.7265273642043282,-0.918740422385322
257,-0.2035434950528588,1.990491365953466,0.8046851816416952
262,-1.9346207037987864,-2.369699340482646,-2.198861387526052
266,-1.2997658577201991,-1.234548109398587,-1.1731998398888877
276,-0.7299718375365555,-0.2289434375049438,0.0749357121756566
295,-0.2769028179516233,-0.5003351266114114,0.1446282115263327
303,-1.846683553923611,-0.644599260048204,-2.198710315658665
307,0.7156797543975186,-0.3220870058773455,2.0151243058763812
313,2.715978210609142,2.974796294777414,2.4842580633901643
315,-2.74597371619665,1.1521790922391772,-1.6759038748545143
319,-1.1745839316064304,-0.3463145194199528,-1.3668261267311723
327,0.6286247066682688,-0.34631967486328,-0.9246991301240204
328,1.0678157651900466,-0.2536938809872897,0.4583780946465767
329,0.1487028364342395,0.4578952207637008,-0.4908602327445405
332,1.658469925528661,2.0833079981220592,1.5931832448749204
339,1.3133171654650455,-1.10120424760284,1.0676117486574783
349,0.2957757886262754,0.5425330896515898,1.2344336691884743
352,-1.0138450866436115,-1.3666663659143574,-0.0987026022920702
361,0.981396574779934,0.2966618876889376,0.3761910308343348
368,-0.0438178395196683,-1.4390448512385303,-0.7923225221785923
371,-0.7784614466404931,-0.6920264423424216,-0.7991079544921952
377,-0.9219029682717772,-0.557655546724291,-0.8138449919852907
380,-2.1113727032940184,-2.4518740949498645,-2.606555004371518
383,0.4583728523137552,-0.2524281617241204,-0.2861082385335688
384,-3.71649090421567,-3.3637445816153235,-3.2644407798038246
385,-2.4528576840251084,-1.3620525337681169,-1.5929779317460846
388,-2.453026828907306,-1.4378699894232123,-1.7604275419837554
390,-0.2672157399397218,-0.3341059082840607,-0.924691715553842
391,0.375537158426717,0.2181624719402465,0.1484976613750809
399,1.0675614686034554,-1.5941691287863269,-1.298371455116002
410,-1.2987850491087725,-1.515012104381764,-1.6760485748256546
413,-0.3324758613713776,-0.157756149221013,-2.4518057418810315
416,-0.0438197510885425,-1.2987844698454771,-0.500338312559535
423,1.3130171070781336,0.4581240008021387,1.3131637765444772
430,0.4578041316105312,0.147785428190472,1.152098690493804
445,-1.5938851739190216,-1.4393311231590165,-1.593600523935762
465,0.9811940064056038,0.0677688929084963,1.962260389998767
472,0.5426158663764734,-0.3357816011444053,0.0131653914290772
480,1.3132339832558553,1.3895335018252135,1.234777751585821
485,-1.1164972620066649,-1.7604042555992885,-1.5151967735202725
489,0.4584944686425817,-0.448603091212611,-0.7923249550844321
492,0.0145269787676014,0.4578015249257028,-0.4251934395164918
494,1.2342583841153478,3.37063192855957,2.406786231763987
496,0.3752871773516749,-0.3961054145533847,0.7161608904905088
505,1.528905061618117,1.3896922199680974,0.8049170607387625
506,-1.0089001475978367,-0.5279845801440627,1.8447737450563664
508,-1.2354244189115604,0.4583427306224049,-0.6238210856495037
515,-0.5478985516326592,1.3911119943046242,-1.1190563313921842
529,-1.5150769818708258,-2.1110256087275365,0.6261562340621182
531,1.3129852475968975,0.295560708164769,0.8051068853205984
533,1.0677432414254882,0.9812442864596268,0.2207873166729354
542,0.4573091221616209,0.8050937360437974,1.2340051302026878
543,1.6558755210821348,0.1475149991211095,0.7167118857368998
553,-0.2970145788923647,-1.2961030600520125,-0.6276631653075538
554,1.3885223398171185,1.3125958668098667,1.3880710937101604
557,0.4583703614815858,-1.3629432090108111,1.2339235699307245
565,-1.7606163818179894,-2.1111321931738525,-1.8468148149863024
570,-1.11940052964219,-1.760420011560918,-2.285099558156416
580,-0.4672784819234183,1.152022111886179,0.5422037784682706
585,0.7170022125004524,1.067439012342851,0.2974628350472059
588,1.152107379443232,2.2917368950624555,2.6037617031264397
589,0.221121290925781,0.629129244998385,-0.7853584450647508
595,-1.1178888841470451,-0.5404458659293194,-0.9727177402426336
596,-0.6193770935014148,-3.333690316512664,-1.0696079836083667
604,-1.9344826074292112,-0.3108243317025095,-1.2976474918496654
607,-0.6086915972739125,-0.3988812442639666,-1.295317579023726
610,-1.5934035744153952,-0.2827119019811723,-1.2976654490118165
614,-0.3970278044614909,-2.451607633834074,-1.6761629214001263
615,0.2959347674376421,-0.1099405998505309,-0.4874151222226884
618,-1.8467113585617807,0.3739629814588556,-0.8532451490189812
640,0.0121022405402382,1.2340894709384684,0.9810758366933838
641,0.0815764445181194,-2.1111377541014864,-1.5932903863675136
651,-1.2227353088723028,-1.28966605461047,-0.511004055908671
655,1.3895340810885088,0.6284182572298607,0.0109024704032271
658,0.2975394426179956,-0.4447879472977875,-1.3679201233904807
661,-0.6086919448318897,-2.529938860485005,-2.5304036613530707
666,1.152335609181539,2.7761367891631665,1.152426437666226
669,-0.2096836280556127,-1.2999974471856188,-1.2347787720427343
670,-0.4874133265064734,-0.9259725825521804,1.0674847741431714
679,0.0793748964383954,1.0680596350373244,2.9036914935867193
683,-2.111139144333395,-1.228300638907233,-1.6758327413218643
685,-0.4683438629759439,-1.4391184176770202,-2.2850418635322143
689,-0.3376887676175104,-1.846815741807575,-2.451362953018183
693,1.7082190268153443,0.6289475301026818,1.0674875546069884
695,0.3750007895785297,1.313353890757961,2.31530155761637
701,0.6282573378864551,0.8050773428925433,0.4563246931545991
707,-0.6694884660529142,1.314006025375693,-1.1723657007438046
717,-1.3686327330962316,-0.1025560065475414,-1.299146741110293
748,1.654285211631502,1.313068545658747,1.2343639258877326
754,-0.1070108309192505,0.3759522874672196,-0.3573208695866643
766,1.2340921355496264,1.4615429964303464,-2.1990113008668493
770,0.2965412561077129,-0.8460502354820039,2.259616281933171
772,-0.9719520700190428,-1.4399320509014533,-1.8467227121223664
773,-0.5800809142292122,-1.9343938642923877,-1.7605135046567626
774,-0.772598954535127,-0.6662561768657175,-0.6779162256610584
775,-2.11115907099075,-2.811027301300404,-2.1987673151669123
782,0.3752701180476314,0.4576145676971781,0.8935558722434092
783,1.6578757172404484,2.5454875839243485,0.7167884064181953
784,-0.6493156217976943,-1.4380281283028014,-1.106350886128002
788,-1.4395891270306969,-1.594113056099352,-1.3672507267265517
796,-1.299152649595904,-2.285167911225249,1.2340902819070818
798,-0.2914190692397546,-0.6542552895474829,-0.1701398137247134
801,-0.1736713503302088,-1.438018512532101,-0.215242817899614
806,1.315193630983505,2.9625615588669088,2.5813245186502964
834,0.2209728836695516,0.0149364599909759,0.0796881620284377
836,-0.2432590899139485,-1.934422132341193,0.8936165211104162
838,-0.0465069535149593,-1.2904126091453194,-0.8138418639634967
841,-0.8905201628015841,-2.285057619493844,-1.7604990230743829
856,-1.1135185742901053,-4.414518930889145,-1.171895338948105
857,1.2338272963710626,1.460030076555952,1.2340168313212507
859,-0.5225328436413204,-1.0667560387007962,-0.3022216056160512
861,2.4485038474627707,1.462774046785298,1.4624549885623035
869,-0.7053733058533749,-3.204298884032702,-3.5736068076533547
880,-0.3358416128217877,0.2216394998696638,0.7168270432799849
881,-0.6238228813657188,1.724251065331181,-0.389154863237486
888,2.654534594361053,1.4617108669332943,2.5661014792525307
896,-0.6662674145736442,1.462061668784865,0.6284248608314259
900,-0.8018219188828501,-0.3698377356850952,0.3762622222933145
905,0.0790605881744218,0.1462548407855741,0.2195898346259404
908,0.4578922375577305,-0.3283710568457911,0.8932969415504564
911,2.1430045562718347,2.0143636173171293,2.6596682573884034
912,-0.7212699705371244,-2.0227982479414677,-0.5631332921489876
914,1.8721592283053965,1.9465296842490911,0.5320018222764337
921,0.7168568174133579,0.4585064014664627,-1.4396704555973423
923,-2.1989869718084507,-3.1854744488760405,-2.9850676534581617
924,-0.1045835728965531,0.8935354821754182,0.2960908209693681
927,-0.5917476245524478,2.1472917997722436,1.5947360180640244
928,-0.5214966574588727,-0.637304944929771,-1.2991561251756754
941,0.805101498171953,-0.7501084778358256,-1.846641731113698
942,-0.4447837766020621,-1.760093422915086,0.4583387337056681
954,0.7168940061169096,0.4584276216583159,1.6704629927924104
958,-0.4008504208728224,-1.2315123063211209,-0.6086958258959675
959,3.124601429190739,3.4569518911672157,2.975971735856027
964,0.981357995844474,1.152022111886179,0.6292142808501198
971,-0.6373046552981233,-1.3672630071084098,-1.3679107393250989
985,-1.846839028192042,-2.3695758415481096,-2.808728552839746
987,-1.1748751851912551,-1.5935156039366862,-1.2333879608709672
988,-1.9345245460917837,-2.198616011594207,-1.846786431084838
992,-0.2970129859183029,-0.8756463612444927,-0.2844057837089861
993,2.4162706255488993,2.5389303234227234,2.4067948048607564
997,-0.884908607555697,-2.9415691506846264,0.3750073352537654
999,-2.370034849783224,-3.1118074502780324,-2.530330905883194
1010,-2.1989619476340985,-2.745993642854005,-3.345007035952942
1029,2.043486195335795,0.6290495962952954,2.97275149534537
1031,1.3908915266944724,1.152296335130125,-0.3713385779197847
1041,-0.9329810891607636,-1.5153139005585614,-2.198809485534803
1046,1.4603560859384883,0.2200296982091478,-1.1039272485008995
1049,-1.5153535221679528,0.8934426841955277,0.542409822422372
1050,2.014362690495857,3.370200724962626,2.7192779260438997
1055,3.203938488627449,3.203479016981699,2.975702725981738
1059,2.783173216262578,2.8344102132493036,2.403015922828212
1073,-1.0652699966432988,-1.6755151891834377,-0.6086921186108782
1082,-1.5938403389399731,0.0470429680590228,-0.3049834750812188
1083,0.7169293991042461,0.0171452488618899,0.3765647135860661
1088,0.1490858453250235,-0.8600721724371791,-0.8796956433832346
1095,1.1520532762514606,0.8050248616379985,1.76348862315791
1098,0.2974698730962425,0.9810964005403632,-0.666262143277658
1107,-0.3358450304752293,-3.0649990370357436,-2.8166491674329452
1109,-0.3062614457630815,-0.7585249418097134,-1.2350117517400625
1116,2.3288215629262567,2.3670510867666845,2.0143870195542553
1120,1.151916454261135,3.2041370600850425,1.5301393558475218
1124,1.1519207408095196,0.7157541318046218,-0.5230041901846217
1127,-1.297914416376092,-0.0512174936683329,0.1472183583876393
1129,-0.7602863656377471,-0.6379254517715855,-1.470645981044683
1132,-0.1110343358413562,0.1450679882200459,1.38906603634599
1134,1.6578797720835148,0.8935094153271345,1.233876186193177
1136,1.5945000261975613,1.4602703549707994,1.151961057534865
1138,-2.6773917225091957,-2.1987914125199923,-2.530592732892623
1139,-0.6373058717510433,1.2342306953298374,2.4568463974401915
1140,1.5302860253138657,1.389116432252672,2.276578733153752
1143,-0.7784623155354359,-1.0472535179307776,0.149571528634881
1149,-2.4518543999978277,-1.1765122991161396,-1.76056807125917
1151,-0.1089112489749666,0.6281644240539056,1.314359028427786
1157,2.973679475144275,1.878022415526717,0.4557323095457664
1164,-0.6207031430367788,-1.4392497945923708,0.8933219657248088
1167,-1.0168445119861391,-1.760550577507655,-0.5516035196687364
1171,0.541764407258864,-0.6966195947890237,0.5421848944848472
1177,1.1520285996350852,-0.1061517255261445,0.4583461193126818
1185,-1.515640025793757,-1.5154353141452346,-1.514871111695713
1194,-2.4525173089128507,-0.3049852418342692,-1.3659026651859705
1218,-0.2940465496204366,0.3765162871745877,0.8933804133912941
1222,-1.2976477235549837,-0.8278874348611159,-1.170344882812182
1227,-1.168454399121979,0.9810540563934844,-0.9693190866370563
1230,-2.9924349557517895,-0.4410380284300031,0.6252866440033691
1235,-0.6852116413797523,-0.7406363065064421,1.2341596776498462
1241,1.3168415192056802,1.2393530047966017,3.123712375885271
1247,0.8935519332530019,1.5944497461435383,0.9811573969653474
1248,-0.9293510777950847,-0.6600002491302538,-1.3680893841253372
1249,-2.369573524494929,0.8023469274243048,-1.7592348388589458
1252,-0.6086928137268325,-0.3376896365124532,-0.8864459723411486
1259,-0.7089631742726965,-1.4389123157965893,-1.0672055470178683
1263,-1.676088312287705,-2.926888301731165,-2.369385611481967
1278,0.3762056572325385,-0.0428111378389462,-0.0438173471458674
1280,-0.2970178806931473,-1.8467690531859824,-2.1111189859707222
1287,-2.2853956775529203,2.032201914640048,1.4648011207605087
1291,0.4574233818465985,0.1477815181632294,-0.6373082467305535
1295,0.1486999401177635,-0.8054543631543687,-0.204413664374903
1310,0.8050589223197561,0.981129708179837,0.3749922454449256
1318,0.3755368398319046,2.49984047773627,2.596754702602424
1320,0.805253438934283,0.4579759121407217,0.6285867649224334
1340,2.7761319233514867,3.0459882171677064,2.4923897615281336
1346,-2.022920124938777,-0.7063824404399368,-0.2289487667272596
1360,0.457827070437021,0.5421455625071033,1.0675297249748787
1366,-1.5931804421940854,0.9811214826410452,-2.111068474211381
1367,3.2860567069970568,3.2034683585370676,3.0492914081822353
1369,-0.7063820928819596,3.1201765527313916,2.179280572575542
1370,-0.4410460222634768,-2.111199851126732,-2.530648342168962
1374,-1.5938878385301791,0.2944055992278175,-1.3672521169584602
1375,-1.1186979991177757,-2.198934606406565,-2.3698911924860147
1384,-0.2439403035490996,-0.8600666694358747,-0.3309398578546697
1389,-1.002148602187003,2.7976661522030777,2.169394401769081
1395,-0.4672746008593406,1.5966521051918754,1.5316716231159755
1397,-1.1120495625734867,-2.933522024987756,-0.9219047060616626
1410,2.542312062540081,3.2038316724758147,2.5389101650600505
1417,-0.2954885676674989,-1.846775077524252,-0.833734750268148
1423,0.9811599457238463,1.067468786476224,1.0675940232006456
1424,1.3883198293691177,-1.4367702001309524,-0.0520658826904777
1428,0.8935876737983155,0.805164927502777,-0.2536966904142714
1436,-1.594146189959837,-1.1128188242295076,-1.0437182740401931
1439,-1.7602654641137594,-2.285326165957497,-2.4511951983678943
1453,0.0178323420194872,-0.0441959825987726,-0.7053720314741254
1454,1.2338914787441704,-1.1703344560728686,0.2204292161038449
1456,1.8217786141742895,1.0677111502389345,0.4550525151056885
1472,-0.3639116694330812,1.1521175744772274,0.805106074351985
1473,1.5282232687196706,1.23384328403801,0.7163920165452923
1474,-2.0227894431393807,-2.7467024294220077,-2.605716231120073
1477,-0.4514023810866484,1.939164235598008,-0.0626891370769111
1483,-1.368000177577877,1.8397496786444676,1.4641698396214036
1486,2.7622228848125454,0.8936317557350799,1.6604510059982331
1494,-0.5727835869416441,-1.170350327887157,-1.1745927364085174
1495,-1.2350155748778109,-1.0566987535169343,-3.545410355791049
1498,-0.8796943110776557,-0.4251930050690204,-1.5941566166991503
1499,2.4676925233794513,2.581792331687497,3.124712647743417
1504,0.3764128597132303,-0.4251858511673248,0.6286832122610836
1509,1.1520086729777304,-2.0227901382553353,-0.547897856516705
1511,0.542757843810126,-0.207378449772378,-0.1038615211990906
1515,-2.199066215027234,1.3127673287452448,0.0095347718369385
1519,-1.0191700224110356,-0.6238207960178561,0.4567837882792072
1520,1.9747260202587376,0.5422932746473784,1.2353089360275162
1526,0.0141023498090576,2.276627622975867,0.2219351558555322
1535,2.0003250555053818,1.531100469506912,1.5936434116366245
1544,-2.605947473027516,-1.7604638038660347,-1.6760017703514027
1553,-0.045494372311791,0.7164069615383083,0.2190568834311947
1554,-1.1174693816686638,-1.438368619267718,-1.0174800796736292
1558,-0.1045800683536172,1.313336744564423,2.022718447676408
1562,2.974450822148159,1.669229509531619,2.3961838598193457
1569,0.6283990256884602,1.233887192195786,0.3748576825814514
1571,0.9810826140739376,0.893194354020877,1.532382958442477
1574,-0.3784779980330822,1.152057331094527,0.9809228532571224
1581,1.3131514961626192,2.1695327298439744,1.0676145291212955
1586,0.0007924143331731,0.5410124076490398,0.2941176764069401
1587,0.9812667618754806,1.1521275378059048,1.1518555157624804
1604,-0.7501081302778485,0.0156654918111455,0.8052108051557566
1606,-2.111185253691693,0.98109558957175,-1.2979156907553413
1613,-0.3514888177674607,1.5320451320887185,-0.5875273438889638
1615,1.595490566432347,-0.1736623138228037,2.219509018195034
1616,-0.0459863406284014,-1.1197058013987586,-1.3680017995151037
1618,-0.8221024481846471,1.234577326485683,-1.7604784013010737
1621,-1.6758978505162443,-1.4394221833490213,-1.010014534325136
1622,1.234017526437205,1.594216303035574,0.221253102288603
1631,-0.4326451115090651,-0.6256410150703522,-1.5147875819285457
1636,-1.6747300557131282,-1.1562090047668416,-0.2467127445694046
1643,2.560995157452714,1.5341703332661356,0.9812211159278192
1645,-2.2856398949581753,0.9811483604579424,-0.3249310728041016
1649,-0.2063296356500951,-1.515209749018085,1.715372465100386
1651,-0.4672719941745121,-2.1109669872820627,-2.2852807517151534
1662,-0.4447871363291742,1.3134452985059428,-1.3675067611030285
1664,1.7635284764726198,1.151821686786041,0.6290905502102658
1679,-1.3684253568365512,-0.6769375603238238,-1.231940266043612
1681,2.9757110673731884,2.219510176721624,2.7752178458716665
1682,-0.4326471968569277,0.628977535941373,0.2204332130205817
1692,-0.6086907283789698,0.0171472183570935,1.0678534173042344
1694,2.9065245545108667,3.042903987678762,2.836162368864614
1705,-2.1987700956307292,0.7163179866961662,-1.1731987972149565
1711,-0.2512345317780384,-0.1532810216708073,-1.1723585178789442
1716,1.5314104912225013,0.2924812286348451,-0.2986379932403178
1718,1.5938500927803507,2.0875699857427974,2.032184073330556
1719,0.542504358192148,0.8051080438471887,0.2962409370523183
1723,-1.1742742574488183,-0.8138375194887827,-0.7501106790363473
1725,0.5424520507165917,0.6292578414499186,-0.0465040282353185
1730,-1.175682214814123,1.1520493372610532,-0.1607068874835795
1732,-1.5931162598209776,-1.5144156948930296,-1.7602312875793429
1743,1.8759525919203208,1.9905045731565965,1.1521781654179049
1744,-0.4326500062839095,1.1525769302703182,-2.2852286180185857
1754,-2.111194290199098,-1.3673836097264698,-3.026425199092651
1759,-0.1501920711860069,-0.5511294505879475,-1.593479689612384
1760,-2.9343573226594293,-2.746149580533072,-2.677614854730505
1768,-2.285776601095842,-3.1389816182769747,-2.6070849144339636
1779,-2.111165327034338,-1.298583581334703,-1.235219938968356
1782,-0.0465074169255954,-1.2315029222557388,0.8931289551948494
1790,-0.1539113470254755,2.7071942620007814,-0.057237487463663
1791,-1.298967169488782,-1.1708802379496026,-1.0146616161845208
1792,1.461041470269365,-0.2827091794436849,1.234056105372665
1795,0.2181796470969491,-0.106997507863461,1.4605616085556243
1801,-0.7549073266785519,-1.934457814960177,-1.3681612127739415
1802,-0.8073349993685538,-2.2853247757255883,-1.3000023129972984
1805,-0.512873859899236,0.2931890594184105,-0.8054533784067668
1809,-0.2168580935982696,0.8050206909422731,-0.3062580570728046
1811,1.4619028347893224,1.803798513196707,1.1524661751282768
1812,-1.7605391080944104,1.152381602687178,-1.5144359691083615
1819,-0.8267280393757801,-1.2989590598026497,-1.594238524529091
1827,-1.846765925164188,-1.0647113551214114,-0.8046604828083018
1842,0.3764004055523836,-1.234777729368803,-1.3669680462384957
1843,-0.4127220455867339,-0.8756498368242639,-1.0168382559425513
1853,0.6290981964857624,0.2972202395791776,0.3763293009828982
1855,-0.947968368397384,-1.674558246219773,2.083222730565006
1869,1.067816692011319,1.528188744627277,1.4607863627141606
1870,-0.7923236807051828,0.6287190686590562,-1.2996082981039057
1892,-1.43942716501336,-0.7424156295702973,0.2938398906937285
1897,-0.5214997275543373,2.1684905193232566,1.6546075137289495
1906,-0.1019672433343037,-0.0489405255075743,-0.8212805894214221
1909,-2.0227683579554356,-0.4731441020505786,-0.853478997611252
1915,-1.0174750980092904,0.8051524733419303,-1.0191722236115572
1917,-0.9636928181034714,-0.1560764304807668,-0.4749701137360267
1919,0.3764654857835989,1.6558569846566884,0.8052397683205165
1921,0.7169064602777563,0.8936134510149517,-1.1141966599034625
1929,2.7182642152773058,3.2033297987568563,2.832427742547823
1934,-0.4127263031719536,-0.9541934793255432,-1.5940305690061158
1938,-1.6759783681142768,-1.4395825234291315,-2.74525983211165
1945,0.4573185931164974,1.0674884814282606,1.1520403007536482
1948,0.8936132193096337,-0.7763411112747557,-1.0906135767767613
1949,1.1521330987335388,1.1523456883628758,1.0677002600889844
1952,-1.5943547247461078,-2.926534719415777,1.779276096710515
1956,0.2976068978287213,0.4582659782357914,-0.3341115271380241
1957,-0.750113864984471,3.2020658462467377,-0.5441770166663394
1963,1.9788342714009304,3.2038277334854075,2.270554394883708
1964,-0.5766184837348338,-0.593564947288468,-0.5680721489301629
1970,2.1017054003775018,1.3132700134328164,2.8418437832639016
1976,0.2970116758297421,-0.2168589335300476,0.8935234334988782
1979,-0.8796981921417335,-2.285491371849287,-2.1987612908286422
1981,0.7167645986967627,0.5426781951070365,0.7166745811806892
1986,-0.6341869443907164,-1.6756673037247565,-1.0577301897403617
1988,0.0790414724856803,-0.3895022474356154,-0.9661545712553978
1993,-0.2926901177252396,0.2195793209971325,-0.0425056343770596
2000,-1.1759046519194785,-0.0504118542773735,-0.045988802497406
2006,2.9072458531660454,1.390072100837087,2.7171251519336312
2010,0.0813761352706405,-0.0465127461479112,-1.067194656867919
2012,-0.9282899832909438,-2.0226856391568817,-1.298768829736507
2017,-0.4119398084329005,-2.198855131482464,-2.198765924935004
2018,-0.0496524980237004,-0.551126264639824,-0.963688879113064
2020,1.0678599050531408,-0.8054506558692793,0.0779267961267335
2032,1.1519061433744806,0.8051818419909967,0.8935746403741736
2039,-0.4326481526413648,-1.9344640710037653,0.8049146857592521
2042,0.7166708159692704,0.8051686347878663,0.0793751281437135
2054,-0.7501091729517798,-0.0529813214390416,-1.3675068769556875
2064,0.4581503862452349,-0.2596327489581276,-0.7659849262305727
2066,0.5427153258842586,2.236472859647524,0.8051419886762873
2069,1.3886259120942996,-0.8337295368984913,-0.8434930776653586
2076,-2.022838101256178,-2.369469952217748,-2.369375184742654
2090,-0.2122896756943724,0.0760616841688597,-0.666260926824738
2098,-0.7882554566566878,-2.0229650757704847,-1.7605101449296503
2104,1.4656847289910016,2.0428344082760397,2.133810257545157
2106,-0.6086963472329332,-1.5930698029047028,0.0807428846363316
2110,1.9192802120217731,2.051859330415202,1.8779947267412065
2117,-2.9821083131356616,-2.022628639648634,-2.198898923787581
2121,-0.8905236963076847,-1.2350041054645655,-2.3694535011401645
2127,0.7167436293654765,1.1519676611364305,1.1521070318852549
2129,-0.1038577270245071,-0.3159770235291066,-0.9111319727819038
2131,-1.6761215620008494,0.3732217851094868,0.9810846414954708
2138,-0.2109485363501687,-0.4213973533640803,-0.210949694876759
2139,-2.022915722537734,-1.593182411689289,-1.2319287966303671
2143,-1.235623569632449,-1.1094581702960955,-1.2989716877424846
2146,-2.1988650948111417,-1.439052845072004,0.2157490003839748
2147,0.7169785785580083,-0.1061500746257532,0.6288096075120955
2149,1.528218287055332,0.7167575316845612,0.9811595981658692
2150,-2.809813628844308,-1.6758797775014342,-1.9343593401999937
2151,-0.0470549945185447,0.8050373737251747,-0.2204026057015773
2171,0.29692026808176,-0.6864245607935644,-0.4514011067073989
2175,1.2341207511564092,-0.3961024313474144,0.4581631300377292
2187,2.2554340009418516,2.5389419086886273,0.2920587139873287
2188,-0.6543628587414009,-0.7836530359973627,-1.6762018478935636
2194,0.3761071245460256,-0.2564824834535306,-0.7212691016421815
2197,0.1469172862899609,-0.458866536203233,-0.6238236923343321
2210,0.8051232205455229,2.3288016362689024,0.2971235315720445
2215,1.067646041044554,3.124727708589092,2.570188992768756
2217,-0.3961019679367782,2.64090313879317,2.4923577861942388
2232,0.456667443246367,1.7255539443347374,-1.6756405417605182
2236,-0.3679865550094708,-1.117461271982531,-0.3341111216537175
2240,-1.2350107090661309,-0.8710705866967465,-1.0647088063629124
2250,-0.4029457031010427,-0.3573230707871861,-0.4389231381392405
2255,-2.8118046726425576,1.391010970785942,0.6263281594081325
2262,-2.3697700106046597,-3.4528570567164527,-2.605677768037272
2265,2.5086394871903055,2.640926772735614,2.7104478680772415
2267,-0.8917274054351032,-0.8534839792755907,-1.5148820018456628
2281,1.2343124873071192,3.123098588497681,0.8052240123588871
2282,2.3670293064667853,2.512236943958794,2.4568232269083836
2283,-0.2019529828600728,-1.1751613412590822,-1.367614619928594
2284,1.2339212528775434,0.7161872469704403,1.6567593610179456
2288,-2.531892599727044,-2.4520272521651147,-2.8128591635451334
2290,-0.5573924453356126,-0.676944279778048,-2.451686877052857
2299,-1.8465018969542375,-1.0810522568262468,-0.1079304982898693
2300,1.4604067135504888,1.313145008413713,0.629198814520138
2302,-0.5680687312767212,-0.2717687494399667,0.6286302096695731
2304,-1.8460585288280944,-0.1045815744381847,-0.3159749671444087
2306,-0.9741338072940712,-1.6758194182660748,-1.6761954759973163
2308,-0.0994935283953315,-1.7601864526002946,0.0790420517489755
2313,-0.8905272877401149,-1.5943299322770734,-1.676149945902314
2319,-1.171411306538639,-1.9340669280885785,-0.0476514329704439
2320,-0.5309584020489427,-3.1639362810340423,-0.4767514062950856
2326,0.5420739076374875,0.0031839897368864,-1.1624154634168955
2328,-1.9345349728310972,-2.4514340865508335,-2.111071254675198
2330,-1.6759750083871647,-1.593865942377621,-2.0226796148186117
2331,-0.9404959877420076,0.4583351712364026,-0.5766173252082434
2335,0.0775053241531485,-1.8464626229028231,-1.2953217497194511
2339,2.499837928977771,3.123534657906305,2.219512030364169
2346,0.458414472381515,0.8936483226653226,0.1494351700551917
2354,-1.675917545468281,2.0321903293741443,1.3891551270407911
2356,-0.8460573024942052,-0.1110298175876537,-0.3961057331481971
2357,0.2202430698439335,-0.921901288408221,-1.118303636666406
2359,-1.4385330141908943,-2.6849304867382013,-2.4520891174850417
2360,1.1519958133325772,1.152041922690875,0.2957382523647467
2368,1.3947930966929392,0.6286099933805708,0.2072503679116634
2369,1.3892451445568648,2.219471945344141,2.503156644248611
2374,2.2044039168041705,1.9063248725720432,1.4604089147510104
2378,-1.3677342957253815,-1.5943440663014763,-2.605640000070425
2379,0.458414356528856,-1.846709504919236,-1.0641110066422697
2393,-1.676073135589371,1.9475866080575068,0.9811834638136312
2394,-1.173937242063673,-1.1691258811337704,-0.5441744099815111
2401,-1.439521584930477,-1.760393828859975,-1.760559266457083
2408,3.4570320612072707,3.6329422752819234,3.0479929315797225
2409,-1.3001119096127496,-2.0226555174655316,-2.8105893782492353
2412,-1.6762126221908542,1.3138510145178983,-2.369511427469684
2413,-0.0994935283953315,1.3883282866132276,-1.1731939314032769
2417,1.3127850542020778,1.1520087888303894,-0.4672769758388508
2418,-1.5130625358354504,0.4573310762405089,0.716784583280447
2431,2.0518600255311563,1.067421750296654,1.6596829028688027
2434,-1.7605990039191337,-2.606671552146511,-2.198763607881823
2445,-0.4410487448009643,-0.1670179610847459,-0.8534842109809088
2449,-2.111142619913166,-2.369500073909098,-2.605666877887322
2451,0.3763354991001568,-1.846591798617652,0.1482632624826796
2454,0.3766770617021695,0.3743804854788685,-0.2244127006783992
2455,-2.6059122538191675,-2.2853546657116204,-2.451320087534339
2461,1.313524773430044,1.388598686719425,0.8049975204104652
2463,0.2953803835009743,-0.1776507443523853,0.0042658218669955
2466,0.8052217532320358,0.8050202275316369,0.8935060556000223
2470,-1.7605988880664745,-1.8466197191084808,-1.8467990590246737
2482,0.9812264451501348,-0.2536886096913034,1.3884344076489077
2486,-0.0434603471770378,-0.8389078031995713,-1.5152613034513576
2488,1.9945036910939744,2.0613376998618445,1.313369183308954
2493,1.7317702504608097,2.255434927763124,2.7171406761899424
2500,-0.8685688064511221,-0.8376761156549949,-1.438067286501557
2501,-0.1568877466520191,0.1487105116729009,0.8051759335053857
2502,-0.2137218173022516,1.9905219510554524,1.151916106703158
2503,-1.0566906438308017,0.7166925383428402,-0.2168510265860682
2505,1.2338124672307054,1.1521175744772274,1.712770530231022
2522,-0.8455830596344278,1.5998621506685369,0.6284622812402956
2529,1.2341208670090682,1.462529250116748,2.4568473242614637
2536,0.9813472794735127,-0.4672706039426036,0.3767915241293003
2538,-1.007703968893256,-1.2333922474193515,2.097362779306072
2542,-0.2454374095355351,-0.0496542358135859,-0.3662463322180413
2543,0.6292491525004906,-0.3573184366808245,-1.514116447474731
2547,2.200520767378491,3.8949933437533466,3.202431940649302
2548,-0.4389224430232863,-0.1596609117514431,-3.112610772615811
2554,1.4622194601064769,2.0069291204812587,2.4924089930695343
2564,-0.2490595429203992,1.0679861844514935,0.8934189344004247
2591,-0.1193141805670719,-1.2953289325843116,-1.593276252343111
2601,0.4582229100097935,-1.2289154689687547,-0.9884501837821948
2609,-0.1586803927716639,-0.2035439005371654,0.2970121102772134
2616,-0.6769390664083913,-2.3697167183815018,-0.8337272198453105
2618,1.2339871730405367,-0.6276554611057278,-0.7847395601601629
2620,-1.6762330122588451,-0.158679292171403,0.0131649859447706
2622,1.0674883655756016,-0.4588624234338372,-0.8710665897800097
2630,-0.1630482697227639,-0.0459747263993327,0.8932556980038383
2642,-1.676234981754049,-0.1061525654579225,-0.10615528799541
2643,-1.4399181485823689,-2.198757583543553,-2.198730705726656
2647,-0.7349462610840559,-1.17189475968481,-1.366659878165451
2652,2.3153161550514083,2.4998342216926814,1.9681240406307232
2653,1.1521392389244678,0.6288141836921275,0.3748818957871906
2655,-1.066293091475275,-2.1110904862165984,-2.2850182295897703
2662,0.893596536526732,-1.1141950379662358,-0.9246958862495672
2670,0.2973960459892697,0.0153097951847301,-0.2109484204975096
2671,0.1482735154430046,-0.8138436596797117,0.2210972514990303
2672,1.8193081720729352,1.5283028594964307,1.151963142882728
2694,0.9811896040045603,2.2917178952263733,1.1520181728957717
2711,-0.7988047680834893,-1.2327111496368597,-1.4389157913763604
2712,-2.1988240829698418,-2.746135214803351,-1.2352283962124655
2716,-1.367727344565839,1.6027643756301304,0.1425403149051262
2725,1.528607204431727,1.2339218321408385,0.7165043356982309
2729,2.905694122650873,2.0227488010730763,2.6351220911071085
2735,-0.1061509145575312,1.93917605256923,0.2170790468360757
2739,0.8052435335319352,-0.1670197568009611,-1.297369329615312
2742,-0.7406343949375679,-1.8467855042635657,-1.1739404859381262
2744,-0.6493152163133877,-1.2347791196007114,-0.9747742407932404
2750,-0.4894894061564577,-1.8466352433647917,-1.5152959433964102
2752,0.3765279014036564,1.71971693981436,1.7809004668429051
2764,0.805244518279537,0.4581191929167886,1.1519958133325772
2766,-2.111324508587858,-0.2084951825160227,0.4579588817998429
2785,0.0823549164605341,-0.5404461555609671,0.297544221540181
2794,-1.846542097826924,-2.4514584156092316,-2.451235283387922
2798,0.2218322786943052,-0.8475509908271991,-1.0146649759116328
2800,0.8051741377891707,-2.0227646506703465,-1.2979149956393872
2803,-1.4394451221755111,0.4573224162542457,-0.337694125802991
2808,1.1519534112593686,-0.3895072001367893,0.4576117293070316
2809,-1.593954222103809,-2.198895679913128,-0.796002350187658
2810,1.9549332885778257,1.389116432252672,0.9813732304691376
2814,2.9065203838151414,2.596769300037463,1.9112009951383488
2816,-2.5304442097837345,1.8740252670845423,-1.2993128738233557
2831,0.2938337794659643,0.1382690011453354,-0.1776566238748315
2834,0.8936148412468602,-0.5576536351554168,-0.6958868846469295
2836,1.591445339136672,0.0790415883383393,0.4581674455492784
2837,-0.7278968584868319,-1.367520431716795,-1.5155816360536012
2839,0.0802413584753504,-0.7763370564316893,-0.8185026743629776
2842,-1.3671380020893065,-0.6256458808820319,-0.6662638810675435
2843,2.168479397467989,1.529588824011767,1.4606662235067367
2844,-2.198884094647224,-2.606582809009687,-0.7179841574214514
2847,-3.1623303314744393,-2.745864814697154,-2.677701744224785
2849,2.7104677947345963,3.2857971970408086,2.396127323721734
2850,-0.5404476037192051,-1.846809717469305,-1.760434724848616
2855,-0.043463330383008,0.2957367173170144,-1.7603664876324416
2858,-0.1630010308010407,0.0149356779855274,-0.5766168038712777
2859,-1.8467118219724168,0.7164179096145875,0.2951562954952275
2866,-0.6238206801651971,0.2195776990599059,-0.1061475548304191
2867,2.270562272864523,0.7163748124254249,2.0875655833417537
2889,1.0677260952319505,0.9810944889714892,1.1518962958984622
2890,-1.3001179339510196,-1.5924937834839594,1.4644587761530476
2891,-0.3641518030321049,2.0143724221192163,2.3514568554493573
2893,-1.9345164364056509,-0.4874129789484962,-0.94563173611722
2894,-0.5766147764497446,-1.365427437578591,-1.0077026945140066
2895,-0.3256610024823788,-1.234539188743841,-1.5942952923320206
2896,-0.5309597922808512,-1.0129730636790228,-2.198920008971526
2917,0.1485022665182777,-2.0225551890628033,-1.675775510108299
2919,-1.2364098616293486,-1.0168383717952103,-1.0672020714380974
2931,-0.0994926595003887,2.719299011227845,2.648320952846139
2936,-0.3589832973175489,-1.2970841003687572,0.0173907406463942
2940,2.605870453226273,2.236471237710297,2.765475100657097
2955,0.6293400389115069,0.4579616043373303,0.7168619149303557
2956,-0.2462625700995426,0.9812644448222998,0.0159974676056227
2958,1.7147112939752485,0.375549931182376,-0.216853343639249
2959,-1.8468960277002893,-3.2785986698543828,-2.9253164128533196
2962,1.0675420053567368,0.7169295728832347,0.981235713362858
2963,-1.5150399090199334,-1.438333168354052,-1.760189812327407
2964,0.542613259691645,0.1487010986443539,0.0153093607372587
2965,0.5427576700311375,-0.8710724982656207,-0.8046615254822331
2970,0.080503822674404,-2.111094656912324,0.2941517950150272
2975,0.7168294761858247,-0.637306393088009,-0.9636882998497688
2977,2.3841975120098207,1.9749430122891185,2.4779338984385264
2981,-0.3159815417828092,-0.8532452069453107,0.9809200727933054
2989,0.2202474143186474,-0.8816086024892917,-1.593947966060221
2993,-1.2983913817733568,-1.4383878508091184,-1.4396082427194383
2997,-0.1560780524179934,0.4578144424971856,-0.2137233233868192
3000,0.5421249407337944,0.6287783272941548,0.6284958205850875
3005,0.2969145913014671,-0.4035437924533331,0.3756529821225915
3007,-2.0228529303965344,-1.0110656655005996,-1.6761886406904332
3012,-1.4391363748391712,-1.6762011527776093,-2.3695649513981603
3015,0.1431469194278561,1.1523519444064638,1.530976738867058
3031,-0.2223402993503392,0.3734531428695883,-0.9501754774047418
3034,-0.7063812819133464,-1.2979001664990302,1.3146937267597505
3035,0.0779281284323125,-0.9969874820794606,-0.1618147864619724
3039,-1.3684379847763866,1.1525114735179611,-1.0634792620925282
3043,-0.4526771658203874,0.628821366556988,-1.515477832071102
3044,0.0819077251966423,-0.6864263565097795,-0.6207023320681655
3048,-0.6542525670099955,-1.2948965704607769,-2.198863009463279
3054,1.1521217451729528,0.7165511980988123,0.6286192615932938
3061,-1.674979949898676,-2.285828271381773,-1.8463661176378432
3064,1.3201963805061403,1.6053343351655995,2.6639636105749447
3066,-0.5576508546915998,-0.2137136496897894,1.9821279624974184
3076,-2.6061715320700976,0.6291242633340463,-2.2850891314171022
3084,-3.82684704969952,-3.220895472556037,-0.1736699021719708
3087,0.7168458114107492,-0.6809049925589545,-0.0470584411351512
3088,0.7166847762146846,-0.1122207829225778,-0.2827119019811723
3090,1.2348963847086774,-0.6798034075504792,-1.4364853184423747
3091,0.6287947783717385,-1.1751564754474026,-1.4398681002336635
3094,-1.1870881408018612,-0.8282399745025726,-0.5279919367879117
3112,1.9821729133291257,2.071984790932875,1.5954763165552854
3124,-0.1019694445348254,0.6288424517409331,-0.1510950268105593
3126,2.840848377217436,2.551294814311353,2.904754094175428
3129,-0.6662571036869898,-0.2244083562036852,0.0729801192910731
3131,-1.7604607916968995,0.7165386860116361,0.0140995403820759
3134,0.5427785235097646,-0.4035482817438709,-0.4410528575703601
3140,1.2339068871478225,0.2207890254996563,0.6290982544120919
3143,0.8936179692686542,-0.0529756156955839,-0.0422310346119717
3145,0.0126570878875422,0.8050199958263189,1.5304263228839623
3147,0.5429025437812661,0.3752832962875971,0.5427971178615404
3148,-2.1111317297632164,-1.5148773677393013,-2.6055693299484113
3151,2.7731943633288862,2.7603845348189098,2.416241894089458
3156,0.1499875265703264,-0.3341075302212873,-0.7882538926457908
3165,2.300225882800902,2.4924268343790263,2.123674308405808
3169,0.8051346320324383,-1.5128410255513671,0.4566538305589299
3179,-2.1989936912626753,-3.220858631410463,-2.6058642908183254
3183,1.460510865090965,0.981321328477888,0.8051700250197747
3186,1.4602093006194858,0.9812877312067668,0.7167633243175132
3192,1.2339755877746328,-0.9030255884499347,2.309524448920715
3196,2.9081807841244927,3.633107481173713,2.276592867178155
3206,-0.7763379832529615,-1.7588255314145598,-1.93405464770672
3210,-2.45240284648572,2.760396815200768,1.9355795226220136
3211,-1.6762132014541495,-2.111153510063116,-1.8468886131301108
3216,0.0163127895803629,-0.3698358241162211,-2.022659456455939
3231,1.2338394609002616,0.5417385721158983,0.1450755186428834
3234,0.9811407721087754,0.9811200344828072,1.962307889588973
3235,0.0779265644214155,-0.1099454366990457,0.0121031383983458
3239,0.9812529754090548,-0.2672162323135227,0.5421913822337534
3241,2.372516320104205,2.0719845592275568,1.99049449397526
3244,1.067519761646201,0.1425359125040827,-0.2053472919909361
3245,0.5423936030501064,1.067766296104637,0.8049487464410097
3247,-1.5152726570119432,-1.5152474011322727,-1.846706724455419
3250,1.926821061598642,0.2969169952441421,0.8935733659949241
3254,-1.061318262443468,1.9267991654460832,-1.1601844887617754
3255,-1.3680894999779962,-0.6373082467305535,-1.4396638519957774
3258,-0.5003358217273656,-0.048934530132469,0.296912679732593
3260,0.2973856771762857,-0.0422339598916124,-0.100392371250488
3262,-1.2841162488318512,-1.3654525776056026,1.067492883829304
3271,0.8051425679395824,0.7167881747128771,1.3135236149034537
3275,-2.451706803710212,-3.2837967469601583,-3.2066588026973326
3276,1.313555010974053,0.981260679610881,0.2951433779237446
3277,2.553963364459664,2.770965126463652,1.53135395512489
3280,0.4572161504027419,1.314394595194111,2.841343068071534
3281,-1.9344684734048088,-3.0301320207712727,-3.349693276011082
3284,1.7103268500939055,0.981188677183288,0.0793744330277592
3286,0.805258999861917,1.067852027072326,0.1485038884555042
3294,-1.4393255622313823,-4.496544930542157,-2.285101643504279
3295,1.2341682507466152,1.1524677970655033,0.2207888517206677
3326,-0.8185032536262727,-1.760511998572195,-2.111091644743189
3327,-0.1193145570882138,-0.2827134370289046,-0.8278855812185714
3337,-0.2512338366620842,0.2222652780074647,-1.2357930620726234
3355,0.2975442794665105,-0.4624778373644769,-1.0652689539693674
3357,0.8052020003536696,3.3703612967480545,1.5992316804980446
3358,0.1446282115263327,-1.5037648965369097,0.0062322469751992
3359,-0.1008846581619108,-0.971945929828114,0.0115170687594306
3360,1.8704276944633949,0.5418092422379122,2.0518153064047673
3368,-1.299465220069992,-3.2382372253823135,-3.0335399425895733
3369,1.8245333587009265,1.5971328937268887,0.9811673023676952
3373,0.2212447898603169,-1.043729743453438,-0.1560805722133275
3374,-1.84647988494902,-1.2960983100929917,-1.3663137104202416
3375,1.152083629648129,-1.5135598913007062,-1.3661307790716186
3376,-1.1763197519968165,-0.044197749351823,-0.6256415943336474
3378,-1.300109940117546,-2.022820259946686,-0.2564824834535306
3391,-0.3836589289453202,-0.8600651633513072,1.7843276202026062
3393,3.1253220327299633,2.2705613460432503,2.4068080120638866
3399,-1.0191717602009212,-1.7605314618189136,-1.934434181017733
3412,-0.7490396791298585,-1.0110661289112357,1.726958310267612
3416,1.4609224895885318,1.4601390939081078,1.5962335295347665
3423,0.7169566244791203,0.4578145583498447,-0.6086935667691162
3424,1.5934396268093745,1.067642681317442,1.3128134381035426
3433,0.5426913443838375,-0.1053423209237664,-1.1120646234191618
3438,-0.4749691869147544,-0.263194059696996,-0.490857394354394
3445,1.608663013765117,0.8931507354947487,0.3732345868283107
3451,1.4642761923624017,0.8934015565015688,0.7156877482309923
3459,-0.8412737462024721,-1.4390692961495877,-1.3668292547529666
3461,2.5587890911192877,2.5941301764645472,2.6580690272830245
3465,-0.5364857903380378,2.768387404800027,2.328774758452005
3468,-0.1618120349613203,-0.6943810317847365,-0.4514038871712159
3472,0.893596304821414,0.4580332302437814,-0.5680685574977327
3473,0.9809208258355891,0.8934589614941227,0.1446363212124654
3474,0.7166940444274078,0.2938552701342161,0.218183644013686
3478,-1.174880746118889,-1.6760454468038606,-2.1988530461346016
3482,2.0069376935780276,2.7013946778892737,2.715969405807055
3494,3.204226730043138,3.3705026369920823,2.9751012189760058
3501,-0.4588652038976542,-2.6074906304459193,-0.9884513423087852
3505,-0.3514880647251769,1.1522805791684956,0.9811187021772284
3508,-1.1120497942788048,-1.6750427420398752,-1.6757204800952552
3518,0.148898135054215,-1.7601536662977866,-1.9343947911136596
3527,0.1495798700263318,2.3287970021625406,0.0786909023394273
3528,-2.111286508915693,-0.8176195874694504,0.010898386596996
3531,2.975717786827413,1.780950631044269,2.5389310185386775
3533,-2.0227437971917195,-2.36935757513848,-1.6754922503569478
3534,-0.2012302070834913,-0.8046556169966221,-2.19879048569872
3536,0.8934987568825028,-0.2986484489427961,0.2202463426815514
3541,0.2200341295733561,-1.9342418656037277,0.9809904532836718
3544,2.1218554216588905,2.9061383017456297,2.776989928144332
3545,0.6289869779330847,2.0069409374524807,-0.2954823695502403
3554,-0.8412707919596666,-1.2949147593282462,-0.7562232970325794
3555,-1.236417044494209,0.4582862524511232,-0.3988813311534608
3568,0.0729907198093752,0.5418822873394364,-0.1701359326606357
3569,0.9813039505790322,-1.1120569771436652,-0.4447869625501857
3571,0.8051138364801407,0.2204318227886733,-0.4075412594903198
3572,-0.3836546423969357,-1.1074525290628068,-0.7406354955378288
3578,-1.5942348172440022,-2.7466076619469133,-2.6060737524258686
3583,0.3749094976832067,-0.7733997281144066,-1.5115708169976605
3587,-0.9609105006439832,1.313501718750895,-0.156886790867582
3592,0.1419375914464742,3.1225468981353357,2.7071298479223556
3593,-1.0657973579472455,0.628619493298612,-1.1186881516417573
3597,2.845357826117882,3.286045585141789,2.6639358059367755
3601,0.2846791602750075,3.037177159037131,2.4745512324998966
3606,0.8051693299038205,0.7166792732133802,1.7661444295137274
3607,-2.2855543956958044,-1.5135283793774474,-1.4387798962073073
3612,0.1475123634731163,0.0160012328170414,0.2957417569076827
3614,-0.3084691629968993,0.2200295244301593,-0.4035554356455665
3615,-0.8363950748776677,-1.7599100281558269,2.4164036244014766
3619,-1.439032107446036,-0.2536945181769144,1.0677425463095338
3620,-0.0425146998476294,-0.8832768228531283,-0.5952073325093387
3622,1.151968819663021,-0.4874125155378601,-0.2501144972336112
3640,-2.022681468461156,-1.0555728973763905,-2.11114215650253
3641,-1.1183058378669275,-0.5800813776398482,-3.1944419080963193
3649,-0.6769365176498925,-0.2564795292107251,-1.2330675124160646
3653,2.9769064351091563,3.457000317578694,3.048402354876768
3657,0.2209380409823456,0.0141021181037395,-0.2480699005437206
3673,2.3051927179992355,1.784447991115348,1.597107637847218
3674,2.365269041165342,2.476732738069607,2.043447732252994
3680,-2.1987763516743173,-2.451094869965166,-2.8685956461036275
3681,-1.9345064730769737,-0.7406354955378288,-1.760164208889759
3685,0.7167975008519298,-0.0504134472514353,-0.1122292980930172
3687,-2.285518017960866,0.7162390910353604,-0.1776571162486324
3690,1.0676270412084716,1.3129010227137765,0.9813178528981168
3696,-1.7606601741231065,-1.5941505923608803,-1.6762969629266349
3697,0.7168569332660171,0.5426821920237734,0.3757544111255804
3729,-3.0818984644098077,-2.811048154779031,-3.2000107137110207
3733,0.9813383588187669,2.588351909242302,2.1793211210062053
3734,-0.6597328611931911,-0.6341875236540117,-1.0596335330757185
3738,0.8051536897948502,0.5425428212749491,1.1520228070021332
3743,-1.5149060991987429,-2.111165558739656,1.2342583841153478
3744,-1.367525760939111,-2.4513050266886633,-2.198826400023022
3745,0.3753200505436773,2.255417781569586,0.98105457773045
3755,-1.300587368925447,-2.369441452463624,-0.7156800218121481
3760,-1.5150342322396404,-1.514529114646229,-2.1110594377039757
3768,0.7166611422722405,0.4578673581992019,0.981017562805887
3772,-1.5940149288971457,0.1441587765519054,-0.6086965210119217
3782,0.0153193819922656,0.9814097240567352,2.341574391927986
3783,-0.0994923409055764,-1.235231871792237,-0.6086946673693772
3794,-2.6055308668656103,-3.18847364251325,-3.1134553385002075
3796,-2.9262124173183297,-2.9792900813518712,-2.678331055868686
3806,-0.4767548239485273,0.5413056307290683,0.2170784965359452
3814,-1.4383761496905554,-0.5875062587050186,-1.8467665044274832
3815,0.9814028887498516,0.2966804820407134,1.2343429565564463
3822,2.1874528191441747,2.3871714497673597,2.565005281392701
3823,0.981094025560853,2.672304538615139,1.067760735177003
3828,-1.367384536547742,-0.8098431515104253,-1.9343637426010372
3832,0.4576255736997868,0.6286882518517518,1.151951789322142
3835,1.2343426089984693,-1.7596023234934184,0.0095336133103481
3841,-0.4127256080559994,1.6567766230641423,0.4569576541572605
3854,-1.367837868002563,2.1874488801537675,0.5344552050737443
3856,1.9944897887748896,2.416272479191444,2.9732167596240724
3860,1.152092550302875,0.7157114980260953,-0.6894099100380188
3861,0.8935641557085304,1.0677269062005637,0.4578990728646139
3862,1.5284461692356623,0.9812347286152562,1.3879560520197345
3879,-0.9065710273745148,-0.1267915139236223,-0.3797175056321438
3891,-0.5952072166566796,-1.9343616572531743,1.6549825287862596
3895,2.578238203813489,1.0674299758354455,1.9465631656675535
3902,-0.389507605621096,2.6611896345069077,1.2341599093551645
3908,-1.2352238779587632,-1.018643819633679,-2.6053401733888317
3912,-0.1089085554006439,0.5421960742664444,0.2204285499510554
3914,1.654600446716748,3.121969720188002,2.8288791756014486
3918,-0.3003755803837541,-0.2672164929820055,-1.0596334172230593
3923,1.06765380317271,0.2946763468919924,-0.7733930086601823
3930,0.2967901365824941,0.8048542106712336,0.2935134758268853
3944,3.4567681488499793,2.4520633045590943,2.6483193309089126
3947,0.9812732496243868,1.591944432391813,0.8051604092490745
3951,-0.7212708394320672,-2.0227998698786944,-2.0228383329614954
3952,-1.299462092048198,-0.2109500713979009,-0.554589448176486
3957,2.605853307032735,1.1526072836669865,2.370725933111411
3967,-1.111259679144157,-0.4213897070885837,-0.2340655731927193
3968,1.3134122804981168,0.6291371229791995,0.6289979839356934
3974,3.123069625332921,3.721352914974592,3.2857825996057697
3977,-0.9271659807929444,-3.3912948073455076,0.2202358580159083
3987,0.6288918629000134,1.6558398384631503,1.23388186297347
3989,-2.9850919825165603,-1.1190515814331636,-0.5110047510246252
3995,0.8937310414638766,-1.1691243750492029,-1.2350080444549731
3996,-1.368368704886281,1.4635708813741704,-1.676221079434964
3999,0.0823606511671565,0.3754158317295381,-1.2361232421508854
4000,3.0482213930233484,2.107798555127015,2.9072402922384115
4005,2.6663941993615894,1.9326202981521727,1.7685853291870266
4011,-0.1607016741139227,0.893590628041121,-0.6769375603238238
4015,-0.2063260152545001,-0.7299740387370772,0.5410405598451864
4016,-1.0683581651226506,-1.7603115734720571,-1.439320696419703
4018,1.816197759883048,-0.3281377006273211,1.2339810328496077
4026,0.4583389074846566,-0.5110039979823414,-0.4447863832868905
4031,-0.2599839562940052,-1.417440879086198,-1.7532362198792084
4032,0.6286409260405342,1.7669025693144806,2.6483107578121436
4037,0.542919458269486,0.4582763470487754,0.8935223908249468
4042,2.234654668016561,-0.80566764789966,0.2208053896877456
4044,-0.798807954031613,2.2025651033998983,0.7161530704360237
4045,-1.8467276937867052,-3.508995779707131,-2.9250566711917534
4057,0.016604014202023,-0.7337694297735345,-0.6543650020155931
4061,1.460065759174936,1.5933750968782896,0.2190670205388607
4064,-0.75011276438421,-0.6238229392920484,-1.6761959394079526
4074,-1.4399278802057278,0.375013533371024,-1.7604297431842773
4077,-0.5321736964422651,0.2212452822341178,-0.9065701005532424
4079,3.125403361296609,3.2038261115481808,3.0495611131724787
4084,-0.3358462469281492,-1.5934339278120635,-0.2631953051130806
4089,0.0149337374534885,-1.439226739913222,-2.111197765778869
4091,0.541422757767357,-0.4874118783482354,-1.29349371061247
4096,-1.235618008704815,-2.97882597559976,1.0675299566801968
4099,0.0145322500635877,0.893584951260828,2.3776659707985024
4100,2.1101684371203233,1.921637466075246,2.071917596390632
4101,-1.6762655668560351,-0.4749699978833677,-1.9343892301860257
4102,0.0783223171046938,-0.1110472823760039,1.3127338473267824
4111,2.907591325795301,-0.5375751528909843,0.3720761760905766
4116,-2.022874942401752,-2.5302229312049693,-2.1986892304747196
4117,-0.4410471807900673,-0.0504128679881401,-1.5937970100454926
4122,-2.530976900309997,-2.2851394114711256,-3.2242897237605708
4123,1.312685073357327,0.6286878463674451,0.8049470665774536
4124,-1.7605925161702274,-0.5110082845307259,2.3670149407370644
4126,2.305206852023638,1.7187222288838484,1.5305185416005576
4133,-0.2005497175274592,-0.5230052907848827,-0.3988815628587789
4137,2.908724596506023,0.3756945153008571,1.932632926092008
4141,-0.4824385554009959,-1.4388993402987769,-1.8466760235007735
4153,1.594787920055274,1.0675964561064852,0.4576287017215809
4160,-2.02288722278361,-2.2850001565749603,-0.8511416122888044
4162,-0.9805383739910822,-1.7596334878587,0.1406258497145016
4166,-1.1174632414777346,-1.5940019533993333,-0.6599957888028808
4174,-0.5800750057436012,-1.5133748746042204,-2.1110325598870787
4187,0.016889214485413,-0.7668799459479808,1.067816228600683
4196,0.2967850680286611,0.4582003766676104,-2.198751327499965
4199,1.5944942335646093,2.3550647389571595,2.773196912087385
4202,3.047758909208463,2.3407947035326515,2.1550059649270352
4205,-2.1113662155451123,-2.022804503985056,-1.760360926704808
4208,2.1430075684409697,1.8645144588933695,1.3880778131643847
4210,-0.5917431642250748,-0.3022160157252526,-1.2339965348889008
4215,0.8052269086753631,0.8936800662938993,0.6292663566203579
4220,-0.2185729736205342,-0.3108232311022486,-1.2310568895184373
4221,-0.4767517538530628,-0.1110489043132304,0.0131697648669559
4226,-0.3514853132245248,0.011520399523378,-0.608691539347583
4229,-1.1205551172421755,-0.3895047961941142,-0.928291141817534
4231,0.3750040624161476,0.9811828266240066,0.2955434461185721
4234,-1.439044387827894,-2.6057769379134097,-1.2305652108334746
4236,0.7169638652703103,-0.3062581729254636,0.2970171209047169
4250,-0.742417830770819,-0.7299760082322809,-1.514626430879822
4251,-1.2345588836958776,0.0102384898511081,0.9810553886990634
4258,-0.2986456105526496,-1.5148810750243904,0.1477814023105703
4259,1.9241615479577352,1.0677526254908702,0.629231253264669
4262,2.05476700045177,1.915749138826914,0.4466013822235832
4265,-0.8511408013201911,-0.5120129587899148,0.1482661008728261
4281,-2.3699632528399373,-1.081076470031986,-0.6276571988956133
4282,2.6159225250404776,2.315333532950264,2.774240049429375
4285,1.5936686675162952,2.2705676020868384,1.8193221902446792
4290,0.0071626017536144,0.3745196534855394,0.0115231510240302
4298,0.7166369869928308,0.6288096075120955,0.5422780400227147
4299,-0.3679861205619995,-0.7784608094508684,-1.3677159910052534
4303,-0.7063807026500513,-0.7562249189698059,-1.2970860698639608
4309,0.458103581770983,0.1480340479967703,-0.4514038292448864
4322,1.8152467254049944,2.133821147695107,1.461012159546628
4323,2.6626167075609537,2.7777913968395658,2.2917132611200115
4324,-0.251233981477908,-0.1014117877605397,-1.0662893841901857
4330,-0.1532757214116563,-0.5309569538907047,-1.515150316603998
4332,-0.9293531631429476,-0.821288699107555,-1.7604494381363138
4335,2.4676950721379503,3.370352491945967,1.535821812920741
4342,-1.3666840913711904,-2.2852596665312084,-1.934362352369129
4345,1.6546213001953751,0.4580371692341887,-0.4410481076113395
4352,-0.8756536020356827,0.6277661226121284,1.3132458002270773
4354,1.7726050688977135,0.8049309630578472,2.6525785380658338
4359,-0.6852096718845486,-1.513662073345979,-0.8710669952643163
4368,-2.1111732050151524,-1.934466619762264,-1.0129720210050914
4375,1.9571548791675637,2.3153402524044884,2.276588001366475
4380,-0.2490547060718843,0.1469234554440547,0.4576259791840935
4382,-0.4362481581683524,-0.8046602511029837,-1.2337122324636185
4390,-0.4672768599861918,0.3752992549913797,0.6289294570878716
4392,-0.9293459802780872,-1.3628915387248794,-1.0667582399013178
4399,1.959652199085815,2.3776921534994453,1.313990964530018
4401,-0.4410489185799528,-1.6755193598791631,-1.5934573300491894
4403,-0.6662595365928297,-1.293473320544479,-1.5936825476183618
4408,-0.7179885018961654,0.9811991039226016,0.8046841389677639
4410,1.5958544596343898,1.882596394358248,0.7166863402255816
4412,2.2346627777026935,2.4998402460309515,1.8276701852970747
4417,-0.7137971264711117,-0.685213726727615,-0.5110082266043964
4418,-0.3895093434109816,-1.846494945794695,-1.6762075246738566
4428,1.8276316063616147,0.7163921323979513,0.3746808624605927
4435,-1.5152458950477052,-2.8099531154457913,-1.760443993061339
4448,-1.2330874390734194,2.416437221672598,-1.05774606155465
4465,-0.4075385369528324,-0.4119396636170767,0.8051956284574224
4491,-0.3864941910699892,0.0153134445434898,-1.5148050756800606
4496,-1.9346091185328824,-1.760382011888753,-2.1989260333097964
4499,0.3758708430479149,0.4577608896055448,0.8050420078315363
4516,-0.5680688471293803,-1.2996103834517685,-0.3463163730624974
4525,1.0677028088474834,0.9811916893524232,-0.3062585784097703
4532,-0.686429542457903,0.4585086895564788,-2.3697929494311496
4534,-0.0454886376051685,-0.6086876582835052,-1.0005318783301094
4539,-0.4029446893902761,-2.881998408522567,-1.018080312300112
4545,-0.6694882343475962,1.715390885673173,1.1518470585183709
4546,-1.5944090596431972,-2.370086520069155,-0.2536971248617428
4548,-0.7089623633040832,-2.53093194947829,-2.022695370780241
4549,-1.4380195552060324,-2.989963355123845,-2.745015151295759
4551,1.939196674342539,2.3264954732380656,0.4516111697952553
4556,-0.4326449087669117,-1.047254676457368,-0.5321708580521186
4557,2.3563442157235897,2.8427425681927287,2.3776814950548135
4561,-0.6221827552716993,0.8934740802661274,-1.846839723307996
4563,0.8936417190637573,0.4583757486302311,0.0802402578750895
4564,2.1550064283376713,0.9810847573481298,2.2481329663691945
4571,0.2964006978691335,-0.5897346266753103,0.2955663270187323
4574,0.5427881972067944,-0.6542510029990984,-0.3961029526843801
4586,0.2212586632162368,0.5423626124638135,0.6292779418862618
4588,0.7168002813157468,1.816149217618911,0.4576386071239288
4591,-0.4749679125355049,-0.750109636362416,-1.675922990543256
4592,1.9296502993850408,1.152276292620111,2.2766139523621
4593,-1.9344413638825937,-2.3695605489971165,-2.0227827236851565
4596,2.155017781898257,1.3134254877012472,0.9813470477681948
4600,-0.62218026443953,0.8051711256200357,0.8050913031379575
4622,-2.7472467052141742,-1.437826428823414,-2.605883754065044
4623,-1.760491376798886,0.2195887629888442,-1.0641257199299676
4626,0.0815741274649386,0.8051155742700262,-0.4683472806293854
4631,0.8934016144278983,1.462193972521488,0.8047848149284691
4636,-1.113521354753922,-0.9187410595749468,-0.7349453342627835
4644,1.4603084704956233,2.560994925747396,1.859882669584978
4650,-0.5680709324772429,-0.1670190616850068,-1.3673809451153118
4653,-1.1170087514963234,-2.6775281969415436,-1.8469040215337629
4655,-0.0441977203886582,-0.5215000171859849,-0.2986475510846885
4671,-0.2152417172993531,0.3754286624115266,-0.6597307179189988
4673,0.3763578876265162,0.3760314148333434,-0.4514001219597972
4676,0.4581918904603357,-2.1990328494614304,-0.5035873424559629
4677,0.5423353870889392,-0.7959962099967288,-1.235234768108713
4681,-0.2005513394646857,-1.0161550728121964,-1.2362682896800026
4690,0.0817518454439049,-0.4075370887945944,-0.4185821337494251
4697,1.6550193699318343,2.448491335375594,2.0322100243261807
4698,3.124740452381586,2.835334485763119,2.355040641604079
4711,-0.9672764884055344,1.8311936122164376,1.3131136123431133
4713,-0.6779207439147609,-0.4389255710450803,-0.6193795264072547
4715,-1.2345489203672002,1.719711610592044,0.628543030543646
4725,-0.0459893527975364,0.6284627446509318,-0.2085001931435262
4727,-0.1607002259556847,-0.0441914933082349,-0.3108154110477635
4734,0.5424749316167521,1.8205145458115115,1.4605830412975465
4740,0.8051781347059075,0.4582268490002009,-0.7847366638436869
4742,-0.6597330928985091,-0.6276629915285653,-0.1089083816216554
4755,2.6713306811632545,1.6530550880978228,2.05561851749571
4756,1.6567436050563162,1.8396528258215104,1.6572548628406567
4759,-0.1008767512179314,0.3758601266769538,0.5426737347796635
4771,1.390315623126388,0.1475129427364115,-0.3357822962603595
4775,0.2965387942387084,-1.934475424564351,-1.1159855408116883
4777,1.2338050526605269,1.390975172314299,2.416255564703224
4778,-1.2991417594459544,-0.4749675649775279,-1.2978985445618036
4781,-1.007709993231526,2.7683920389063887,1.9250512963791575
4783,1.592990466050279,1.8152323596752735,0.8929911484569221
4791,1.3886260279469589,1.5971474911619277,-0.9460017695101915
4793,0.1482658981306727,-0.0450417938992539,0.2970172367573759
4794,-2.19878330283386,-1.5147930270035206,-2.529979177210351
4800,-0.5952062898354074,-0.5441769008136804,-0.6542552316211534
4810,-1.0634796096505053,-0.0489491854938375,-1.0531302599132055
4836,0.3754357583868928,1.0677060527219364,0.5423043965026462
4840,3.0498315132786766,2.8418644050372106,3.2033149696164993
4841,-0.648838482621441,-0.6256413626283294,-1.1653195420210338
4842,-2.5311687523133664,-0.0642682957091112,0.1391330302764506
4844,1.0675299566801968,0.3756508098852345,0.8051612781440173
4845,0.0184040748918462,-0.5573865947763311,-1.439791753331357
4855,-0.3836592185769678,0.2943997486685361,-0.1607091466104308
4856,0.3760415519410093,0.0102351301239959,-1.000533963677972
4866,0.2190916681920713,0.8051511410363513,0.542035734186334
4880,1.7695166687130437,3.544540208686023,1.152434663205018
4897,-2.5349038420407934,-3.117379036356551,-3.192047001928658
4898,2.46769391361136,2.0613330657554827,1.593435571966308
4900,0.8934243794753995,0.1436547595587549,0.3741876487278975
4911,-2.811024984247223,-0.5576588485250735,-3.214656343456134
4916,0.542828166374163,0.2157570521437781,-0.3417408012569046
4918,-0.5321745653372079,2.179368620596412,-0.8924598838718792
4921,-0.97194882614459,-1.2245408725634304,1.9746983314732272
4932,-0.2019534173075442,-0.512010525884075,-1.1735840073062622
4934,-1.014668219786086,-1.5148135329241703,-0.8046604828083018
4939,0.4573258339076874,0.6289676884653546,0.2944214131157764
4940,-3.2078430485780323,-2.680349672599787,-2.4519093141582124
4948,0.8936814565258078,1.1521493181058042,2.179355181687963
4954,-1.2365347507957931,-1.2362641189842771,-1.676079159927641
4959,-0.891724045707991,-0.9151680477175154,-1.438640525458483
4965,1.3887903070174763,2.3264804123923906,2.774207842390162
4969,1.234007678961187,1.4617172388295414,0.9811735584112834
4972,1.1519345272759454,-0.458866536203233,2.360945883340631
4987,-0.855763032784212,0.3729685022336621,-0.2827120467969962
4988,2.219512493774805,2.5064049211027553,1.4634524799566322
4990,-1.5149868485020934,-1.4395108106331864,-1.5939790145728434
4991,-1.934525704618374,0.8051699091671157,-0.3784790407070136
4993,1.312682988009464,1.9130334366463737,1.4605909192783613
4994,2.022767337498523,1.8448809087659777,1.313171191114656
5004,-0.4505126326652264,0.2170714584869086,2.779898525002173
5008,0.3751699634238918,0.5423953408399921,1.460339403155587
5016,0.6284036597948217,1.460364079771962,0.5422136838706184
5019,0.2219278861011774,-0.0465067797359707,-0.4389241808131719
5021,-2.7466169301596364,-3.070208931112741,-3.828566766570299
5022,-1.760499834042996,-1.6761779822458016,-2.11116509532902
5023,-0.964958624256135,-1.5149359891847751,-2.022569554792524
5026,1.1520919710395796,1.1520743614354056,1.06761638276384
5029,1.2339324905854705,-0.934683312280028,1.5936796735189038
5030,1.5929851368279633,2.2364719328262517,1.989297851860043
5035,-0.3324764406346728,0.0115155047485336,-1.7605070169078565
5036,1.4612111944148576,2.305206156907684,2.276590086714338
5038,-1.6761791407723918,-2.370711429312013,-0.3108225359862944
5042,-1.934422595751829,-0.4410467173794311,-1.675822777993187
5044,-1.1165083838619327,-2.1110670839794725,-1.760406340947151
5049,-0.6662629542462712,1.152458181294803,0.3726888339147413
5054,-1.934427924974145,-1.8465331771721785,-1.6759929655493158
5058,2.3732074970680337,1.7117176612656726,1.9010701435159971
5062,-0.5120114527053473,-1.1148370934026317,-0.8832769966321168
5081,0.6292820546556578,0.3764533502175646,0.8052824020990429
5084,-2.198904948125851,-4.4148396110493655,-3.5635982964389483
5089,-0.161819536420993,2.551301765470895,0.6288799880024618
5093,-1.4391228200780637,-1.4355588447280374,-1.363270261067279
5096,-0.4866068761469007,-2.678733528006189,-1.5929322857984232
5099,-1.2985971360958106,0.8049305575735405,0.2955805768957942
5106,-1.368003537304989,-1.3658892262775215,-0.0512150028361635
5111,1.713386866377111,1.3132469587536677,2.6596652452192684
5115,0.0168849279370285,0.2217340935657694,0.2212446740076579
5120,1.2337159619657256,0.2207806551450407,0.6287382422741272
5121,-1.119387090733741,-0.3630699129756663,-1.7604728403734398
5143,-0.6769395298190275,-0.167010951998874,-0.4624813708705776
5145,-1.1039282911748312,3.4563587255529344,2.6829059837385083
5147,1.594216418888233,1.0678333747942208,0.8935340919435097
5149,-0.4447885844874122,0.1488934719846887,-1.4385305812850548
5150,0.8052240123588871,1.6520691819693982,1.711182306128252
5152,-0.734946608642033,-1.8468555951222845,-1.3001172388350657
5154,-1.7597587245831214,0.3761995460047742,-0.5321739860739128
5155,-0.8756460136865155,-2.285115545823363,-1.514319537186027
5159,0.7169230851343285,1.3130999417293467,0.6291835798954744
5160,1.3140216654846637,0.7166061701855264,1.2344846443584516
5163,0.4578360779812612,3.1213373963749653,2.3001681881767007
5169,1.3138308561552257,0.2184987053199433,0.98089904553569
5175,2.155005501516399,1.9893027176717224,1.762388602160332
5176,3.3701914567499025,3.721164306845676,3.0466594674741803
5183,1.31276790800854,1.974697404651955,1.4603092814642369
5185,-1.0196684205502229,-0.210947290934084,-2.0227442606023556
5194,3.2864007893944036,3.5449259980406245,3.3707243789814836
5203,-0.959388775967502,-0.5850664017056507,-2.199275908340095
5207,2.7742569639175945,2.315340715815125,1.9893027176717224
5211,0.5419462959335557,1.7116600824941302,0.0115205443392018
5212,1.932624352995239,-1.130531189712051,0.2187960701325325
5214,1.1520324227728336,1.4655604190878524,2.5703472475010036
5216,-0.1539100147198965,0.0793771555652467,-0.7725947838394015
5221,-1.1731904558235056,-1.674694025536167,-1.367720509258956
5243,1.864524422222047,1.8740209805361585,1.3135358952853116
5244,1.2336856085690575,-0.6694845849888365,1.3887226490645974
5245,-1.8463215143641136,0.8048644636315586,1.9642836408362296
5247,0.2212491053718661,-0.7847393284548447,0.2195779886915536
5248,1.716162811940352,2.0360255157989813,1.7809249117539625
5260,-1.298786902751317,0.0071500317401086,-0.0476462485639519
5262,-0.7988038991885466,-3.2954295124542954,-0.3218005891410356
5263,-0.2490587319517859,-0.1025604089485849,-0.0434628090460424
5269,0.3754207554675472,0.8934751229400588,0.4579500480345912
5275,-1.115985193253711,-1.5930832418131515,-2.0226851757462456
5276,0.8053028500933633,-1.2276478091735463,-0.3463199065685981
5286,3.2033272499983574,3.3704152840871666,2.9075669967369024
5291,2.6096435426258653,1.823122157461169,1.669238661891683
5295,-0.7406347424955451,-0.827878630059029,-1.2350054956964742
5299,-0.4672778447337936,-2.111226497238311,-1.0110605679836018
5300,-0.7853586767700689,1.468122964053143,2.198211128767883
5304,1.662024169255328,0.8934068277975551,2.7147175019734764
5305,0.7167645986967627,-0.7763398368955062,0.0802378249692497
5310,1.463316353082261,-1.0064359615400706,2.5630582616048865
5317,-0.7137934191860225,-0.2631873981691012,-1.0472583837424572
5331,-0.2672153054922504,-0.3797143776103497,-1.846600719272398
5335,-1.5943358407626844,-1.3672675253621125,-1.7605729370708498
5345,1.461686885432873,1.5308165146396069,1.9821459196595692
5352,-1.1159895956547543,-0.4683439209022734,-1.2991563568809934
5365,-0.8434915136544616,-0.8138395469103158,0.1472187349087812
5367,0.9812302682878832,-0.6086968106435694,0.4571811918628768
5368,0.4582641245932468,0.716824610374145,1.0675048166531853
5371,3.4570431830625385,3.633145480845878,3.1249684504145754
5375,1.1523417493724684,0.7165250153978694,0.376620322862405
5379,-0.1045755500999147,0.6290325659544166,-0.2073739604818402
5381,-1.3005128756656847,-0.5631322494750562,-1.5944102181697877
5397,0.98119446981624,2.236472859647524,1.2340286482924727
5410,0.541847241910077,0.2193362910816328,-0.5003382546332055
5425,0.5428968670009733,-0.5321706842731301,-1.1748737949593469
5427,-0.9246933374910684,-3.0862072565047978,-0.7212685223788864
5444,-0.0470600051460482,-2.1988384486995627,-1.8467523704030808
5446,1.0676441874020095,1.3894154479656524,0.3762026161002387
5449,1.4617172388295414,1.0676763944412224,2.4284029477088143
5450,0.893676011450833,0.9813232979730916,2.5883234094881793
5452,0.8050637881314358,0.8051139523327997,1.6567890192986596
5453,2.7742502444633703,0.714351735366951,-1.7499248033258876
5455,0.0141084031104924,-0.3836559457393499,-0.5321731751052995
5463,-1.1178991950336996,1.0677231989154743,-2.369531354127038
5470,2.9769085204570187,2.773214985102195,2.387139242728147
5482,-0.734945392189113,0.8935453296514366,0.0796783145524194
5483,-1.368174767535049,-1.6759132589198966,0.2178185922850531
5496,2.0143872512595733,0.3763422764807106,1.3131548558897312
5501,-2.1110795960666486,2.050948265104517,1.5339310975252194
5502,0.8052027533959534,-1.1748794717396396,-0.8832768807794578
5504,0.5426154029658372,-0.9693204768689648,-1.1165083838619327
5507,-0.0999302060304155,-0.8511394690146121,-1.1748762278651863
5509,-1.2981394022399464,0.3737211100699463,-0.9111226466428513
5512,2.062251313931028,2.173984715825537,1.3127426521288694
5518,-1.1713986785988035,-1.8467216694484352,-2.1110823765304656
5521,-0.5831974086836991,-0.5935659899623993,-1.4398024117759882
5523,2.904775411064691,1.3132328247292648,1.7187412287199308
5545,-1.3678223437462516,-1.0120434619428913,-1.1178987316230633
5549,-0.5725119703825264,-1.1735709159557908,-0.6732079735977008
5556,0.8935238969095143,1.1520095997990027,0.8049648499606161
5561,1.530858800860156,1.9681604183656616,1.151909503101593
5566,-1.7600322527111134,-2.0226708100165247,-2.3695403906344437
5568,2.9065233959842764,2.780568385076738,2.8442097262668025
5581,-0.2914179396763289,-0.6535097776865649,-1.846237752891628
5590,0.014114601227751,0.146600110672676,-2.6061789466402763
5604,-0.4866040377567542,0.9808709512658728,0.1419353902459525
5614,0.6291795829787376,0.8051134309958341,0.3756433373887265
5626,2.168482641342442,1.531714025189184,1.1521302024170628
5639,-2.111144936966347,0.7166780567604604,0.5410252672941932
5641,2.20256973750626,1.8204848875307975,1.8260425712902315
5649,-1.176324617808496,-2.5314815544927725,-0.9636943241880388
5659,-0.6256432162708739,-2.883055448183642,-1.934460132013358
5660,0.4581581194102258,-0.7137986904820087,-0.954201936569653
5661,2.4390579167606594,2.901176795769612,2.051864891342836
5664,-0.512013422200551,0.4584986683014718,1.926777616851502
5674,-1.3684904660309314,0.1482689971893021,-1.5943222860015769
5680,-1.5153169127276964,-0.6373071461302927,-1.299470780997626
5686,0.8936317557350799,0.7167636139491609,0.7167586322848222
5687,-0.1568868777570763,1.2339216004355205,0.146591914097049
5692,0.8935381467865762,2.0518692937438794,2.219512725480123
5693,0.6293058623770904,0.716895048790841,0.7168888506735823
5699,-1.760211708479965,-0.7307842543080686,-0.0019072132909255
5702,-1.760553357971472,-1.5142243063002967,-2.873705211777897
5704,-1.5154392531356418,-1.93427175558976,-0.6407716040462043
5707,-0.7349455659681017,-1.5145342121632268,-1.7602597873334664
5714,2.975422825957499,3.45688863561538,2.603775837150842
5715,-1.299741760367119,1.5352346716447298,-2.1989095822322127
5718,1.0678592099371864,0.8049536122526894,1.5300287165581394
5723,0.8935336285328737,0.5428968670009733,1.1519327894860596
5724,0.6283021728655033,1.9044712300274145,-0.5128695733508515
5730,-0.7349473616843167,0.8937177184080871,1.2342132015783225
5732,-1.1751622680803546,-1.365884128760524,-1.7601645564477362
5735,-0.2073784208092132,2.4164710506490374,1.6646886645605732
5737,0.5426960943428581,-0.4035485713755185,1.6572958746819566
5742,-0.7023301461320598,-2.605609414968439,-1.9344587417814496
5745,0.2193419099355962,-0.2462603399358561,0.0168858837214656
5748,-1.3669816009996034,-0.0572250622659811,-0.911130640476325
5753,-1.3682344316544544,0.296413905072264,-0.3738926077146359
5756,-0.1079279205682057,0.8052430121949695,-0.425191006610652
5758,-0.4389211107177073,-2.198765693229686,-2.8091836220844524
5760,-1.1190474107374382,-1.3659134394832608,-1.5939735694978685
5765,1.5930153743719724,1.5936843076252654,0.4585502806610738
5773,1.9973247033415815,0.8935457930620727,0.8934825375102373
5774,1.9466830731696592,1.7103020576248713,1.5971320827582751
5777,2.183598401177937,2.9018705214919396,2.259635513474571
5784,2.3563592765692647,0.8051879821819259,2.6639545740675397
5785,1.652806004880888,0.0062520288167302,1.0675706209635196
5794,-0.4672767441335328,-0.4588656093819607,0.8932974049610924
5801,-0.5935640204671956,-0.4251924258057253,-1.439332629243584
5807,3.3704938321899953,3.7214963405664823,3.370722988749575
5810,0.4581000193017175,0.7169379142746855,0.0811896124895872
5813,-1.2342841970412954,-0.6086979112438302,-2.198892667743993
5816,-3.532672587634995,-1.367112977914954,-1.8467873579061105
5828,-2.7466375519329453,-1.6759394416208395,-2.4512422345474643
5832,-0.206329288092118,0.0799751869912076,0.5424706450683676
5834,-2.1111961438416422,-0.4439941828043797,0.1419269330018426
5850,-1.7604072677684235,-1.4386678666860164,-0.9456166752715448
5854,-0.8073315237887826,-1.5935599755050982,-1.9343716205818515
5864,2.255432147299307,1.6572889235224142,1.8260415286163
5868,0.3726657213092629,0.4553355141885568,1.6054626999118151
5872,0.0171456833093613,-1.4336723000282412,-0.8046578761234734
5875,-1.1197110147684153,-1.3565290265430996,0.2100023030113184
5887,-1.5941774701777778,-2.111163473391793,-2.3696221826117254
5889,-2.5314544449705574,-1.514322896913139,-2.2851482162732126
5895,0.893510921411702,1.5288801532964236,1.0675765294491306
5896,1.38836779236996,1.654652580413316,1.5282076286107005
5904,-1.8467619861737807,-0.7847396760128219,-1.1739278579982908
5907,0.8936109022564529,-2.812165206117488,-0.8185106102701218
5910,1.5294244290885903,1.1520535079567786,0.3751590443107774
5917,0.4585367258999662,1.90352749426688,1.2336740233031536
5921,-0.3891383252704082,-0.992980022750632,-0.6086874265781872
5933,-0.5084222794019799,-0.4337292606923549,-2.8699237809868543
5937,-0.7585201339243632,0.0793652227413656,-0.8434921508440864
5938,-0.6958889699947922,-2.530357320289455,-1.6761909577436138
5939,1.3882815979916348,1.2338827897947424,2.661196122255814
5940,-2.6068101119267224,-1.158945212868032,0.7156476052846352
5947,-0.7659824933247329,-0.7725956527343443,2.13876388554036
5951,-1.5156948241014825,-1.7605219619008723,-3.2270880288870063
5955,1.7695304551794693,3.1252261067282787,2.8418479539596273
5966,1.7750577855422347,1.067512694634,1.602718961387787
5972,-2.6060999351268115,-2.6058547909002843,-3.1118491572352864
5973,-1.2352278169491706,-1.934430705437962,-1.9345032292025204
5979,-1.0186405757592258,-0.7349473616843167,-1.5154287105436692
5982,2.2043976607605824,2.5094068952037816,2.714708928876707
5988,0.4574500569213423,2.0839456511574115,1.0675525479487094
5991,-0.6221780632390083,0.4579538711723395,-0.6086928137268325
5994,0.1465997341515341,-1.5137004205761209,0.0805053287589715
6005,-0.4251896163787436,-2.1987388154127885,-0.4993965462942044
6007,0.98124272244873,0.2212403005697791,1.3879380948575832
6012,-0.6943798153318167,-0.7501070296775876,-1.6757200166846191
6016,0.542613143838986,2.3841947315460037,1.6691458639117924
6021,-1.169127618923656,0.2938426421943808,2.3550114467340015
6022,-0.1685289983534309,-0.8278775294587681,0.9810267151659512
6023,1.152092550302875,2.219457347909102,-0.4672801617869744
6031,0.375767357660228,0.9812081404300068,1.067742778014852
6034,-0.3836567567079632,-1.366653042858568,-1.3669613267842715
6046,-0.3602614417784001,0.3758583599239035,-1.5936345846175195
6055,1.3136686624325706,2.07198177876374,1.2342252502548623
6056,-1.4385294227584644,-2.0225442989128535,-2.2856456875911273
6060,0.4582153216606264,1.3131584473221616,-0.2490613965629438
6070,1.5298552851275575,1.820515009222148,0.2221219393050683
6071,1.389254760327565,0.2190644428171971,-0.6086916552002422
6080,0.2202448076338191,-0.4119425888967175,-0.1618206659844187
6082,-0.1089047032997309,0.2198152549372661,0.7164462935160522
6083,0.4574335768805939,-0.33578223833403,1.9170815602585252
6087,1.8217747910365416,1.5324808539393653,2.0069249497855335
6093,0.6289231431179539,0.5423974261878548,0.5427979288301537
6095,1.4622958070087837,0.0087956608354325,0.9812518168824644
6096,2.615914183649027,1.8704382370553676,2.0069193888578996
6103,-1.0100086258395249,-1.5139242479133848,-2.451597670505397
6108,-1.2310572370764146,-0.8658980551022889,-0.5917431642250748
6109,-0.3376909108917026,-1.675776089371594,-1.6759548500244918
6111,0.2200303643619373,0.8051538056475093,0.6287300167353355
6114,1.2340047826447107,1.152110739170344,0.5379952568496791
6116,0.9813616452032338,2.7639008947260706,2.484024736134859
6119,1.1521723727849529,3.202689596963005,0.296271840749117
6122,0.149433084707329,-1.0472470301818717,0.1472273948950443
6123,1.6019074135112166,0.5390272723364012,1.2379894189997087
6132,0.0095345111684557,-2.2915937948115235,-0.379715072726304
6144,1.3885223398171185,1.8352106873159664,0.2970260705226277
6153,2.219542615466155,0.6287418337065575,1.8780095558815637
6172,-1.5149538304942671,-1.5935313598983154,-1.7603341647405697
6174,-1.0168383717952103,1.0689672247682385,1.3133979147683958
6175,2.2044041485094885,1.2340227398068615,1.313006216928184
6176,0.5426070036480569,0.6289990845359542,-1.118315801195605
6186,1.388200269424989,-2.747641762781498,2.779924707703116
6190,-1.170344651106864,-1.593939392963452,-1.6759477830122904
6194,-1.8468078638267604,-1.9343222673491012,-1.2365458726510608
6195,1.313068545658747,0.981353419664442,1.827638441668498
6198,-0.8309028478705911,-2.1113208013027687,-2.285140569997716
6199,2.777794409008701,1.9681446624040329,1.4626556453677595
6202,-0.6086929295794915,0.0153102296322015,-0.7023317680692863
6214,-0.1629980186319057,-0.9346780989103712,-1.2340243395270702
6223,-0.2580078574887717,-1.2948996984825711,-1.366813035380701
6234,1.6533519026102814,1.7133705311521863,1.2338737532873372
6236,-1.1170001783995545,-1.2861954565036295,-0.7659831305143575
6243,0.2206188669066923,1.4606892781858856,0.017142584250732
6245,0.8934845070054409,0.6289305576881326,0.2971155377385708
6251,-0.6599926028547571,1.769503577362572,0.8051432630555366
6262,-1.3668386388183489,-0.2631922350176161,-2.285310409995867
6271,-0.1532742732534183,2.4923930054025867,2.083885639480029
6280,2.0434950001378818,1.151934295570627,0.5424665322989717
6298,0.541787925348649,1.234005593613324,0.1373863197361149
6299,1.312529830794214,0.9812623594744372,0.2215047632272011
6300,1.388836300523115,1.9821463830702055,1.7375719199201802
6301,-0.1031955711517679,0.8050020386641678,0.2948997977081145
6332,-1.36666242692395,-1.2326991009603196,-1.6759745449765284
6335,0.2966662321636516,2.9061172165616846,2.503191168341005
6349,1.234017178879228,1.716177293522732,0.1450707107575333
6352,0.4584871699250622,1.067463341401249,0.542914013194511
6354,-0.1061505090732246,-1.439019827064178,-0.3022196940471771
6355,1.7146810564312391,-1.2140522679299657,-0.5850717309279666
6356,0.9812687892970138,-0.4185825681968965,-0.5404474878665461
6357,-1.1653350662773452,0.4568062347318961,0.145875828811527
6366,0.8052300366971571,0.9812232012756816,0.0813866199362835
6374,-2.2852274594919955,-1.4400292512823871,-0.6864265882150975
6377,2.1624251692119127,2.837734026037141,3.046317470424696
6378,1.388921915638145,1.233923222372747,0.4577175317478993
6381,-1.2994755309566466,-0.2564831785694849,-2.8732373987406965
6382,-0.2490601221836944,-2.2852874711693776,0.7167406171963415
6392,1.9449587221925184,0.4585420551222821,0.2968034017119541
6397,-0.6542519298203707,-1.0634725426383038,-1.4388916940232803
6401,-0.0459852110649758,-1.1684723562841297,2.276583367260114
6410,-0.5511242372182907,-1.6758130463698278,-1.6760124287960343
6416,-1.7603897740169083,-0.536483473284857,-0.6298868991714839
6427,1.718747832321496,1.974739575019845,2.0518597938258383
6441,0.2972205581739899,1.1523539139016676,1.5954613715622694
6451,-0.3294979846234312,-3.1469557567986506,-1.6761096291769684
6467,-1.760523931396076,1.6054986142361172,-2.2851278262052217
6469,0.5425169861319833,0.8051031201091795,0.375949825598215
6472,2.6505443970784213,1.5958616424992502,-0.1670103727355789
6475,0.1499890326548939,-1.1186888467577114,-1.5152034929744969
6481,2.9089641798049164,2.6016038314991734,2.666389101844592
6483,0.8932379725470053,-0.1577564678158254,-1.1135317814932355
6490,-0.5003388338965007,-0.5441772483716576,-0.4505173826242471
6492,0.0793794726184275,0.4576633416666336,0.5424344990387473
6495,1.7127927739415574,0.628952453840691,0.9811497506898508
6497,-0.4683461800291246,0.6291944700454241,-0.1999096026231022
6505,2.6580690272830245,2.3550547756284823,2.416256954935133
6509,0.9812533808933616,0.5428610685293301,0.0115108996053368
6511,0.7167046449457098,0.0807433480469677,-0.846047918428823
6514,-0.8098470905008327,0.4578010035887371,-0.4908571047227463
6519,1.5292476379308964,0.4575306034825394,0.4577358654311922
6528,-1.759854071321511,-2.9814657942886296,-1.50134091135183
6532,1.3136770038240215,1.893516086735998,0.8051492873938068
6541,0.2976729917707032,-0.292692000330949,0.0811843411936009
6547,-0.7053738851166701,-0.2986411502252766,-0.8864495637735789
6554,0.9813026761997828,0.2204312724885428,0.2965345656166534
6557,-1.3002222013441551,-1.5153052116091337,0.0760659707172441
6563,-2.285200118264462,-1.7604797915329822,-2.6781028261303788
6568,-0.0438220102153937,-1.3643264897597405,-1.5146544672233095
6569,1.5284643581031314,1.8143925437498976,2.2960403579351296
6575,0.2971177389390925,-0.3961027789053916,-0.530957880711977
6579,1.6523359906431656,2.000345213868054,2.1111742699061025
6583,-0.4326491953152962,0.628059577397475,0.6287588640474363
6584,-0.4749694186200724,-0.7501078406462008,-0.9683287781075884
6585,-1.2361415468710135,-1.8466545907588512,-1.9345152778790609
6588,0.5428635014351699,0.6291010928022384,0.8051939485938664
6589,-1.8468208393245729,-2.451294831654668,-3.1623141121021736
6599,0.7168621466356738,-1.2983816501499974,-2.198845863269741
6600,-1.3681635298271224,-2.111240167852077,-1.5153468027137285
6602,1.9130467597021632,0.3751551922098644,0.8935486893785487
6606,-2.369515134754774,-1.0634798413558233,-3.3511592755585653
6608,2.37768798280372,2.9025132720442897,2.77423101292197
6609,-0.3417380497562524,-2.370068910464981,-2.809970493344647
6615,-2.5305290139301513,-2.1986771817981796,-2.6770768349819267
6618,1.8351884436054309,2.319690983162051,1.7241948767915474
6623,3.125108632132013,3.2863537532148337,2.9769006424762043
6625,-3.1999692384590848,-4.4983480613274445,-1.110370625838689
6630,-1.1200063231963064,-0.2204005203537146,0.4578852284718587
6631,-0.4874155277069951,-0.853492146888053,-3.691847421700783
6634,-0.8816035628986235,-0.1701211035202786,0.0799849765408964
6639,-2.530837645413832,-1.514352091783217,0.9815088939328728
6654,2.6639457692654527,2.7683827706936657,2.9061114239287327
6655,0.2215091366650798,0.6286028105157103,0.4578146742025037
6665,1.4605956692373818,-0.425191730689771,0.0153113012692976
6669,-0.248068886832954,1.717849394950646,1.9391913451202232
6677,-2.6776924760120617,-1.5940576785283311,-2.1111043885356833
6678,-1.6759520695606749,-3.123677482017882,-4.258813420550948
6687,0.0115257577088586,-1.6758395766287475,-2.606703527480406
6692,-1.3000112336520444,-0.8832769387057873,-1.1735787939366054
6695,-1.1200063231963064,-2.1112322898712628,-1.5940825868500246
6702,1.665770496690682,2.4924314684853877,2.904766142851968
6704,2.051885049705509,1.5992871739217245,1.8802252379856903
6720,-1.364918728552749,-0.5631305116851707,-0.3283692321664112
6721,-1.675975819355778,-1.6754066352419177,-0.3341094417901614
6726,-0.3784792724123317,-0.4185825971600612,-0.1134765388570697
6728,-0.6597329191195206,-0.6086955941906494,0.0790401401801013
6734,-2.3695123542909564,-2.6055190498943883,-2.369646279964806
6746,-0.7903512891850385,0.3757479233766742,-0.685399206834737
6752,3.049712185039866,3.2034736877593835,2.836183685753878
6753,2.6626164758556357,3.204045304779083,2.5063824456869015
6758,2.062242045718305,2.640911943595257,1.835209760494694
6760,-0.5404480671298412,-0.2244118897097859,-1.593836168244248
6762,0.0714470989803354,0.296788456718938,1.594093151659015
6763,1.3136201201684332,0.893598332242947,0.4574547489540334
6,-0.0137686514195013,-0.1642341465174533,0.1043081775155529
19,-0.4560633455865368,0.3098631917844985,0.5435712594927207
20,0.7935632217599417,0.3086371493276645,-0.0790362800291032
21,-1.3470950104065158,2.0066498557795387,2.072971272234572
27,-1.9870569290176592,-1.043434327765054,-2.2334271188181085
31,-1.7351182654864403,-2.3123642170163494,-2.0712284522975293
32,2.681762865398601,2.349832769804755,2.6278235495253677
34,-2.0706408209505227,-1.65278699851217,-0.8670142814436264
51,-2.7371605267791272,-2.880037249274738,-0.275849961895089
55,-1.5724811744827856,-0.0135615952841736,0.168902047472447
72,1.5983325130319157,0.3099881726495284,0.3850981377782146
85,0.1049450942577139,0.0443783152592863,-0.0665333943068759
87,-0.6131336871298068,1.5987718571258631,-0.4959627323790415
91,0.3853133841978683,0.3100533213322193,-0.012295808394979
99,1.2770459936669492,-0.7926285673520713,1.8944339943081288
115,0.4632072700757019,-0.2883565547986428,1.2770418554180265
116,-1.094368470260981,-0.6939523091715146,-0.4807023647202276
117,-0.5082480439165961,-2.3864303663299937,-2.3864379531196853
121,2.0762397991752577,0.9613853662365526,0.9613407076335964
123,0.96129829058214,1.7022441733806533,2.799456274075842
127,-1.042311482890727,-1.3457044438171697,-0.771649024730891
128,-2.527607188129295,-1.9871263596384712,-0.8299565497203071
135,1.3497150241637863,1.2777166198951253,1.485042775965096
143,-0.5956214223489549,-0.8839828837722741,-0.0658681707925709
145,-2.386986041199209,-1.0943823793754153,-0.945413464757611
146,-1.987161764657031,-1.7350878033763155,1.5995524918045645
147,0.543698625598449,-0.7236261978276796,1.1239741201937643
148,-1.4943758643179836,2.0782314464206086,1.7076548188955696
149,0.793626559958729,1.12397791358861,-0.4561781819941384
150,1.3489305960902394,-1.493832259341459,-0.1627158977061415
151,0.7936108690982309,0.1696045439648949,0.8777638852093086
154,-2.526785056010009,0.1037401166374094,-1.0391790583590508
156,-1.49454990067545,-1.8187797495866025,-0.8243972720982548
159,-1.9028483914002032,-1.1541635233110266,-1.7350712503806254
163,0.7935940287241431,0.5436071243167163,0.1043068268370852
164,-0.4879522319785134,-0.7681975527024197,-0.446622620377821
167,-2.592092831381728,-1.3471392666797155,-1.987119232654216
172,1.9916321504394907,1.9532596625480596,2.119013199844495
178,-1.2146539171314248,-1.65282792119596,-1.7351229784921578
180,0.6259569559354587,-0.6763553827147882,-0.9951145240259676
186,2.681481694374584,2.7994877707481978,2.2948296940557
189,-0.9100000547485436,-1.987024052928996,-1.902840344805076
190,-2.6011314567367996,2.374653527036963,1.7521404200565251
196,2.3494812485490537,1.6530589008599528,2.4838228326418403
200,-0.6530317519816834,-0.462015239575119,-0.8983795643955375
217,0.8778456156255295,0.96136352547835,1.417191471873656
221,-0.2420842934032024,-0.1709290573525171,1.5424421277430438
225,0.8778355573816206,1.5987905941973737,-0.0670553022143967
227,-0.4057997143674269,1.417346081451458,0.237774119631457
228,-1.2789490859820598,0.6257903914163249,-1.6528582683547255
232,0.6258267735214359,-1.5722081650052542,-1.3470105211576795
233,-1.419262623075567,-1.1538367165975016,-1.1541093812209562
237,-0.3940525476168462,-2.460902983648923,-0.99425273368784
241,1.4174967826830551,-1.0955536187718649,-0.2840393266101597
243,1.2769830003222389,0.3100512234699183,-0.6301620066894346
244,-0.3453680032157781,-0.9476483490785228,-0.9016253309671488
249,3.0054516382631267,2.011357113928975,2.1171601839380503
251,-1.4191285897910189,2.11406362423037,-1.0404294992418242
258,-0.579346264093237,-0.9468416204413376,0.3841287817059396
260,2.4890319684244986,2.8644274718685248,2.3554798702650537
263,0.38518380527848,-0.2025485552347696,-0.9480137794486586
274,-2.593135670110218,1.7036258887153597,-2.993871281026236
280,-1.7350710204779074,-0.325054431292736,-0.7413908383171294
281,1.043615648441976,-0.320366255068887,0.0445664044203856
285,0.3100860537316833,0.3853175224467909,-0.6158669430674923
286,2.4476802861628855,2.218357842701728,2.2202009727913024
302,-0.2799306489246709,-0.8701878010861309,-1.9028311486963592
305,-0.158409446207561,-0.6421640780785103,-1.0973319162949853
306,0.1699393685357074,1.7011815630184215,0.7094375640722965
309,1.0436404779355113,0.4631183551995459,-0.0649947703671883
310,-0.833791384530912,-1.154118462378314,-1.6529227560671025
311,0.4632859830187502,-0.7002764156604112,-0.6935208967213354
314,-0.744207146611664,-1.3474813619239825,-0.0676446290939479
318,2.323514426268009,1.6518868568039906,2.3761352500539648
321,2.2168924427776986,1.702507182089955,1.974971790179896
322,-0.5889605083783037,-1.2792030135340038,-1.2147379465748251
330,1.8240458286757877,0.1050303594282229,0.5435725814333486
335,1.9227308806353047,1.4815804410332027,1.598917730400384
340,-1.987054170185044,-1.8186242203979288,-1.6528186101358842
341,-1.818688018402152,-1.419303775662075,-0.7277485259870449
344,0.0448790433789187,-0.9073200212900568,0.7935664403979925
346,-0.5179928154697626,-0.6467255204291051,-1.6522578774068744
347,1.8247709418481108,1.2771094468170954,1.7456256667387924
351,1.417115489025383,1.1239991795900175,1.277011508259261
354,-1.419347227275762,-1.8186019198342904,-2.7088109927295476
357,0.961405885054127,-0.243276425209143,-0.2405543195532766
358,1.2772463538856174,0.5434774017081293,0.7092501933571908
359,-0.0644708795487254,0.6259200565492324,-0.3382063611254945
367,-1.4194211409995736,2.0870249954783766,-0.9934355444769892
372,-0.4408970081393527,-0.5808450573870447,-0.8658205115808205
373,-0.291198784624623,-3.1120605898660334,-1.3468131496743443
375,0.9613384086064172,0.5432975603070355,1.6015659798081183
378,0.9613365693846738,-0.2858452124594307,-0.7595806838833745
381,1.3489418613234176,1.123982856497045,0.2382986139445544
382,1.124147351891718,0.9613409375363144,0.7093584200616522
397,-0.3399470695542348,-0.9920942920206371,-0.8342991246834409
398,-1.4943301136771172,-1.9028543688708692,-0.4806990311308177
403,-2.7635791079008873,-2.809980603361639,-3.2393455399349467
406,-0.6165227405703626,1.915833339292233,0.6257890694756968
414,-1.9871079674210377,-3.2095388824591824,-2.763845565150958
417,0.1053830014596742,-0.0139894442422249,-0.0654864748051422
421,-0.4694867905291602,-2.653344433101163,-2.386700502023551
424,-0.3658426507305637,1.5425767357843865,-0.7708899434319948
425,-0.5134762616248418,-0.4057983636889591,1.2778616885101337
427,-0.5396997702904456,-0.6584248674143582,0.3096619406927982
428,0.3853321500072186,0.3100853352856899,-1.0411379444670985
431,-0.7071826933067638,-0.1627148918817506,-1.278957247528546
433,0.9613735262465796,0.5434979205257038,0.105381593305527
441,-0.9492954871010691,0.384999222133829,-0.9073275506040688
444,-0.9931288542512824,-0.4781589509518655,-1.735043202249039
446,-0.7664096567408261,-0.9924668493750284,-1.0962604546781136
451,0.7093854911066874,0.877719054179314,1.0435809331315695
452,-0.7284889851657896,-1.0969252183869826,-1.6528373472073947
453,-2.5924760792125023,-0.6852994605771148,-2.967083476139495
454,0.0446523880368881,-2.386527845082393,-1.0970399398432251
457,-1.0934663319958584,2.206987314078782,-0.1178224778614335
458,-0.0119601216889743,0.793607535508821,0.0445667205366228
461,-2.7107479231280336,-2.591493474996107,-2.7638628078548018
462,-0.0649969257051688,0.9613344427845332,0.8777767597615121
468,1.5986674812919268,2.007693844021619,1.201940339214224
473,1.2020079306132927,0.7094385986345272,0.4630022830648355
478,-0.0662988935345962,-0.6738021980809145,-0.2049458083502133
486,-1.494558636978731,-0.0665336242095938,-1.419376309969579
501,1.651999509135772,0.1692937442281052,1.04359196846203
503,-0.0686781855002024,0.2364463164841032,-0.2107214819055089
513,0.0440461920454094,-2.3866901564012446,-2.9020285937574894
518,2.627826998066136,1.201992527131192,2.2907079981288088
520,0.8774659887625622,-0.2059103939410914,0.0413466743315788
537,-0.8708692327420494,-1.347528836835233,-1.419484364247002
541,-0.7296268886681405,-1.2784953729682422,-1.347377445895482
547,1.8903291962310047,0.1699351153354259,0.463217989289925
548,0.3851338014373321,0.6258698802810461,-2.1531112940204946
550,-0.8694169372729412,-1.9870612971692996,-1.6528274613905245
558,-0.1610837608359395,1.7928919412730049,0.0440453873858967
560,-0.8694156728079926,-0.949561254642986,-0.7235218794694228
564,1.5418475993144996,-0.2126740169509738,2.012891484668381
568,2.049676379341207,0.8777941748923948,2.2759654863421126
569,1.123957682149433,1.699604890178918,0.9613483518989672
581,1.1239884891136345,-0.064589480613333,-0.312279225801131
582,0.625401970774397,1.0436147288311042,0.6256007791497193
584,-1.6528560842789053,-2.812815993581761,-2.9742240246554092
592,1.2770139222377992,0.1693759919254415,-0.6607102728575333
593,-1.347558149431768,-0.947653521889676,1.3492303892344086
597,-2.070740598730101,0.3093286679653317,-0.4380724233469729
599,-0.9476431762673696,-1.9029171323128615,-0.0144743378121604
600,2.6281900144577337,2.059948662680644,1.2019426382414031
601,-0.9944883839737094,1.043635420075717,2.26229202219375
605,1.7899570031760228,0.8778210160347121,1.8651025457503072
606,-1.652850681565034,-1.0434383510626175,-1.042570813156542
609,2.3880504182156663,0.793661620123212,1.3489810597368233
611,-3.237064904973169,-3.303143774060795,-3.1959824387942417
619,-0.8694178568838129,-2.386517269557368,-2.7638598191194688
622,0.4632549461518308,0.7093641676296002,0.7935232761627029
626,1.9169320443811784,1.864461462021384,1.82949670716634
627,2.4518891152198687,1.8279604972051904,2.5290125108764294
631,-0.9953044236709706,-0.9962033432980424,-1.3475155024775936
638,-2.765200611770385,-1.0703632929205988,-2.0707672674453796
643,2.0206300101536083,2.141958410703902,2.2321432694737187
644,-1.7351490724506418,1.043656571125766,-0.7071812564147768
646,-0.4768978770683883,0.1038919961204361,0.1029890819336404
647,2.7982559519855763,2.025426010752162,2.406768407800656
652,0.3848180013164276,0.1695325556763459,-0.7649531080714363
659,-0.7661026791367218,-1.0946379162463846,-0.8685491119884682
680,-3.077867388532333,-2.5266346996324884,-3.4486404679298355
682,-1.2146421920928108,-1.9028129863816432,-0.0126966437836746
684,0.9613328909411872,0.3100207038841143,0.1047628101402421
688,2.736528451640044,1.4824384379764846,1.8535816607498403
697,0.0445657147122319,-0.2469905610928393,0.8777603791928603
702,0.7094009520644675,1.6532148898540624,0.7934026347114738
712,0.04349979949843,0.0440476576752362,-0.2038962449672236
724,1.123995846000608,0.7093802033441752,1.5421801535959725
734,0.7936356985917663,-0.8041784775706756,-1.153830049418682
735,1.7454422043698914,0.5431764015746909,0.5432445677305546
739,-1.2146549516936556,-1.902855288481741,-0.9046961415704222
744,-1.2142196308972717,0.793560635354365,-1.4943275847472202
752,0.4631864926175698,-0.6810223504129089,1.4173245855473324
777,-1.0970340773239182,-1.3470237405639602,-0.254556630801786
778,0.8778230276834939,2.083352529462303,1.7912829671016333
779,-1.6528386116723437,-2.0705658726644804,-1.8185929536282917
781,-1.0447401752028465,2.5282283127056,-0.9504879924989263
786,1.123983661156558,1.2770559944351787,1.7459999483635682
787,1.2770177156326448,1.043583577012826,0.5433837163505765
797,-2.0706663401522123,-3.065695648937431,-3.0546764116674683
800,-1.214233310108988,-0.9016280323240844,-0.7400043525010261
802,1.7013713477120656,2.0644080857001614,-0.5852399926941851
803,1.7865058185259488,2.146619228504318,2.0753578923493117
816,-1.3464530070667209,-0.546246307658931,-1.572030680107019
818,-0.4176707412072875,-0.8320504461994538,-1.2791377211621142
822,-2.311688303025661,-1.652031768083799,-0.6965099194327083
826,-2.070636222896165,-1.4191943419683444,-1.8186580160974632
827,0.4633188016317334,-0.6546325071308892,-0.5677393954762677
829,-1.4943233315469386,1.2773779731916273,0.3089722900147141
830,0.2381863639425294,-1.1510112121942502,0.3852579776428493
831,0.7935568419595194,-0.7032968775684598,-1.042562076853261
846,-1.0968070483899712,-1.2787247009293687,-0.1622683920657079
847,2.6281989806637327,2.6261167517475204,2.376140537816477
862,2.1748000139589436,1.5990109559525012,0.9613611689754914
873,1.3488582916854532,1.6521141156406556,-0.476357778108312
875,-1.419326536031149,0.3087513535027918,-1.902817354533284
877,-1.0970312035399443,-1.3472023749757849,-0.6421646528353051
879,-1.2792233599245395,-1.2792480744667163,-1.4194971238478469
884,-1.818676523266256,-2.764483085387753,-3.4009938193488227
895,0.2382279475966334,1.3488730054594005,-0.2014289577363331
902,1.8608579668206873,3.005114600878654,1.9283065963016883
910,1.8267008602137005,1.3490564678283012,3.004021183552221
933,1.0435525401459065,2.0799858340610653,2.3454030042358496
940,-1.3474046893675555,-2.1530085275055835,-2.152914037488518
952,0.6258853987145058,-0.5095780886154496,-1.4192138836993675
963,0.1053825129163987,-0.0679686194991784,0.1053205253960792
967,0.7093307742598222,-1.4941395243239606,-1.6528060804377576
968,0.9613676062515932,2.0796959267337667,0.4632421865509862
989,-0.0121748220896729,-0.2469917393442687,2.1356981596949076
996,1.2772716431845887,0.2355776865401174,-0.2754739559999289
998,3.005245875330587,3.0044069603128927,2.864239641347983
1002,-2.152864608404165,0.7935114936484094,-2.7623877520166196
1013,-0.5840984682240269,-0.496585653793249,-0.2090003152077919
1015,1.9273619260337504,0.7094119299192483,0.5435795359905657
1021,-0.8313958556858526,1.1239307835314365,-0.20143151540407
1027,1.2019357411598657,0.8778353274789026,0.1043083212047516
1032,0.2381020758585716,0.4632025283321448,-0.0131833765753535
1033,-1.9870762408459648,-1.5724809445800676,-2.762596043879056
1037,-0.9041549505724356,-1.2140662857844182,0.384869384573883
1040,-1.0955476413011989,0.3095980564750559,-0.6501448060770676
1043,-0.8163672299667034,-1.9028421840268197,1.6543595754865918
1044,-1.2793696930044969,0.1046595838198955,0.3094709490098852
1048,-0.9949230150619394,-0.4589512111020243,-0.573789055595646
1063,1.2019264300997898,0.0448085494580361,-0.441985654984389
1071,-0.161084364330574,0.3100814556773249,0.3852032033203046
1075,0.2382986426823942,-2.152841158326937,-0.523986609228686
1076,1.124019296077836,1.862195655784912,1.4174886211365691
1079,2.238390875833227,1.5420578453500384,1.417220439616114
1085,-0.2044052495847011,0.1048548861787695,-1.4192317011600066
1086,1.043606107479182,2.531087382905668,1.7888299051014145
1093,2.0248038939974675,0.1038895534040582,0.8777421019267856
1105,0.0439229354507639,1.9783819371948208,2.6793114127174076
1110,-2.233640008734904,-1.902895061651941,-2.0705897825471444
1113,-0.0654863598537833,-1.8186521535781563,-1.2792331307900515
1117,-1.652755616791174,-2.8625414225382175,2.163555472025418
1125,0.2381459872776945,0.6259205738303477,-0.8220354240013709
1128,1.744608577114709,2.299596956814514,3.0804916554898853
1131,-0.1182658452529445,-1.2132846165434863,-1.4189755895322425
1135,0.1051845954141083,-1.0432312087137707,-1.4192462999825946
1142,-1.4943355163909884,-0.3233961429883704,1.9942935043021464
1146,1.3487895507727947,-0.1178215295127221,0.3850954938969585
1148,0.38529881411312,0.3852803644200069,0.5435957441321793
1154,-0.1187390999977853,0.0423680746316232,-0.6094337477389421
1155,-0.9091212516092898,-0.1151070681222266,-0.5592076481385329
1168,2.864747036646435,3.2391020003891504,2.864415746829911
1175,0.1047632412078382,-0.3553079047007802,0.5431809996290494
1179,2.932935722976425,3.2391741898425774,3.080591663172181
1181,1.9490261189489,1.7451297665762364,2.183437459071243
1182,-1.2791886446141336,-1.0975007798412983,-1.652915744034206
1183,2.1882681749802027,2.738643786547637,1.4819449517924668
1198,0.1046602160523698,0.4628689107506014,0.1014641084678294
1210,-0.0128492704505345,0.4631455124581004,-0.0670555895927941
1215,1.348771848263515,-0.2816644890097133,-0.0128507073425215
1224,1.5428344567311765,-0.1779753457540836,-0.5979907997598507
1229,0.385233234362833,0.4631140732614246,0.104760942180659
1234,0.7094737737503691,1.4170405407393407,-0.0121767187870958
1236,-0.2055217721342854,0.5435537294104792,0.237769808955496
1238,-0.0119596906213782,-0.0130106046828357,-0.0124215939195216
1243,-3.210534361227781,-1.149839398041006,0.7935520714781225
1255,-0.0654856988834692,-1.1522831489811491,-0.9008844119829684
1260,-0.3429970452236965,-1.652831369736729,-0.7958645055824916
1267,-0.3763517051316195,-0.9903663431927412,-0.1948633384422603
1268,-2.311277696771454,-1.4943612654953955,-0.9052019850255284
1270,-0.2777010811041109,-0.3453673135076243,-0.3510817179885939
1272,0.7936503548900338,0.1050322848634855,-0.50296344256678
1277,-0.5158204646881253,-0.717571939653943,-0.5374536207363555
1285,2.1472004225752226,1.4172667650137751,2.185499916353714
1293,-0.8347799662179731,-1.0964029943632247,0.709369282965074
1298,1.04360967097131,1.8247657690369576,1.2020005737263193
1307,-0.3419166461386657,-2.0706569141407773,-1.735065732715395
1309,2.4700206229714414,2.800061837834847,3.004551109317029
1311,0.4632366976235958,-0.2005046913346104,-0.4719337601073545
1319,-0.8694168223215822,-0.0654858713105077,-1.0445076286036692
1333,1.6513001450678555,0.9613402478281604,0.5435537294104792
1334,-0.0649953163861433,-0.6883580288606588,-0.3142459573394275
1336,-2.311340690116164,1.3492376311700232,-2.152903002158058
1337,2.3484611701896374,1.83132477862789,1.7496573557516173
1347,2.8634186587422867,3.0797961997681735,2.932435454662228
1350,1.9543004321520887,2.496409086837154,1.0436568010284837
1351,-0.3703137700508553,-1.9028865552513785,-0.4001436764389695
1356,1.6030216088666362,0.5435037255693312,2.265984719649
1358,2.3498408163998827,1.890675659626912,3.0801509396619258
1359,1.4171471006490972,0.7094363570830274,0.7094142289464275
1361,1.6564499659492904,1.6553442488274484,1.748847293525022
1364,-4.265146407903045,-0.8592632837359518,-1.7351151617997485
1365,-0.8326645163590213,-1.494211139020593,-0.8680632700698212
1368,-1.6528005627725273,-1.9871539479646216,0.3850272415275756
1372,0.7094506110515385,1.7008553310616914,1.4816621714494238
1379,-0.5969492254963088,-1.6528025169456295,-0.6489686812478622
1383,-0.4687296059276868,0.3098170675517155,-0.0147406226351926
1393,-1.9029120744530672,0.2367319418732805,-1.0414587737099572
1394,-0.8342978027428128,-0.9952993658111764,-0.279930189119235
1401,-1.9029260985188607,1.1239386002238456,0.7093319812490912
1403,-0.7840468161731886,1.9063779003095704,0.3100214798057872
1406,-0.4925714948626654,-0.0120626870390069,-0.1156650132807815
1408,-2.4585216512966954,-3.2247549938447966,-2.8999390079543037
1412,-0.9954763909039758,-2.7107329794513686,-1.6528898799784395
1413,0.5436304594425854,1.3490396849298931,0.9613309367680848
1414,2.0987369296374356,-1.5723227715101378,0.1054959699076928
1418,0.9613815153660276,-0.2461536577239267,-0.4419850227519147
1422,-0.5364104371537881,1.4172833180094655,2.12424371657992
1425,0.7093580752075752,0.3847712735890101,2.14194645576257
1430,1.976634216733184,2.1533940017960194,1.6011366364824005
1431,-1.0971390279146491,-1.902811377062618,-1.902846322275742
1441,-0.2025485839726093,1.043630132313205,0.9613422594769424
1450,-1.9870969320905776,-3.01297366795559,-2.3864639321268104
1461,1.5987969165221163,0.1053204391825599,-0.6524144057083856
1463,-0.3076510829244992,1.0435765649799291,0.238003045262827
1465,-0.2410345575931742,-0.905691390436303,-0.7985565514579898
1467,-0.1162941995440524,0.543573213665823,2.328754139112151
1468,-1.9029366740438851,-0.7624323397207895,-2.07061461204068
1471,-0.237917622757118,0.4632986564060756,-0.1136208045265455
1478,-1.0972358169588945,-0.115377088864425,-1.154221918601379
1481,-1.652798838502143,-2.152855642198166,-2.3864986474372163
1482,-3.003284877714237,-2.4592030829526137,-2.7109932293280554
1487,-0.4161489576416877,-1.9871396939961108,-0.2420851842762343
1488,-3.0534278100064385,-2.6533490311555217,-4.759252869453832
1490,-0.5852371189102111,-2.233501607298715,-0.8007874124813381
1492,-2.386618886558689,-0.8179033824521733,-2.3112464300018165
1497,-1.3473461791258443,-1.7351004480258014,-1.4943985097356989
1501,-0.0640614802837872,-0.4533477921581311,-0.0113221991224225
1507,1.2024981981592595,1.4839405073840228,1.9369240398775285
1513,1.6997000699041374,1.5986839193362583,1.4815487144581296
1531,1.3489120889214468,1.1239711314584313,2.0543431746122898
1532,1.7873912888440224,2.184367415565234,1.5422771725429352
1542,-0.3845212407372695,0.3098195964816127,-1.154054319520014
1545,-2.657279218118384,0.9611985128025622,-1.818685374520896
1548,-0.9046977508894476,2.2431535405376826,1.748109305800495
1555,0.0449476118645387,-0.4155752641469551,-0.8705371382660122
1556,1.9227351338355865,2.118587649913623,0.4631892227123451
1560,-0.5498875643810462,-0.2453674479043157,-1.0969307360522127
1561,2.553444502612632,2.151564895772238,1.41746861960011
1564,3.080404292457075,3.405194299340443,3.2389794622404984
1568,1.651025526271299,1.4816417101075288,-0.434178647227061
1572,-1.347599072115558,-0.3982798263669426,1.417652081969011
1577,-1.902878278753533,0.3101140156497505,-1.572447953540046
1578,1.3489151926081386,1.8300549109654525,1.124068840113548
1584,0.1691112302079155,0.3096605612764907,0.8778103830340082
1590,-2.8135268527855732,-2.6519429461327153,-2.7615166506184163
1594,-2.311563006044394,-1.4944629974480756,-1.987099690923192
1597,-2.8684361282257167,0.8777231924282366,-2.654615795131267
1607,-2.652868534475066,-0.3176891528700537,-2.5911394248105086
1610,-1.8186515788213615,-2.527497524532847,-3.1219956059182796
1612,0.7935911549401691,-0.2836260764746964,-0.2420854716546318
1623,-2.070672777428314,-3.2118930862906954,-2.7092183803457037
1640,1.4834774833101294,0.3837253311738277,0.6252231639355338
1641,0.7094014693455829,-0.3794703929758999,-3.0176142543168294
1647,-0.2807714893776279,0.1050271120523322,0.5435367740850324
1652,0.1690075728199728,-0.3480487263824186,-0.0665366416827665
1653,-0.7231017322524218,-0.3744700950746332,-0.0125527821579354
1655,-0.2014293313282497,0.1697287489082518,0.3095382530305566
1657,0.463226840544565,0.5434910809198457,0.3097656842942602
1659,-0.766099230595953,-0.2038963311807428,-0.0125551961364735
1665,1.4173644736688915,0.7935860970803749,1.04359748612726
1668,-2.386439102633275,-3.3001651544474084,-2.590729508264455
1670,2.342814299632057,2.5322723015138338,2.799681578739406
1673,0.0436472533541367,1.4820571443188124,0.1691106841889605
1674,1.7865047839637185,-0.0670565666793453,1.348981749444977
1685,-1.5724611729463265,-0.7033002686335491,-0.7681938742589329
1687,-0.9942433076764052,-1.0966776131597815,-1.0970313184913032
1698,2.933467028157541,3.1590802211677573,2.7996926140698655
1703,-0.283625904047658,1.7002778154342737,2.678412493090336
1707,-1.6528356229370105,-2.7673734223574584,0.7092643898500224
1714,-3.3530264564763095,-3.4626521189762607,-4.592566961684867
1721,1.124001363665838,-0.28077125947491,-0.3969123937385871
1724,0.3101155387552567,0.6259202289762709,-1.0974156008843086
1728,-1.9871746392092349,-2.592617699286742,-2.386792003305284
1731,-0.2049462681556491,0.9613354198710842,0.7093199688320798
1733,-1.2786437751726605,-2.152954040561436,-1.9028472418866136
1734,0.7094144588491454,0.1696637151769199,-0.3097514166797477
1737,1.4822806097606318,2.4157454192273247,2.216890833458673
1741,-0.8314024079133134,-0.8689979395695299,1.0436603645206115
1742,2.141965767590875,-0.1222857804893157,1.9457832261612624
1747,0.8778203838022377,0.7094034235186852,-0.20678313339616
1750,-1.8186584759028992,-0.7681914028047153,-2.3864009387821
1753,0.3852055598231633,-0.1182665924367777,-0.1137975709787872
1756,-0.865168622424155,-2.0706822034397487,-2.0706454190048813
1758,-1.419420221388702,-3.646279098223402,-2.3113333332291908
1776,-0.6251950159444267,1.5425039715741644,0.3850635374191675
1777,-2.4586832729073937,-3.0913803805835864,-2.709214701902217
1786,0.1053831451488729,-1.6527394086495604,-0.3813507673057774
1787,-0.4768987392035805,-0.4037982100430447,-2.311307124319348
1789,-3.2510583937048776,-3.3248854441918843,-3.1473088147722748
1794,-0.1578837736430342,0.3851777415942948,-1.7350859641545724
1797,-0.647080432749896,0.1692048580897889,0.4629231103163513
1799,-1.9871337165254448,-2.5275998312423216,-1.0978356331499506
1810,-0.8036997051606047,-0.0643571639168736,-0.908869967938602
1814,1.4173099867247445,0.7093813528577648,0.7936370780080738
1815,-0.1284947344543736,-0.3286952856850949,-0.067341818476606
1824,-0.7121814106268447,-2.152877023150933,-2.311227118173511
1828,-2.5272204917577517,1.6512816378990631,-2.8181003075531796
1829,-0.500978405024569,-1.9029148332856824,-0.7691490051005365
1830,0.3853117748788429,-0.5706542170854315,-1.4945397849558617
1835,-2.3120984494744325,-0.3795986786924999,0.9609935545295354
1837,-0.2770456859309971,-1.0977134398553754,-0.1999742770265265
1846,0.3101154238038978,-2.3115735815694185,-0.5706542745611111
1847,3.158459713732088,3.489328808282728,3.0804061316788185
1856,1.786715374853334,0.6258416022467418,0.7935698889387613
1862,-0.862111376081239,-3.1821174656818503,-0.6831505598727053
1874,0.0444774608063898,2.486664200332628,1.9027225620459824
1880,2.1682482463036257,-1.343581752022603,2.736126121883682
1888,0.7936212721962168,0.3101719223968269,0.3098597145058899
1891,0.6259338507123077,0.2382964873444137,-0.8581926842542723
1899,-0.6883610750716712,-0.3744727676937291,0.625747457083753
1927,1.417733697433873,-0.2044026919169642,-0.3419152954601979
1933,0.3852532933749716,0.4632275302527187,-0.2017806801569128
1941,-0.5325101950199346,1.2770962274108149,0.4631863201905313
1944,0.0444738973142621,-0.1156650994943008,-2.1530460016486046
1947,0.4631841361147111,0.8777717593773974,-0.3090079687656701
1958,-0.769849231303645,-0.9920952116315088,-1.0965541554002578
1968,-0.0116021918950107,0.543669198050555,-0.2005027946371876
1972,-1.494383681010393,-0.2074789627097882,-1.0439603451836577
1973,-2.7727506170269174,0.3062105548778461,-1.4191161750442511
1978,-1.279000814093592,-1.4192913609153073,-0.8306980434612824
1982,0.4628484781465461,1.5992753440781105,2.031372674453912
1987,0.2375503668112402,-0.7840468161731886,2.2653993873291727
1992,1.481816895978585,-1.5721978193829476,-0.7740458755165784
2002,1.7460250077598216,-0.6275078947623934,1.7478054893587622
2008,-0.5761844694893463,-0.9939953575951274,-1.0966872690739342
2025,-1.1539131592512104,-0.62026549934244,-0.9949178422507862
2034,2.1238312711039695,2.010873628513187,1.8600753779688837
2038,1.348807138330716,0.385026321916704,1.5987230027983048
2040,-0.3639889738538049,-0.9472609629988256,1.0435590923733673
2048,0.5435622932867217,-1.6528099887839622,-0.1209536379281611
2050,-2.0706157615542695,-2.7095227715442314,-1.9870348583567383
2053,0.7936232263693191,0.3848662521493513,0.877804980320137
2055,-1.5724522067403277,-0.671081989122471,-0.7422329144971952
2056,-0.2791396111479836,1.481789997360588,-0.5454930888793417
2058,1.0435870255535946,-0.0648513972847247,-0.7624332018559817
2062,-0.4171999866545042,2.13291541719719,2.0729908139655953
2067,0.1697846440065464,-2.528739918820493,0.3101189872960256
2073,1.9618773360266175,2.8640472127730834,2.488281795855922
2074,2.258502075888819,2.3170454235911424,2.624500075835099
2075,-0.6136889021935865,-1.6527982637453482,-1.6528640159226735
2077,0.877778771410294,1.2769971393393909,0.309862358387146
2078,-0.013183865118629,0.3848192370435365,0.9612612762445546
2079,0.8778151535154051,1.1239843508647118,0.7935313227578301
2081,-3.079849379863531,-2.8579523343857924,1.0434524175122517
2085,-1.5723750743784648,-1.494432535337951,-1.494389198675623
2086,0.0448831241521618,-1.9870971619932951,0.7092530671411648
2089,1.123986994745968,-0.3794711114218934,0.31011407312543
2100,-0.3760361923891124,-0.2061324799666033,-0.243276310257784
2108,1.7003096569607057,1.7865094969694355,1.4816774599801654
2113,1.8896901816265428,-0.3954378264436803,0.6258667765943542
2114,1.2770889854752003,3.2392328150356473,1.8621885288006563
2120,-1.4181142589995506,0.6257490089270991,-0.6011409842764863
2123,-0.2415425276484211,-2.3864512874773247,-2.2332645775965383
2132,-0.2370966688892611,-0.9952982162975867,-1.2145383910156695
2134,-1.2143667686367412,-0.2049460957286107,1.123937680612974
2148,-0.4965835846687876,-0.2836249556989465,0.7935587961326217
2154,3.0796389463091156,1.9668810537308132,1.9949287255117625
2158,0.2381475103832007,-0.0673406689630164,0.2378377739464814
2159,2.6805112750022384,1.9050876862565969,1.4825946568733122
2160,0.4633322222028921,0.7936185133636017,0.8778257290404294
2162,-0.7208171314687595,-1.2149416403829032,-1.735136772655233
2167,-2.1529207046673378,-0.134893185734678,-2.458620739368119
2176,0.4630945027925616,-0.170924861627915,1.8275088533158343
2181,-0.0118605450742747,-0.5755875845579435,0.4630886977489341
2184,0.7936179960824864,-1.4942905704096348,-0.1631902732267321
2190,-0.0639755541429642,-0.7937768164767287,2.329177619918562
2199,-0.2753068741996796,-0.2836266512314911,1.043627028626513
2200,-2.527509479474179,-1.9028387354860503,-2.0706610523897
2204,-1.2144248190730165,-1.7351375773147455,-1.0957332877459205
2208,1.5983874597814989,0.3098166364841195,1.7456310694526636
2211,-1.9870348583567383,-2.59139806536817,-2.458105527377258
2213,-1.5723723155458498,-1.7350820558083675,-1.735077917559445
2220,-0.0665354346934974,-1.7350910220143667,-1.0964001205792506
2237,-1.4193452731026597,-2.527134278238531,-1.818658590854258
2239,-0.9953061479413552,0.3098651172197611,-0.4352978136579013
2241,0.1051081527603995,0.3851531420034773,0.3099825112950996
2245,-1.2143641247554853,-0.6557464432748968,-1.3472930715980047
2246,-1.1536732557650595,-1.0972350122993817,-0.8332438712081827
2247,-0.2415430449295365,-1.9029428814172689,0.0433384365282891
2249,0.1702283562521343,-1.735113667432082,-0.8264831794579537
2254,-0.5023562120130708,-1.9028334477235385,-1.0973253640675245
2268,-1.1537759073286116,-0.7887399353054729,-1.818749402427837
2271,-0.7411562225934908,-0.3969123075250679,1.655657261377898
2273,0.3101440466922789,1.2770619719058447,2.5273847996335475
2275,2.626107325736086,3.239243390560672,2.4848369335305907
2277,2.246326198044995,2.863639135448773,2.798516661667698
2280,-1.0964088568825316,-2.311852453566257,-0.8689937438449278
2287,-0.4461199955607658,-1.2141451424166652,0.0441653391289721
2301,1.3489040423263194,0.0440492095185822,-0.9023119354342204
2303,-0.0125552248743133,0.0440473990346785,0.1698366882343158
2305,-1.0454265497672002,-0.4392137179144132,-1.097837472371694
2307,0.7936092023035259,-0.9480218260437858,-0.667079267852104
2309,-0.4151453748022822,-0.3794698182191051,-0.7914056573197691
2314,-0.8026403709121034,-1.5724146176459473,-1.153835682035271
2321,-2.153103707230803,-1.213973634989096,-1.3473846878310964
2340,-0.6935192874023101,-0.0670548711468006,-0.0645896530403714
2342,-0.6939532287823863,0.1689044327131454,-0.636696933970665
2353,-0.4958305957919163,-0.993724762096134,-1.0959311190346914
2355,1.043658640250227,1.201995515866525,2.2421608206016987
2358,-1.9871799269717467,-2.8601987138426006,-2.5269827723474214
2364,-3.968455111204006,-0.2729401119322002,-1.2772575767349543
2365,0.8778244070998014,1.8253376520477864,2.7368652591217986
2367,-2.2333546994619633,-2.458732701991747,-2.7638577499950077
2372,-0.7307183518214714,-0.6435642431063299,-0.8711788542274097
2375,0.4632456925674345,-0.0131815660914498,-0.01269604028904
2382,1.99466249816441,2.183023634178985,2.7961390077589576
2383,-1.9028764395317896,-1.987086126662835,-1.735124702762542
2395,-0.0171526757381026,0.5434758498647834,-2.462979694899905
2402,-1.652818954989961,-1.818682270834204,-1.572506003976321
2410,0.2380559228879489,-1.0964183978453257,-1.7351036666638524
2416,-0.065148086742202,-0.1141786634715813,0.0439233377805203
2422,0.385181362562102,0.7093996301238396,-0.7089518521968469
2423,0.3101414602867023,0.3099029649546989,0.9612831170027571
2429,-0.066788069042653,-0.993439222920476,-1.0964035691200194
2433,1.0436133494147966,-0.1642333418579406,-0.3813503075003415
2435,-0.4239425735656968,0.6256592319157508,0.1033842272300674
2436,-1.2132989854633562,1.417471263481366,0.7932757284111812
2447,0.4629572221321229,-0.3453670548670666,-0.3328076705519102
2462,-2.3114255242190773,-3.137395639478231,-2.591082179033746
2467,-0.5910581407766167,-0.6851530700214784,-1.3474576819440365
2469,1.9384946202950069,2.450363020978308,1.9315594898575552
2475,-0.4239405331790753,-0.3984777726070728,-0.519718580221838
2484,0.7094048029349928,0.6258318888569097,2.325121676168996
2489,1.9658025800810448,0.8778322237922107,1.348888293990142
2491,2.7368916979343596,3.3214956859513363,2.932246014822661
2492,-1.4194098757663955,0.7936170764716147,-2.0706408209505227
2497,1.8604637986108117,-0.4408972380420706,0.237957811903076
2498,1.9843226234259044,0.7936287440345492,1.5987213934792794
2513,0.6258845940549931,1.2769971393393909,0.5435741332766947
2518,3.005129314652601,2.680520011305519,2.2782297982109183
2521,-1.2144216004349655,-2.8619057415231652,-1.2139686920806607
2525,-0.0679681022180631,0.2379517194810511,-0.4694867905291602
2527,-0.8147024469105566,1.7934872743610617,2.3627898570840755
2553,-2.233416773195802,-2.1529243831108245,-1.6526640005580822
2556,-2.153132674973261,-2.3869653499545964,-2.3867961415542065
2558,-0.5056357742842166,-0.5510844954062234,-1.818633646409364
2565,-2.709075610757875,-2.855801364556922,-2.954842765729217
2574,-0.7106150259339682,-0.690475202989995,-0.9091206193768157
2575,2.6218518264273647,3.489332256823497,1.7917982940438535
2579,2.6817690727719854,1.8306786370391728,2.002558736914131
2580,2.15157133304834,2.3822683648599483,2.1577055973679133
2590,2.132918635835241,0.3848730055416903,0.6258343603111273
2595,-1.4943352864882704,-1.2133081815720732,-0.7098403687259327
2597,-1.902901498928043,-1.0439504593667872,-1.4945338074851957
2602,-0.8343018260403765,-0.6004116179038813,-0.8326684821809054
2604,1.0435897843862096,1.277031624747079,0.6256079061339749
2610,-0.4675168690906525,-0.8313914875342121,0.2369730523487004
2611,-1.652702509263334,-0.4444741794788475,0.2334600813431851
2613,1.652399195010878,1.2774708538896675,2.1008805425793327
2625,0.6259311493553721,1.277078180047458,0.6256915907232982
2626,-0.4248452578497746,-0.7985574710688614,-1.2149368124258269
2627,-0.5238595879770345,-2.2333289503575564,-1.902834597237128
2635,1.348791964751333,2.580213225573786,2.366977994896446
2639,1.826684537120728,1.6518577741101736,1.2772546303834629
2641,-2.9719629314246543,-2.766428062381366,-2.459107443421958
2646,-0.8020634300414802,-2.458454979508498,1.1239913628976084
2649,1.6513771624783593,1.2019013707035364,1.8300457148567355
2651,-1.4193661942499904,-2.856615450081081,-3.176120453284876
2654,0.3101427822273304,-0.6883614774014276,-0.0133643962278767
2667,1.2772378474850543,1.2020756369637209,1.481996909806717
2677,-0.3366691166021145,-2.070696227505542,-1.9870677344454015
2681,0.7936362158728817,1.1239857302810194,1.1241345922908734
2684,-1.4189499553791942,-1.8186399687341064,-0.9443005057001546
2685,0.3098195964816127,-0.1667559206924911,-0.3605100859262214
2693,0.4630904507571582,1.4170624964489025,1.0435678286766483
2702,-0.6454745622652165,-1.041763279859844,-0.0142249221010557
2705,-0.3409010508822488,-0.8698116227639324,-1.5725114066901922
2708,0.3845283526296866,-0.4305116126626988,-0.2927560881601416
2709,-1.4944896661633549,2.1854833633580233,-1.3471191501918975
2717,1.9354620884942677,2.4173745098865145,2.1469098255397703
2720,0.7094500937704232,0.3100895022724522,0.3100236926194472
2724,-1.2789634549019298,1.5432798932471483,0.6255131862141914
2728,-2.2334616042257966,-1.7351593031215893,-3.3248969393277803
2731,-0.1153773475049826,0.169937759216682,0.3100190370894093
2745,0.4630087203409372,0.5435618334812858,-0.0159890518691842
2751,-2.070761060071996,-1.4942278069676422,-2.2333595274190396
2756,-0.4565891331024225,-1.902907016593273,-1.2124957053669396
2761,-1.5725310633725744,-1.735084469786906,-2.2332498638225915
2762,-2.7635777284845795,-2.8587712478670277,-1.6528913743461062
2772,-0.8291672362140041,-1.0445101575335662,-2.233285728646587
2775,-2.1529584087130766,-1.2787155048206518,-1.7351525209914105
2776,3.239010039301982,3.4050894637010707,3.0789209601210477
2783,1.744997112707996,0.1051852276465825,-0.2799315397977028
2784,-0.0656703395037997,0.1699815844222857,-0.0679696827992487
2790,0.1697866556553283,-0.4178584280386305,-1.0428022102421295
2797,1.9931228396624916,1.7861511935835557,1.8256354910188537
2799,-3.319949892643552,2.0681017027662834,-3.4343821312670815
2811,-1.7351296456709775,-1.902986562933674,-2.837037624331066
2822,-0.3097504395931966,-1.2781567262647444,1.1240849333038023
2826,0.3852305042680577,0.1053818232082449,0.0442723875820042
2827,-1.1534876093203383,-0.7649523034119237,-0.6607117672251998
2830,-0.4182756727338177,-0.785708782921041,-1.4190654814949497
2856,-0.0645870666347948,1.2770709381118437,1.652104574677862
2860,0.1041767018987418,1.4819562170256448,0.5432162896962502
2869,0.5436509207844803,0.1056410097848613,0.5436317813832134
2870,2.1032294586483338,2.4476779871357066,2.21507965984689
2872,-0.7284845020627901,-1.9871086571291912,-2.1528857594542137
2886,0.0425887525029878,1.349153371823905,1.3490712965536071
2888,2.2860241900566005,2.449520657419845,2.799872857800716
2900,-1.043028779370641,1.6525147211266331,1.123957682149433
2901,-0.0126971035891104,-0.1610833585061831,-1.212696065585608
2903,0.9613532373317232,-1.987156246991801,2.0655513919163835
2904,2.932620296447437,3.1581550926308424,2.4747423649921068
2916,-0.0686797373435484,1.4819119607524451,1.8966538200010168
2918,-0.7439384478100936,-0.2160906587176801,-0.4582377080169559
2920,-2.7691091878777634,0.6256551511425077,-0.5322803497776929
2924,-1.3474517044733705,-1.8186658327898728,-2.458411757797529
2928,2.6184336328173123,2.737849932462655,2.8613447063239197
2934,-1.735157233997128,-2.7618249501631484,-2.924525264414231
2953,0.3850343397739915,-0.6893834524582668,1.12393699090482
2954,-0.9947109298046573,2.446653080819214,-0.6468359312093869
2971,2.366995467503008,1.7471988910375271,2.0178842819934757
2976,1.043615648441976,1.8253076497430976,1.7008546413535377
2982,-1.044504524916977,-0.9079911647993482,-0.7387785686847499
2983,-1.8186949154836896,-2.527050823551926,-2.386505314616036
2986,0.3085146399168523,-0.8110629144588257,1.8320194296900891
2995,-0.0124194960572206,0.9613535821858,0.6258842492009161
3001,1.543115397852476,0.9613847340040784,1.9077492700219705
3010,-0.534142734219893,-1.0439531032480431,-1.572485542634426
3018,0.6256458400824318,-0.280769937534282,0.4631190449076997
3023,-1.735140795952797,-2.152925762527132,-1.9028706919638416
3025,-3.1617777423246447,1.202018850992394,-1.5723253004400348
3028,2.10543951347571,1.700839927579591,1.277019554854388
3030,2.2545305064367303,2.629169629938796,1.787380713318998
3033,1.0436053028196697,2.1162343656929816,1.8650785209162848
3038,1.9550899180854304,2.5297502686982383,2.365804571424176
3040,1.8906861202005776,2.288574271003782,1.0435900142889276
3057,-1.5722844927076038,-3.316835400523874,-2.4597787593582883
3063,-0.2764301501416029,1.5427224941075486,1.417274926560261
3069,-0.4694872503345961,0.9612989802902936,-0.3097522213392605
3073,-1.4193012467321775,-3.2075051630164517,-3.051234078272034
3074,-1.5723968001853084,0.5433668759764887,-0.7977106244073988
3082,0.9613874928366932,1.5422305022911973,-0.5779266148100736
3102,1.6511571455773086,-1.153914538667518,1.1239712464097904
3103,2.7994923688025564,2.7372296549297035,1.991618816081851
3104,-0.4270552264636318,-1.0940994840810132,-0.0125554260391915
3107,2.4525788233736323,2.0108717892914436,1.348801735616845
3109,-1.044244849797085,-0.8274364710778139,-1.7351168860701327
3111,0.7093392231847058,-0.6547569994526435,-0.7213613112020789
3115,1.48221002962623,-1.4942397619089742,1.1240621729347282
3119,1.987558504180645,1.0436227754262315,1.6518759364248894
3132,-1.8186695112333593,-2.9647076614524974,-1.9870254323453036
3135,0.7936202376339861,0.8777660118094494,0.1690117110688954
3137,-0.7098362879526896,-0.0665344576069462,0.3850925338994653
3139,0.3091565283052883,-1.3472566320172144,-0.6738015083727606
3152,-2.3114889773692235,-0.492289978984571,0.7085781302370276
3155,0.9613425468553398,1.9893115124047944,1.417856695387961
3160,1.7855539063223962,0.5434379159163264,1.8918817292851269
3162,-1.8186477854265155,-1.2144190715050684,-1.279228187881616
3164,0.1698912326541427,-0.3854752220652835,-1.6528681541715962
3170,-0.1654169672633181,-1.9871084272264736,-1.4191356018239156
3173,0.7094446335808726,-0.8179090150687623,-0.8581918221190801
3174,0.3101425810624522,-1.9028649443958936,-1.2790002393367972
3182,3.005236909124588,2.4067674881897845,2.7375326667119237
3185,-0.7671773593916444,-2.1530260001121455,-1.735090447257572
3189,2.33419432712632,-0.7822865085377456,0.7935993739623348
3193,-3.2631804743127084,-3.3089839928041473,-2.6525931110189966
3195,-0.8694164199918258,-0.3142471068530171,-0.8685466405342506
3200,-2.789490753529631,-3.1853220796669537,-3.432592108705347
3212,-0.6795394778823173,-1.2144335553762975,-0.9510526335741408
3214,0.4632218114226105,2.3272912681180182,0.9613276031786748
3218,-0.1753303437222401,-0.0683098238704132,2.4476726993731943
3230,1.2771646234693963,0.2369841738926798,0.6256856132526323
3232,-0.5086854913131206,0.3847714460160486,0.4629630559135901
3237,-0.744207376514382,-1.9028442531512808,-1.6529134450070266
3238,1.0436250744534106,0.7936055813357187,0.9613627208188372
3243,1.9525569648907335,1.4864705867947454,1.9501590795428152
3263,-2.7100795959270365,-2.9063365108858967,-2.654365660974169
3264,0.9613561685913766,-0.1584096761102789,-0.1595406825310922
3265,-1.154328593462494,-0.9489955790055412,-1.3475217098509775
3267,0.4633083123202283,-1.494433225046105,1.201946661538967
3270,1.9158425354009496,0.2355720539235284,1.2020781658936175
3279,-1.3473429604877938,-2.2336087419652664,-0.9041569622212176
3282,-0.0651491500422724,-0.9500499128699276,-0.7749818669569151
3283,-0.1133052630461987,1.4171287084316635,-0.4350896080089839
3285,-1.0447451181112817,-1.7351793046580484,-0.8036991304038099
3289,2.800395196775833,2.125271611631746,2.382748861540404
3291,-1.9028122966734895,-2.0705378245328943,-2.311244820682791
3292,-1.213965128588533,-0.7624321098180715,-2.2334595351013355
3299,-0.5545501639275264,-1.3474817067780591,1.654963874780648
3304,-1.987126819443907,-1.8187118133334568,-0.7545880589853184
3306,2.492106687373977,3.005738326952374,2.6808529104410694
3307,-3.0698318287355515,-3.277341562125782,-1.9870488824225316
3310,-2.0706764558718005,-1.1534896784447997,-1.5724992218461422
3311,-1.818699858392125,0.793617938606807,0.1041794607313568
3313,2.5794917908449495,1.7033469017671623,2.1941518453372417
3315,-0.3408996427281015,-0.1146123174732602,0.1698386998830977
3318,0.6258497063175485,3.4040489239997593,2.8555472494861007
3323,-0.2396795109737468,-1.3469123526971274,-0.0116836061949946
3324,-0.4380104070888137,-0.3495165977606659,-0.5545455658731681
3325,1.2770266818386438,0.3852535232776896,0.7093856635337258
3329,2.4903771292270553,2.625076901754363,2.240450344380365
3330,1.8240477828488897,0.5432648566454111,2.5333087029662225
3331,-2.070558975582943,-3.574856830165851,-2.458143231422997
3332,-1.0425643758804402,-0.6710824489279068,-0.2034199152735306
3344,-1.735122058881286,-1.9870684241535552,-2.2333367670499658
3345,-0.0649958911429381,-1.6528143569356026,-0.9476438659755234
3349,0.4630922325032221,-0.5803028893025071,1.1241157402680038
3350,2.157710195422272,2.240445056617853,0.5432516947148102
3361,2.7383904337524876,2.3851301938926315,2.1146797635143986
3377,2.738625394330203,2.2895722787022783,1.601587360760885
3380,-0.7580137244337032,-1.572415537256819,0.1052533938024462
3381,1.8784124187502775,1.6512154259163017,2.1323668693122295
3383,0.3853950571384098,-0.5808442527275319,0.5436514955412751
3386,0.4632575325574075,0.9613609390727734,-1.0074493795992343
3388,1.876967250265425,0.3096709931123164,2.7982315822974764
3396,-0.8685412378203794,-0.6294785059090549,-1.5724162269649729
3397,2.22293842445359,1.5434722068706896,1.703691525941326
3398,0.3101169181715643,-0.3466671259990712,-0.4652718690501521
3404,2.4736156117715753,2.7996926140698655,1.2770973769244045
3405,1.9376327150055204,1.5420604892312946,1.417101120105513
3415,0.3101980163553109,0.4632534517841644,0.3848625449680248
3419,1.2771085272062237,1.201943212998198,0.3101145904065453
3420,-1.419341709610532,-2.6533223624402424,-1.4193837818079116
3422,0.9613056474691134,1.7903571488565646,1.65252173315953
3431,-2.1528195474714527,-1.0436115827605712,-1.2145434488754636
3432,0.1054401610229174,0.9613554214075434,0.877826878554019
3436,1.7481228700608524,1.202074487450131,0.7091740955575588
3439,-0.1709257237631072,-1.0934633432605254,-0.4763532950053125
3440,0.2383591645728869,-0.2061325949179622,-0.6468368508202585
3444,-0.6588140352401193,-0.7649506940928982,-2.3112314863251515
3446,-1.34705914558252,-0.4125913855088957,-0.203897854286249
3455,0.310167927837103,1.4172251526218314,0.1697836381821555
3470,1.043585990991364,2.0386451871299127,0.236850657889247
3485,-2.1528993237145713,-2.815252042780854,-2.7088109927295476
3498,-0.8337855220116049,-2.458958236558028,-1.8186549124107712
3502,-0.374658126760053,0.1051101069335018,-0.8326653784942134
3509,-0.9924612167584392,-1.2784280114718911,-2.0706656504440586
3515,-0.0739222952338245,-0.6754163450634392,0.1037311216935708
3517,-1.2789993197259255,-0.4848764209911253,-0.8612190086816279
3542,1.124133097923207,-0.1159681400143606,0.709360316759075
3546,1.6512950872080614,-0.0135585203353214,0.4631644506944891
3558,0.5434697574427584,0.5434902187846534,-0.2074774683421217
3559,-2.2333756206092943,0.9612794385592704,0.3846691105687339
3563,0.0448799629897904,0.4631379544062487,-1.2149900349050256
3565,-1.1539833945315354,-0.9091246426743792,-0.8326687695593028
3574,-1.9870415255355585,-2.591012288607498,-2.809682879341931
3591,-0.5086848590806463,-1.1532702363005438,-0.9954719078009764
3596,-0.5158185105150229,-1.0441000110847949,0.105183072308602
3598,3.079929083539132,3.319766357707133,3.3211570392478382
3604,0.7094666467661136,1.5427377826382904,1.4172299805789077
3605,0.5436268959504575,-0.548660113770065,0.5435521775671331
3609,-0.4439633356396266,0.6257346400072289,-0.5368570806590295
3610,-1.2144384982847327,1.7928924010784406,-0.2642207927144814
3611,0.3845354221382627,-0.3947149548228567,0.542922474022747
3617,2.737848782949065,3.080296927887806,2.626103187487163
3621,-1.347333304573641,-0.5545465429597192,-1.735122173832645
3626,-0.5266668725898906,-0.4560621960729472,0.169114937389242
3628,0.0447316182610517,-1.0970435033353532,-1.278998170212336
3632,-1.494414373023235,-1.652816311108705,-1.7351581536079996
3635,0.1698911751784632,0.2381881169507536,-0.2783980024556493
3636,-0.5712423657135535,0.0442744567064654,-0.4280738966689009
3637,-1.419423210124035,-2.2333284905521205,-2.3112834443394017
3645,-0.6929474043914811,2.218340829900602,1.9783918230116913
3647,-0.9052027322093616,0.7094143438977865,0.7093190492212081
3651,0.1698893646945596,0.6258518329176893,-0.4694866755778012
3658,-1.6528126326652182,0.5433707843226934,-0.0703957024922724
3667,-0.5702925226344621,-1.3471286911546911,-1.4943994293465706
3668,-3.076078745386906,-2.527202329443036,-2.15286736723678
3677,0.9613368567630712,-0.8953650799581548,2.2492595268229514
3682,2.3910649026530493,2.405290133324423,1.9118816564252448
3694,-1.4192703248166174,-0.9947101251451445,-1.153576581672174
3702,-2.0707284138860507,1.7527841476667043,0.7090700645776995
3707,-0.6583056053794366,-2.526613318679722,-1.987051181449711
3708,2.863864210209618,3.321280267104644,2.931120181213001
3710,-0.9046967163272168,0.0436512479138606,1.20206575114685
3711,-2.7252603022940907,-0.9001023404122799,-1.4194703401812088
3713,0.5435646497895804,0.3844738369476996,0.8778085438122648
3719,-0.3176901299566049,0.3099844367303622,-0.0676446003561082
3724,-1.0417707516981762,-0.9483718529318208,-0.6320666932317321
3731,1.864464795610794,1.6521164146678349,0.2375539590412077
3732,-3.1995581157660697,-2.771137619557982,1.4172912496532335
3741,-0.6962058156125781,-0.0135594686840328,-0.8708644622606525
3742,0.1052535662294846,-0.4645227885194854,-1.279088292077761
3767,-1.5725326726915998,-0.0139870590015265,-0.4977893094729252
3774,1.2021807025058109,1.599003024308733,0.168904806305062
3778,0.7936465614951881,2.3356457029845563,1.8665254136715217
3779,1.5993720181709965,1.6522653916290475,0.8777648622958598
3786,-0.4182757302094971,0.3099006946653594,0.3093219433108325
3787,-2.7092209092756008,-2.070634843479857,-2.8139089511027584
3799,-0.6159712039500697,0.1040389326950275,1.9107831812390172
3821,0.3101171480742822,-0.9893305164971474,0.3098623296493063
3824,-0.289735080233138,-3.0918951327690123,-0.8299573543798198
3849,0.7094593473548195,0.1693838660935303,-0.4564946430853569
3850,-0.5288342229874132,-0.3903734718976329,-0.676865249467458
3882,1.745306101960882,1.0435951871000808,0.9614437040512251
3885,1.7876533779424526,0.7936648387612628,1.3489595638326974
3892,-0.7580148164716133,-0.276430351306481,-2.233224344620902
3899,0.2383645672867581,1.1240149279261953,-0.5250000778849621
3901,0.7094543469707048,0.8778121073043926,-0.0644702473162511
3903,-1.4945738105581137,-1.9871167037243187,-2.5923388272899035
3907,-3.318424947915581,-2.718009400473574,-2.4613069227243107
3910,-0.2426620964090178,-0.8637353514049548,-0.6607109625656871
3913,0.1696649509040287,0.2373823654001193,0.1035610798958283
3915,1.482262792299993,1.2021892089063737,0.3848195531597736
3916,1.1239827415456864,2.1146772345845015,1.6521037700183492
3920,0.1697294673542454,1.0436136942688736,0.8778099232285723
3925,3.005224954183256,3.239169361885501,2.625595792188711
3934,-0.630162409019191,-1.572372200594491,-1.1543354905440315
3938,2.136061405989223,2.2922901886335425,1.7030609027860684
3939,-1.6528403359427275,-0.2055218008721251,1.7516076205077429
3948,1.599089812584748,0.9613196140592272,0.7094073318648899
3955,-0.7521478140616235,-0.1170094843751847,1.7024997102516228
3961,-0.3915258592712129,-1.6528274613905245,-1.347587117174226
3970,-0.2025485264969298,0.3851334565832552,0.0444763687684797
3973,0.463329693272995,0.7936221918070885,0.4632896614622369
3980,-0.870537483120089,-0.362765460326868,-0.5029643621776518
3982,0.5435882148181673,0.7094233675794649,1.2020086203214466
3985,-1.214419761213222,-1.8186198522462884,-2.31126482221925
3986,-2.233569428600502,-2.0707373800920497,-2.4588159267756344
4002,0.310055016864764,0.1684009170230583,-0.2589426861164467
4004,-1.6528342435207029,-1.2787774636031315,1.0434816151574278
4006,-0.2038966472969799,1.2770972619730456,-0.1148516174647764
4007,1.707720800975613,0.236732660319274,0.9612269057882254
4017,0.3850258621112681,-1.1535806049697377,-0.7053007671335404
4019,0.2373817906433245,-0.8930195549542433,-0.7997848067284837
4023,1.8582669631897155,1.3489040423263194,1.0436257641615645
4036,1.0436133494147966,2.125246092430056,1.2771693364751138
4038,-1.0968053241195868,-0.6396058355848423,-0.9463836542272384
4039,-2.4584604971737285,-2.3864607134887597,-2.7620058836021526
4048,0.462940726612112,0.3095368161385696,-0.1166420998319466
4049,0.1700994670408998,-0.1607356306453273,0.1047562579127813
4053,2.7375372647662823,1.749247439205564,2.229259139877397
4055,-1.0430326877168457,2.048963221110216,1.843274317245921
4060,-0.5956196406028911,-0.9939940931301788,1.0435898993375687
4066,-1.8187285962318651,2.0282797931897183,1.2021524244715065
4072,-1.0962579257482163,1.4171296280425352,0.5434671710371818
4073,0.7094694055987286,0.1692078755629616,-0.6050973801491921
4085,-2.5320082158584607,-1.818754920093067,1.123945957110819
4095,1.7447328395337454,0.1048554609355643,0.04500939821998
4097,-0.0725971359677267,-0.7189612992540201,-0.1699881517415848
4105,-0.7400065365768465,-0.6710852077605218,-1.7351488425479238
4109,-1.4194178074101638,-2.152881621205291,-1.2792333606927693
4115,2.0872707614838344,2.734825102402966,2.4816042714139006
4120,1.9065211297028353,1.4172091743829358,0.961379906047002
4121,3.0055447488638847,3.405196598367622,3.2389845201002925
4125,-3.112625460843966,-1.9028619556605608,1.8720484816155012
4127,-0.467247078251172,1.2020225294358808,-2.2337793297819637
4139,-2.812810016111095,-3.0720717709162573,-2.311355173987393
4146,-1.1538369465002196,-1.4193014766348957,-0.8014442445464389
4151,-0.7432499466455991,-1.3468131496743443,-1.2148594501612464
4157,-1.419409760815037,-1.3474721658152655,0.4628413511622906
4164,-3.816740468426069,-4.075878075763553,-3.538381844356783
4171,1.34885863653953,1.744384421964736,1.7015609025029916
4176,-1.1536719913001112,-0.2770467204932277,-2.1529949632452263
4178,-0.668994759822144,-0.2410323160416745,-0.9959382654642792
4181,1.3489019732018583,-0.7277480087059296,0.6257794135615441
4182,1.2019591912370935,1.5985741407884508,2.1973265719690156
4184,2.203277603822406,1.6523804579393673,2.7361038213200435
4185,-0.8698167380994062,-2.71152246538471,0.9612788638024756
4186,2.0489910393390844,2.3087647874970574,2.7348234930839403
4190,-2.786840894802871,-1.986978991996284,-1.1536711866405984
4192,-0.1143913522234982,-0.7374815725015975,-2.386398179949485
4204,-0.6022335394677273,-2.5284083991012505,0.4622067334473089
4209,-3.10670155751129,-3.4127002358426517,-2.652463905691525
4217,0.6256842338363248,0.709316750194029,-0.2781680135242089
4218,-1.4944916203364569,-1.6529114908339244,-3.149749232123008
4225,-0.2025494748456413,-0.73609445445302,-0.7360940521232636
4230,-2.8632715935703352,-3.0375261287159834,-2.653347881641932
4233,1.2770300154280536,0.1696003769781326,0.6259009171479655
4239,3.158723182246826,3.321659836491932,2.9325913287049787
4252,-0.2107218267595858,0.0437912586690746,-0.3164692315730844
4263,-0.7235249831561147,-1.4944761019029973,-0.8717455644270855
4264,1.2771271493263754,0.1697853337147002,0.2378991867100061
4270,-2.7388257121650303,-1.041141737861944,-1.043026480343462
4279,-2.2334280384289804,-3.011830821544804,-0.9483674847801804
4284,-1.1539123545916978,-1.2787109067662934,-0.7968156131265316
4296,1.2771022048814809,1.869986828992543,1.349672492160971
4302,-0.4544146557206444,-2.1528018449621724,-2.386430136427276
4311,-1.1538313138836305,-1.419445510687673,-1.2791612861907011
4313,-0.312279886771445,-1.1531601128986595,0.7092857133271095
4314,2.384227365919355,3.080410959635895,2.5761513043535547
4315,-1.0955482160579937,-0.5852366016290957,0.2372906342156687
4316,2.1373056394986123,2.736517186406866,3.0804971731551154
4317,1.4175024152996445,1.788839101210131,1.4816363073936576
4319,-1.0970337324698414,-1.097035111886149,1.752771043211783
4326,-0.476296279131268,-0.3627626152807338,0.0416296558395001
4338,2.2375613868269673,0.5376842555462716,2.57614624649376
4339,1.7488490177954064,2.1071253901062263,1.7017854025070416
4349,2.8629124129574244,3.3215595989069184,1.608867690129295
4350,-1.3474398644833976,-1.3472676673476744,-0.6793983750891931
4355,-1.0453518313838757,-1.2792355447685897,-1.902822872198514
4358,2.2457206342859903,-0.3763504406666709,0.9613684683867854
4363,0.3851328243507809,-0.5272667462566265,1.2022326605200608
4370,-2.8856075622272503,-0.6022316427703045,-1.4945158750731975
4373,-0.7716780499490286,-0.7459468204781736,-0.9502746427766956
4378,-0.9939938632274607,-0.9920907285285092,-0.863737880334852
4379,-0.3224430525333884,0.4621015529538599,-1.0267346541406943
4389,1.598620811040189,1.7007054344896069,2.200379680063009
4394,1.3488984097097303,-0.7731243104717913,-0.1995083216929797
4405,2.4359398440668043,2.2762261960242354,2.3775130570424667
4409,-0.2770458008823561,-1.9029065567878376,0.7935773607770938
4419,-2.2338910625028734,-2.0711498255680003,-3.096014529668724
4420,-1.8186721551146152,-1.8186776727798457,-1.9028808076834305
4421,1.3488985246610894,0.1048565817113142,-0.0645904576998841
4423,-2.2333038909613028,-2.386362545028207,-1.4193595270711707
4424,0.1699818718006831,-0.7327593706754962,0.3097642186644334
4425,0.1692041683816352,-0.0139888120097506,-0.5911054432608289
4431,-1.5725084179548592,1.1239961908546847,1.4181407401959525
4433,-0.6132624326518427,-0.1654166798849207,-0.5594896238220632
4453,0.7093219230051822,-1.0420566357279113,1.752188009919135
4458,1.4170823830340025,2.090057412327757,2.0663484646394163
4459,-1.0948809234192274,0.3848158172406073,-0.0656676381468641
4461,-0.5194184996992713,-1.5720440144646584,-1.987180386777183
4462,-2.6539311448372978,-3.228113182845471,-1.9028417242213835
4472,1.9169165259477188,0.0987902536448867,0.8777650921985777
4477,1.1239760743668668,0.8778176249696227,1.0435844966236976
4490,0.310086973342555,-1.6528126326652182,0.0449483015726924
4493,0.7093190492212081,0.3847671066022478,1.6512809481909092
4494,-1.279412110055953,-1.818644336885747,-3.4852087942423804
4497,2.7996868665019177,3.080783172136209,2.863386012556342
4500,-1.9028044799810804,-1.987030720107816,-3.1069935339630503
4501,-0.067645836083217,0.6257824022968771,-0.5768253233155516
4502,3.004390867122638,2.7368802027984636,2.862606412439871
4506,1.991808715726854,0.8777155481628657,0.6257122819679111
4513,-2.904731100206653,-1.735136657703874,-2.0706428900749843
4517,1.5987939277867835,1.5427320350703424,0.9613666866407214
4518,1.9932168698741215,2.378821433410156,2.7952554916139865
4520,-2.7140964562145555,-1.4943650588902413,-1.279132433399602
4536,-2.460888269874976,-1.7350252698370412,-2.864887579774603
4547,-1.6528407957481637,-0.4560632306351778,-1.5723181734557794
4552,-0.0660758016846935,1.2772549752375395,0.2378932092393402
4554,-0.461869251349239,-0.3658429381089611,-1.3475891862986873
4562,-1.153914653618877,-0.9937259116097238,-1.572401858045103
4570,-1.9871410734124184,-1.214364929414998,-0.581825764906017
4575,-0.4924455656489241,0.1041783399556069,0.237895881858436
4579,-1.2144826396065735,-0.0676454624913004,-0.5396998852418046
4582,0.961380020998361,2.2839171316468527,1.4170869810883608
4583,-1.3467042907374087,0.9613002447552422,-0.8581941211462594
4584,1.2019296487378406,0.3102401747662098,0.6258704550378409
4585,1.481746085941465,1.956493244275621,2.1317560177907127
4589,0.8777258363094926,1.8343720242025765,0.8777410673645549
4594,1.04363289114582,2.1515678845075716,2.090373298662181
4601,-0.6929504506024935,-0.8644759255350585,-0.2389097966741466
4603,2.532269082875783,0.1671543844864896,2.9324223502073066
4606,2.5297470500601875,2.8647532440198193,2.6232484854387357
4609,-0.6445747230272729,-0.504000936057079,-0.502965339264203
4612,1.9421342102224173,0.3077707896730183,3.23836999013529
4614,2.62782217010906,1.2019972401369097,1.7002980468734503
4615,1.2771522087226288,0.1033835375219137,0.961324384540624
4625,-1.652812862567936,-1.1501618366028905,-0.8675517365224465
4630,-0.5804425552036442,-2.855807342027588,-2.3863377155346717
4645,-0.2420837761220871,2.521141101620244,-0.0686765474433372
4648,-1.6528303351744982,-0.6445728263298501,-1.652813437324731
4658,3.0054458906951784,1.8690495156115785,3.157711380385255
4662,0.0452248170666722,0.2376314649949869,1.830669900735892
4672,2.1543966075488736,1.2770243828114645,1.6999597450240294
4674,-1.419414243918036,-1.9027943642614915,-1.7350718251374202
4675,2.736131179743476,3.23909763223751,2.737214251447603
4684,-1.1504830106998265,-2.873105222523978,-1.5722011529723574
4685,0.309599033561607,0.0433368272092636,0.4628856649111699
4689,-1.9870298004969444,-1.419329639717841,-2.3863294390368264
4702,-0.8714690489331057,-0.1170116971888446,-1.4944615030804091
4703,-0.3466666087179559,0.9613833545877708,0.3099853563412338
4704,0.7935520714781225,-0.3926856610074458,0.4630995893901956
4705,-2.2333229728868904,-2.6537175652123492,-2.15282092688776
4706,-1.214550920713796,1.2019522941555558,0.5434948168390118
4707,1.8943038693697851,2.1475130902715955,-1.4188993767812514
4723,-0.90231751057513,1.8313202955248904,1.2019641341455287
4729,2.11716685111687,2.116250918688672,2.527388707979752
4731,0.3845952543206017,0.5432582469422709,2.623230782929456
4732,-1.4193548140654535,-1.4192642323945923,-1.987088655592732
4733,0.543428892234648,0.7935275868386639,1.1242097704796337
4735,-2.15289058741129,-1.043953563053479,-2.6514534832462613
4737,-0.6470810075066908,-0.2082158871342448,-2.2333726318739613
4746,1.043615418539258,-0.6168074750865079,0.1695303716005256
4747,-1.8187159515823792,-1.6528230932388837,-1.735139416536489
4753,-0.113623074815885,0.8777975084818046,1.1240412517873974
4757,1.6513061225385215,1.1239772238804564,0.961295416798166
4758,1.043577484590801,0.3849897386467147,1.5989068100212829
4762,-1.1530347009660336,-2.951055808159619,-1.9871263596384712
4772,1.0436431218167674,0.1692029901302058,-0.3350598837901853
4784,-0.4178570198844832,2.5255375312950505,1.7515822162574126
4795,0.7093753753870988,0.4629922248209264,0.0437886147878185
4796,-0.6099106809272696,-0.0648509087414491,-0.7360980754208273
4807,0.169982101703401,2.738626773746511,0.0423698563776871
4809,1.1240086056014529,1.2019335570840453,0.7093858934364438
4812,0.04465218687201,0.9613082913503695,-0.1141808188095618
4817,-1.494243440352461,-1.1522936095548146,-0.1843508067625959
4819,-2.592216978849405,-2.8602131977138296,-0.9893252287346354
4823,1.2770923190646102,0.8777618735605268,-0.5765846151698881
4824,-0.8007860330650305,-0.9056761019055612,-0.7387804653821727
4827,0.3097665751672921,-1.151910246772681,2.6269975090598767
4832,-1.8186228409816216,-1.735061364563755,0.4629994667565409
4835,0.1053834612651101,-0.8675547252577795,-0.1586082258450436
4843,1.4170644506220045,-0.7970893697878962,0.3849913192279005
4850,-1.494529324382196,-2.233288947284638,-2.311290801226375
4857,2.451884057360074,2.8644189654679617,2.0798545596091325
4860,1.6587863523201645,1.4828269735697714,0.8774973704835585
4867,2.8631745020558546,2.5749075306496008,1.8034630981457391
4870,-2.656480765979044,0.0433447013773524,-0.0144706018929942
4871,0.9613658245055292,-0.8000934511272929,-0.1153772900293032
4876,-0.013012673807297,-0.6445706422540298,0.6258434414684851
4877,1.598713691738229,2.0740295144451633,1.3489072609643704
4881,0.3850597440243217,0.5433862452804735,-1.9871553273809297
4882,0.3848140067567037,-0.7077631401938353,1.2770628915167164
4883,-1.4193251566148417,-2.3865264656660847,1.1240557356586265
4889,-0.603461392408465,-0.0180555324492188,-0.7045116835299554
4893,-1.1541093812209562,0.7093324985302065,-1.279090246250863
4894,-1.1519159943406292,-0.7762971404061422,-1.1464417807242075
4903,2.7381258157241604,3.0803019857476,2.1999109084211677
4920,1.2020505775674672,0.0378476699161773,1.2022525471051608
4922,-1.4193928629652697,-1.0437941255186007,-0.746742283882181
4923,-1.2789462121980857,0.2373858426787279,-1.4942774659547131
4926,1.787628663400276,0.7093851462526105,0.1691100232186465
4931,2.1504969976474944,3.0048564201264285,2.8628889628801963
4933,-0.600705835907141,2.5755291875988595,2.0644163621980067
4943,-1.494432880192028,-2.458323245251129,-1.9028254011284111
4946,2.207755189156639,2.4838163953657384,1.7496488493510542
4950,0.6259398856586531,1.4171107760196655,0.543608388781665
4955,0.4631643644809699,2.007924436447694,-0.3419150080818005
4960,-2.233373781387551,0.1685394046727661,-1.6528255072174218
4963,-0.6908210916291074,-1.987062216780171,-2.0706633514168793
4970,1.4818333340229162,0.7093620410294594,-1.2128489508930256
4971,-1.0960903266668518,2.152140572177913,0.9612566781901962
4980,-1.5723527738148264,0.9613574905320048,-0.0137685364681424
4981,0.8778302696191084,0.105185400073621,0.3098176710463501
4984,0.709435839801912,-0.2783976863394121,1.0436776072244556
4997,-1.0955418937332508,-0.9480195270166066,-1.0962556267210373
5000,-2.663088399994817,-1.6526300899071888,-1.9028679331312264
5005,-0.7977110842128347,-1.8185867462549077,0.2377703262366113
5011,1.8597351219463605,1.0436230053289492,2.2214162385582337
5013,0.7935493126455074,-1.4942020578632351,-0.0130116105072266
5014,-0.9944813719408128,-1.652781710749658,-2.386488761620346
5015,0.7935282765468177,2.4106664083830096,0.6258291874999741
5020,-1.419376654823656,-1.818687903450793,-2.1528804716917014
5025,1.699529367136081,-1.1519080626968607,0.625864017761739
5040,-1.9028488512056392,-2.2333480322831436,0.8776128965993139
5043,0.384817512773152,-0.1618481873730274,-0.4037973479078525
5057,0.105254514578196,-2.311481850384968,-0.5592086827007635
5065,-0.9498128831677508,-0.6421655724461768,-2.1531149724639813
5069,-2.1531400318602345,-0.4045875810250272,2.031351293501145
5070,0.5434947018876529,-0.9868205535742428,-0.7413889416197066
5078,1.348969449649568,0.4631852281526212,0.1698897382864762
5092,-1.6528407957481637,-2.233367803916885,0.7932932010177433
5097,-1.7351343586766947,-1.494403222741416,-0.900882572761225
5101,0.6259262064469368,1.0436056476737463,1.2772058910072632
5103,-2.233328720454838,-2.386528304887828,-2.652142501691871
5114,-2.4592265330298417,-1.7351518312832568,-2.6541479431002974
5116,-2.0706833529533384,-0.5779271895668684,-1.7351442444935654
5117,-3.093523073914612,-2.5919682241086144,-3.122010319692227
5118,-1.0975728543433667,-0.5460131288272794,-0.9962009293195044
5119,0.2384634829311437,0.8778530299881826,0.6259252868360651
5131,-0.3286952856850949,0.3847701240754205,-0.4125920752170495
5132,-0.5083901237962714,1.5425105238016252,1.2020471290266983
5133,0.6259271260578084,-0.2405543195532766,-0.5024438049485987
5136,0.1692054903222632,1.9918126240730587,0.8777195714604293
5137,-0.064590802553961,-0.7387780514036345,0.3099018154411093
5138,-2.386436573703378,-2.4584135970192724,-1.9028332178208205
5157,2.013738216378485,1.4171692862613765,1.7458009675612074
5167,-1.1541745586414869,-1.7350903323062128,-1.3474758442587522
5170,0.4632144832734767,-2.153108765090597,-1.044248413289213
5173,0.1685432268054515,0.1648700998190644,0.2364514030817372
5178,2.492612703256121,2.415735303507736,2.5786719577528423
5180,-0.5741139656117481,-0.4838977825966142,-0.6949027844830803
5181,1.7869179191478226,-0.2791413066805282,0.7936211572448578
5184,-2.527839159971678,-0.7604809829267539,-0.5545517157708724
5187,0.3101682726911799,0.793632307526677,0.5436364369132513
5189,-1.043616295766289,1.2019203376777647,-0.0131825144401613
5193,3.321478213344774,3.321556840074303,3.4050004913492353
5197,-1.9029934600152116,-3.3938590184008564,0.1652230292289132
5198,0.5435251639977774,2.7383888244334624,1.897951275989605
5205,-0.0649966095889316,1.2019103369095352,0.7936341467484204
5209,-1.9870744016242212,-2.8187723131976634,-0.9416135176844506
5215,0.4632042526025292,-1.9028180442414375,-1.7351167711187738
5225,0.8778248669052372,-0.8621109162758032,0.0448799917276301
5226,1.8247656540855983,2.326196471375278,1.7469468027073265
5230,3.1588114648905075,3.4052041851573134,3.1586335201868363
5231,-0.4239416826926649,0.1050314802039728,-0.2401035952747922
5238,2.524561134452039,2.7352927245312175,2.7332396932601815
5241,0.9612989802902936,1.0435931179756197,0.6258114849906941
5242,2.6256026892702486,1.1241144758030552,2.0969866802459016
5249,3.080696958616989,3.48926995318694,3.080485907921937
5250,-1.4944933446068414,1.483175965895576,1.4176572547801642
5253,0.0410467087603711,0.3810932611698672,0.9612101228898172
5254,-0.8658255119649353,-1.3471663952004302,-0.3097512442527093
5281,0.4632394277183712,0.6258245319699361,0.0444745870224158
5284,-0.868064074729334,0.3094711789126031,-0.0133653445765881
5293,-2.311749916954064,-3.1317981980050034,-2.5918636183719603
5302,0.5436444835083786,2.4903739105890046,1.6526999077659188
5312,2.155156206128886,1.598664377605235,1.1240065364769911
5315,-2.4591125012817527,-2.3129470204062796,-2.593294073082866
5318,-0.3668599415195252,-0.5900469711475198,-1.214989000342795
5322,-1.4192949244074349,-1.2136688989364914,-1.2136628065144666
5323,-0.3679410015748701,-0.6064530015254144,-1.0445092379226946
5332,-0.0660766350820459,-1.043618134988032,0.3091564708296088
5333,-0.1125576481453587,0.7093560635587934,-0.371615594191084
5334,-0.3419181405063322,-2.070710941279489,-1.8186737644336408
5339,1.3493422369066774,-1.8187039966410476,0.3851361292023511
5340,-0.1137970824355116,-0.5820337119143767,-1.9870612971692996
5341,-1.2792100255669003,-2.386677741654477,-3.5323128724090993
5348,-0.2002303024407715,0.1699830787899522,-0.9957975650009117
5351,1.2769893226469815,0.3100547007485268,0.877747906970413
5353,3.005233460583819,-0.8857177296817074,1.5994390348132703
5354,1.9680241300443173,2.627825158844393,0.3095969931749855
5355,-1.4944257532077725,-0.1153770026509058,-1.572356682161031
5358,-1.5723148398663696,0.87771175476802,1.043428162775511
5363,-0.5787751857419208,-1.347435381380398,-0.3399474144083117
5366,2.5328086645547443,1.2776253485161104,2.1419561116767225
5370,-1.279138066016191,-1.5723957656230778,-1.042317115507316
5386,-0.5607906433027793,-1.7350799866839064,-2.23324779469813
5387,1.5990862490926203,-1.5715701849630228,2.3103649104137887
5396,2.286022350834857,0.7093003121496976,-0.1192410638445264
5403,2.7992707425824803,3.1589459579804915,3.005226333599564
5411,-1.6527859639499394,2.05487838813961,2.1554939332215115
5413,-1.04042662545785,1.124135511901745,0.9612218479284312
5414,-0.0644709945000843,-1.2140534112322148,-0.6123431666342348
5416,-1.4192966486778194,-0.2432762527821045,-0.1159704965172193
5419,-0.4855725664209906,-0.6031913716662665,-1.347488029102802
5424,2.1323643403823325,1.924095123363449,2.05962174101576
5428,-0.5086844567508899,-0.2010997657821097,-0.3076508530217813
5430,1.4816112479974042,-0.1618485897027838,-0.4116591012498856
5438,-0.4327414965994959,-0.1159694044793092,-0.4601257266122042
5439,0.1689051798969787,2.2042084799272685,1.1240766568059573
5440,-2.386380707342923,-3.163442467905112,-2.8551344167722323
5448,-0.733520176244777,-0.5840996177376165,-1.4192820498552314
5451,1.3491764770470562,2.6789072437393022,2.1596363203930156
5456,-1.043023491608129,-0.825468791190806,-0.7948476458611262
5464,-0.6474516106879797,-0.7077667036859631,0.7935439099316363
5465,-0.5026381302209216,-1.1535838236077884,-0.3954381425599175
5468,1.3489918651645654,2.0094735209610466,0.6256294020381005
5472,-0.909362534511748,-0.1607349121993338,-0.8701875137077335
5473,1.277180256854215,2.131155281988785,1.3498233083439275
5475,2.196640312356021,2.1767840744146034,2.4128732445723355
5484,-0.1622677023575541,1.7876094665233295,0.3093265126273512
5485,2.41295899828612,2.2757489179818307,2.371437647818681
5488,1.4170372071499309,-0.8129424841291903,1.7011698379798077
5491,0.8778149810883666,-0.994924394478247,1.0436217408640007
5499,0.3102184489593662,-1.0400433776270754,-0.499859755874844
5500,-0.3833490529921086,0.5435963188889741,0.3851259272692433
5503,-2.2333080292102254,-2.458242779299857,-2.813140616219466
5520,-1.494488286747047,-1.346437833487338,-1.572405996294025
5530,-1.6529204570399234,-0.9912925062918868,-2.233906236082256
5533,1.826328302859309,2.3604717479792763,1.6521083680727076
5539,1.201990228104013,0.0441637585477864,-0.1584080955290932
5540,0.6258754554219557,0.7936288589859082,0.1690103316525879
5543,1.417267799576006,1.9514100951823836,1.202042416020981
5544,0.4632545725599142,-0.9916987443944536,0.1694607110769955
5546,-2.762599032614389,-2.6524675841350116,-0.9916979397349408
5553,0.3102362376821654,-0.1648092481663332,-0.566001158501745
5555,-0.729635682447101,-1.2789071287360392,-0.7716805788789257
5565,1.3491952141185668,-0.2017787547216502,0.0436489201488416
5571,1.927365029720442,2.107450012743931,1.2020064362456262
5572,2.4803933737986097,-0.577093792214404,-0.0325626525906036
5580,-1.0971405222823158,1.0436338107566916,-0.9944890736818632
5584,0.463188791644749,1.2019252805862002,1.3490612957853776
5588,-0.9480189522598118,0.6258577529126758,-0.473571702021184
5589,-1.9029063268851192,-3.636332127229824,-2.811369905486037
5592,-0.3419164162359477,-1.3475494131284869,-0.2453664708177645
5594,0.0447341184531091,-0.0124209616870473,-0.4768991415333368
5599,1.277049442207718,-0.4620154120021574,2.2926964267361094
5600,-2.3115554192547028,-2.3865195685845473,-0.3455736224591188
5612,0.793608972400808,-0.3164698063298792,-1.278709527349986
5616,2.576731119008152,3.0051219577656276,2.9329279062840152
5619,-0.76373065784457,-2.3114324213006148,-0.5545475775219498
5629,0.3852078588503425,1.2770353031905657,1.4816942428785738
5637,-0.9942536532987116,1.7027575461497713,1.124057344977652
5642,1.417451146993548,2.185487271704228,1.79177990182642
5663,0.793623686174755,-0.7236228642382697,2.269425673628126
5668,-0.4586281403076656,-0.3053947601751411,-0.5589390642883214
5672,2.176796719064089,1.6544603878284003,1.703368627574006
5676,-0.8698143815965474,-0.309005870903369,-1.0977755135892142
5682,-2.6551815857200713,-0.4623700944202303,0.6255065190353717
5684,2.9327807685445455,3.0049998794224115,3.1582364781929866
5708,1.4172353832927789,0.7935275868386639,-0.7635336886909909
5712,-3.028597396860078,-0.8612223997467172,-2.153155665245053
5720,2.864243089888752,1.4175147150950531,-0.3150701873210147
5725,-1.0436230778964672,-0.8274382528238778,0.0429865416806709
5727,-1.2146018441658155,-0.3518639619863208,-1.2786353837234563
5733,0.8777855535404727,0.7935567844838398,0.9613420295742244
5739,0.1698901693540723,0.3853528412518315,-1.347307210615157
5744,-1.902912994063939,1.3495350103356545,-0.3795989660708974
5751,-0.4814164425620909,-0.710822857990969,-0.0660756867333345
5763,-1.0968026802383306,-0.8558316408169012,-1.4944716187999978
5764,-0.0131800142481039,2.9311268483918207,2.677929697382701
5767,-2.31151587598722,-2.652130086945103,-2.3868400529733296
5768,1.0436031187438493,1.2019528689123506,0.8777737135504997
5782,2.0041333406291733,2.0646701747985916,2.0593401101863065
5783,0.0445669504393407,-0.7006893784174771,-0.5729830166666142
5797,0.4631453975067414,-0.5834822714643186,0.4629623949432761
5798,0.3096688090364961,0.0410499561362618,0.3847772510596761
5800,-0.0125530982741725,0.7936054663843597,1.1239914778489677
5803,-1.4945024257641992,1.3492591270741487,0.3845984154829732
5804,-1.0439463211178646,-1.278656304870787,-1.0439460912151466
5819,1.5424435071593512,1.1239538887545872,0.543539475441968
5820,2.3437651772733794,1.7891882084872943,2.03579991109292
5823,1.0435936927324143,-0.1997326492699913,0.3096606474900099
5840,-0.3563917523265799,-1.81864732562108,1.417681394565546
5841,-0.3306876226385999,1.277011853113338,0.3095359827412172
5843,2.736128650813579,2.930854643573802,2.930541745974711
5847,-1.8187682544507064,-3.110352872477315,0.4628356898078618
5852,1.123980787372584,-0.2014313429770315,0.238261944461046
5857,-1.347438255164372,-1.5724104793970246,-1.987079459484015
5858,1.2771774980216,0.0444794724551717,1.4178385330732453
5859,1.0435727715850835,0.3087542560246056,0.0425846142540652
5861,-0.7700488443384801,1.348936803463623,0.543478551221719
5862,-1.2141334173780514,-0.3176897276268485,-0.8264832944093127
5873,-3.1617878580442333,-2.591080569714721,-2.458114723485975
5882,-2.6546270603644455,1.8672984615605317,1.6008884564984045
5885,-1.9870125577931,-2.0705426524899706,-2.458078168953825
5902,-0.0656687301847742,-1.1517224162521391,-1.0434349025218488
5909,-1.0436187097448268,-0.3153238274945613,-1.0965470284160024
5911,0.3852331481493138,-0.9073154232356982,-0.4932274647925741
5919,-0.7213631504238223,1.8700014278151311,0.7091308163709101
5922,-0.0117702220439714,-0.1648079262257051,0.3852982968320047
5925,0.1053238877233288,-1.6528235530443196,-0.2559305581819228
5928,-1.9871314174982655,2.1662182053043813,0.625409155234332
5932,-0.1627163575115773,0.1038860186497702,-0.5029656841182798
5941,-0.8000890829756524,-1.347268816861264,1.3490441680328926
5942,-1.81866502813036,-2.5923241135159567,-2.7628114627257485
5949,-0.1642336867120175,2.9324287874834085,2.52737675303842
5950,0.3852981244049663,-0.1187368297084458,-0.870183605361529
5952,1.417279064809184,-0.1610821802547538,0.6258471199119718
5953,-2.1529864568446633,-2.152976571027793,-1.0974975612032474
5956,2.237559087799788,3.081020201838386,1.202646140558242
5968,-0.7243149863705715,-0.693517850510323,-0.6394266264162227
5977,-0.993996737011435,-1.7351126328698512,-0.5824263857565861
5978,-0.7985573561175026,0.6257738958963139,-0.2826146482050418
5981,0.8778286028244034,-0.7010641773233682,1.6159742130429573
5984,1.201989193541782,0.6257614811495462,0.7094377939750144
5997,2.16399872446557,1.0436001300085165,1.4171669872341974
6002,1.699681102929909,1.5420431315760914,0.6256786012197356
6003,1.2019618351183496,0.6258055075200282,0.7093150259236445
6006,1.542680996666964,1.12400446735253,0.4632906672866279
6028,-0.5732971787306536,2.4848081956908503,1.7923156901105353
6033,0.9613081763990106,1.9497641066734268,1.6517474208055714
6037,2.1910821842475583,1.277030705136207,1.2772057760559044
6038,-1.6528880407566964,0.3099851839141954,-2.938600828416239
6043,-0.8705351266172304,-0.591057451068463,-0.7106169801070705
6048,-0.9853127365987568,0.0427974466951808,1.0436371443461014
6049,-1.2144247041216574,-1.2140543308430864,1.418314316747983
6054,0.7936211572448578,0.0444770297387938,0.7093752604357398
6065,-1.275010162715916,-1.3440569609405462,0.2294229321408095
6067,0.310238709136383,-0.7968179696293902,-0.7217757108511319
6073,0.3100562525918728,0.3850352019091836,0.4630645004878729
6074,1.043644846087152,0.2374764530874285,0.0425910802680067
6076,-0.7413923901604754,0.3097165713261443,0.7934382696327515
6085,2.234866007362059,0.7093438787147436,2.374665481978295
6097,0.0450111512282042,-0.065147971790843,-0.0122952911138636
6101,0.3852759100548472,0.1699382764977973,-0.0117705668980483
6107,2.087270991386552,2.0625056407093636,2.338109110607082
6118,-1.279172896277956,2.0186316957294372,-2.527723748807281
6142,-3.1852390847857843,0.2373867910274393,-3.550969018162968
6160,2.5777622326980283,2.576153373478016,1.600723501298296
6161,-3.4938016382274024,-3.934716427543635,-4.001957914675788
6181,0.6259010320993245,-0.5158228786666634,-0.1614533294549978
6189,-1.572427492198151,-1.9870371573839176,-2.3862448348366314
6197,-0.1162968146874687,-2.0707743944296353,-2.152984157817484
6206,0.3853681872582528,0.8778229127321349,-1.3471657054922763
6208,-1.8186702009415132,-0.7887304518183587,-3.218216790449836
6219,-3.35898185648134,-3.2798962411273225,-2.2333740112902687
6224,2.043469925568207,0.9612846113704236,2.1635890378222347
6225,-3.1449341495988667,-2.3877410417248623,-2.152975421514203
6238,-1.818693306164664,-0.9029712389535388,-2.3114213859701547
6240,-0.9448643421158562,-0.3732971026699596,-2.233618857684855
6241,0.1701982102582469,-0.0673410138170932,0.310113958174071
6244,-2.9683798975658524,-2.4584076195486064,-3.0725437611961497
6247,-1.6528698784419806,0.9612913935006024,-1.4193280303988156
6249,-0.829167810970799,0.0431670440520788,-0.0139901339503787
6252,-0.5437497365693452,-1.7350702158183948,-1.4944977127584818
6259,2.090384793798077,0.2367304187677743,2.0106294718267543
6263,1.277157266582423,1.7895409942079443,0.7093787089765087
6268,-0.0658658430275519,0.3099487730712447,-0.2439303260145904
6272,-0.3105415635834031,-0.4303355646564506,-0.2439308145578659
6278,-1.2135442916633783,-1.5721706908622328,-2.386566698641721
6279,1.043664617720893,-0.9430352360920752,-0.346667930658584
6284,-1.4936355775662773,-1.987520642799706,-1.8184813358587408
6291,0.044732135542167,0.5435555686322225,-0.2446267875606929
6296,-1.41925676055626,-1.9870343985513024,-1.4192795209253342
6304,2.453848346181993,2.2963541789782353,1.2771156541904791
6305,-0.5545461406299628,-2.8939562495258406,0.3091559822863332
6306,-2.15297909995769,-0.9459117788987051,-2.3115096686138363
6308,2.8626434267774563,3.158649153571655,3.00422809599835
6309,1.2770473730832566,0.3100831799477093,0.2377009243536388
6310,-1.0436227330423904,0.1046573422683957,-0.0131824857023215
6316,-0.3813496177921877,2.373098005247508,0.7934936761877706
6331,-0.6294774713468242,-0.354508992756004,-0.4057979900970425
6333,-1.2791355370862938,-0.8694297543494653,0.9612880024355128
6334,0.1694605961256365,0.3099081377658521,0.1692083066305578
6338,0.5436401153567381,-0.5397001151445224,-0.1151067807438291
6339,-0.8347839320398572,-0.9472576294094158,-1.987094173257962
6342,-1.2144360843061943,-0.9016400447410958,-0.6467355211973348
6345,-0.7708873570264182,-1.214487122709573,-2.152849894630218
6353,2.0699188538487325,2.289262829643957,1.9777943058478145
6359,0.3853336443748851,1.6520969878881706,0.709386525668918
6364,1.4819977144662295,1.2021264454643812,1.5454763838141676
6365,1.5991730373686357,0.8776634751972565,1.0435434589885486
6373,0.3807747309541874,2.0833642545009172,1.3499315925240682
6379,0.4632915868974995,-0.5625865283838206,-0.6371612225095068
6380,2.5755540170923954,2.204230550588189,2.863417049423261
6394,-0.246154175005042,-0.0670554171657556,0.2377007519266004
6395,2.0688153208027105,1.2777209880467657,2.678412493090336
6398,0.7936628845881605,1.7003055187117828,1.4816751609529863
6402,-0.7150416303405023,-0.740003490365834,-0.9492846816733268
6405,0.9613462252988264,1.5421801535959725,1.1239705567016367
6411,-1.7351491874020006,-0.1636967489143125,-0.946390436357417
6431,-0.9035859413455808,0.1047598501427489,0.7093904340151227
6436,1.1240038925957352,-0.0665324172203247,0.2383622969974186
6437,-1.2786528563300184,-1.572413008326922,-1.0442531262949304
6439,-0.3453678307887396,-0.1627153516871864,-2.070695077991952
6447,2.677419313348916,3.4049678451632905,3.2389900377655225
6449,-2.233945779349739,1.2772171562404415,0.6254900809910403
6464,1.201937695332968,0.3849486722737261,-0.2545588148776062
6473,2.5761536033807335,2.9334672580602583,2.738375719978541
6474,1.0436121999012071,1.348791849799974,0.7936426531489834
6484,-1.572470828860479,-0.8000894278297294,-1.153831658737707
6485,0.1052559802080228,-0.9029677904127702,-0.4866179915550577
6486,1.124062977594241,2.2060139059711035,1.6998791641213982
6491,3.239233964549237,3.4050834862304047,3.1578842672291314
6493,-1.5724218595815618,-1.4942618325698946,-0.0762415538522134
6500,2.9334647291303613,2.8649010714674423,2.680141361529103
6513,-0.0135613941192954,1.4818505767267602,0.2371876090602003
6516,0.625750330867727,1.1239758444641488,0.6257852760808511
6521,-0.3628479954026017,-0.7507164972155256,-1.346114015509146
6524,0.5436349425455848,2.289552277165819,2.136043933382661
6533,1.927364799817724,2.380038768301549,1.65533413310786
6537,-0.4315474393582927,3.2386058703238763,2.465328998206824
6538,0.0423690804560141,0.3100855939262475,0.7093083587448248
6543,1.9629191401928776,1.5423833875986148,0.7936016155138345
6548,0.6259171827652583,-0.0118621831311399,1.12399228250848
6558,2.679356243747402,2.5777771763746933,3.079779876675201
6562,1.2019325225218147,-0.6031914866176254,-0.1610846804468112
6601,-0.7060010508123283,0.8777769321885507,0.3099105230065505
6603,2.0201435360024873,0.5434467671709663,1.5425156966127784
6605,2.796944356979836,2.7365296011536335,2.311026570435966
6612,3.2390829184635628,3.489217075561818,3.079296161356695
6613,0.8776884771178305,1.043696344295966,-0.1612498942874773
6616,-1.5724727830335814,-1.8186874436453573,-0.7137032516681241
6626,-1.0968055540223047,-2.070593460990631,-1.818580194027447
6627,0.62581746246136,0.2381034552748791,1.3488489806253774
6632,-3.3732636432213225,-0.2217465529569388,-0.0190809273089871
6635,-0.3429966141561004,0.169298859563579,0.237700579499562
6653,0.6257746430801472,1.2019596510425294,1.2019155097206884
6668,2.7979612167012013,2.932786286209776,3.079302138827361
6672,2.32350546006201,1.9577197752757307,1.9767015782295347
6675,2.53423796975206,2.2684398507736803,0.7091778889524045
6681,1.8590905896766683,1.9233824249378932,1.9789406007993693
6690,-0.8367792577286952,-1.572377948162439,-0.9502776315120286
6697,0.7094356098991942,0.793603109881501,-0.5890402271457429
6699,-0.6583039385847317,-0.6173107321360374,-0.5586855390661338
6701,-1.2789464421008037,-3.566257319002009,-2.3113574730145725
6709,2.5630342047825607,3.4047257576013195,3.0791232745128183
6710,0.7094583702682684,1.7882043398059506,1.5995677803353063
6718,0.4632577049844459,-0.7164163911179915,1.2020020680939858
6725,2.7381207578643663,3.079931152663593,2.3374957301556685
6732,0.7094231376767469,1.2770400161962832,0.8777377912508245
6736,-0.646837023247297,-2.87916660768197,-2.810914468201835
6738,-2.7902416158063614,1.1239914778489677,1.2020016082885498
6747,-0.7926236819193155,-1.2142935446210834,-2.070704044197951
6750,1.123960785836125,0.9613386385091351,-0.1159697780712258
6754,2.4188123214843933,1.5998248115739422,2.3188046391886754
6757,-1.5725156598904737,-2.7623762568807235,-1.572520602798909
6759,-0.9079938661562836,-0.116643048180658,-1.0445059043332847
6764,0.1689063294105683,-1.093470355293422,-0.6912403192352368
6766,-1.8186116906998024,-1.9869971543109997,-1.2762737080536108
6767,1.4173710258963523,1.2020055166347543,-0.3669651507508139
