item_id,cn_ftllm_output,de_ftllm_output,es_ftllm_output
1,-2.233977804008323,-2.0520369037597894,-2.4132472464760912
2,-1.6524280862390044,-2.564443374097799,-2.3875438065670487
3,1.758721683267169,2.0960563818053477,2.6932578634095914
4,0.6222115715628942,0.2033305688570423,0.8076118642116521
5,-2.767753528831505,-2.981117555592629,-3.6131926778281382
6,-0.418431243351778,-0.7117870830686306,-0.1679813404594718
7,3.2512357922456,2.4309971654522022,2.790668580488904
8,-0.0875361334690386,2.256223909704001,0.0826556456167614
9,-0.183103936420558,-0.7993732436764307,-0.5864298217870397
10,-1.2166772807680313,-1.9618771720010704,-0.6817327122057136
11,1.6101998949264955,-1.9359916068705212,0.5614111366514263
12,-0.0886064595441938,-0.7141351299831032,-1.3837041682382198
13,-0.5917406334847748,-2.02327792362522,-1.0937114151404002
14,-0.0384013551116898,-0.6647653645646562,-0.3796335919777974
15,-1.367055636219871,-0.3075457758451568,-2.052056706474428
16,2.2293446642731576,0.6534680425893888,2.6793608508723983
17,-0.0698803944852107,-0.6122407516225016,-0.6954486569020693
18,2.4496080437534697,2.6434778129957266,2.8071150402455114
19,0.026262716354584,0.7011303516650753,0.5388440955754178
20,0.8711119536894678,-0.8079287836325425,0.8711334647081634
21,-1.3106292679520193,2.2640886740923505,1.6686238370127668
22,3.228127076368025,2.9881770896491298,2.288258151071593
23,-1.6209501772800254,-3.013994565672569,-2.233886186629756
24,-0.2941291993053911,-0.294128397856186,1.270570723696038
25,0.5615254217719423,-1.356397695545673,-0.9477021571396972
26,1.2707179437500082,-0.9077817169145496,0.4456285764681308
27,-1.1015415768877863,-2.3041510859213896,-0.5413821559831682
28,-0.185751997556311,-0.3124162357162142,-0.1625236568968393
29,-1.7768094500447429,-0.7615491945970814,1.0099618911298396
30,-1.399695520268958,-0.3862143561444063,-0.7006549814499816
31,-1.764239957447793,-1.7211847989812268,-1.9806413948685309
32,2.8412093859027068,2.680190983361538,2.4596472898858988
33,-2.292907417315812,-1.631066957892931,-0.917893170362362
34,-1.551057275635491,-0.4429768479752031,-1.3886132524306332
35,0.6536369963050406,-0.857567280739111,-0.4856379414179446
36,-1.0911891482144402,-0.5219237910812943,-0.3800754549598443
37,1.142178791423067,-0.5085532424112811,-0.6441273063181586
38,0.0659606646912447,-0.3584360347435074,-0.6292599314343523
39,-1.96184508205988,-2.8865960676237035,-1.9618296932033237
40,3.414251104244262,2.779369623778122,3.322869590784617
41,-1.5254788390811735,-1.6812134903798377,-1.6810785959386518
42,0.4993891080957284,0.0960284785085336,1.3708681668267302
43,0.681917363889673,-0.5465671704096795,-0.1195868074321931
44,0.7145012217694502,1.1808315931095843,1.0890424787565396
45,1.643463031645705,2.868693370814812,0.5880743726681357
46,2.4234576245307826,0.5327817078946744,1.599011759310606
47,-3.282082468502016,-2.959158911009661,-0.9700197065140512
48,-1.5259425080649225,-1.9409024580461591,-2.032268425162346
49,-0.3623264070877913,-1.216494165304359,-0.9568575527599066
50,0.3220439502772554,-1.0848852663353068,-1.6011964378632426
51,-2.577726689400317,-0.8900104698369242,-2.969797006451374
52,-0.4729125368429286,0.0811735542598861,0.5891908023871607
53,1.441359672588,0.1336211335028433,0.6227340547946355
54,-0.7046615056424361,-0.7714402262036536,-0.568210647940023
55,-2.064445023385921,-0.6448627678487439,-0.2846844219114475
56,-0.8834650538602844,-0.3692946960646537,-1.620854742510685
57,2.0981467940956757,1.5615984277196704,1.2463466035540942
58,3.039665778704968,2.594842974931165,2.663041616883942
59,-0.6848015326918316,0.8075393638835663,2.0655476715468613
60,0.7694975392929968,-0.6927687889322556,0.4125364893283141
61,-2.806019645874788,-1.829016444878448,-0.987962579331988
62,1.089052342746755,0.1330131418059192,0.3619746030957215
63,1.5284413817042457,-0.7171035664109994,-0.8672717408036952
64,3.0729241945154624,2.461445577049981,3.071334365892436
65,-0.8981718613556755,-0.6754053417115932,-0.9585489577078063
66,0.247301594569672,-0.633643966989239,1.291600763173234
67,0.4126392308221823,0.4992596746898103,0.5883133174718721
68,-0.6509413996387532,-0.2109529055786528,-1.5431856326567197
69,0.8603955782860264,0.5881741020020965,3.0041019476413537
70,-0.6213505025552261,-1.3204983967700752,-0.6391921931873717
71,-2.0520982205990905,1.9835207349115191,1.9665923962324292
72,2.095393961394635,-0.0742825254735089,0.022519268692869
73,-0.8474496081585332,-1.113966612363145,-1.2443829509245126
74,2.062230441631681,1.584078985010467,0.4989604866879277
75,-1.8959067003502528,-2.2188202020751744,-2.999162225437276
76,-1.092519031725201,-1.334355151092253,-1.1141512308916248
77,-2.780882973625169,-3.87996489093031,-2.324156264840525
78,1.885444954993908,2.931459863433338,3.149436771996149
79,0.7449669185407988,1.2437885236179016,1.444804223845174
80,-0.8267617687424946,-1.5641122899173103,-1.4453918930031586
81,-0.906055729978288,-1.289856843492173,0.0333665426575426
82,-0.2054979499250968,-2.0322272210421293,-2.7173983956274297
83,0.4126644912126922,0.0266201724653217,0.7693982274861517
84,-1.3999856419677532,-1.3341566467720245,-1.7860746361165214
85,-0.226226224840023,-0.0230599868140093,0.1896528413091127
86,-1.1865586624239364,0.1140316839770751,0.4692883991049725
87,-0.5227197855058415,-0.4551390011428032,1.725378862345031
88,0.7754145405452871,-0.4862776328130093,-0.4599506526206836
89,-0.7904217380443568,-1.0023763455960772,-1.0503534543891575
90,1.931933871522432,2.06300994160362,2.62232742308259
91,0.4618752249091941,-0.2771214424095627,0.0264920297073089
92,0.2883523652580054,0.5614585643730343,-0.3814862423826027
93,1.4704580261244342,1.6269478410311191,1.8677382201186032
94,1.4137932520622023,1.9279983343118452,3.5063533259823862
95,-2.805308452180231,-3.3025558979532703,-3.070046112783102
96,-1.4698511700262027,-1.1403134799717216,-2.8875969397671626
97,3.3671878221621205,3.367238164002948,3.8623873880979462
98,-0.1483629188355593,-1.018449202210345,-1.041694212315503
99,1.0438836232401267,2.036352167439284,-0.3303248806865873
100,2.906236569455338,2.1729413718214907,2.871720248292578
101,-0.1561332057273196,2.159003206438392,2.2810172748010635
102,-2.1552894987434685,-2.108130747920918,-2.8433255034705662
103,2.9500193696265424,2.7730655501496053,3.453906020614057
104,2.0473217180936976,2.011945160367449,2.2630051758937277
105,1.2922321834658836,1.7007126796646412,-0.2640940569541128
106,2.7906666076908606,2.343458691082886,2.476383110633224
107,1.6427881885330056,0.247361539534164,2.0923143439709047
108,-0.1201284510775608,-1.9381438358454732,-0.7794065162104391
109,-1.8077740303579823,-2.2187449064507305,-1.8515217692102983
110,-0.5764743717023897,-0.7141337810386914,-1.1142252978184854
111,1.671085963019157,-0.4486711082630279,-0.0566874498523097
112,-2.0234332403623934,-2.4772388174412514,-2.7477899536507246
113,-1.131951675053658,-1.3596974822935763,-1.5023440182872956
114,-0.7489506984113428,-0.8159910613130335,-1.0405567586630575
115,0.2516427056431216,0.7011971831587762,0.0755645567817575
116,-1.4685127194562182,-0.868092568749337,-0.4528185221013768
117,-0.7491857276327203,-2.146199624237534,-2.579407731310656
118,-0.6922800844630561,-0.7141317576220736,-0.506043807253465
119,-0.395772207940594,-0.5596353173600618,-0.041848190569982
120,-0.5090184806771827,-0.5987213786312149,-2.8022227376720434
121,1.6627391295092235,0.5384821211183537,0.871195758260934
122,-0.1481788492389956,-0.9009695107502164,0.0113867735315212
123,0.9574799903068628,2.806879685962055,1.1294635314930936
124,-0.37776606258579,-1.0921432832967013,-0.8548398850435905
125,2.89594768757781,2.141651651788641,2.974078885206243
126,1.4436403993723697,0.8603168446013205,1.1264864442809808
127,-0.9504268473540732,-0.9727777976618666,-1.236736620295011
128,-2.064410370018817,-1.311068799944983,-1.3875084700841462
129,-2.632172578211405,-1.5252298975215304,-1.851397421061787
130,-1.78623114913824,-2.743192920169504,0.2471250700697574
131,-0.6374209037393653,-0.9464873363718836,-0.7735427357181439
132,0.3621481784985495,-1.2719488304419022,-1.4877053680298602
133,1.444139046042174,2.043546699664033,0.7694236369934887
134,0.204742444931582,-0.0712574573251078,-0.1107880454391435
135,2.04248710997127,1.2138145417684143,1.1296534767348907
136,-1.56370909394303,-1.8556097043871564,2.055435536141371
137,-2.339078847366664,-1.8558205344880447,-2.111557567546724
138,-1.4461845272920162,1.0083300395990948,-1.1992019516910566
139,-0.9317935789347273,-0.8028571495779385,-1.2739054559638658
140,-1.543476947290132,-1.2157892602393172,-0.9527047087720524
141,1.0891229935766755,2.4532870707425216,2.265830814283104
142,3.239205024737968,3.410604438952067,1.2216628239835474
143,-0.3984373702843425,0.1876641328971298,-0.0246170014946352
144,0.6820027152815505,-0.8963883728962323,1.3124724771276175
145,-2.18719432178455,-0.6398209976065793,-0.4312426756781986
146,-1.979420276218194,1.9359496939476024,-1.720996327096875
147,0.7012801037157754,1.2962371039512492,-0.5349089305818323
148,-1.1007045919904852,1.2138121843965026,2.216629827025859
149,0.8711559186756238,-0.4599536386012613,1.1294633546902002
150,1.662732410999275,-0.2588675160831124,-0.2710720724779769
151,0.7856068919947022,0.7011741987826356,0.1309146768560075
152,0.9505624676524458,-2.8176940728552085,-3.0495244531242114
153,0.6785265523481524,0.2469907456319105,0.4122966200002497
154,-2.4824815563087785,-0.5134465326819119,-1.0993643081900046
155,1.3124262451236837,0.9617204416812268,-0.2846359198947452
156,-1.6354225480108788,-0.8025058852865301,-2.0649436075452763
157,-0.1320070276277382,2.057504273267013,1.293224824360487
158,-2.8333896295983165,-3.076337107744611,-2.201454460570692
159,-1.3885521964981162,-1.8073887035792595,-0.9252520012330784
160,0.0657070368428218,-0.0581453476061998,-0.7738260788370918
161,0.0029944071733897,-2.477522632115745,-1.339628503209452
162,-2.312535294568959,-2.631562119549384,-3.3316883050411064
163,0.5386531189834093,-0.2941900232044386,0.3172875277907045
164,-0.3445998873644779,-0.979359226433956,-1.0379570093897108
165,0.3221504249123097,-2.125469324572592,-1.232649005104295
166,1.1422979890565512,1.7878846351384634,2.318334460941026
167,-2.6949920335204176,-2.548608903019568,-1.4684852560734452
168,1.212533176068045,1.2930613923179912,2.0483453984534004
169,-0.9178955839868714,0.7447504164223138,0.5614279113417662
170,2.212595352288132,1.7399902501719944,2.2432740880574484
171,-2.202243078569531,-3.077485041004321,-2.4775320029064503
172,1.5269094815833295,2.1036362765472165,2.218318176789124
173,-0.7321367931593644,0.082271901589415,1.983423202354408
174,1.4440388635132717,0.7450248455290223,2.026047244116009
175,1.2706635685039438,1.8029103010606824,2.7660561987022825
176,-0.288139435110619,-0.9289147337115324,-1.1769545240153132
177,-0.4582353471696945,-0.5671856631136374,-1.137967823148999
178,-1.2376747364473306,-1.38847829288868,-1.1677276221591804
179,-1.8161890614076204,-2.477842706293481,-1.7765397275058272
180,0.7012442127284175,-0.8748787352719707,-0.743346694209969
181,-1.77746981771049,-2.0234430155416563,-0.5704436555831989
182,-1.6666618853439847,-2.0234192413402394,-2.201475097060247
183,0.7693920838728755,2.57414922480828,3.006091523995181
184,-2.95860195235516,-2.9335294623148958,0.0317879115472283
185,2.404255352623088,0.7754352039210507,2.573134608796149
186,2.8944034830935306,2.4926476678054605,3.014747790667694
187,-1.7862420048432524,0.950680806766428,-1.7860944388311597
188,-2.8431837086112144,-2.7702683531370145,-2.202253682359013
189,-0.4022367465946661,-1.5510340555221591,-1.7211793770258297
190,-2.6849807464851865,1.0436524829241702,1.453987953285407
191,-2.032323486620612,-3.403661847292405,-2.963890517481222
192,-0.8878192882951301,-0.2590460277153148,-1.5615323666793086
193,2.9579985052670152,2.449215915132976,2.610211449637891
194,-0.0699742784395495,-0.4924866978912763,-2.324280091453744
195,0.3782357419847212,-0.5535910655124543,-0.7073233487071294
196,2.3697953522542834,1.725264883413093,1.7838474613200164
197,1.897506928119877,-0.9195030718119344,0.4994067038813257
198,-2.804788373296105,-3.414280383132132,-2.108196836655364
199,0.4460325068674663,1.2705321308343187,1.9155107085707035
200,-0.5128307282042396,-1.4681828052571553,0.1296739920188025
201,0.8077911422338236,1.4418819708699246,0.2810432759726798
202,-0.5491084519034568,0.4694501722877089,0.6536471938685924
203,-2.524333941591816,-2.2013558640094866,-1.7763836866813003
204,-0.881900758697331,-0.1570346169471066,-1.7859928008018118
205,0.8347356481033226,1.2439265829398345,2.262963074613537
206,-1.22548354692926,1.570254650659861,2.229715396997788
207,-1.1145456108006468,-1.1131290965368843,-0.8981245869856053
208,-0.3419191430092189,-0.8138949560596748,-0.6100248755718756
209,1.640605595358187,0.7694217879448327,-0.2130951179166942
210,1.3827062511071877,1.3178253693099662,1.3181646042347497
211,2.903742267028978,2.723574306207869,3.0798881294962297
212,-0.8066011748726302,0.0267202596796676,-0.5577516139534717
213,-2.2023113867017754,-3.1788215114872047,-0.4077177936852152
214,-0.8283402013339847,-0.3040991789737881,1.0405876363863944
215,1.8975325762141375,-0.2444458571721828,1.2116641231997374
216,-1.129786593528194,-2.201317849423465,-1.1447525136606234
217,0.6187604472773215,0.957472741388234,1.2962468870446835
218,-0.5148964589731411,-1.411992091730958,-0.9973443437260796
219,0.3219620325620625,-0.50147652673753,-0.1187720756652577
220,-0.6031614778717873,-1.2054380405149203,-1.2701872450892444
221,-0.5982033055975595,1.5971398341066882,-0.6982931915737304
222,-1.217103277719675,-1.27373844511752,0.0260411220023478
223,-1.851589461693512,-2.0323130629592474,-0.8817501186639769
224,0.9616521360414628,0.2383252716632085,0.3218344346838316
225,0.4614165098022975,-0.1790998261473995,0.5384195034269453
226,1.582929115333375,1.2116298859762364,0.3283053742045886
227,-0.5910850443068446,0.0656070178261165,1.3763050051999357
228,-1.2022712536008324,-1.1664674890037028,0.4613078938914592
229,-0.6716101719765338,-1.651836863325447,-0.8168189583418304
230,0.7144320505380621,0.8077195666548205,0.2052567903713952
231,2.8959423776038893,1.7390659624655331,2.168219623574874
232,0.3182117943830419,-1.3884224231743691,-0.922659127867238
233,-0.8025283981882883,-1.038766530904239,-1.3884799430490182
234,0.9226871597727864,0.2003996769465932,0.2005355036658547
235,1.3701567006212962,2.5098841668951186,0.588260410821619
236,2.671987227996456,2.383006861846144,3.058611256395818
237,-0.3491171423562567,-0.9786745277621602,-2.679596273301337
238,-1.6097658353563105,-1.568333007554134,-2.0142403570521603
239,-1.109615586869232,2.373628182908376,0.8689543315811852
240,-1.2359890376109428,1.088919733728292,1.2708643007048346
241,2.1125098958977904,-0.1706738717228854,-1.0338129853058753
242,-0.6154812317516446,-0.956606680634359,-1.271235047449914
243,1.3761601446959528,-0.8999744915653227,0.2520149346680023
244,-0.191325510488024,-0.3127540912730412,-0.4476863466463928
245,1.5791122017335997,2.2329868640873483,0.0962446084377246
246,-0.687174652665858,0.4690934989258457,-0.1926094442406175
247,-0.8834663064416319,-1.1634677444156656,-0.7684296530056411
248,2.323962502289923,2.1590263332640367,2.0619960259311427
249,2.741412639123774,1.99908895389153,0.9575171778487722
250,2.92311750066516,2.4546462748098805,2.5418194774313885
251,-1.0383911194272777,-1.0058830786315052,1.979150655866916
252,2.935171351754507,2.79066019609722,1.5525198142266414
253,0.3782353799410449,-0.5556081315148849,0.2003378881591549
254,-0.3936543945849049,0.3620360989097229,0.6224574315190221
255,-1.4196142947950137,-1.1579063252380697,0.2386267913970866
256,1.2287567416650147,-2.312570612386288,-2.4056835851471425
257,-0.2330345726853054,1.6445916670866187,2.44785108964991
258,-0.6885667929340459,0.7852445639318514,-0.2281892673653156
259,-0.9115441312574012,-1.5246301077834936,-1.4498579964028275
260,3.225314379000824,2.3562663948521942,2.950499505107838
261,0.4977612509366512,-0.6376949875215182,0.9621360391913896
262,-1.5435074864163207,-2.052101322229094,-2.324261481673723
263,0.317932180607148,-0.8493868226288324,-0.1862185589124968
264,-1.155424512782869,-1.9407945424932105,-1.5247638985428882
265,-0.5708614720106321,-0.7347556766915909,-0.2914555339324386
266,-1.4697123124368123,-0.9883435111542046,-1.0673528830500962
267,-0.2323493629153603,-1.2651619991067868,-0.6190135789929901
268,1.4417489303018896,2.4929953031553493,1.7398200963407724
269,-0.9271734585795992,-0.4671948804390293,-0.7409745526229976
270,0.1152576543762729,0.4695123834594364,-0.1922253158999608
271,-1.417994961879203,1.1704235103080036,-0.5339213834253618
272,-1.6952419959712657,-2.108165518486429,-1.8288980769958585
273,-1.777823172338653,-2.201499595349016,-1.6320474928498383
274,-2.611283878565457,-2.608194306937791,0.7851939393700444
275,0.7146134246581545,-1.177072287151323,-0.8312576822698505
276,-0.1315052196811994,0.4992810282194503,0.0956368380738523
277,2.47394991084675,1.357832513139802,1.2708048701637846
278,2.635748449156431,2.329010904613855,2.679721377739045
279,-0.8062826877546524,0.0108997432831849,-1.3186086482803707
280,-1.237198193715351,-0.3821385598201313,0.1289491001559096
281,1.2138929243844834,0.0019156613804343,-0.0272050422480563
282,-1.609505179414859,-2.606811431472308,-0.7893713575175042
283,-1.1849573206856332,-0.7309473920820351,-1.5257930204978265
284,-0.4330138069226775,-0.048187808101526,0.1144110755796323
285,-0.043502821362056,-0.8738696622251045,0.1883913821319346
286,2.5214646535302583,1.91336017760233,2.2836510891656205
287,-0.2040988493073784,-1.0518550134665223,-1.6810522302069657
288,1.5326191243674108,0.2882098407307306,2.026542037140417
289,3.322866211710304,2.8952062221285497,3.4142655859913176
290,-0.6237293042158554,-1.4393344195721427,-0.1211566852888334
291,3.444628239744262,3.0726548560731226,2.589138975823688
292,-1.7649603741952236,-1.2623996062139196,-1.385788900511093
293,3.1059210515826723,3.3105213368322466,3.67323237764632
294,-1.4738403196445955,0.4693418608878536,1.4484454177799195
295,0.5881720740132481,0.5882829572858757,-0.0388282169409309
296,-0.4828659238393081,-1.327135274038471,-0.1926064875505936
297,1.7699101984939631,0.8077455212790757,0.2055579811476398
298,-1.2890169021629334,-0.8957003153835428,-1.184534536569816
299,0.1153510013041705,-0.2674438419814772,-0.9779080644675882
300,2.439850836470117,2.2204631174839813,2.3373854323070398
301,-1.829118167277548,-2.1083073133457804,-2.2022901791228118
302,-0.4864853290604174,-1.6353036185979262,-1.2370027675838586
303,-1.54340775708236,-2.0520247358266985,-0.3487190790882915
304,-1.2090543026278977,-2.108231114021364,-1.8289684812260236
305,0.220374878210172,-1.236536007945313,-0.7172796417546381
306,0.0254806876899777,0.618377197538753,1.453254692752227
307,0.6785768941889796,2.5174612104069123,0.0927728704693076
308,-3.274969715812616,-2.795261361862291,-3.1770154200892176
309,0.78553581723156,-0.2058897077652005,0.618725617107324
310,-0.3999086650288239,-1.1669878788532428,-1.3877075501421017
311,0.050528412530626,-1.0387710099108716,-1.3886553315192596
312,-0.1907314030099232,0.9229834321813042,-1.8541832523021544
313,2.9355948142310053,2.8698853510838758,3.2393278970034936
314,-0.7807132785160577,-0.0252041049692807,-1.6352448021687256
315,-2.4572798947021304,-0.868804424240919,0.5880393003904031
316,-0.5701767261398415,0.0004937315288462,0.0613279492115024
317,1.4415748308745813,0.3618963693233227,0.8077511930734498
318,2.047623234024206,2.311944502588797,1.6628574695791984
319,-0.7197699096348559,-0.7886608697581458,-0.3815983552915961
320,-2.432768968707554,-1.2075044231652454,-1.7391849626835991
321,2.3004263834275136,2.1924304614019863,2.236243632806807
322,-0.1038860188695457,-1.1670867706049448,-1.2375710120832093
323,-0.8338286844857132,-0.4716383362146174,0.7754276620954753
324,-1.338359500868194,0.4450337162081813,0.9957168629775728
325,-0.0834906855157911,-0.9945905642575936,-0.7714415208523695
326,0.7448864845040262,1.3853567728620866,0.3780186968007215
327,0.3281469226641179,-0.8827054527430643,-0.4194524372570661
328,1.291895418023573,0.5882766347324069,0.1698527600926911
329,-0.1287979738619312,-0.7180189798511109,-0.470948442325922
330,1.4531308128582594,-0.0713734106656943,0.2515665919975178
331,-0.0553298710311072,-1.2361740421151035,-1.6016637857862968
332,0.9508052894936868,0.8606386983609216,2.159258733033301
333,-0.6242436204247336,1.053291816241947,1.851211934234985
334,0.045905341296172,-0.0578646602123009,-0.9596861791626587
335,2.213364395453569,2.015765356401721,2.01545170806885
336,-0.7162545916930857,-1.568534602854169,-1.652241780123804
337,-2.615879822880545,-0.3898276985164728,1.6647737553003836
338,1.1423241095256171,-0.2846364104199859,0.4085188289030061
339,1.5836989160415684,0.7694028202844263,-0.4192959242353477
340,-1.4686245767534354,-1.7211174960131437,-1.2378012094504012
341,-1.4684660434923638,-0.6474478618872751,-1.1669232868628585
342,2.751131241706564,3.3702288052147025,4.098279072651072
343,-0.7942716675196049,-0.9239686252959723,-1.5647563656176198
344,-0.1247815866932627,0.2508690751159513,-0.6437886902714086
345,-0.9844418843777888,-1.6813975599764015,-0.9102437488443688
346,-0.7579028174883475,-1.0356184964531587,-0.1832949757345733
347,1.7828472284178198,1.376238173706235,0.785582375326819
348,0.7754764693569225,-1.4504689455900897,-1.6810549280957892
349,0.3284636766282323,0.8604379274649213,0.4125947343609772
350,3.506516486999216,3.2320154542802566,3.689927089374353
351,1.995330831589664,1.2138342258238786,2.226353514687845
352,-1.0505341750622863,-0.3220721406734063,-1.542967444915315
353,-1.1142283636012396,1.7466800243964324,-1.1579071836572408
354,-1.893813258188241,-2.7954731253653597,-2.0638955199932694
355,-1.7393725650494087,-0.9513957870669074,-2.38561956196744
356,-0.8177382822299397,-0.3989639030933264,0.6225302400968022
357,1.526730085580838,-0.5140804889233053,-0.3147825508688876
358,1.7546161674817111,1.0437371125758057,0.6184737024513942
359,-0.0411320124303117,-0.4359086808376149,0.2519068196986951
360,1.6079748152470092,-1.5249485812960026,1.7324208235439094
361,0.6784907046629189,-0.1561332951974159,0.1699262746884487
362,-1.739213938154858,-1.2377254697885505,-1.1466967457812636
363,0.0032207857488415,0.003287151908012,-0.6138839434860179
364,-0.417556569075991,2.2978816310914336,-0.5865885563607087
365,-1.666137766781788,-1.3306017215587425,-2.2013550192409084
366,1.2706005622664407,-0.5215309171423257,-0.3349217308426868
367,-1.1009029648368671,-1.0387741923629523,2.065808236689384
368,-0.0695397221820303,-0.7610722287567927,-0.9558492247750928
369,-2.8420942308918837,-2.202213979798395,-2.4779608398810806
370,1.7839123126607732,-0.6227165473717486,-0.2642068698114284
371,-0.5709024058751387,-0.5335947476108742,-0.8483760750429953
372,-0.5005593108485253,-0.8256249852317987,-0.5789917853333681
373,-0.5235966689227507,-1.3883177558614832,-3.7889891677735457
374,0.0315302571308594,-0.8546404593185086,-0.4253745948397913
375,0.5386550932823855,1.1293297506370965,0.1888270833955417
376,1.088921398276641,-0.2135547328533742,-0.2112066716324502
377,-0.5727891512650015,-0.3634747557732469,-0.3841162823871851
378,1.2963806679006808,-0.608353265035505,0.1894889744940904
379,1.4422280736266204,-1.0101925608817464,0.204946968603712
380,-1.7020692540456517,-2.58451281342619,-1.7861765127327924
381,1.662726871175282,0.0768176767557975,1.043898003208789
382,1.2962140017065131,0.5385471551159718,0.5384680063540316
383,0.1698773345457963,-0.0386303687347418,-0.521923552494371
384,-3.6043640694640313,-3.5722435891470803,-3.4926650681455342
385,-1.702019150791748,-1.469551624143935,-1.7860693872042075
386,2.9588390202669137,2.925805824246685,3.489700642009024
387,-1.3045218222322787,-0.9977104210629624,-1.0423881317464925
388,-3.020143905035028,-2.051993242352816,-2.5004820218479837
389,-0.2966169592877459,-1.8282936609953877,-0.4005070318876745
390,-0.686765405120157,-0.6517388167833243,-0.8298554668841894
391,0.5882456184323711,0.0261957859754104,0.0958779599832643
392,-0.2572056638053821,-1.0857104068744985,0.0645903098505196
393,-0.3778956529912295,-0.7426857699756163,-1.2087263249532234
394,1.6710274202087527,1.6710258260017206,2.1629238015638284
395,-1.0059685845648585,-1.6813090201704597,-0.1202474529579011
396,-0.9171840107382776,2.653386496660996,-1.132821194044625
397,-0.4248395820912403,-1.1671481801432484,-0.4372858575085158
398,-1.1337680296086885,-0.648724143040349,-2.064433708000744
399,0.4993265983218105,-1.7020153334009742,-1.961811083423302
400,-0.9312998122866092,0.0634033944028382,-1.566014599953796
401,3.41481323739248,3.101030948509397,3.690163141851364
402,0.2881901696909797,-0.6254314525604336,0.1151208320369014
403,-2.4129473357109887,-3.130364679482997,-2.6639180999272174
404,2.308840770820904,2.691768268989559,2.894385478410607
405,-1.7394653689117918,-2.8790821965465208,-1.9376247858947464
406,-0.2023787559082915,0.3173846220463238,2.21772647643925
407,1.3817712129722806,1.7041114902780248,1.244185806212134
408,0.2883489258430796,-1.17024678458389,0.378190848568848
409,-1.8160127461372155,-1.7770418820849894,-2.477258850524678
410,-0.510410719448242,-1.071838436502564,-0.881043277294806
411,-1.148444274947864,-0.1129308740136407,-2.2956368175309256
412,-1.7389710373957947,-1.920699521336673,-2.387592140119106
413,-0.2567571511806725,-2.234001185526812,-0.3026709380038759
414,-1.764260230846235,-2.1059649433948966,-3.5236117965924474
415,1.9073842914651784,1.1690873277796494,1.750424841450024
416,-0.341647780207272,-0.8356243197506336,-1.469646223859044
417,0.0774265564534786,-0.1263520973280839,0.0254805403542332
418,-1.567938201345748,-3.108808881733749,-1.1182413534065805
419,-0.7159229419822702,2.42758264473389,2.895576472128278
420,1.7486108819500517,0.37787249149607,-0.1214136156178495
421,-0.3951615662756401,-2.481474015553655,-2.636280271632725
422,0.15889516325491,-1.0280642940311122,-1.2638022631396326
423,1.5153117918536658,0.9507628806680608,0.4126267646554372
424,0.027756376665079,-1.3113111377775208,1.1295245874256103
425,-0.5286039626007046,1.4533344897914429,-0.8225163188916462
426,2.6905749727732067,1.522100747999755,2.064523789362465
427,-0.8279137576210109,-0.0986187954711619,-0.2677414301051752
428,0.6187870855799253,-0.1263519794594884,0.7011921148091657
429,-2.111681507165277,-1.5650908939746102,2.1374473592558734
430,-0.0386012014833621,0.5882453798454478,0.026203659343881
431,-0.2401871706449579,-0.8969464473445556,-0.6075624256933781
432,-1.108310299203793,0.96188231501065,-0.905093295132925
433,1.3761359816338563,-0.1819675985453101,0.7851294063139577
434,-1.3216420563687117,-1.453693535890984,-1.297846676943515
435,-2.2023740230396456,-1.2080384349355515,-3.241690146326893
436,0.5330361988422411,-1.9208849643527293,-1.2065955797667405
437,-0.8725400842212366,1.441553746595495,-1.1459431369287791
438,-0.9250393390475712,0.4084241881893831,-2.1251085432580745
439,-1.9379798300600657,-3.327441912645022,-3.1578331393014736
440,0.7754167479088702,0.7753546964659247,0.2381832646060328
441,-1.0083461786735983,-1.1674406121289131,0.3174610008962676
442,-1.207673960497079,-0.713096881825264,-1.652024895638935
443,0.2817845548373946,1.1809227117192027,1.4415897501597827
444,-1.3495781202853394,-1.8941678069237824,-1.0373813391688378
445,-1.0501421767472203,-1.5433485875253687,-1.3345872961686736
446,0.0647169920607987,-0.7588194226219713,0.3169839277556076
447,-0.3780061880541601,-3.258545966476563,-0.3247831428072139
448,-1.0705800787414703,-1.6815119749887892,-1.065564580786868
449,-1.6671488340887382,-1.1640098581706066,-2.4782494020233
450,-0.8242071545211622,-0.2826421493961898,-0.4922147663791872
451,1.04379769703394,1.4531244479540977,1.526735979010618
452,-1.1004330227462404,-1.807611475224929,-1.3883060868705197
453,-2.672165601298005,-3.071224818856113,-0.4316288131973591
454,-0.3418018047737113,-1.3886147847223758,-2.514806311438405
455,0.4695980671295169,-0.9307902522466364,-0.1201864685767034
456,-3.4698768684807875,-2.7584774319078478,-3.5138475510549907
457,-0.3746831943460224,0.3875243925539695,2.3203841297704
458,0.317934213840422,-0.1050336464505306,0.7011510965378995
459,2.034652056854151,2.2192417148020867,1.857513499128907
460,1.180839114402124,0.4459330963410731,0.0659597091171926
461,-2.2267606876901787,-2.7722532477708595,-2.304459430167459
462,0.5388584166097823,1.453195640585835,1.296304524787928
463,1.3142727553947122,2.399110564572262,2.307677640910569
464,0.5330432269352698,-0.7009655918084667,-0.5414810223035267
465,0.9505508961866632,2.09964659729934,-0.8544734621028943
466,1.313914694198756,-0.8792453096100943,3.4142583451177897
467,1.0529897753250004,0.0117329617201283,1.3924596076045312
468,1.5268843755724686,1.8375776248835944,2.048736267172385
469,1.504661990994844,0.3776623251419218,1.4489875178447105
470,-0.2070960694848162,-0.3626103829279108,1.598465170952775
471,2.449686819364025,1.2303014056479036,-0.0726099715783339
472,0.3284132154939435,-0.0387904605603105,-0.6583658668130634
473,1.9094581377452453,0.7010082987343395,1.213883730634027
474,0.995758723286051,-0.3102161651734961,-1.2068366310276382
475,-0.7060633636019128,-0.8455129359798573,-1.2051212831291167
476,-1.5253981476790823,-0.3306785197699093,-2.405635268410936
477,0.4979038098347227,-0.3843637174995995,-1.1272249524842624
478,-0.0917834482770175,-0.6326892403616691,-0.7978331616171651
479,-1.0121284165903033,-1.4535989871508437,-1.0010212083030543
480,1.5795809057445234,1.5146755998225494,1.1264166576059005
481,-0.8427110695590694,-1.828943204751096,-0.6357260852704805
482,-0.7616262957382338,-1.0415237996038358,-0.1097824732865851
483,1.632947219795716,1.0079699268223057,0.2882842407062301
484,0.2004500613582251,-0.7393296087268215,-0.642588038638126
485,-0.9442295644340334,-1.4697608648757143,-2.2342015985424264
486,-1.311222618462231,-2.0645595916608364,-0.1113628364280525
487,-0.3268715126528151,-1.0431381649025235,-1.2081916966835289
488,-1.0653370748831024,-0.9823359127131602,-0.6031624642708089
489,0.1699035492839995,-0.9428390201980106,-0.6074914999729997
490,0.2002191981739096,0.200265268231731,1.0902157508329855
491,-2.02374471860532,-3.062276779528075,-1.629969362147322
492,0.1698495689925912,-0.4586743977008405,0.5882008833842428
493,-1.938369027012192,-0.3243070252024461,0.287834944503822
494,0.6784765087409795,2.77494040069696,3.079561742585085
495,1.4420860321675133,0.3606539689306777,2.2512530697429805
496,0.4994408814580957,0.6784456117344054,-0.0387925780192553
497,3.5416644619651856,3.069153684255486,3.0076494858623937
498,0.4694966949001259,1.769503819108769,2.010307274603444
499,2.6135166915335115,2.143176338391172,2.581105093447787
500,-0.6726593306358581,-0.4005073401373688,-0.0562358948752136
501,1.724751919285075,0.7010737158048932,-0.3888274258171033
502,1.8023616166049303,1.671078688326373,1.4417354906152209
503,-0.3160278915156186,-0.2360367227226626,0.3866550527271782
504,-0.0455925583478901,0.4694151747323239,-0.1999555517971543
505,1.5819184611260586,0.4994482180059888,0.769507798530701
506,-0.9220720565091204,2.3088379415853755,-0.101566557131566
507,1.5409222222101728,0.081959191748484,-0.1834248965933967
508,-0.9922702940321836,-0.4385635480511668,0.7693269496428006
509,-0.5774413866121232,-0.9972329301232196,1.318153742924458
510,1.598352968064071,-0.9017593193382532,-0.7487809144797539
511,-1.6412647468852477,-3.520886097733452,-2.0323980464571947
512,2.72002190159136,1.394869680743283,1.053056241495112
513,0.0769867003218769,-3.0726441924842365,-2.548024510522621
514,0.4695898004655726,-0.3871226288476633,-0.6781615451716596
515,-0.2572818038251222,-0.727452647153694,1.2934309634622627
516,1.608291817183796,1.3135420674149116,1.6084735567854669
517,1.3147720136244632,1.6144506497310676,1.60947906596679
518,2.53362114900527,2.178326540990598,0.6184280578377511
519,0.5329537728740006,-0.6031624642708089,-1.2060472652106216
520,1.9857732207788676,0.5364431712174996,-0.3658713381395388
521,2.1747940218629487,0.6818960260417035,0.0107238286687475
522,-1.4490809415419896,-0.9685581377795353,-0.2079540208588018
523,-0.680940367211727,-0.4892372168526284,-2.6742898111637143
524,-1.2682378880810554,-1.500955098063413,0.2871657671086157
525,1.5220880481123522,2.7356104997018136,2.9397874525757297
526,1.4680364256425265,2.0260650520516204,-2.586998882484444
527,1.243444099400423,1.0080274917668528,1.3803793963989868
528,0.9616161437519282,1.8389176548653008,0.6819816226962014
529,-0.9082531615553388,0.5878825487817612,-1.7019641565059154
530,-0.5628859028008362,1.6106471967582126,3.2278293275469347
531,1.291819308795024,1.1262422505649303,0.5882385204714015
532,-1.4468289925757305,-0.1198777124229708,0.9016373917463664
533,1.3696307357487685,0.678500248139853,0.9506811050000824
534,0.0332854448740299,-0.3264153262113286,0.2877146856626456
535,2.369956601481915,1.9896679565621451,2.9293530575246343
536,-0.3160665902453745,-0.3235255546967194,-0.0561051353549159
537,-0.6555870420187131,-1.1676530113381705,-1.7212010648474183
538,2.115348213248628,0.3782733945270665,-0.2600949285864483
539,2.9221153743049206,2.089826033964801,2.633999317091421
540,-2.385084461413725,-3.2016459754818274,0.0310632207883078
541,-0.3047319546570265,-1.2372825876297948,-0.776456807792027
542,0.0961913737304518,1.5815616543821869,0.4993944763015039
543,2.244584335844536,0.6785088372690936,0.4125840575961573
544,1.9416623660304944,0.9016959591882724,0.2051169683100868
545,0.2373616041700728,1.4694166410384788,1.540279020988336
546,0.4086433609984827,0.8689061987919439,0.238725019076532
547,1.8362010375556712,0.1897321374067974,0.3179371016210139
548,0.7009603851502312,-1.8943203288864792,0.4614228157721617
549,0.2387212481637443,-0.8167575476910146,0.0832751789957352
550,-0.763239553890982,-1.7211323474561884,-1.6353812940024215
551,-0.9376336653539684,-2.2021888266233445,-2.6485050385158138
552,-1.0883082149732457,-0.9685206339823024,-1.2265109665422609
553,-0.1282721581062301,0.0958618851893035,-1.020688263179106
554,1.8678459211022944,1.5787451357520237,1.2106690964359004
555,0.0650396146048477,1.3576590302118825,-0.9859377487404468
556,1.9812259956156653,2.4302052891257064,2.1475244829446947
557,0.0962572535446622,1.4443636756305094,-1.026827581890784
558,0.2195141427908589,0.1307671053743259,2.050020209784172
559,0.6535574070368462,0.378184090420222,-0.045251060650129
560,-0.7015401767108104,-1.1677978718421536,-1.4685583346027125
561,-0.8780336486220903,1.8103191441117432,-1.1455487006200262
562,-0.190436096051209,1.9992598738618792,2.5491079146903117
563,-2.014187091504995,-0.661324064629473,-0.6222442916932672
564,1.043870186220229,2.0973851155799768,-0.8225053571122563
565,-1.3038119689255776,-1.0916867212430896,-1.6208803906049452
566,-1.5269964769564388,-0.8506962162384865,-0.6533619133772465
567,-1.487945556191614,-1.8288409891524848,-2.5643435011968645
568,1.9095170720430417,2.258082561935347,1.376186075786983
569,0.7012159831997732,0.957529671919905,0.5388161901854114
570,-1.164115030738718,-1.9618259951060115,-1.9618454399402647
571,-1.5250355268949125,-2.1251274284798405,-2.125051397067536
572,-1.920873250864348,-0.2782218505341213,-1.567999604684841
573,-1.1082077646245434,-1.2706540468961005,-1.1794096876491975
574,0.0106143189087665,0.7753165581284621,2.138609691696617
575,-0.6190131497834046,-0.7321367931593644,-1.851397421061787
576,2.475312069405501,2.642771268761058,3.058395719727136
577,-0.7490051590826986,-0.84640734586368,-0.9331528717909736
578,-0.8223752207304931,-1.6520527614112943,-1.2074860514834689
579,-1.0653337457864045,-2.3876039769073647,-1.4107843694289155
580,-1.009719467964949,0.1694416748237566,0.4992268689878495
581,1.724675658303727,0.3176212137848265,0.5386885679635337
582,1.0438648821334275,0.4608856885820475,1.4532550463580136
583,-0.1183738918011389,-1.525860222455799,-1.2087462006513907
584,-1.807539811118809,-3.0202237847548807,-2.227280723933932
585,0.3285104098418437,-0.0996282173195284,1.4439027256945944
586,-0.5720878165989411,1.865224546711252,1.5051147869527908
587,0.2819378474103415,0.2818285728937325,0.3621248131717259
588,0.86039867991603,2.021652770642693,2.348824155591376
589,0.2473089609409305,-1.0616019838496342,0.4993483097318354
590,0.7753779964148568,1.5403467134715496,2.570789898145718
591,-0.6398188397608179,-0.9506332947594472,-0.7857353057741566
592,0.957557724645656,-1.3113673610976184,0.5385868768326865
593,-0.7853399744988439,1.2138303361602238,-1.4685216774694831
594,2.5373762998013447,1.2291403324032233,2.04820883299146
595,-0.7492093290473765,-0.6345521481129761,-0.4886839802134401
596,-0.7115779083281242,-0.9282872458624244,-2.052013522241301
597,-1.6355331087535443,-0.5369460535194548,-0.1291823580454472
598,-2.111450764662187,-2.2016534639114846,-2.6602523785846075
599,-1.008327201829708,-0.1869007823437853,-2.448199239543555
600,2.379846950349207,1.129532189950026,1.9751096489356283
601,-0.3631873523493056,2.083235226416307,0.7853085076449602
602,0.3221439254528707,0.1589186164929798,-0.5607830210940578
603,3.586012715375509,3.072641344596025,4.004902102473045
604,-2.1431639861992364,-1.1136554472649005,-0.922765270814918
605,2.0661446336612044,1.725319338704257,1.296576329769364
606,-1.2741442228723658,-0.9226459265845316,-0.738317182301746
607,-0.6015107819186195,-0.489199029734225,-0.7013062641040001
608,1.053085182484312,-0.1808964842403318,1.1424033293519864
609,2.422372760952968,0.7010816719350956,0.6188022022273101
610,-1.243981287569826,-0.5308582152467647,-0.3462786629194263
611,-2.972776017336374,-2.9496733011258933,-3.249383201093938
612,-0.7714011313119012,-1.7647084894841365,-1.3863289688010776
613,0.9225866323119736,0.2881913765032344,-1.0130142329555067
614,-0.3226492824409933,-1.164748121139831,-2.8182370966927563
615,0.3284490035324462,-0.2578951213349624,-0.0390604813108135
616,2.5480538771419505,2.236154506519465,2.628058975583732
617,1.18095390658826,0.4457178764045528,-0.1614219724896161
618,-1.9618881469995448,-1.398946953796943,0.3270633801517175
619,-0.418795575180754,-3.26044139699522,-2.7698385917215544
620,-1.3379992186255634,-0.6420411351064909,-1.1476507169350056
621,2.20802511898242,1.8131682173818,2.6144715213893948
622,0.3879785697199357,0.4609715558539364,0.5385987226265435
623,-0.1191989245981285,-0.0562221057860695,-0.6414941055105544
624,-0.6705605465407458,-0.8963921131511925,-0.6780117475779256
625,1.2450640034898466,1.7019900350155666,1.944083452129242
626,1.725130159608331,1.59738794750041,2.083261275375933
627,2.766563204314077,2.4097801516742647,1.596912937060173
628,-1.0220300859475844,-2.3853159280041685,-2.7497614021499293
629,-0.6354128801549278,-1.7640905503121946,-1.5247009886807714
630,-1.980608904099828,-3.093488564870221,-2.9237861428957115
631,-0.651823379892854,-1.311523301249587,-0.6019349663997152
632,0.0661724630561588,0.0657058963189532,-0.2089890000321909
633,-0.6696016258493905,0.744821497664113,0.2877681474455268
634,2.2563379566992072,-0.2750316819734958,1.5223769397257965
635,0.3781707551448081,-1.437357540417792,-1.775800796362302
636,-1.2713692038382092,-2.111489382654336,-1.5650761708651035
637,-1.354715107564745,-1.0689856264466528,-1.1608307140916705
638,-1.721181970134933,-1.166941556495175,-0.8192031505381412
639,-1.2717392206498173,-1.6521102191543011,-2.0141678567240744
640,-0.3350114849342531,0.7693258760016455,0.8603174410686288
641,-0.2571761694648083,-2.66576812332505,-3.34189912823671
642,-1.2586123457705551,-2.7735819140502453,-0.6648627711193787
643,2.1087071013981946,2.474048946369753,2.2934429048758584
644,-1.8939822817543204,-1.0377481462383211,0.8710404074519433
645,-0.7370151893091982,-1.7650234066886503,-1.7648573638946816
646,-0.8994346533975099,0.0238042426548678,0.538506902990577
647,3.1150306275348494,2.5787386542889155,2.128364754296703
648,1.4688374533605506,0.9617885633740256,2.263005666418968
649,-0.6485160969621426,-1.38490154035071,-1.4536959885171874
650,-0.1199009066269456,-1.0394410077079452,-0.6802139104325389
651,-1.3665443444431289,-0.6998714023469648,-1.7013707908275404
652,0.2837937813971425,-0.7830698842820331,0.8711008740414822
653,-0.2580434382644536,0.922572995333496,0.9225726332898196
654,2.4248062524608303,2.41428357368759,2.713789514960553
655,1.2105764054161785,0.2473804475478396,0.5882026727861679
656,0.1153339249107671,0.1150683055335175,-0.8780509878622749
657,0.1589919500164608,0.238596225543027,0.1588137360649577
658,0.2473314775818217,-1.2736366877947105,-0.0997465862568761
659,-1.0089710000988334,-0.7579014619994981,-1.4681661857851769
660,-1.146695541731231,-0.9448815955381172,-0.8206323089604883
661,-0.592482235211887,-2.781376609969583,-3.014760906870374
662,2.6493353619765783,3.144174245250868,3.057938579245073
663,-0.588996806624644,-0.4631142338447689,-1.0647451583723184
664,0.3617720213966652,-1.0352427805340698,-0.5668394916500927
665,-0.8593781821715674,-2.032659741673095,-0.1820423205447236
666,1.1266947306650663,1.5150860886241753,2.3467975982644287
667,1.825102625130536,2.3395362776212103,2.044208803098765
668,-0.2743199026045201,0.3618854572841465,0.2817423554542528
669,-0.0064628271471596,-1.1167721082446398,-1.030347931944834
670,-0.6769874568871779,0.678531860907197,-0.970192056612554
671,-1.091146328582529,-1.931926225122449e-05,-0.3337903928148774
672,0.0019985140612305,-0.1631962577296768,-0.0581424192341044
673,-2.1081660116859395,-1.206041346816492,-0.7196712929540101
674,-0.3132475234916477,0.0004903407822095,0.205737382469689
675,1.180853047288304,0.90175871882602,0.8078466271787873
676,-2.521203833187728,-2.564423892717123,-2.728921218749837
677,-1.2889800653243644,-1.7640809850700014,-1.9408136729775969
678,-0.6723433130493206,-1.4870999656303676,-1.738900879765385
679,0.0961046473838136,2.868343602385179,1.0397975557897163
680,-2.8188306734795114,-3.671234433244546,-2.9908337219183125
681,1.7385354349150466,2.1012264639565488,1.8611326266091124
682,-0.9799623600376022,-0.5180745841535473,-1.807475219128424
683,-2.3690251602329107,-1.8729466400714576,-1.8729590465914725
684,1.376251728594728,-0.0264911710988512,0.7012299506283508
685,-0.3796332937441433,-2.1429745481820954,-1.164506193999553
686,0.1153771891300965,0.378093096776221,0.4695489498707525
687,0.4085872571740804,-0.308534892119207,-0.7462130894127703
688,2.4555504132403003,2.25375914184902,2.102895118818132
689,-0.7145336424280628,-2.743011594107756,-1.7861944067520437
690,-0.8868683931087791,-0.5250828167191449,-0.1126293133377631
691,-1.2188194089778288,-2.023307369844233,-0.927222613518812
692,0.1152326130219888,-0.4912982831062601,-0.1222810420961892
693,1.7259233248009511,0.7694174933802124,0.7694219072382944
694,1.2289372549535835,-1.8515524270378407,-0.9178141475150328
695,0.169407676187179,2.084529014075025,0.4122441607004778
696,-2.4053514995592047,-1.6016693041952543,-0.8949767025692217
697,-0.0627557429704492,1.3761568443752763,-0.195267596200461
698,-2.155254974777713,-1.486334643289502,-1.3355107804938813
699,-0.6646982269775012,0.1990087654824904,-0.6011751296479924
700,-0.5259493682595998,1.2705459404206207,2.192762320360804
701,0.9506929150527882,0.4991892915474217,1.1263379239211944
702,1.0438693022057624,0.7007373777673704,1.837955393732468
703,-1.7649064164187491,-2.312658661666989,-2.2191476276733257
704,3.5412084990174617,2.2213331214210115,3.8163583410923385
705,0.7144067740631342,1.7385985644524276,0.901756376128344
706,0.9957759852689284,1.8012746048831532,-0.6246395151174103
707,-0.2568301886025834,-0.6435951889753022,0.9506432293260002
708,2.0346474709675832,1.2437671630409943,1.8828157662224585
709,0.2386614347422094,1.4686712879352717,2.353236803390851
710,0.1588715260698749,2.016276620873929,-0.1785040700102445
711,-0.6939463987056328,-2.405651210481258,-3.766913692184324
712,0.70109546256078,-0.2656093050795054,0.0755640558402262
713,-0.4996183558101939,-1.6814061441681132,-0.9686956562581562
714,-0.4473649399423821,-0.2875399212930302,1.3124532240119209
715,1.670572788928182,2.9483269555052725,0.8075651952079438
716,-2.1252120440838573,-1.8511513000222777,-1.8515042329329443
717,-1.5434078763758217,-1.6208023726810092,-0.3800742322018621
718,-1.523253326064226,-2.3131293206354178,-1.7647897940427784
719,1.521853285145217,1.522027877772036,0.5329172144602634
720,-1.6412348248455664,-0.7214776796794733,-0.8224264865818529
721,2.135703329645611,0.8691059651962092,1.2309036480121436
722,0.4978672657042923,0.7754764693569225,0.408641061661417
723,-0.3475259770548596,-1.0885178510051337,-0.8981213372558858
724,2.12115579312168,1.5967013629310849,0.7001258754934374
725,0.561548954610908,0.377393145668521,0.7449392825401673
726,1.5984088229086677,-0.5413637641198368,1.670326559072421
727,0.1153339249107671,1.6117161338432444,1.752334742524241
728,-0.9749575291861818,1.3820609685946232,2.6114190104724697
729,-0.6514181524552911,-2.648497147323641,-2.0141311133605204
730,-1.9805570111728776,-2.56950782063297,-0.9875803629855856
731,-2.12528635865782,-0.8976519659162139,-1.9408389350274915
732,-0.1200107265421192,1.506151317998314,-0.8155437850887348
733,0.7146037456177553,0.445615876580728,1.8007748704788469
734,0.7855183137451146,-0.8757025188865655,-0.1374908564144536
735,1.7833495843722345,0.461415213247746,1.3762169573590284
736,0.5616067609179061,-1.1688252804291317,0.1151500972340768
737,2.606644252825306,1.4420677837856142,0.0636353522977558
738,2.8199365190576104,1.597867783045333,1.357813031759126
739,-0.9515596824263112,-1.6352979609053375,-1.3884467041050612
740,-0.1905781981941947,-1.2344367060247083,-0.8304843621638165
741,0.445917622206422,-0.4404948467731804,-0.459607499165063
742,-2.3875112553993367,-0.6757653778549247,1.0889774997209931
743,-1.5325876988387577,-0.6483705097266125,-0.9263420629572028
744,-1.2375079523845671,-1.5509750033557677,0.1885415467227192
745,-0.4127025563087305,-1.02665875526961,-1.0619486739752242
746,-0.4383806854202478,-0.1184759777633718,-0.4196336788156758
747,-2.842328500659508,-1.737779960577241,-3.994004103495756
748,1.6992930874707004,1.292177069886589,1.0395898658729388
749,-2.125101675904705,-1.764988334133942,-1.3863314214272808
750,-0.8242048858419241,-1.018446933531107,-0.3734019192883837
751,-2.0672954351639623,-2.0236141415193662,-2.797315356319713
752,0.8712089595436403,1.5969114047684303,-0.7588184796732066
753,-0.9114586284423788,-1.7027853965625777,-1.6305285989461291
754,0.2473336248641319,-0.3420643231520782,-0.0996615598420668
755,0.0662317702973311,0.0662315236975757,-1.651262532495134
756,2.620772446011346,0.2801286991298619,-0.7838496807445355
757,-0.6757540959161156,-1.2080264748474148,-1.8289854966091457
758,-1.3678058124701535,-1.2242970091204832,-1.77697852444162
759,1.0890580145411295,0.3620956527506506,0.2815411300538512
760,0.2882337356133728,0.2881758086251494,-1.7005000561959371
761,0.5891651111276803,1.842511365409804,2.4522530021606217
762,-0.0879211275461713,1.8036592245178145,0.9017482999863548
763,0.0652819913394306,-0.5727109085261491,-1.2054513569017118
764,-0.944433407009206,2.1618043103685034,0.3612442054452135
765,-0.230554898953657,-0.7389561363708983,-1.20636592692101
766,1.039564098485217,-2.500670266930508,1.0397173905834702
767,-1.3866571301870898,1.5432345581947198,2.5145997413010326
768,-0.3483920606829284,-1.3227353144988685,-1.2035582830746905
769,0.4085631907794597,1.9685322049918943,-0.0564195421954416
770,0.1698300048648764,2.1409751013361142,-0.7315834218511383
771,0.7448591502064581,0.0332257680080371,-0.1205033774747758
772,-0.7590651162640991,-1.4003071378469694,-1.4695915874535963
773,-0.8466024795015319,-1.6209394408684747,-1.786139412466211
774,-0.8014493077899728,-0.8709206902510458,-0.5870922583797249
775,-2.0520960733167803,-1.872965011264556,-2.7434761228475213
776,-1.6800167314238983,-2.3154745218110904,-1.5195714436077117
777,-1.2017941215258745,-0.410869206798658,-1.310635986461968
778,1.1295135077776246,2.019155728685339,2.260258887684364
779,-1.237730606161641,-1.7210701128377155,-1.72121626989625
780,2.2293543187711946,1.4484306946704126,1.740842510785611
781,-1.0091151533912428,-0.8700847837520389,2.1540757846590477
782,0.0962027364326764,0.4994021110830511,0.2472954509563957
783,1.7839141430972785,0.8604053603498839,2.302469818014204
784,-0.0387884027480966,-0.5101265027757997,-1.620638821345052
785,-0.8872812627492477,1.0889963646022809,1.598349762267251
786,0.7854958597776542,1.2962388719801832,1.129509028770992
787,0.5387733744180624,0.317294924045078,0.9575875454003407
788,-1.1651945172734213,-0.6907335231826065,-1.1641167008471816
789,-0.4493038832353692,0.6225504612767445,0.9956987995454902
790,1.7410003227700883,2.5930418103177666,2.719244413735572
791,1.5414039179965169,1.4694168863010992,2.186500406731683
792,0.0830487402815081,-0.0560522920793129,-0.3950974214739009
793,0.9017989762360882,1.270505128161103,2.5613737163298085
794,-0.2288550455017719,0.0656077804412757,0.2052518892012568
795,-2.061131547140108,-2.6486845631377407,-3.4017814745299804
796,-0.9592282717237876,1.7007049255896325,-3.0191048589838325
797,-1.167583468866771,-2.482653644458344,-2.304444107250032
798,0.0961838284190008,0.4125264090308025,-1.1127702897792668
799,0.5614986305398888,-0.968516651501862,0.7448479268524899
800,-1.468164653493434,-1.2373193626316197,-0.2168075516362813
801,-0.6763930175676478,-0.8014202001853239,-1.3995616730049578
802,1.7252549824510637,-0.4864988250146127,1.7266491321997297
803,1.5267358611420223,1.9747952933911836,1.7826716042103872
804,-1.7029573673088658,-1.9382237268167315,-0.9876366607772652
805,1.920628090510215,2.8962699064498025,2.976131672851411
806,1.3739677688414498,2.3581867836375308,2.139229837991799
807,2.0705199857147507,2.2134799056107304,2.636011077895926
808,1.3576914580797166,0.445590445980953,0.8077557551689246
809,0.3220827937447514,0.2386312367820802,0.0831901648399606
810,-0.3759542964168892,0.1332750307461477,0.8077841141407949
811,-1.666006827652158,-1.2838323160357097,-1.28900181700975
812,0.133357518364327,-0.2482793383345339,-0.5482545627347536
813,2.288362633933465,3.00672128438309,3.289266899721992
814,0.0331515188840695,0.3778717674087172,1.5023161893342454
815,-0.2354550721801096,1.357810565761572,0.7144689172014935
816,-1.9804049504657728,-1.808085542716401,-1.3870226157331145
817,1.2435826414472575,2.263300499319939,1.5596022395692457
818,-0.4922222882793856,-1.237567593893937,-1.3105675048079288
819,0.6535146255424185,0.8347136841202878,1.0903266568791885
820,-2.023441929410627,0.5609771669646524,-0.193035388625898
821,-0.5576133104166072,-0.7641491509185103,-0.5430732743288456
822,-2.186959056067748,-1.3880698782049523,-1.721069052020355
823,0.6819550117018948,-1.145073817048053,0.0080554939907798
824,-0.3230317263523392,-0.3283636340855503,-0.4357330868057856
825,2.718769345389293,2.718764930662127,3.148694362044385
826,-1.5095081242148085,-1.550928091654722,-1.8939275907259652
827,1.0439053110617158,-0.7820969379597161,-0.8734854106034735
828,1.759060513577166,1.3931031767202984,1.608291694552486
829,-1.1660448122199083,0.7851435505454287,1.8375439144652548
830,0.1899382011790417,0.1898775283194606,-0.977783794785269
831,1.043799347194278,-1.1674755012332083,-0.4965630350492648
832,0.7449439287673476,2.1483255649193347,2.445777029009973
833,2.8545525790684323,2.711845823143206,2.483623385403312
834,0.4994631893354291,0.0957399076247401,0.0263370294340344
835,-0.5836989796852674,-0.4912983736171792,-0.3238629786333457
836,-0.2560869903363438,0.6785062128129368,-1.786176989906639
837,-0.3194610358783746,-0.7776089807347765,0.6224043509216736
838,-0.6115212927551354,-0.7540070138423187,-1.332995802096458
839,-0.120070493919031,-1.0627011674447815,-1.257573288186668
840,1.1693225354880818,-0.0481793000751306,-0.047054792416243
841,-0.8419497959092564,-1.7862232757697691,-2.324151731688981
842,1.598181951133705,0.8075636539594726,1.598038676675821
843,1.6103359584930037,1.1425135748998283,1.0531240566096356
844,-0.2846415915928406,-0.61261406407182,-0.2859536239803389
845,-1.1459406709312252,-1.144657365804154,-1.0919991938365594
846,-0.8231946526592802,-0.3542473729794133,-1.0969966817103411
847,2.701468150763485,2.331882211270433,2.4293482244401226
848,-0.5140439366927888,-1.6011749773839632,-2.543178055371267
849,2.447573007007351,2.31467232473855,2.044751627250909
850,-0.3083909879089159,0.4454667145536839,-1.651943024520144
851,2.031235923876207,1.8443153946137003,-0.4546828407454081
852,0.1588054584515213,0.9618464453524256,0.4085700581328292
853,-1.9209369969011176,-1.7392766977926055,-2.2022107740015744
854,1.6245342115843726,1.314474433266127,1.7403017246919217
855,-0.0552184242844575,0.0662324484466584,-0.55164278172393
856,-0.7147332203894463,0.5882979286153159,-4.651183282622126
857,1.039444566436618,1.5141697955450444,1.514530777560075
858,0.0029092994328093,1.2705671479995848,0.8076433056804648
859,-0.6820197919212362,-0.6589969888720587,-1.4695845491393575
860,-0.045249250431747,-0.6041104590949902,-0.7407193133786696
861,2.344274064376141,1.2923447964937054,1.8082690962329884
862,1.93193956858836,0.9575446412315451,1.7247169123121844
863,-2.0787010539195028,-0.057032944008907,-0.3745705037008118
864,-0.4343029841137129,1.1692713666484844,2.077626641242421
865,-0.8263026783493304,-1.184709728070402,-1.1608285067280872
866,2.347082673721329,2.99702150500114,3.000209673802914
867,-0.2242632245710312,-1.855889564149011,-1.261806423532322
868,-2.1082042346480256,-3.0972162272326718,-0.5377653804891258
869,-1.3671077674626233,-3.5433108687130277,-3.1506013260281813
870,-1.17045138563705,0.7751273380168713,1.8402076136169685
871,-0.5288226869595133,-0.7639688701146002,-0.0559805716534725
872,2.1526099897858115,1.5051313202806795,1.506202124794235
873,1.453127394668987,-0.5632465447283563,1.4531813784857686
874,-1.8970190532811388,-2.111690075532285,-0.4819755075875172
875,-1.4279688692873425,-1.9798344664631056,0.3158004681215627
876,-1.049489831649395,-1.8558526356940184,-2.569573953944525
877,-1.0690730220715374,-1.0391648088887455,-1.7210394670028617
878,2.034637092382193,1.0093231254034507,2.462929451585387
879,-1.3495035094643295,-1.635422430142283,-1.3111820716653473
880,-0.3220725283771567,0.678497623683696,0.1697758158099102
881,-0.8068218677767303,-0.3555664044950146,1.7071267312185583
882,-1.896713126374584,-1.5023227783916138,1.9118685644410265
883,0.4075169310989252,-0.1772504714420417,0.0117042659935488
884,-1.1331830477687637,-3.267159435469601,-2.30415320755611
885,-0.0593076339033111,-0.7626300800425655,-0.1151885255992433
886,-1.1300190255684406,-1.21180137333272,0.6535759919455677
887,-0.386333886528327,0.1988827742831044,-0.0512401681669189
888,2.5986685643341785,1.952921126937472,1.9464143843638324
889,0.0114356421086235,-1.2630240448453,-0.8583545786255865
890,0.6819477764545948,-1.110790885345892,-0.5718496997332957
891,-1.6410730741474535,-1.3852928568614595,-2.3122243015663706
892,0.0112599114411513,1.6106375088847091,-0.8702623854212737
893,1.2289814022252443,-0.685016509330435,0.238678603125633
894,-0.5803878671612624,1.5981649357505827,2.26903488490494
895,1.043910850885709,0.0753064540245591,1.4532409021265429
896,-0.7114195462577497,0.4125427820584175,1.0398892924617449
897,-0.7556364179553983,-0.724078518858617,-0.8884736218996041
898,-4.363985184599789,-4.436704570479536,-4.711213286717163
899,-1.2093600929900967,-1.940977017882742,-1.0036487680703912
900,-0.6703752588934174,0.1698291399872793,-0.1570413570276913
901,0.9957805473644034,0.7143463571230627,-0.7905295749186515
902,1.3762088244259325,1.783224525792311,2.9519386806600205
903,-1.1027456720193614,0.9229065582406826,1.628188276350709
904,1.2288488377789517,-0.1186834745436606,-0.5743809326064944
905,0.169803134012634,-0.2094148549772681,-0.2102216664819463
906,1.7272816821612764,-0.7554736189822453,0.8363252612051542
907,0.0332243801739443,-0.1920687320099193,0.4694923503760091
908,0.0602497747192011,0.4992365914049761,-0.5473896645788592
909,-1.502547848877107,-1.3390506141535832,-0.9470064298748884
910,2.03164626376026,2.474170822497596,1.97509809781326
911,2.405633849323652,2.5334725402461005,1.294512597279276
912,-1.3039388971688006,-0.7545503955602516,-2.324172727338236
913,-0.6646428041375672,1.1808482385930736,-1.0388707561354282
914,2.2847442411307357,0.5878353085709376,1.6505741148961932
915,2.4972624653226894,1.96590509478378,2.633325606559684
916,0.3220414056775694,-0.8079399272802765,-0.5217596534660032
917,-0.354610286138323,-0.4199017327497891,1.9765287355460364
918,-0.6457007091459452,0.4694087182867616,-0.9718572285039728
919,-0.5215511802387158,1.053045327308507,1.2287842110784926
920,-0.9196618947810044,-1.940868243910622,-1.764979014154369
921,0.5883096193745602,-1.5433141117149445,0.5882342259067811
922,0.7447441409985895,-0.49232712072366,0.1147957168154973
923,-2.234025521392993,-3.017777122755382,-3.5192684644469074
924,0.0265959558926015,0.0959023256728116,0.9507003708941428
925,-0.1179877564632442,-0.8705375087656378,0.3220185349382229
926,-0.376014284087239,0.2881293463533451,-1.251551898442066
927,-0.7162279674642428,0.3280894828623211,1.3714110713708163
928,-0.527899140929899,-0.943220282101526,-0.3018317979710836
929,-2.477835320605585,-0.2731875165277503,-0.303217602465472
930,-0.6556010348394596,0.0320136759497678,-1.0622113826912296
931,-0.6286436169956835,-0.9566074204336252,-0.3275611596937442
932,0.0320248691334298,-1.2732858630610526,-1.4393392468211612
933,2.036378805741888,2.580246429363733,2.570870925533127
934,-0.7981960725838319,0.6817917894280598,-0.9363831644477908
935,-0.7935085397903736,0.7449326450727667,-0.609485751728756
936,-0.3387655737049233,-0.5599317393019926,-0.6381187193971919
937,0.8075694490537243,-0.8455047981879293,-0.8284346082700986
938,3.144797925824074,3.0574116850146904,2.976356622655679
939,-1.6808947716047085,-0.4448994067936064,-1.1272234809085404
940,-1.167071447687518,-2.1463985864268937,-1.3881550971995658
941,0.3284683887199685,-1.6205888373846098,-0.7813908279699746
942,-0.5289319837210872,0.4993800417926411,-1.8729744354480284
943,0.4695937226054001,0.7449713837461411,2.6707731748682724
944,0.2808600523544221,0.4454269503431266,0.8077270262974212
945,0.0332197641170702,-0.6356921323931881,2.6124979006281315
946,-0.7658518192641328,-0.7723909499319305,-1.3208046071515671
947,0.0027231782674256,0.8077281359963204,0.9957372691073316
948,2.835074784841745,1.9724320971095517,2.1112538265102625
949,-0.5624057513479842,-0.0568626898034866,1.0890001252485506
950,-0.4301112725987,-0.1203475478423935,-0.1911158933942563
951,0.8349231867276958,-0.2582199948973097,0.3781457137905239
952,0.4619027766934137,-1.8075699854792808,-0.5143563603712891
953,-0.2165598899475152,0.9955974470460232,-0.1132463367507286
954,0.8603219742201725,2.363036062854648,0.6783964031814642
955,-0.2566248132620409,-1.0787456071603847,-0.7156606021659508
956,2.0065130568748075,0.2882910591954689,0.8349126874610804
957,-0.0454155793307449,0.1150705381361886,-0.918684115114063
958,0.0961679325652325,-0.3996729550205621,-1.2733913011440436
959,3.119129952301373,2.8396132036621275,3.49992231675174
960,-0.0596467393919474,-0.0015995921447556,0.0647469623451337
961,2.014843923231143,1.9316156333639487,1.8007959781470753
962,-1.2871346370893475,-0.995826571462257,-1.1273945106176293
963,0.4616368651417574,-0.1784365206257036,-0.7661400053570205
964,0.9506392926417648,0.678424079264573,1.126604425514578
965,-1.1621978899108547,-1.564131116188483,-1.386488714346921
966,2.067826899467059,0.1581892667757495,0.6820027152815505
967,0.7855456003249942,-1.0388821599965152,-0.7619473015432053
968,1.2138587424917615,0.3871059295724678,2.428104239282241
969,1.1687120091684515,1.0900102307060178,1.442474231425111
970,-0.3287307053548397,-0.978109510098936,-0.056320057545067
971,-0.6400759125624075,-1.334703368706884,-1.5433186448664882
972,1.1424147340638322,1.7860780306770534,0.961713942221788
973,0.0828182240762179,0.7753570264608179,2.281438133387853
974,-2.265536354421442,-3.419765790943801,-2.673500065526226
975,-0.7014395053892519,-0.7721647979139299,1.0082820084713595
976,-0.3693207186281312,-1.233095996229861,-0.1799463061913147
977,0.9616263834663272,0.1587429471411627,-1.0514016455128274
978,-0.7036535907922015,-2.9473708722664544,-0.5095011645748119
979,-2.341663922075972,-3.0972162272326718,-1.4110838648318416
980,2.376399979607944,1.358278242197677,2.552806347627906
981,0.5891621066605812,-1.9403914533766848,-1.5983523725178028
982,-0.2044998230338036,-0.3043614113980523,0.4979202424302853
983,-2.524275049153789,0.1127617554415015,1.091019005069684
984,-1.5649405251676802,-0.2038481247245445,0.4687563155818949
985,-1.7020858358368245,-2.665469889670861,-2.584144912390382
986,2.529866358366594,2.600416641632071,2.858311022705379
987,-1.0712235980010874,-0.9220713407483504,-1.701902481786229
988,-2.3688564792781013,-2.324104968652004,-1.9617851967421185
989,-0.3443369225277114,2.2395477252784515,-0.1952934978243424
990,-2.5213988935942444,-2.1082247024277234,-2.980736558970545
991,-1.920911967025945,-3.198542833725339,-4.179842172360278
992,-0.3604420177437966,-0.3419184570718142,-0.9540804009720965
993,2.668523952448385,2.432501838523022,2.379739771945402
994,-1.681501673958735,-0.8675884710186933,0.1587861440201697
995,1.9520591410968904,2.118570754564518,1.1423803972969848
996,1.0439583519297324,-0.8900435909122857,0.4611535744326799
997,-0.6623156733291458,0.9507832798500075,-2.2339517980336776
998,2.659302546587855,2.864235959000436,2.7840565540603186
999,-2.23397899694294,-3.0163420224114232,-3.3130291561634984
1000,-0.3505306281009659,1.2292863862936347,0.6818863381682001
1001,2.0981465527332244,1.5073854042099244,3.413693556982611
1002,-1.8937960493732844,-2.6103666251545574,0.7008903712044493
1003,-0.5236044511855571,-1.8290665046287928,-0.9122014626805396
1004,-1.85610437673034,-1.9382367603890815,-1.7016927487472129
1005,0.2884175331197567,1.9673997889765324,1.715869944800032
1006,0.2883205054144825,0.5614806490372946,1.1699920749269646
1007,1.4495671497706215,0.2001952127803483,0.2003841392388146
1008,0.8689729102246758,0.7753782416774772,0.1587343936072784
1009,-0.0453365934686777,-0.3276783759170507,2.0650890687288084
1010,-2.05209177875216,-3.49869248959016,-2.9525460263895718
1011,1.6393451349637704,2.043201114866128,2.643797300539965
1012,-0.2504340345222594,-2.387765992946659,-1.5679690263151722
1013,-0.4726027658715513,-0.0777895287324656,-0.2876353506035485
1014,0.7755138719065241,0.5888327802771223,0.8689134340392438
1015,0.9573764427456348,0.2484179092691618,0.5378504338474255
1016,2.574176542931361,2.546061920559562,2.675195900419133
1017,-0.1356313987216607,-0.4280315718356837,-1.6515785500816715
1018,-0.7094824980752907,-2.21863551932206,-1.8513347564622904
1019,1.169078638731416,2.427588196070261,1.9457198895465544
1020,-1.4491345769887878,-2.0142354250570524,-0.5855882861028914
1021,-0.4346829653120502,0.461675437639665,1.1295290664322428
1022,2.257501660944912,2.5167455721971126,1.598348159368841
1023,-1.4877278939274323,1.7883700098641124,2.1057454816218013
1024,-2.607246680040579,-1.8290330903619367,-2.295576893790365
1025,-2.1552488097838287,-2.1082047278475367,-2.98030796859567
1026,-2.0673684473053693,-2.7492417487930747,-2.5693545554766284
1027,0.9575689221622372,-0.1123931258221252,1.3762261511094844
1028,-1.7228844679944415,-1.2041840706504827,-2.543048066182488
1029,1.6722462773722784,3.0060755386713165,-0.1587678018284274
1030,-1.2366570763483056,-1.8285562897348824,-0.9905957715200864
1031,1.7025703174498552,-0.3645470847002497,0.7694298999002267
1032,0.7854616778849325,-0.7764440190494052,0.1893914971655356
1033,-1.9796451694985844,-2.879626116400085,-1.8940152849610865
1034,-0.3965966812141998,1.3933079710082803,-0.2366109848906989
1035,1.970570515556081,1.2705884788784263,0.5326802629202991
1036,0.6819632279996761,2.4004459336039976,1.0533929870728362
1037,-0.7015411196595751,0.3141643636132943,-1.2357175284175197
1038,-0.6989624003454614,-1.9205707962643572,-1.8285915534999035
1039,-0.120803300490364,0.0324831862574415,-0.1930244066343807
1040,-0.6109906337961815,-0.6297378107280368,-0.4026532352771916
1041,-0.4699280060547481,-2.143012483502908,-1.334936229544075
1042,-1.8514896398070344,-1.9408744981074408,-1.2869755339283415
1043,-1.2377981448669158,0.3841308967525683,-1.5509157154521849
1044,-1.3494859470435865,-0.8333373631785967,-0.4562044743126602
1045,3.187168709296813,2.585346970450641,3.2289295756617715
1046,2.0778500117427265,-0.3448065517789828,0.247356409915312
1047,0.6227642016147323,2.3110441396353503,1.5988354404854994
1048,-0.3699049193493043,-0.6802782732919924,-0.4645529890698702
1049,-1.7862390225067104,0.024944516855894,0.4991554122043058
1050,1.9249219971344924,2.836194253050502,2.93485901215939
1051,0.0631617882924908,-0.1681042710113472,-0.6758220957986655
1052,0.3217378012114185,-0.3346557903947936,-0.2854928368323788
1053,-0.7288975762023259,-0.9977078317655308,-0.7084781300566709
1054,-0.811380103424448,0.0106186110046224,-0.1779621009349525
1055,3.198637851573608,3.1191325767575298,3.2388979633676143
1056,1.8141689396348504,2.152372358374265,1.3931134777503524
1057,0.8077647560599964,-0.48665511518614,-0.5155320081927306
1058,1.9836936853139844,1.51197937641972,2.894803870922848
1059,2.535868430130395,2.69800422987153,3.323595605396588
1060,-0.2582133272596027,1.1699406647249162,0.8349534777152878
1061,-1.068062125480085,-1.2083290527472834,-1.8288557851378084
1062,2.082064639840303,1.3137023465373026,2.134545199552375
1063,1.2138590960975484,-0.5645676748820531,-0.0612609039739982
1064,0.9225595997174694,1.557470647083848,0.2005901722609905
1065,0.4978828398806838,1.7869180551517112,-0.7658518805797879
1066,-1.4187433672301932,-2.1249927793012757,-2.1250847527839016
1067,1.8009774521779032,0.1337390698358606,2.601111787313039
1068,2.129036119203377,1.9814523935946389,1.9010253563329496
1069,0.589164191392854,0.8689052177414625,0.0113299339192578
1070,-0.6443885798280263,-0.5253337936201973,-0.2107080161020739
1071,-0.4077163986694563,0.0248723089338278,0.2517118355744365
1072,-2.155216012016361,-2.0141259347656573,-1.567835615847504
1073,-0.8323181014602916,-0.2610943632135466,-1.8729824281099607
1074,-1.4419081880676456,-2.3853055494187783,-0.0462960393814349
1075,0.0777949547490025,-0.7241299287932739,-2.227005382894628
1076,1.596732008765939,1.213839294173489,1.5969544268058216
1077,-0.8172481652160939,-1.3381821956440656,-0.755278016585184
1078,-0.3449090209361488,0.7145279161929716,0.361897848921855
1079,2.4570570096291617,0.7855210836571109,1.526765446159516
1080,0.4695166073023277,-0.809908695946848,0.0330829417776987
1081,-0.2927085381145655,-1.0896532903634952,-0.6517709134053824
1082,-1.3035071741309965,0.2466658797124022,0.1687481324609395
1083,0.9506947044547132,-0.0389570837029061,-0.0387536287040182
1084,0.1589077023063747,-1.4884460228797822,-2.2193180851944607
1085,-0.1281259607574509,-0.8717253967340886,-0.5649983077960498
1086,0.8712245181982585,1.526792320199311,2.013712910546672
1087,-1.0901580771377937,-0.9038064129574488,-0.3802086807595184
1088,-0.2327519068278648,-0.70019283857945,-0.95341289440729
1089,-0.570562806764382,-1.6017182340880118,-0.7794156392723424
1090,2.931684536150011,3.1874242241956505,3.231456941568802
1091,1.5051544910759689,2.2858478553985626,2.9714388627179598
1092,-0.2298288987607928,1.0888564192410948,0.1326911441753133
1093,2.4108395546114485,0.9575105772074192,0.0234051395901921
1094,-0.1367032137335118,0.205259318018888,0.995850273445241
1095,1.6999674534095532,2.187508856279646,0.769469505329503
1096,0.8689277819025336,2.7569999015971054,1.7901890000878495
1097,1.3149290198987935,0.4695834647012356,0.9227326565947868
1098,-0.0063911317766926,-0.3021384716376863,-0.162427039295233
1099,0.5326600725653262,2.397502260476285,1.270710299157591
1100,-2.432680439395367,-1.2072874153804989,-2.0141066999847363
1101,-2.4971795414521085,-2.882635501888471,-2.125144351600644
1102,3.4444906474142525,3.1086643139911536,3.5812687055243697
1103,0.9017749327599373,0.1334975870253909,-0.0578960969034351
1104,0.3618498544444615,0.445800209897885,0.9017375112470564
1105,0.9575186512062172,2.681351517553741,2.1231882013154784
1106,2.174288682403535,1.171310758677626,3.230545556954086
1107,-0.7013068009245776,-2.233969214879082,-3.077240857423019
1108,-0.5743968708263856,-1.2911448742115668,-0.9028825981765104
1109,-0.5553555451289846,-1.1645079834014778,-0.5735807826766814
1110,-2.379608674922077,-2.1485419089691447,-2.148058647727216
1111,-1.1015940714253567,-1.1836391422174746,-0.7292018592639173
1112,2.950735495316207,2.1033012309985573,1.966889274407558
1113,-0.2851053601334566,-1.4684976322759824,-1.893862998735581
1114,-1.8968532372773488,-0.1917483836969211,-1.8558777373889157
1115,-1.0254936974590574,-1.50297252610952,-0.7765750932985671
1116,1.9911624354795407,2.015905688833005,1.8963849731128173
1117,-0.5249220423458888,2.098530562591943,-1.9807712860608733
1118,-1.304520465933624,-2.564696632046589,-1.3396301061078624
1119,0.6223609493647242,0.6226875707407437,0.2816525006683811
1120,0.7694378329154281,1.5840305518650268,2.7410674994279924
1121,1.0531027187616662,0.4084826526665062,1.5406375949392703
1122,-1.9384291262624735,-2.792485693676584,-2.023395225776372
1123,2.9990115659025625,1.5417986681839506,2.0648263565698435
1124,1.0393932702480972,-0.3026734133432056,0.4126033533135833
1125,0.785658400570976,-0.1146653671408055,1.1295416783719712
1126,-0.5413638874197145,-0.1631983846525671,0.0015177986630591
1127,-1.164002537004358,-0.0390608690145639,0.4994028268438212
1128,2.1232408885777083,3.115409221463892,2.0794980847244564
1129,0.0172316577379828,-1.3643982550675833,-0.1359994815563695
1130,0.3621736707482634,1.6698985851969343,2.5266056168167914
1131,0.5379942040668992,-1.0317934247889962,-0.5929763637917193
1132,-0.2341544400567859,1.1267720328282322,0.0961143698009401
1133,0.8688951619740286,-1.0660571907598166,-1.3159942713788773
1134,1.9232291036198528,1.2110854306171486,0.8604537934953242
1135,-0.0435057386097969,-1.4684606215369664,-0.9807392319511512
1136,2.040444115312772,0.499413921135757,0.6784509799401809
1137,-0.4913884741910524,1.27080030806831,1.4420788807746068
1138,-2.052104423859098,-1.0198398480796684,-2.6663180661833747
1139,-0.9248362649563387,2.275758341836552,0.8604515269195524
1140,1.0393848004123185,2.240999567321181,1.3699847987430216
1141,-1.5650679645417718,-1.075704931532367,1.008054524361357
1142,-1.3113888131820164,1.5272102822392817,-0.2974740780148324
1143,-0.2330904020253696,0.3284495701763892,-1.3982321473745822
1144,0.3780687191686769,1.46743376383834,3.2316589619402314
1145,-0.5576820713834709,-2.202151096860769,-2.9778079402754845
1146,1.0438732508037147,0.3169737321220889,-0.3581326165616258
1147,-0.5116086060844101,0.0018477183108071,-2.3874266716832366
1148,0.8711903363055368,0.6185956375135345,0.461416097262213
1149,-1.366875383799279,-1.0931732370690304,-0.6733371366066324
1150,2.6433249800411605,2.192817312106257,2.0719941590524966
1151,-0.0697142485164619,1.7070714983458026,0.412502311751544
1152,-0.5953047121164479,-1.8558326026105916,-1.8551204626991196
1153,-1.7648993038027594,-0.0570307979609791,-3.291638881240868
1154,-0.1618209972451358,-0.7676829052733243,-0.534901799531799
1155,-0.712181058849398,-1.1675801685460945,-0.5725503255185445
1156,-0.5043031936654877,0.1997335467523299,1.5033630989651587
1157,2.722700839481479,0.8605158260953956,2.745279751559761
1158,0.0640502563862064,0.6221536822703154,-0.2608414381240047
1159,0.2883161608903657,-0.6636599460542086,0.2003843806012655
1160,2.660078245605021,3.1099946184438667,3.0700717501557224
1161,2.1797480182698794,0.9957177877266556,-1.82646352091073
1162,-0.1764269408786016,-1.3856438276711631,-1.525854458784221
1163,-2.7936770587343798,0.561459529822838,-1.3757531538919594
1164,-0.940529916307085,1.5138290934184986,-0.8368532213460856
1165,-0.4448628320053485,1.8031586100826351,-2.4057944438515357
1166,-1.0191496804970497,-0.4867719418202579,-2.1081258159258103
1167,-1.0126388175590768,-0.0399147716132386,-2.500189514279955
1168,2.894628847848303,3.0141190795788044,3.4654669277763963
1169,-0.9680823801120242,-1.2217629447481582,-1.1975033634426293
1170,-0.3572545028375332,1.737874483169746,2.0340412377276333
1171,0.4993771787495609,0.5882259946579255,-0.6777971612583016
1172,-1.0394685139425035,-1.8289028856910887,-1.0911436159852197
1173,-1.5272912869640125,-0.0054360370143302,2.142634261883553
1174,0.4086357885150798,-0.4473654917832779,0.4086635645068331
1175,0.618827661843958,0.4609779502252473,0.1280808211464786
1176,-0.7370066761584486,-1.631335473619592,-1.631858506050759
1177,1.4438008490783234,0.5882452009052552,-0.1573603775675775
1178,0.6818266167201478,-0.6525282255369423,-1.2627169760446368
1179,2.894160202312228,2.921404585234633,3.3026960549559607
1180,0.8078706706549382,-0.1628534224197401,-0.2488018215662752
1181,2.030896737360888,1.979587005407799,1.5969052756014597
1182,-1.133917958462282,-1.3885778918519551,-0.9261511028802568
1183,2.3078261738588006,0.9574585971567628,2.368311150898585
1184,-2.6332536958418555,-1.4526851386274642,-0.8167555242743968
1185,-1.3351556102200963,-1.4003152498023632,-1.7020768888271989
1186,-0.3487344740925974,-0.192822929328466,-2.477303743940552
1187,-0.8517156596272858,1.5986628206567235,2.6989961078201605
1188,-1.3746276666932735,-1.2060435662142908,-1.4098760192299211
1189,1.5558315546795751,0.2878237814904664,1.3804673730123511
1190,1.9689607123528683,0.8077050789191911,1.1809477415943752
1191,1.3123276495503078,1.0530765982926,0.4086859447209389
1192,0.0109015827528374,-1.209066391002242,-0.5448313855298922
1193,-0.6533962099503187,-1.2080387406230255,-1.8513440764418636
1194,-2.5001969104745787,-2.413312619293089,-0.9645360553608552
1195,-1.1171098304289544,1.4424004468556408,1.2706593763081022
1196,0.4446912507978777,0.205182224770358,1.1808823926591956
1197,-1.3124179572305006,-1.3351692645801614,-1.5639307853542102
1198,0.1564514679669174,-0.5378064942672789,0.6177880902979824
1199,1.3935678267545286,1.9196012085526644,2.3067823462604844
1200,0.200467680817143,0.561489096723077,-0.2571980361097613
1201,-1.065338431181757,-2.6484702679503034,-2.5649385464066308
1202,1.7324252382710754,1.9138040586270444,2.7452662925775133
1203,-2.606631660250626,0.714380017989674,-2.295443236722941
1204,-0.8638814431366924,0.9227916697140396,-1.702365546579183
1205,-1.980125937835515,-2.5700098545309062,-2.293048372987156
1206,-1.6012462261751714,-1.851540409169444,-1.764846694970697
1207,-1.1849578112108738,-2.218857236730845,-1.940948812681403
1208,0.0640505954608701,2.414647601669572,0.0626312597437298
1209,1.1422076097809566,-0.3290694130335265,-0.2838887886375405
1210,0.076984932292943,-0.1272104164411874,0.3877802558078516
1211,1.7895651746130197,1.6078034993067032,2.0664784455804406
1212,0.8077714142533922,2.552428063603132,0.8075412133817317
1213,-0.0887386254387285,0.5891220062221559,1.4717135254779443
1214,-1.0896558796609268,-2.9126264463299547,-2.295497488669128
1215,1.296254548503397,0.1869913389534887,0.0241842215399086
1216,-0.2816757533564028,0.8688473970787178,1.6714170198811598
1217,-0.8114687916987384,-1.7392748482944402,-1.4877157252195867
1218,-0.1563712260067281,1.516605052271692,-0.099624131518466
1219,-2.4519867152407606,-1.6808272017528054,-1.8513134186143207
1220,0.3620674479036274,0.002721606193985,-0.2061740329993976
1221,-0.5942526433631459,-0.1272006424225973,1.75156455494332
1222,-0.8544733428094327,-0.9493824455111152,-1.0599627723927485
1223,-1.5631685912111402,-2.587374134293561,-1.9408445760677595
1224,1.8109837587402635,-0.7661091237849753,-0.0852645487948896
1225,-0.8580189905660285,0.1145560740720291,2.2999226653621547
1226,-0.2885082353059069,-1.148893579702192,-2.7306713372138693
1227,-0.7731797993561057,-0.7807378155607619,0.1696402089673504
1228,2.229732533731804,2.014847543667907,2.676132145366294
1229,0.5389527409534051,0.5386614581865475,1.7248403207317695
1230,-3.267828147773807,0.5878683528598218,-0.7620120822946046
1231,-1.8554664557725289,0.4687346533019239,0.4694025032036501
1232,-1.0902139646560811,-1.0497837093221123,-0.6853499438627846
1233,1.5995318381947323,1.5232511358586684,2.695283795102457
1234,0.8712051877485814,-0.2040791282683066,0.9575046248433416
1235,-0.8570108936794671,0.6783568573989187,-0.7028000568311031
1236,-0.826624746659613,-0.59441718950424,-0.118639955118477
1237,0.6535604240674828,0.0328309292086204,2.7431029846261272
1238,-0.0689576348647314,0.025757590488173,-0.1056656578600967
1239,0.6819713216661473,1.6082615272501843,0.0827782769269304
1240,-0.5963423292930004,-0.475368934580633,-0.7985830042993605
1241,0.950747432164774,1.9384144455303984,1.3027400287441255
1242,1.6819069895609484,1.587138316146163,1.7858434536306724
1243,-3.4197547124325496,0.2499839408973506,-1.0997268719900466
1244,-1.2692430146258402,0.8076361542875584,0.6221654574086355
1245,1.6072186705885072,1.4682184105068172,1.784103421320712
1246,1.1810249273178135,0.9016470091368266,0.5326909591846893
1247,1.5822245681487184,1.4473742847228188,1.292042506861819
1248,-0.4976795422780193,-0.7966602121242712,-0.7258254843364375
1249,-2.7817800604569705,-1.961811202716764,0.7692374795465438
1250,-0.8478910823709395,-0.1652749395428021,-0.470048594458389
1251,-2.521274607317526,-2.477183310852323,-3.613144097676326
1252,-0.0998467927646837,-0.2093068943944516,-0.3041037121253318
1253,2.936657085364092,2.5460725405074025,3.322508995282926
1254,-0.2901560184437808,2.7439149279110597,1.090658892292895
1255,0.188543344218802,-0.9754648480355852,-1.3880377000783557
1256,-1.41805908451945,-0.6601122362830352,-1.8513607543000463
1257,-0.8734048813630781,0.2001291096390995,-2.292974998802073
1258,-0.8301274875978469,-1.209358008257824,-1.1569934577651717
1259,-0.7389787814207996,-0.751949559508798,-0.99119790545845
1260,-0.0663585733976225,-0.9244356433400058,-1.7211660578745278
1261,-1.0859113048136622,-0.6802137595810069,-0.7765762397702092
1262,-0.2927906404472249,0.1144926259177406,-1.498177861021775
1263,-2.052063148321358,-2.052029268978242,-2.5843250455175126
1264,0.2883627438433954,-0.6425883403411896,-0.4338456927801176
1265,2.3104190356282435,1.8445134761593112,1.9488747381426736
1266,2.4349369586137586,2.670759899933471,3.143159798869605
1267,-0.4915563896485867,-0.0347589458680805,-1.1660660285671152
1268,-2.2270235346583496,-0.8742232680118815,-1.7210915649221132
1269,-2.111587375809414,-1.314552928790211,-2.29298972191158
1270,-0.4039095966376104,-1.0380703989786706,-0.6261986882767812
1271,-0.3714627810385085,-1.681448819864052,-0.7925718941212052
1272,0.1889514347638916,-0.1159064055837973,-0.0927523575999354
1273,0.3781219395891073,-1.1847830192130495,1.5690448213745691
1274,-1.474026289413038,-1.5015685207324545,-0.1937970681804237
1275,0.0333422555609178,-1.5625682943187045,-0.6463229113741391
1276,-0.8915788342270585,-1.4523567319788315,-0.0576782299630164
1277,-0.653154587811474,-0.5622503193584099,-0.7055727560375133
1278,0.2473451366831836,-0.0391148791293376,-0.3040993579139807
1279,2.136376434061092,1.172084566695311,2.780769525993522
1280,-0.7858911738116903,-1.273569525575787,-1.163996930211659
1281,-1.4169421585464308,-1.348888158230754,0.0097243221752149
1282,0.2386578171185593,-1.2101552344052326,-2.032193006906592
1283,0.4694655591439557,0.0322093002162475,-0.5867933368171223
1284,-1.1878953276771924,-2.477243886052721,-2.920216392246442
1285,2.0537845791216047,2.051871689683737,1.0438638213160671
1286,2.7417355444262927,2.173443942122984,1.8636973873650888
1287,-1.87302227212616,0.6784110166305195,0.8604831396868964
1288,-0.9255092418202652,0.8349898027641529,2.3708530556295115
1289,2.27090879644618,1.2708475319214678,1.6705806801203549
1290,-0.2829292292932954,-1.851311088619428,-1.385473370150028
1291,0.7693746670274708,-0.1002996009218392,0.3284776637866138
1292,2.7163110284854297,2.647982284076659,3.1441834170240037
1293,-0.6634616071530463,1.213745352902802,-0.8688106242336857
1294,3.1860924969187705,1.4116171935104456,2.641732601603736
1295,0.1698237717815039,-0.8217543671952546,-1.1120921064496403
1296,2.4428157530995,1.560235212596812,0.2877244608419083
1297,0.2387532549356984,0.9616953635782972,1.8372422659057717
1298,1.724909627465978,1.2138040514634068,2.1408882925783894
1299,1.5221981549031356,1.2706011787658291,2.1488297108381973
1300,-1.176180352554216,-1.7643217103318631,-1.318604601447135
1301,1.053111180322068,0.775439802595182,2.1386150874742644
1302,0.1153030908576607,0.3781281546722188,1.0903704641640324
1303,-1.4171580375805997,-1.205034414977192,-0.5264397810229335
1304,2.7634299113073357,2.039024758155324,2.4992483331528783
1305,-3.085934161518531,-2.1112995510866788,-2.2016609461474634
1306,1.5102573760135527,1.4465229658582537,-0.0536117050988481
1307,-0.4850389045896059,-0.9244303392532044,-1.551059868744594
1308,-2.7649764008215647,1.955239829388744,-1.2590339899063308
1309,2.375422634745053,2.921407178343736,2.400336755532597
1310,0.4126342503201574,-0.2096496245098459,0.1697635882300885
1311,0.2521067248368198,-0.5622458992860752,-0.2021913153741507
1312,-3.3924340625321228,-0.1966636696695188,-2.201396895626145
1313,-2.0230755412101136,-0.8000311790049466,-2.023567679247562
1314,1.3126560561989404,0.8687928874613476,1.0529961521531293
1315,1.5226806273245643,1.6719909841214535,1.8016888924722152
1316,2.2629577646396166,1.602576461913839,2.0345987157524954
1317,0.4086002254351308,0.8689354463594192,-0.384367365781077
1318,0.4993396609558639,2.447133420184469,2.690665296109241
1319,-0.900852023259508,-0.620334195237382,0.0769843134828161
1320,0.5882753821510592,-0.2094146163903447,0.1697816313661669
1321,0.5891698324331218,-0.1189704011516285,0.0110722855365927
1322,-1.01255944575734,-0.321389043681609,-0.1908191986014493
1323,-0.7790133472593329,1.6124394533563329,2.53751781633328
1324,-2.6085541519436783,-2.1083724156812047,-1.8267202312560955
1325,-0.6237294550673871,-1.0672921829645532,-0.7102826032070757
1326,2.204691290019535,1.4719868706683112,2.459221158467046
1327,-0.8647499853978661,-0.714932969287063,0.961829338284657
1328,0.2038518807399455,0.2029215215127823,-0.0009026395860729
1329,-0.3032191745389127,0.8076581016657886,0.5329360176916123
1330,0.288411619739709,-0.5301206489105509,-0.3780093861066349
1331,-0.8883827557057784,1.888619879614184,-0.956464225434933
1332,0.2001914716623589,1.008018199312492,1.65267268677928
1333,2.2652294063604934,0.2517141045449017,1.213867700505027
1334,-0.0624191986628842,-0.0417083014613115,-0.2680751160992971
1335,-1.373552615059633,-0.3075588370343385,-0.2556992167246488
1336,-1.7210843749377822,-1.3885164823136518,1.213857210200019
1337,2.3862351924931207,1.527377537776427,1.5972380186468167
1338,0.8075179097048469,-0.6207381836871976,-0.4762619835452382
1339,-1.420276135975996,-1.764999125689237,-1.76500133305282
1340,2.8693292049655432,2.350318186905402,3.323408314661757
1341,-1.7026238044016793,-2.111581221066915,-1.5661654396061553
1342,-0.4551171767728139,-0.5289014668302855,-0.8315545029306319
1343,0.4458365217118668,2.0179011464081413,0.7145003586703064
1344,-0.6254910690858136,-2.201353329703752,-2.66050701597034
1345,3.497019549049123,3.141062666127923,3.008055142460017
1346,-1.7019964850340294,-0.1029588907695138,-0.7762904360160303
1347,2.7891465914923783,2.40033534110945,3.262876507307
1348,-0.3275510841244964,-0.9964284204746044,-0.5575902536181523
1349,2.348761741620163,0.2387186729062307,1.4690665286479463
1350,2.3104447425784804,1.2140334237504296,2.6963894287166026
1351,-0.245314395618927,-0.2706901487611088,-1.9804759073603189
1352,-1.1803336834519742,0.5611934277206867,-1.3730521873848158
1353,0.1152797088702267,-0.5986194935066156,0.3781524115985373
1354,-1.0017859752203608,-0.4255537991434225,-0.33378811176714
1355,-1.363340727809155,-1.3366372310067238,-0.8826357882989353
1356,2.352525717102476,1.8922461403366824,1.2139281670945656
1357,-0.0274793733742248,1.3586957355835592,1.5234343594769264
1358,2.3434790666535723,3.1154049781944506,1.596803672872059
1359,1.2138567387256365,0.1867424004795977,0.3178228280175872
1360,0.2472830444363814,0.0953940460559769,-0.1599806882766496
1361,1.5976023504757926,1.4538156293986508,1.888166001031658
1362,-1.1279650311110174,-1.36382550429185,-1.5006443439078394
1363,-2.4978253179314587,-0.3250156204710968,-1.0313340126541488
1364,-3.571167295907325,-1.550702491162758,-0.1758435588584166
1365,-0.3681748441032,-0.875436960940696,-0.8057446785562165
1366,-1.3038167406640446,-1.96189208368378,0.5879735696930197
1367,3.0798881294962297,3.005918309888828,3.0053468942074013
1368,-1.8073705518155383,0.1262034396230327,-1.5496479208379934
1369,-0.5071920029120393,2.32047573453261,2.704286223563372
1370,-0.7055200670507706,-3.54871510111386,-1.786171860287787
1371,-1.9207485946879963,1.522367322335336,-1.5672570928213494
1372,-0.062101778534954,1.213851434638835,1.5272208904128848
1373,-1.0695491173168796,-1.3233737330996085,-2.032317722949034
1374,-1.6209364585319328,-1.5433236551918783,-0.3505941635422754
1375,-1.0100558755268747,-2.3241884740751773,-2.324331626229188
1376,-1.3870771560022908,-1.3173232870019973,-1.3845002497949257
1377,-1.1762884698288028,-0.9888949730071332,-1.8289538085405772
1378,-0.8217061908452932,-1.8559775407623755,-1.0413758897958338
1379,-0.5286089130817194,-0.6003834620759333,-1.6355671727776706
1380,-0.9011057541358142,-1.681051126525174,1.838914834345167
1381,0.6819335512226152,-0.6894059131309698,1.6716312567800249
1382,-0.8834456191583737,0.1460414705060616,2.924966290297268
1383,-1.0692132857002925,-0.4915589827576897,0.0740936156430629
1384,-0.1561772250146779,-0.4717818860959193,-0.8383517858116558
1385,0.8688911764564482,1.7901710959165649,1.3924642675943175
1386,2.6465861035976053,2.897470143193791,3.400696308664072
1387,-0.1913413862640386,-0.1947114698257759,0.6534812571835773
1388,1.093320033995635,1.0090830904459998,1.9453556736080992
1389,-1.3999920838146838,2.1757374546553354,2.423275920783947
1390,2.349694016368643,2.4713641037956227,2.8965991248328726
1391,0.9226190955616238,0.5612835765961093,-0.7268355417949894
1392,1.2290441894560509,1.5400537472715556,-0.1793975310783084
1393,-1.8076609800350776,-0.918386862751398,-0.1983524530843038
1394,-0.7064221171373518,-0.7814334556351268,-1.0389830555143422
1395,-0.4122804546943925,1.373013182561121,1.864339409089799
1396,-1.2484068250252092,-1.3316345114862764,0.200215034671631
1397,-0.8173732551684838,-1.0688209083894773,-3.5564935119889616
1398,-1.9208589480785356,0.7142900090789551,0.995711561082832
1399,0.9227036931006752,2.7439279614834096,0.7448710976477793
1400,0.9957955899494824,-0.113591114033739,0.5328134884381508
1401,-1.850673352201444,0.9574086208722316,0.8711424816557263
1402,-0.2500674023359273,-0.8101825273746026,-3.174405156467852
1403,-0.5589024976378006,0.3169772387128077,2.215697014960341
1404,1.2706116592554333,-0.7619906468768286,-0.5207310708357048
1405,-1.1131319170570184,-0.5398947395077281,-0.3766221255199395
1406,-0.2818943249180323,-0.0675780713547698,0.0766396362421552
1407,-1.2379603560555634,-1.487213648117604,-0.6989632634446052
1408,-2.226960592828303,-2.7246600305053925,-2.7336734420103386
1409,2.9756279494163183,2.819333452953478,3.1431547302581357
1410,2.808153847709783,2.490298566357203,3.323762377656011
1411,-2.5435290261809707,-1.851238736146428,-2.4059764287158263
1412,-0.545011153238563,-0.8742380015863307,-1.894341073759304
1413,0.8711783137087863,0.6185093871687098,1.2138790158902035
1414,2.147826745326528,0.6187775087565335,-1.7209883120323743
1415,-3.705745018424128,-0.7790263128289042,-0.7776052817384456
1416,-2.8817806287479297,0.6533246732935358,-1.390307913089228
1417,-0.4111256641620063,-0.4986919262405301,-2.8916009055148457
1418,1.2962437045926023,-0.2898923574062484,0.0238065410924818
1419,1.2291884038768095,0.7754275394641651,1.3925331863906327
1420,2.06262176544911,-0.2876130473688568,0.0656133289357721
1421,-2.748767712939446,-2.2015365238040085,-2.111560463896135
1422,-0.4809123839922159,1.7252263403823345,1.83684153550412
1423,0.8602851125405148,1.2110990300717797,1.2112244075000007
1424,1.3716831797568985,-0.5786234962419056,-0.9769698935778514
1425,1.2962552557149705,2.3215194400831454,0.618647263958404
1426,0.0830135450954897,-1.2047820209188669,-0.7698215787212692
1427,1.8362753180250888,1.4682832824698968,0.0102792288537297
1428,0.950517136137009,-0.2585479249806172,0.2473434367513547
1429,-2.1114495578499324,-2.111487813798405,-1.5023274849594068
1430,1.9337249242057968,1.5269804384778762,2.4075015159842734
1431,-0.980451043234928,-1.807495256789675,-1.807453295569644
1432,0.4694746102358657,2.07412664434147,2.346508997466157
1433,0.7449316796229628,1.1777582738293468,2.0776273653297737
1434,0.3220992569981417,-0.2864498822347653,0.322128504565617
1435,-0.4067913286068257,-1.5256950380810017,-1.0463584941977817
1436,-1.506101351399443,-0.978202254683692,-1.046833811174568
1437,-0.2314459766567897,-0.4103672614571697,-0.9905915793242448
1438,-4.063412563848497,-0.7946153629658991,-1.7388965642696657
1439,-2.324159127883605,-1.8730072411499887,-2.887749635398108
1440,0.6536698215983672,-0.9114751617702676,-0.8059805823985582
1441,-0.261686402481001,1.2962286174123667,1.4532172105388286
1442,0.2881407507291516,0.1996138309766681,0.7450010713276056
1443,-0.9680771304787164,-0.6646954814796219,-0.380606958973861
1444,2.446516309470915,0.31612499680281,0.869100692049872
1445,1.739259821696517,1.1810472445956766,0.5329345380930799
1446,-0.8284022490107341,-1.6014268620950505,-1.8516689267825013
1447,2.437318996781486,1.6716369901725854,2.40685973479447
1448,-0.6681837119610898,0.199990477081346,0.8348801035302047
1449,0.9957741357707632,1.5217529190447716,-0.67173137575631
1450,-2.10619242978439,-2.484603426766632,-2.9449262613070077
1451,1.0104302549658712,0.3773749228034757,1.4567332009387637
1452,0.4976983410745345,1.7931272462794992,1.2316049764750003
1453,0.3284775444931521,-0.0997487633625517,0.4126355327248704
1454,1.2917717107038154,0.4994188121676858,-1.0002499529771325
1455,1.871758442359874,1.0537616167912045,1.1429679239040045
1456,1.3699304009244977,-0.15773964130561,0.4994186332274932
1457,-1.3932207958282892,-2.385310859392699,-2.0234720997169933
1458,0.7448893205128244,-0.1211585256775217,-1.2155272251471296
1459,-2.33937596454376,-1.316324046455143,0.2880140957830255
1460,0.3215681101359721,-0.4553924468217012,0.9618544777032416
1461,1.526722070516338,-0.7838717443378478,0.077557125390246
1462,-2.791501900326589,-3.290458909738664,-3.55097564341313
1463,-0.2179087684577516,0.5386573917199996,0.618681357449679
1464,-0.5697202683478657,1.865398169457958,2.1500018951486983
1465,-0.4699276791602853,-1.1676599655853104,-0.9255300532500808
1466,0.1585146382994555,-0.8303366966129954,0.775431034456505
1467,-1.13332755466696,2.3003792359892765,0.7010386498977045
1468,-2.1466524753817997,-2.063986043074684,-0.7372883073308205
1469,-1.487477509855876,-0.9129297334081572,-2.0140933835979453
1470,-0.7829398791796347,0.1584095126088131,-0.0557627902138314
1471,-0.3433627385851407,0.0760341157994485,0.4618293150912108
1472,0.588292023588963,0.950762522787676,1.0395830661456231
1473,2.253282022135311,1.0394662778466428,1.2108650955934337
1474,-2.143056860670652,-2.234078964863824,-2.5845109047308035
1475,1.945704629220915,-0.2750336547715389,0.2019464969049234
1476,-0.207614566338614,-0.9995794933050524,-0.6187400498556582
1477,-0.4335535208944417,0.0255937118743331,1.369805500670123
1478,-0.979370541819133,-0.9249998803071064,-0.4308862999794252
1479,-1.1548160162218104,-1.601394732691786,-1.4533715060704802
1480,2.3738777573097725,2.613758409168671,2.8885625183864856
1481,-1.0373702595208525,-1.97986723393268,-2.1470789239606525
1482,-2.697700182372748,-3.353675927583145,-2.2277880303693616
1483,-0.9936666836478284,1.6437752226349105,1.7641365993795266
1484,0.2818648230577754,0.5328549788469958,1.7396071574519896
1485,1.6728065390298192,1.24645956118113,1.6264292268083236
1486,2.555647524663149,0.769436759274273,0.4994450567292544
1487,-0.5376570368880678,-0.3396016106340869,-1.8944280607828503
1488,-3.401717281249054,-4.784319207867898,-2.638757398037694
1489,0.4978323157808941,-0.1208456484889056,-0.3321657616418116
1490,-0.0858486171531986,-0.9241245881162377,-2.0644254571990523
1491,-1.3667951072068798,-1.08111935505349,-1.140004009141619
1492,-2.105683473188622,-2.064165674814367,0.0686920515128526
1493,0.445934976664208,-0.056238823247309,-0.3402137924184141
1494,-0.4988242823362593,-1.2167672280381348,-1.1645960219761944
1495,-1.1649387520915886,-3.704420267509904,-1.4692314404927975
1496,1.3925299979765684,1.541185143739175,3.149440450935454
1497,-0.714696256810743,-1.46846533628079,-1.3885534930526675
1498,-0.4456495200279723,-0.7868564368568391,-0.3803710343345112
1499,2.6661373674541013,3.158147741985489,3.079381370871032
1500,2.0202323771957595,1.801177444579528,1.9648921862884985
1501,-0.01906421195628,-0.0627561849776827,-0.4248398178284315
1502,0.2386432546504768,0.3219753074013883,0.6818770795042823
1503,-0.1903120960920432,-0.2572006910967216,0.744873390591063
1504,0.4126578406022038,0.3284551471457225,-0.3016930894985201
1505,2.8317802292755525,2.0818380171791104,2.8623360275677467
1506,-0.5039193368575883,-0.8259615918770455,-1.3876303587398249
1507,1.6635424039881854,2.402014497122259,2.174208919472175
1508,1.9852729198304264,1.17079327758283,2.222568172100818
1509,0.6784599269498066,-0.7182712855225549,-1.5429112576948658
1510,-1.807905245859863,-1.0830824634445122,-1.1535118322381628
1511,0.24739685039882,-0.1594560356321999,-0.2095291977602842
1512,0.6536162391342606,0.7448986129671853,-0.6037674830522172
1513,1.526804460664657,0.6186841862959732,1.2962586739042428
1514,2.620925091259936,2.439800530120017,3.007640361671444
1515,-1.7020184350309775,0.168961876520897,0.6784687546659706
1516,-1.5983963778973578,-1.2849965278177753,-1.9380440324720132
1517,-1.783844918184741,1.0889937136549104,-2.813972734586004
1518,-2.1081817940702847,-2.6900452605114644,-2.2021607142512294
1519,-1.032428052036073,-0.0396265287864647,-0.4208272944028786
1520,2.3817839847046764,1.859886661339292,0.6785526179695286
1521,-0.891210633718276,-0.2357082345008897,-1.260490849871139
1522,-1.005223053039453,-1.3906484755074917,-0.4824044991737407
1523,0.4082035438045616,1.9378104865370416,0.0783871869458808
1524,2.489298033022725,2.348356655424524,3.2129344114372955
1525,1.314735929938049,-0.6701269512238419,-1.0886012893292885
1526,0.2473923768940072,0.4125910362636653,2.8031540201440315
1527,3.4148388218122787,2.9758821040771486,3.3231652597870074
1528,-1.0023701527149138,1.2294142907501409,-0.8591912920548698
1529,-1.1502280542785073,-1.920832561904708,-0.8041774534311227
1530,-0.7386033726750054,-1.207286428981477,-0.6357255920709697
1531,0.3879777741069155,1.2138309255032018,0.3175524374592984
1532,1.910274024163936,1.2138319863205622,2.141558847018714
1533,-0.149040732744691,-1.6013183333855507,-1.3857811747385524
1534,-0.1201307138505383,0.6536042916929394,1.9634834418477247
1535,2.1290510040808583,1.2920794878349386,1.70309604373546
1536,3.187792166877713,2.7715778212247573,2.931482427594409
1537,1.8201561680912324,2.8220361906321427,2.771566539144222
1538,3.4145255333509703,3.232618619045133,3.6902763408408505
1539,1.3923038658406166,-0.2864525801235891,-0.7149372613829188
1540,-0.3043652129686675,-0.1188634359913336,0.8689277819025336
1541,-0.6784814254958729,-0.4832223963514583,-0.8083557700530597
1542,-0.2328521490069487,-0.9793631160976106,-0.1078047960672043
1543,-0.5611082667349779,-0.4932290331153753,0.0656080270410311
1544,-2.5845206867946606,-2.1430800036022166,-1.961842338310261
1545,-2.449154918116617,-2.226871012695653,0.536704721631119
1546,-0.8591896978478375,-0.4061948192563361,-2.032221825264482
1547,0.7448662703987605,0.114703878402918,-0.822984868769713
1548,-0.6531525840453488,1.5273388768770726,2.3610485595125668
1549,0.589203372096453,0.082763101302297,0.3220960685840773
1550,-1.4179952032416538,0.9242791864991272,-0.3836041978895225
1551,-1.739163385205002,-2.91453488183695,-3.1342486056997174
1552,-0.920178172596816,-0.6082467339071156,-0.7341884762941472
1553,-0.7811029728469512,0.1696259533986801,0.412579971795095
1554,-0.8880956681621498,-1.3342992024587268,-1.620697633021658
1555,-0.019541579768429,-0.9801414024343068,-0.7106152924255493
1556,2.0304427075306664,0.4610381516104461,2.0828322336879768
1557,0.3782676018282441,-0.4923234097759769,0.0324349439375616
1558,-0.5369337119564461,1.58508725334855,0.9508017703365672
1559,0.9225487384071772,-0.2626962727419702,-0.1214099650107791
1560,-0.1416771953241068,-0.5677814800094739,-0.4766705879083365
1561,2.5518657931798177,1.129544625086861,1.5970556759294352
1562,2.971119691357257,2.1192040445803,1.3707153519023236
1563,1.314807622535856,1.952104024156412,1.8443119609370155
1564,3.0474268587956703,3.302037640980982,3.6353879453426554
1565,-1.1222850961955333,-1.0405589780608564,-0.8172490899651766
1566,-1.8289189146751887,-1.9208202319169383,-2.29549255667402
1567,-0.48049661951005,-1.3385122552067816,-1.1427088977885904
1568,1.2962263779090504,-0.3821350237622636,0.7854904378222569
1569,0.4122654247600216,0.4992220972493825,0.9510553882360896
1570,-1.641318582030412,-2.032272839889512,0.6818515721917672
1571,1.2919474299728635,1.211373643620557,1.4439108376499885
1572,-0.898818200642562,1.0437944556475611,-0.6026002756875362
1573,2.399957988137481,1.6901229673906406,1.810361654802374
1574,-0.7455897268332126,0.3281488910062355,0.950897801573216
1575,3.673897529872677,3.580263374043604,2.732698300123531
1576,0.8688979211785074,2.4585633641192994,-0.6205244580499276
1577,-1.8939200471358475,-1.721166293611719,-0.5819503460170337
1578,1.3762055241052558,1.836846132379348,2.5356216148096635
1579,-2.959965408840469,-1.2454834430195325,-1.233957239515934
1580,-3.3146304083763884,-3.60538483637285,-3.409018437551532
1581,1.2108585344530414,0.4994325309157784,2.865251277271621
1582,-0.95854442034933,-0.2423726637098526,0.3212097814476582
1583,-0.0452866917819477,0.2003608175919933,0.1152118558512088
1584,0.701214568776626,1.043838125962228,0.9575034461573856
1585,1.1424605981738354,1.3128062795538975,1.7304582320559645
1586,0.4125283773729202,0.5882103075677152,0.6784595690694215
1587,0.7693529556174459,1.371857348210945,1.1265322529702642
1588,-0.1377401348813058,0.5869629593753202,1.8823203092108007
1589,-1.5680205656640496,1.0889826783158565,0.1326884315780039
1590,-2.7445744012051008,-2.7400869080337094,-2.9316181896530584
1591,0.653577741823337,0.6535862498497322,0.3780737877801465
1592,-0.7404540165089578,-1.113134492314532,-0.7280199987613354
1593,-2.0784892696468407,-2.406706330273952,-3.36696688035053
1594,-2.2265317868775383,-1.8939209900846123,-1.7212109658094483
1595,-1.816339550895776,-0.5243874157620543,-1.8558922191359712
1596,1.7381836603639769,2.147071084682604,0.8075190810536851
1597,-2.228265633918701,-2.0644473807578327,0.4614628026932165
1598,-1.816527934288728,-2.3848158250058398,-1.938269223638732
1599,0.6536432113881521,0.4692287825795925,1.58557561495761
1600,-0.4005054289892644,-1.2697579149151033,-0.9905952783205756
1601,-0.8353347819777266,-2.1114005612723936,-1.7774283033689298
1602,2.821540403866694,3.008778419542588,0.0652939822525367
1603,-1.980550856430379,-1.7025378793691477,-2.1112768630162915
1604,-0.6081068752950537,1.211261865646967,0.1699232625285414
1605,0.288083065103379,-0.263676687017652,0.6535164961014133
1606,-1.6209865617858366,-1.2725401422949876,1.3712745996506592
1607,-2.265911213190557,-2.481718710758105,-0.236830862385466
1608,-0.9380202644642752,0.1142448673618599,1.894973916963207
1609,-0.3109055039647309,0.9957164314280008,2.24868424009104
1610,-1.7211776089968958,-2.2271192439579703,-2.5162839121527503
1611,-0.3489121771970954,0.3782289234954825,0.378124473894842
1612,1.3761722851612987,-0.2435006631371009,0.3876578198041801
1613,-1.00721007035187,-0.7393006351804007,1.3714441156597004
1614,-0.4903331953462124,0.5614840281116076,-0.0461059966216331
1615,2.300772033467635,1.898763207564784,-0.5740397046237479
1616,0.0962931012298957,-1.1636107772762148,-1.334360161417643
1617,1.22883301833994,1.3125063233692242,0.961687944384032
1618,-0.415378625187572,-1.399774969714434,0.769302494483157
1619,-0.2317700526061218,2.459825240300938,-0.8938873073253352
1620,2.2834316252246043,0.2817007109205606,0.9956906001036232
1621,-1.7020500477983218,-1.5434384155020109,-1.6208522373479897
1622,1.444390635952848,0.2470619638285309,1.4443569951966555
1623,-1.6353913128330468,-2.146714474263081,-2.667541380555726
1624,0.4978314573617229,-1.6807894313092733,-1.3834006557455514
1625,-0.1772548861692077,-0.7159858204005191,-0.8866169261549997
1626,2.351858313466141,2.2141714137953783,3.14450925633276
1627,0.3219805805477256,0.082704759456484,0.1587318490075924
1628,-1.2638055741850072,1.3144787253619827,-3.1205662414541235
1629,-1.3395298633072945,-1.3401327997092332,-1.095166397794964
1630,-1.6015925369950883,-1.6012711203311356,-2.219062766806689
1631,0.0266661004480668,-1.5433638570884634,-1.1636111351566
1632,-0.8353367128773339,-0.8947774057117954,0.2000142512827628
1633,-1.4095231349799522,-1.410778081135153,-1.2035287419087817
1634,-1.6096014766193405,-1.828967741426757,-0.6101327296569015
1635,-1.070672102046166,2.0589659447111397,1.381554348810119
1636,-1.469076120405696,-1.0385256180361644,-1.3336232857048722
1637,-0.5099129783784352,-0.9870701799329864,-1.7646367501676874
1638,2.3043260411177986,1.3127076839805216,2.5548154531578606
1639,1.1809759772663675,0.6216735525465631,-0.9201889520576328
1640,1.376714952175406,0.5373395913541282,0.3851782770930018
1641,0.7012204032721079,-2.588615390261138,0.1311873953190593
1642,2.822364965337172,1.900181311842044,2.4914724923075884
1643,2.435036347409784,0.7694444537025511,0.9509034083659148
1644,-0.9888234397744728,0.6817109140790033,-0.1221572823246459
1645,-2.627991224229284,0.156288705796414,0.4982116219822585
1646,-1.1160250116852977,-0.3396819641782845,-0.4408217011884581
1647,0.1273905237163921,0.2507405099453089,-0.209859993539133
1648,3.093352518252311,3.410608282161713,4.051534362817828
1649,-0.3223407597257346,1.7003009979283985,-1.543369463881162
1650,0.8347483196319962,-0.1205109502216738,0.1145017675205696
1651,-0.8709218831856625,-2.5000377729967034,-2.413420221995521
1652,0.4606014484637765,-0.4116507934560308,0.0737456675488743
1653,-0.247244376003156,-0.2491782755181884,0.3171909639437655
1654,-0.8194263414744114,0.6542498155679546,-1.5647212473810097
1655,-0.2332592966032735,0.0141377801960421,-0.4176599701965195
1656,-0.7259697589564703,-0.5701772193393523,-0.1663024282486212
1657,0.2518451449560515,-0.436578587000664,0.6187311569313168
1658,1.0531017377111849,0.4072188143839043,1.3929073345179583
1659,-0.8076477849006504,-0.2898885266768917,-0.6587035466204724
1660,1.090193304125049,-0.6881391671900847,0.7448860017791241
1661,-0.2068421025617296,0.2054480901316422,0.6226519370760892
1662,-0.0995205847937315,-1.872982308816499,0.950602490608838
1663,0.3621941077029916,-0.4900758853430284,0.7144126924572637
1664,2.0236821910127203,0.5882661965545102,1.0395407169667286
1665,1.129490994875867,1.663538514324531,0.8711626961198704
1666,2.068695374405676,2.3805956034269387,2.663858233109671
1667,-1.1122728847292844,-1.8515798964513184,-1.3857799484254507
1668,-2.3776004297903746,-2.9251634696212307,-3.3204433485302665
1669,-0.8691457392133364,0.653381996875632,0.5615647035108313
1670,2.2433918916551003,3.2246234332934613,2.8374932248208715
1671,-0.8711715739548668,-0.339750876069696,-1.9407391131410137
1672,1.1686569785296397,2.222012073013873,-0.7794105590314921
1673,0.4617713532093283,0.6182735615760784,1.7838297810306776
1674,1.5967982509166616,1.5967991938654265,-0.0528392222860743
1675,-0.1908192589420621,-0.9520976087336022,-1.3829630123449457
1676,-0.5922114712859285,0.2003293197921468,-0.3780085413380566
1677,-2.0323015356160914,-1.9406343860021296,-2.4980995215409965
1678,0.5891747376855286,1.392580399445048,1.3123827110085735
1679,-1.400195001992994,-1.0169434028301825,-0.4215813781974961
1680,0.4460249239249879,-0.6884320975906216,-0.5384631344970134
1681,3.118713618120125,2.936219196209416,2.866746740107188
1682,-0.7702445240848443,0.1697927554814682,0.0960588088711647
1683,-1.354223356010967,-2.12503251184577,-1.0308926012531954
1684,-0.8160793080267381,1.6154542348020386,1.0079973214604865
1685,-1.1335061255892822,-0.9244376471061312,-0.741079609642346
1686,-0.7060594796557654,1.8083703895447407,0.0569111318176077
1687,-1.310679951448124,-1.387890717939652,-1.7210156575465518
1688,0.6535670615348834,1.7263863481495478,0.0323296797386493
1689,1.8869313691044665,1.7864866382025366,1.788953612269207
1690,1.0901832875833353,-0.2573199543177878,0.7448502197957736
1691,1.701711736114004,1.392653732968529,2.3367605510817824
1692,-0.9432193874005635,0.4124301690305957,-0.6605968931333223
1693,-0.2579941757870432,-0.3063234510451015,-0.6121362924874014
1694,2.90266313837466,2.2410098265588854,2.5345798221573745
1695,1.2289430186251613,1.1425734189791907,2.927358827158665
1696,-2.0612274744449564,-2.8787761911065144,-2.5652561668915785
1697,-3.2566227479150287,-3.070813038022378,-2.913413099549662
1698,3.1519458929884148,2.4245601663499707,3.1514656963299714
1699,-0.3761454344090136,-0.380213508008537,0.2004237830213799
1700,-0.270541254552616,-1.651780761881095,-0.7418168757374851
1701,1.312603447366878,0.9618003972954572,0.6818450114166732
1702,-1.2713689624757585,-2.3852502774175157,-2.660057599086706
1703,-0.1281237801884324,2.5696580576844816,0.8711059423910926
1704,-1.2335298658052392,-1.5249540997049602,-0.3321740699130756
1705,-1.7861972697951238,-1.5430199340384525,1.5861719887955672
1706,-0.5273340590739394,-0.045787307675485,-1.388624168631533
1707,-1.8073288263326983,0.7006784434695743,-2.579744364019667
1708,3.0310646924919205,3.147054290902185,3.0705230333771443
1709,-1.3493442240732725,0.7753442728045603,-0.8037631048559197
1710,0.2386132712951404,0.6818133112229945,0.8688350113163907
1711,0.0609479397036581,-0.9424300822113864,-0.6081052648333212
1712,-0.3782694843178195,1.3165696811589975,1.7195417917660456
1713,3.398628008986761,3.145351923054419,3.6734040614805568
1714,-2.964734550270683,-4.271191006764963,-3.7300270529888153
1715,-3.016755412442921,-2.690131323826097,-2.295580839386451
1716,1.579585438896067,-0.0996626931299527,-0.2118870330303044
1717,-1.4976679828441832,-1.8558056906973128,-1.1872338135398033
1718,1.7007108902627162,1.3709813763218603,1.7578618825888466
1719,0.0962309195129973,-0.2808297665159616,-0.4475506999266978
1720,-0.5724760222591362,-1.0947385472193552,-1.828962562831894
1721,0.9575364493641516,-0.1441104156772173,-0.1349878283856036
1722,-1.2604780852836228,-0.1218968835852261,0.7448607190623893
1723,-0.7843929672265052,-0.8068223449505769,-0.7120164907399749
1724,0.3877727416848826,-1.4685407721819692,0.2517797868197955
1725,0.6785153984094857,0.1695272082357781,-0.0391549319090952
1726,1.5217069281903906,1.5215853545109812,1.270581697385153
1727,-0.253197431381206,-1.207851882220596,-0.6746440887671478
1728,-2.1056954957853726,-2.450791641435013,-2.977856389543596
1729,-0.3532705794640723,-0.7858269267992889,-1.6813550069117729
1730,-1.334748580928859,-0.3057787712674511,0.0261410302765012
1731,0.0476735467439329,0.1289422932445142,1.6626619255791106
1732,-0.9258450104682686,-1.2161720729578347,-1.5429357128545091
1733,-1.1672392925676414,-1.8073476853079933,-2.064058178655187
1734,0.4618930525342773,-0.3962496112815531,-0.2789398601680636
1735,-0.7389577305779305,-0.1785028743549703,0.8689281497964642
1736,-0.6929017009015495,-0.1914706961971249,-1.024952140459781
1737,1.4534569552622634,2.1812784420986127,2.545234977466175
1738,-0.8630263410177854,0.4082357651813085,0.408540136093148
1739,1.3576443575264363,2.100298878976634,-0.3778910292458158
1740,-2.497184201441895,0.4083942048340468,-1.8515602754416915
1741,-0.9237721610154166,0.6183019384404673,-1.1670759266941504
1742,2.2580868052047887,2.0160897307767915,0.0720926783642873
1743,1.7015841184021825,0.4125405154826457,1.12649992444215
1744,-0.7704859144045452,-1.961825756519088,0.7693040452981588
1745,-0.8815793545645665,-0.6261971985113811,-0.6062821803182079
1746,-0.1101619594851672,-0.9722052248619368,-0.8880741426127786
1747,1.2962950953002808,-0.0279540677058967,0.4615990293225722
1748,-1.391291706439223,-1.6315936107608626,-1.8559536458797328
1749,2.019423217661556,0.2386566521211128,0.5892080934018945
1750,-2.0644942924588783,-2.1469115505549112,-0.9250136709327909
1751,-0.6614188822354221,1.270770962697418,1.8640295572356047
1752,0.2002545879432773,-2.2930363048646094,-1.3906495616385208
1753,0.3179878145842676,-0.4305355819732402,-0.2864405755843267
1754,-1.9618510467329635,-3.401008322736247,-1.217044823923454
1755,3.226433537974591,3.028985110734074,3.225618285024588
1756,-0.1086152310633483,-1.6353580738890898,-1.237115449961245
1757,0.4978245900083534,-0.2854932966997919,0.1587228662641225
1758,-1.6353812940024215,-2.3044259554863107,-3.0455601108518366
1759,-0.0695931954762265,-1.3345725037794258,-0.9373836109021194
1760,-2.6656855722495703,-2.6652286782913523,-2.984116325261274
1761,0.0329865476488581,-0.449891589199238,-1.630731222723686
1762,-0.1917498318716266,0.0326403132129975,0.199857154497513
1763,3.0716924455509163,2.1974118954479023,2.0762183147593047
1764,-0.376283976455848,-0.578541124449484,-0.1911095576299193
1765,1.8648243775576767,0.4083294861601051,1.2290112016336154
1766,-0.5329942756845174,-0.7361235370529592,0.2385724657266817
1767,-0.3486431176326719,-0.8442536947944917,-0.4488734276887712
1768,-3.377323560268231,-3.0154773834011976,-3.0448293010595795
1769,0.2005416885786597,2.224353771512806,2.0941073521168936
1770,0.2058192535884798,-1.0915799742523895,-0.7576554231769999
1771,0.2816002215202375,-1.1489018407939977,-0.603163635619647
1772,1.2290584146880306,-0.7341892120820082,0.1589317380431679
1773,-0.2945239890119486,-0.1886708800954621,-0.4245065557003596
1774,-0.53141079889196,0.3212317937678335,0.0097101582588903
1775,-1.4736471090026253,-2.292936622172375,0.469422174243401
1776,-0.6456014503373211,0.6184683099631458,1.3763045337255535
1777,-2.7202906416667845,-2.413490002725096,-2.793700853162033
1778,2.260889201784761,2.5039670194723445,2.62745086058693
1779,-1.543436387513162,-1.0293321481186652,-1.334423029071946
1780,-0.3501625808813211,1.5417666614119967,-0.1206331897440378
1781,-0.616632011175922,0.1148712632626387,0.4694155971166131
1782,-0.0995870014285195,0.588179828088257,-1.2154904301178198
1783,-3.386854980971121,-3.462463069993209,-3.506689561480425
1784,2.2457255362258213,-0.1728993107800776,1.442327453328044
1785,1.7383952429541052,0.3613194800205476,0.5325024953216294
1786,0.3882278617996135,-0.6474601791555145,-1.2370598159841253
1787,-0.3069797677092702,-2.3035282682622795,-0.5318590217365827
1788,0.288295765763262,0.1151520281336842,0.1149551668846436
1789,-2.9582128808765584,-3.0952820349537014,-3.728887735143819
1790,0.678510507377557,1.9836754585313128,2.3672726508525983
1791,-1.1163518373791563,-1.0097200644322577,-0.8905654603459526
1792,1.516330677309838,1.0397011666726823,-0.1582058998005694
1793,0.6819290751797941,1.795895893369185,1.73586762177883
1794,0.0277567008037169,-1.9795638401676257,-0.0210264883357013
1795,0.328232008725658,0.8602898842789818,-0.9547074670533948
1796,-0.3441272380616106,-1.147932210555788,-0.7126201428481483
1797,-0.8908361393490485,0.3167379949309041,0.249169026894574
1798,0.901797434987617,-0.11097080668286,-0.4671938940400078
1799,-2.607637967166595,-1.6353323785352505,-2.8162500584476127
1800,2.6246912642174083,3.222967486623974,3.226448744257052
1801,-0.809915922645482,-1.7020295293229135,-1.872994596043052
1802,-0.9000671249216909,-1.2737790048944897,-3.131425140650737
1803,1.9700070351150056,1.5990189107035129,2.840516008444516
1804,-0.8947486696479624,-1.323776331690893,-1.385952000153618
1805,-0.7807616146063662,-1.1600980620037122,-0.519348245243716
1806,-0.623406824590134,-0.9973380554323172,-0.6031612312720319
1807,0.2819348573883073,-0.338767731452783,0.062627714872246
1808,0.7448439443720494,-1.202293563325032,-0.7348180617940188
1809,-0.0068085992458266,-0.0393792036170455,0.5881925924886563
1810,-0.4547466755223741,-0.8994319424198112,-0.0634960756193647
1811,1.4440328748612827,0.4122606828449199,2.2254577765471484
1812,-1.4343841502288637,-1.4696229616340173,1.3718293142474511
1813,0.7754074892449525,1.733251282776374,1.2290062963812087
1814,1.7247283455659568,1.043826928445647,0.5383367302056906
1815,-0.2994728347245895,-0.5022255013158187,-0.819220241484502
1816,0.0329365554512091,0.6535438907395938,-1.435818613430656
1817,0.2818635900589984,0.9957262954182168,-0.9003149845709097
1818,-1.7395123139084978,-2.111487572435954,-2.570341486538485
1819,-1.0941586010624715,-1.469700621677568,-1.2162864753875815
1820,1.2708395174294176,0.44267051992727,1.0893042443968906
1821,0.4978796514666194,0.0115394495126816,1.539886968689726
1822,-0.4850138384604497,0.2000020926492971,0.7449759696327087
1823,1.8611284344132704,0.5325896375101917,0.4457062862160493
1824,-0.765393013132454,-2.637941275881812,-2.378576853236262
1825,1.5230792558291588,0.9957695736752884,1.7394016165558686
1826,1.701448446691071,1.8362633001566924,-1.6793350239706688
1827,-0.4963760226222889,-0.5786712136265759,-1.216491898728587
1828,-2.2265782271042016,-2.549642374865721,1.526855026292166
1829,0.1578121135672865,-0.1481428182010269,-1.038892296695736
1830,0.2847158674204614,-1.2377307240302369,-0.223473079651326
1831,-1.7393896404805762,0.9956631658808356,-1.2702387844381218
1832,1.7031968012801508,2.860435242260127,2.1749970993125887
1833,-1.3873171318984194,0.1588710968602893,-2.58641564797328
1834,1.2297128979904024,1.0530929082568523,0.7754198136916245
1835,-2.106136560070079,1.3761686312348351,0.3843878502909595
1836,2.7498736840996445,2.8955803339274926,2.976128535139549
1837,-0.2907710677863894,-0.1086135219687123,-1.1674281180577804
1838,-0.433014259477273,-1.073975569571446,-0.8081034254951094
1839,1.0890214561273923,1.59813509718018,2.2021811980180823
1840,1.610191447240713,0.1985131880301163,0.561577857764407
1841,-0.7214751657376148,-1.524972739664106,-1.1096240484296336
1842,0.4994470847181028,-1.0307666519953154,-1.1153335483902926
1843,-0.0386318599030127,-0.826842233335723,-0.6077037230413207
1844,-0.3505142808057628,-0.2636786480875659,-0.263172631709189
1845,-0.9335488440389396,-0.8317495841315969,-0.2590373386670813
1846,-0.1078083026579232,-0.807650495878349,-2.3052463209116336
1847,3.302696290693152,3.2240927888761046,3.54979460006979
1848,1.5833051183817015,1.314617783018318,1.3817719370596333
1849,1.4682836503638272,1.2294264312498475,1.1423848120241509
1850,-0.2873990604311136,-0.5024934776758383,0.1328050732623054
1851,-0.4221821639877963,-0.8760223810170958,-1.0810718654755351
1852,-1.5315139979757908,0.5609584010340924,1.008642121248149
1853,0.4126373221267955,0.1698521039786518,0.6785386009877817
1854,0.995785972559022,1.6703909216085788,1.8042647502171845
1855,-1.0927026243627198,1.873775999082193,-1.2111123600743217
1856,1.7246315754489754,0.4610401259094223,0.129442822235697
1857,-2.729627973648797,-1.8288625666310816,-1.739109256558693
1858,-1.3400638537225915,-1.6323137156332153,-0.2584045768316592
1859,-0.2490884937819208,-0.9739147776662064,-0.6726620432331675
1860,1.9157850507985792,2.329080938944387,0.532908244394161
1861,1.1808627879786415,-0.0578952029793218,0.2051098785671192
1862,-0.9767189698926876,-1.3114531694352096,-3.4493463305675807
1863,-0.5294927444944537,0.0329318488834159,-0.730773430522542
1864,-0.1719713250755601,-0.4415962229307094,0.2808555827338556
1865,2.1454694192713197,0.0657105508893362,-0.7287783452205928
1866,3.0734329298108403,2.948777493258377,3.816467584783978
1867,-0.7148862096504037,-1.1500968632086377,-2.4774750383629542
1868,-0.0452475005539778,-0.1208107223857301,-1.1895598234794256
1869,0.8604455622464686,1.4441172153386874,1.5155631431774166
1870,-0.9592262437349393,-1.273454049504885,-0.1587684281191012
1871,-2.4326385174369505,-2.9457869620375576,-3.3107913433844125
1872,3.1860915158682888,2.5960951142617152,3.400028458548892
1873,-0.1920657753198953,0.4692085081337142,0.9231738671550888
1874,0.2517123954502656,1.8885405874284509,2.671154233874665
1875,-0.7598906033598922,-0.3789637690067498,-1.65117548278148
1876,1.4682110526282073,0.9618145612117815,1.05309818140319
1877,-1.9208335483037295,-2.202258614354121,-2.295440277525876
1878,-1.9204647583695376,-1.486622301904169,-0.1657728860988817
1879,-0.3682769728894551,-1.765021689850308,-1.5258429314410653
1880,2.3536589057805006,2.649041378129968,-0.62145659893891
1881,-2.2014022056000653,-2.111450040574834,-3.32741560413787
1882,-1.5275868367708525,-2.7683293392603505,-2.769108841087151
1883,-0.8082882615168117,-0.3572510691608485,-0.7542835172506486
1884,-0.738089488453938,-0.7407191926974441,0.3781495755897389
1885,0.1154576231668693,-0.8514927309146916,-0.4316322482535483
1886,-0.6579952145314077,-2.2955981013693285,-1.6521451130196896
1887,-1.9865058538839528,-2.2666817308584206,-2.125469079309972
1888,0.3881619143203796,-0.663465437882403,0.3881615607145928
1889,-1.8964747809542888,-0.9232591403714608,-0.8315552873585976
1890,3.322381314546383,3.0999279221086424,3.598175808639882
1891,0.8712622361488481,-0.8042828722336802,0.461770292391968
1892,-0.8866207834487224,0.3281456402594048,-0.9573140291910086
1893,0.4978505878461093,1.0531916264615386,0.7754444625849685
1894,-1.525900690788155,-2.125143125287542,-1.4545029025380996
1895,-2.1252637944967487,-0.6164551219689339,-0.0556995431156117
1896,-1.3047645996914643,-0.1120809679566749,-1.9208409462963916
1897,-0.4122487226335868,1.9427031647711013,1.9186977414781008
1898,2.06453476305158,1.441533895315186,1.3579776370958516
1899,-1.1318186009061868,0.3872814359113048,-0.4588534531300025
1900,-0.4290992254766625,-1.4873910766416103,-2.01409634279501
1901,-0.9590339431890708,0.7447183152163399,-0.9114576629925752
1902,1.6076754722188866,1.3123825883772635,0.6819135623190576
1903,0.834749526444251,1.6835995437481022,1.3172533403012596
1904,3.101706039284651,2.975627225328965,3.413942401669521
1905,-0.5938704814690362,-1.042737498186766,-1.6814003804965354
1906,-0.2086537328684118,-1.0464080528098476,-0.3920517431045832
1907,0.8688681830857915,2.2419476630993644,0.7758332038382042
1908,0.7145990602224028,-0.1126262924907595,0.065039059755398
1909,-2.143039205238324,-0.1037673723826554,-0.4089966635748456
1910,0.9231480413728392,-0.8965770041459371,-1.069597134030332
1911,-0.6424255413680366,-1.445610205340026,-0.8711068694677637
1912,-1.816134754856161,-1.5012618697385465,-1.5645333467129596
1913,0.7144241593458895,1.0889266385214431,0.5327997096768181
1914,-0.9921470008978136,0.4690155388541949,-0.0473847650569721
1915,-0.8701147436239648,-0.8663386880348132,0.5880931017416188
1916,-1.777613428368794,-2.201498871261663,-2.8347439143104904
1917,-1.3036552173169358,-0.4033379185735282,-0.6198339593983522
1918,-0.9793062771458316,-1.3864896797967246,-1.1785217151922225
1919,0.4994338431438568,0.8603664110346467,2.062229010110141
1920,-0.288769964399003,-0.8307730316551301,1.169460232766338
1921,0.6784514571140275,-0.92282664730095,0.9505584116747487
1922,-1.411736491084492,-1.3392567540781957,-2.0141592257326355
1923,-0.1362999306585341,-0.0578955420539855,-0.1129301033894051
1924,2.3470637329069928,2.368341099601664,1.7438868962068546
1925,-0.2814669428930125,1.9107547084683816,-1.851285090781672
1926,-0.817695772701236,-0.6463231829068964,-1.4418933442769135
1927,1.911454124543006,0.5384441084962752,0.317770258623953
1928,-2.125508566591846,-4.301476081604714,1.2296937675060162
1929,2.428991509119753,1.7773840190051509,3.00409598296827
1930,0.2821001716993296,-0.8463738773758771,-0.4583796789829556
1931,0.5892202952172564,0.775399886103722,0.0833257337533524
1932,-0.5413657985678187,-1.270395375282797,-1.4872269645043956
1933,0.3880570407374513,-0.1611152590290267,-0.238681340401968
1934,-0.4886833837461318,-1.2170436309888373,-0.7201948329453447
1935,-1.6521427703220133,-0.4939156284843314,0.71433686303248
1936,1.0901426180103535,0.2882312013076381,0.74492962804213
1937,0.9016019430315284,-1.2676915322647782,-2.108022983827811
1938,-2.0520547977790407,-2.584248936288964,-1.9618440084187243
1939,-0.1603788863492684,-1.8287975875955356,-0.676523548802884
1940,-1.0891171502179295,-1.2326361288167271,-1.0244395577651364
1941,-0.2038673184020271,-0.1390638128226334,1.37622921569297
1942,0.4978595399317517,0.6818995823496984,-0.8938841189112708
1943,0.1339190260073595,0.3620332938375052,0.3622370468853997
1944,0.3177546705021859,-2.0649065968062605,0.2514806952584799
1945,0.0260901516150965,0.5882350609610129,0.4993975779315075
1946,1.2288769203489802,-1.5236228142017654,-0.2376234289874543
1947,0.4614586772923706,-0.7626130233711108,0.5385800993884399
1948,1.2108593695072731,-0.5391396270030222,-0.6236613111760243
1949,1.126547045359512,0.769338163228198,0.7693976310188434
1950,-0.119318980650784,-0.950734584045561,-0.7601416149374226
1951,1.1422192597554228,-0.9473704393136944,-0.5596900695421764
1952,-1.786224826584771,1.5832538321360563,-3.5050276881659097
1953,0.2001441947922827,1.3318089442671064,0.7450872377225879
1954,-1.1820410254985037,-1.5245858378805226,-1.3232432533855885
1955,-1.6954109168037106,-1.4877758955599028,-1.8290143487805268
1956,0.4126694717147171,-0.4696805317685019,-0.2567574792376921
1957,-0.780735966512106,-0.7010132793621245,2.8667417297817974
1958,-0.7183528942518042,-0.8605804495464504,-0.8593893873879899
1959,-0.3284087061921634,-1.7649584120942607,-1.8515103644984527
1960,-0.8246176015162979,-1.0774772315193066,-1.1310782735123932
1961,1.243316780707557,0.1150250413141881,-0.8684487447956601
1962,0.868885964625766,1.6721064531069298,0.2387646903053717
1963,2.119584829309969,2.6217964649230923,3.2398647175810344
1964,-0.1303432118943819,-0.6691025765975303,-0.6243443855375793
1965,1.0900495727855195,0.3781458344717494,-0.1206996353176891
1966,-1.5956065900082714,-2.5693951043683847,-2.111159198821462
1967,-0.4089397678453319,-0.9522729325159764,-0.2818923202501613
1968,-0.042718405858389,-0.3094497630642056,0.0269114061704264
1969,0.5615216806539527,0.6534381739860862,0.4695316924555109
1970,2.598660213791861,2.8696078744920177,1.2928160056673244
1971,-1.0216892880779758,-0.6950804886459859,-1.04380546384062
1972,-0.7764338234158865,-0.7731438162414153,-0.0272013883215929
1973,-2.674853948226275,-1.721280744018039,1.0433876321898743
1974,0.1146637820657571,0.7448532368264102,1.2477288863105762
1975,-0.4496951800982138,-0.9491044460394844,-1.0871941686431692
1976,0.6784860522179136,0.9505232201035544,-0.0394577881849244
1977,2.706817512261996,2.948787110648838,3.21222099834494
1978,-1.550797611119401,-1.4682154548581343,-2.064139979460528
1979,-0.5495104040937988,-1.3348734811832337,-2.233856840438184
1980,0.3622336869637325,-2.2021261902854743,-2.564309717030376
1981,0.0266887662057852,-0.2573878855359173,0.0260275821944476
1982,0.2741313559377157,2.146283020330055,1.6632737814588303
1983,-0.9121972704846978,-2.295688850079314,-2.9126311317253077
1984,-1.2609134373659812,0.0101444570438539,0.2386457992501628
1985,2.975886448601265,3.1884145343318204,3.414264861903965
1986,-0.2585445847636903,-0.9320626453375368,-1.8729755090891835
1987,0.0472544060180065,2.0806632157918865,-0.8217512338376565
1988,0.0960566317654891,-0.7299336529228942,-0.9340596775327188
1989,-1.3389307492015643,-1.4858895307310156,-0.4008348246125321
1990,0.001690418491835,-0.4144341229731907,-0.05704347824916
1991,1.505631785322685,1.5595805169486616,1.8707966402534455
1992,0.3176923180151175,-0.8700812476941711,-2.5284571449683364
1993,-0.3846309442042195,-0.1002940835992367,-0.1007637121344885
1994,-1.0314983386097754,1.142267331229009,-0.7500203010682777
1995,-0.2568814590850589,1.0899456662503937,1.0900000934830787
1996,1.4129329156058583,-0.2569816245021953,-0.2578813633786534
1997,-1.3396991540393726,-1.5678337663493385,-1.144655393006111
1998,-0.8487311860876284,0.5327394776865632,2.175160523020282
1999,1.934252829597728,2.510035649199162,2.582070016580305
2000,-0.7529411864089772,-0.1000815324738961,-0.4021230339598229
2001,-2.1553200771131373,-1.0045671272616956,-1.487723739711637
2002,2.110822606951886,1.8885554388714951,-0.2823602005421111
2003,-0.9859219663561016,1.8109922381440915,-0.5616444979030825
2004,-0.5080943560486286,0.6819498611868677,-2.218912175557801
2005,-0.6606249543229307,-0.2963189434833521,0.2050311515952096
2006,2.9348473214001456,2.693045916430441,1.6441923918703902
2007,0.6535730955961565,0.1138622777068279,-0.5960470525045927
2008,-0.6736712670346593,-1.2376096729825636,-0.7418782283117819
2009,0.2820530711460494,2.105618405600118,-2.013842345046954
2010,-0.3618502174121474,-1.3998671835603094,-0.4800501755713925
2011,-1.3508785870261073,-0.1235510791381994,-0.9875622380650396
2012,-0.7469419182213065,-1.3347027722395757,-2.143093125883001
2013,0.8347856101306652,1.5832415193758815,2.554154803539279
2014,0.4086790467097419,-0.5753622896661219,0.497872845428905
2015,-1.0677446282950152,-2.014097822393542,0.7142067816615096
2016,-0.2996126222913042,-1.030284522552238,-1.206050347707564
2017,-0.0997034616704804,-1.7020224910086748,-2.5845600536370137
2018,-0.4010525540814761,-0.9708221646771252,-1.4691979190300666
2019,-1.986404437790443,-2.218650970867141,-1.6815723095933923
2020,0.9506370260659932,-0.2572795968960812,-0.5534340256950433
2021,-0.9586702400735636,-1.7649191700750066,-1.0840106598311814
2022,2.7076803899650383,2.5460592655726013,2.268363076728217
2023,1.0902807980135114,1.8809065892355936,1.172025191532382
2024,2.09997780609511,0.7143493779700663,1.4420268482262186
2025,-1.3114387894665471,-1.1676910828945468,-0.3025573969369434
2026,-0.8841404481617914,-1.2642559989872582,-0.864254370957818
2027,-0.9171853749750069,-1.4419067398929402,-2.3856794198552707
2028,0.8348219351795303,-0.3830291518501794,0.1152790451234867
2029,-0.2539512054377359,0.4973374984443621,0.0817356348700459
2030,-0.0237971917221067,-1.378018980698784,-1.525279685833459
2031,-1.26205182381828,-0.2325660217826014,0.0830133611485244
2032,0.860293463082832,0.0961050649109294,0.4993809961403346
2033,-1.0337890301680774,-2.5423637834717447,-3.3635609183418955
2034,2.340136313282573,2.012463267696202,2.012862252892282
2035,-2.0142186562736857,0.5323412190816016,-1.920827876509356
2036,0.6227707365082503,2.54529072688276,1.4415573222919482
2037,-0.2051659256528142,0.010985462568993,0.7753386930799476
2038,1.7246405334622406,2.152060585280205,0.3171912291481056
2039,-0.3798643651794091,1.21079363880989,-1.873004378106909
2040,-0.2648075628922862,0.3871971009311585,-0.7791881767576883
2041,-1.4458157254669937,-0.8121139039797793,-0.5836965660607581
2042,0.5882127530836795,0.2471806906462637,0.8603885399717875
2043,2.392112155027532,2.9596150311976634,2.087062356254931
2044,-2.730217593663944,-2.5652384117091898,-0.8531493289552083
2045,2.304320400077531,2.556782949898212,2.862337499143469
2046,0.2386383187402425,1.4707042697952537,-1.342479323330011
2047,1.0529989726732631,2.29430019572362,1.784097780280444
2048,0.5385073155306616,1.04385839936067,-0.7719061959876956
2049,0.995762360632443,1.9166004328897897,1.5217530423446493
2050,-1.807434436594349,-2.226674172141014,-2.147061479408505
2051,0.5329951091579985,-1.0670386131953218,-0.573807044438876
2052,-1.0446509311019887,0.0644203409691142,-0.7668299204766829
2053,0.4617368471779686,0.4615535615118226,0.2510993608845898
2054,-0.6763915860461077,-1.1645904151834956,0.0264108124400808
2055,-1.0084938680238755,-0.7848782832099086,-0.578988661815585
2056,0.0009099770556915,-0.4809079639198811,0.9574468692315014
2057,0.3776036137257328,0.6532844261048432,0.1992502787849533
2058,1.129504196158573,-0.7392876533835556,0.0257608024074029
2059,0.4457781700447467,1.3576167383538322,0.714127253240395
2060,1.053005472132702,-0.5490716696572614,0.1588252634081136
2061,0.8078368864884492,0.8077772093476439,0.4458928081060356
2062,0.0549925677200904,1.7833163454282774,1.9765479994076416
2063,-1.9210225670162395,-2.387727276785062,-2.6486152686064752
2064,0.3284898913664356,-0.5978688121803913,-0.6435960836762648
2065,-1.1895441952607275,0.112781064437576,-1.3335037429875118
2066,0.7693990028936527,0.5882286191140823,1.8696743319893976
2067,0.1603315547980728,-0.0643372743189583,-2.520339534789892
2068,-1.3895209508179671,-1.4409714603955823,-1.1300174567125094
2069,1.5134115663026335,-0.8297486395892588,-0.8033280605179033
2070,-0.2275852417113088,0.2818663643062467,1.6707463951559791
2071,0.5615226461037566,1.008280801659105,-0.2598040264924637
2072,1.5574694402715934,0.4694141489419075,0.0313853793196881
2073,1.954874322050122,2.157454723688893,2.5078277284946067
2074,2.2802140409181475,2.5870191588664686,2.2422393725273984
2075,-0.364628590601911,-1.388434563639715,-1.5509278559175306
2076,-2.1430697443645124,-1.8730462501119567,-2.413034665527385
2077,0.3880171716849923,0.1889515231653382,0.6187873802514143
2078,-0.3488433336086957,1.2962065759849908,0.0710911194403902
2079,0.2497915793493439,1.1295117986829886,0.7009002721664791
2080,0.6536225145579848,1.921720255600678,2.268671055215605
2081,-3.0360233627824607,1.2967553721660687,-2.773131133070831
2082,3.1887855084189014,2.975881138627345,3.322972893913615
2083,-0.4687990118478681,-0.0563805256317523,0.2050288088975334
2084,-2.659312513200682,0.1981982100316513,-2.201467252780591
2085,-1.1670033196392655,-1.6355002234153742,-1.2373430542193338
2086,0.3880174958236301,0.2484146384156342,-1.1008684293383584
2087,-1.263797357887226,0.4083400937684348,0.6818553124467274
2088,-0.8476542610254786,-0.3316435668652844,-0.0556383194340099
2089,1.0438479090556625,0.388058573029194,-0.5645744523262997
2090,-0.2332874450006924,-0.363160596441924,0.2474129848395117
2091,-1.3895249332984076,-1.501273696498642,-1.631387125184091
2092,-0.8737724763758461,1.5777079231446112,0.1141830484041152
2093,-1.5347252047042028,-2.0236058145148093,-1.5654965035734
2094,0.1336244009496023,-0.5529636933136987,-1.040031254584313
2095,-4.222948981250998,-1.6928266611559375,-4.5505234446676335
2096,-1.2706544089397769,-2.02339450168902,-1.9381895740299249
2097,-2.6602977547253825,-2.661114042534431,1.3841838720317872
2098,-0.6521134578997169,-2.052054082018271,-2.234092802905378
2099,-1.829074889020476,-2.3874441802658697,-2.3874362890736966
2100,-0.3978703044709477,-0.6854410356475326,-0.6219428658300262
2101,-1.385092845194574,-2.218924438688818,-2.405774577579288
2102,-0.0224855272285389,-0.4922157167718411,0.4086524050576077
2103,-0.4742712304439462,-0.7979866183060632,-0.6853523964889879
2104,1.2928057464296203,1.2934079398241591,1.3725586744721363
2105,-0.6563910214726302,-2.477208464027373,-2.729470643004855
2106,-0.0065459150432168,-0.4900636687444504,-1.399130188554077
2107,1.6097816649710397,2.0687971583931164,2.8501258732768378
2108,1.861675741383853,1.376211889009418,1.9320006245208765
2109,1.6779994521616004,2.240684113580348,2.9326931898324515
2110,1.5155242535089102,1.856186416745035,1.955272162480176
2111,2.536873537431892,1.8027389142306836,2.14708094867282
2112,-1.1064989184719516,-0.3798343275981244,-2.023162914417351
2113,2.096309800382388,0.3881971864976106,-0.5567035411184299
2114,1.7249151672899707,2.6525616416059288,3.464846467489198
2115,1.088976759921727,0.8077460144785865,0.9017662401185595
2116,-1.5978187975522795,-1.7022110746105872,-1.559870706885874
2117,-2.368951436873595,-2.887464046850856,-1.620912838426521
2118,0.4978992724762464,-1.1359743285708914,-0.6702339180461105
2119,-0.6744187376450721,-3.240909370824581,-1.631368419594144
2120,-1.6353254242881106,-0.133632811010674,0.8711138395869973
2121,-0.6521144122474103,-2.324406781110044,-1.3342938342529511
2122,0.4459773918221358,0.5330058054223887,0.9957789444659932
2123,-0.1227645603511888,-1.8939271192515832,-1.635395556102488
2124,1.540878197569822,-1.5997176268939144,-0.2335950824218847
2125,-1.8079921914587729,-1.1666802275867325,-2.312654246939823
2126,-2.111685972370619,-1.776711818933341,-1.5639143727075469
2127,0.6783995644581987,0.6784648179817353,0.5881929503690413
2128,-1.3186216963067807,1.8698138123532544,-0.1218919959955947
2129,-0.2593797582888818,-0.7658270275522625,-0.7180166536286081
2130,0.9228040998802624,1.244550022150589,1.3159869115212244
2131,-2.0520886771221565,1.0396923389565182,0.8604172896960515
2132,-0.2390065398572072,-1.2373589664797386,-1.038236829435647
2133,2.241964831482788,2.1402296513039496,1.7295071036142935
2134,-1.468330612476028,1.29631489722434,0.0733682523057876
2135,2.7849409932329627,2.526043801604244,3.0594753339701506
2136,0.0028201844462038,0.133498758374229,-0.2908836999246491
2137,-1.9380347400176523,-1.938258603690891,-2.834999758508477
2138,-0.8014100005943506,-1.002803727757955,-0.9484168245855812
2139,-2.584622563410932,-1.5429440633968263,-2.2341662876777706
2140,0.0318401665178548,-1.4451670638801164,-0.8494410897411653
2141,0.5330396512388166,-0.1607584033728199,0.4458350421133344
2142,-1.7773447919609078,-0.6925769778941281,-0.4885715813277859
2143,-0.9951653077601292,-0.651300472958397,-0.6270886719766979
2144,0.6816535839414993,0.0087886452786252,0.0095599962195884
2145,0.7144843913361445,0.7144224331476018,0.1330093811596494
2146,-2.4131489486636704,-0.2127661065493926,-1.273318293545498
2147,0.5882241456092695,0.8602063788558088,-0.7538370803061617
2148,-0.6164176575430397,0.3862297533671321,-0.6564293899371137
2149,1.8247671433958137,1.210991904543195,1.0394383631766106
2150,-2.4131436997513567,-2.41309550519284,-1.9618443662991096
2151,0.0265959558926015,-0.2585447935272482,1.0396220751075913
2152,-1.3232171329165223,-2.843043002349922,-1.6813545163865322
2153,1.9871919926777788,2.252330093200221,2.2724370335374817
2154,2.89302630642263,2.1645634965576623,1.9805413874263105
2155,2.583331420695175,0.2878665629848939,0.8350146630965987
2156,-0.1094699697465619,-1.828912503081549,0.9018003941846816
2157,0.5615321195799556,0.7447548212870432,-0.0464048033358857
2158,-0.465207041906812,-0.24211626701472,-0.2621324172467225
2159,2.8396938315005804,1.453706247341941,2.3007573584439367
2160,0.0022119240954556,0.3875908115075858,0.6187534046287348
2161,-1.4073602085253905,-0.671724840862792,-1.7369471932032752
2162,-0.4886730880632068,-1.551020264896475,-1.100487478037404
2163,-0.8796120103564904,0.5324265117719985,0.807685967438148
2164,-0.4313361266965623,-0.26107401536865,0.5614711152204828
2165,-1.1217779637985652,-0.7675807550819191,-0.5357890683994584
2166,0.2054483059064282,0.0654048904925252,0.6226183378594168
2167,-1.8941343322426347,-2.6392001124827384,-0.8318906440362965
2168,-1.1481965654935706,-0.9444342701083498,-0.9454950189561776
2169,0.3221068601393722,0.7754399252264922,1.6095313744669846
2170,-0.0875353670233501,0.868828634488262,0.3220523198641745
2171,0.3284979436750986,-0.2582001248931017,-0.5499739784858706
2172,-2.292821975008182,0.3776106132368098,-2.2013288314149824
2173,-0.81289429352676,-1.7646580880156568,-0.8883822651805378
2174,3.144178831137436,2.696024031759775,3.232497213732315
2175,1.5134244499964946,0.8604220017877876,-0.6304938441934997
2176,0.461368389948147,1.1295058463189112,0.1858789835497349
2177,2.4262138782746603,1.0902159921954364,2.1362009635592654
2178,-0.4443334802155841,-0.1628541005690675,-2.8456526653622207
2179,2.771375355426134,2.74698318722108,2.1779917348119624
2180,3.1871647850948883,2.9985580753175576,3.071336078963565
2181,-0.1063359765632303,0.3174710786611907,-0.6245600201265586
2182,-0.2595358426391729,0.1147106063812377,-0.1928148436863598
2183,-0.9749573481643437,-2.2008645707406167,-0.6553168908941012
2184,0.8711789030517643,-0.1123948938510591,-1.4682174586242591
2185,-2.433338120943004,-0.8812462269354873,-2.0131156155678074
2186,0.5327022719484681,0.6223325903928538,1.5221042003963303
2187,1.7653074647058735,-0.8243835950905869,2.4605128976721686
2188,-0.6279602300077005,-1.4697564510176322,-0.7829028129499832
2189,-0.2569808702445361,-0.9419221298460264,-0.5445694499918606
2190,-0.4299044545781409,2.0883429441377057,-0.8270920956411367
2191,-1.9384035418426755,-1.1015960023249642,0.7448911307312065
2192,0.4086090855472905,-2.032219127375658,-1.20725107971781
2193,-0.3714620145928199,-1.2035472462567751,-0.2842557628332213
2194,0.4994619367540814,-0.4625117104825627,0.0265160889200096
2195,-0.4930089574016694,1.0530584488586952,-1.8513970531678563
2196,1.1706170829936504,1.5073685088383593,2.204490365888535
2197,0.6784944027602309,-0.4146400793663378,-0.5608820533280345
2198,0.5329735316794015,1.270637059030239,1.3577664244053564
2199,0.0511749807117478,0.6184221054736737,-0.39842941415414
2200,-1.7210420601119645,-1.9796439908126284,-1.4684721726593344
2201,0.5329522624504989,2.2527139266939358,2.0667098961940336
2202,2.004919122082625,-0.785830605738594,0.6819323249095135
2203,-2.1114361622339057,-1.4366073859202984,-1.2682317333385569
2204,-1.721000334629125,-1.7210760062674952,-1.8940805841630448
2205,-2.295512284654452,-2.728904696566226,-2.6484641029564187
2206,-1.1683729875802846,-2.9457906610338886,-3.401795037516527
2207,-2.312440868460129,-0.999585686186216,-2.0323892170028626
2208,2.0500698324629165,1.5967456815230274,0.5386724199659376
2209,0.4695551046132513,-0.3814829538192088,1.09111518800638
2210,0.4993702597287837,-0.4182365386489366,1.3716630191618753
2211,-2.447502164669222,-3.035650190808815,-2.789578988374169
2212,-0.9844412099055828,-1.8513667632342448,-1.8515087702914208
2213,-1.167648532331538,-1.635235962024056,-1.3111689882512363
2214,1.671876642031673,1.6084647273311343,2.8023001528361613
2215,1.2111310007195086,2.512945952882487,2.867182161242304
2216,-1.563195324836757,-2.543201355320199,-2.12530131967766
2217,0.2473384562493298,2.6943808102665923,2.744521283730428
2218,3.497678463595536,2.7264648545735115,3.212214093551789
2219,-0.0570444338232121,-1.6482574678759012,1.1808213592197356
2220,0.4614630973647053,-1.2374266230536086,-1.8075004430078807
2221,0.3221096500016785,-1.2578713224546183,0.5892445149010148
2222,-0.7964969190995562,-1.8288969672969595,-1.4097043858001668
2223,-1.0924248845471185,-1.0427428939644134,-1.2068156159353998
2224,-0.656390713222936,0.3616443135483405,0.807699037225184
2225,2.785328621329158,2.125476264414596,2.681315162637587
2226,-1.080829237387471,-0.047403621498451,-2.478876220308368
2227,-0.518757779593041,-0.253198448605197,0.2816934362277765
2228,0.2817419239046809,-0.5708622734598371,-0.0570420603005664
2229,0.1151520884742969,1.0900008175704314,-0.7866335717380541
2230,0.2006012749337334,1.5186544963626687,1.7326132580211175
2231,-0.8494439257499635,-1.7769745419611795,-2.201617500906296
2232,-0.34513774025196,-1.334415394290399,2.272375656437276
2233,-1.6011795147424397,-2.8839066980496826,-2.405708601934417
2234,0.1150672495727947,-0.4448025524322764,-0.1209040089730149
2235,0.04690877199163,0.2386539848901166,-0.9623486888533934
2236,-0.0385766568536223,-0.5366752030249949,-0.8791596335349469
2237,-0.9801363340846964,-1.63536608895359,-2.3049384481399464
2238,2.008877202081677,3.321756427160923,1.9150480320071408
2239,-0.3866973634918563,-0.5257122334107399,0.2497957342173385
2240,-1.1903605466550644,-1.1627754844575615,-1.216494165304359
2241,0.0740931736358294,-0.117231572736893,0.1304465911957614
2242,1.5981752929403092,0.5327677133585558,2.1022616897296933
2243,-1.3389131173190538,-0.6423826757677117,0.4455348993860504
2244,-1.2335389405221917,-0.7620643512495626,-1.0609036099499638
2245,-1.349670765001475,-1.3107089471226396,-0.7003669127102842
2246,-1.23708268249167,-0.872653729792974,-1.3111557869685302
2247,-0.0246177971076554,-0.6738577351528864,-2.1470798669094173
2248,-0.475875376778719,-1.487876878159737,-0.2082769740634598
2249,0.0497485055007404,-0.870697700449119,-1.0371873274604928
2250,-0.7031540601786258,-1.2167555372788903,-0.7742180699998001
2251,0.7754277847267854,-0.2333055498985757,2.085242017086782
2252,-0.733251356533748,-0.7236899442178516,-1.3355306317741904
2253,1.6711143219910274,2.250144603842484,0.6222974499277102
2254,-0.160195441976173,-1.237296967598457,-1.4683829461324711
2255,-2.9887336979888937,0.5880094173782533,1.4446300579304312
2256,-0.4505749371173664,-0.8242058668924054,-1.2617057582609832
2257,-0.943570401589832,-1.01385997068989,-2.0322836314448067
2258,2.796423169927621,2.387914485280446,2.58754427826625
2259,-2.477580103946868,-2.4775081779364907,-2.920704185759773
2260,1.7594206817351326,2.3805924150128743,2.0593302665106887
2261,-0.1940829016629387,1.9290065052693843,-0.1301712711280437
2262,-2.4131417910559696,-2.3241369392997333,-3.3949095638015385
2263,-1.5654934865427632,-1.9382348294894745,-1.385215286055809
2264,-1.0455380294170955,-0.1778047036483505,-1.2613302611892456
2265,2.397555534685897,2.272948980814089,2.554329093324709
2266,-1.3932170547102998,-1.443097380863383,-0.6254295820014389
2267,-1.0713932333035905,-1.1151614079250949,-1.0229396886813114
2268,-1.1669993121070152,-2.14669632249936,-0.5744455936013715
2269,-0.1846434083559367,-0.8320318205519716,-1.270583407596285
2270,-1.3526052358732872,0.0109808638948617,-0.3752133676865453
2271,-0.4925154864109216,1.5270684863187838,-0.3083096790733386
2272,-1.383753233009294,-0.0467850397070212,-1.627942279603178
2273,0.0032261833605277,2.2422306502513245,1.2962387541115876
2274,-0.2582154693513547,-1.3359150745535382,-2.3851095631086223
2275,2.812205224848108,2.22613970105544,3.4652682013242275
2276,-0.2823761314266056,-0.5360798327375077,-0.4773856365126537
2277,2.603845608098849,2.411559731730517,2.604764275932896
2278,0.8688642588838661,2.4871021226218333,2.096071588087808
2279,-0.2571972516817958,0.1141374610711956,0.653471844047991
2280,-1.5508587849205135,-1.3883407402376235,-2.697703011219041
2281,1.674848187064887,0.7693689409413104,3.003484723270644
2282,2.1359418716010934,2.491241461878288,2.577232245031826
2283,-0.0384767187561035,-1.1646686716943548,-0.9274507004624234
2284,0.9506198478075116,1.644203128281941,0.8603782807340835
2285,0.4979274776775853,-0.9084781645562104,-0.6352684817872039
2286,-0.9493918325148654,-1.8512155588288064,-1.049674506140407
2287,-0.5649980720588585,-0.1146655734108478,-1.3098869315369783
2288,-2.5846807786202293,-2.500118415376796,-1.7017470424056655
2289,-2.6144299586378024,-2.6609067121890813,-2.96285355192831
2290,-0.7596621800397859,-1.786159334474311,-0.8352628605617561
2291,-0.3965961906889591,0.8689336682054217,0.1587229888954326
2292,0.7145853122860396,0.6225040388727916,-0.2873967793833761
2293,2.72386396695337,1.5984894610286815,-0.8707001417963023
2294,-1.73929358987585,0.5323766369714701,-0.4687744135222675
2295,-0.2310056419685641,-0.5316802232750816,-1.1494795007210086
2296,-0.3188762795455788,1.4484142820237491,1.8251021424056335
2297,-1.6410511231429332,-1.4515178111859652,-1.8512306424799567
2298,1.0530309794452173,-0.2826458589933224,-0.4716393172650988
2299,-1.0697072588097276,-0.4829666024757091,-1.1557151009282856
2300,1.0394223778527465,0.8604499761045505,1.6460107821067127
2301,1.7247653563049727,-0.3332959354413856,1.0438634677102805
2302,-0.7548685512225406,1.5150537600960612,-0.7120145223978572
2303,0.1025459159330982,0.0509710091070753,-0.1078101590883038
2304,-0.9624197297039976,-0.4721145955605328,0.2473818194226489
2305,-1.0096678392359753,-1.5510340555221591,-0.4143878201142805
2306,-0.6693658572674485,-1.7020369255175376,-1.5431735840170906
2307,0.7011241046295089,-0.5008384826171858,-0.8256380686459095
2308,-0.0387559549265209,-0.0392385864490953,-2.052205107540752
2309,-0.4629813292162419,-0.6518171917915854,-0.2236935233922326
2310,-1.1191689383864951,-0.4486457084882223,-0.0576614572361776
2311,-1.2068297262344871,-0.8159933423607709,-1.7391786743898363
2312,1.4462154700957677,1.31538821196169,1.4470201725071716
2313,-1.0316118461712878,-1.6208834922349489,-0.9753361696202026
2314,-0.5688031649960683,-1.721218391530971,-1.4684717011849522
2315,-0.3398321484719723,-0.7639485256347802,-0.6077833121373228
2316,-2.014124455167125,-2.7679111060752017,-1.828790806102262
2317,2.3241400662453104,1.91727130752434,1.670995707508683
2318,-0.3186408908153083,1.7453096470274423,1.3144029704369895
2319,-1.091685170428088,-0.3023060193046099,-3.1592319693934945
2320,-0.6560435213478919,-0.3851838395757209,-3.0843934547981706
2321,-1.3885826065957791,-1.635450247130843,-1.0373741491845068
2322,-1.05977626031558,-0.8938784165553479,-1.851552672300461
2323,0.4978634641336771,2.5191513250092656,-0.8034656626131048
2324,0.7449133360766922,1.5951122074375714,-1.105834809688215
2325,2.047329811760169,1.146110596489706,0.4084752028144134
2326,0.3284913527113411,-1.113084747344244,-0.2095281241191292
2327,-1.1481932363968728,-0.7552821471310869,-0.5082136056019603
2328,-1.2446668670940764,-2.1429700150305515,-2.23389429858515
2329,-2.202246530966107,-2.014207066085182,-1.9208643732731536
2330,-1.7862363980505536,-2.052071260276752,-2.3242225920052166
2331,-0.0395345237041473,-0.6097919550879538,0.3283479917937723
2332,-2.720034723533443,-1.600663359557938,-3.3937169385629384
2333,2.018635890379338,0.4455733689478919,1.2706723227952603
2334,-2.341840240901079,-0.8552805673412021,-0.6522467276334154
2335,-0.4967838869677582,-1.7019710755266926,-2.1430745161029794
2336,-0.4866534506377911,-0.8689238221082596,-0.4133668700568144
2337,-2.265692341447977,-2.3125698765984266,-2.0321868753410834
2338,-0.6414930018287629,-0.1185139060995243,0.3219916173656408
2339,2.527697782353304,2.2584751051089773,3.3236814966889945
2340,-0.5312242404150201,-0.0198019809632414,0.0762504341395093
2341,2.3126305158618004,0.8052671937373648,2.938745322009434
2342,-1.1658668306405642,-0.8930989806472303,-0.216804752257136
2343,-0.2586068687358457,0.923351027194072,0.9229660540848372
2344,0.2878516588535489,1.3165961103473744,-0.4817182755554374
2345,0.5891587956152066,1.3924577681348786,0.1560231379707515
2346,0.4994467864844487,-0.0997965403939528,0.950668340599683
2347,2.080146947955043,1.3868173777338957,1.5062144342792323
2348,-0.8296414058230586,-0.3469853908765673,-1.8287074553849387
2349,-2.6488019446213085,-2.72977026170766,-2.729385812689
2350,-0.8264602073285355,-1.568161250824502,-0.7130966352255086
2351,-0.9313216980149004,-0.3496304198529246,0.7144374757326808
2352,0.115118901137294,1.008656965038881,-0.1203361132962806
2353,0.1300822888339344,-1.0358946625726315,-1.3879168847678736
2354,-1.7862131358255269,0.3282466818214442,1.2927969187134565
2355,1.376212714089587,1.213871943774468,1.129514568594985
2356,-1.3997944145486871,-1.0290413106591,-0.8423488325385616
2357,0.4126439429139185,-0.5768687490673869,-0.5134313491913324
2358,-1.6354927976938518,-2.857713873005087,-2.57877784153581
2359,-1.3347847268477468,-2.3245594767409887,-2.6675231687332226
2360,0.6784647583350044,-0.1585746060672436,0.7694040132190431
2361,-0.8303381681887173,-0.9414803961706212,-0.6988225261762284
2362,-0.1196168833628125,-1.046340051664745,-1.0715394380135863
2363,-1.652099368765064,-0.4700476697093062,-0.525083186618778
2364,-3.7534616871644846,-1.894112880158237,-0.4916044800355883
2365,0.8711777243658084,2.70998580695537,1.7828214151953852
2366,-0.1425914918678432,-0.1619451955206236,-0.1614248392117726
2367,-1.8074101556636573,-2.6919854413840483,-2.4493319567471974
2368,1.6819301627107264,-0.9721882537535044,0.7694797645672071
2369,2.669229692567659,2.5938851351079064,2.864678668655578
2370,-0.7244122024470292,-0.433848106404627,-1.0788553149231443
2371,1.441716132534422,1.0889995087491622,0.9957694503754106
2372,-0.7843924288588769,-0.7446431308928892,-0.8757034618353301
2373,1.5810197780150614,-1.0435141800892445,-1.776305847290875
2374,2.113271342144244,1.0396798131430425,2.084256786395481
2375,0.7012849952624924,0.1890734876946274,0.2520145221279177
2376,-1.856280209275843,-1.93778649873687,-1.502338104907248
2377,-2.8060696623339623,-1.681531473367106,-2.1252169493362643
2378,-1.4697729135153434,-2.324255994174486,-2.234017170850676
2379,0.6784654740957745,-0.5360190293390478,-1.7019134567847032
2380,3.105179689120769,2.613740653986283,3.2109872597687037
2381,-0.5278268005175151,-0.1208092440407181,1.0077730957435715
2382,2.2608774620740326,3.0803487362305675,2.289978039639826
2383,-1.3115056209602485,-2.063689721425365,-1.893737822287062
2384,0.3622536923688888,-0.4715667858524729,0.8077789355459316
2385,-0.1905048240091116,2.314520025032013,1.8129415780403757
2386,-0.0840435005174459,0.3617569479866167,-1.200941170675431
2387,-1.6953215243923805,-0.0596468935167946,-0.5594567881731035
2388,-0.6439212732915545,0.1337351242397743,-0.0559806949533502
2389,-1.2050408110821418,-0.9412663480668466,-1.562539572187044
2390,-1.6411071656516805,-1.7649863720329793,-2.5430522356470338
2391,-1.2936309803938346,-2.7601859313211223,-1.8514625382874867
2392,-2.0236895672852824,-0.6955322800839403,0.5613184534702689
2393,-1.3668737136908156,1.039911361752155,1.449702058040497
2394,-0.9919329917692956,-0.80616760278617,-1.399682636575097
2395,0.0513652500921828,-2.4213053978244417,0.0762504636066582
2396,-3.6914991153696826,-3.570927030161022,-3.2865452671416877
2397,0.1588806314446549,-1.384218974478309,-1.9407589794132611
2398,3.101389854473932,2.5173549947331777,2.975628914866122
2399,2.315161615751166,3.1057845983207506,3.2508703314081053
2400,-1.365121499972124,-0.8580160942166173,-1.497125520735716
2401,-0.8456302974356058,-1.3348985328101854,-2.2340214654152963
2402,-1.428244799669624,-1.8074756906028069,-1.4683440494959257
2403,0.0111420014364238,0.3217994541026059,1.142363106282251
2404,-1.2515523811669678,-1.2842526487440058,1.8721750612107129
2405,1.3581157329588722,-0.1191520618177542,-0.6742408365171395
2406,-0.9319446285088266,-2.384995881394234,0.5614840281116076
2407,-0.1197410163047306,-0.1787075153538148,-0.1192001202534026
2408,3.3241956515088167,2.8686909849455784,3.4998020689423712
2409,-1.3671146864834005,-3.476248379123572,-2.0520395282159463
2410,0.2199280383642814,-1.3885054026656662,-0.9241438006973192
2411,-2.406876542532467,-0.3407983927211597,-1.2072486270916063
2412,-1.3348464015674333,-2.4131353492090395,1.1274720468613453
2413,-0.3596731117365659,-1.0712243137618576,0.9507131352945422
2414,-0.5450005556624504,0.8076679656560043,-0.5573158707467106
2415,-0.3194449596502787,-2.477751954011931,-1.6313581616899795
2416,-0.3316022226570214,-0.1394854287890672,-0.0230589849309467
2417,1.2107313676228952,-0.5071905713904992,0.950692616819134
2418,-0.4707247372619146,0.4993387066081705,1.2111793145714873
2419,2.002834512441062,2.715989048325141,-0.45715104112518
2420,2.073498910759912,0.2042864819838582,-0.379866015861798
2421,-0.12091924497773,-1.4995133194627766,-1.2085706162457828
2422,-0.2328553903933275,-1.3109194604343677,0.2503089930168454
2423,0.1292013389504772,0.9573919424659554,0.3875243925539695
2424,-0.8070108380203573,1.7485874697923114,-0.4377227581700356
2425,0.1151538383520662,-0.8290212833268853,0.3768192461008198
2426,-2.3128438349453444,-1.2604930572347215,-1.1776665214021544
2427,2.6137761643510595,2.1958823004660504,2.6124107415054425
2428,1.3510644785587076,0.1992341075007409,-0.0461085007570615
2429,-0.861731318513814,-1.4683099854717994,-0.8172024489965568
2430,1.8886225775030077,1.9615612281653363,1.835846598964738
2431,1.926686347432676,1.758595656671614,0.9506694738875688
2432,-1.3536133878741865,-0.7744152862845456,-0.4646199317288517
2433,1.5968032013976765,-0.4032707488494998,0.1891898239984771
2434,-1.1394975126938598,-1.5433825861619463,-2.74332438156427
2435,-0.0012484916010931,1.2138686434537915,1.2138909206183583
2436,-1.4679263231931463,0.0535821521052324,1.5270218103549291
2437,0.7145353758355723,0.6224661241603997,0.8077050172692523
2438,0.9957102047841772,0.2814813604381375,0.7145382733826982
2439,-1.8956443919778008,-0.4437443118252969,-0.8246707621892562
2440,0.1152448319960672,-1.2921353050289623,-0.7185392506097499
2441,0.3781710568478717,-0.4471911959279153,-0.8798989794678282
2442,-0.5603549765059128,-1.8514318804599448,-0.5130994916575221
2443,1.6552815599830506,1.4747137004812296,1.317016212432
2444,-0.1181881973397154,-0.1195886162440181,-2.4056676430768205
2445,-0.5950960742506631,-0.8233562397986358,-0.2589365830787566
2446,-0.529725354164997,2.081820603533066,-0.6702315267355623
2447,0.7011551040701497,-0.2514724698627978,-0.2236966469100158
2448,-1.178439066295595,-0.3727177362772803,0.9017535402311568
2449,-1.8730316963096327,-2.987124906364736,-3.261936482288568
2450,-0.3891368653274807,-1.060897968909696,-0.6674712185749678
2451,0.0265948226047156,-0.0387832433058792,-1.87297097593764
2452,-0.1182480414190779,1.3125348964644936,-1.082975774204665
2453,2.663850875231061,-0.2604990429285556,-1.0175455320857096
2454,0.5882491375894906,-0.3262941450456671,-0.0410276006704803
2455,-2.5842234074881647,-1.786224468704386,-2.1429948280705804
2456,-0.9195629157979028,-1.176440869162133,-1.1209170665219932
2457,1.0079351706293718,-0.3819732816382752,-0.0464060403184467
2458,0.8349470816103381,0.031900627811813,1.090194028212402
2459,0.3782192086568325,-0.5264418627740728,0.0331828054917714
2460,0.2003872166100639,-0.6178801869206054,-0.431628929519848
2461,1.0395631441375237,0.7694229212327186,1.5829023935979598
2462,-1.937215068194444,-2.8985914091680844,-3.180262699266677
2463,1.039445997958158,0.1693100941355283,0.0251841774204005
2464,-0.5865886796605865,-0.7339886281524375,-0.8453463578450886
2465,-1.2484157554358937,-1.315764447612659,-0.8121146280671323
2466,0.9505788108566954,1.1265570660102926,0.6784271808945765
2467,-0.1336580054229819,-1.8941241955434136,-0.737306930568924
2468,0.7143738529957891,-1.1956173285562273,0.714323053446178
2469,2.2246274469739906,2.153369516034258,2.658621737579713
2470,-1.9618683442849063,-1.5433939190408057,-2.413317152444633
2471,2.7128921172181326,1.543570690615893,1.314525447891157
2472,-1.4190375597432887,-2.218850369377476,-1.7649837967754658
2473,-1.7772766070685198,-1.272872771226284,-0.793503290157066
2474,1.0901865459764228,2.0345900267042616,2.97505543768271
2475,-0.6531493426589701,-0.628026653391525,-0.6365817917968083
2476,-0.379868851758985,-2.69024254031578,-0.2112092609298818
2477,0.0116919415468768,-0.9882639344218266,-0.5247572838696021
2478,-0.6868046008549592,-2.108152941898904,-0.7735414410694281
2479,-0.9077733325228662,0.2801121769462505,0.6224378884884071
2480,-2.882430376465836,-3.4681861504817286,-1.5628751866750634
2481,-3.0988102480515387,-2.980033009868406,-0.2572080681529971
2482,1.039434903666222,0.9506360717182996,0.4126503251141181
2483,0.2058130269446561,-0.2061740946493364,-0.4023593043003786
2484,1.725026081638423,2.506325846849569,1.1294851603803848
2485,-1.527289067566214,-1.920810244626845,-1.1989371777632205
2486,-0.4863859706144504,-1.216833197322441,-1.400015823213557
2487,2.4303315927123936,2.017192788610772,2.483758662717307
2488,1.994854687411865,0.6784944027602309,1.807439768087419
2489,2.03209498950368,0.957550770398516,1.043928118634963
2490,-1.1323088787099391,-1.9408787902032965,-2.032212627916219
2491,2.60183406264647,2.5907586579302317,3.080128557694001
2492,-1.0698570839694177,-2.5153555790938653,0.9574015487564962
2493,1.292932793966305,2.444335034160481,2.454258341476512
2494,0.9017841186008256,0.3622167948804879,-1.087192224804662
2495,2.579097924147048,1.9670654118909627,1.6777558323037962
2496,-1.1503381339309886,-0.0568907223469385,-1.2534617458035606
2497,1.596607068054611,0.5386277183010592,-0.3617709843703702
2498,1.5968362046044424,0.9574479889831596,0.9574687927902816
2499,-2.6146867682855928,-2.659376474250178,-1.7769395444057945
2500,-0.7949082683461018,-1.3340031160868475,-1.2153224649237804
2501,0.1697153638482061,1.0393505631888174,0.2474137602470126
2502,0.0960277031010327,1.0394178447012026,1.8111338094216685
2503,-0.5836706236652117,-0.7777368692388481,0.4125811647297117
2504,-0.6601306922952156,-0.5464647732656884,-0.1766508043353152
2505,1.2918654753646923,0.9506177005252016,1.1264387268963103
2506,-3.205264896457628,-1.6512866992711628,-1.2057615793939975
2507,1.4734207594336843,1.6622478972513903,2.8965991248328726
2508,-1.0249506922850753,0.834868276770109,1.0901329635123165
2509,-2.689002390145903,-2.387310029998935,-2.946363265665914
2510,-1.5038151224257204,-1.1382120136246816,-0.7887136333401779
2511,-0.997232809441994,-0.5704478794260902,-0.5358039803723175
2512,3.2518357694504734,2.746977515426705,3.286016221746386
2513,1.4531382385797815,0.7011586401280174,1.5967816314446832
2514,0.083045735814409,-0.3532722963024146,-1.0254358145289495
2515,-1.3395363982008126,-0.8577634569783877,-0.840519475882943
2516,-1.5675329146477577,-1.338359500868194,-1.3378201872031472
2517,2.9753787020722524,2.363131679768963,2.0240843886748934
2518,2.95241416257464,2.4264979260615087,2.698013422226674
2519,-0.0452850022447912,-1.937916351735471,-0.8791725388311387
2520,3.101546981429488,2.780079229383859,2.534326636832844
2521,-1.4261208075770502,-1.3093012424854804,-2.855272342915987
2522,-0.6423386112967413,0.4125131674565565,1.372069213398881
2523,0.5615414723749292,1.1689511993573245,-0.3230342003174613
2524,2.326002602272605,1.984384706011,0.923400506496513
2525,-0.1878140871567326,-0.9217852500995164,-0.1795394170746612
2526,1.6093032802300702,1.8182526848947889,0.6820082336905081
2527,-1.348581894915393,1.6000976286444824,2.3067330605032774
2528,0.4695001946556644,-0.506987415652598,0.8351989433278846
2529,1.444403161766324,2.260376165714241,0.8604178861633598
2530,0.9018387404466456,-0.4699576607985873,0.1329162897519881
2531,-0.541478522878561,0.9618089814871688,0.0104038222648614
2532,1.3580688790053477,1.441758424392472,1.2707585094097706
2533,-0.0567664968297373,0.7753967590053127,1.6751469738112603
2534,-0.975349260444043,0.5614724427139628,-0.7097624671253193
2535,-0.1367021965095208,0.2810369260289785,-1.0942523758015956
2536,0.5882977496751234,0.0962571938979313,-1.001155032470866
2537,-0.6213506865021914,-0.1180346629393838,-0.8183974962019049
2538,-1.303506935544073,2.0183614640350607,-1.3997857061259849
2539,-0.0229329475636906,-0.8647515182892432,-0.3287184422238228
2540,-0.0240718858568853,0.010011769966251,-0.6922816786700884
2541,0.6227354110932901,0.7144474630227743,0.362226751345612
2542,-0.5260129920073446,-0.6396024964597475,-0.3663254818035456
2543,0.6785026340090865,-0.9793638151200283,-0.3119270369887548
2544,-1.896041104266198,-3.315194639085994,-2.497164580432268
2545,-2.1552949239380874,-2.915186398390701,-1.920717769718572
2546,-0.971559133502804,-1.5680324024523085,-0.1109706833829823
2547,1.9445203620728075,2.934555529592887,3.410387324851817
2548,-0.5519263949263858,-3.337379576147665,-0.3075467301928503
2549,3.6314903956655376,3.137987567178158,4.004691259682183
2550,1.0906051891475628,0.4695082802977706,2.7447065967501127
2551,0.7145971490742985,0.4458404364829837,-0.6416663034782918
2552,-1.4880617046764046,-1.339155648178484,-1.3390399928932042
2553,-1.6353671497709503,-1.3108908183656387,-1.9805923615327643
2554,1.8187416306465745,1.858603182985123,2.006350282552782
2555,-0.93132761640903,-2.72908545418693,-2.2023685978450267
2556,-1.979742293221352,-2.4146653883603424,-2.4157361066827034
2557,0.3620916455046254,0.9017114949728622,1.0890120853366874
2558,-0.4563015980354283,-1.807477340763145,-0.8748740205281469
2559,-0.0882614670108608,0.2381367566816512,0.0109790857408643
2560,-0.6031600599231938,-0.6273144443141092,-1.0927372669044542
2561,1.089099320000158,0.4457156570067543,0.0018529277306398
2562,-0.3825860111637952,0.281358245510257,0.1312865119685883
2563,-0.3337902695149998,-1.4864842060411485,-0.9889000283021186
2564,-0.4869087742102441,1.7042595128671831,1.3704362052020025
2565,-2.266004093643884,-2.3043575917008674,-2.838208270594893
2566,-0.4315296814915669,-0.4984904543349143,-0.7214760854724411
2567,0.4458933629554852,-0.3349211451682677,-0.1135910523838002
2568,1.8908652824168592,0.9956139692296346,1.1809471250949866
2569,-0.2867673026827633,1.8626181435356064,-0.35537607085373
2570,-0.1879736147526567,-0.5768551407154251,-0.276993598802442
2571,0.2385026271955405,-0.2604998093742442,0.0113250899825061
2572,2.1237050822586743,1.2291289276913775,2.0250597205708547
2573,-0.2675333588268158,0.1581949384738449,-0.8989361609963039
2574,-0.5044509782691977,-1.1675800506774987,-0.6109896908474167
2575,2.668890685364909,1.7842140326523086,3.7219190531620514
2576,0.7753706385362467,2.3756339406175,1.1424063951347407
2577,0.3782858246932895,1.521491470610912,-1.2825827826272391
2578,0.2374744249754283,0.5891283217346296,0.1581222487647422
2579,2.700167117205337,1.9556758285001496,1.837950325382857
2580,1.9986464751836763,2.069331093274448,2.5671017235832747
2581,0.2385696452065479,-1.2063466738053137,0.2386362340079696
2582,-0.232142024027692,0.1583339410639214,-0.2826442954441177
2583,1.832510409499905,1.1808833790582172,1.1809276437143106
2584,-2.312350857078465,-2.125103392743048,-0.3745691240985724
2585,-0.9142618652867964,-0.7265746065065132,0.2057824485749873
2586,2.3774675935972764,2.6153488738985287,2.974753493256595
2587,-0.0878090801076473,-0.7945409850685892,-0.4812898495345048
2588,1.1423685020598984,1.91163152233609,2.156931545223729
2589,0.3220468934286995,0.2378657414861777,-1.5253949592650178
2590,2.222542115780771,0.7011129071129276,0.3876054272134392
2591,0.2472604383253938,-1.5429848617607196,-1.4692354964704946
2592,-1.1348017279830551,-1.4539553537381948,0.7754163800149397
2593,0.2386552418610458,-0.3333334876350686,-0.91177927679465
2594,1.009444530716269,0.3779698812450207,0.7449990197467726
2595,-1.6354952729343593,-0.7607085615378276,-1.31022945767577
2596,-0.3785430384856434,0.032704907838928,-1.2022997180675308
2597,-1.979618059721598,-1.9795852922520236,-1.0391975763583203
2598,-1.8159384065023283,-1.002289835513901,-2.201596502373065
2599,-0.1210335300982458,-2.570279697751047,-2.2015518503196425
2600,1.3182167385241508,2.6924675560453064,1.75452245177948
2601,0.4994519757500316,-0.7290523724747651,-0.8373236551122037
2602,-0.3533984833539573,-0.8769742031644112,-0.3574551078741611
2603,0.5613769838646196,-0.5535920309622581,0.1143371583290347
2604,0.8711161380246114,1.1293903940295285,1.213887266691895
2605,0.5615545059472795,-0.1210294872771927,0.2882756119986093
2606,1.1809953353471665,0.3612497539397099,1.1809297398122314
2607,-1.0455695151908315,-1.4112929814244155,-0.7760877068437502
2608,2.1153394912576324,2.059339522704814,2.471573922203528
2609,0.0263281420711396,0.0262848385445513,-0.2591522060107354
2610,-0.4512448584816234,0.386898274574183,-0.5958844177821736
2611,-1.8075970952562668,-0.6344679364034552,-0.8593754788937098
2612,0.7144175011524939,0.8076079186155658,-0.1643647398456424
2613,1.6629142822422738,2.144591841720496,1.3762773060799716
2614,-0.2814695488083536,0.0111953460563473,0.8688860872570762
2615,-1.8160316930896132,-0.7020099655420273,0.3779658384239676
2616,-1.070208529935689,-0.733886620715711,-2.324317311013787
2617,-0.7851405071641461,-0.110161651235473,-0.611005137941547
2618,1.0394847683332025,-0.8317685761290825,-0.8703985427692913
2619,-1.1211492577221878,-0.7236363704209923,0.1334309434414956
2620,-1.7862769578275233,-0.2127702221738204,-0.600955172620865
2621,-0.9186848392014156,-0.1924235951534006,0.1152392806596958
2622,0.769417612673674,-1.164590653770419,-0.4153774918996861
2623,-1.856247383982516,-3.118196356247129,-3.3985581519995955
2624,0.6227498988289195,-0.7566446107796394,-2.2020487579622805
2625,0.2519027532321472,0.5386197032365589,0.6187109130000238
2626,-0.1710396179750084,-1.1010118754191944,-0.8052988995276862
2627,-0.4187974021439856,-1.807467204063924,-2.3040494831919887
2628,1.2706046311624046,0.6225203761065865,0.4458000249480686
2629,0.1147597839806149,0.3777915143937827,1.008082522405665
2630,-0.1337749865531374,0.7693677480066936,-0.1017112302772132
2631,-0.3485657870589493,-1.1486727496212366,-2.806751060749287
2632,0.6534932046248985,-0.3253016496924265,0.6534691890610307
2633,-0.0559004438594961,-0.5878324223345891,-1.005971159822372
2634,0.3783235979168601,-0.3775375828556774,-1.558743302877575
2635,1.2138473092379891,2.0811371654147632,2.422174741712373
2636,-0.3186395029812154,-0.6377766290303477,-1.4446637024887
2637,-1.2188217622617254,-1.777112359920661,-0.8752172720071192
2638,-2.1551856802464475,-2.2955480416189835,-1.4873059997259994
2639,2.313580282958428,0.5386768989725701,1.886804500883971
2640,-1.7774841787763205,-1.4466480638790291,-1.938064427599117
2641,-3.0390601292793016,-2.611279871033207,-2.996530075406099
2642,-1.7020620964379511,-0.5708463379481512,-0.4922840182998893
2643,-0.9144746138153804,-2.413121988341332,-1.3994342675878884
2644,-1.6409439433778454,-0.0602216646515769,-1.525701905434371
2645,1.971473271703678,2.3335912675017743,-0.1228044997218904
2646,-0.5813412600493103,1.1295032532098082,-1.807518359034411
2647,-0.5026090463481133,-1.2145525449221253,-0.8628280007511591
2648,-1.5275090345480251,-0.3307873626436267,-1.5680775302075456
2649,1.6627759045110484,1.7250074584003194,1.1294733145865277
2650,-1.2379492590665708,-0.1143425959633332,0.0642441146189156
2651,-1.2022435544808685,-2.834670562566784,-3.0017907865645768
2652,2.777495905232976,2.4324975439584016,2.801828431197891
2653,1.1264648521644174,0.7694569198692962,0.9506616005190984
2654,1.376142464406614,0.5380696694352273,0.0238046846621013
2655,-0.9450693904042302,-1.46983387247426,-1.334963070572952
2656,0.5891223741160864,0.4977565296312096,1.9339563070897396
2657,3.1024332643493064,3.0173520349463145,3.414869716205998
2658,-0.5934142105492242,-1.3886344265356976,-0.858016878644583
2659,1.4419946669581398,0.9957311041134468,1.7398136847471322
2660,-0.2567845218907038,-0.5538361690813748,1.5073786460612983
2661,1.0529765311435022,1.2291024393283811,0.681966784307671
2662,0.1699278553268159,-0.922829629637492,-0.7948590597931606
2663,-0.256472903726569,1.3926488277161222,1.7864821008440603
2664,-1.5259954847909156,-1.6017253467040016,-1.3866561491366085
2665,3.497449125823019,2.8156821800775518,3.2063035906145028
2666,-1.0210714275156891,-0.9226831010539835,-0.833955423944773
2667,1.453310208860751,1.3762590364476548,1.5971428986901737
2668,-0.3696246909882126,-0.92268040316516,0.6819193259906356
2669,1.5401718412232486,0.321904671766731,3.148405687940248
2670,0.0961883019238136,-0.3658364680807715,-0.4369005971954076
2671,0.3283884322772803,0.4125706370817188,-1.1088912242859583
2672,1.6410026039986438,1.8022864098364904,1.513534677155083
2673,-1.7392743550949294,-1.568122534662905,-2.387857728055665
2674,0.7144592998110332,1.1807923837484768,0.8076216049019902
2675,-1.4734254175914452,-2.111452092155667,-0.8307717645022628
2676,-1.5631666291101771,1.8181718708613877,1.8728360036823293
2677,-0.4922224061479812,-2.14672814702017,-1.979742293221352
2678,1.4442883116063088,-0.6272406149816936,-0.2584043656395146
2679,-0.5179132917647243,0.0101516922911539,-1.524174777728836
2680,1.1422545775727515,-0.2312806923628923,0.0118232183644127
2681,0.38809531856387,1.1294922324961203,0.7011641799520103
2682,-1.1118071310132625,-1.6815458212303958,0.40858514178398
2683,-2.3875092826012936,-2.6070350974504506,-2.2955828121844943
2684,-0.6583499997679931,-0.5369308484706233,-1.9797180122906604
2685,0.387525423904181,-0.5677936794091177,-0.3776970354010207
2686,-1.5305518065651542,-2.111417577325184,1.6246824867509355
2687,-1.986304370641345,-3.068750098180547,-2.58769223991214
2688,1.9308081160950803,2.5945685997127312,2.1209740829812103
2689,-1.2933023284825818,0.153443802966139,-0.4404269815960873
2690,0.3621411812304902,-0.5690501351573234,-0.6646431740372002
2691,3.10658506112676,2.950378172270641,3.541868646562652
2692,3.035411236649551,2.667184975291936,1.78897053539001
2693,0.4613037684906135,0.8711164326961004,1.1294911127444622
2694,0.8603822174183188,1.2924632549011494,1.645530268043083
2695,0.4086419200805882,-0.2894496280284648,-1.3857993241724575
2696,2.2927629599687176,2.7431507804224995,2.73681587930618
2697,-1.8077481551515369,1.6839631839619318,2.487209057124301
2698,-0.4922174029523559,-0.4340071405352565,-0.177257277479756
2699,-0.0556497889065807,0.7145300122908924,2.254276629343868
2700,-0.0452882908081851,1.836576996047797,1.090176650115935
2701,0.1332836617375865,0.5329516151261409,0.2815468018482253
2702,-0.5441865445437989,-0.4248451219152331,-0.5710981844208468
2703,1.5986925359272486,-1.200298901612507,0.1326986038179139
2704,-0.6105561640283288,-0.6626451376292691,-1.0065453572268783
2705,-0.1357989116590233,-1.721051489599612,-0.7857815102579327
2706,-1.4120066411165264,-2.980040407861068,-1.2080263515475371
2707,0.7448717010539065,-0.8909727490571568,-1.3837660252191932
2708,0.9575327365033904,-0.5520517980590803,-0.0663630818714039
2709,-1.311580585387045,-0.6787843477771572,1.453348044679936
2710,-1.1574644846275306,-2.032212014759668,-2.2186330666958565
2711,-0.9264992754588288,-1.4694021494364555,-1.1637535715498406
2712,-2.5002930610046894,-1.8730219142457756,-3.206194465038289
2713,-2.249022805568041,-3.324782180506698,-2.3873933807162584
2714,-0.7134250216369722,-0.5278664141297742,-0.5445642003585529
2715,2.46987803518524,2.630239006221366,2.743927720120958
2716,-1.0109464012182836,0.0257473022062406,1.7079255202379389
2717,2.161560440479161,1.7252251616963783,2.287503270606769
2718,1.5051473708836665,1.7288729848002649,2.3079617245153146
2719,1.2291961296493503,1.8717096350984268,2.280469346037518
2720,0.7855401783695969,-0.0864387262770316,0.0005320314039247
2721,-0.1198520910712448,-1.3343663723871393,-1.5657505375530048
2722,2.8647900553667367,0.6223779647478463,0.9958541573913884
2723,-0.8126789529461033,-0.1839557981929459,-0.1204319211062229
2724,-0.7799780731510504,0.8709650894193598,1.9805274789320304
2725,1.581882673087556,0.6784657723294286,0.8603851997548607
2726,3.0396786018922484,3.068100210100442,3.368487317742109
2727,1.243522662878201,0.6533734888492366,-0.3842214521874723
2728,-1.5095635224547366,-3.027085622915884,-0.9190682611025174
2729,1.8848986828619116,1.5276156001974353,2.3042546867877958
2730,1.9635597123822195,1.636236990001906,1.452244221395123
2731,0.3178785798633023,0.7009212527764945,0.3169727302390263
2732,-1.6099123156110144,-2.2023165652966386,-1.8291227293730223
2733,-0.4578147038650318,2.0940448392421023,-0.1950356799379889
2734,-0.785829195478527,0.961626260835017,1.8926531007743328
2735,-0.1842280088865626,0.2470898188518322,1.7630725017013793
2736,1.8854431155242557,2.037273308538448,2.329790677937016
2737,-0.4334170632375705,-0.121031569028332,-0.9734764085060436
2738,0.7448945098055195,0.6535304951235672,-0.965361199499615
2739,0.4994817991154505,-1.1127721984746537,-0.6707308727026726
2740,0.7753985984749652,-0.9537134825165318,-0.8727698278202997
2741,1.441564843584488,0.281747749823902,0.3619406648043853
2742,-0.9432178962322926,-1.1159036518436407,-1.5433663622511584
2743,2.358263307397972,1.8006822722706963,0.8077191351052485
2744,-0.3973045921025491,-0.885474373282019,-0.9103912582689524
2745,-0.0335983232744316,-0.8095058654415681,-0.0805077848168673
2746,0.408623985251476,0.8689652457677902,0.3221317542953364
2747,-1.292724244486445,-2.0324341000623845,-1.5254140897494042
2748,-0.1614231130134848,-0.6723423883002378,-1.0352311903455662
2749,-2.846984617921374,-2.9600151228172606,-3.1288281580828303
2750,-0.6959808846813353,-1.0298706388046692,-2.413170421486772
2751,-1.9799417268850947,-2.064461524989304,-1.6355579790272143
2752,0.2474347260729021,1.916294813279568,2.478654092976115
2753,0.922632129133974,2.0048240024431925,2.974427412585387
2754,0.2052556190225571,0.9016933698908408,0.44563236793937
2755,-2.3854667795360003,-2.38508035825206,-1.7772959160645945
2756,-0.3432830594145203,-0.3897309475366164,-1.0317923639716358
2757,-0.3275602349446614,0.7144986324720186,2.6274612177766565
2758,-0.4075544128735705,-0.3247908664056437,1.843454860449528
2759,-0.6602300951155595,-2.293248462458978,-0.8510729412719098
2760,-0.5683967511477719,-1.0784926075000076,-1.503658960919968
2761,-1.7211060627593713,-1.8938330601123008,-2.1466885431720506
2762,-2.51449490260885,-1.5510097745914673,-2.8999322823115428
2763,-0.7782917538075239,-0.9164803383362606,-0.9986782018030064
2764,1.0394963397989851,1.210884540427687,0.0957450670669576
2765,-2.061131793739863,-2.2022149661974164,-0.9934162562224066
2766,-1.4002157590553257,-0.0401517182514919,-0.1577425043486902
2767,0.6819448333031508,-0.3714629036698187,-0.8014605793761863
2768,1.1813797843658256,1.2709845180855892,2.5366913002126554
2769,-0.9271743833286822,0.0620138047811923,-0.6325175758530475
2770,-1.7838968274332512,1.8033396312348235,-2.3880680776470165
2771,-0.7757795596101759,-0.5701831402280987,0.0111354406613298
2772,-1.1667738294836472,-1.979502077023535,-1.1667963423854053
2773,3.142335860665023,2.8412294215368714,3.454452978871522
2774,-0.0555517038538727,1.442109705744031,-0.952570459137946
2775,-2.6396918602635497,-1.3883689108319703,-0.8657201096572544
2776,3.342122864444408,3.0438627482021494,3.8080390353200224
2777,0.7146188498527732,-0.9154423999658068,-0.719553294971054
2778,-0.7623720750484845,-0.3903339905284619,0.5328056897208865
2779,-1.3749275319958332,2.078668381432238,-0.1132463984006675
2780,0.0332864103238336,-0.3234387841258344,-1.0543080899167183
2781,0.4086720260672347,-0.734189089450698,0.1589588395627152
2782,-3.2785484794055653,-1.9410286456643229,-2.588470458206472
2783,1.8863864209754049,-0.0217652592257252,0.4616002964099749
2784,0.6187802197342321,0.2514808131270755,0.4616384563677979
2785,0.0264801815880452,0.0267037375352255,-0.3454969626884309
2786,0.6819561153836863,-0.5140432009049277,-0.1189605599889875
2787,1.2289496407159106,-0.6200586430182505,-0.1191961347358221
2788,-1.0757156118208206,-0.7508483299944413,-0.4459571398866113
2789,0.4085613819676347,-0.7905954452952112,-1.3223275653925564
2790,-0.0035250940578103,-1.0993505175643203,-0.7691823706121522
2791,-3.046644699031076,-1.317866352516592,0.744797301078407
2792,0.3780707707495098,0.834990888895182,1.3189242925490552
2793,-1.303344678299905,-0.9927792890542236,-1.6517397030218215
2794,-2.2340407909560875,-3.0756258625388537,-2.8546473698915653
2795,-0.6828092683787028,-1.940935813762525,-1.681046834429318
2796,1.007743649524558,1.9674101675619224,0.3780887522521042
2797,2.1489871616501346,1.5967546395362924,1.8364940588843135
2798,0.4126678910763499,-1.2162855210398882,-0.5751750801452463
2799,-3.0433243793306413,-4.110750160342197,2.0238572712263267
2800,0.3283428025281893,-1.1636167419492986,-1.4691250307249828
2801,-1.2600184740643676,-0.8238143051190358,-1.1280881542765422
2802,-0.1364952993147451,-1.568146948038689,-1.0375551464404005
2803,-1.0114516090284802,0.2473357721464421,1.0397908753558625
2804,-0.6492415224774474,-1.2843757501527584,-0.9344088616697248
2805,0.378292703523141,0.3782048475910021,0.6536104464354382
2806,1.885294075868618,1.5818052921116164,0.6536786313278262
2807,-0.381488324133742,-0.433847291806355,-0.1210245996875614
2808,1.2105285687380465,0.3283944267737295,-0.5482798323898832
2809,-0.8951435258779499,-0.796179101593333,-2.584361072142938
2810,2.209879004799996,0.7695553966219095,0.9508102401723462
2811,-1.6354330383158864,-2.1474306438499,-1.1659673725526043
2812,0.6535523987659893,0.2002609237076142,-0.9114571199270608
2813,0.9018040315310738,-0.5816850435245744,-0.1616755078631307
2814,2.9026583666361927,2.1356725069646294,3.323415472269458
2815,1.46803164302143,1.0530411578439614,-0.1186784773177712
2816,-1.4000491060893647,-1.2170408872392189,1.446462763382155
2817,1.320252389435303,0.9229829494564024,0.6535534245564056
2818,0.901819813915419,-0.5720437328879303,-0.7675806317820414
2819,1.168977266502025,2.034565166371816,1.1696493402466424
2820,0.7457304686543191,1.5343553651581832,1.5806659406619965
2821,0.2884518065877889,0.0326896416639066,0.3783019959775018
2822,-0.1807174547533089,1.129452687582299,-0.8695052238675114
2823,1.8046998403888392,1.7402897068235248,2.154437469637512
2824,0.2883785530839314,1.3184722206784614,1.850598706272184
2825,1.3575172353525309,-0.0557525593546412,-0.9519617276417556
2826,0.7010886851165334,0.1858702612736611,0.188057313064877
2827,-0.4352799697487254,-0.1070491994351596,-0.0203783878628368
2828,-0.8673834367361901,2.078679231821476,2.192813119910415
2829,-1.556254011239898,-0.7280748776399075,-1.438061836049609
2830,-0.3541074629564452,-1.0373666055943889,-0.6948887929272367
2831,0.412408904971052,-0.3821605555531083,-1.32714266839934
2832,-1.702880131324568,-0.973474960331338,-1.4404586858685795
2833,1.60759824906791,1.4465765483223605,-0.4286238463245312
2834,0.9507200543153194,-0.7201944750649596,-0.7559247158854864
2835,-0.1478935168380599,-0.05564567731262,0.1590802752176101
2836,1.6427977320099396,0.2473442121588556,0.1698482865878782
2837,-0.2333617051805855,-1.620930613152311,-0.7870991394046184
2838,-2.5650048817408315,-3.354170459756037,-2.478144556698849
2839,0.0264780939524659,-1.0505334593015163,-0.7786295422125673
2840,1.0529544575076717,0.2385036695616769,-0.5314089287644799
2841,1.2430937618028968,1.0079231025068252,-0.2667170996417239
2842,-0.9907919498083676,-0.6555135601443975,-0.7500384186060226
2843,2.0453282282206984,1.2925628649416483,1.7003500275411472
2844,-2.324079678438129,-0.4177186260850716,-2.9225236794765728
2845,-0.967659299055918,-1.851242169823113,-1.5249425723618044
2846,0.0985415168488244,-0.583415372358236,-0.5262439933173569
2847,-3.542753768247002,-3.4229647615315053,-3.042953769255114
2848,-1.77575747180236,-0.6201078416614734,-0.94487260478682
2849,3.3236738619074475,3.157237055699057,3.681074448631674
2850,-0.4850007945842031,-1.2170425573476822,-1.2736338247516303
2851,1.1422744438449988,0.8688732109695084,1.79156063129209
2852,-0.8121635865095613,-1.336691623422586,-0.8393121234805333
2853,1.1422372865580177,0.1588673872631567,1.6716288041538216
2854,0.2386672290716148,0.1588338169419979,0.5892248938913878
2855,0.0265966716533715,-0.9254231887877832,0.2473154326112263
2856,-0.3999104919920556,1.2962838977836997,1.526825794880459
2857,2.3025800659469056,2.1594651661171547,1.8157664841660728
2858,0.0265172818546264,-0.2578935705199606,0.0263821820092787
2859,-2.2340930414923017,-0.2635814827726578,0.4121356632970838
2860,1.0437998186686606,1.0437942788446677,1.2962439403297936
2861,0.5892152060178844,0.775417361065421,-0.3745699212020885
2862,-1.0070186151581806,-1.5255476352461783,-2.032139171761428
2863,-1.2558539147710277,-1.2284600421802316,-1.1680224272765325
2864,-0.9546390611860694,-2.7285646355035373,-2.1082197704326155
2865,0.3617502897932211,1.180811988429031,1.088974602173867
2866,-0.7569987149209527,-0.4549986380895927,-0.2589374479563537
2867,2.2052253668600272,2.288212102061648,1.0394510082835484
2868,2.0414956877043733,1.0890287308201765,0.9957854177095724
2869,0.3876572009940532,-0.133653938956434,0.1286728751021389
2870,2.814417146912994,3.114830486659533,3.2250751057517717
2871,0.5615313351519899,-0.3234342585798795,-0.5942478462844336
2872,-0.554712504801684,-2.7415567294207457,-1.721204129430904
2873,-1.8289224903716423,-3.1775855535131696,-3.777267331880107
2874,2.857175456773214,2.250985100133581,2.2923187190139096
2875,-0.2577617587964454,-0.9230318645001042,0.1588967268041146
2876,-1.2617983378902156,1.5615094856565024,2.053283307166419
2877,0.1591018583281998,-0.9640795071651188,-0.6213498280830202
2878,0.8347688354403255,1.3995523847323696,1.883838418927053
2879,1.1809084089333897,0.8078143226108307,0.0644248722396195
2880,1.1423607762873578,0.4084310862005801,-0.1204293151908818
2881,3.107884869383719,3.1877713195549844,3.312522434551585
2882,1.0929925051497216,1.7326087928157752,1.0920753278361837
2883,2.961711536076313,1.2300599445981808,2.5444999526090637
2884,1.60755455774706,0.6818957807790832,1.9641667756124976
2885,2.54731237907648,2.3405265586170727,3.3131142532544606
2886,0.0220330018017528,1.5269681801439348,1.2138312791089887
2887,-1.3040772028733032,-3.205248620873772,-1.828566153725098
2888,2.554617553412516,3.0446123924701167,2.7377572982372644
2889,1.1263379239211944,1.0397688060654524,0.5881398647785956
2890,-0.8742817238870276,1.5172221573489404,-2.6666201172283377
2891,0.1689593117114709,2.405625975955181,2.069156142842725
2892,1.381072710039286,1.4514873087490032,0.4694676107247887
2893,-1.54334154921113,-1.10889134357942,-0.9888972714033032
2894,-0.5473740371353797,-1.0472360687273383,-1.1631525710899184
2895,-0.3788419903894829,-1.469655409455593,-1.543347036710367
2896,-0.0995559254817529,-1.1645059554126294,-1.0710474015581926
2897,-0.5558293674211948,0.2052563279968539,0.0026227505170414
2898,-1.205439396813575,0.6225448511323093,1.441666565983588
2899,0.1588035576662137,-0.4369879397915348,-0.5251364292228172
2900,-0.9507420279786872,0.95731373665278,1.7253640109019863
2901,0.2514897416731917,-1.4683128143180937,-0.4652104600960842
2902,-2.2015814172198818,-0.6691905252548422,-0.3226698938680872
2903,0.8712643577835687,1.4532726087787569,-3.8450960336986473
2904,3.26351724099264,2.536766590347248,3.0805540633240893
2905,-1.2690967763626937,1.6263670759772089,2.034604991176219
2906,1.0529729748355072,-0.6994219480203345,0.4086824497285991
2907,0.3220200371717724,0.0819606020085509,0.3221068294815446
2908,0.5330239921543491,0.6227134637150601,1.442014518238449
2909,-2.265755619204024,-2.587524480279828,-3.0714511754183293
2910,2.745804440390296,1.358379594697144,1.358273433502447
2911,-1.26402532949283,0.3217638603648294,-0.2361456603842626
2912,-0.3370498250817992,-0.248802684665419,-0.1096722740208933
2913,3.071329211610196,2.462647722535789,3.0726820802239803
2914,-2.11147490090728,-1.9380110864974611,1.0080639374969431
2915,1.3923964524797945,2.272240294599936,3.4001699750808267
2916,-0.1290995553570436,1.8918251137132267,1.4533475732055536
2917,0.3285089186735728,-2.585136241056907,-3.391961583776609
2918,-0.6367745658848996,-0.2976461072300994,-1.236018446942067
2919,-1.245291964833257,-0.8406497357639147,-1.4696198600040136
2920,-2.414867179395997,-0.4700200881392298,0.1831079518016567
2921,-1.8966628023035643,-0.1926140301271852,0.561543523955762
2922,-2.2016458609942804,-0.2131549401512196,1.3841476676641475
2923,-1.7218840417660828,-0.7670210474909394,0.0087796931929829
2924,-1.8937305144341352,-2.481713524539899,-1.3111920904959726
2925,-0.0851799863151491,-0.5760305111333871,0.0645859635298307
2926,0.6535559588621405,-0.3203891092177081,-0.3819707171622341
2927,-0.3081630372600235,-0.0600107206309092,0.2046368385863344
2928,2.865684092565883,2.656346873684781,2.893904663196984
2929,1.9891525469242943,1.270531267735175,-1.3339684223237689
2930,-1.445995781855388,-1.77762923760933,-1.6319347765852537
2931,-0.5584642730935223,2.424299935858971,1.8696655042732333
2932,-1.722819596031362,-3.1686247161215007,-2.6310095428657623
2933,-1.5255758404475173,1.611273720121866,2.242894376813869
2934,-1.311458827127798,-2.2267352280735304,-1.551019439816306
2935,1.2290823277935137,0.3221263891755165,0.6819832782188887
2936,-0.6648891315311447,0.1697208215240777,-0.8441450938377434
2937,2.396985032768408,0.5892076028766539,1.7895540151637943
2938,-1.2217712717527154,0.3776113373241627,0.5614618227661219
2939,-1.56316846857983,-2.6326432371798343,-1.4525227747728005
2940,2.696141820347849,2.6006922586180448,2.8683660295559736
2941,-0.1619436542721523,0.0648907608274979,-1.7387670993980835
2942,1.511104678897546,-0.0497778134173405,0.2872886809367523
2943,1.229201648058308,2.686988705571131,1.942337176089311
2944,1.3122961333035943,0.3219802739694501,1.3921515577533867
2945,1.835019808610796,1.9234711952745809,1.3587086820707177
2946,-0.190255918981589,-0.3234326293833357,0.4695677158013123
2947,-0.1871752480445682,-1.043803737642332,-0.1625279107426199
2948,-0.200499279428268,0.128780257004579,-1.06812932391343
2949,2.922502289321134,2.406860227993981,2.063502126575867
2950,0.0114870859432394,-1.523850663176059,1.9544326701052115
2951,1.1808335659076277,1.6707498475525548,1.737963076882777
2952,2.1566828489267067,1.908565371687934,1.4696008332663526
2953,0.2511017771907995,0.5384790565348684,-0.2152618818079811
2954,-0.7224671565152526,-0.9774461012588967,2.1890730923251343
2955,0.6784245564384197,0.328341848180496,0.3282031397079326
2956,-0.1830443791598164,-0.3796347252656834,0.588210367214446
2957,-1.1194977791603131,-1.3393508318848784,-0.2580329443347905
2958,1.699615179817225,-0.0391148194826068,0.3284252939569382
2959,-1.581624491171324,-2.8882623586963896,-2.8533714070254823
2960,1.5979651899487135,-0.2275846252119203,-0.3222653682967166
2961,-0.7134568211398824,-1.1015945541502583,-0.0459277504516205
2962,1.2106045586731338,1.93797031597258,1.370073314491585
2963,-1.1145920202325166,-0.954076881814977,-0.9519479706979124
2964,0.3284643327422715,-0.2591519077770813,-0.03895914151512
2965,0.4994133843151794,-1.469390220090288,-1.0093625419276155
2966,-0.5132072539213332,0.2383658013112194,-2.125582635903188
2967,0.7145590494120901,1.0890155993832016,1.5218530385454616
2968,1.0080266469982746,1.768699961465943,1.7546894745955242
2969,-0.836667895953381,-2.2955635774035734,-0.67840356368807
2970,-0.3004888518262695,0.1694584952018529,-3.4801173046726377
2971,2.284382817407057,2.066462761000708,2.0141273365287744
2972,3.22839907261398,2.48146942128315,2.37458887659224
2973,0.1589255451620043,2.408760826958698,-1.4519741222911042
2974,3.036080803603074,1.9065073730406772,1.7037357658883436
2975,1.2107308904490484,-0.4134111777708856,-0.0996639755346657
2976,1.1296223004913564,1.6642615202898945,1.9773636500891407
2977,2.595779276692393,2.562543163921851,0.8607573953552888
2978,-0.3532697517027286,1.7479979430868189,-1.3171320446746255
2979,1.0081241574284507,1.566658953547116,2.382993345548892
2980,-1.8513039760034384,-2.1253035270412437,-1.5250748915454768
2981,-0.4330003272892861,0.5880222414253834,-0.3164535975686736
2982,-0.95397315978966,-1.038980226668048,-0.5831595010049178
2983,-1.3885115318326369,-2.1463245649488614,-3.0889190166892444
2984,-0.2861727198475386,-0.5384609767491537,-0.3778943891674832
2985,-2.7728714601549544,-2.5656011599493747,-2.1081746426773784
2986,-0.0908710569456861,0.618229714458518,-1.1647640520602025
2987,0.5330211254321926,-1.0906735968514385,-0.0589857287476135
2988,0.2387908414322652,-2.03221324107277,-1.8515237313112607
2989,0.7694456466371679,-1.1643246293508822,-0.6400769862035626
2990,0.3618471726721216,1.5985760175428247,2.761974232951244
2991,-2.705355538427638,-2.023610159038926,-1.7774325272118212
2992,-0.8014573909621219,0.1588427996854678,1.7297083415942809
2993,-1.3035566809175918,-1.0293320288252037,-0.7430373239271993
2994,-1.8079828714792,-1.940899514894715,0.1581918420332631
2995,0.1314178578905912,0.9575246625045924,0.7856218613063424
2996,-1.3530471991151365,0.2379580215470799,1.0531832875324472
2997,-1.303191642924864,-1.2726590778762783,-0.0391121055563536
2998,2.0054815092710605,0.6819250896622135,1.3924757949374735
2999,-1.1590635969121346,-0.6121364151187116,-1.5234647424429577
3000,0.2472781832278181,0.2471184492826344,0.6784379173061273
3001,1.7829403446083378,1.296281186806001,1.0438918740418182
3002,-0.8007675155021243,0.0328870761487682,0.4693750482248567
3003,1.7727643440628946,0.9016474406863986,1.089043156905867
3004,-1.28900954060818,-1.2432169289240649,0.3777492759648698
3005,0.7694118269407828,0.2473277794845098,-0.7299356809117428
3006,-0.6843354458149435,0.1995058816204892,0.0328828824761833
3007,-2.23407013714766,-1.9618420997233377,-2.143000792743664
3008,-0.6143508041412538,1.171178009329614,0.7448715803726811
3009,0.2818668575057574,1.2705365696299158,1.2706979691698213
3010,-0.6771735555497923,-1.6354366922423498,-1.100694808897051
3011,0.6535867325746343,1.6635064817517702,1.2439773897357551
3012,-1.33495937247564,-1.961854506243352,-1.8730065253892192
3013,-1.7772174732680417,-2.111392716992738,-3.3747359194551536
3014,-0.3190093607669609,-0.0455349028924239,0.1153087025346448
3015,0.2471202685079249,0.9506587971227488,0.4992458962949868
3016,0.7145837093876295,1.918420955583987,1.9163140072739
3017,0.3616397514528657,-0.9956232007333063,-0.5488623694818613
3018,0.1891874960937141,0.7010283953298879,0.1300872393149493
3019,1.5398944491996462,0.7754230634213439,0.9616834070255558
3020,-0.2076200847475716,-0.6126144932814055,-0.2315933102303407
3021,0.5892082160332047,1.6130034347518,3.312052020845776
3022,-2.0786526145519857,-1.764668143783091,-1.6805820617637774
3023,-1.721088853944415,-1.9795372018650212,-2.6977084331744385
3024,-1.8517525613360364,-0.1786997282656191,0.2384188393528675
3025,-2.8962932072912246,-2.065673449889184,0.5372852244644113
3026,1.5219439105553243,1.35766396220699,0.3617141937540253
3027,-0.9369088848744856,-0.8757560841698805,-0.8591920278427307
3028,1.9938849375275325,0.5385084647494687,1.2138741832777842
3029,-1.3168315110082254,-1.444098310947394,-1.1385837721397285
3030,2.2446801954049245,1.4532379554116528,2.3401311270643674
3031,-0.3444916766868898,-0.3625857212501089,0.4994010970886269
3032,-2.385137802515381,0.1142313812349142,-1.938113665539107
3033,1.12953743510253,1.453402971445482,2.099712195262756
3034,-1.163609226461213,1.2969520292770824,-1.7861349986081292
3035,0.0266056783097281,-0.4166735557140617,-0.6051019922889046
3036,1.0890929700564564,0.4458058508672897,0.0659628224391044
3037,-0.8555636638603945,-1.487626456108134,-1.336419747192264
3038,2.0197008709399538,2.455511045129372,2.6554831326162804
3039,-1.11602604693532,-0.8905643270580667,0.9508874230420504
3040,1.724660924729278,0.7012110327187583,2.067941540401009
3041,-0.6812466122680088,-0.3510500946447286,0.5321776926188059
3042,0.3220161742855021,-1.0154909057994828,-0.589080993019075
3043,-0.5400404715788663,-1.0494475309198827,0.4122772348127275
3044,-0.038444151641066,-0.3004912675188683,-0.7013063237507309
3045,0.7753933253286279,-0.3589474893900716,0.4978591720378211
3046,-0.340214439742772,-0.1719757946961266,-0.5879611305992325
3047,-1.3534493071811804,-1.851557822815488,-1.2084041819273292
3048,-0.8014113128224291,-1.6207713563809736,-1.7861904700678084
3049,-0.1914732908434724,1.0085454555865507,0.1148858355206137
3050,-2.2025135985011985,-2.202421123592926,-2.1080784687727747
3051,-0.1200676579102326,-1.701713264555542,-0.2569791203667669
3052,-1.9863637241954668,2.047283702387545,0.681868801890846
3053,0.0033486168970439,-0.654843238107899,0.2055022804278901
3054,1.4448200924148806,0.0960605982730898,0.4125610339580539
3055,-0.5316793601759376,0.065508986414271,-1.196512732268063
3056,-1.020880440880283,-2.4772074776283515,-2.295440277525876
3057,-1.7210828426460396,-2.651867686188239,-3.1741292890264337
3058,-1.0603466767359493,-0.9046354929763968,-1.2217288523019645
3059,-1.563311456687487,-1.8516149690060268,-2.032229305774402
3060,0.4695687415917288,0.3781013030995526,-0.323425569531646
3061,-1.5059808650031503,-1.7018519013584783,-2.585351685048693
3062,1.170905269760062,0.7457821202188184,1.9384951873028355
3063,-0.436575993891561,0.8710210180679684,1.1294837459572376
3064,0.8614898572099776,2.004583784972288,0.8605824514937415
3065,-1.086474200221167,1.39449025946962,0.3219500760093211
3066,0.1698048637678283,1.211425894156771,-0.2587322632022716
3067,-2.249126870664817,-1.2039670729739944,-2.202269218143603
3068,-1.384918831365444,-1.9408607634007016,-2.8021388383178047
3069,-0.3609969413031153,-0.2818949731953081,1.0438223315704187
3070,-1.6094728748469025,0.995654041689886,1.6717930878177498
3071,1.5218839868147636,0.9957169246275116,1.7390677204870648
3072,2.766064336494211,1.8059958805000516,2.8039526627122298
3073,-1.2739920545154562,-2.9131024477086487,-3.34919173473243
3074,-1.3493369611387576,-1.1014420957931064,0.5379198879173782
3075,3.269085443439237,2.23630686809421,1.820679190629103
3076,-2.5425203219817285,-1.872959881645704,0.860324360089406
3077,1.8329549055590029,-0.6392922259831737,-1.270195999380561
3078,-1.7837537995751227,-0.3387681938273243,-0.5624080323957216
3079,-0.4651638848536034,1.2706371823301166,1.357972581800866
3080,-0.9649024901616206,-1.2432101707754386,-0.7679975545173803
3081,0.0031504431686154,1.0889566620416624,0.3619320029879772
3082,0.7010147225727993,-0.5875552334746408,1.2138346972982608
3083,1.8676191035869385,2.219247990225811,2.746756005320968
3084,-3.542969212238788,-0.3111802897420302,-3.625808500721778
3085,-1.171577596797711,-1.85610437673034,-2.3851701450838063
3086,0.2818286037187019,0.0022721473148098,2.6057397249225205
3087,0.6785135493608297,0.026494973977293,-0.8963348500329742
3088,0.3282269387535369,-0.163878393373345,-0.1034805014306908
3089,2.2324143280294018,2.4666562298814587,2.9461625494521786
3090,1.2922466179747465,-1.3987400989343974,-1.399044058674747
3091,0.5882793188352945,-1.0715517743141574,-0.6013685841123021
3092,-1.986399287275416,-1.764828668168102,-1.208061427415407
3093,-2.0236601210662686,2.275994716064205,-3.2363126229466004
3094,-0.5146044214467203,0.8604526602074383,-0.8889733698064287
3095,-2.688714854831113,-2.6482707687481897,-2.877565139707774
3096,-1.052295137238719,-1.0683806861935892,-0.8214218908889483
3097,-1.2398372267938682,-2.64831786930147,-2.387387215722373
3098,-1.0674039507329385,-1.3394419504944963,-1.2715017450853727
3099,0.9226662819207808,0.6537119996866674,-1.100875957793224
3100,1.5220299738699568,0.2812084053338857,1.2706310173362318
3101,1.4749829778973351,0.2003107047131188,1.4474783991202642
3102,2.2087748280783943,1.2962594989844118,-1.3111760603669722
3103,2.6443671811031577,2.31194308816565,2.6408964224373457
3104,-0.1548026001220366,0.1023363161029861,-1.894520469761795
3105,2.344940865622458,1.3510960970397794,2.4048108215759
3106,-2.218718418087734,0.4975659605752071,-2.3124769220653185
3107,2.662554069665865,1.4531298699094946,2.272346783636741
3108,0.1316543155037587,-0.0005905367706522,-0.1668658162147885
3109,-1.34922404302418,-2.303748211061655,-1.310813260829739
3110,0.1152158383316491,0.0317742142281379,1.5073289253964064
3111,0.3173820584043696,-0.8256302893186005,-0.739312995131608
3112,2.034777437296253,1.5807604794935726,2.4478587244314576
3113,-0.2063825639175527,-1.4878972226395568,-2.108106334545134
3114,-0.7087598702772088,-1.038867550338608,-2.919264911745165
3115,1.5967203397749752,1.1294664192736856,-1.9804601129685095
3116,-0.4824062490515099,-0.949846964219283,-0.191007581994401
3117,2.244099392261022,2.0800989168273074,2.4931328246075437
3118,-0.9768454924591876,-1.1492919616070312,-0.7097232122216559
3119,2.2926039162124323,1.0437536141791883,1.1295625411133912
3120,1.915275575703935,1.3575963938740123,0.8076069322165442
3121,-1.2748275657163746,-0.9247146766318002,-0.4358548541622803
3122,-1.6670893382445835,-1.777592429835563,-2.111348185620541
3123,0.868906260107599,2.7008622309531725,3.3131179321937654
3124,-0.3028774648094019,0.0263284999515246,0.6784296264105409
3125,1.0088787771312866,1.657997021765593,2.087786552251912
3126,2.838043063119552,3.0062425495176623,2.6125144792570296
3127,2.355333209104379,2.51575522757945,3.1400627041198
3128,-0.2564654105602665,-1.067534088480999,0.2005125440627098
3129,-0.6288912558293485,0.2469465772277251,0.2471057147056005
3130,0.7144459834242419,1.2705502559163402,1.5981749230406763
3131,-1.7019779945474698,-0.1572420086302298,0.6784501448859491
3132,-1.3883829371948455,-2.1465659598326345,-2.6474058883706864
3133,-1.2931754565112497,-0.4546273920192621,0.2000858755900765
3134,-0.1567745273772882,-0.8925676818067174,-0.5673638039214526
3135,0.5388597426314827,-0.001760306510304,0.4611313562024107
3136,-1.527522227634939,-2.0141784605135564,-1.336686321527845
3137,-0.7225420030734538,-0.4962730783041076,-0.756926276173865
3138,-0.5863314595969595,0.1151708544048568,-0.6572022333389362
3139,0.5382092847867064,-1.468193884905141,-0.9196946148194952
3140,1.0394572115435554,-0.3028781507468066,-0.383169867708981
3141,2.7800997451921883,2.705611431035657,2.4931465822672463
3142,0.5615907103149191,-0.1917478406314064,0.9229171781885236
3143,0.412622977088029,0.2473587361378146,-0.3053948849077786
3144,-0.708950493670081,0.1145773441380174,-0.4912969254424736
3145,-0.099624698162409,1.5851051473678015,0.3283822290172732
3146,-0.1206317488261433,0.3219353295942732,-0.1775116761327017
3147,0.588250091937184,0.3284722657574729,0.0955864067629289
3148,-0.8209132289969793,-2.413031802484305,-1.7019401785201185
3149,-0.4551173276243458,-0.8443508159916424,0.4695557080193785
3150,0.834731906985333,-0.6123366646585406,-0.2575856943762629
3151,2.937412130826173,2.2254401211148203,3.079373020328714
3152,-1.893805714598123,0.3801687144445828,-0.0279549222532147
3153,-1.0665401128592624,0.3219749088496303,-0.3140541288381565
3154,-2.5234500722965065,-1.9380970115299927,-1.7770558811071433
3155,0.5384218018645593,1.5271016073941452,2.303042594775281
3156,-0.2333624805880864,-0.6100235036970663,-0.3785137544296822
3157,1.0891308847688483,0.9957964530486264,1.0890027761959211
3158,-0.3475267741583758,-1.6012443867055188,-2.218761339046293
3159,0.0331115733984404,1.4500617014325792,-0.193275182220898
3160,1.810077113502967,1.1295103842598415,0.3877851473545687
3161,1.6707592183432598,1.0889343447637994,0.8077212312031694
3162,-0.8712087786796074,-1.310947631028714,-0.6771928270651717
3163,1.1809191360227491,0.8077447814798095,0.4458755769481274
3164,-0.2702596337157078,-1.2373396360300617,-0.1563972148846564
3165,2.1942534700158665,2.057494014029309,2.609641654112956
3166,0.681936310427094,-0.4454317186532226,-0.2315982154827475
3167,-1.5628822471018955,-0.3820585861045249,-0.0561372449194325
3168,0.9958137150315038,0.901764513920272,0.5330188752094247
3169,0.58828611856261,1.292444287240743,-0.9238286527322952
3170,-0.2306445880800997,-1.3881908113840302,-1.2376734398927791
3171,0.011266226953625,1.4717055544427835,0.6818336067048275
3172,1.0529554385581532,1.6129537690711817,2.473476067223713
3173,0.785560098162252,-0.5482933221514273,-0.2162079835576519
3174,0.4618265451792144,-1.3110360324754085,-1.7211113668461728
3175,-0.1922386511753747,1.008257389501365,0.8351505501564729
3176,1.923885333373419,1.0532989288579366,0.157725291213725
3177,-2.5232883594543827,-2.920189842376839,-2.835969070111416
3178,1.6714827420255862,-0.2619001525238505,0.7143385892307678
3179,-1.7862066939785963,-2.4999027327980863,-2.743389277207421
3180,0.2006025722569071,0.8349744762485187,0.9232171917150308
3181,-1.1502045897240918,-1.2860888135894637,-0.6381458230693531
3182,3.151468996650648,2.1363221810537376,2.455514109712858
3183,1.5141880474446807,0.4124318093156937,0.6784588533086515
3184,-0.0559745744864933,-0.5337678953047187,-0.9226819360565368
3185,-0.2768106818572835,-1.6354553154804534,-1.894067147143147
3186,1.6427798379906882,0.4994345589046269,0.8603619375298339
3187,-1.874830363934956,-2.3876520638596666,-1.7393702823997776
3188,1.5978180931946209,0.0029128751292625,-0.6086797022481805
3189,2.640180017113336,0.7010482561882453,-0.3797640380276258
3190,-0.3767548745976145,-1.5659800732438405,-1.9382367603890815
3191,2.019426365895254,2.114588718302335,3.140854782534125
3192,1.0395046903413023,2.4388866631788284,-1.328515139675919
3193,-3.377652050086965,-2.84695129154155,-3.240265122276105
3194,0.96165728655649,0.8689741978534326,1.7853400354524562
3195,-0.7799757747134364,-1.2371886463591075,-0.8717362406448832
3196,2.7793599848651205,2.619248117994776,3.590087655303157
3197,-1.0722936060384622,0.6819019123445916,-2.125222835639152
3198,-1.454025866741542,-1.9408066829929167,-1.940827652946956
3199,0.4458165471316799,-0.4321381975622621,-0.2608393728510533
3200,-2.722275077342177,-3.553053957348267,-3.4655214379407178
3201,0.2060597191749585,-1.7390049448621614,-1.149292208206787
3202,-0.5611239574357054,1.5579384075137523,0.5615248787064275
3203,1.314940967340115,0.6536004902343373,1.3803906197529552
3204,0.6537661855569015,0.1150159600519719,0.3780258773336367
3205,1.608118907036458,0.5891630877110625,0.6819117841650602
3206,-1.0035553362132428,-1.62065790829892,-1.8729277917045133
3207,3.0393138808540203,3.0696483633648066,3.723102944593721
3208,2.112586544085075,1.614465010796898,1.5042272972207174
3209,3.032793793965304,2.893084111754286,3.490047198091561
3210,-2.501367656507464,1.5879776146314906,2.1089972959993277
3211,-1.873036706635023,-2.4998953366034624,-2.324247166458321
3212,-0.4998239286806247,-1.31136465011992,-1.7211500277455272
3213,0.4460272666226642,-0.6031622793209923,-0.4021496328583548
3214,0.7011692483016208,1.129479325884903,2.611651337973356
3215,-2.1082214966309034,-2.4772074776283515,-0.5686091531447398
3216,-0.1827898665593313,-2.1430623481698885,-0.0387894465658863
3217,0.4976581793204541,1.3124984749653734,0.9616613333897254
3218,0.159285117406404,2.0238799019966804,-0.072283975033794
3219,-1.2028308361408049,-1.5647461077134552,-1.3366311969454503
3220,-2.6324112187409945,-2.124988609836729,-2.718924910176413
3221,1.5220457562543022,0.1324388109756062,1.521706804890513
3222,-1.1777277493011606,1.600896397941206,-1.568175060410804
3223,1.469431234164389,-0.24415385283223,-0.1924401680182997
3224,-1.051968322317393,-1.0316590599056397,-0.4819742404346498
3225,-1.4685110367280385,-1.046157400630003,-3.4610268574622123
3226,-1.8966414417266573,-1.8559408536698336,-1.1008740872342295
3227,-2.201425979801482,1.9950034470397109,0.8350135769655695
3228,-1.353045604908104,-1.524938035003328,-0.9623467267524308
3229,2.374592065006304,2.4682845933390176,2.6254689919865
3230,1.4533467481253846,0.2507531218850373,0.1216950837102212
3231,0.8603910451344827,0.0946964477154628,0.2473055014305419
3232,-0.7446403609808928,0.0737480249207861,0.7010880957735555
3233,-2.7481845812579966,-1.3906484755074917,-1.385202131802233
3234,0.412647104190653,2.087755902213353,0.5882373275367847
3235,0.1697617391814325,0.0959709492366405,-0.4143002719407546
3236,-1.4182375311423885,-1.0788534443641495,-0.6555986513852567
3237,-0.52860355006062,-1.3884784107572754,-1.237628296220667
3238,0.7855876794136206,0.7011729611623819,1.1295143917920916
3239,0.5882831362260682,0.1697821980101099,-0.4208255348243188
3240,-2.569359141363196,-1.8553025706683468,-0.3802042155541762
3241,2.08956749272236,2.265612194334111,1.9029481414938287
3242,0.6535618722421883,-1.6309348119510465,-0.1200077698520953
3243,2.214712340712763,1.3765653769275992,2.163017060583491
3244,0.6784576007273039,-0.5636154840621406,-0.2631021914670102
3245,0.5882472885408346,0.6784422715174786,1.1265543222606742
3246,1.5444072664708823,1.248014780133704,0.6536052571427431
3247,-1.5434076377888983,-1.7020576825798692,-1.9618679864045212
3248,-1.41146461485417,-1.4872095792216402,-1.3374188461012433
3249,-0.7068682035535804,-0.995121493530957,-0.2914561196068577
3250,2.5347143851821445,0.5882187177567633,0.0263713263042662
3251,2.7008300702010266,2.7672448095232824,2.944842500961553
3252,-2.729296296977792,0.2808444549198934,-0.7046655745384001
3253,2.8674466745315974,1.3578918203809744,2.1082671335728067
3254,-1.026822929445779,-1.0158579516223951,1.6460179397144137
3255,-1.2452892210836384,-1.543467284519736,-1.0710474015581926
3256,-0.9260161587487225,-1.264465698527647,-1.1122781578756218
3257,0.0833213803418414,2.414120551000945,-1.0513959431569049
3258,-0.5594471319242684,-0.2581999459529092,-0.4721143569736095
3259,-1.8156315141459696,-1.3295189696038658,-1.7771041535973295
3260,-0.0383899924094652,-0.1566214738659583,-0.3013222359495359
3261,0.0987484756935389,0.0004910805814757,0.7145202099506156
3262,-1.134801883455381,0.5882332715590877,-1.0536161216446782
3263,-2.065295327434524,-2.730979201652289,-2.550894139350912
3264,0.7012417374879101,-0.4130946248177392,-0.3683594263238976
3265,-1.0697776405359884,-1.550920312327413,-0.9788930561383884
3266,1.441472738575848,0.4458278290704892,1.9717820601543328
3267,0.7011891680942759,0.7853713905407087,-1.8941241955434136
3268,-0.0565281464103251,-0.5585422729802244,-0.5136286896306599
3269,0.744914723910785,1.008281163702781,1.315242187678877
3270,1.7830433617608854,1.2138583888859749,0.3863946515323658
3271,0.8603294300615273,0.8604381660518446,0.6785259558808441
3272,-0.0230897316937416,-0.9227104478361512,-2.0320337088346823
3273,-0.3723707432589999,-0.3311432311197948,-0.7579308176776955
3274,0.4695461742025668,-0.437724115833822,-0.1215685401410408
3275,-2.052055752126734,-3.575657290846392,-2.7448916590637653
3276,1.1262749369734295,-0.2596224310132956,0.7694651511181518
3277,2.225458253720995,0.5877942119733903,2.688831278429439
3278,-1.525401703987077,-0.6725572295329177,-0.4143419836365526
3279,-0.8959960728582945,-0.7047843330015962,-1.8075930877240167
3280,0.6784474607830615,2.483363083082301,1.2929201488593671
3281,-2.7046880923705925,-3.1051595834328287,-2.817947452167808
3282,-0.1396570454642497,-0.7848773402611439,-0.5943558389002342
3283,-0.14243844964874,-0.7418711561960463,0.7010436003787194
3284,1.5136395361078958,-0.210062678120898,0.2472981648826488
3285,-1.1341059588722515,-1.237700903275552,-1.6355577432900232
3286,0.4994133246684487,-0.2093078189187796,0.6784749579259777
3287,1.0909118401414706,2.2180100422149853,0.6537504366569782
3288,1.2288483472537108,0.2385415932943467,0.3221426071662864
3289,2.8939039559854103,2.33027778394723,1.93434043401198
3290,-1.1310727551034356,-0.7284076363327796,-0.1785009735696627
3291,-2.54803228984993,-2.547507538862353,-2.1466347950924605
3292,-0.8171827649410928,-1.9798104212696048,-0.9222467056512604
3293,-0.0454267121737941,-0.8816531414205824,-1.282581093090083
3294,-0.9439139735811704,-1.5434076377888983,-4.084750250502816
3295,1.2110055039978258,0.0962129658470151,1.6460458543844454
3296,1.357788618383342,0.4457417657558566,0.9017857214992356
3297,-0.6998316694223748,-0.1202706437314655,0.0327706791068067
3298,-0.2966166510380517,-0.0586911961647647,0.3620454388754585
3299,-0.3646263510985947,1.4534235984497108,-1.6353705679602226
3300,-0.5612064056924163,1.0529466091038209,1.2291993180634146
3301,2.7036977787565046,2.4615715895249872,2.3951062972528754
3302,-3.1865948630510483,-2.6751234588102437,0.8689111653600057
3303,-0.3862678996366765,-0.3466234132606182,-0.8024360276084682
3304,-1.7211198533850556,-0.7783055767138929,-1.237010193305381
3305,-0.794503036777317,-2.0141158241756862,-1.2043591665850713
3306,2.3993973428257265,2.349412571755691,2.9230007617561444
3307,-2.6680951272178186,-1.635535112519669,-2.984374287142661
3308,-0.469316312356567,-0.6492656195298956,-1.8515218918416083
3309,-1.8291226060731447,-2.202261080351675,0.0651590613613667
3310,-2.186960234753704,-2.1464990104703383,-1.1658816820836089
3311,-1.937106393349308,-0.575580609242628,0.6182044316447635
3312,-1.2627186928829792,-0.1200621877060633,0.0821825340221293
3313,2.787470264325864,2.067958984953157,1.7842167436300072
3314,0.3221845470743642,0.2385444138144806,0.083016334957796
3315,-0.4849083651199875,-0.5543839460914703,-0.0643372153846606
3316,2.117494296923854,2.109586539518915,2.120968932466184
3317,0.1334976486753298,-0.621142977185677,-1.089661921354934
3318,1.2963041711821413,3.112613614113633,3.6343184057062494
3319,-0.2497210838044456,-0.5727109085261491,-2.477202545633244
3320,-1.291424371929745,-0.7134253233400359,-0.7686080808370102
3321,0.995772532872353,-0.1091333919054183,0.0027241646664472
3322,-2.078618645679069,-1.681547538068738,-1.851594121683298
3323,-0.440979211017104,-0.3404017026609677,-1.1661869617461929
3324,-0.2974702472854756,-0.977785209208416,-0.7361965494641464
3325,1.2138599211777177,0.1300830844469546,-0.290776371873191
3326,-0.833076449996164,-1.543382705455408,-1.7020390727998478
3327,-0.258934972617024,-0.667176643305507,-0.7243800054613131
3328,-0.0452937818039438,1.6935865185615009,-0.1214234209674185
3329,2.436873191319929,2.1859135067516857,2.7626403017155723
3330,1.9323657814300212,2.694440589357079,1.2963009887300605
3331,-1.721092507870878,-2.3035376977499267,-3.2403688466402265
3332,-0.8916367028503118,-0.0722840929023896,-0.6932927342743208
3333,-0.1129273907920958,1.5225473401567735,0.7145061537645581
3334,-0.953712194887775,-1.3543582504521532,-1.4536779617145923
3335,-0.9380521765791912,-1.3536034547380629,-1.385780806844622
3336,-0.4811889375302393,-0.9456719972243036,-1.0148150985425155
3337,0.2474477290602247,-1.2734486812991097,0.4126739153961646
3338,0.5328810875960982,-0.4371197592209788,-0.7003128422559385
3339,1.7391003949546546,0.2812168822004773,-0.3387627686327057
3340,-0.5837760861504389,-1.0434734172699818,-0.5384607917993371
3341,0.1153304251552286,-1.6312172060186356,-0.6377758144320758
3342,2.866205044763188,2.863180252163524,3.140616073970904
3343,-0.3223145781700104,-0.1254347743909732,0.653605498505194
3344,-1.6354026282182237,-2.147012681809929,-2.1479796757681693
3345,0.2202425117773218,-0.8238659143111786,-1.4683940257804566
3346,-0.6580693794078426,-1.0915807140516556,-2.477265675170625
3347,-0.3036927335215281,-1.2376328641808745,-2.0323406550040355
3348,0.589186632922615,-0.3538057118438223,0.3219734066160807
3349,1.5268730601872915,0.9575858363057048,0.2518521581374892
3350,2.1191507304420583,0.315799495705649,2.4603005176426715
3351,-1.2025928958370609,-1.269753969319017,-2.565165171581838
3352,1.832156684121446,0.1153067112944247,0.4695493722550416
3353,2.850150644801492,0.4965688453922228,3.2299476607987945
3354,-0.8435710676064359,-0.5169362881166077,-1.1102167255516804
3355,-0.3415241325342452,-0.9121627065281056,-0.6484252619450894
3356,0.901775487609387,-0.8005748159546311,-0.7587779452635539
3357,0.5882865957364567,1.2120583880905755,3.078045284100264
3358,-0.0066926460010779,0.1694103602900667,-1.0224312599476495
3359,-0.4115481121331654,-0.4428424255812815,-0.8701136699828097
3360,2.4855361327801857,2.718623388961404,0.9507236927659004
3361,3.151463810432442,2.088343769217875,2.952187619133911
3362,-0.191345368744479,-0.2590289513219114,1.5658139436064065
3363,0.9226054585831462,-0.338318085308686,1.3148381469360182
3364,-0.3517735884030115,0.1585593374120121,0.1588368827247521
3365,2.4428073054137176,1.8828041808248133,1.8604195030381168
3366,-0.7872878450019154,-0.5016114894423984,0.1147561333735446
3367,0.6536234196671757,-0.8659516692189406,-1.2485370400674864
3368,-1.3040371949812215,-3.421460470979775,-2.665568426070205
3369,1.7804379316240486,0.7693795580593995,1.4459905998608424
3370,-0.7704595721981022,-0.5580535555271053,-1.139785696804752
3371,1.0081066586507583,0.8348782933118226,1.0081071413756602
3372,-2.014262057830635,-2.980040407861068,-2.387532462978301
3373,0.1698396378119067,-0.5673644600354918,-2.1432276889077717
3374,-1.7020035233482684,-1.0896126851183958,-2.05208676842677
3375,0.4993891080957284,-1.0283884175433489,-1.7861091119269457
3376,-1.1906006843934176,-0.0404138358101588,-0.0394549251418442
3377,2.790443146043894,2.263277502417484,2.5719732326391065
3378,-1.0715527286618507,-0.1592090683431657,-2.5000034164797404
3379,-2.730932732954587,-1.567521324459254,-1.920465868068437
3380,-0.2808685145305921,0.2513038923650914,-0.7147184750410122
3381,2.387381582453852,2.196998340955572,2.2469178128236496
3382,3.2898182967750533,2.841233613732713,3.454333377990156
3383,0.3180353450954402,0.1298804683311314,-0.7935759247472631
3384,1.0902828495943444,0.7449995024716745,1.7385200006015271
3385,-0.5155781770143134,1.3135540852833083,-0.9830061169983298
3386,0.4614635688390878,-0.9662311401254766,0.3176167053110451
3387,-1.2265857889020493,-0.8352817425791346,-1.0322844903566146
3388,2.0125891513562943,2.8076319233391254,0.701069177863963
3389,0.0830897911125872,-0.6988205640752657,-1.3857819105264135
3390,0.8347221318060702,1.2441255862806269,1.3822131476199353
3391,-0.4438480098164767,1.5874101356342991,-0.6396440702311414
3392,-0.5164861026463504,0.714507386763335,2.1112189326448743
3393,3.04240564666388,1.8627916957180184,2.119214542404927
3394,1.7873867520191773,1.3130440616643153,1.3128873388499194
3395,0.0638547027801789,0.9956994776948176,1.357701198770055
3396,-1.2378337411827849,-1.1012727186212403,-0.7638375012764219
3397,1.9541328107152505,1.4533851732875476,1.663278849808441
3398,0.3179879913871609,-0.5414083817456874,-0.1952683623463323
3399,-1.0725122059741083,-1.9618486608637296,-1.9618381630391024
3400,-0.2047411614522162,-0.8751633457321785,-0.4707233226937913
3401,-0.8221389165148867,-1.1989299030704366,-1.032454230500073
3402,-0.5480935529675982,-0.7679938133993907,-0.5358035881583347
3403,-0.8139183900035525,-1.1139660089570178,-3.038801626188072
3404,2.419991108110429,1.4533756259313046,2.677893960170634
3405,1.7247714854719436,0.9575063339379776,0.9575178850603456
3406,0.114978096317482,0.5611808768732383,0.0325491988877711
3407,0.8688880493580389,2.862311010780472,1.8938661696945245
3408,1.3217944541343014,2.701986408385124,3.6898672314865215
3409,1.5394078481608957,2.0973388600470946,-1.0170137414091616
3410,-1.0157558690356323,-1.4458094500432694,-1.340949774598734
3411,-1.3523636521922542,2.3750717986916854,-0.0565165129039577
3412,-0.6375852440228115,1.7652597473212033,-1.0654697164640836
3413,-1.4171570721307958,0.0327552620802535,-0.5000235055371105
3414,-0.9756083630351172,-1.2921355463914133,-1.56370004285112
3415,0.3873627357751146,-0.6813925440604246,0.1882222701644084
3416,0.7694092621313567,1.582523040389831,1.1267389885393482
3417,-2.6154740926005298,-2.748737783995531,-2.8347306393756893
3418,-3.2134454616204926,0.4682431790112156,-0.8157704244301591
3419,1.7246833197624405,0.8711167863018872,1.836351437883647
3420,-1.7211334082735483,-2.226486053862448,-2.869746370717535
3421,0.995764395080425,0.807688433435702,-0.372654144365358
3422,0.7853925479536176,1.9982393570545005,2.2206015272229385
3423,0.9505874596326668,-0.2361464321032121,0.4993788488580244
3424,2.2063679596359567,1.21088477901461,0.860366351387916
3425,-0.9921439838671768,0.7448206528955346,0.7451448630077477
3426,1.6700749040220413,-0.4060629243767041,0.807783251041651
3427,-2.635359030174837,-1.9407570173122983,-2.4064463518963937
3428,-1.022027672323075,-1.328358136896113,-1.236140604247056
3429,-1.777325965689735,1.6727719035181106,-1.183636788933578
3430,0.3623214148267139,2.4526131136110294,-1.268041210717927
3431,-1.20207476665198,-1.1011877353638182,-0.8761788258813541
3432,-0.0838177117839936,0.3877747159838588,0.8710836652265257
3433,0.4126439130905531,-0.2630993880706609,0.0962416857479135
3434,-0.1202720315655584,-3.985012187586032,-0.4985353853458952
3435,-1.640934132873032,1.0530791735501135,1.6765985606297311
3436,1.8624516703486371,1.0437592718717768,2.0814404413112224
3437,-0.4036878060668958,-0.9946959466401916,-1.4463376193818056
3438,-0.7612897603841583,-0.8925680993338333,-0.8894688551994988
3439,-0.1257156069118853,-0.4324515359945937,-1.311124316053507
3440,0.7855624555341639,-0.9497454490029538,-0.1698854486869682
3441,0.744941575483451,1.0108409331761303,0.8351510328813747
3442,-0.8787688241428591,-2.2955103118564084,-1.9209345309035637
3443,1.933083117065609,1.612642844973594,0.2865079337486032
3444,-0.5707324381687238,-2.3041560364024045,-0.5732586568437567
3445,1.5197969874257486,0.0229317975705017,0.8606147800218555
3446,-1.2739858074798898,-0.3844753636620472,-0.6897859078182574
3447,2.3316053806403567,2.1411005347048797,1.918015545586119
3448,-0.4150102416517301,-2.108261938990788,-1.3387784738526087
3449,0.0111357472396052,-0.6634937946609459,-0.2345485408584488
3450,1.9442346480790107,0.2057812772261491,1.80216409020086
3451,0.9506553972590912,0.4123988544969058,0.4993630424743523
3452,0.8077660507087123,-0.3290746656924757,-0.0556496039567641
3453,-0.6532879265034395,-1.6809722745927351,1.053709130590452
3454,3.541549053279661,3.1060585706489934,3.6307809281692687
3455,0.6186972991772329,0.538505783238919,1.453247974242278
3456,-2.6602909965767565,-2.569705496480282,-2.8347236398646123
3457,-1.1675879445446034,-1.269781030035613,-0.5849664673002841
3458,2.8419240930478167,3.0740844463645915,3.723889351213672
3459,-0.9756522972936432,-1.2737873554368069,-1.2733907046767352
3460,1.0081275365027638,0.6535087725029836,0.3779805011928617
3461,2.546397032470969,2.4649343905357166,2.414406213321436
3462,-1.7391771947913042,-2.985744013603578,-2.477965525276433
3463,-2.6748936477349865,-1.452534915272507,-2.8832417910859465
3464,-0.7685525899236402,-0.5169369932466412,-1.1272253203781928
3465,-0.6605157735793828,2.113822716524109,2.1632488607394302
3466,-1.3181373761553912,-0.134263813158462,-0.3697830693252959
3467,-0.849080279215779,-1.4540982192145415,-0.7149338890218891
3468,-0.3013240551748264,-0.460356733744122,-0.6822948826438604
3469,3.4538853062346044,3.1410717903188727,3.631294348859999
3470,1.21384648415782,0.1851952867610015,1.973804018502252
3471,-2.704369572815585,-1.07274709503682,-2.9635462621624824
3472,0.328497615618079,-0.8723931294485089,0.0961035140959276
3473,0.6782930353969223,0.4119076934918215,0.8603716003002296
3474,-0.0698778594991501,-0.0393006488725321,0.0260417184696562
3475,1.975286124399453,1.6732472921854322,2.098756232730028
3476,1.5400694440792573,1.7320376006996312,1.671021166011934
3477,0.2055625740680839,-1.4864768080484867,-1.6515498212101682
3478,-1.4343981075638794,-2.143087638383764,-1.399780099333286
3479,-2.385188729992528,-1.8562946910228988,-2.292827526344554
3480,-0.8902664144382323,0.1324387493256674,0.4455831712881688
3481,0.9616614560210356,1.5410655782117604,2.6903245224703487
3482,2.29572926025568,2.807472443456692,2.7410935054026377
3483,-2.3591665860485898,-0.428070374863009,-1.3225295391604046
3484,-2.56536047858811,-2.014237397855096,-1.1479349231530975
3485,-2.2656118269577528,-2.7698423635166134,-2.3793833101673045
3486,-1.4534945052745796,-2.0321824606139174,-1.8515281460384272
3487,-1.322719985585097,1.5473338776310497,-2.406209673467768
3488,0.9225822877878568,0.8348798621677538,1.9387406529154323
3489,-1.6015125813808584,-1.0416939057372276,-1.8513622258757685
3490,-0.1207034669465976,0.744737503531189,0.6536020590902683
3491,0.1150244077377544,0.5615188446451544,1.0907860903045357
3492,1.9221287062062156,0.2036927930727469,1.4418677913839897
3493,1.6723812698730187,-0.2901618093622714,2.853210541252829
3494,3.2816987873083905,3.198629978205137,3.6811834828556456
3495,-0.6890716106786441,-0.9255088797765888,-0.9401893888107924
3496,-1.0901797808412617,1.088956908641418,0.4454947036259211
3497,1.9138146049197189,0.4978171094984331,0.5891132993991339
3498,-0.5982051325607912,-1.3115979120705972,-2.228268934239378
3499,0.9957584766862956,0.5329472379804827,0.1339201357062587
3500,-1.061949409763085,-0.8284036592708011,-1.3846917181790108
3501,-0.7530653112558509,-0.7382640942919005,-2.324232374069074
3502,-0.0186430969313775,-0.6238101401214001,0.1311815902907264
3503,2.2804872502088025,3.228650466799827,1.8612196301952588
3504,2.738137489254768,2.2182006004103747,2.833550044343912
3505,-0.3026753518619578,1.3714117871315863,1.2927784282268966
3506,-1.0926769732642605,0.7133476897636554,1.1810716579714606
3507,1.3125637148223832,0.3220452072481847,1.731681847268831
3508,-1.1400932642414685,-2.234126920835417,-1.7862077676197514
3509,-0.7337604413304439,-1.3878651404544085,-0.7753978173949275
3510,-2.3849968468440377,-2.747958183279024,-2.660225828715005
3511,-0.4387464545074361,-1.040032364283212,-0.5419028311851284
3512,-0.6354644429300073,1.7399803861817786,-0.3696611014842007
3513,-0.3702900884771897,-0.6685362101881307,2.568951164281043
3514,-0.7407055739398014,-1.2078536084188836,-1.2705750232046016
3515,0.9575622625865864,0.7008329691983959,-0.1611126069856258
3516,-0.2051655577588837,0.775421653161277,-0.931308006360791
3517,-0.597549724235,-1.0047620304188265,-0.5098500082246027
3518,-0.182983479847631,-2.142972878073632,-2.233978519769093
3519,-1.0629380633856678,-2.589773783770948,-2.804149256016716
3520,-0.405754859632278,-0.5051691466718033,-0.0627165364469712
3521,2.06482365868102,0.0828344420669878,1.3129204493036648
3522,2.7748920550133853,3.0350291174870643,3.3136221921411804
3523,-0.3553758859039134,-0.3599534555133556,0.065705957968892
3524,1.0080429389637124,-0.6762352917913917,0.2883709501667271
3525,1.9700104875115811,2.228611020001958,0.8078466888287261
3526,0.5891840576651014,1.849884695565026,0.5892131212856115
3527,-0.2334435703186605,-0.418236210591917,1.581288591648411
3528,-1.5433705375223172,-0.4892000139052838,-0.6665165329353245
3529,-1.722585370228939,-0.1258216898194614,2.924077213298543
3530,2.9756260185167105,1.9333640629584927,0.7466474046054061
3531,3.281380035178793,2.6172747655517363,1.295751937052625
3532,-2.5694706508155263,-2.4777886411044725,-1.7021992478504917
3533,-1.3670924978995287,-1.273832209778397,-1.620917252284603
3534,-0.5584640941533299,-2.052036187999019,-0.8615042608536747
3535,2.068697091244019,-0.0686732306014605,-0.9928612596087528
3536,0.8604338714872244,-0.4162137092426673,-0.8934795013810356
3537,1.053178627542661,1.3929189844924244,1.8395576676730727
3538,-0.3057433436323469,1.2291968654372112,1.46870648312129
3539,-1.6673303386518383,-0.7641516852242451,-1.294024569613625
3540,0.6536381427766824,0.2882289687049669,-1.937926971683312
3541,-0.2839193180565349,1.126463897816724,-1.9618061923913728
3542,1.5967606508346677,0.8712377194809648,0.4613157910873638
3543,2.280003395425115,2.668266819100988,2.4356162254704894
3544,1.9549476842644185,2.553389299433628,2.8657747369814546
3545,0.5882958409797366,-0.8298530810149559,2.145718447959263
3546,1.662927012050598,0.0766419641469182,-0.8239038679989594
3547,1.091748764440074,-0.3299017163041082,0.030514392745197
3548,2.0661990946406403,2.3621705241821696,3.231844569664997
3549,-1.6622770536979208,-0.75207354613598,0.1146406414407741
3550,-0.8725388512224597,0.901547506135525,0.8075293765934728
3551,3.2696625463848923,2.464696401203472,2.1429329359053155
3552,-0.8597063548011992,-0.3961456069638353,-1.271965229325636
3553,-1.7772175939492671,-2.111489382654336,-2.8346459211554125
3554,-0.37902260069046,-0.8972789384886757,-1.2728779813784532
3555,-1.2169801668672258,-0.2107504049274584,0.4125893661552019
3556,-0.1202021269657075,-0.1204275594948771,0.2004272827769185
3557,-1.0288366873382118,0.1587241538928793,-1.0478575393332876
3558,0.3881670710714368,-0.7003726882714683,0.1313046156373759
3559,-2.414667509995063,0.5371211513793468,0.8708857638545261
3560,2.78408488061951,2.4098388841536957,2.97535883028353
3561,0.033871470795982,-0.2908830834252606,-0.0574415827292744
3562,-0.6489101056559752,-0.9449856227544684,-0.68157718589601
3563,0.1321109546998231,-1.3116322118319144,0.3178788745347913
3564,-0.8664779831894578,0.4081878469968599,-0.7858308510012143
3565,-0.6405826055369992,-0.7055710469428772,-0.5078762396571112
3566,-0.2571398647647508,-0.4505743239608155,-1.034144109126672
3567,1.9904913369963293,1.441392223755712,1.5221778104233157
3568,0.096128744663072,-0.3429642432035942,0.2474026361317113
3569,0.5883035354080147,-0.6100235633437971,-0.607491022799153
3570,0.922700796751264,2.6049232228305628,3.141745173544698
3571,0.9505110521704636,-0.4330000588789974,0.4126015937350237
3572,-0.5891382605409248,-0.5051869184081942,-1.620784955835605
3573,-1.0949648024949292,-0.3209157894853834,0.6227871970419229
3574,-2.412945921287841,-2.9562871437617706,-2.378067896640494
3575,1.8656471110176007,2.0560128443079964,2.163888664712238
3576,-1.9804599834676035,-2.11129074135722,-0.5902907994123385
3577,0.6535852843999286,1.2450408326945572,3.3227614604066
3578,-1.051325210006658,-1.6209380093469343,-2.744299247733084
3579,0.0657075300423326,-0.4724068279192229,2.4944864918762177
3580,0.7144163914535946,1.270834832034065,1.180924191317735
3581,-0.8645799674169921,0.0656135447105581,-0.2550154572528798
3582,2.225773706811633,1.1735717214367225,-1.2965417386143847
3583,0.6785298329183486,-0.4284009380510143,-0.3545973538824576
3584,1.3159140022162008,2.527044611919605,2.688717561781894
3585,-1.4380794555085268,-1.8547603499223304,-0.7702756540104927
3586,-0.40891952872573,-1.0249506319444626,-0.5754289668368731
3587,-1.1633137365566424,0.0248030348103466,0.5881117115216402
3588,2.016626225672754,2.606632169437292,0.3617649316536976
3589,-2.8344743124528007,0.1998395652089014,-2.7491377215767234
3590,1.08897071822772,0.7140164683002842,0.8076446619791195
3591,-0.437284914559751,-1.1004508209041748,-0.872685200707997
3592,0.4125385173171626,2.481066445358121,2.797649581235392
3593,-1.069965051980409,-0.8323180418135607,0.4123268310694191
3594,-0.8661241226901308,-1.702616442846926,-0.9114576026519624
3595,-0.4358565436994368,-1.1820329354471413,-1.6282600332698287
3596,-0.4187947501005848,-0.105663830896865,-0.8261436070524051
3597,2.625111153049213,2.807474352152078,3.411028885088709
3598,2.890214197468988,2.9504898398829997,3.80762460933792
3599,-0.9546395543855802,-0.7552801743330437,-0.7836332894591772
3600,-0.7872871209145627,-0.885700970744534,-0.4377194394363353
3601,0.587938497415287,2.685566932144145,3.155580785277152
3602,-0.5066102868230183,-1.5648981660575418,-0.9046357946794604
3603,-0.0454753467076567,0.8350826066265358,-0.6011957963078534
3604,1.0438750188326484,0.871180435343507,1.0438211528844628
3605,0.5388169563312827,0.0747373549778904,-0.7295644371959521
3606,0.4993589864966553,1.0394363351877622,0.5881871049894192
3607,-1.6610108304061109,-1.3338221479054857,-1.3260370565965298
3608,0.4086094840990485,0.9618766739703822,1.3122603249610252
3609,-0.4669484325380933,0.1876656357217236,0.8711523826177561
3610,-1.200809093672509,-0.1721067707723526,1.5270960675701524
3611,0.2183197508445728,0.3144558526501941,-0.4248435306891926
3612,0.4125173129043498,0.8603761334517733,0.0960021146535033
3613,1.312226969244659,1.39274165961792,0.9617072588153835
3614,-0.0388667785524176,-0.4071229211723055,-0.4377075578169128
3615,-0.9934211777036998,2.513427898467657,-1.6203642077962743
3616,0.1324373930270127,0.4456160615305445,0.807694105230076
3617,2.4260521470329786,2.3288126773040174,2.595077834747117
3618,-1.3046506706044725,0.2053224783812384,-0.8530804043235757
3619,-1.0930279376327094,0.9507609123259432,-0.485229599443697
3620,-0.2328804455328204,-1.0715542794768524,-1.2732460017077227
3621,-1.201862721048509,-1.2371026022843252,-0.3851242892150809
3622,1.291910568293206,0.1697677933246126,-0.0389562188253089
3623,2.9203105106951908,2.5351759447157587,2.946166001848754
3624,3.0588041049941115,2.434935751801504,2.4182508482935434
3625,1.8472341137062056,1.8603678514736173,2.4248513872391544
3626,-0.5677768831342458,-0.3631861736633497,-0.6741761571638791
3627,-0.5471999084930261,-0.639282217828949,-0.7102818187791102
3628,-0.3332922225806244,-1.4684398766641422,-1.3114364320946357
3629,-0.9298147885596258,-0.9305941670865492,-0.6031619710712981
3630,2.2523228523266936,1.2487786922909008,2.0603964999578075
3631,1.2706979691698213,0.4438132940187358,-0.7009366163372079
3632,-0.9515572071858038,-1.8077038842038733,-1.7211367085942253
3633,-1.722838235990508,-1.0774742883678623,-0.872770808870781
3634,-0.873770666157464,-1.63148403220814,-1.121475036167933
3635,-0.0182721349938995,-0.5016658612239463,0.2515648829028818
3636,-1.2017604111075353,-1.166624372104436,-0.7402271250247243
3637,-0.9006569507338025,-1.721135058433887,-1.635417597529864
3638,-0.5979595176816871,1.9848998108426448,-0.1147489615352533
3639,0.9018492209362498,0.3620977796735408,0.1338322228934607
3640,-1.3670555169264094,-2.413155867684448,-1.0290389247898664
3641,-0.92828694762877,-2.324165092556689,-0.6215799385034376
3642,0.2004075212262485,0.1150111328029532,0.6538206731301992
3643,1.445151061687162,0.0325577370844728,0.5615273526715496
3644,1.0889680672803494,-0.5686084749954126,-0.7085601244753394
3645,-0.0870656988041362,1.6631844370633715,1.886887126769481
3646,1.4849109395914817,0.5616216047086382,0.2881945745557092
3647,-0.7626106070649012,0.184435888866749,0.9572559810409396
3648,-1.3895265021543388,-0.5379348487703621,-0.0464226641572546
3649,-0.9235390082073466,-1.0236042725563066,-0.4660815673232078
3650,0.2387472766593277,0.1588316402362424,0.4083516211115907
3651,0.3179340075703797,-0.7773999922939568,0.3871914727057189
3652,-1.2500798288538375,-0.4863067265991682,0.3780961138068576
3653,3.007022967343945,3.1584402495535184,3.681006689945442
3654,-0.259797630387514,-1.2286928227580645,-0.8871246471613505
3655,-2.313507270333359,-2.764893747318511,-1.940790740922595
3656,-1.5015527114919185,2.572489902124255,-1.4399600310449558
3657,0.096286361149311,-0.5495102848003371,0.0266867978636675
3658,-1.310369367698738,-0.3888181141980515,0.6184680152916568
3659,3.289817310376032,3.073430957012797,1.6706581124435482
3660,-1.486998489831023,-0.5822341595298982,0.1326870136294104
3661,0.0337864555303099,-0.7418169990373628,0.3620691741019152
3662,0.362101786919566,0.2055566248489851,0.1335658335076962
3663,0.288394664027531,-0.4391805572033526,-0.650088225949276
3664,-1.9383279953955337,-0.6333827161220673,-1.2454821155260525
3665,1.7304631373083712,0.8688965109184404,1.7294998683669935
3666,-1.0670350374988686,-1.093081643462862,-1.2713688278172153
3667,-1.1011841993059504,-1.6356189170911355,-1.635376225652811
3668,-3.4324050773230934,-1.9797154191815571,-2.705630617221391
3669,0.3220319937245139,2.406412682631581,2.0593216823189766
3670,-2.842113465672804,-3.2540070643095635,-3.710348049458315
3671,0.5891457966963287,1.1430251927258537,-0.1783098220149367
3672,0.5330688424848614,-0.3961447746896608,-0.5136301075792534
3673,2.19165096385595,1.901460432733272,2.046853753008607
3674,2.3413936044505195,1.993742872349048,2.1785551662201152
3675,-2.521427745765626,-2.387861920251507,-3.3063399711997934
3676,0.7754088995050195,1.4678720996869,1.2287495064177147
3677,0.7853222393363467,2.3340682022442887,-0.2282751935715025
3678,1.6709800484242154,0.2819341175890412,1.089099320000158
3679,-1.066242835784665,-1.2709284006540813,-0.7566451039791502
3680,-1.6210093468370166,-3.0714782674633128,-2.743124684309425
3681,-1.4697707662330333,-2.052035949412096,-0.94938137186996
3682,2.812636623907976,2.5941537449576733,2.9501527356996053
3683,-1.1488893875063504,-0.7913194955851177,-0.5114668728749973
3684,-0.7836359404065477,1.270669980097584,-2.6510820059596827
3685,0.5882521795727633,-0.3996730444906583,-0.4608451808229532
3686,-0.7548956636644454,-0.7836343991580764,-0.490196904172988
3687,-1.8730180968550016,0.1692318972713999,0.412506009848856
3688,1.9672264995730595,0.9017116182727398,1.442167163487038
3689,-0.992854085677108,-2.360185652236094,-1.940935200605974
3690,0.6785462357693289,1.2108103398945245,1.5150920532972592
3691,-0.7858813053191149,-1.33516238575031,-0.6154553390573269
3692,-0.4700479163090616,1.5987514732687875,1.270588972077937
3693,-1.1535137943391256,-1.851298825488411,-2.0323433528928594
3694,-1.1665835895703611,-1.1669948331003828,-0.8250757175763384
3695,0.3781909692500735,0.9227348288568452,1.0079740299839717
3696,-1.5434814804416754,-1.46983387247426,-1.6209115261984426
3697,0.769372400451699,0.0958202517711787,0.3283865832286243
3698,-1.5649209748091548,-0.7596384487542858,-1.9372259344445824
3699,-0.9589257524704408,0.5611768943927977,1.7463069566746896
3700,-0.6762324557825933,-0.8121120937613975,0.4695909469372145
3701,0.1340949132828943,2.4993792776229924,-0.4370996613409141
3702,-2.3444569593957643,0.5363546519022098,1.527696136590313
3703,0.001342836136607,0.995734248260328,0.1324392425251782
3704,0.2003352331721946,-0.1217459415424751,0.1149888067762421
3705,0.0825037973969446,0.322072646003835,0.5892147154926437
3706,0.6535271160492542,2.197006440372516,0.8348376237388409
3707,-0.419461709548744,-1.8075292029452057,-2.146703866089477
3708,2.8650082340387564,2.6711709712152385,3.382624635524657
3709,-1.2627146460497436,-0.6532892754478513,-1.1075864065798653
3710,-0.7764301694894231,0.4609643069353075,-0.1159075548026043
3711,-2.5894876178685213,-2.2266645069161752,-0.3303237020006313
3712,-1.4484346035831015,-0.3711125259945117,0.4457798962430345
3713,0.4614130326787276,0.6184236377654164,0.2498026000630318
3714,-0.1919016488532623,-1.0209417223157236,0.7448906480063047
3715,-0.8121143263640687,-2.3850651524176514,-1.387634341220265
3716,1.864837131213935,1.7307150220194585,-0.4218851581563591
3717,-1.1793968954392982,0.0317848643462853,-1.4938379227915843
3718,-0.6683874830731658,-2.014143936547801,-1.271511239175955
3719,-0.9481147369829336,-0.9706582845759252,0.0215170025573984
3720,-3.639907632656336,-0.2137804992717399,-3.083884028168505
3721,-2.014211258281024,-1.0934062920408385,-1.6519724931909137
3722,1.053695395883713,0.4978997630014871,0.8689630997198623
3723,-1.2013933499249665,-0.4195663227123731,1.0533294640541686
3724,0.1588189471108363,-0.7205794320225435,-0.6003859962507385
3725,2.448968564698634,2.442805615876561,2.821041575018717
3726,0.3218583784471421,1.053232340056515,1.3125465464389596
3727,-1.3918826824003274,-1.444938010914183,-1.1405313860969033
3728,0.4979078566679582,-0.1777975603745332,0.775389033232772
3729,-2.7808786790605486,-3.151005730863262,-3.1260834180238226
3730,-0.1562925413582163,-0.9921472422602644,-0.3782702084051722
3731,1.783169834763956,0.1277463690064854,2.0977882261769025
3732,-3.043398165071482,0.0022276006186694,-2.6819529380016105
3733,1.2920193639302542,2.583094802912416,2.9324531016243145
3734,-0.6621109657489103,-0.8612277982562413,-0.7849418960904059
3735,0.0327674810543319,2.2683408713827315,-0.5478446479400756
3736,-1.8958828395433809,-2.7505965162301504,-1.776146910116937
3737,3.3707774896704543,3.289629894561932,3.631047009305339
3738,0.9505950347674832,0.499416485945183,0.1697803191380885
3739,-1.446178010505841,-2.111414922338224,-2.2014241695831003
3740,1.7410454505253257,1.6709319614719136,2.1033012309985573
3741,-0.1773939139633916,-0.5728576089472537,0.3875957030543029
3742,0.3182716421624539,-1.311367478966214,-0.434683554655028
3743,-0.9608586554645094,1.5165761832539666,-1.0673557460931764
3744,-1.3035591860802869,-1.9618535518956584,-1.9618431733644928
3745,0.5882397134060182,0.7693667936590002,1.039753894382743
3746,0.8078442844811111,-0.1126281728138944,-0.0561049812300688
3747,0.8077541522705145,1.2705712168955487,0.7145268064940723
3748,0.8077430552815218,-0.4289489845756887,-0.4932302044642135
3749,-2.843043002349922,-1.3839565434745476,-2.497346810559179
3750,-1.980293926101363,-2.7531230983664967,-2.4781866477860577
3751,-0.5835743566672454,0.1587120133931725,0.4978381407681271
3752,3.140608429378487,2.780048762022856,3.63167337268404
3753,1.270528801737621,0.0019966337380957,-0.3307855131454612
3754,-0.0454807170221899,-0.5339235556874202,1.9706968000562504
3755,-1.400289959588488,-0.9065092700858326,-2.9867675031535548
3756,1.3926127741109324,1.867433849206764,0.5891925192255031
3757,1.6547000106858751,1.2440956573367117,1.503024829490179
3758,-0.2886551362129726,0.5614143347039011,2.4975975472248653
3759,-0.7446955787359202,-1.15020410699919,-0.6744200349682459
3760,-1.2737858046218051,-1.4695022366508017,-1.2733833084821111
3761,-1.702880372687019,1.256205294224823,-2.7489395630045093
3762,-0.836669009576193,-1.765067186066381,1.6714010778108377
3763,-2.1082335800189176,-1.920767459569284,1.2712900551825226
3764,0.6533357156256658,1.5668104084850751,1.448417540416837
3765,-0.1099030605669728,-0.5544579028815705,-0.5347139551158789
3766,-1.5633170977277548,-1.6815181065542977,-2.032405036441874
3767,-1.635416654581099,-0.0091610988246537,0.3872846183633858
3768,0.6784757929802094,0.1695918056452755,-0.0997491212429367
3769,0.4695730861158456,0.5615053886885149,0.744998718043709
3770,-0.9251162617701628,-0.490074035844863,-1.8281928016954312
3771,2.109706782944797,1.270556914109736,1.8023249965412544
3772,-0.9410542110711496,-0.9074480499824896,0.1694956849385303
3773,2.21178940776714,2.9758753459285225,2.269066889635132
3774,1.1295593586613102,0.0687048107883255,1.2964036522768212
3775,-0.7417974794469786,-0.3238569747423788,-1.3837611979701747
3776,0.37831321933147,-0.654858121215494,-0.2660052312630092
3777,-0.6167121344306943,2.4302950959485954,-1.5669243064514449
3778,0.5386527948447715,1.6630879026835814,1.8877991939621748
3779,2.0143623665083856,0.8710450043271714,1.596794950595985
3780,-2.3589632633363293,-2.542646571272994,-2.4054704519300687
3781,1.86745285705984,2.643444289431075,2.9985720552869166
3782,0.2470674215044026,2.291828125471961,1.1279023383776094
3783,-0.257388153946206,-0.5478751293211483,-0.8615040222667514
3784,-0.5243425525164874,-0.1207020489421984,1.5639454361925238
3785,1.4734295691631432,0.2880145785079274,1.008397983129032
3786,-0.6190300381614505,-0.1679826959483211,0.188689353941592
3787,-2.18699724549272,-1.721326477033129,-1.9804761430975104
3788,0.7145434519775614,-0.9945905642575936,-0.9077804839157724
3789,0.3781401624541525,-2.477735541365268,0.6534984542582061
3790,0.0832239191080846,-0.37340109152704,0.0831038323976016
3791,-0.0859281391480455,1.0890065984921298,1.1807509549895705
3792,-0.545001973611044,-0.1143455859853674,-1.1488872914084296
3793,1.9782508589540997,1.788394413494836,2.200017320263753
3794,-2.625055889311292,-3.37179693277572,-3.174915957973845
3795,2.9478433733849445,1.270662212205289,1.4418897387622196
3796,-2.542372636676174,-3.0440152424771045,-1.9618515239068104
3797,1.008333418673408,0.7450018557555711,1.3212845759567096
3798,-0.7214769438916123,-0.2881669045240969,-1.525059072106465
3799,0.2509882402660952,2.210417209089378,0.3176311147468562
3800,-0.445030371124328,-0.2500671865611412,0.0034075850635526
3801,-1.0896851784466324,-0.057029326385257,-2.587669430488448
3802,-0.4046978580964954,-0.7799225491305297,-0.1913424120544551
3803,-1.4112805281367684,0.1297648065279901,-1.0368363081534266
3804,-1.851589461693512,-1.2889763863850594,-1.1334029952592677
3805,0.90178442685052,0.2051816390959389,1.3576675379034435
3806,-0.7993733629698924,-0.4922823481914259,-0.3499268060942961
3807,2.43168690496804,2.1804851049387524,2.041107909589016
3808,0.2005868233569839,0.1149897722260459,-0.3203858206543142
3809,-0.5519653393676647,-2.0322193726382785,-1.8515558607145253
3810,1.228951480185563,1.6100069386878202,2.801260239325928
3811,-2.8120091872106885,-1.7639933036832307,-1.8510145661114397
3812,1.7022468991515816,0.4977794003705562,0.7754183421159024
3813,-1.4190650423054056,-1.5628830309547186,-1.8555835165612304
3814,-0.5466851770409333,-1.3343545546249442,-1.3340767201527015
3815,0.6784613584713467,0.2471969145570516,-0.4166735258906963
3816,1.5046345963566634,0.3781644193804711,1.168738559038054
3817,-0.705550873378411,-1.9379584694831584,-2.2014760625100505
3818,-0.8538689705622241,-2.312380043330285,-1.9408963264806507
3819,0.0830164882469337,-0.2875385110329633,-0.934409842720206
3820,1.0530439783640952,-0.6804744295487398,0.0832294681748697
3821,0.7856596971255275,0.38760433692893,0.1309213953659563
3822,1.999045943894379,2.3874277583765537,2.3152554526496814
3823,1.5208790984166087,0.7696832792128259,2.1005844824950337
3824,-1.2002163325052757,-1.4679687558875596,-2.97550326090119
3825,-1.1448827890435136,-1.337292168017325,-1.208568081940048
3826,-0.8243658356059733,1.979683362916916,1.8042452688365085
3827,1.9073811537533167,1.2436468438592052,1.1707771062986176
3828,-1.1402435740031795,-1.8729866033811196,-1.070653255960816
3829,-0.1438269566423678,-1.486607752518601,-1.147026326354348
3830,1.860574694662533,0.0023944607934852,0.5330513647271978
3831,-0.896385184482168,-0.6248520556701371,-0.5379275493456518
3832,1.039658578906864,1.211097359963316,0.7694681931014246
3833,2.4448222805522404,0.496721398742073,1.4690175987551888
3834,0.2005348399191146,-0.4334172744297151,-1.035631282441837
3835,1.291883607970867,-0.4361460660503088,-1.8730034237592157
3836,-1.0099932198384285,-1.337914038372149,-0.744420847926148
3837,-1.4168557311108083,-0.6742693041176394,-0.0454771267557323
3838,1.168585535244164,1.847232906893951,2.2724491016600283
3839,0.083215518863338,-1.2932998758563783,-1.0700794977333603
3840,2.778454985099036,2.8991202701034253,2.930483472941772
3841,-0.788660034703914,1.0398592305094023,1.3736636898076384
3842,-0.2563321483170462,-0.4326342041279757,-1.384519317428549
3843,-0.2558390224843054,-2.032302761929193,-1.210820018737659
3844,2.681308887213863,2.581094473499946,3.2326345489668946
3845,-1.294053567888677,-1.4540980965832315,0.4978248965866289
3846,-2.061121436550137,-0.71911983425101,-1.737522757032365
3847,-0.8530780616258994,-0.8073631523711816,-1.4108709259430587
3848,2.4134515928559104,2.4757155650953724,2.479491500549967
3849,0.1040903481411447,-0.8717477917672511,0.7854820691519699
3850,-0.305338977924327,-0.6317606715655926,-0.3082993066369265
3851,-2.8356543334754023,-3.409000698439127,-0.4437068272456622
3852,1.801429962729051,-0.057664971282692,0.0655086473396073
3853,2.6813093699387647,1.3236078102281463,1.9837576463634807
3854,-1.1139112124467332,0.5869606489099314,1.969877022406208
3855,2.323965690703988,2.1460409038302397,1.9274103703842276
3856,2.275319580484509,2.808145497167466,2.8048751862090886
3857,-0.7735414410694281,-0.9715574073045162,-1.409041279057912
3858,0.408620367627826,-0.0571693713414701,-2.124899088980306
3859,0.6818972523548051,0.6819817453275117,0.0112765892993343
3860,1.5176671219609907,-0.8451175144905928,-0.549074446138105
3861,0.7694663440527686,1.0394572115435554,1.370377870699243
3862,2.0660444921883765,1.4445163712614544,1.2924705318023115
3863,0.3620327389880556,0.3616982264198636,0.2818258294714537
3864,-0.1902034829891243,-1.445607671034291,-0.1917517024306214
3865,1.6603277157651957,0.6818646324263002,-0.119896911357783
3866,-2.0142810460118,0.4457026488696572,0.9957495990951014
3867,0.4086898076072092,-0.4804085596239751,-0.3882235073293418
3868,-1.0906861734389637,-1.920761417875277,-0.9859283779497418
3869,-1.895888796178968,-0.2594118857060797,-0.4259409434775791
3870,-0.9086083990076098,-1.9408443308051389,-1.525753410584642
3871,-0.7379607380262564,-2.1251622557719285,-1.453709477961306
3872,3.32307257660585,3.143156178432841,3.322981582961849
3873,0.807826837548417,0.8077338077906945,0.9018050795800342
3874,-1.3379276753506266,-1.2850026825602738,-1.0209437738965566
3875,2.355340360497286,2.426576618237007,1.8658302286494928
3876,-2.2190139595452414,0.1581151361487524,-0.056765178543153
3877,2.6778426810560423,2.188264775124696,2.435883099421408
3878,-1.895967157586166,-1.4513170637312185,-1.0245932147967782
3879,-1.0931744300036472,-0.6867653454734262,-0.5804047265649163
3880,-0.5638727782694213,-1.292514544946056,-0.8105229718820217
3881,-1.1138802133116696,-1.8515050913521156,-1.3848924656337576
3882,1.6628077290318584,0.78553581723156,0.7856007628277314
3883,-1.2638037347153548,-2.4055884232504514,-3.041356961377612
3884,-0.6183323620650013,-1.4174310895800746,-1.179563505139159
3885,2.112520504071393,1.663782502317407,1.043884801926083
3886,-1.1762811951360186,-2.387313975595021,0.1338795083965576
3887,-0.2567872690901873,-1.3857925794503982,-0.2829255196961628
3888,0.3777259844883548,-0.7513862062163412,0.8347871789865962
3889,-0.5934141200383052,0.1998169978197393,0.1146550628472172
3890,1.6831166981650147,1.461359153673308,1.921765873103904
3891,-0.6560429845273144,1.126655960290022,-1.9618763369468384
3892,-0.7279608938872161,-1.4685333464604469,-0.1370292240598162
3893,-2.4780195306228645,-3.0430841285270858,-0.250432986473299
3894,0.322069426931943,0.408545623844278,-0.0557658866544132
3895,2.267943188575254,1.9997185204313068,1.5208913856431614
3896,0.6819310985964119,-0.7921630413331018,-1.0731847677694604
3897,0.4696001187103498,0.5615023716578784,1.1697014745360437
3898,0.1335652170083077,0.9957449136997488,-1.6516853277757573
3899,0.2514854394694525,-0.5100926407286295,1.4533819908354666
3900,-2.108284379568529,-2.564376052364577,-2.295547301819717
3901,0.701231365051498,-0.2874259275763298,0.3180826398694216
3902,-0.1290028007356283,1.039836326164761,2.5345750504189075
3903,-1.4282820461458314,-2.5168237503205635,-1.3114191054110835
3904,-0.1490417444529999,0.0826415123582644,-0.2810870617519365
3905,-1.5020930013383271,0.2873702011045543,-0.6435330329741337
3906,2.2996330304210377,1.6648029601569465,2.3233970946148053
3907,-2.587719588934636,-2.926654743092665,-2.064846012348126
3908,-1.4345276602632593,-2.5841248710888207,-1.1151617658054795
3909,-1.1692692198070207,0.1586574731179749,0.0823450511659308
3910,-0.0652826688570556,-0.9217861930482814,-0.7743109510749706
3911,2.409846125027223,2.363593355830408,2.3112172212534725
3912,-0.1566231141510563,0.678421156574762,0.3281546767391268
3913,-0.2368340153703981,-0.1952977705609326,0.871198940713015
3914,2.1721722502596954,2.8954706969833084,3.5900249069423165
3915,0.957513464988011,0.1882314049805668,1.2139104868052266
3916,0.6188004047312273,1.8894737530997552,2.0510600465344875
3917,-1.5984300479592626,0.744859391568909,0.0313725871097887
3918,-0.5519273492740793,-0.778629303625644,-0.655514156611706
3919,0.775397004267933,-1.1512067315009158,-0.8126781558425871
3920,0.0019160739205189,0.4613643529487479,1.0438452570122614
3921,-3.0530542715293936,-1.205863138549317,-2.312585082880888
3922,0.1591185975020379,0.4085947683418283,1.7853330454677767
3923,0.9507652068905637,-1.110435836027735,0.4124991206514442
3924,3.188577988313276,2.9304677761340705,3.674030707475521
3925,3.302943814743896,2.98158970456723,3.465268437061418
3926,1.522177933723193,-0.3869460181390409,0.0657949496556199
3927,2.767572682634637,1.4697539997727538,1.6139919657430726
3928,-1.0573230209556488,0.0109809865261719,0.3220516453919685
3929,-1.7752788500621637,-0.7911887449338628,-1.3626392078455238
3930,-0.2829186844999992,0.0937185097400109,0.0955224952908362
3931,2.189414235481818,1.4422251144295557,2.280000929427561
3932,1.142371199948722,1.142646752502672,1.6732526879630798
3933,-3.1520846728078635,-2.387410642699136,-3.884086454724668
3934,-0.7968602742291458,-1.2372468734453304,-0.669745181984074
3935,-0.5252935809137684,-0.9567974183781311,-0.1905696901677994
3936,-0.915979124333422,-0.6031630807701973,-0.9536770755402768
3937,-1.014815279564354,-0.6333818110128764,-0.7466865172530375
3938,2.373482753398794,1.129635442839765,2.8089970774132755
3939,-2.0642696349156795,1.664277786156086,-0.5040191077349474
3940,-0.5686097696441283,-0.7866960584211722,-2.10831323173991
3941,0.2055044998256887,-0.2500667241865999,-0.4272012704592717
3942,2.784080053370492,2.0618688109084866,2.679361574959751
3943,-0.657759465165251,2.062579843490693,-1.921017388421376
3944,3.455170090364873,2.8347632086842407,3.156534894383634
3945,-1.1319520370973344,2.5688506390891166,0.2000278580909339
3946,0.4694959708127731,1.0083730021153603,0.7448966217269652
3947,1.641676850644035,0.860396115106604,1.2108214341864605
3948,2.065845718902782,1.4535396990163691,2.016095624206571
3949,3.101703867022593,2.540709949572617,3.143813891111628
3950,-1.8968737530856783,-1.092086201077056,-0.959033400123556
3951,-0.5970132394732532,-2.052058853756738,-2.3241703414690025
3952,-0.9769653604263075,-0.6900794371322387,-0.1004679239962636
3953,1.314544650195686,1.0082736814668023,0.4695494325956543
3954,-2.265918718846549,-3.221272790203264,-2.032478737859286
3955,-0.1742007653073484,1.7258126187768108,0.1304515416767763
3956,2.963977517425616,2.076218560021925,3.0720461142494435
3957,2.374963977500677,1.9269003599029224,-0.1054810229596268
3958,-1.3393561337796194,-2.202102023509445,-1.9207889137480032
3959,-2.9791551147392026,-3.246981437278385,0.5327879653634675
3960,-1.5682571781293502,0.131995671215163,0.7143392057301563
3961,-0.2401879662579782,-1.038765116481092,-1.3112228541994222
3962,2.446088145209223,2.5541748366227064,0.9260509075701866
3963,1.3577888649830974,0.7144129390570191,1.1808652539761957
3964,-0.8855932874235749,0.7140765153407227,-0.9408392155743368
3965,-0.1622275830655193,-0.0578959119536186,0.445775210847682
3966,-0.6642085419683181,-0.3800974497322353,-0.7006140022072135
3967,-0.4540285138358806,-0.1020848573991814,-0.1002926222543312
3968,1.2923209378013705,0.3281767460295368,0.6785439095468263
3969,-2.111397785604208,-1.6311993451972668,-1.938110769189696
3970,-0.6663767921935339,-0.2258711456958011,0.1304466206629103
3971,-1.807865881209299,-2.3124048148549394,-2.7172365222980064
3972,2.5499759311333503,2.5104351820076927,2.278433421026092
3973,0.5387659192293912,0.785498217149566,0.3877193472110792
3974,3.158746356576178,3.1188305257125672,3.7721891245511063
3975,1.9937873893269271,0.065402547794849,-0.6361524562475569
3976,0.2882015137261735,0.5611124506183993,-1.5002684218905142
3977,-0.9278826024404204,0.025675070015196,-3.51652495341529
3978,-3.011640193716781,-3.4134357789699066,-2.3875662471447896
3979,-0.5472002705367025,-0.6314945074981275,-1.5650718263409866
3980,-0.7670768249547885,-0.6518226726812805,-0.821746754831024
3981,-0.231917167139409,1.358133734741016,0.4455870860592857
3982,0.7012488685379434,1.0438223315704187,-0.0689578706019226
3983,-1.0885134362779676,0.1587681478754024,-1.0154793784563267
3984,2.3683593479835627,1.0889787327197702,2.4068735443807725
3985,-1.0393397258846049,-2.4482126765634526,-1.3880734142628202
3986,-1.6353317891922727,-2.1469476183451626,-1.311226743863077
3987,1.2107549877283068,1.8551205296649629,1.9775839764977663
3988,3.232186821620417,3.054533437787338,3.0586040155222896
3989,-3.605766244812568,0.0263715648911895,-0.8934774137454563
3990,0.3621251830713591,0.9957666144782236,1.5218652452333536
3991,-0.4052039046451787,0.1147086151410176,1.0903376388707058
3992,-1.5639254753802898,-1.053985509001049,0.0324995687337984
3993,-0.6072640963523405,-0.4065097014835394,-0.1101619594851672
3994,2.117079988834058,1.09317352698792,1.640511398326669
3995,1.0394387210569958,-1.1634661936006638,-1.6202616154192333
3996,-1.2172157714540353,-1.6209907370569951,0.8604407905080016
3997,-0.2063843825907488,-0.7189867936829749,-0.6031633273699527
3998,-0.1185969888121639,0.3220715423220435,0.49790184773376
3999,-0.0384392904325027,-1.4695931382685985,-0.1577418184112855
4000,2.933608339507182,2.8675796470566075,2.4068129458988543
4001,-1.563315135626792,-0.2321418094228992,-2.219015185858343
4002,-0.1784323952248579,-0.7047850991474676,0.3876070184394797
4003,-0.921401419915752,-1.6014827819724873,-1.3868290592839467
4004,-2.1467788305162743,0.8708425060799437,-1.3882438522520468
4005,2.722695590569165,2.1409440850360784,1.7097658604712098
4006,-0.7827253543771167,-1.1673575147690205,0.120947443208379
4007,1.895453698428537,0.4605047962153907,0.9575250750446768
4008,-1.4437906945036822,-0.6037791589607809,-0.7274333362453329
4009,2.145449691290888,1.9198249712913236,2.406868612385664
4010,-1.304773107383025,-0.3961447130397219,-0.1104548275196672
4011,-0.0698699861306795,-0.3803669485334487,0.4126913918883
4012,-1.1838605062474814,-1.940585333478062,-0.9605046205267268
4013,-2.565090698455709,-0.0012474476940528,-3.012424134339179
4014,1.840953089351486,0.8690418290209908,0.2387100887145189
4015,-0.6269748660142592,0.3279239333608806,-0.2109495057149951
4016,-1.030957402240535,-1.3348500996647452,-1.5432093720555933
4017,0.1876645159700655,-0.5750745993617501,-1.0342150350854409
4018,1.6115454695070643,1.1264847741725172,-0.1567667733022792
4019,-0.3029218466345148,-1.3877378423711688,-0.8648399848539665
4020,2.002369829042125,1.851236385867544,2.976128535139549
4021,1.8620496077995452,1.5987707080497084,2.112817145659584
4022,1.3920275774988058,0.3218825981309005,0.5892146541769886
4023,1.886313224577542,1.6627168523446567,1.783070943012254
4024,-0.7647299386096853,-0.8172460074682342,-0.6031625259207477
4025,-0.5282729089273551,-1.0392785594521383,-0.9040091117197208
4026,0.4126476410112305,-1.0081500431831438,-0.9484165263519267
4027,-1.115132033725875,1.8046835304245867,0.9616382787034136
4028,-3.5177121541636573,-3.226458132522451,-3.027806937391796
4029,-0.338094945670129,-0.6548432997578378,-0.3402150562421605
4030,-0.4677219257662455,-0.4932295263148861,-0.951313540184702
4031,0.5878761069348307,-0.4389080675684862,-0.1796135588487542
4032,-0.1300515393805848,2.2254098205755546,1.292226457379723
4033,-0.7467533746519455,-0.6041126615273549,-0.1902544708068834
4034,1.5405209725632998,1.7324056172614484,-0.9857993516657048
4035,0.9017321477023764,1.1809304796114974,1.1808545268868362
4036,0.618550670644316,1.0437553822081225,2.0569442825636486
4037,0.4994024689634362,0.678423005623418,0.2473139414429554
4038,-0.5567013605494114,-0.92306047043523,-0.270258425562603
4039,-2.1058857356986587,-2.608504772818581,-2.8403336771106136
4040,-2.201434789530941,-3.050353957176984,-2.6596118026398363
4041,0.8690490029526357,0.3218865223328259,-0.4990497450827677
4042,2.5772291434018224,0.2473053523137147,-0.6566575247951366
4043,-0.5565799774235587,-0.2636817556291216,-1.4399021040567324
4044,-0.938762046851782,-0.3699788142439983,1.1271145243567031
4045,-1.1162496028825002,-2.233893821411303,-3.1546038602543245
4046,0.288460133592346,-0.5974471357418308,-0.7652634610138462
4047,-1.3548989318986884,-2.3125188619733965,-1.9409840078674212
4048,0.95751723678307,-0.1895171704944463,-0.2078117909535249
4049,0.7012436233854396,0.1294432347757816,0.1892912204578354
4050,-0.4846561775689152,-0.1115951972635179,-1.2068483445160194
4051,-0.612138193272709,1.229174791801381,2.6811747551560177
4052,3.107032393083045,2.361033362450314,3.290145534650461
4053,2.838323491208224,2.1855400990408493,1.888775499539466
4054,1.443362565925763,1.685631694903716,2.2483464059476046
4055,-0.8440395959211904,1.4537723716240685,1.83987806626377
4056,0.8347844033184106,-0.0454787559522761,0.4695563114255058
4057,-0.3016933579088089,-1.0706503929177358,-0.8297481027686813
4058,-1.0494915211865516,-0.5743953019704545,-0.1913412052422004
4059,-0.7851367465178762,-1.3399040784361052,-2.3873620625473237
4060,-1.066336820493457,0.9574024917052608,-1.6353248349451326
4061,1.211171321909555,0.412505294088086,1.2927062556825828
4062,-0.3903339288785231,-0.0015998695694804,1.441842761508817
4063,1.8125996267586173,0.8688924027695498,1.6712063392902894
4064,-0.9871338158060824,-1.9618227741825465,-1.2732355038830951
4065,-1.3738728248420125,-3.394225658024705,-2.767802848782584
4066,-1.310990063723127,0.7839583818167477,1.2962269672520284
4067,0.4978572099368584,0.6819339191165457,2.348750704802248
4068,0.2004322910477753,1.5102538762580142,2.066823016576297
4069,1.27065949960798,0.0002466693989107,0.8077780724467878
4070,0.083172720536089,-0.7484640484265778,-0.8327321153101819
4071,-0.2818940064306761,0.0826972789465637,0.3220937692470116
4072,-1.388303965235799,-0.6543931510139582,0.0737418368195175
4073,0.6187639538680404,-0.6317690991701774,0.5388011914066222
4074,-1.21683665683283,-1.873001157183444,0.3282233301263212
4075,-2.5232931867034014,-2.660677417860697,-2.477702716071941
4076,-2.705832229268227,0.924030703855894,-2.023312438455702
4077,-0.6126610821347159,-0.8636739703346323,-0.0386561361224637
4078,1.3920628953161345,1.2288536204000482,1.1421748672211416
4079,3.0070205814747117,3.158739198968477,3.590262778104897
4080,-0.9676708718596272,-0.9380451170458436,-2.2958614699080897
4081,-3.0548277020784647,-2.2957031528651264,-3.0320083471133144
4082,-0.8965858138753962,-0.6291646659295966,-0.3219885578394153
4083,-1.0173295277024854,1.8048585624281737,1.5221783036228265
4084,0.2473046365529447,-0.2094149444473644,-1.4695655814789512
4085,-1.9371179444716764,1.1294737271266122,-1.3104973729935514
4086,-1.3853025447349627,0.3212119274955862,0.9617395721656132
4087,-1.043473293970104,-0.5875371023198322,-0.2508262514332138
4088,3.1082937221718225,2.662024895022644,3.313297464431853
4089,-0.2096502209771542,-2.052106093967561,-1.469405251066459
4090,3.25106391221609,3.105773008132247,3.6309377656136994
4091,0.5882922025291555,-0.8339407311260044,0.499437839474823
4092,1.0890236755251907,1.522521200582702,1.441657565092516
4093,2.7831184653659826,1.5984267172949818,2.3956928722670785
4094,-1.9408863933445268,1.5429357056918378,-0.1195904557136706
4095,1.862062350377396,0.0758070419500398,0.1300852060816753
4096,-1.273909392648101,1.0398223688297448,-3.2297954834962086
4097,-0.1321364691896292,-0.5887633276451645,-0.6544917480941712
4098,-3.678065428879915,-3.038643113532193,-0.2850825023289411
4099,0.1697818103063594,2.375525372531323,1.0396009601648748
4100,2.384903031553649,2.225413399379405,2.2178976727069126
4101,-1.8730182161484636,-1.7861691165381686,-0.6449384333537705
4102,0.4126635368649988,1.641909592187764,-0.1005590940243493
4103,1.610082970100125,0.961743005842298,1.3926025957121884
4104,-0.6467640917641346,-1.7774780240338215,-2.111209402211256
4105,-0.3453504745812099,-1.7211500277455272,-0.6418718522355882
4106,1.0532769778534163,1.675121221236125,0.0083377299511338
4107,-0.4863062137039599,1.9670227808281784,-0.2584056026220757
4108,-0.9324790653158006,-1.0249535282938738,-0.7841976212020327
4109,-0.4305374089364718,-1.1676598477167148,-1.807630098463033
4110,-0.2056173648765647,-0.8939111588229575,-0.8168176020431758
4111,2.9712575945989546,0.094485954402336,-0.486586980097374
4112,-0.2058708410814932,1.3126425667548218,1.6082834782547046
4113,-1.564363427547504,-1.856006504256487,0.0321560797958172
4114,1.1808007681401602,0.4458015970215092,0.2815995125459407
4115,2.325773553435264,1.9606432825927933,2.5907482854938197
4116,-2.1430382508906303,-2.584137754782682,-2.7807088051711224
4117,-0.1562669635212235,-1.215925493372551,-0.3026751430983999
4118,-2.2023533086601925,1.088975588572889,1.7472727108484158
4119,-1.3870711334902204,-1.4542985987753578,-1.3238870677639758
4120,2.123573749491661,0.9572881591675364,1.93234550803158
4121,3.0814159184950607,3.3822238822996438,3.549853770104777
4122,-1.702057324699484,-2.817276545739344,-2.2339780425952465
4123,0.860400528964686,0.4994235242594219,0.4126367853062179
4124,-1.54349675000477,2.079676633227905,-0.5082888466454165
4125,-3.296632242060275,1.376690671244714,-1.5508699824370948
4126,2.1359454504049435,1.2113238982470382,1.6450718232698631
4127,-0.4312377251971838,-1.5506534578269917,1.1294106084936726
4128,1.1807773411633975,0.9017414568431426,2.9467405792788224
4129,2.527350594677837,2.048049569403483,1.2716510772244196
4130,-0.1767398653243254,1.8915705115681605,-0.8964923642472556
4131,-0.6292596848345969,-1.9209394628986716,-2.8068684422328545
4132,-2.58709747805782,-3.097231465229921,-3.294426290921009
4133,-0.1825730805161012,-0.644940103462234,-0.4776323058667842
4134,1.904058057882672,2.3935883907393465,0.2387360252366197
4135,-1.3854657670087978,-0.34713990303262,1.4709213272142527
4136,-1.0090010391432638,-1.385870464428861,-0.1237222474610048
4137,3.119456577799441,2.1859883418171275,0.8603781614406218
4138,-2.2022194049930133,-2.387430617279323,-2.6484433885769656
4139,-2.187071266970752,-2.413837950819284,-2.928807259385372
4140,0.589151069842666,2.2635072284775597,3.400307076885596
4141,-0.257281863471853,-1.6209413495638614,-1.3999153781188265
4142,-1.5657505375530048,-2.2929016246169898,-0.9851006051647202
4143,-0.1609672733656388,-0.2068434896853538,-0.3218970715620355
4144,0.1151055356915736,-0.1208077656957062,-0.4856379112476383
4145,-1.1777363802925993,-0.8746049872730294,-1.0945092094468385
4146,-0.6963738193631046,-0.4365817694527449,-1.23695432359107
4147,-1.087201281259159,0.9616452686880932,2.6379508972607435
4148,2.5653338618016828,1.919312660299492,1.1809112448305767
4149,2.272223616741753,0.4976589151083151,0.7753874390257398
4150,-3.008837590546991,-2.498770069545001,-2.6326341624628817
4151,-0.7372831800469122,-0.9788970636706388,-2.064969067161924
4152,-0.2883077854757765,-1.1337599021954206,-0.1201928948519594
4153,1.808272197862992,0.0960037251152359,0.2471375064131371
4154,1.8406898122116615,1.0094030163747088,2.0543445778631626
4155,-0.2349152391336817,0.1585606556985964,-0.7072017396531122
4156,0.868914966930621,0.6818745655624239,1.4693034523391928
4157,-0.9244319894135424,0.1296703380923392,-0.8722178517264734
4158,0.6819230049299406,-1.0629395349613897,-0.8442549824232485
4159,-0.3696233420438008,-1.1548220251560086,-0.8076825241602318
4160,-1.6209439740200182,-0.8876334656448873,-2.413049696503556
4161,2.652441526398325,1.7383486356003357,2.137493396782852
4162,-0.5639885743635313,-0.6419494760247552,-2.1430726074075928
4163,-2.2492001107921693,-1.8284734322170697,-2.3891274701961898
4164,-2.860400805510209,-2.8315557670596605,-3.992333711517542
4165,2.8623294054769977,2.805839537710259,2.339010345098143
4166,-0.8748384068259373,-0.7641604978926531,-1.8730079569107592
4167,0.4087150083414489,-0.4558827267997569,0.238760582156481
4168,-0.3078527839427682,-0.672663831081394,-0.7036559951398166
4169,0.2819642952341075,0.362062330958703,-0.9380530082380162
4170,-1.632344972070611,-2.569363727249764,-0.5134542096300868
4171,1.6627203884025243,1.8863815883629855,2.0806028670709438
4172,-0.6935565638075891,-0.7362792932802935,-0.7692068955189267
4173,1.4683607854579237,0.8688775030653643,0.6819516393408651
4174,-0.6725156221828027,-1.6208321960464285,-1.8729064381748728
4175,-0.6918545939457977,-0.8939088161252812,-1.0441037262447692
4176,-0.6689600003345356,-1.8939671945740848,-0.4180544174516694
4177,0.901514153518608,0.9013812979003896,0.5313034348359948
4178,-0.450260184234045,-0.874550706970437,-0.2925095706370786
4179,1.4167764919557098,1.0084040171903053,0.8350931058931512
4180,-1.5331975010710348,1.5173641726999914,-0.9969527083176886
4181,0.4618512975842888,0.0151006487534359,-0.9238101147031974
4182,1.5970204332193532,2.2991387868892628,1.9335549576909523
4183,-1.7227841555827232,-1.3866517344094422,-0.9030576153841192
4184,2.304841033806829,2.8858794619974835,1.7830803724999014
4185,-0.3183266827354559,0.3159872309112788,-2.55488540573486
4186,2.4029979926838814,2.654558571352454,2.305825708054408
4187,0.1699029528166911,0.950737829041109,-0.974260440829542
4188,-0.5256522455158519,-0.2578798850336415,-0.4844235865866979
4189,-1.9382131068688904,-1.4387033774441835,-2.1112908620384454
4190,-2.484289660565165,-1.0978281267836496,-1.467866563815181
4191,2.489291128229574,2.613763341163779,1.5230914625170509
4192,0.4616331817481451,-1.8074356152803053,-0.9791505990197578
4193,-2.7649805702861103,-2.312473978913874,-2.406038725421392
4194,-2.564308237431844,-2.014233698858765,-1.652029334434532
4195,-0.4043060860693376,-2.202222857389589,-1.149642503159324
4196,0.2474201126238468,-1.1623706024486342,0.4994715398777464
4197,0.4086409696879344,-0.1767345308623331,-0.7136989917284872
4198,2.2440952890993566,0.653577319439048,1.5056636451662078
4199,1.6446187467024191,2.935589803905615,3.079000347554439
4200,-0.6726578485229114,2.658006757513646,-0.8405554410580696
4201,-1.4171606925675595,0.2881624733497354,-0.7267341695655984
4202,2.36667833082653,2.146663967936505,2.4599386189476617
4203,1.9521089294088187,0.4044345011443443,1.2307339262788697
4204,-0.084278784262802,0.1820711501676776,-2.6129038645432785
4205,-1.4342028241671163,-1.5433051647053189,-1.6207830471402178
4206,2.2332415758652253,2.2722393135494547,2.701102833583724
4207,-3.0016974593313464,-3.381888212963593,-2.292891487394051
4208,2.509889892981279,0.9506434679129236,1.856234969183937
4209,-3.3049907756481103,-2.835504129274813,-3.626652994333655
4210,-0.5130159693577776,-0.8951406628348697,-0.8298544528897651
4211,-0.9187197107149946,-1.828926066068096,-1.4871134053170365
4212,3.072365691443744,3.0353970114175715,3.400801281065577
4213,0.3782869711649313,0.8346998057793593,1.0081638615516288
4214,0.1587728385230164,0.0829732607100991,0.497862728345816
4215,0.4994696311823595,0.2473209499338289,0.7694185670213675
4216,3.6773648549619953,1.9879565381106328,3.816823428231012
4217,0.7008258970826603,-0.1974585671224803,0.870980648073978
4218,-1.1009916020207524,-3.4716449472189312,-1.8074158133562457
4219,2.8846889294287545,-1.2672779844749822,1.8681546779438376
4220,0.1694984883348796,-1.0694262034140198,-0.578622601540943
4221,-0.4800478791722553,-0.5906266254155216,-0.5183584077454619
4222,0.2005834442826709,2.8177547011619386,0.1150469449566101
4223,-0.918719587415117,1.9351490499911472,2.2237833365906075
4224,2.549116121013643,2.817759045686055,3.1431581093324485
4225,0.4615956995347468,0.1300816405566586,-0.4645570555364181
4226,0.0265930928495213,-0.8870561449371078,-0.2576257566984986
4227,-0.499708380038417,0.2818248122474627,-0.8041757272328349
4228,0.0328168396755472,-0.2592837093888691,0.3779824924330818
4229,-0.8866219167366083,-0.9568574334664448,-0.2610929018686411
4230,-2.944048376007036,-1.8940360298339105,-2.839925380295482
4231,0.5883098579614835,0.0264824481638171,1.5157927830911422
4232,0.3781878918788241,-0.7020063451052634,-0.6176583144875871
4233,1.2138463662892245,0.3178829410013393,-0.2514738253516471
4234,-1.7020193893786713,-1.6203809088809091,-3.448944253028315
4235,-1.8516594841716183,-2.4513877839218954,-1.601378790621464
4236,0.4126135529045567,-0.0385996506683603,-0.3823339784230193
4237,1.0530048589761511,1.4687256136056763,0.7754287044616117
4238,1.6718570210220465,1.847429003578892,1.8915789731285624
4239,2.951945988512947,3.2238950053727007,3.635116847572792
4240,-1.938223606135506,0.1999621169933616,-1.1621999414916877
4241,0.0830100501031498,-1.005961288001903,-1.1795622788260574
4242,-0.2623115643506813,1.3983601357246238,1.5454159239400065
4243,-0.48630654557733,0.1149345907357017,-0.2582180639977022
4244,2.19995514202614,2.6230818527206123,2.571647308739283
4245,0.9616119129717272,0.5891580598273456,0.9616359487085204
4246,-2.3855910811982297,1.0080571793483173,0.8346935303556351
4247,-0.4578139797776791,-1.5018503113939163,-1.855609583705931
4248,2.658614027761603,1.8924069797348235,2.4163075577864994
4249,-1.304387055465956,-1.920530600504228,-2.4774669005710264
4250,-0.7114197251979422,-1.1143800357511189,-1.111709413024585
4251,-1.0109443732294352,0.860512724465392,0.1694004589327477
4252,0.2834809876115893,-0.0017618682691956,0.3879317758874856
4253,-0.2577233614842127,-0.0473862735722904,0.0326554587067935
4254,-0.6789888682074979,-0.8250217909553217,0.7144242826457672
4255,-1.0278338141831311,-0.3869479909370841,0.9957228430216412
4256,-1.2968661297484358,1.008373122796586,-0.1957837828546497
4257,-1.938309048443136,1.3871902827205842,-1.5615510722692558
4258,-0.6827954976557824,-0.5950945830823923,-1.6209773761892876
4259,2.04530413094144,1.2110875778994588,1.4442372245611332
4260,-0.9907394313645534,-1.5247350801849984,-0.4465305871658196
4261,-0.5517410467013655,-1.320168886439651,0.0105129028152567
4262,1.899085896378617,0.950857778616824,1.770648352278556
4263,-0.8282944731847741,-1.6353855372718626,-2.226803827596165
4264,1.1295238802140368,0.1286720500219698,0.4618283426752971
4265,-0.818174370410367,-0.2099198838472722,-0.8083304528930811
4266,0.5615604193273271,0.8347975575719864,-0.3187534260580549
4267,-0.4140902365120255,-0.3226663639422424,0.3781184398335688
4268,-0.8223971163830675,-0.306324953278651,-1.2108189150558677
4269,-1.1262987181985558,-1.6001609390801754,-2.125197818851878
4270,-2.37888095421289,-1.4683032669618503,-1.2366519906433755
4271,-0.1616771415865102,-0.8237406435761103,-0.6687104054528543
4272,1.4746260028324083,1.244429220243898,1.5033824079612332
4273,0.1152663434245064,-0.6123369060209916,-1.4443986865175775
4274,-0.6897924396383495,-0.0470613695430308,-1.5634145110716688
4275,-2.386689521712417,1.5877248269019253,2.0345629941097574
4276,3.329399283714097,3.3708798285689427,3.8170766861798016
4277,3.233095551248173,3.0153605533636827,3.5065939643459645
4278,3.1023289959484126,2.91793230265417,3.630927655023728
4279,-1.5095733055481708,-0.9783858675715548,-3.092796186272659
4280,0.156751200059225,-1.412246728311369,0.6817872520695836
4281,-2.234171775177008,-0.6067218185582681,-0.8680401110319628
4282,2.619258615819404,2.666975761902758,2.611125664776201
4283,-0.287537254062034,-0.3869807309742614,-1.1089733666978767
4284,-1.0685378986475482,-0.643792049526383,-1.035607181067982
4285,2.272962818855644,2.8687038686394395,2.6407925171734066
4286,1.2444500980959037,1.3832169740533575,-0.6011952230720324
4287,0.6224386899376122,0.280846026993334,0.714364975404595
4288,-1.4478993588140183,-1.7391635085048798,-1.203529728307803
4289,-0.5453195324460528,-0.7409718400256883,-0.6757949081756333
4290,-0.2423523165665052,-0.1602647260088994,0.499169667772976
4291,-2.023229530453808,-3.137321675496453,-2.661261273629499
4292,-0.4553483416601931,-0.8715199009619194,-2.747487526499708
4293,-1.8076733500523332,1.7454024514070916,2.415690477033729
4294,-0.7476161247327984,0.1996012499589134,0.4691292205685834
4295,0.2006008525494442,-2.292884246520523,-0.4377223357857464
4296,1.12949117167876,1.213765154826861,1.7835384098623732
4297,-1.681504739741489,-1.5257103669947725,-0.6653582197851006
4298,0.6784539622767228,0.1697849417597284,0.4126193088140825
4299,-0.2561507526916095,-0.7207915984873773,-0.1560226206883463
4300,2.365299784818388,1.4422422531125554,2.7402093385401582
4301,-2.0233727790684357,-1.630348301195284,-1.0954875410761888
4302,-0.2162039760254018,-2.4499943782544262,-1.8074627250572917
4303,-0.8870585308063413,-1.162780852663337,-1.2153253279668603
4304,-0.9693736431706236,-2.0141816663103764,-2.648933875490444
4305,1.818152110631075,2.972868693877275,1.667175794412049
4306,0.1334998680731283,0.6226807892474703,0.9957494757952235
4307,-1.6071441100568378,0.3620393663564819,0.362224285348058
4308,-0.5416820627541118,-0.5261365991238829,-1.828807204985996
4309,0.0963160652212683,-0.3952938411592743,-0.2083821911262725
4310,-0.32756085144405,-1.2686733691908798,-0.8746023363256589
4311,-0.4346819634289875,-1.4684192496599136,-1.1676391028438906
4312,-0.7885110699032338,-0.697137943788759,-0.1962115977989249
4313,-0.7754015302556887,0.4603873106927341,-0.7764342948902688
4314,2.412999143019892,2.7414173538675977,2.7214586645759464
4315,-0.5819423898868312,1.21387135443149,0.0762490491835111
4316,1.9951299835027745,3.01411625073251,2.602869891864536
4317,1.861682459893801,1.5268118863861793,1.2963264483467083
4318,1.181608608327824,1.894966676089679,1.7095152335106942
4319,-0.3260817880481563,2.2247028828751696,-0.1094739037822386
4320,0.4457730839247917,0.6224293807968461,0.4458457383777247
4321,1.270619057248095,-0.0561035016315364,0.3621248439966954
4322,1.580123929582071,1.126533088024496,2.2014117934771784
4323,2.8071183804624384,2.5935377525475065,3.157100106805053
4324,-0.2333597368384679,-0.7398882747726152,-0.0995867330182307
4325,-1.4534943826432696,0.868840284462728,0.4083777109228291
4326,-0.3908218803231214,0.1835822844974692,0.1266274718956762
4327,-2.292817389121615,-2.6594216090285028,-2.7494633195230294
4328,-1.0631457894566705,-0.2157393600864108,-0.2975536992835799
4329,-1.0195460896038455,-0.7918978953113947,0.1321533101087987
4330,-0.3218334642799586,-1.334413962768859,-0.7999492521561318
4331,-0.8575655308613419,-0.2047559492431089,-0.5430730631367009
4332,-0.8848455177987955,-1.8730254930496253,-0.9645352203066236
4333,-0.3226600512052249,0.0029963491464634,-0.0551457390065551
4334,-0.2575818627473544,-2.84020594657506,-2.6595652196868067
4335,2.3308781243907304,1.814597017907576,3.499698283630713
4336,1.4501628322995193,0.4690154181729695,0.9234303147592028
4337,-2.1082214966309034,-3.392012918419553,-2.5643277188125198
4338,2.214498762817549,2.2326651422446235,0.783360080825521
4339,2.396776180996944,1.5272747563610705,2.167717188701331
4340,-2.749794227443256,-2.659761205996962,-3.704085362335935
4341,-1.631858506050759,-0.3871297792102721,-2.385520120637656
4342,-1.030564449577775,-1.3347071860976576,-2.052102276576788
4343,0.6535546313686604,1.5073919209960995,1.4490035684476974
4344,-1.1096153416066117,-1.4187610261388577,-1.7649824478310538
4345,1.7571902603996126,-0.3023049158400894,-0.0393787264431988
4346,3.073427258016466,3.2901171756785907,3.370661587785419
4347,2.0913079751948422,2.105633941384708,2.2690610244790115
4348,-0.9775062253685596,-0.9030584124876354,-0.508094264075146
4349,2.74190532985335,2.112692945826745,3.225541865390317
4350,-1.38811513974566,-0.7402079713779406,-1.8080699840617835
4351,-0.4824052232610935,-0.9272170018418278,-2.66041119507732
4352,-0.2576279636275397,1.1264259624959112,0.4994357518392437
4353,0.0327719462596741,-0.9677095958065612,-0.777068920873172
4354,1.814574232856396,2.532154108907661,1.0396028688602614
4355,-0.8999690696099256,-2.3045688122241685,-1.2371884106219164
4356,2.9990123016904238,2.203937843249857,1.9782525757924416
4357,-2.3850173626523667,-1.1657170147860418,1.0086614302442232
4358,2.585422510870575,0.7853113954255522,-0.2369777561227229
4359,-1.1638822891949887,-1.9618944695530132,-2.1430919329483844
4360,1.1808682131732604,-0.0596435335951273,0.9018476796877786
4361,1.532599211965209,0.1149461761333464,1.509465224449597
4362,-0.4059848744533267,-0.748375631251946,-1.3201584627782867
4363,-0.3047274167160961,1.213940189691316,-0.1683369500123739
4364,-0.4846550678700159,1.5235543302579255,-3.1655283050729293
4365,-0.2870725007050329,-1.0937017185478004,-0.3626099205533695
4366,1.8953506837491103,1.0906294460738812,0.2880498174257633
4367,-0.3937694776739082,1.6942187178000565,-1.9407694030746256
4368,-1.5434152725704455,-1.4001239030898354,-1.400011170768552
4369,0.0115355866264113,-0.0573385105760207,-0.2838887886375405
4370,-2.5483213036463224,-1.550795607353276,-0.5336565767536637
4371,0.8078130896120537,0.5329694011334987,2.1922994526199293
4372,-0.1860771085088287,-2.2958728134968376,-1.920901363236463
4373,-0.6261995722912481,-1.3113312933073673,-0.6894821015131182
4374,-1.6096409325802032,-0.9934166261220396,-0.8336738050232633
4375,1.755914416826991,2.281429075830768,1.7611187133860549
4376,-2.542644854434652,-3.2283694641227454,-2.218652932968104
4377,-1.5318078567597997,0.8353035739503631,1.3929513630618569
4378,0.0505287956035617,-0.0742830558821891,-0.1424385675173356
4379,-0.7956609612689938,-0.8617414552130349,-0.1234180827794505
4380,-0.0387562233368096,1.6441581546468893,0.7695610034146083
4381,0.3220055666771725,1.0530631088484816,1.3125319533130495
4382,-0.6244208526465135,-1.4692248793524054,-0.6279411430538324
4383,-1.2709327161498007,-1.7392220759467858,-2.729449188826136
4384,0.8690870799744431,0.8689410260840319,-0.457153585724866
4385,-1.4875698614642712,-2.29559908776835,-2.7697122706886006
4386,0.2387364851040328,-2.125086224359624,-0.627040166137483
4387,-1.8969354211918912,-1.4451781665528594,-0.7765781103292038
4388,-0.1514650924310775,-0.496449593413254,-0.7697059373957799
4389,1.662669115563442,2.455543105387373,1.7826334147854153
4390,-0.4015693333574551,-0.649150446898616,0.3283336467550057
4391,-1.2709401141424626,-1.487322521909611,-1.5675171322634125
4392,-0.6900787810181995,-1.2165855440960025,-1.7019412521612736
4393,2.151279679408038,0.9016843689997688,1.6700291597674155
4394,1.0438666501623617,-0.3533429083111354,-0.8238685074202816
4395,-0.9878820660492492,0.1974082910703667,0.0320142190152825
4396,-1.7393346487351231,-2.3877077954043857,-1.091583426648965
4397,3.018039676569017,2.7786013670968086,3.0583952370022343
4398,3.147789097712718,2.524045295335491,2.8647422991358837
4399,2.252354157590397,1.2928906833743334,1.9520085319556524
4400,-0.6191346774117821,-0.3316419113425972,-0.8224251376374411
4401,-0.5950954181366239,-1.3999858805546768,-1.399506798012587
4402,1.142365313645834,0.0114907648825445,-0.6601283623003225
4403,-1.0320051567144326,-1.8729868419680429,-1.163311231393947
4404,-0.5155310217937089,0.5325771225726055,-0.628766793573503
4405,2.606437067041542,2.409778501513926,2.4645367149682604
4406,2.652441526398325,2.4391731803422942,2.71160376691444
4407,0.1587388083344445,0.6818608308556849,0.7754284591989914
4408,-0.9380973436833252,0.7692254309069145,0.9508017703365672
4409,-0.4008614558212946,0.0238066294939285,-1.9802958041462544
4410,1.7291756224466155,0.4123243855534547,1.5148860334889451
4411,0.6226896668386646,-0.1118283881572124,0.5329819468960544
4412,1.753775007885299,0.8603291318278731,1.9605870440782132
4413,0.1588981983798366,0.0827702445761143,-0.3004426972237737
4414,-1.5334050727788355,-2.1115603432149097,-1.443103897649558
4415,0.4978530404723127,-1.764441275859278,-0.6685354130846146
4416,0.7754638996476302,-1.0198010897736485,-0.7506715959565854
4417,-0.7455887724855191,-0.6372347001856774,-0.6272812116238424
4418,-0.4306921180993232,-1.217160299994356,-2.0520614782128948
4419,-1.274150234170741,-2.773155414001523,-1.2352643236674672
4420,-2.186872776255774,-1.8075037433285577,-1.8075200091947492
4421,1.5966915798376506,0.0278958446808137,0.1893932357273205
4422,0.6225663053110286,-0.1118290663065398,-0.4937084846898003
4423,-1.8074796981350567,-1.6353413365485157,-2.305241134693427
4424,-0.292968020539635,0.6186835085515486,-0.1725008938888645
4425,-0.4248355156246923,-0.6601612864764607,-0.3242934267815315
4426,0.9616532397232542,0.0815964789908315,1.2289685259376766
4427,0.901797065087984,-0.3570962274474817,-0.11395460207319
4428,1.6460372652552049,-0.1002225373455967,0.7694969428256884
4429,2.0073841339602176,1.1696845791644783,1.008361416717716
4430,-2.265430400969456,-3.135666815725716,0.5890294195829783
4431,-1.635369742880053,1.1294317069722837,0.8711716541331354
4432,-2.1251418989744404,2.2008467984457365,-0.5232894177447065
4433,0.0750276947959833,0.0758069240814442,0.2489364132211725
4434,0.0331219218135241,0.2002585100831049,0.4692851407118849
4435,-1.1650506493586406,-1.7861992977839725,-3.2710946413414117
4436,-1.7839430648873875,-1.2695082326627667,0.5327374124136117
4437,2.864737148620856,1.8474331730434372,2.0744112197726543
4438,3.269389078563216,2.8220577737427326,3.4894210426218386
4439,2.2649044896256254,1.3127574722924502,2.0194180671465287
4440,0.4453348761594563,3.2122081751576594,1.2710602242104954
4441,-2.3390694342310776,-1.8552848305282037,-1.701846255266005
4442,-1.235635935926082,-0.352739677864523,-1.940724152121173
4443,2.5453077422658814,2.494201915758493,1.5231199447887989
4444,-0.8071623532989294,-1.3168374243882732,-1.2945787378009626
4445,1.2704930447730889,0.8077044624198026,-0.4687760164206775
4446,0.5616153896255267,0.0328204902826176,-0.5797145985156045
4447,0.3218457167643672,2.730632698335044,2.86397806081091
4448,-1.0486191571220067,-0.8423462080824048,2.0378425635005484
4449,2.0265490366514944,1.7667172896127703,1.843499271140499
4450,0.2883704674418252,1.168842224210729,0.7448642188179277
4451,-1.6951037768083672,-2.014166623725297,-2.1080427118082428
4452,1.574725665489573,-2.032406875911527,-1.2635589626202577
4453,0.9575907867867196,1.3768361210916749,-1.0359030312429187
4454,0.5615256631343932,-1.001208471393117,-0.8081028220889821
4455,-2.1082335800189176,-0.7986002300632515,-0.2920626008802801
4456,1.8277322690334292,0.5615151638677776,-0.4307951731034131
4457,0.2815964300489983,-0.2949077147331703,-0.0578964976280376
4458,1.9944114565440436,2.309702641900631,2.2294435577898937
4459,-0.950110605912099,0.0190991935231616,0.3168616980219784
4460,-0.9272571876076328,0.3214196649350125,-1.680849520651256
4461,-1.0996824355295085,-1.6351489750005088,-1.0337350741641889
4462,-3.205447446349701,-2.1464867521363966,-3.6333832911419774
4463,-0.588433430780751,-0.4532903532311317,-1.079984237254369
4464,2.8639817397502148,2.8297703021018825,3.3134595830238966
4465,-0.2095291679369188,1.126601204591113,-0.6233543094524019
4466,1.9584205176805976,1.608666087942432,2.4946770586509737
4467,-3.4030379002837137,-1.3307962863702565,1.5994732707528263
4468,-0.2584097962946606,1.8873087282465395,0.7450533866388449
4469,0.3622348583125706,0.0645846997060844,-1.6520137986499424
4470,-1.1006884191688509,-0.1206080080972544,-0.1202720617358648
4471,1.446223073012972,-0.1220859307249178,1.9609858232054909
4472,1.7253442089779267,0.071094360826769,-0.7947541981631019
4473,-1.7227546014369726,-0.5714773910756226,-2.2189114397699403
4474,3.3290375218729342,2.893337182850426,3.631497547058444
4475,0.3622175963296929,1.9221236509112296,-0.4901972740726211
4476,3.188276475009888,2.497594892237905,0.924149212819301
4477,1.5268876758931451,1.129519519076,1.2139122548341603
4478,-0.0561399734660838,1.5417721798209545,2.140221557637479
4479,2.016984325446,1.5162186665078727,2.640581628606212
4480,1.4684488347386249,1.672937157602015,0.7754626120188735
4481,0.3621179083785749,-0.9506287326639724,-1.0890997972125132
4482,-0.9585467503442232,-0.4206953278694442,0.7755207392598935
4483,-1.322104866933289,-1.6816027221583143,-1.2627232302414555
4484,-0.9298154050590144,-0.6031640055192801,-0.2941292917802994
4485,1.3126011173719847,2.9286881505608977,3.4005697531519776
4486,-1.266357191863401,0.8348995332075047,1.5067059689105535
4487,-0.4914375475423759,-1.1499601236442716,-1.0953603485025811
4488,2.1619183740684176,1.6975312257782922,2.2759819238543058
4489,2.190267640580076,1.671640822022218,2.057221253238402
4490,0.3176893713002278,-0.1441100620714306,-1.6352775696383002
4491,0.0960820710961914,-1.701942206508967,-0.1566968375103719
4492,0.7145173124034897,1.3581868769883034,0.5327897532116941
4493,1.043866532293766,1.5970012206382715,-0.1618236492885366
4494,-0.5522014322411848,-3.69898187933294,-1.100324583638295
4495,-0.3584366820678653,-0.5911081750276334,-0.5214453470272039
4496,-1.7861595730612343,-1.7862173110966857,-1.2733849785905749
4497,2.354794451830437,2.629969532151553,3.0152664124883
4498,0.5616416377920654,-0.4343013549171691,0.3782916173921117
4499,0.5882462745464103,0.1696846159584592,0.412620054398218
4500,-1.6353422794972805,-2.577952289892281,-1.551118567305199
4501,-0.5632392368754296,-0.9177130079903968,-0.1760076024763323
4502,2.952181961441323,2.6571505017695296,2.8396966603468745
4503,0.714572920648331,2.058045737088139,1.521852915245584
4504,-1.04105402706981,0.0620162399537769,-0.6439181291446732
4505,1.712752266021356,1.1714687304017606,1.523002882278642
4506,1.7824002707033335,0.5382622667204251,1.129483097679962
4507,2.2939197594212715,0.1261531065104877,-0.7216276304634905
4508,1.0533387840337416,-0.4862765904468729,0.1583273496309999
4509,-0.2908848712734871,-0.6918545939457977,-0.9305916394390562
4510,1.8129589561368429,0.0326936844849597,-0.1214016078359156
4511,-1.2604707237288697,-1.0860970935602663,-2.3852430365439874
4512,-0.6407564295089294,0.2001939154571745,-1.053310659588246
4513,-2.718651560976477,-1.9796550704606144,-1.5509366960622
4514,0.3219771162132133,0.5889916491394462,2.199975380355676
4515,0.7753989663688957,-0.0570304300670486,0.0827070894513773
4516,-0.6473716024448388,-0.7114208584858281,-0.8758620043738455
4517,1.2963018138102296,0.5383243540031534,1.6636826676169405
4518,2.0959891978023766,2.5211662102462187,2.581663681357135
4519,2.0260626913128683,2.1009900437676428,0.4693113888784236
4520,-2.7097923215945654,-0.8454976304486677,-1.388117143511785
4521,-0.8246163752031962,-1.3221100174483165,-1.1570005703811612
4522,-1.315371426954529,-1.6806454621511349,-0.8137700037126769
4523,2.6456425164773334,2.8206481542236994,3.232634066241993
4524,-0.7670732884290713,1.9440164892507648,1.923951922174841
4525,1.292487352180408,-0.3024822157475049,1.0395924903290958
4526,1.091773142047618,2.4047869266932578,2.234784008467339
4527,1.7028663098992454,0.6819678266738074,0.2387859361798585
4528,2.22863395377921,2.3451802039752923,2.6610811488285586
4529,-0.2108121777512712,-0.121324033229875,-0.4887096569562813
4530,-0.4387462695576195,-0.2975552097070817,0.1335639223595919
4531,-1.0070220488348651,-1.2076631209199775,-0.8034626581460057
4532,-0.4840652952577423,-1.0677586001132553,0.4993088832427516
4533,1.1808638976775412,0.2816998478214167,-2.1080651523859832
4534,-0.0697161572118487,-0.7601311822843639,-1.02148872230695
4535,-1.2544247120243297,-2.1078049896440425,-1.0073373056139157
4536,-1.9796307895299217,-2.146899527958161,-1.8937783690839456
4537,2.893340142047492,2.860416608704822,3.540933293690442
4538,0.4978724162193194,1.142352314726956,1.0529452601594091
4539,0.0961299972444196,-0.9126850925967834,-2.8203299811843947
4540,1.6741322097975406,0.9015976891857478,1.6747453800893282
4541,-0.6308426086644717,-0.965758367456668,1.6732972230257763
4542,-0.6277615913205776,-1.0437978192482027,-0.733990477650603
4543,0.7145474592235866,0.9957393652052524,-0.0572369974072055
4544,-0.2086229843452472,0.5324225970008817,-1.205441492911496
4545,-0.1563726575282682,1.2927067328564297,2.39287994674898
4546,-1.0309593109359216,-0.4215808115535531,-2.9222798436409074
4547,-2.1059748443569264,-1.7211672365604835,-0.7661070610845524
4548,-0.6574811865012765,-0.9373846248965436,-1.0704370962082597
4549,-0.9074469763413344,-1.7862187426182257,-3.049528270514985
4550,0.2383164115510488,2.2825035542106016,1.6751387575134793
4551,2.0895665383746667,0.3280271520285955,1.4488148725660146
4552,0.0733620936716679,-0.1363925863078731,0.957283031883628
4553,-0.0837511565074261,0.901729496755006,0.2057378756691998
4554,-0.5571642305243025,-1.893922640244951,-0.8250675846432425
4555,-0.8246496059343971,1.974223346826804,0.7447362363783214
4556,-0.5412124701930991,-0.7362979591032927,-1.3995151485549044
4557,2.509879156569728,2.806291676773025,3.0046404383273577
4558,1.5296031798618022,-0.3213883497645626,-0.981023329621755
4559,-0.0563198735981017,-1.6812257535108546,-0.0559731642264264
4560,-1.261223343980668,-3.012869493497421,-2.014066504224607
4561,-0.2580421803498431,-1.1127698126054202,0.8603367666094204
4562,-1.0998799832957211,-1.635383179899951,-1.1658023565187752
4563,0.8603168446013205,-0.5499743960129865,-0.0390627777099507
4564,2.1027372523044336,2.089029002036356,0.8603155323732421
4565,2.135969533594394,2.215604609103206,0.6223843146915478
4566,-0.2251490851065608,1.24434160567421,2.4301953932652185
4567,-1.8290858627095912,-0.8138071738792632,0.7142649792037826
4568,-1.8079062269103443,-0.2408054662237201,-1.1289096614233645
4569,2.349297680091108,2.591407347139014,0.2794817446715855
4570,-1.38843255987359,-0.6317687455643907,-0.7838825882486423
4571,0.2468200366882526,0.7692352726175028,-0.2591479412694806
4572,-2.6305094523828934,-2.405586461149489,-2.7168033885104896
4573,1.3577860290859105,1.5988141096066577,1.739272398284042
4574,1.2918680998208494,-0.2567559582460558,-0.0995866733714999
4575,-0.1247813214889226,0.70116311913465,0.6186862489963961
4576,2.897473331607856,2.2205315763540674,1.8337188231019952
4577,0.3219259789568728,-0.2869798640994883,0.0112615056481835
4578,-1.651757088304577,-1.2683746135872198,-1.828665040227011
4579,-0.6677088841266207,-1.0359043277974702,-0.3120337962853764
4580,0.2004203737767605,1.169052692267941,1.446228503668118
4581,1.39260369939398,0.4975226717227173,1.9521043920503425
4582,1.2962916771110085,0.9575284932339492,2.30980188725812
4583,-1.3491367023948462,-1.099113837424371,0.7002820513825972
4584,0.5387681881998564,0.3177569100055022,0.1898733145171682
4585,1.8366706260405112,2.260271146018306,2.111208272996664
4586,0.8603805473098554,0.5881979606944318,0.0261423425045797
4587,0.0004937315288462,1.2711562748152212,-1.1203238883408837
4588,0.2473281970116257,-0.1010036112859184,0.9506654775566028
4589,0.317096551198696,0.3859416530523556,1.043971730015332
4590,-1.1096150963439912,1.681254258320298,-1.525253687995703
4591,-0.5116327616696479,-1.872978252838802,-1.0301170990964912
4592,2.2814314617000013,2.532154108907661,1.5861822480332712
4593,-2.052087007013693,-2.413047549221246,-2.234017648024522
4594,1.1295623643104975,1.975639586141412,2.0500716004918504
4595,2.476204079210808,2.504322123120112,2.4255098276951723
4596,1.726608188564431,0.769402581697503,0.9507615087932516
4597,-0.9708767919796284,1.8059895922062887,2.127528793866886
4598,1.916631381159092,2.2841016367600098,2.4934071247468577
4599,-2.3852744136626085,-0.198720560476353,-0.8927843552732324
4600,-0.4750317978723503,0.9505731444172656,0.6784402435286301
4601,-0.4365767011031345,-0.4925113020757781,-0.761248281837045
4602,-0.3789628750826365,-0.689693640289279,0.0658043204463248
4603,2.8405240978879327,2.8646251611030813,0.4597195850987035
4604,-1.1781051702267913,-1.7392319399370015,-0.91648144803516
4605,0.53305232030125,-0.700316294652514,0.0645863642544333
4606,2.953007748822043,2.3083851067391,3.302506050779866
4607,-1.4449263048353127,-2.0230580424324214,-0.5445643813803911
4608,0.2386126887964172,1.7915749791553797,1.468622235411204
4609,-0.297649996893754,-0.5201454175095092,-0.4939548387659974
4610,0.2005456107184874,-0.1207000878722846,-0.1911161950973199
4611,1.1705266927557767,2.330155967328227,2.209263791080597
4612,2.304844569864697,3.301082905356684,0.3865716901629455
4613,-0.1622265350165589,1.864414499453775,2.8752846011570443
4614,2.446082736167941,1.2138603926521,1.7826612317739752
4615,1.2138859701373437,1.2963659343262317,0.025192322170861
4616,-0.0265215799242741,-1.3394532940832446,-0.1101598017373075
4617,-0.7542850501420257,-1.7645372961751404,-0.6853486562340277
4618,-2.032255180980848,-1.850730551997088,-1.5161517468923382
4619,0.5615440670212766,-0.8206274817114696,-1.443795039027799
4620,-0.2660418881852443,-0.5864165096906063,0.021672924123917
4621,-2.606635359246957,-2.944530043084314,-2.9456002860227244
4622,-2.36901370806059,-2.665571766287132,-0.6757626709161535
4623,-1.6208932742988065,-0.6089601814264199,0.6785748662001311
4624,0.6536293330472236,-0.4831655451518326,-1.0413774586517648
4625,-1.3885544360014326,-0.8467840483009623,-1.6354322132357173
4626,-0.0995892680042913,-0.8716811860692283,0.5882069077040574
4627,1.540776658845002,2.62620870404944,-0.6240105596197574
4628,2.0735596679548407,1.0529917374259632,1.3123882294175313
4629,1.7017222433762589,0.8346909960499003,-0.2588128715877154
4630,-0.3978703634052456,-1.89387478559514,-2.514211782242237
4631,1.126573170627619,0.5879712434705171,0.6784154304886015
4632,-0.7228945983567667,-1.9207114814248092,-0.5453208270947686
4633,0.4459452105540568,2.3419492539801183,0.2053342843445278
4634,-0.5283641466221208,-0.1187754480262873,-1.1425113131907612
4635,3.0713270042466125,2.0370454595641543,3.072965603813091
4636,-0.7739649889208551,-0.4916300813663485,-0.8943370424302913
4637,0.2805220873896544,-1.9206673400685936,-1.7379344553239957
4638,2.6205985668718275,2.532510289413838,3.313608947959682
4639,1.3576740727969614,0.1326956446208492,1.9251303184288728
4640,-1.1107742074877087,-1.0907086593613031,-1.681482911368279
4641,0.4978939993299092,-0.0573183070676703,-0.2370885725281522
4642,-0.7576017365568569,-1.940703550061065,-1.5255397868423275
4643,-1.3753318322948018,-2.477269620766711,-1.652191350473826
4644,1.4436340768189009,2.0877683087333674,2.8067228033435216
4645,-0.2347791826762879,-0.5633895193348099,2.0959573732815664
4646,-2.156048149489292,-0.6564755513397955,-0.6847097084654183
4647,1.2436812380084628,0.6533937632951148,1.3858600135722776
4648,-1.0386422974044849,-1.1003314200168397,-0.3299558341137876
4649,1.996269393094844,1.9330819102533543,2.058977047383882
4650,-0.8399357643957857,-1.5433321250276577,-0.30308983699455
4651,-0.1928222655817259,0.8346657736737779,-0.3842257967115891
4652,0.5615686256506589,-0.843610798717088,-0.6408866143809004
4653,-1.190602473795343,-2.32418656537979,-2.886874737150178
4654,-3.2929991077332623,-1.7644250885263355,-0.7122553759451775
4655,-0.2800892523526096,-0.2583693724918541,-0.7501803181786858
4656,1.935150122894235,1.8383227703796707,2.3645519943801463
4657,-0.2927918170891732,-0.1202702213471764,0.0326386538461474
4658,2.866565278186531,3.149824729742135,1.597455368337089
4659,-1.525736119569908,-3.138939109606266,-2.125041096037481
4660,-0.5480965699982349,0.5612752495915523,-0.2592697103667151
4661,-1.178099991631928,-2.3877716647410328,-1.8288166990765784
4662,0.8711727738847935,1.8892322403473865,1.12950561058172
4663,-0.3036942664129052,-1.0608976010157654,-1.9407361699895695
4664,0.8077593308653778,0.3618438435754237,0.6227165462120025
4665,0.5330780591507193,-1.2084750398024768,-0.3361208221532907
4666,0.9226877631789135,1.4507421021817537,2.2087813075411864
4667,-1.8554599389863535,-1.3343663723871393,-1.3359177295404985
4668,0.3220560601191346,1.142307186404814,-0.5404846574252962
4669,-1.4540917197551029,0.1573281497157427,-0.9882657738914792
4670,-1.7777901056828755,-0.7759380171093346,-0.3211154895137851
4671,-0.1291618487434074,-0.1566218019229779,0.4993942377145806
4672,2.046953386795455,1.213874536883571,1.3761721672927032
4673,0.6785188579198743,-0.4306917900423035,-0.038627326751469
4674,-1.070119813068993,-1.6353451083435746,-1.3115993264937442
4675,3.013060619590385,2.250846137377551,3.38198248741587
4676,0.5882580845991162,-0.5436774906384348,-1.4690200524787085
4677,0.0259059625102693,-1.1154883913035476,-0.4377069613496044
4678,0.2884428761771045,-1.2921379600159226,-0.5294900895074935
4679,-0.8587610146388959,-0.8912624925002081,0.1336231063008865
4680,2.561377168726384,1.3580200522537793,2.2237951733788663
4681,-0.4762499034095208,-1.1650492178371004,-1.115902101028639
4682,1.1685792598204396,1.314303529107206,2.094613489176496
4683,-1.123155800350234,1.312705844510869,1.6082694982853454
4684,-0.8432508192794863,-1.1663307614328156,-2.6464978287102428
4685,-0.5128356197509567,-0.0900141522557298,-0.2789400075038081
4686,1.9298726844611112,2.2882517742434643,2.7440071142846976
4687,0.681950842237349,0.4979146627056726,1.3123955872961417
4688,-0.34716709652565,2.1325654396810063,0.3220983985789705
4689,-1.468543718896859,-2.7945596437495186,-1.551059868744594
4690,-0.1285768634307152,-0.4608462842874736,-0.7162265955894335
4691,2.351862175265356,2.680697757488105,-1.3271166891297494
4692,-0.4707999433845086,2.0704265579686973,2.966811944533611
4693,-2.023708634918906,-1.2590735971816551,1.5983432058869598
4694,0.1153990324319058,-0.1911166174816091,-0.0455325496085273
4695,0.8077711676536368,1.1807913973494553,1.6705541706466498
4696,2.536958121147992,2.0251681945998508,2.365652175868846
4697,1.953542765166264,2.029712952674273,1.9578792017916369
4698,3.324088287393309,2.182906037354351,2.801094299234739
4699,-0.8582738872234953,-1.8516058942890743,-1.5252351706678675
4700,1.791571545478695,0.4084338760628865,0.7753342170371265
4701,1.1808509511903829,0.0023957246172316,0.901764513920272
4702,-0.8751584374493111,-1.8074334936455847,-0.7350244052152783
4703,-0.2313401306626901,0.0750350615832078,1.45321449956113
4704,1.296345896664981,0.0254859623096304,-0.2179081201804758
4705,-1.3113311754387715,-2.44786991468747,-2.800940813777697
4706,-0.6802764463287607,0.4610417171354628,0.8710683423090987
4707,2.3347523115731064,-1.4686355385328254,2.073803617134199
4708,-1.8540752426053624,2.557490673973597,3.231250576673256
4709,0.3782028563507819,0.1149418316092297,0.6536569690478551
4710,0.0114804638524903,0.081957045700556,-0.6846513132887516
4711,-0.6807064305549176,1.5810028838076975,1.856221369729306
4712,-2.4773906344228878,1.562382010916618,1.1805127021193718
4713,-0.9428378272633938,-0.5962735603641331,-0.7217904426419879
4714,-1.2096070266100805,-1.1466875164297377,-0.3773245804927308
4715,-1.1399180221462666,1.292157386465413,1.0398456310547717
4716,-0.0883700876938431,-0.3773936604078678,0.4978760951586245
4717,1.2290146353103002,1.1425279227631182,2.2882615847482777
4718,0.5329991780539626,-2.014224574667815,-2.387553423957509
4719,2.520639937690349,2.4326372571812875,2.3076795718101764
4720,0.1577581564048503,-0.0587550861554381,-0.8787758801827925
4721,-1.4116791566413631,-1.339362422073382,-0.2580324819602491
4722,0.8348144529435515,-0.9380167647087368,-0.7167648142111176
4723,-1.0033493753006522,0.5371252767801925,0.8707839253879344
4724,-2.2671207509488256,-1.94019217749766,-0.8977942182360099
4725,0.2473214271076756,-0.2573884521798603,0.4994280574109656
4726,0.8688711262372355,1.6760486818349334,-0.2955678267241073
4727,-0.731163449219309,-0.6051031255767906,-0.3454986626202597
4728,-1.2653113683635169,-0.3247864917112206,-0.537930232713488
4729,2.122060906067233,2.1923991083555587,2.047458453727568
4730,-1.609525030695168,-2.607739879551367,-1.9207050698311692
4731,0.6185707083055667,2.5157668856193247,1.2963042890507368
4732,-1.3115807032556406,-2.146610985636151,-1.8075546625618533
4733,0.2191333682927979,1.8378297458095665,0.7848922546996259
4734,0.4994590140642704,1.1264442143955475,2.125087836697068
4735,-2.022104502214431,-2.8332061631351446,-1.55092573428281
4736,-1.2242120495377553,-0.4498920115835272,0.4692174385443987
4737,-0.4100476037530816,-1.6352694367052043,0.0710965413957875
4738,-2.1252723786884604,0.0829225220055167,0.4085875637523558
4739,-0.4454319026001879,-1.0638685897672302,-1.3859263702097926
4740,0.8604190194512458,-0.8181735950028661,0.1698153317690903
4741,-1.816327000048328,-0.5032936650441623,-0.1954201099817094
4742,-0.4414704911252801,-0.9212699272728132,-1.272279486081226
4743,-2.8777456507287225,-2.2956037731637027,-3.103465804833625
4744,-2.014233698858765,-1.920858331579147,0.133787341737979
4745,-0.5008151147661334,-2.0326098307298563,-0.6449732784113597
4746,0.8712155601849936,-0.2491753582704475,-0.7372892502795853
4747,-1.5091650087330388,-1.8938868081918907,-1.7211171424073568
4748,-0.1106159188098784,0.9957205003239648,1.4417354906152209
4749,0.1152531891709307,-0.2740793784824731,1.3845342096293136
4750,0.4978573325681686,-0.1771359337983438,0.1588383543004742
4751,1.2831710313301905,-0.1937939304685615,0.287848702163525
4752,-0.5116465558946396,0.7753206049616977,0.9617540426602132
4753,-0.4299014489289534,0.6183784646261556,0.6186115203067906
4754,-1.130349511104378,-1.4399093449302605,-2.023314852080212
4755,2.578975122506908,2.418746586631044,2.032677872370761
4756,1.7831362304336913,1.1266409293138506,1.2110545336105747
4757,1.887027508266832,1.043867357373935,0.8712062485659418
4758,1.5966149652505155,1.129468305171215,0.1893932357273205
4759,-0.0385349339654012,-0.0386030207086526,-0.2086534346347576
4760,-0.4887112511633135,-0.1824732776264851,0.2385926692350321
4761,-1.416160848614578,-0.5461599078622706,-1.0883041721521924
4762,-0.5673194351147519,-1.4683576043844186,-2.896196083568457
4763,-0.1602051568215932,0.4456615591854147,-0.2920624775804024
4764,0.2883243672136974,1.2452336812928513,2.6090611406893247
4765,-1.7226465632527137,-0.7980536976327257,-0.8435737041796045
4766,-0.364220390464719,-0.1791570204212394,-0.6291775685580739
4767,2.5270463287579474,2.745250841032432,2.577428176227787
4768,-2.014187091504995,-2.202291165521833,-3.0738839447763007
4769,0.0034623302092501,-0.716129503967162,-0.5024917514775505
4770,0.6819445880405304,0.0110659087084639,-1.5248380904855403
4771,1.8991046254521,0.6784972061565803,0.588113620217027
4772,0.4611742603712063,-1.1006141867776658,-0.1086139345087968
4773,-2.5892719764497367,-1.3839623071461256,0.1581952450521203
4774,0.6535339948791057,0.4693927883650001,0.5614785974564616
4775,-0.3416465872726553,-1.27363024594778,-2.324108070282008
4776,-0.886636056639386,-1.940705512162028,-1.4536953753606363
4777,0.9506936904602892,1.2935098164404302,0.4993437765802917
4778,-1.506127834547935,-1.0706523016131226,-1.4696853521144737
4779,-1.1221361499432752,0.1326845476318565,0.2813502310182068
4780,0.4458061899419534,0.7143081341609766,0.1330125253065306
4781,-1.1386461152578804,1.6476547653020657,2.473738248007383
4782,-1.8740988257605795,-1.5667801688944172,-0.8426704422493682
4783,1.8599282947574165,1.212262379910041,1.5172835934817033
4784,-0.5163787497344625,1.7256773056290706,2.741894721679747
4785,2.775864766565646,2.4400193026581607,2.750484990613066
4786,1.0890391496598415,2.3421280388027794,2.788486912452932
4787,1.1808425667986997,0.5314737427920639,-1.334757911440663
4788,2.169372001115136,2.16936022850936,1.3136101277920555
4789,-0.1104557522687499,-0.9708812307752256,-0.9433095286239972
4790,-1.473642161072381,-0.3223171728163579,-0.6254831644655456
4791,1.7548017667099418,-0.8926801755410776,1.805208145299852
4792,-1.0947359579219234,-1.920874853762758,-1.739163385205002
4793,0.247301952450057,-0.3233917947698282,-0.3458770018339643
4794,-1.9618561763518156,-2.0520798494059926,-1.7861327320323577
4795,0.1893916445012801,-0.1978503918013782,-0.2754121709705803
4796,-0.6365752500897529,-0.7807235330838741,-0.3025585756228992
4797,-2.3390525388595123,-1.9381546971557653,-2.2927522212598634
4798,-0.4225855310380577,0.6531768991329534,-0.6284335790657265
4799,-2.023659759022592,-0.4437135250536755,0.0317811232282958
4800,-0.9144746138153804,-1.5432773693287485,-1.0702117508591542
4801,-1.5615068143270396,2.519128270322954,0.4978077895188603
4802,0.6227624137665058,-0.2123079861400404,0.7145088663618674
4803,-0.6011959773296915,-1.500983337470172,-1.1303457699863884
4804,-1.0370371583778977,-0.3836160849902309,-1.7015476899142032
4805,3.49816278551513,3.412332014451918,3.7237727095293702
4806,-1.0853464563378707,-2.3851484224632222,-2.1112625019504607
4807,0.2513949753223354,-0.3962300450946847,2.8076347521854195
4808,-1.3537752612036098,-4.053297043448237,-1.6815181065542977
4809,1.2138569744628278,0.0740956194091879,1.2962673961803166
4810,-0.5399624536549303,-0.9014146638647796,-0.8014213931199407
4811,-1.4877889653469387,-1.8290247059702531,-2.2955830587842496
4812,0.003644204334796,0.1316239511299844,0.8712162084622693
4813,-1.132876048519471,-1.9409267390455724,-1.8516966414585996
4814,-1.321884253206295,-0.9102406830616144,-3.224641962818848
4815,-1.5262537447202,-1.7007682098789214,-1.230719603599145
4816,0.7144916660289287,0.0002471317734521,0.204843150106691
4817,-1.468457203347694,-0.1443686068358624,-1.3103690140929514
4818,-0.1405321681355163,-0.3941638080296104,-0.5127716321807876
4819,-2.7672777786137157,-1.3878429811584372,-3.7918222573372034
4820,3.102331892119916,2.818850969414067,3.32307764521732
4821,-2.521387056805985,-1.4866493045773848,-3.1617868935840896
4822,-2.2016388614832034,-0.3863385025852011,-3.0056799397717087
4823,1.6626110063458148,-0.8279240121888274,0.4615975559651274
4824,-0.4814916492052544,-1.0396221390396438,-1.1014709735990265
4825,-1.0695505888926016,-0.4091601976253607,-0.7441289702964479
4826,0.0830539521121903,-1.090213474130841,-2.03227835829847
4827,0.3181301998477431,2.407790529780666,-0.7241418924557265
4828,-2.014173281918693,-1.0864654953255153,-2.108158120493767
4829,2.978669082608476,2.300144183847175,2.562485881226636
4830,-1.98638775993226,-2.4062830069912486,-2.2190713509984006
4831,0.6227418226869303,-0.7068685734532135,-0.6687065831566458
4832,-1.893931598258216,-0.5487722811896167,-1.979788969185207
4833,3.414599872985857,3.3220834732819347,3.598719356879379
4834,0.8075365279863792,1.0889681289302884,1.088896183451652
4835,0.1893895523337083,-0.5414125071465332,-0.4191401640199682
4836,0.1698810326431082,0.3283473953264639,0.4994333063232793
4837,0.5891424243352991,0.0819584866184505,0.8688564104800153
4838,0.0832208533253304,0.3219322944693465,0.8688744985982652
4839,-0.045940059936618,-0.3824820435145314,0.1151240602596826
4840,3.118831002886414,3.158442158248905,3.0797340023437445
4841,-1.469073138069154,-1.3332708928190824,-1.0258808689789256
4842,-2.8546588220638864,-0.107886844024606,-0.6030490114601967
4843,1.2962787115654937,0.8711901005683456,-0.3821422137465947
4844,0.5882272472392731,0.1695910898845054,0.1692630030415318
4845,-0.4139867687234708,-1.543399645126966,-1.0081513554112222
4846,0.1329096315585925,0.8077179021064715,1.3578517479207228
4847,-0.5642860744828644,-0.7259254326504382,-1.0878764158260028
4848,1.6372349030552804,1.321202754085844,1.0934469906448248
4849,1.991364683369644,-0.2349090769103457,0.2380408589970991
4850,-1.4685050579975047,-1.8937590386342689,-2.0642800073520915
4851,1.8895554338794631,0.7754307278782295,1.3921502088089748
4852,-0.2142400335736145,-0.2112101548539952,-0.8058200544018029
4853,-0.8323207738153545,-0.3029902991409375,0.7136783183857001
4854,-0.2273543534801049,-1.275105856622298,-1.3715993061114364
4855,0.0265703077983412,0.0263736525267688,0.1692782129578955
4856,0.8603750598106182,-0.7498691411839048,0.1696137556422238
4857,2.4248414008190537,1.5269453136363895,2.4719860102096964
4858,-2.014173528518449,-2.295546562020452,-0.7738225647905774
4859,0.0329385466914292,0.3776044584943112,-0.2575765226031276
4860,1.980049050302521,0.18310759819587,1.5270029513796344
4861,2.9510541022001764,1.7387800618723976,2.6197157660594823
4862,0.5890698879153341,0.1580430902540281,0.8689947385978859
4863,-2.61577989882586,-2.111337203629024,0.7459124559423211
4864,-1.120676649290975,-1.4877460569895002,-1.040564033355842
4865,0.6535439510802066,2.747349032862906,2.9750607476566304
4866,-0.0067680394688569,0.4126026375528133,0.6784874837394537
4867,2.76586942976042,1.9366428791582808,3.1508490078378326
4868,-0.9186891837255328,-1.6279958620672847,-0.9372279318784812
4869,-0.699832846064323,-1.292804361742943,-1.2465190086152522
4870,-2.4507848050564687,-0.0387066008716592,0.1869980869305864
4871,1.1295216407107205,-0.5449478578027299,-0.5840789349848358
4872,-1.065802038721898,-0.402150311007682,-0.249395109752784
4873,0.8076601977637093,0.0023935052194331,0.2059132389202544
4874,1.816085421750172,-0.059005713895596,-0.0617430286855338
4875,0.1154040407027626,2.2125569403611007,-1.4399106724237405
4876,-0.1746368201767422,0.1309160618120057,-0.4998232214690511
4877,0.8711569205586863,1.2962560807951395,2.140880277513889
4878,0.2816504353954296,0.5328369770648521,0.622638990588931
4879,0.589235256237097,-0.2335943159761961,-0.1182427989305682
4880,2.323675185174752,1.2944956576077182,3.590200745504826
4881,0.2510964731039978,-1.635531458593206,-0.3076903974720965
4882,0.7008165854636085,1.2137627974549494,-1.3880511370982531
4883,-1.2374055245749975,0.3138676883581883,-2.2668675989751934
4884,-0.5236040196359852,-0.7576571493752877,-0.4913883508911747
4885,-0.5455838257338964,-0.2914556264073469,-0.3282941466416839
4886,-0.7905990016032061,-0.7214794578334708,-0.7379622096019784
4887,0.1152732222543579,0.0329287715121665,0.378016102154374
4888,2.037828626041785,1.7381603566870922,1.7380723205744164
4889,-0.0972899154573049,-0.6032799649440195,-0.0465444794056142
4890,-0.6075951294803069,-1.254283517980478,-0.570700585912215
4891,-1.738789071324283,-2.1113677359790666,-1.8558370678159333
4892,-0.7222297729954044,-0.120796300979287,-0.1950385159467874
4893,-0.8057432641330693,-1.388209434622134,1.3761574337182545
4894,-1.310265879071808,-1.0346005832616234,-0.8095577276236287
4895,-0.8833198698254865,0.1147205324120323,0.1998761014499111
4896,-0.9791037434461314,1.0530259515615004,1.8350292612824612
4897,-1.8729585694176256,-2.50113885164797,-2.9631943993656678
4898,2.5011232550696554,1.8082836500353128,2.261282557436053
4899,-0.0225837549079843,-0.3710447002443148,-0.5183815287647772
4900,0.8605054475642298,0.0959243949632216,0.1692745148605835
4901,-0.205168684857293,0.2386381654511048,-0.2307677562502829
4902,3.0700580154489834,2.556632358649325,2.0593265875713835
4903,2.7646546760142456,2.3191979002243586,3.302044005885144
4904,-0.3389082008384494,-0.359952314989487,-0.2061720293763849
4905,1.357834609237723,1.088806236190872,2.635999980906933
4906,0.3221125318374674,0.0109882830891269,1.1422069966244055
4907,-0.9421129033109472,-0.1622278604902441,-0.2516866996297228
4908,-1.739499642379824,-1.5003137980312893,-0.7556388919205204
4909,-0.5156955964938003,-0.707198612554703,-0.0557620237681429
4910,-0.6350115691923998,0.4978633415023669,-0.4245051760981202
4911,-2.456719215432255,-3.282991539687405,0.1694048429674642
4912,-1.2850752391459626,0.6818084059705877,0.3217772271776378
4913,0.3215732606509992,-1.116428491936982,0.0813303690477648
4914,0.7449092329150264,-1.014811417765139,0.2882742845051292
4915,1.540910817498327,1.0533075130496483,1.053318181973633
4916,0.7693718039843906,-0.1566218913930741,0.4125829541316368
4917,-1.2050415955101077,-0.9114595335515698,-1.0287277129390824
4918,-0.5506809711864916,-1.1383580215479336,0.8603488152490496
4919,2.406876256978081,1.5983316371852292,2.764792374955888
4920,1.1295087340995031,0.7851947055159157,-0.3746880858927394
4921,-0.805127304153627,1.51792121703436,-0.8033639082031369
4922,-1.428279570905324,-1.038522778648554,-1.237339518161466
4923,-0.9517965983034518,-1.236043317215737,0.3871931818003551
4924,-1.147347399235871,-0.3854030434695399,-0.7443429819818036
4925,0.3782621108324854,2.550484646110422,0.8350649871676179
4926,2.0304424717934757,0.316858309299855,1.886252522250812
4927,-1.1225781800048191,-1.411854982266959,-1.7393373613324326
4928,1.3580020504716357,-0.4005083573613598,-0.4167569077191868
4929,-0.4923253708458907,-1.387084758919495,-0.5686446002145717
4930,1.180881406260174,-0.6031632040700751,-0.3658046512094697
4931,2.3714676718885475,2.89069227249271,2.8939008914019246
4932,-0.2803562907665707,-1.543260191070267,-1.0055495053653445
4933,-0.6991172698598141,2.165759155591352,2.361035593967052
4934,-0.9259808857211173,-0.6081058613006295,-0.6077015161122797
4935,2.330176000411654,1.7098066786701935,0.8370346254484407
4936,1.6405374654713696,1.8287184760079331,1.8287252341565596
4937,0.469587205819225,-1.7771389097902637,-0.6011735004514487
4938,2.9761280524146474,2.307684399059195,3.232195027943749
4939,0.5882562951971911,0.2470544483404454,0.6785119388990971
4940,-2.855400111634739,-2.585056075850661,-2.5854499828611144
4941,0.4695379678792351,0.3779283669034606,2.972427966041874
4942,0.2386454620140599,-1.8516786146560045,-2.1252005167407013
4943,-0.8981418706410531,-1.807599452628179,-1.8076475430151804
4944,0.2884890970864578,-0.0464166602662877,-2.38510111542284
4945,-2.111703471148312,-2.0237961288073683,-1.3343766302913038
4946,2.11531858666216,1.5976531518404928,2.306741075567777
4947,-1.5003135566688384,-1.3196542448718638,-1.0587739590056826
4948,1.1263503304412088,1.9000649378185892,1.3699998297191929
4949,-2.706374329333018,0.2873857689826394,-0.1215759016957942
4950,0.8712473847058034,0.7011559291503189,1.836630786455201
4951,0.2056993752823889,-1.7389913818756146,-1.5680595284254015
4952,-0.9213996417617546,-1.183202834531045,-1.6010366492660926
4953,-0.5060473022458047,-2.0321598964528462,-1.6013210312743744
4954,-1.2174338399019784,-1.4002330566072687,-1.4000112900620136
4955,0.1592801669253891,-0.6915890026593313,1.2138790158902035
4956,-0.9542452118774246,-0.8821676782751023,-0.4449031777063941
4957,0.2386421816265128,-0.3856385312844615,1.729713614740618
4958,-1.3067472671271014,0.2879192403398097,-0.4912944816476579
4959,-0.862527142640813,-1.399871000951083,-0.9220743230848925
4960,-1.2374954583134343,-1.7213451002712326,0.6183467579739412
4961,3.1480942044124185,2.9958334528682222,2.9293525669993934
4962,-0.3626097664285224,-0.8593416954129102,-0.689837777846307
4963,-0.4811161198596972,-2.5823549176748464,-2.0648688788556706
4964,-1.9408473965878927,-0.0568853572271186,-1.127232555625493
4965,1.94105357478305,3.005536570811466,2.1829143878966684
4966,-1.666263757981174,-0.8544059153568164,-2.201428876150893
4967,-1.473632506574344,-1.702560688120761,-2.1114590916667444
4968,-1.0998549929989492,-2.4972891738433995,-2.218846690438171
4969,0.950550597953009,1.7048953470179145,1.292705062747966
4970,0.4611850158805541,-1.6353413365485157,-0.2401885261338072
4971,-0.7085030871925345,0.7850971692530632,2.213766798838921
4972,1.369633360204925,2.3619034907294987,-0.5200097871354386
4973,0.2387615018913073,1.8905200517652527,0.6819480217172151
4974,-1.0434811851622767,0.2809471020680761,-2.436306935398193
4975,-0.8817499347170116,-2.032288781959834,-3.039814014233065
4976,-1.1262936903148388,-1.1032041767109753,-1.8514559161967377
4977,-1.5984068771639732,-3.040974612333804,-2.7489757673721487
4978,-0.8479692615153878,-1.6282421724484597,-2.385087599125588
4979,-0.5330640338293484,-2.969830374934922,-1.8550054534912508
4980,-1.1333031558676725,-0.4915561539113955,0.6185903628938817
4981,0.9575414587794644,-0.2588702565279599,0.0747367067006147
4982,-2.3389178586118926,-1.6319557751184846,-0.8816528397175187
4983,-2.569317868384087,-2.5715526433172573,-1.7762423689662803
4984,0.4614102332995823,1.5968840592542528,-0.3178114791041219
4985,0.7145479524230974,2.4068003042534203,1.7394240571336097
4986,-0.8989495970385892,1.0089747187055316,1.621644216218616
4987,-0.586228156190077,0.1692650012070149,0.7693676287132319
4988,2.6407877454349395,1.7705409881630478,2.7420239944037084
4989,-1.3395846285762685,-0.0460286701264161,2.5343145687102973
4990,-1.0494482466806527,-1.469718038522973,-0.9410489025121052
4991,-1.543395231268884,-0.5501736757407157,-0.0393728512402113
4992,-0.3497414382378817,1.323543728497424,0.4693659971329467
4993,1.4430856847755775,0.5881795895013336,1.9696620555882685
4994,2.593522005810565,1.5856247896868607,1.9770776950464148
4995,-0.2893854386488771,-1.2075749357950796,-0.0470372936385505
4996,0.961647353420366,0.0825891487888222,0.159007278930232
4997,-1.133665248193332,-1.6353210631500736,-0.925260841377748
4998,-1.9207501975864063,-0.8145724345701899,0.3609838577534562
4999,-0.8366657382055213,1.088848897948555,2.0263730810047065
5000,-2.8559489086546868,-1.8938955304679643,-1.5505624632711943
5001,-0.0226940617714813,-0.2842563759897721,0.6819681332520828
5002,0.2790512431486062,0.444660980677903,0.8074223522996318
5003,0.3621009238204221,0.7144677458526555,0.133497956925024
5004,-1.0263673477156392,2.4106704192756,0.0957468564688827
5005,-0.6717534860500741,-0.2421164438176134,-2.0644139060766844
5006,-1.739195566473081,-1.920642556793177,-0.3798682044346271
5007,1.7503976881742942,0.1998062873609793,0.1146351504450154
5008,1.040052963091164,1.761091753063716,1.1270125284469703
5009,1.7402591672052516,2.761975219350265,3.1361311642195515
5010,1.6730211545996123,0.8067422301742547,1.6008436255935514
5011,1.4532386626232263,2.1976138507617557,0.7852878217064337
5012,-0.5052541535894591,-0.1221604400808828,0.1586928215931311
5013,0.957440916867424,-0.3350420997507883,-1.9798526182268263
5014,-1.5928751674541244,-2.666541383390721,-1.7211193819106732
5015,0.957502208537132,1.04383753661925,2.257874405995531
5016,0.8603689161973419,0.6785256576471899,1.039591297394479
5017,0.2005766861340447,1.6900767464812874,-1.438100816085434
5018,-0.3895093609464239,-3.17749825719976,-2.9490198848307747
5019,-0.1562213039487671,-0.865240353133165,-0.6517389957235169
5020,-1.3497756680515522,-1.8938622915240075,-1.893938198899569
5021,-1.1901411659790428,-3.316286822014938,-3.1559692932166645
5022,-1.9618363736371771,-1.9618267108667813,-1.4697339045533755
5023,-0.6288925084106961,-1.9617966489144392,-0.9734261620053132
5024,0.4979100640315412,0.3219736825365286,1.8824244231931344
5025,1.376203756076322,0.5387552226543412,-1.9799221606982265
5026,1.2116331068997015,0.3280814305536579,0.6784446573867121
5027,-1.0121756794603596,-0.7280802479544408,1.4478949907105712
5028,-0.5249577552336042,-0.7318298136296544,0.1152472456205765
5029,1.1265111380275477,1.756515417286913,-0.7088034406432017
5030,1.7269663075363817,2.29573212329876,2.865787143501469
5031,2.820653946922522,0.8359338919909696,2.320620219616844
5032,0.3220480277683186,-0.8024744950486637,-0.7411226637276543
5033,-1.0427393376564185,0.1581186617989197,-0.8413439603824563
5034,-1.1806471980271227,-0.404851761147365,-0.8817511610301133
5035,-0.6807063709081868,-2.1430635411045054,0.2472400689668127
5036,1.6424045407602563,2.515662265004843,2.359412166075864
5037,-1.9380888052066607,-2.7474752170147103,-2.570438031518858
5038,-1.7019883730786356,-1.163309441992022,-2.142959755792848
5039,-1.1570046172143968,0.0813329136474508,-1.0405671079437395
5040,-1.6354185404786286,0.1280746919795078,-2.2271946798591493
5041,-0.7913031507356041,1.3872613639623832,2.168934539154532
5042,-1.786184743981648,-2.143004848721361,-0.3487168721592504
5043,-0.0336020950694905,-0.3406059689371292,0.1294431758414838
5044,-1.1644173203706043,-1.9618101290756087,-2.324197778965188
5045,-1.2849960450928732,-1.013219632401249,-1.092146481349176
5046,-0.753035808309263,-0.3457404936613989,-0.5227443728886813
5047,0.9956639673300408,-0.3019404315073165,0.0640525990838827
5048,-0.3921919039105707,0.6222970183781382,0.7142286673898008
5049,-0.8692557114064381,0.4124068173354727,0.7694314507152284
5050,0.0822669043635256,0.9617804083918996,0.589206253932242
5051,0.1335618262616711,1.8048435198430943,0.9017321477023764
5052,-1.9410114772808995,1.393268361095096,1.6765812696149975
5053,1.3147680311440229,1.387189799995682,2.108258915339882
5054,-1.273518706561113,-2.052034517890556,-1.8730081954976825
5055,2.405889782725021,2.1799266327187627,3.3129305515518275
5056,0.2003524302468235,1.3148766442469415,0.0315222921699787
5057,0.2506089685926279,-0.3873532432920299,-2.228043805221797
5058,2.275310275594498,2.2867600620461315,1.7559023681873618
5059,-2.2929880323744234,-1.6317608749393575,1.4479081449641469
5060,-0.7307737322256056,-1.3829723047993066,-0.6925708834922422
5061,0.0322138861028152,-1.6243125503848517,-1.3055934339304256
5062,-0.6184209283448036,-1.216979093226071,-0.9680682154676108
5063,-0.4012675238715725,-0.5986991506225964,-1.158315055394863
5064,2.8437378342487403,2.2094344366234897,2.1982644541031577
5065,-0.7820966432882271,-2.226960357091112,-0.8717406017829201
5066,0.3783315628777409,0.6535740610459604,0.5615326626454702
5067,1.9475180005222057,2.970321680888385,1.270871452097741
5068,1.906539011918701,1.7307172293830413,2.9299191236523745
5069,-2.3055888470504247,1.527114101465278,-0.5875677864800714
5070,0.7012111505873538,-0.4669479610637109,-0.0213858107493646
5071,-0.5307919382272028,-1.056826646751571,0.9235491857662864
5072,1.7385395038110107,2.505038988609043,0.9016884378957328
5073,1.0529491843613346,1.142371077317412,0.1587515006750469
5074,2.71877400537908,2.773841840473098,3.0729665848635723
5075,0.9017745012103654,2.382701589757285,-1.5678056539772236
5076,-0.8759076289573946,-1.7773498605723772,-2.570135845730292
5077,2.8569978220588146,2.643770509307912,2.933131262680892
5078,1.5967033666972097,-0.3148549811208792,0.0251850143179343
5079,-1.6099896246343306,-0.3171299592156034,-2.295945560424679
5080,-2.948010305432191,-2.729152775920152,-2.1082128656394645
5081,0.6784680389052005,0.328386911285644,0.5882138267248346
5082,-0.2887786836175429,-1.3821165542295306,-1.5643417049269204
5083,1.171530277826748,-0.6421658052005285,-0.3357908092552936
5084,-2.2339794741167864,-3.6385058581956153,-5.09750115970172
5085,-3.831670136569556,-2.692364439969526,-4.430038822983988
5086,-0.4319469848895623,-0.8350337426608028,-0.7841328153839577
5087,0.3220663304913613,0.4084164011011874,0.8688966335497507
5088,0.6818296825029021,0.8686913487365278,1.734712066943107
5089,-0.718272001283325,0.1686347440256168,1.6563362276820526
5090,-0.6031619094213593,-2.0140928903984343,-0.794505071225299
5091,-0.6847110359588986,-0.3848888797049093,-1.3088739116822548
5092,-1.551030401595696,0.315404547508968,-1.9798596903425625
5093,-0.7309115014282499,-1.334158197587026,-0.8404359618805919
5094,-1.207250221298639,0.6818039299277665,0.6819120907433356
5095,-1.156996768810546,-0.3513325142381611,-0.6183347533755496
5096,-0.3271241889520065,-1.2129556826441346,-2.889615146551792
5097,-1.5928903725029555,-0.639125985432669,-0.6802869955680663
5098,1.7337196117499094,1.840945731472876,2.864739355984439
5099,-0.8974537034100306,0.7691187229054456,0.6782689381176638
5100,0.6535498041196417,-1.0552451796324582,-0.7625701577645196
5101,0.7855017532074339,1.453113839780494,1.1295146864635806
5102,-1.3045272474268974,-1.6521267413379128,0.6221009099226611
5103,-1.8076263266679735,-2.2273846840352443,-2.064649407530678
5104,3.5418622349690114,2.7660532395052178,3.7230955466010585
5105,-2.1114331452032693,-0.7851263839132154,-2.384936506231305
5106,-1.6209959859693088,-0.5578893979017072,-0.8925683975674875
5107,0.5891628424484422,0.589116978338439,0.5892318838760674
5108,1.243938771743606,1.0104046705460723,-0.3346460573208341
5109,1.007959910280592,0.7449106207491192,-0.4498849215615311
5110,-1.6316044720711544,-2.0223630392549654,-1.8558610833798013
5111,1.965412226016072,2.337015772993945,0.9508488912539292
5112,1.5224575778458105,-0.0028195211346903,1.805593059799615
5113,2.158303456941051,1.3578388014335647,-0.2375260169259095
5114,-1.3882181568982075,-2.0641463443646897,-0.921788550420193
5115,0.1696245815238709,-0.1570374501668214,0.0958602747275709
5116,-1.4686271698625384,-1.4685248599215643,-0.895523184052778
5117,-2.608206565271732,-2.914057419070138,-2.957223727622348
5118,-0.7184398223410535,-0.9524422824701066,-0.9237911378593068
5119,0.5388202566519593,0.4614665155539775,0.8712476204429946
5120,1.3691737224970886,0.6784734071109759,-0.0386328142507061
5121,-1.2174735646247166,-1.961787224730967,-0.6226228615921374
5122,1.5405065020686997,2.175624235832793,2.4519537817638093
5123,1.651029853257018,0.5615442480431148,1.5007151115159945
5124,-0.1905007208474458,0.1151016437220524,0.1153671725883829
5125,1.5372740405960668,-0.4923210564920803,-0.1203332169468694
5126,0.1589766211026897,0.3220827324290964,-0.5920678625252067
5127,-0.7115921151846021,-0.9491432719935936,-1.2812661504574103
5128,0.6818467282550156,2.734610122249066,2.6620268571236068
5129,-0.6674687046331094,-1.2635517273729573,-2.032343107630239
5130,-1.8158603257494523,-1.937779981950695,1.6154877841827182
5131,-0.4388042407569363,-0.665231757721652,0.2508750569471776
5132,-0.5514229691015952,1.3762168394904328,2.157437043399554
5133,0.6188578362044297,-1.1007045919904852,-0.1011856788116741
5134,2.705456774811731,2.1096722589790424,2.6610776964319838
5135,-0.0452940835070075,0.5610633333596347,-0.0461863401474867
5136,0.4613588425919039,0.9574898323345948,1.5269083028973738
5137,0.3181654130906763,-0.0246123751522582,-0.7754024732044534
5138,-2.608513259357464,-2.146521641240692,-2.6099463057426755
5139,0.8689239803319183,-1.4089669539208989,0.1577616820550177
5140,-0.8238162672199985,-1.3844701234015355,-1.036783073605854
5141,1.9998187261443563,1.4421680265861818,2.4507572038519334
5142,-0.4319492476625398,2.2461770402386367,2.2092630669932447
5143,-0.6097936848431481,-0.4005639877091832,-0.2109484022504746
5144,-0.3077415288580685,-1.525741883241486,-1.681438028308757
5145,-1.047973183027033,2.175037679209145,2.8620043478317325
5146,-0.8209215768223835,-0.8735989219209601,-0.9519561791472592
5147,1.873718976807512,1.0397363582438766,1.2106371257881714
5148,0.6818674529464341,0.4977564069998995,0.4977437759749521
5149,-0.6984317688514625,-1.2737380872371349,-0.4481057724038748
5150,0.8603170831882438,1.444363437043586,1.3704766456855106
5151,2.526685761737294,2.215731854576989,1.2706405114268144
5152,-0.572080905983033,-1.2161701642624478,-1.7861024314930918
5153,-0.7265735584575528,-0.9554994477326396,-0.7272502898362931
5154,-2.1431241421830367,-1.0476135132400806,0.0959692493048116
5155,-0.3623260193840408,-1.069135962421763,-1.96180380652214
5156,0.6535683890283635,-0.8335312614037571,0.288374811965942
5157,2.148578864835003,1.3763296397364146,1.8372805960227012
5158,-0.9753244651679168,-0.6170410368544512,-2.2024899249246808
5159,0.1699186697302669,0.1697660933927837,1.2106455956239504
5160,1.77556861110537,0.6784111955707121,1.2133461610093648
5161,0.4085475552874132,0.8688952846053388,0.408286227965443
5162,0.2058149689177298,-0.8880689640179154,-2.202352815460681
5163,0.4125989692788667,2.414377582890633,2.802502439256359
5164,0.4460985031270037,-2.2023671182464946,-2.9457768514475866
5165,-1.044661031602422,-0.5034519331973877,-0.7604791576186628
5166,-1.681477025065391,1.3130624563608406,-0.9564593201825262
5167,-0.6148915539016078,-1.4683669160034705,-1.310907202100426
5168,1.1697666423977948,0.2001728264130244,-1.8555099010136968
5169,0.9506816418206598,0.7694701017968114,0.0961048263240061
5170,0.7012867632914264,-1.1014088568491494,-1.894405665749688
5171,-1.4117716724443972,0.0312160937306663,2.972422656067954
5172,1.3178431094501095,3.231852051900976,2.531923149546473
5173,-0.7596694319990855,-0.1799715822804005,-0.1432484721047995
5174,0.1130205563295123,-0.8359611175378925,0.4694658005064068
5175,2.242479044832883,1.126295932622685,1.851418137788396
5176,3.410874280762377,3.1581551381801134,3.590097914540862
5177,0.2821391036357125,0.133559421914056,0.2820219687519003
5178,2.4181408068968206,2.395074629950973,2.547975893788079
5179,0.8348274865159018,1.571640071128205,1.7195785995398127
5180,-0.0420249259762215,-0.5128389790059311,-0.3951672829025264
5181,2.0318620811587893,0.5383708531641146,-0.1895146952539389
5182,-0.7955198734345947,-1.3372966332226677,-1.5003080053324669
5183,1.2106441641024102,1.0400509351023155,1.58255429527679
5184,-2.187764334312835,-1.2355744359424703,-0.5798350172662358
5185,-0.8483764329233803,-2.142958085684384,-0.9097235131172224
5186,1.8136256829308013,0.9618151130526772,1.4682223347087426
5187,0.538794590765269,0.2515638515526703,0.4617725613624331
5188,-0.8880732178636959,-0.4077285207745749,-0.4053724142366312
5189,-1.038071695533222,0.1886900022188677,0.8711731274905803
5190,-0.8473058768190038,-1.0076158600373706,-1.7774950400866123
5191,1.5984186868988834,0.9017411485934484,1.0890070916916406
5192,1.0900918112144324,0.8355410746020793,1.444816412648946
5193,3.465032935607425,3.2630198355192404,3.464854246816507
5194,3.323962313497779,3.3241832449888027,3.590007012923065
5195,0.7146180484035681,1.7392273938286826,-0.5529641865132094
5196,-0.6166327050929684,-0.1222806800525128,0.9225072240656174
5197,-1.8074004904388188,-0.8360327822226026,-4.188465640160051
5198,0.2176854999316904,1.5973241805901943,3.0461286540838164
5199,-2.4328108906659707,-2.0142149572773547,-3.072182159864326
5200,0.7449340932474722,1.6263877124667634,1.3835321934142737
5201,0.6818535342927299,0.0820747104426632,1.6076811132591544
5202,0.7144494358208174,0.6225284522485756,0.5324164011820274
5203,-1.114797443573522,-1.78616852007086,-0.8095460532675565
5204,-1.5241593261837547,-2.94247835493785,-3.703008309091665
5205,0.0215176213675253,0.0016003923543737,1.0438606388639862
5206,-0.1909139937040525,-0.8957010998115085,-0.794188518155259
5207,2.541038131585573,2.500334486701056,2.156697979584971
5208,0.7754020321516499,-0.5628392415873168,-1.0288398757522763
5209,-1.2380558056168809,-0.6499045970252063,-2.4849075277432604
5210,-1.4743730065738003,-2.201425376395355,-2.023633812559117
5211,0.8603676636159944,0.4993794453253327,1.518008420554845
5212,1.972280189191665,-0.2585420497776297,-0.5927719393835664
5213,0.2005460934433893,0.2003588866923858,0.6536951043151022
5214,1.8384102594338163,2.713395472296928,2.0113515416400736
5215,0.5384640577560792,-2.0643537930929323,-2.379566949439237
5216,-0.472163446233089,-1.0055497439522678,-0.259379847758978
5217,-0.8279970014257467,-0.431335281927984,-0.9833576062253218
5218,0.714442284427911,1.6703249561740108,0.622496147680619
5219,-1.1828413174286667,-1.143841862906095,1.228909295014865
5220,-1.681224649829063,-2.312599553375488,-2.032323977145853
5221,-0.9558493440685544,-0.972968254052671,-0.9298097286670604
5222,-1.2105869581608606,-1.6313838667910034,-1.8552949677511423
5223,-0.7114231385587154,-0.8366691935231582,-0.9433340297394812
5224,-0.2241057959124114,-0.6166308948745864,-0.9114587491236044
5225,1.2962771792737506,-0.1312344502947099,-0.873101866193416
5226,1.9537898131020768,2.0497664386978616,2.434760514612532
5227,-0.4964320571358998,-0.5112113373748497,-1.6011293585365802
5228,-0.8009539630785495,-1.4877026554325508,-1.920628747206875
5229,0.9616756812530152,0.4086364936451133,-0.377394518827039
5230,3.4652656082151245,3.4652656082151245,3.7219216462711535
5231,-0.4998233393376468,-0.6003855247763561,-0.2829261171366988
5232,1.827722855897843,0.9230960277646636,-0.4498814218059925
5233,-0.5080633303271559,-0.319804893470705,-0.6584578172775449
5234,1.229113966671537,0.3219926290739497,0.5891687287513303
5235,1.1422309097298888,0.1588919135251905,1.3919255482487451
5236,0.8347866962616943,0.6534362430864786,0.2000104196538542
5237,-0.2981092732456347,1.8432163943480075,2.603349539650493
5238,2.714845293414452,1.7885064532979948,2.838317597778444
5239,-1.0670392296947102,-0.7735923022689781,-0.5212237154970434
5240,-0.8568990631857925,-0.7026813096066213,-0.2799306327141555
5241,0.8712770875918927,0.461370688385761,0.0758085447746336
5242,3.014335486320312,1.9990902504460812,0.8711886861451985
5243,1.6442057527380978,1.1267060635439257,1.5143444411729376
5244,1.2916890403348742,1.292371398935659,-1.1143801550445804
5245,-2.2340405523691644,1.5845702354856477,0.4993312507668158
5246,-0.8303403755523004,-2.1250575286330444,1.3132155002359316
5247,0.499448874120028,-0.1001484859292616,-0.8252503813831226
5248,1.848515847159288,1.5220998284099363,1.6989690864287894
5249,2.9832672104197,3.013625917374846,3.4652649010035512
5250,-0.3618568516422593,1.376205170499469,0.7842604790272509
5251,2.8172794066932387,1.9192951517168595,2.6431291798353773
5252,-1.6817219197917983,-1.7650983344191635,-2.219031127928665
5253,0.0054708728949883,1.043030961819612,0.5329223773328585
5254,-0.4312393164232243,-0.6472995242597221,-0.9222500059719372
5255,-1.1859956399888345,0.4972333844620287,-2.312527200902488
5256,1.7347244527054344,2.8032434328739813,1.053287646777401
5257,-2.067124791911154,-1.6990946026441658,-2.1115141223055565
5258,-0.9605044365797616,-2.218892309285554,-2.125277038678247
5259,2.460105307379414,1.8031454339274504,2.84053080442984
5260,-1.3036988787239092,-0.7088030231160858,-0.8541853087462167
5261,0.4695827406138829,-0.8909718439479657,-0.3836114085927441
5262,-0.644940461342619,-0.1007682452860322,-3.373316731477468
5263,-0.1285297425133534,-0.6269746870740668,-1.1145996550140638
5264,0.9226629028464676,0.0321248836990343,0.7449991404279981
5265,-0.5544567315327323,0.064046958114478,-1.2689627540038348
5266,-1.896565171192163,-1.8556339613134751,-2.1114169739190567
5267,2.3053730850605514,2.533758735921509,2.704012686644143
5268,-0.6734795396166989,-0.544204432956653,-1.5252419153899268
5269,-0.0696517685659092,0.3284317358038686,0.7694193424288683
5270,2.3390076472093195,2.272246916690685,3.0720542079159148
5271,-1.0658030251209196,-0.7707716326168413,-0.7288119444372653
5272,2.2020552601210914,1.9166796421754344,0.7452126255158467
5273,-1.136308621522412,1.2294182149520665,-0.6669396118453852
5274,-1.1191653626900422,-1.3387818029493066,-0.993423900814824
5275,-1.27407234751675,-2.1430587693660383,-1.6208953022876549
5276,0.4126927935864747,-0.7706234001191263,-1.2721263132764349
5277,-0.3102174906471814,-0.9519597548437124,-0.0562369429241741
5278,-0.8737713902448168,0.2874644531416429,-0.486300541686363
5279,1.50300564117533,1.0086796531092683,2.8193368320277914
5280,-1.534160899293926,-2.9604541678036047,-2.569593987027952
5281,0.7855939853834848,-0.0652824036527155,1.296290144819266
5282,2.68130816312651,2.060384431835261,1.9082836079573475
5283,2.120554336284952,2.381251583195568,2.2930204101133493
5284,-0.525818904489751,0.1292025471035821,0.4615648768969994
5285,-1.6811003016805517,-1.764701744762077,-1.5239870291929674
5286,3.080842238602712,3.042707936295766,3.4999287585986707
5287,1.0079029487421725,0.5615333263922102,0.3782759288328012
5288,-0.7392313742092926,-0.9350978479084022,-0.7134557048385468
5289,-3.520912095571208,-0.443370316987109,-1.7648542981119273
5290,-1.3540894426202628,-0.7469407836073133,0.0827611698591618
5291,2.5129557349463445,2.1999778860678365,2.596800428724337
5292,-1.7642288784300653,-1.850903339513116,-0.1195884322970528
5293,-2.413852802262329,-2.635754106222001,-3.412956287575975
5294,1.24385031240534,0.2005085615822695,2.100349226460421
5295,-0.5473739178419179,-0.8122820488110885,-0.6304939634869614
5296,-1.4187520740532154,-1.4504875855492354,-1.851337944876355
5297,-2.4771236875521576,-2.7476743410367286,-2.7472473708610314
5298,1.5982391622769565,0.8076764116976265,1.7386481310032618
5299,-0.4435502533361342,-1.273628337252393,-1.7019181092297089
5300,-1.2438727305197013,1.8677156526421443,1.2947629942553334
5301,-2.5211887906026487,-1.5683849168026442,-2.014114591176909
5302,0.1309135276372005,1.5270049551457596,2.4719911964279024
5303,2.333618001127391,1.7310097050577944,1.6743197029928605
5304,2.3712367725840817,2.8087445889320013,1.1281856603490892
5305,0.5882391169387098,0.0265930928495213,-0.7088022477085849
5306,1.270731506736555,1.521875355823325,1.7383051107435086
5307,0.9617552689733148,1.3126906382284085,0.3217986263412623
5308,1.168778021798781,2.6077773338128223,1.5023392394483093
5309,-0.0958779769036569,-0.1191512911935186,1.0889854525631046
5310,1.7277856150311703,2.527687045941753,-0.5002327205915335
5311,1.8884595444125785,1.3970685237498384,0.9241360585657252
5312,2.355697561009866,1.2964325300827413,2.275245172402357
5313,0.1153703404705513,0.6535052124068323,0.8346895478751946
5314,2.4010291301779314,1.9163198023681516,2.329099680525797
5315,-2.378295147292796,-2.304143542331272,-2.5782028785265108
5316,0.2001876400334503,1.56015302868227,0.3780056632283712
5317,-1.1899705763288466,-1.100010780411896,-0.0404086763679414
5318,-0.1050359448881446,-1.5510595151388074,-0.2453146313561182
5319,-0.5508882887869286,-0.6642186699578077,-1.12347303453674
5320,-1.3389160765161183,-2.108281173771709,-0.99695348311378
5321,0.7753762795765144,2.660067208787106,2.998085208985545
5322,-1.2376590599241168,-1.1670292507302955,-0.7373094058094315
5323,-0.4886723808516332,-1.3886039408115811,-0.5529997562391317
5324,0.5329869097161317,-0.5112478922922074,-0.5136292444801095
5325,0.5615138363742975,-2.293292631787498,-2.0229958916013064
5326,-0.4423564283266507,-0.3469866855252831,-0.1129292711152306
5327,2.586187945301944,1.8406859504124464,2.460906110159232
5328,2.245719124632181,1.270670596596973,1.6732730562497475
5329,1.3125151528235564,0.8688844930500439,1.142345692636207
5330,0.3220657786504655,0.7753862127126381,-1.2006011516612745
5331,-0.7692672720467971,-1.3343680347861138,-0.3047068002208333
5332,-0.0838159732222087,0.0637648200784548,-0.9266782112397458
5333,0.1897314301952239,-0.2952913873616535,0.701194059640993
5334,-0.3612877231284417,-2.377849604001457,-2.0639047137437254
5335,-1.1903656762739163,-1.7862350858224751,-1.3345856260602105
5336,-0.998684490096769,-1.1502317532748385,-1.2083539593225785
5337,0.2385945087046846,-0.0558254854711553,-0.0558259453385685
5338,-1.0210714275156891,-0.180250155920086,0.1586012773200899
5339,1.5270277037847089,1.7255688665211255,-1.3874236046953197
5340,-0.0847678800002124,-1.635209087984261,-1.1672755960950838
5341,-1.0387692418819376,-3.4832877713543517,-3.1973930137384943
5342,-0.2341273790970677,-1.1466905807873786,0.2053909098133602
5343,-1.17858924554663,-1.4880072061304626,-1.7392601756089945
5344,-0.1835957601201142,0.2815987727466745,0.5329734700294627
5345,1.828393187456908,1.6455178615230688,1.2106807871951446
5346,-1.4732090361541854,-3.139659029471269,-0.384227938803341
5347,-2.2956124041551416,-1.081068659678715,-0.9313072102792712
5348,-0.5197165526244464,-1.03796879624927,-0.2234727260455392
5349,1.8201714970050036,0.1587001181560861,1.392769374294018
5350,-0.8083506808536877,-0.7904215540973916,-1.0840085750989086
5351,1.213844126785908,0.0762493438550001,0.0775567128501614
5352,-0.501849713641182,-1.008149208128912,-0.7129332013462217
5353,3.116030860437046,1.2139272241458008,-0.6675502329969534
5354,2.082460122531692,0.2507463149736418,1.9327862187104996
5355,-0.6677108289584479,-1.550882358639632,-0.2656099238896322
5356,1.4736967573963238,0.5614548232550449,1.1700778792782704
5357,-0.9921397600242856,-1.0022888700640973,-0.676233662594848
5358,-1.388245266675194,0.7001245789388859,0.316309542585926
5359,-1.069406464046616,-1.4880547998832536,-2.014180186711844
5360,1.6710329386177103,1.9767099965418256,1.7846801563724368
5361,-1.776971042205641,2.246160868954424,-0.449883111343149
5362,-2.432562318112533,-0.1135922853825772,-0.7836349540075261
5363,-0.4694850236495383,-0.8231939454477066,-1.6352893564978594
5364,0.2387645676740615,1.7332457643674164,2.13070365113002
5365,-0.9286677920051696,-0.259882520583114,-0.8613704135896746
5366,2.4940939154733783,2.129118759702707,0.6977288997334715
5367,0.9505939611263282,-0.1561715883986138,-0.3985257992697232
5368,0.0959645670364409,0.7693925610467222,0.6784354121434322
5369,-0.3977782822943608,-1.0462867505793956,-0.6571277998918089
5370,-1.9368414247464167,-1.807451881146497,-1.7211303436900631
5371,3.3242436074804105,3.2395003953490766,3.6811603399240806
5372,1.0890656591335466,1.2705702304965272,1.8009758492794932
5373,1.2707052438626054,-0.1879656310855758,0.2814881419314109
5374,-0.9168617079283083,-1.5647230575993911,-1.6318482481465948
5375,1.1267024847400753,0.2474231546071195,0.2474414363301213
5376,0.8690000117442231,0.4977680569743655,0.7754320768226414
5377,-0.1200712481766902,-1.1991933833240485,1.0907191122244022
5378,-2.615879822880545,-2.2014003953816834,-2.569916447262396
5379,-0.3012162138854716,-0.2091132214594211,-0.0390066203128669
5380,0.4979022156276904,-0.7006613826722128,-0.282377848264948
5381,-0.9445268437405292,-1.1641192060098766,-0.7929426103313406
5382,-0.3619133276265093,-0.5766525549960653,0.3219724255655993
5383,0.2820543041448263,0.3618059596880013,-0.1107860109911615
5384,-0.5953046819461415,-2.111262019225559,-1.5649260434206242
5385,-1.7390458804215567,-3.1944468117882425,-1.739133793234355
5386,-0.6005045131236065,-1.807511522655867,-1.1002249846750198
5387,1.5268959266948363,2.0005588931471623,-1.980782365708859
5388,-1.5338735572960926,-2.111247296116052,-1.4970955917918003
5389,1.598097244117727,-1.9204841164503363,-0.7087622746248238
5390,-0.6727145377196608,0.0327074421446628,0.115191128850735
5391,0.5615644018077677,2.5833183871228247,2.6807049983616333
5392,-3.245675194613797,-0.2432367852369586,-1.4528498324770212
5393,0.2819394503087515,0.6226664864616575,-1.4070910448923777
5394,0.6536450216065341,0.28825310495006,-0.662645861716622
5395,3.0729224683171745,2.545520064655276,3.139787745392536
5396,2.03089508720055,-0.4915559181742043,-0.024611284867749
5397,0.9506250967198256,1.126419282062057,1.7586071088439348
5398,-0.0874831567430456,-0.5965405329853463,-0.7474327191080563
5399,-0.0464051653795621,-0.2779298034918695,-0.04948214441495
5400,1.2288443004204754,1.2290589052132712,0.2386262088983633
5401,2.019765303605627,1.0901480486654993,1.380275489863861
5402,-1.1784305586040338,-2.8775853608877164,-3.3321217290264933
5403,3.0476029544774854,2.862875519670109,3.115892011231438
5404,0.6819748779741421,1.2294356285981105,1.3125398017169003
5405,-1.2083993993062323,0.8689671465530978,0.775470215160104
5406,-0.4301237241604475,0.2010354341086198,0.2050392585621682
5407,-2.2023508426626384,0.2801195441139429,-2.01427784021498
5408,1.9814707371409093,2.29120055047286,1.7323901184352315
5409,-0.5032268378155608,0.2880331634166491,0.0329900172340902
5410,0.5881891329782677,-0.3054018337519213,0.328388193690357
5411,-1.7210715272608623,1.664147659226552,1.5971840348300357
5412,-1.6520756951885462,-3.009101449234999,-2.729894054784867
5413,-1.0058415888858567,0.870872798309011,1.600657858079333
5414,0.3172854061559839,-0.3908241787607354,-1.3106016867006507
5415,-1.3515360134799237,-1.2084074929727038,-1.8514186362784464
5416,-0.6574137695132032,-0.3500361048617924,-0.344666070580903
5417,1.443150287650169,2.697656848740323,3.1423707850175115
5418,1.8010961899601254,-0.3535273433125097,0.0034098969362594
5419,-0.0411318061602694,-1.4684693438130405,-0.2792802352049853
5420,-0.5697184288782132,-1.1512004773040971,-1.764716337887987
5421,-2.568757666135476,-2.477069381000698,-2.3851484224632222
5422,0.0331876930814027,-0.0467853414100848,-0.1203399750954955
5423,-0.3185357774679278,-1.2052730621005503,-0.7440616402585498
5424,2.303049902628208,2.081762929788763,2.080113476662044
5425,0.2474475501200322,-1.1149848536018143,-0.9552965381671492
5426,-0.9649004989214004,-0.4459630532666591,-2.385230002971637
5427,-0.8545801104576324,-0.8297095113338292,-3.0991665185051653
5428,0.0762504636066582,-0.8489359752506918,-0.7536376834225408
5429,0.0663938479865639,-1.5682635897229904,-1.7391298476382684
5430,1.453116550758193,-0.3242966092336125,-0.2734752068720625
5431,-1.980583198998804,-1.0672905537680095,-0.8612224736960106
5432,0.9957004024439002,1.3579270841459958,1.5222943288077393
5433,-1.0648594304810066,-0.3270253999763632,-3.844160784821112
5434,2.494226822333788,1.8036888164884612,1.1809114914303322
5435,1.9536780922786523,0.4695238481758556,-0.5557478200333612
5436,-2.0236741200884225,-2.659376474250178,-3.118180909050269
5437,-0.0562391623219726,0.2054476277571009,-0.2516869462294782
5438,-0.4608606374443444,-0.5180695158039369,0.1280719515346603
5439,-0.1869033459857394,1.376302647828024,1.837687596283282
5440,-2.4488135706637824,-2.481368641029196,-2.864978114551443
5441,1.8443229977549307,2.191242314233299,-0.1202302232588224
5442,2.243273101658427,0.3610766100864538,2.297398295570861
5443,-1.0648576202626248,0.5613561060126142,-0.5330623141218855
5444,0.4126294189349595,-1.872984098218424,-1.786222679302461
5445,1.1808828858587064,2.213512210178687,2.93385623525899
5446,0.588234643433897,-0.0386869734823069,1.2925323258154595
5447,0.9017171667672362,2.3298801687516195,3.540773003849436
5448,-0.7496598540584904,-1.89392452614248,-0.8681005838138374
5449,1.515562188829723,2.542910561760035,0.412529361543979
5450,0.7693911295251821,2.3968166309842776,1.1264415899393907
5451,1.6630130561253802,1.783284874513254,2.255682757329087
5452,0.8603381384842296,1.6999694813984016,-0.2576214621338784
5453,2.487595615102555,-1.618562637938048,-0.2527978011876561
5454,1.83433015299208,2.7131639034877404,-1.169998663984333
5455,-0.1286253562228864,-0.4613662546635526,-0.4149956037054968
5456,-0.874225153909411,-0.925740212956022,-0.6817074300135495
5457,-0.0451467920713268,-0.4801803140181049,-0.1903684542243356
5458,-1.5643474976257428,-4.063259239190912,-1.5023418460252371
5459,-2.201516370039356,0.9253085973523484,-0.1253660464330706
5460,-2.014262797629901,-1.829107933387699,0.9957659979788352
5461,2.40911768407129,1.9407053212448917,2.7452584441736625
5462,3.4145204647395007,2.8171696385808818,3.414358993259828
5463,-1.1163514794987712,-1.9618953046072447,0.8603976062748749
5464,-0.5180705176869994,1.2137795347955236,-1.037425539892185
5465,0.1042972369935581,-0.412397549943406,-0.7626230422017362
5466,-1.0395056928447948,-1.8562386949342828,-1.5656302183712156
5467,0.4085229677097243,1.3922122602519205,0.4978591720378211
5468,2.081758097176344,0.5376724228009322,2.2326630206099027
5469,-0.93079121769644,-0.8981996235629337,2.09851342365864
5470,3.042986367235317,2.9358183701781857,3.499584716255198
5471,-0.4750327708800959,-0.95973069432825,-0.8326447405016865
5472,-0.0192942030534296,-0.5934181352879994,0.1300814637537652
5473,1.376342015938952,1.9342917542820004,2.468285879256862
5474,1.142303630096819,2.223287592418806,2.510040799714189
5475,2.6959988121908096,1.997174296424728,1.7253244070538674
5476,-0.36098387259127,-1.0878700042323626,-0.8849269132345611
5477,-1.5653695469242102,0.4691125665594691,-2.111245365216445
5478,-3.6910872702659465,-2.8347501897342147,-4.090161980696586
5479,-0.3350324524639777,-0.009054271666622,0.5889716602358886
5480,-0.6403977347365395,-1.777357825533258,-2.201627155404333
5481,0.5891584277212761,0.2383287973133759,0.1587721333929829
5482,-0.72858999101731,-0.1582154134541381,0.3282446240092302
5483,-1.1399194536678068,-0.1020814575355237,-1.27213239724298
5484,-0.2698769438529684,0.1230356621821907,0.9574063813689154
5485,2.6130608106394497,2.7088217367053,2.7859259499864133
5486,0.7754532920393006,-0.6525314752666619,0.158998234871107
5487,2.11613415896939,2.3181708725662404,2.0134785030950253
5488,0.957521303249618,0.8711629907913594,-1.1000923825049784
5489,0.9017863996485632,1.441455723192726,-1.3381863878399074
5490,1.228754166407501,2.393592560203892,0.5892318838760674
5491,0.8712094310180227,1.0437943967132637,-0.923426216687353
5492,-1.386644867056073,-1.132306548715046,-1.2590195194117308
5493,-0.3559153845187769,-0.7216578389335263,-1.0901923574287866
5494,-0.3775393629037531,-1.776451268167561,1.0903557410545257
5495,-0.5965407782479666,1.3976401673026215,-1.083081359762721
5496,1.7292229819509009,0.7693617833336098,0.4126201736916797
5497,-0.2569787884933969,-0.3203870274665689,-1.0180970244690506
5498,-2.405647776804573,-4.100971191589545,-4.129948970182484
5499,0.6188518543732033,-0.1050355912823578,-0.477985706763658
5500,0.159889989571835,0.2517177879385139,0.9576066401128268
5501,-1.786250236092108,1.7087894434873945,1.2132191134726802
5502,0.6784570639067263,-0.8251201725697035,-1.4695048611069583
5503,-2.414669395892593,-2.414618712396488,-2.0645060793184373
5504,0.4125623163627669,-1.1154880334231627,-1.3344725358585416
5505,-1.386547129901868,-1.4528492193204705,0.0112091420787413
5506,-0.0879730075115158,-0.5170458898500713,-0.8672649696224675
5507,0.3285034311743358,-0.9764870532917188,-1.3345760825832762
5508,0.2385015541715765,-0.9507348906238364,-0.0564189290388908
5509,-1.2442804755717087,-1.2729705531047135,0.1689554048506011
5510,-2.341942826399323,-2.295623501144134,-2.108233826618673
5511,0.3220431531737393,-0.330677538719428,0.0114869019962742
5512,1.9929543425673717,1.7049433029895082,2.5660100705050697
5513,-0.9956264065301264,-1.3398490866906525,-1.828938642655621
5514,1.789964476117869,1.3884477810899347,3.322378659559423
5515,0.1153211327008678,-0.5391052756355394,2.346509480191058
5516,-1.1851449422082203,-1.0180968434472124,-0.535798006651657
5517,1.8132715205107983,1.5703059401806838,-0.4697214152725233
5518,-1.0931724020147986,-2.233982337159867,-2.052019725501308
5519,-1.816356687629792,0.4691123855376309,-2.111437972452288
5520,-2.14671023099364,-2.227169220242501,-1.4683851856357872
5521,-0.6423388498836646,-1.1163507637380012,-0.2097821595457676
5522,-1.3581402117601693,-1.7024715046951415,-1.9381435944830223
5523,2.6232530380901524,1.1267983966832626,1.2921972304816125
5524,-2.201454460570692,-0.5111652488266824,-2.4782305757521272
5525,-0.7857316684277647,-1.3385058578230205,-1.039466294544705
5526,1.229572485140259,1.8389074764665567,-1.3807437257794295
5527,-0.1093794368113628,0.3620628858081526,-0.5985409382549677
5528,1.1423626157570104,1.053120745564261,0.4978516915279009
5529,-2.3126439459097687,-1.6815555091038992,-1.6815541601594872
5530,-1.6782363115936718,-1.894010334480072,-0.9218051698921716
5531,-3.0490609785273466,0.0295618860029041,-0.1937989387394184
5532,3.1028369914445246,2.5490723341317283,3.210678023675439
5533,1.836221900297091,1.9320686347005327,2.4347550926571344
5534,-2.926458781627851,-3.234886091945127,-2.8814528455332007
5535,1.882800560388049,1.6117251849351542,2.609060416601972
5536,-2.066938701461486,0.0298058129298763,1.6157972108448118
5537,0.1202398428465,-0.9980637703113634,-0.9414814998524128
5538,-1.6009972846155285,0.2374475993763289,0.6819161988922263
5539,1.453140478083098,-0.4925156042795171,-0.239010959929542
5540,0.9574112139813348,0.317285376688835,0.3135417816913756
5541,1.5814416795792887,-1.4965667666618103,-1.4952734259684966
5542,-0.5500531493481992,-2.5876542242059872,-0.1183727881193474
5543,1.909520961706696,1.4533166916335083,2.083252317362668
5544,0.388130590741101,-0.0732532379624988,-0.595897029721902
5545,-1.4343917850104106,-1.1157780358284963,-0.9701942635415952
5546,-2.5779676128097084,-1.4680186143034952,-1.8939480998615987
5547,-2.750082896934569,-2.7503843586357823,-2.570326522066528
5548,-0.6757556988145256,-0.2898450525798984,1.1808241951169227
5549,-0.2096496841565767,-0.6751005325571225,-0.9285436671582962
5550,-0.95967630734219,-1.8514331067730465,-1.210608970252858
5551,-0.6205230477898607,0.2386240321926078,0.5892016552581106
5552,2.898603747024993,3.07168091820776,3.313610174272784
5553,0.2522315476795521,0.0769836946726893,0.4617428584763439
5554,-0.8702553341209389,-0.1202435287559757,-0.9995810261964296
5555,-0.2851035921045227,-0.3209533843882313,-0.91967469502684
5556,1.3704024451523482,1.6427525197879644,1.2926327709101906
5557,-0.3180897094883009,-1.3906465446078842,-0.5764027436451542
5558,1.701465982968425,0.9616685686370252,3.0660769125956566
5559,-2.07864819982482,-2.542356670855755,-1.8514443888535816
5560,-0.0888730600125013,-0.2945196969160927,1.229027634229178
5561,1.6992884350256952,1.444979587773141,1.8111353602366704
5562,-0.4683441585990436,-0.110162236909892,-0.4808253120188064
5563,3.2773551493252,3.0167254580236977,3.824304668480401
5564,0.7143867994829474,-0.779129761426292,0.5328916297356413
5565,1.453250920957168,-0.0549587943063136,0.0775572432588416
5566,-1.87302227212616,-2.853375940177026,-2.665678653228793
5567,-0.60794156589176,2.1303146646141644,2.356011214152115
5568,2.80815432488363,3.239112691598631,3.2398002991117294
5569,0.0832270768643214,1.4683504844278694,0.1588332344432746
5570,-1.202176228209085,2.514558046655575,1.1428614799267778
5571,1.7246876809004774,0.8710169516014205,1.887364848187417
5572,2.582790505130998,-0.036220958460659,-0.8214868545777427
5573,-0.4568317106684079,-0.5754816417278187,-0.2881141997217565
5574,0.1588319468145178,1.3128912630518448,1.933947968160648
5575,-0.8915759523912695,-1.2869508850349978,-0.6846475730337915
5576,1.5223759533267749,1.1809955819469216,1.971775525260815
5577,-0.2047414680304916,-0.2850498925400483,-0.7400103364287662
5578,0.8688905632998973,-0.3052232335880926,0.3221299148256839
5579,-0.4656165803545681,-0.0568615184546485,-0.7587757875156943
5580,-1.0695231622381047,-1.5508541880452855,1.4533112696781112
5581,0.2473907366089091,-1.0694314523263335,-0.420826757582301
5582,-0.3185346611665923,1.56790305630044,0.1151631308064271
5583,2.897165119780306,2.1412707818410714,2.010304860978934
5584,0.6188225934943475,1.5971235682404965,1.453217092670233
5585,0.1328043334630392,0.9957224114720692,0.7145182371525723
5586,-2.014094123397212,-0.972807051564976,-2.7288790501916647
5587,1.35859450638397,-0.1652713946713183,-0.1674677662177055
5588,-0.5982073720641075,-0.0213843963262174,1.6630780017215516
5589,-2.023282009484398,-2.519377255575476,-3.782966082538777
5590,0.169913122584299,-1.8729744354480284,-0.2598800452437843
5591,-1.1082040838471667,0.6535356844162623,-1.176449920254043
5592,-0.164232028835126,-0.3945376288648721,-1.979989110060523
5593,-1.1782750774582578,-0.706453669364763,0.2813608964576275
5594,0.2836905874417014,-0.6499141443814492,-0.1679921549031174
5595,0.0664894053917791,-1.411600121419759,-1.4874920592414442
5596,-2.7670947340734244,-3.166108566899453,-2.7627060047450955
5597,1.91269093422464,-0.4663260704894056,-0.3047637953845444
5598,0.7754493065217201,-0.965159214535502,0.3217229934807156
5599,1.0438549811713975,2.019148538701008,-0.3083069091613422
5600,-2.377664786043568,-0.4673854303562519,-2.1465909479749
5601,0.3214264709727269,-0.0580655302983577,-1.1193723791688994
5602,2.934357866656523,2.7094956769584906,1.726441258107135
5603,2.3925012174368923,1.803400048174895,1.922786141154096
5604,-1.1629659961158576,-0.8569159957307041,0.4124375055784888
5605,-1.6099009720222663,-0.2550146249787053,-3.5790312137133906
5606,-0.7389562590022085,-0.8617409196245938,-0.6804743069174296
5607,0.901750581034092,-0.4221854314345553,0.9017323943021318
5608,-0.5445688767560397,1.17035254974743,0.561407154170986
5609,0.1154148416724418,0.4693534462854984,2.3145311277047558
5610,0.5892259362575242,0.4086545817633632,0.5892177812753979
5611,-0.729716786884489,2.7031694164226923,2.8466639913907663
5612,0.9575138185937978,-1.038682726332773,-0.2490769969274257
5613,-2.980058902842722,-2.295566783200393,-2.768798618594865
5614,0.0962181849359634,0.1698656139631866,-0.303093177211477
5615,-1.41109841421741,1.9717661544701095,0.0029980753447512
5616,3.047760426921197,3.045579622165548,3.302035047871879
5617,-1.4886795128943442,-1.7647297047007957,-1.7649124253529471
5618,0.9018135256216564,0.0662318627722394,0.0659587843681098
5619,-0.7310425683189778,-0.7215497852357574,-1.7210167183639122
5620,-0.1217361663632124,1.0918927371420544,0.3778878180117042
5621,-0.3658108162033546,-0.7985988737645968,-1.0415318140958862
5622,1.2287363848675266,-0.1185184434580006,1.2288451588396463
5623,-1.2914229237550394,-1.202818345633969,-1.31241397475006
5624,0.5891491690573584,0.0085449768653194,-0.2864519363092107
5625,2.425412932566549,1.6747050105694117,1.22924665374914
5626,2.102682615898986,1.9186994115865648,2.081743750331821
5627,0.5614950101031249,0.6533123034679256,1.676719989809215
5628,0.5892044144625895,-0.3544349944119546,0.4978634641336771
5629,0.6187451832941923,0.957529671919905,1.296283190572126
5630,-1.3861986117183678,0.7751910449825041,-0.6605425495504182
5631,-0.6185811196776791,-1.0513884013313293,-0.9158616731101769
5632,-0.7988282369877532,-1.2084083513918749,-0.7576020431351324
5633,1.3580249842488872,0.3619427300773368,0.2053330205207815
5634,0.5615549886721813,0.5614973030464088,1.3824233743146963
5635,0.6227128472156715,0.9015163729164064,0.2802649146697478
5636,1.6444616568798318,1.0081943939016715,0.1998915788170771
5637,-0.5315661182765358,0.6180219415916377,1.7846210329128889
5638,1.313536426374644,3.1069550787900178,0.77547101226362
5639,-2.5000201175643757,1.0396393726595343,0.6784120306249438
5640,0.868904849847532,0.1585158339547296,0.4086705851493403
5641,2.30991110556661,1.6490349906536534,1.7088591108690128
5642,0.7011295265849061,1.453414286830659,2.42159317806172
5643,1.8648922864798512,1.598613377405767,1.598871074150154
5644,-0.7167666847701124,0.8348747935562841,-0.0460197397157316
5645,0.901771357063484,0.1335002996227002,0.4459167282823087
5646,-0.3337926738626148,-0.6835836381498789,-1.0915957566367347
5647,2.3882367678668617,2.5932770664844123,2.2627917188976268
5648,-0.9965331538307106,-0.8967563035008171,-2.564689480653682
5649,-0.4744755921072873,-0.63422922071222,-2.500307137633167
5650,0.3217490219762989,-0.7312279725197018,-0.831864437475081
5651,1.1813215868235527,1.088950743647533,0.8075190810536851
5652,-0.8185259388512132,-1.4456088778465457,-1.2928053271927469
5653,-1.6406368745771822,-0.9091848887967144,0.2385745198011271
5654,1.089044821454216,-0.1657711907255634,-0.8872902636403195
5655,0.4086150944814888,0.408573951676927,0.408651577296264
5656,0.9228756638469636,0.7447965166504416,0.834756525955328
5657,-1.17417967202055,0.6219056029163889,-0.1120786252589986
5658,0.0113255805077468,-0.4133855820485444,0.4978072989936196
5659,-0.2330908791992163,-1.1643239135901122,-1.216763052766976
5660,0.6784562288524946,-0.1561325496132804,-0.5026096428154216
5661,2.197656435303628,2.1566884361080367,2.5865564605833216
5662,-0.4338459039722622,-0.3211153084919468,-0.830487861919355
5663,0.5386528832462182,1.726976335421094,-0.5880293009661132
5664,-0.4730039283173251,2.1456790811169104,0.4126322223313089
5665,0.6535841982688995,0.5614121021012302,-0.6206252624156567
5666,0.561269215530279,-0.7093174852767217,0.6534962216555351
5667,0.6535631997356683,0.8347591809422883,0.8350390407041428
5668,-0.4931182664087807,-0.830835720105745,-0.5227222018120512
5669,0.0337011936648824,2.118398314623541,-0.8954030873430919
5670,-0.1805655329920132,-0.2609907025088507,-0.8507989570277978
5671,1.949916526845617,1.3935968903750389,-0.6977983094736967
5672,2.419747827329126,1.5973215874810915,1.937436488412404
5673,-0.3750669996720118,-0.7038338552133946,-0.3250426980418429
5674,-1.3668055971241988,-1.6208817028330236,-0.440439646499575
5675,-0.3495135920842028,0.2877949386775801,-0.1940743936365434
5676,-0.3178166063880301,-1.1008232856662463,-0.1201446066755111
5677,1.091738506535909,1.0927262823663446,1.1747746718921628
5678,-0.4663257025954752,-0.7828206202304954,-0.3287285899647393
5679,-0.8246209125616725,-0.9320425679087034,-1.2116767210704995
5680,-1.030347454770987,-1.010665942289884,-0.8156408755180294
5681,-0.7214741233714784,-1.8514658493328613,-2.032262661490768
5682,-2.3415944026832087,1.043729804722879,0.8710810131831249
5683,-0.8508576361097137,-1.6014603404427263,-0.7968926857037005
5684,2.9828565562326563,3.080125728847707,3.225320979642177
5685,-0.1776530700333266,-0.9732912032910852,-0.5717880161842807
5686,1.3699245555448754,0.5882580249523854,0.8603526326398232
5687,-0.1286768909983303,-0.496500893053298,0.5882770522595226
5688,0.924067028904759,-0.0489067363319304,1.8745507918152269
5689,2.772744780772326,2.3935979559815395,2.2873744698505147
5690,-0.690525598308468,-1.2343376382453226,0.9617275542972168
5691,-0.4568328203673072,-0.8745998703281049,-3.249630658450584
5692,1.4434447580952214,2.263385223991549,1.7593863337356004
5693,0.4994081950495966,0.4993637582351223,0.169446685149147
5694,-1.4194140378655076,-1.681437783046137,-1.6012316330492613
5695,3.10210235642908,2.5476305351281625,3.233199819826975
5696,-1.8286610946309247,-2.7680753415122945,-3.350250510044292
5697,3.015044127190512,3.143146041209902,2.7439354437193884
5698,-0.5596900695421764,-3.488283092349296,-3.654769075873099
5699,-1.7437277237974214,-0.0487726988464094,-0.4148306208479992
5700,-0.1211546638783068,1.1693613948426818,0.561489096723077
5701,-0.1904328376581215,-0.0459392151680398,0.2001713782383188
5702,-1.786247969516336,-3.181003503323156,-1.6208932742988065
5703,-2.648830303593179,-3.2506224826667798,-0.4804008521898342
5704,-1.6209952702085388,-0.4652771416877632,-1.7861466893673734
5705,0.7145633032578707,-0.8223738644318384,-0.6145325624926433
5706,1.3576939240772703,0.6226937973845674,0.3619764217689175
5707,-0.5034164244967344,-1.1145982234925236,-1.5428584106913434
5708,1.0438222137018232,-0.7961160519165759,-0.172502485114905
5709,-0.2478180426670997,1.1807541607863907,-0.4998713824767326
5710,-1.1570009382750917,-2.4056073084722174,-2.032361870220695
5711,0.532944648683051,0.4457024022699019,1.597897744915613
5712,-3.0120363963678454,-1.7210090569051988,-0.2437873490287304
5713,1.3123283853381689,0.4085460223960361,0.497861318085749
5714,2.80815146184055,2.5564775685694885,3.410761667734555
5715,-1.1164484650831137,-2.3241555490797547,1.127025173553908
5716,-1.1777277493011606,-2.387552684158243,-0.1139562049716
5717,-0.2311407087223344,-1.940809994038292,0.3219983927455276
5718,0.6784925537115749,1.370741357876969,0.678518261452566
5719,0.2046432810049441,1.4416959113544798,0.000499310848312
5720,2.982633548849796,-0.6079948855706065,1.5271116262247706
5721,0.4459643528600693,-1.27195055664019,-1.7392099925587716
5722,0.4978498520582483,-0.7731917937029893,0.4978478286416306
5723,0.6784687546659706,1.701146430691294,0.4994958160971974
5724,0.4125447205771697,-0.2589338095057726,1.952982085896388
5725,-0.9777580994314296,0.3867870655542417,-0.497980581714156
5726,2.822062296823705,2.25233250682473,2.8962851122842115
5727,-1.1674567601265091,-1.3114391430723342,-0.1660361550264113
5728,2.7479311990945514,2.4098386427912444,2.641727858885683
5729,0.046556145659239,0.0827101552341315,-2.3126584164043686
5730,-0.6506434045714873,1.3704203391715997,0.9509599534667492
5731,0.3778930073043992,1.4072265038597218,1.1696678044741389
5732,-1.6611285730527847,-1.8730318156030945,-1.7020296486163753
5733,0.9575791767300538,0.8711783137087863,0.5388265920889723
5734,2.42480866608534,1.920898657817709,2.18829687633067
5735,-0.1287970195142377,1.7118168729578,2.1547668570273646
5736,-1.9864821860410904,-2.405029469738701,-1.851513552912517
5737,0.6784772841484804,1.2924238880587964,-0.7645718217485109
5738,-1.641048057360179,-1.0233883621743676,-1.851418513647136
5739,0.1895730442698967,-1.1667038155378653,0.1319690998450277
5740,-1.4891274850703915,-1.940927106939503,-2.840323039890373
5741,1.954928108412024,2.3925010952159664,2.0769679631138303
5742,-0.8007401081603108,-1.543427917677383,-2.0520347564774792
5743,2.8128862320508925,2.7906616756957527,2.811835223893403
5744,-1.50934228310081,-1.467291482937286,1.5272061568384356
5745,0.4994424322730975,-0.1560196383518044,-0.0389111258967955
5746,-2.4513639934477225,-1.6017182340880118,-1.6814061441681132
5747,0.0648921171261525,0.1322989272643589,-0.5708595608625278
5748,-1.4001397691202384,-0.7168759695480651,0.7694344330517704
5749,-0.3767547840866954,0.2001536380981754,-1.8556517014536185
5750,1.4129451044096306,1.2456082758166962,1.2434392721514045
5751,-0.5140734757418675,-0.3047240869282707,-0.7279585954496021
5752,-2.108227415025033,-2.2955290534378183,-1.5678272314558206
5753,-1.6210050522723962,-0.4608530541914237,-0.1580485517246192
5754,0.6536001281906609,-0.0473644906110939,1.4465376889677606
5755,-1.9672691453435869,-0.9147096287926532,-1.1518951919248492
5756,0.1698147054784165,-0.1560925266568882,1.039357005035748
5757,1.3926688166196797,2.756990336354912,1.053350801902138
5758,-0.4306932215638436,-2.7050302260186783,-2.4130811899774387
5759,-0.0227464253409235,-0.5862443468679004,1.4685270735145128
5760,-1.051037235590173,-1.543182173146331,-1.088411638546245
5761,-0.1484560573156327,-0.7714032773598292,-1.940834275037705
5762,-3.0120209437391097,-2.387439494870517,-2.4778400060009376
5763,-1.2740327191809355,-1.3884542476951791,-1.310496901519169
5764,-0.0023102224430401,2.9163803184789137,2.3340679665070976
5765,1.5801425393620925,0.4994147561899887,1.1263839711974013
5766,1.5221314496693017,0.4457666723311515,0.2817025295937566
5767,-1.551080142143036,-1.3882871100266292,-1.6354034532983928
5768,1.2138813732621154,1.1295381423141035,1.5968624893012595
5769,-0.8773016678875957,0.0828281265545141,-2.0322481909961683
5770,0.4459970581526284,0.5328054431211311,1.4414555998928482
5771,-0.1356299191231283,-0.0561047962802522,-0.2097943948333081
5772,2.9769537533592825,2.3427686035640787,2.447572282919998
5773,1.7025797416333277,1.370993663548413,0.5883063984510949
5774,2.3482126573068256,1.9968707469141844,2.1942558558851
5775,-0.7974224129540586,-0.9810235106435932,-0.8575677634640131
5776,2.1307968509257487,1.9155867499829715,3.2268350328840847
5777,1.8370844319007529,1.957830887939658,2.4067253844979843
5778,2.8179592822188604,3.0045613171255927,3.3682259220013915
5779,0.834735768784548,1.0902694539783178,1.243439151470179
5780,-0.8623243536251235,-0.7203096140170226,-0.893807973427631
5781,-0.5166323979512379,-1.567592961688196,-1.040031254584313
5782,2.18593024409226,1.6629343199035245,1.724809203422533
5783,0.0776786184451528,-0.7844005617919728,-0.6379976293670635
5784,2.780950405296181,2.485519193108628,0.6783388440862057
5785,1.039945121801809,0.4993500991337605,0.0948379595843756
5786,0.0828713234335211,1.0531797312244522,2.035178765760761
5787,-0.1205069979115398,-0.526075263381415,0.2880392578185352
5788,-0.2056181046758309,-0.5423614450802225,0.8077606255140937
5789,-1.855943508656794,-1.937842977550388,-1.254288707273173
5790,-0.991439962723894,0.0823637830985591,1.5409034596197169
5791,1.9308054182062568,0.6819325701721338,2.1115660541276635
5792,-0.4111868272491634,2.42482942325612,2.9719389657162885
5793,-2.0236014699906923,-1.5012775582978568,-1.9381939185540416
5794,-0.6733364208458623,0.1693975064195712,-0.7180173097426473
5795,1.3577565604151407,-0.2996128997160291,0.5328902734369866
5796,0.6536097826886982,0.8352871613036998,1.722674555697905
5797,0.3173735423983381,-0.1186398667170303,-0.923065656653436
5798,0.0901045909968376,0.7007092071730239,-0.1414419296073045
5799,-2.201367932132033,-2.111514725711684,-1.938192711741787
5800,0.2517787260024352,1.0438614639441557,1.29626409585964
5801,-0.0387133671607026,-0.5473735003148021,0.3284347479637759
5802,0.28831338522218,-0.1220849954454205,0.5615806937732055
5803,-1.4685643459010878,0.3158007038587539,0.7008215948789212
5804,-1.2738689997016577,-1.1009077974492862,-0.9226657285085912
5805,-1.0647392720694302,-0.0559004132016686,-0.6481999534445269
5806,2.31780027895393,1.1422648786028056,1.1422203634372143
5807,3.6811302779717385,3.455369310445872,3.9070444183023967
5808,2.1021563084357746,0.9617040090856642,0.7755056556087427
5809,0.901842686042732,1.441590859858682,1.7392351617209776
5810,0.9506126305530804,-0.2358977947057146,-0.2598725894024295
5811,-0.853873201342425,-1.1559827305067585,-2.0322138542293207
5812,0.9615916788055494,1.6092896681546416,1.888618775932392
5813,-1.5060103304881844,-1.786154562735844,-0.7540061787880871
5814,2.360820814136944,1.8557361711610512,2.446557758853752
5815,-0.0223768758877291,-0.818946087367946,-0.8181012189565365
5816,-4.018578167311308,-2.4998426088934016,-2.3241471985374376
5817,-1.694719327789708,-0.5320954356132264,-2.295989208581384
5818,-0.5112460427940418,-0.2543699207431967,-0.2836408801589072
5819,1.7248174542242245,0.3176953236643052,1.4531988230379165
5820,2.546073966129601,2.086960227642812,1.5268105898316278
5821,1.6382345056458112,1.0083221953194397,-0.1957980232392546
5822,-1.058585019768598,-1.8512865623573944,-0.1185918689549643
5823,1.043896883457131,0.2509893010834555,-0.245314690290416
5824,0.2003035241802035,-0.9589226750991916,-2.8407774928588645
5825,-0.3759526626935098,-0.2093805079688485,0.3616572908604681
5826,1.3926593740087967,0.7753626675010857,0.4085918865060393
5827,-0.8062833622268584,-0.5136110175100645,-0.8393428013474632
5828,-2.4569260702948004,-2.324126680062029,-1.9618617831445144
5829,1.3126030794729475,2.7702987766596947,2.3936053138601494
5830,-0.613268923696065,-0.7714406577532256,-2.6494759017528007
5831,-2.108226182026256,0.2033238490137078,-0.3091942249621734
5832,-0.5702044794776051,0.4126209490991805,0.4993178898991081
5833,0.6538175957589498,0.1146351202747091,0.6537301018704873
5834,-1.367016269377518,0.1687226334835063,-0.2635840177587184
5835,2.85593908790409,1.5432734323200434,2.0427774922640745
5836,0.9017764740084084,-0.5796823452610799,-0.1681066137090234
5837,2.918624289460567,3.067962736883436,3.720556045503165
5838,0.2884355146223511,1.3148677138362572,1.9566808825306852
5839,-1.7387548927101917,1.358241992033634,-1.9205964426389184
5840,-0.4123936602797515,1.043709767061628,-1.4682668455658126
5841,0.7010926337144858,0.6185406812808396,0.6185746569035191
5842,-1.2927216692289314,-1.386194319622512,-1.940750149958929
5843,2.2608736902789737,2.5414881705494854,2.405791714136611
5844,-0.9973362059341516,0.2051792347483238,-3.3443703388769195
5845,-0.4480514030777225,-0.54532021059538,-0.422483077339316
5846,-0.9455263709870276,-1.9407367831461209,-1.3237755959030322
5847,-1.807488891885513,0.1802352878570291,-3.922955784677507
5848,-0.6513432201831981,-0.9412665290886848,-1.3886357540291778
5849,0.322158978446194,1.6103373074374154,0.4978385699777128
5850,-1.5433502576338325,-0.4296426040468657,-1.4694076369356923
5851,-0.4525055218333572,0.6819147886321594,0.3220632953664346
5852,1.376200573624241,0.0241845162113976,-0.1819670976037789
5853,-1.525445851258738,-1.6008966043098791,0.8687910479916952
5854,-0.3790212586390161,-1.071392278955897,-2.3242359528729244
5855,0.6819452625127363,0.589132920408761,0.0112037463010939
5856,-2.1253079417684093,-1.7645396261700337,-2.497797848517981
5857,-0.6334736558653361,-1.5509401142514725,-1.6355747163677885
5858,0.7854078119367467,1.527218179435186,0.1289480393385493
5859,1.1294393684309971,-0.1172346373203785,-0.0305176212585834
5860,-1.0102915835109367,-0.2387787998762117,-2.032502037808218
5861,-0.687583709912508,0.6183374168877406,1.4532109635032622
5862,-1.2014805910615989,-0.5732541189028263,-0.2078135589824587
5863,-1.7225276108818497,-0.1816376065633383,-0.4091605655192912
5864,2.5447192892259616,2.246910081173365,1.516955297875172
5865,0.7145604673606837,-0.0562380526230733,0.0651656887297929
5866,2.1307968509257487,2.0925537863243,1.9767317022837252
5867,-2.405323294357866,-1.3526064621863887,-3.000279887198156
5868,1.8187276733115585,1.647113172986058,0.8605337797613778
5869,1.523227462282151,-0.8470908661646855,0.0024000092879816
5870,-1.4110953748568884,1.0921844236640046,1.4529832732198735
5871,-1.5333903496693286,-1.777067225142337,-1.1183834245339574
5872,-0.0385351129055937,-0.5981847012669086,-1.2156468238460765
5873,-2.6642276228592428,-2.447765247374584,-2.8150678364338213
5874,-0.3398290659750298,-0.5091371833358501,-0.6187872713723359
5875,-1.071549269151462,0.167982298260347,-2.413233408434537
5876,2.2602643180045927,1.676321029226419,1.2710245905458408
5877,-0.2886556792784872,-0.1916012129424659,0.74481039499137
5878,1.8902152454616403,1.5994999035264088,0.99581605772918
5879,-2.543190318502284,-2.0322692835815173,-1.0070203933121782
5880,-0.8416496425619142,-0.9977143666590486,0.0651621130333397
5881,0.8692048673478605,1.8474563503610597,1.3940405704552303
5882,-2.4140109819176137,1.376402364659895,1.887982951102703
5883,-2.878044776232016,-2.564680849662244,-2.6484885163322027
5884,-0.6781649845865854,-1.5027929524460273,-0.258223072268559
5885,-1.6353705679602226,-2.5143487455503157,-1.893800764117108
5886,0.9017273390071462,-0.7287761258227943,-1.0906849404401864
5887,-1.2740676950717449,-2.6653379511022472,-2.9538985756580507
5888,0.2002671387907257,-1.062210477582039,-2.293065268358721
5889,-2.052227296124624,-1.701906895644311,-1.7018849456473628
5890,-0.0270242118757061,-0.5035062012213031,0.0021404322204599
5891,-0.2570873412557031,-0.7955126325610666,-0.6847096782951121
5892,1.347645941484946,1.512898122589189,0.7449038022598804
5893,-1.028835399709455,-1.0885179736364436,-1.3232254718456138
5894,-1.9207075358287231,1.3576907182804503,0.5325626656619455
5895,0.6784260476066907,0.9509570307769382,1.0395346330001831
5896,2.1552046640317144,1.8975330533879844,2.1153124532735155
5897,0.2884194036787514,-0.4334177269843106,-1.2783667840156017
5898,-0.6336121705173031,-1.411269307847898,-0.7098775836685326
5899,1.7386433223080315,0.9016526809312008,0.714235942082585
5900,-2.9279624373841715,-1.9381493871818447,-2.201505026004162
5901,1.3930083827175377,0.3205579653762823,2.272251331417851
5902,-0.1281241337942192,-1.3113026512386383,-0.6522244867236547
5903,1.501458266502411,1.0902383182221476,1.724382677763144
5904,-1.4698423423100389,-0.9001743100970065,-0.8615053941415607
5905,1.2290293510675203,2.152375056263089,0.7754204268481752
5906,-2.523410247492103,-2.659675522326882,-3.417092857331492
5907,0.5882354784881287,-0.7481926505202454,-2.744046822768178
5908,-1.0891197254754432,-2.312434982157241,-2.125198799902359
5909,-0.6280304841208817,-1.101026844730835,-0.3299534178075779
5910,1.3703711902653892,0.0246715137688492,0.950763954309216
5911,0.6187599463357902,-0.5649971880443916,-1.0345646333399676
5912,-0.5797155941357145,-0.8319287354108007,-0.6955324611057785
5913,-0.6775023032320433,-1.0419666927645237,-0.7576564095760214
5914,-0.5520204008259305,0.4085199939004527,0.6819517006565202
5915,-2.359491313757917,-3.1540730395942247,-0.8137792010609396
5916,-1.2931252488706977,-1.1776594087861647,-1.5245799515776346
5917,-0.0994356776723838,1.3701489465462875,1.5155308146493025
5918,2.8591198807274005,2.8934215881663654,2.973702601145241
5919,-0.8647982593711268,1.0436173580826835,1.6635565482196566
5920,-0.6126133282839589,-0.7882297033750856,-2.2188717072254454
5921,-0.1602604910910099,-0.0393062556652308,-0.0390541885807101
5922,0.4618499420954395,0.5385499250279683,-0.5786262158841384
5923,-2.171937516409697,-2.9961565320250334,-2.3126130428196063
5924,-2.295563330803818,-2.2955083390583653,-2.564615993926575
5925,-0.1895152845969168,-0.2521274361813556,-1.6354040426413707
5926,2.783618327001861,1.9550659263715056,2.2818873389412357
5927,-2.172158498030622,-1.320487973108711,-0.3294310834250425
5928,-1.6354035711669883,0.3005262304245379,2.019139698556339
5929,-0.0572345314096515,1.0889705949278423,1.7400287197338358
5930,1.1701907162240808,2.4326232581591336,2.3301673113634203
5931,-0.2314473637804138,-0.9261767023682964,-0.9077812237150388
5932,-0.4551324594357478,-0.4939517152482142,-0.0035213517299003
5933,-0.4952954326230652,-2.6656843793149534,-0.2587331877265996
5934,-0.5077549784168651,0.65334066355591,0.5614475220409043
5935,-0.6477812376127998,-1.4115462393732057,-0.6452150589082297
5936,-0.5599323558013811,-0.6372738069852728,-0.2493949248029674
5937,-0.6398885621808458,-0.6370001095932922,-0.4507018367168613
5938,-0.5519257388123466,-2.1429700150305515,-2.142935897100513
5939,1.4442621568946237,2.5114485813515337,0.9506495518794692
5940,-2.6257780919282765,0.6784401242351684,-0.7762910324833386
5941,-0.6428616537670749,0.5386255671991896,-1.237215756136094
5942,-1.2020722914114723,-2.840340277751966,-2.722266119328912
5943,-0.2361472545912948,-1.0573190967537234,-0.9585457079780868
5944,2.3698167525379423,3.2128964350749647,1.9288360962530575
5945,0.6818563548128638,-0.4366954947746093,-0.3773940283017984
5946,-3.0383843784191145,-1.6811177153265957,1.7341453876588162
5947,-0.5464018550694536,2.175128103653096,-1.0903058994241934
5948,-1.445818139091503,-2.292800252387599,-2.385473779047077
5949,-0.8489333821415888,2.4206030818587445,2.6499244496481458
5950,0.4618246887488338,-0.2680699004139422,-0.1733923930116272
5951,-1.6209370549992412,-3.322288237484919,-1.9618196725525427
5952,1.4531751314502022,0.957401018347816,-0.1135044793428165
5953,-1.5508625567155725,-1.1010879006633514,-1.8074801696094391
5954,1.0529282144072956,2.31022558818741,-0.5034463228149474
5955,1.950576056067851,2.836177551965868,2.4366706678347407
5956,2.6973785819708134,2.2061942130464955,3.225318386533074
5957,-1.9210291019097567,-1.7394424128282304,-1.6523111979549476
5958,-0.1909139937040525,-2.836357180932513,-1.3372846857813463
5959,0.9018233279619334,0.1333553606164673,-0.1614243151872923
5960,-0.8352164097931312,-0.5840818081971887,-2.844016722584936
5961,-0.5418457423368621,-0.2349159442637152,0.868905585635393
5962,1.6693920090563388,-2.511627226628361,-0.3723698541820012
5963,-2.023524113325169,-0.0473971348825823,-0.0464095400739852
5964,1.884760427020544,1.7889533670065865,2.997048483889377
5965,-2.0237824918288907,0.3779096613135134,1.8554718141564817
5966,1.92669445938807,1.7774235051409657,1.6411971716346367
5967,-0.6891603113793612,0.3776669713691022,0.7448923375434611
5968,-1.0093563125378249,-1.1001607462904222,-1.5509223160935377
5969,0.3782479307884932,1.3810315577414023,1.5574753536516412
5970,0.2884221190063245,1.9186817437059076,-1.1209285312384123
5971,-0.1846439323804169,-1.5682915787952276,-1.0423759250586002
5972,-2.7434040695966693,-3.3630319649725595,-2.5842909275874733
5973,-1.0118980051620707,-2.052064102669052,-1.7862097956085998
5974,-1.4889539617665024,-3.5955722445656897,0.0826551857493482
5975,0.4459403402088878,1.0890100508887053,2.116460903645287
5976,1.469066283385326,0.8689111040443506,1.6716403314969774
5977,-0.8943732580341792,-0.9226720934127532,-1.3112852066864906
5978,-0.424840819711494,0.1236477243319529,1.1293688240765352
5979,-0.7635064714890161,-1.072090026413238,-0.7395880727763083
5980,1.1809387407033032,0.2817419855546197,0.2819034775694334
5981,1.3763884561656152,2.2054693211836023,0.1284021014709145
5982,2.751657180020944,2.870595147180846,2.747231631179699
5983,1.8244626118104377,2.3877827792533246,2.6313599548643998
5984,1.213913904994499,0.1289475973313158,0.3871042794121295
5985,-2.295598841168595,-3.010632340516485,-2.6894013885501304
5986,3.059160838696588,2.9753498998728456,3.143610663927944
5987,-0.4748628381830707,-0.9281088731017484,-0.8058198078020475
5988,0.4123831674066954,1.126705586370079,2.1200424390289565
5989,-2.111504829851196,1.0092215118116086,-1.776612015559881
5990,0.2055569022737099,0.8077757913990503,0.6226622942658158
5991,0.1698957952089906,-0.1561742725015015,0.5882743085099041
5992,-0.0268362103871875,-0.1614244076622006,-0.206606075770848
5993,0.8690366171903086,0.4977370312528928,-0.4369877558445696
5994,0.2472917826824492,0.2473057400174652,-0.8298561826449594
5995,-1.4537797457020327,-2.1250975064401594,-0.5337679566203738
5996,-0.7161307369659391,-2.0141962156959448,-0.9934248872138456
5997,2.046957630064896,1.3761623841992692,1.296260913407559
5998,1.1422312776238193,-0.7980541268423113,-0.4114555491734493
5999,-0.5080630237488805,-1.4525059742833073,-0.9365229641413836
6000,2.2291925022251777,2.7093352957645696,2.0826826555504216
6001,0.7144664512039396,0.133016470902617,0.0650432211262703
6002,1.2139182661325358,0.6185523208046543,1.4532277008438363
6003,1.836408722021105,0.7008205340615609,0.5386029658959848
6004,-1.807833138649484,-2.3125711029115283,-2.312548538750457
6005,-0.7004582068849475,-0.6763928386274554,-1.6209204732080682
6006,0.8712100203610007,0.6187062866576468,1.296284840732464
6007,0.4126631193378829,0.2473519065871337,0.0960538581925051
6008,-2.7922407107888887,-2.749782642045611,-1.9382205891048692
6009,-0.9992320648536216,-1.0459550739083905,1.2706747887928145
6010,0.2005277800674249,0.3781656865333385,0.2005438005001054
6011,0.0469607063514866,-0.11859778591568,1.22886232722307
6012,-0.8310732145409749,-1.6208663139764674,-0.9527060806468616
6013,-0.2563342904087983,-1.3379305717000378,-0.1913448860195771
6014,0.2055033593018199,0.9017736381112216,1.1809490978930297
6015,-0.2933959965826656,0.2051098169171804,-0.8171793022344
6016,0.7694109322398203,2.615023697929916,2.515875323127396
6017,1.2295138673739985,1.7442327939706994,0.4975160496319682
6018,0.2057778864795125,0.1331912484792526,-0.1611887199459827
6019,-0.1371586834817247,-0.1639500823569472,-0.1115918373418506
6020,-0.9685249785064188,-1.4393414190832197,-2.1108871833392637
6021,-0.7063552405759622,2.3841824990451284,-0.3164534484518465
6022,-0.3692661849273132,0.2471858500884811,-0.847411348818424
6023,1.039579845222158,-0.0387505270740146,2.4930327724988097
6024,1.0529161965388991,0.2384777636974037,-1.148434650734545
6025,-1.5337333257121015,-1.142707449613885,-0.83782178067212
6026,0.9617203190499168,0.58903064589608,1.4684422126478758
6027,-2.295566043401128,-0.0632776741903705,-2.8418407263433383
6028,-0.6802764463287607,1.1294502123417915,2.2991394941008365
6029,-1.7837531830757345,-1.0423840628505283,-0.5488636641305771
6030,-0.2315944445699598,0.4978172321297434,-0.177650494775813
6031,0.1697978851003202,-0.100217855077226,-0.039241837195926
6032,1.6098099928036886,1.6097933149455057,1.2296514597040078
6033,1.0437216717897828,1.5269277512156465,2.194861147580292
6034,-0.3007631074946618,-0.941540033693824,-0.7919490150890438
6035,0.2004852097651419,1.5964628717129814,1.4466058738601486
6036,-1.1385836514585028,-0.9046357946794604,-1.1094638751598012
6037,2.550422374358193,1.2139154372862415,1.836555586291213
6038,-1.1328144726703464,-2.8127974515455216,0.1878633308236809
6039,1.2290271437039373,1.789544204658981,0.9616201905851636
6040,-0.996151686683661,-1.6312339807089753,-1.0727425091502525
6041,-0.8702034898889385,0.2048396052352072,-0.3532505659120492
6042,2.5517975080285886,3.326740445151438,2.449493873305049
6043,-0.7280527724574803,-1.167388042735279,-0.640578892676238
6044,-0.5202390252199073,1.674315043003074,-0.7214746138967191
6045,0.7753313965169926,-0.1829439365949138,-1.6008815206587286
6046,-0.5412127087800225,-1.7861165081215695,0.2472111701257218
6047,-1.078494779762066,-0.6254306077918554,-0.6011735004514487
6048,-0.4082736813894169,0.8711997657931841,-0.2120370854340213
6049,-0.9520206665036728,0.785092277706346,-0.9774650781027872
6050,-0.4954961349766899,-2.218751038016239,-1.9408968170058916
6051,-2.172009133094836,-3.3482629076609305,-1.9408282661035068
6052,1.539811550433972,1.2289176339439565,0.5891922739628828
6053,-1.1479304843575002,-0.910595974973046,-2.387496212814258
6054,1.5267056867815505,1.4530800114935591,0.6183886307925255
6055,1.7866354655450245,1.5155602801343362,2.3968435913066166
6056,-0.7988209745956031,-1.7017629084360686,-1.5419207640825725
6057,-0.9958306746239228,0.2872713028402853,3.0574140986392
6058,3.6273829834003273,3.489248868262361,3.8616176152774857
6059,0.7448459959528824,0.03283666156683,0.3782607229983926
6060,0.2474243177183709,-0.3798643353560437,0.4993670388053185
6061,0.561509672872019,0.1999621773339744,0.5615051473260639
6062,0.0997772282231044,-0.6697051272161754,-0.6757519998181947
6063,0.4695650004737394,0.1150156885192146,2.164549466146017
6064,-1.206041346816492,1.2705883555785489,1.671635510574053
6065,-1.3879279644158593,0.2276478714997507,-0.8893275391940623
6066,-0.8888413968058105,-1.8514896398070344,-0.9522725033063908
6067,0.5388359037080241,-0.360995585814266,-0.7392971418055008
6068,-0.7702926055836284,0.0089833224835186,0.4084873126562927
6069,-1.7229359731447125,1.6106419236118752,2.1912508984250105
6070,1.874669864990529,-0.1566189090565322,1.579414729952409
6071,1.9317793431919963,-0.5804040108041462,0.0947026509754699
6072,0.7145499252211406,-0.5647461679764909,-0.1101610039111151
6073,-0.0206914173855812,0.1300861195632911,0.2516481570656678
6074,1.2963258590037303,-0.1709010045065918,0.7010470185679916
6075,0.2386549659405979,-0.5183805477142958,-0.6350097910384023
6076,-1.2736498819824515,0.3865215960098188,0.3871009790914529
6077,1.8730182338092405,0.1574692370380921,0.5891580598273456
6078,-0.5952643089404173,-0.584414258510593,1.053278204166518
6079,0.6225148276120901,0.8073893695823477,-0.1156572192593393
6080,0.7694003151217311,0.3283584597950343,-0.6289058692784038
6081,1.0889537028445977,0.7143599817595482,0.2813704213731796
6082,-0.3620790520950068,0.1695852146815179,-0.2096482228116712
6083,0.4126624632238437,1.444362721282816,-0.6716481797762279
6084,0.8688701451867542,1.2289643564731307,2.3070119120731207
6085,2.162094620954385,2.252273054595792,1.2138475449751804
6086,-0.3083900015098944,0.4455286419172573,1.8052375862522143
6087,1.788720953842039,1.645036631698669,1.2112424208127135
6088,3.227835704375064,3.3122710403657383,3.489938301488132
6089,-0.8303716493487194,-0.8642688201756236,-0.551479594335798
6090,0.961740185322164,-0.7790085033225813,-0.8987465116751274
6091,-1.6817511060436188,-1.323380845715598,-1.6816347289302682
6092,-2.387571918939164,-1.3393720394638424,-1.094511058945004
6093,0.7694573373964121,0.4126424219222822,0.1696130995281846
6094,1.445815773877026,0.2880706952777689,-0.5016088042851319
6095,1.2921192125576766,0.9506796138318112,-0.0387905202070414
6096,3.0062509000599795,2.2697597894096515,2.337866096788769
6097,0.1601685130632197,-0.253606510253146,0.0251877252956329
6098,3.489681511524638,3.312912156855302,3.490036897061508
6099,-1.72283247231893,-1.6815817522042753,-1.8516092053344488
6100,2.248341820061037,1.508033945115576,1.512015339424909
6101,0.0488085034508915,-0.1932492143695377,-0.2562544871874258
6102,-0.4185140847554679,-0.8551190128224321,-0.9866125811990906
6103,-1.115635360848332,-2.413210742676818,-1.873000322129212
6104,-0.763972199211298,-0.6357276881688905,-0.2070967168091741
6105,-0.2701226514678344,-0.2508255732838864,0.9957060742382744
6106,1.4435831712059135,0.2880918144922254,-0.3270147498582159
6107,2.265120731515357,2.2422374866298687,2.464540015288937
6108,-0.8880962049827273,0.0960334590105586,-0.6122409902094249
6109,-0.3785129491988159,-1.702022013834828,-1.2721352602860605
6110,0.033188205976611,1.4442184371767643,-0.6496110523837852
6111,0.2472613628497218,0.2472927072067771,0.0960400499743162
6112,-0.7767658299754154,-1.4991066237329578,0.0320290326357083
6113,1.2442071667890415,1.0918360169660857,2.1234205804200164
6114,1.2924735141388537,0.1661833528582775,0.7695103633401269
6115,0.4456594939124633,1.441521688627294,2.106897888430981
6116,0.9505559661587843,2.207956232784707,2.0996768978386053
6117,3.411694554084224,3.4547595023674766,3.45374474437403
6118,-1.133289365241988,-3.1973939566872587,0.9571501350420976
6119,1.039547158813659,0.0956015272091963,3.0789939057075086
6120,-0.224354037193194,-0.3230429798766139,0.3781487308211606
6121,-0.8320305259032557,-1.651975205788223,0.8077056954185796
6122,0.0962767878490116,-0.0998925716306018,-1.2157953442058629
6123,2.0275258263479112,1.1272618517818729,0.4990935585444269
6124,-1.0801609651014557,-1.0274059518171712,-0.1914675584852628
6125,-0.1202726349716857,0.4694382851870006,1.1688145882100975
6126,-0.7923156352970323,-2.2960974658740017,-1.7380755103840808
6127,-0.9753258214665717,-3.0410390767556024,-2.649539031290181
6128,-0.6270427413949965,-0.4822253731419567,-0.8393439663449098
6129,-1.0437258452310731,-0.973285378303852,0.9618435635166366
6130,0.1684825710232773,1.7395799081790184,0.2040087181843762
6131,0.2056536618527327,2.111219919043896,-1.200316780094773
6132,-0.4324798200926296,-0.7849663512500494,-2.9003847216849503
6133,-0.5051729689680119,-2.2959305178396,-1.204757671789788
6134,-1.3544779386108785,-2.497951873443553,-2.1251659347112337
6135,-1.4161596418023237,-2.659803203063425,-1.938108114202736
6136,-0.7131007041214726,-0.6629659258008871,2.202243587756197
6137,0.3621686462782473,1.9684680060415911,0.8078055683195142
6138,0.4459626266617815,-0.5450024051606159,-0.5760308193830813
6139,0.4978683080704287,0.3220677714092558,0.7754221436865176
6140,-0.3505184744783478,-0.9714294135596976,-1.0316654560105891
6141,-1.263790122639926,-2.3127109026051214,-1.0864695402313804
6142,-2.9866097829266653,-3.419405114178023,0.1831052408239581
6143,1.243783696368883,1.5051150283152417,2.6144606600791027
6144,1.8728178339980135,-0.0388269643595833,1.5807924501413018
6145,2.6125429161068245,1.673907416528072,2.4664806867664315
6146,-1.5323298030599375,-0.5000273975066318,1.7598199955337397
6147,3.2701626368677617,3.108276553788399,3.767706803212672
6148,-0.6460148435649117,-0.8930803025970958,-0.2508220592373721
6149,0.1338783370477194,0.7144943169762992,0.0654053528670666
6150,-3.0798165928728194,-3.3316853618896625,-3.8960449523175416
6151,-0.6337793953101725,0.3781200086894998,-0.0458533806464274
6152,2.481477760212241,2.2644642432221183,0.8688995767011948
6153,1.7804397210259737,1.2922903986751813,1.2112834577635303
6154,0.3220753132348312,-0.1781321292465018,0.6819683785147032
6155,-1.336620939041286,-1.5027760570744622,-0.1912310232833504
6156,0.7448418324506039,0.7446920067091884,-1.1587388039453366
6157,-0.6968995983684647,2.0650745869817526,-0.5764004507018704
6158,-0.8474504529271114,-0.6986731296579058,-0.6691916717264842
6159,-0.4555931133557436,-0.4408278257606505,1.1692366104555505
6160,2.524767567315947,1.213911547622587,2.4074993943495526
6161,-3.119186493351402,-3.1392746023610134,-3.3903297604916864
6162,-1.765021689850308,-2.125114674823583,-2.125165444185993
6163,-0.5273355374189513,-0.5130845328661795,-1.2825871271513565
6164,-0.5979592094319929,-2.108188698863436,-1.1446425698188305
6165,-2.3129905019923065,-1.352612348489277,-1.2584615469504616
6166,2.012269888076777,1.470917525643637,1.669987138804589
6167,-0.3538374733531561,-0.0567599667124708,0.0113247220885756
6168,-0.6343153912445701,-0.9124664413411824,-1.7647983782344905
6169,-1.1603101441800028,1.841705800333304,-1.3216527252926962
6170,-1.3890892740744771,-1.6834270418668795,-3.048990017966773
6171,-0.1517533066678022,1.3127611512317554,0.3220409458101563
6172,-1.7861948839258903,-1.9618255179321649,-1.7861397703465962
6173,-1.3400226929184498,-3.208218914927494,-2.8052763942120302
6174,-0.7983559686819912,1.645971295970898,1.7118262971412723
6175,2.2468981518271978,1.6437776085041438,2.1942160118689005
6176,0.7692859126919841,-1.3998711202445446,0.02650970671981
6177,-1.12796310021141,0.2879238262263774,2.560059494538856
6178,-1.0677501767895117,-0.6234087357382383,-0.2076479905623577
6179,0.622484742441932,-0.2142393554242871,0.9017480533865994
6180,-1.5259422628023025,-0.1845105209244955,-2.497047099637126
6181,0.1304449115682742,0.0234038135684917,-0.1638629822623265
6182,1.05299676530968,2.4756385477472334,-1.385638186630895
6183,1.1688201395464688,0.8349124460986295,1.2437418199836463
6184,0.3782247599932039,-3.0548090252962687,1.8853968962727148
6185,0.8077616119131152,0.7145049207657811,0.361966064579191
6186,1.37000531721843,2.6710763553543986,-1.7016982513798402
6187,-0.952563431044917,-2.4772730731632864,0.361698842919252
6188,2.0398784865084987,2.3203325660220253,2.506530917129177
6189,-1.3882992504919751,-2.8223153406396038,-1.9798217366547817
6190,-0.4047128950128023,-0.8339383452567709,-0.9527035754841664
6191,0.0834698562006286,-1.4533723644896512,0.1588258152490094
6192,-0.28121267401748,-0.0568620116541593,-0.8692519847327502
6193,-1.489426705467204,-1.8515502196742577,-2.032290253535556
6194,-1.367105262299928,-1.786241408375944,-1.786219696965919
6195,1.6992849755153066,1.900069470970133,0.8603166060143972
6196,-0.8336716472754035,-1.410191050417437,1.52251059679322
6197,0.2186723252811384,-0.9783642976185613,-1.4683142287412407
6198,-0.653763226827961,-2.499788449661801,-1.786203473055131
6199,2.459787832012104,1.2926327709101906,2.204015969745559
6200,1.089080208519115,0.6226759189023013,-0.6496626087966404
6201,1.090329915272276,1.7920961892844915,1.4091204750121775
6202,-0.4549956855764163,-0.6279403676463315,-0.157606658919207
6203,0.2819713849770751,-0.3361244594996828,1.6747889049461553
6204,2.0797751132794478,2.009466536326313,1.7316780456982157
6205,0.3782606023171671,0.0326353652827535,1.243444823487776
6206,0.3880575122118337,-0.5258253872625085,0.2514824043531161
6207,1.4694584583152464,-0.5086288446140004,0.8689725423307453
6208,-1.721078363639407,-3.057470968173634,-0.9222353902660836
6209,1.009568470334822,0.2878572101899204,0.2882453210110174
6210,-1.7224215347985534,-2.800561799669031,-3.670279483983276
6211,-1.1761869746449651,-0.332174713727454,-1.179575277744935
6212,-0.4347880321291651,0.6535139617956784,-0.3197800914133964
6213,-1.6317643746948962,-2.2928815915335625,0.6534858430701451
6214,-0.4157828510824601,-1.273066942221747,-1.3339101864802023
6215,-0.2046162614628091,0.4085718362868267,-0.9841897544040812
6216,-0.4873422037546068,-0.5599312461024818,-0.3885889890093542
6217,-0.4167577091683918,0.2816999711212944,-0.1609641600437269
6218,0.6223279049975013,0.9957081703361952,1.5995858435411636
6219,-2.450771368036571,-2.6345061135318693,-2.9357360469086724
6220,0.901844288941142,-0.2859534310150544,1.0890450680539712
6221,3.541959888472148,3.631813441345104,3.816232328617332
6222,0.2056997760069914,0.5329748879780563,0.6226763504518732
6223,-0.5885899877910633,-1.0710459700366524,-1.4695489996877782
6224,2.4271622334662672,2.2794813697279457,0.6184386954785033
6225,-2.6962685504106827,-2.452482820044572,-2.5861281271569485
6226,-2.729499741775992,0.3613990084416622,-1.3390602140731465
6227,1.1807930002478653,0.3621163363051343,-1.2697510101219522
6228,0.2881094339511433,1.547010963910301,3.3215609235756687
6229,1.5399932900356423,2.520850749705588,-0.8762450152035244
6230,0.6537037933633358,0.1999393685823614,-0.4417293446851843
6231,0.5330233756549606,0.9956177298759044,0.3617602154333758
6232,-0.2697316983806265,-0.0563819127553764,-1.094258294195725
6233,-2.0141538005380166,-2.5653720687766137,-1.0927476240941807
6234,1.730918022747851,1.7552849052297284,2.023654992103458
6235,-1.5002648014537503,-1.3864981274825072,-2.292667261677136
6236,0.0264525651516673,-0.682020269095083,-0.8847902252793088
6237,0.0115845778348238,-1.040563183741814,-1.3221179884834775
6238,-0.496559793662886,-1.9795829348801115,-0.4955006264628931
6239,0.6535916201642655,0.9233575439802472,0.8349494952348473
6240,-0.8916245623849657,-2.522051458272275,-0.7586835790655512
6241,0.4617048163871164,-0.0226005939626881,-0.2632974304455572
6242,-0.6828089618004274,-1.3864452232831177,-1.9408395481840424
6243,0.096105601731507,0.0264839989788189,0.3284501368203321
6244,-2.935742647550025,-3.1191360455924886,-2.3778458322063982
6245,1.2106652790451269,0.0266629391713324,0.4994127282011402
6246,-0.6768366688422958,-0.4057547363324003,-0.9927731240603388
6247,-1.349313033813852,-1.1007091888657132,0.1858734142585932
6248,2.342172673358505,2.06170515415831,2.109697658753848
6249,-0.8949416204021254,0.0679912637777583,0.0705463602587113
6250,0.0019972502374842,-0.422554714568258,-0.6490096742942956
6251,-0.861897034576242,1.3713853039830943,2.018392480335097
6252,-0.9017017379651332,-1.7211946999432566,-1.2378013273189967
6253,-3.070073535279891,-0.8751592375832878,-1.449523826082617
6254,1.2463269325143431,-1.2405067906437857,-0.5604861873294265
6255,-1.0199072349456202,-2.9126543121023145,-0.6981125559384344
6256,-0.1201365970602797,0.6533884533211944,1.882796457226384
6257,0.8688790972723965,1.05301847105158,0.1589249933211086
6258,1.4770933304870508,0.1991513805206843,1.3153732474897324
6259,2.0846533034898784,2.0238722405379668,0.9574763953146972
6260,-0.2377843609946543,0.9015762350070284,-0.2714555847956785
6261,0.961692236479888,1.540503681548566,1.4693168191520012
6262,-1.2451287713776846,-1.701975370091313,-0.8516585539344638
6263,1.0437420630568204,0.4611081950233768,1.043820799278676
6264,-0.0878110728664376,-0.1206419578827149,-0.8538689705622241
6265,-2.014175747916247,-1.8289608366336063,-1.920956354981916
6266,0.3783235979168601,0.0329335987611851,0.4695699484039835
6267,-1.6518496865127277,-1.207275455292362,-1.8285125182783
6268,0.3879829603251216,-0.4725989940764924,0.186189184226185
6269,2.373639955514152,2.090164192614346,2.087045187871507
6270,-0.8303404368679554,-1.8514001189506104,-2.1251350316210718
6271,-0.3992687589490394,2.006497013510643,2.7459599628782363
6272,-0.8638297331211444,-0.1336508743729485,-0.4013146016370493
6273,-1.091091606757382,0.3780450656484856,-0.5322577927323197
6274,-0.7379577948748123,-2.312690545807633,-2.125248833476908
6275,-0.5376210579822813,1.2706893381783826,0.9017134677709052
6276,-0.3485657315690903,-1.4340701838361114,0.2881427419693718
6277,-0.9618892006429722,-1.178530524921681,-0.320173512208414
6278,-1.3111839575628768,-2.695605185954689,-1.6353182343037795
6279,0.957561732177906,-1.237144681372952,-0.621426837118523
6280,2.292545317763556,1.1262743405061213,0.5882839712802999
6281,-1.8079947667162863,-2.312400154865153,-2.125246626113325
6282,-1.568337076450098,0.4453064863626166,0.2805212242905105
6283,-2.2660330112276266,-0.6531828314706246,-1.600683716355426
6284,-1.550528163509877,-2.0657040957240382,-1.9801571906778372
6285,3.174500359960589,2.979008157272143,3.3689755852577896
6286,-1.9408417555476252,-1.385283046356646,-1.940868366541932
6287,0.288328289353525,0.2001604565874142,1.3834957476841827
6288,-2.34174382039672,-2.769158654237741,-2.477513014725285
6289,-1.739427837050672,-2.385301687619564,-0.6154562441665179
6290,0.5328461629057405,0.8077699346548598,0.9958068718882916
6291,0.0220326776631149,-0.5713171253371596,-0.3443431695632778
6292,1.0078094207924366,1.6101804652491956,1.782097267029772
6293,-0.3862697799598114,2.164467957626393,-0.1107877680144187
6294,-0.7501767993153385,-1.631498272592745,-2.478424389800225
6295,-1.2139299487874808,-2.7492123025740614,-2.385177868682236
6296,-1.5509184264298832,-1.8075124656046315,-2.227352388040052
6297,-0.0565305507579402,0.9016959591882724,1.1808547734865915
6298,0.2474042764168093,-0.3285818655835874,0.169690580631543
6299,1.2917290036445357,-0.0385522613407096,0.3284656449703499
6300,1.2106886605636151,1.6575450283292124,2.057543401522443
6301,-0.2335248688127925,-0.2818439995271283,-0.4176827783998381
6302,1.9531727560245349,2.1565285787385142,-0.1789184412073056
6303,-0.5797160768606163,-0.94302358739085,-1.5006560499867094
6304,1.9532664765376464,1.043857574280501,2.0793144454525234
6305,-0.2590595829596301,0.7853473453472078,-2.521426754715636
6306,-1.4685702393308673,-2.304797948774,-1.0373985479837944
6307,-1.041684033916759,0.6818566613911392,-0.0557557389134967
6308,2.67575393794906,2.786986531609553,3.342226588808529
6309,1.724686620083117,0.4616814784051891,1.2138833770282405
6310,-0.1450259599934808,-0.2706899719582155,-0.0235471377195924
6311,0.4086655266077958,0.96174447741802,-1.940614151835952
6312,1.7316919030362647,1.8389202301228145,2.019050418478642
6313,-2.0669845603271635,-2.9039751129232925,-0.7778750714592817
6314,0.1335618879116099,0.7143987595710839,1.3576521254187313
6315,-2.9244733017935123,-2.5701240189701964,-2.839030028714124
6316,-0.1272076759963399,0.4610648783144967,2.407497508452024
6317,-2.201447219697164,-4.141124455398418,-2.2925917152299946
6318,0.5892043531469344,-0.7269646950216759,-0.9348911706126196
6319,-1.667364732801096,-2.111700454117676,0.200335595215871
6320,1.4697535092475131,-0.3353745325036942,-0.1187718917182924
6321,-0.1962134080173069,1.8324687657705,-0.4426890621306988
6322,-1.783892511937532,-1.652175444789603,-1.0923869719519168
6323,-0.7668320165746036,-1.484491310117931,-1.0302826730540724
6324,2.6172110523439445,2.9186013277905545,3.138785070787103
6325,-0.9518873796768048,-0.2955699727720353,-0.7214777409951284
6326,-1.8286700955219968,-0.8078337880043513,-1.920413712220171
6327,2.740190350358993,1.5284870651650742,2.422053732123324
6328,0.1590175186446311,-0.1771354126152756,-0.6715491388476733
6329,-2.202375749237933,-2.108240731411824,-1.4107679705451817
6330,2.016919944727076,1.471751418552787,1.05368595327283
6331,-0.3951655738078903,-0.5514273891739299,-0.1441091780569636
6332,-0.8540727553651256,-1.0287227971164257,-1.7862096763151385
6333,-1.3886105414529346,0.7007059068523473,-1.1011060524270726
6334,0.6185450718860254,-0.8231865197261843,-0.3083004263885845
6335,-0.0393112361672558,2.363038925897728,2.392861575555881
6336,2.4588298934445154,1.358377375299345,2.183195482850289
6337,-0.5878181357869544,-1.1816152495895968,-1.6015183450524364
6338,0.4620491105548416,-0.391471100547644,-0.3749600676770687
6339,-0.6058907543363898,-1.551020264896475,-0.8270926849841147
6340,-0.9169543647160672,-2.2023663784472283,-1.0459511283123042
6341,1.906547596110413,0.0829219088489658,0.0823515199675422
6342,-1.1673575147690205,-1.387529568562757,-1.235562177608529
6343,-0.9114585077611534,-0.8163718996578793,-0.4347886355352924
6344,0.0469312748370461,0.3220143961315047,-0.056226827091511
6345,-0.6741689082452501,-2.0640930677594818,-0.8738754377862885
6346,-1.2515498468612332,-1.2311754165877282,-0.8791703062284675
6347,1.1808089059320883,-0.7587791782623309,-0.2215382766343812
6348,-0.765042010965117,0.0327019813192104,-0.8170514556384756
6349,1.3699201416867934,-0.1582101645418243,1.8963776962116552
6350,0.0661051721479057,0.0021379353979365,0.9957728411220472
6351,-0.6595904683490523,-0.3374049287295668,0.1328010043663414
6352,0.4994099844515217,0.6784927326517673,0.9506674458987204
6353,2.6253066505099203,2.110819424499805,2.359034892425467
6354,-0.1562184409056869,-0.6722229356745814,-1.2735231204191952
6355,1.1267085687066207,-0.8824932893214742,-2.414918070700321
6356,0.7694006730021161,-0.7708759443774938,-0.5577514946600101
6357,-0.7988213324759881,-0.400102232542402,-0.0393059276082112
6358,-0.0847550641116356,0.8076356610880476,1.4417200781305084
6359,1.4531147827292588,1.3761887867646818,1.7827972521332889
6360,-0.1901050071091444,-1.6319329663668716,-1.0221445520899384
6361,-1.4690230871676886,-1.5619027373602623,-1.5602659378992734
6362,-2.6896830054707905,-2.8423452694428746,-0.9421127800110696
6363,3.250465661209504,3.3686902693407985,3.369779993659885
6364,1.6631231453936637,1.7846050027838884,1.1296343820224046
6365,1.2962691642092503,0.8711529719607339,0.3173064457002971
6366,0.169847272593454,0.0266871557440526,0.4126468357803642
6367,1.5979051429082751,0.5329510911016607,0.3615406491761667
6368,0.7753966976896576,-0.1769194588780679,0.4978568420429279
6369,1.5216479908488514,1.1808371416040808,2.365645764275206
6370,-0.93805493578367,-0.6988203188126454,2.291210622495222
6371,-1.4876421151926016,-1.20604307301478,-2.387575371335739
6372,0.2819439507542875,-0.1619421438486506,-0.6463925727402366
6373,1.2963177260706344,1.0437858512400828,1.2964021199850786
6374,-1.4003114324115895,-1.1160261662287816,-1.216977542411069
6375,2.262819091470476,1.968063335842989,0.5326655285849143
6376,2.320464812061282,1.9798511975518047,2.524037937456881
6377,2.269769810060432,3.0060829348659404,2.5564906908502727
6378,1.1264716518917328,-0.1580481640208687,0.2473541135161747
6379,0.6188549189566888,-0.5521994874093575,-0.4987075362774719
6380,2.600729398168579,2.6368382066911016,2.2133667528254803
6381,-0.9734282496408924,-2.6658893254821123,-0.2091131916360557
6382,-0.427765402133937,0.1697515395904592,-2.8191339449376343
6383,-1.1768287698928714,-1.4880398805980524,-1.7391651114032898
6384,0.9957932472518062,-0.8902633319412899,0.6227374455412721
6385,-2.2657941254354173,-2.218887894558388,0.2383309127034763
6386,0.961612526128278,-0.7080046068407888,0.2387243446043261
6387,1.6315638509082049,0.4695356749359513,0.3779849060575911
6388,-1.4896323581743574,-2.841552541406127,-2.218710814946504
6389,-1.3865392814980173,-2.452226336820831,-0.5254423943416889
6390,2.65676466671014,2.1964058317467523,3.28833647884489
6391,1.7611088243509192,1.8895356902385256,3.228675238324481
6392,2.102719358285182,-0.3154288667328794,0.0266250038505195
6393,-0.9699916174395014,-1.028727350895406,-0.2582242489105074
6394,-0.1620918592778071,-0.1470386546646668,-0.1929891667805121
6395,2.312153130002996,2.7525066670781166,1.9366236665771992
6396,-0.0270257531241773,-0.1113737815081434,0.4457744402234463
6397,-0.8562039927046927,-1.4001302256433044,-1.469602443158609
6398,0.7856148481249047,1.4533245888294133,1.5269071242114178
6399,2.835106971457818,1.8453045387615237,1.844326186168995
6400,-0.1910132540119979,-1.0073770318921742,-1.1458819692497553
6401,0.0962373315365623,2.151004341246113,-1.3340047861953113
6402,-0.7046459552703708,-1.237432634351984,-0.7233235897308267
6403,-0.4353047589663021,-0.801975594909647,-1.9383362017188652
6404,1.3578298005424927,2.0172290387748144,0.0661084395946646
6405,1.0438536846168462,1.0438470839754932,1.043846848238302
6406,-1.7389847236822191,0.6223677308579975,-0.3387679780525384
6407,2.0964263997178025,2.519840399127309,2.011991013370488
6408,-1.453115329263537,-1.3861986117183678,-1.7649584120942607
6409,0.4459939448307166,-0.9973436039268134,-0.3262250513940494
6410,-0.7193937177034615,-1.702014379053281,-1.7861830738731843
6411,-1.9796633212623052,-1.3104655484727414,-0.1807167770088842
6412,-3.5825487483443204,-2.661023290252881,0.032846798789769
6413,1.2288292167693249,1.2289465749331565,2.7364265372152894
6414,-1.874749232615432,0.6224381350881625,-1.651871387291202
6415,-1.69533385438015,-0.4866535739376687,-0.2123088800641537
6416,-2.233983768681407,-0.7037695547941415,-0.9708201963350076
6417,-0.4093816391136984,-0.6743990291803462,-0.7524277376338608
6418,0.2006441771093863,1.4489104025416382,-0.1958036349162388
6419,0.681948634873766,-1.385933237563162,-0.4277633673780009
6420,0.7140519170151222,-0.5338424715803161,-0.7895675276229202
6421,0.2817001868960804,2.1204727117659163,2.5395696125576155
6422,-0.2585100550510968,0.497774924327735,0.0106151160122826
6423,0.3220422334389131,1.3139962937877778,0.0104172503933249
6424,-0.4704396458155428,-1.525056251586331,-1.3863195261901944
6425,0.1150821537041397,0.2881690504765232,1.385769623334404
6426,2.0432576429566645,1.8613221385211327,1.2718525492245767
6427,1.8082865130783927,2.4625105859813896,2.5447166647698047
6428,0.6819346549044067,0.6819125812685763,1.312656424092871
6429,1.671872840461058,1.6082702340732065,1.7313419132770422
6430,-0.1943473553304508,-2.477465914172005,-3.281470632468052
6431,-0.4116522078791779,0.5383164273400998,0.2509898609592845
6432,3.247425579425005,3.0365928991530016,3.367318434901541
6433,-1.9409805741907369,-3.1838405638246523,-2.8041914411874136
6434,0.5330421172363705,-1.202068131557582,0.0660354152420985
6435,1.4479512281616382,-1.2767850151934252,-0.6999852966223925
6436,0.9575834789337928,0.1319716340198329,-0.2492985309528415
6437,-1.1645149957177157,-1.6353829441627596,-1.3881068889439685
6438,-1.4449399418137905,1.6471498311770765,2.4276053328042777
6439,-0.5369327343681528,-1.807792285650568,-1.3111764139727589
6440,2.325993671861921,1.1701403921530615,1.2468063990231175
6441,0.6784676810248155,2.063495190912367,1.4459883332850707
6442,-0.7828228889097335,-0.61534212019784,-0.2338947013704551
6443,-1.764815669249224,-2.0322787261924,0.8690147275014435
6444,0.622712662265855,0.3618586395607474,1.74443163506652
6445,2.770438769555147,3.071321049505645,2.347068418302345
6446,-0.0560484905086977,0.4977193723442285,0.4085991217533393
6447,3.079885984124272,3.4642776336468697,3.3403277257335366
6448,1.6132626637475849,1.8059220338799484,1.9591258841586163
6449,-1.9797557302412496,0.9572340574821594,2.089893741249914
6450,-1.3512133705028688,0.0820811485864471,-3.311141429022287
6451,-0.2327924666048345,-1.7019585497132166,-2.665736152677321
6452,-0.864753603021516,-0.2816734846771647,-0.4772439360337534
6453,2.8286832981685444,2.860442354876117,3.3991136289750306
6454,0.0108880933087188,1.1423228832125156,0.9616369297590016
6455,0.4695478637397233,0.3782326042728591,-1.500666790615776
6456,-0.430555288997494,-0.6823929306395442,-1.5654985551542329
6457,-0.6350314630243772,-0.4870161210127608,-0.0469189958672879
6458,-1.82890066629329,-1.0343680912016868,-0.6031650535682406
6459,1.4684542305162724,0.0821847720435399,-0.5140403803847938
6460,-1.4878970993396792,-1.3390361705969955,-2.4773374356994444
6461,1.243609311998085,1.6177326963388277,2.364798719910357
6462,-0.414115177028395,-0.0562250489375135,-0.1785070744773436
6463,-2.341657017282821,-2.6484934483273106,-3.492688254958225
6464,1.724774550055429,-0.7175775546299977,0.0744316627752217
6465,0.7448528144421211,0.8347099430022984,2.3856000600189464
6466,-0.3761439258936953,-1.8557955534743733,-1.054927305284582
6467,-2.2340670355176564,-2.143040159586017,2.043498266518593
6468,-1.6516990140621817,-1.1463443547308054,-0.9077769698692584
6469,0.1698697892343453,0.2473077978296791,0.412565596932963
6470,-0.2586082565699386,-1.1649938325424398,-0.8848997680886683
6471,-0.9739098456710984,-2.2957450748235435,-2.477336202700667
6472,2.837362136040307,-0.3699734758615884,0.0959810295341521
6473,2.419988279264135,2.717782578816613,2.7403397991666925
6474,1.5966780249491574,0.3879311865445076,1.2138635751041809
6475,0.4994318151550083,-0.9762275303658434,-1.1161416422996835
6476,-2.111581221066915,-0.3798351421963963,-0.7274336982890093
6477,-0.7006119677592315,-0.4033031648641496,-0.5195202660367196
6478,1.8409366567559236,-0.059887923540952,0.2383679167013198
6479,0.7754293789338176,0.0828683496242495,0.6819298722833101
6480,2.1115716951679318,0.6819314664903423,0.86887069702765
6481,2.7525294538127167,2.371043517176167,2.139197628757146
6482,0.6535657340414032,1.2462605578403372,-1.259861404221494
6483,0.9508971454591768,-0.7001920035252183,-0.5165192604468077
6484,-1.509528751219037,-1.7210729416840098,-1.23694736934393
6485,0.1890700989725041,-0.3687601795489116,-1.7210468927243838
6486,1.7249067986196835,1.5268728244501004,2.292882321835221
6487,0.362286336011509,-2.912446921708028,-0.3553771805526292
6488,-0.7810810285543859,-1.1560477332986812,-0.9910076494481936
6489,0.2386143443191045,0.0105113086082245,-0.7214751044219597
6490,-0.7052273208958185,-0.2113950966177192,-1.004927330315975
6491,3.423859549269491,3.046385843359399,3.7219216462711535
6492,-0.0996638860645695,0.3284199555745282,0.0265191905500132
6493,-0.9485519116039858,0.1247688904132272,-1.0364532418471435
6494,0.8689320739983896,1.312975633393241,0.8689908143959605
6495,1.0396287555414452,0.5881416541805208,0.499377536629946
6496,0.4084310248849251,-1.154816629378361,-0.332163860856504
6497,-0.1283683086363407,0.0264086651577707,0.4125040116833729
6498,1.83912867987904,1.382694786390768,1.8733760807665452
6499,1.2436972886114497,0.3781425157380491,0.6535838362252231
6500,2.983624588001536,2.5290325245788603,2.953347917588922
6501,0.5616072436428079,-0.6284362943932995,2.668128566493421
6502,-0.3771202671780177,-2.571668738656155,-1.7768045021144987
6503,-0.7947484159297401,0.321689944342625,-2.845476498068916
6504,2.894379313416722,2.689293147244668,3.370662820784196
6505,2.574156143829057,2.1959841795578576,2.6408013448895704
6506,-1.182044091281258,-1.7644879983884525,-0.1200605934990311
6507,2.215766871742256,1.670667729834009,1.18087413156739
6508,-1.1328728601054068,-0.4002097675057096,-0.2333114055436362
6509,0.950666849431412,-0.2100629465311867,-0.039005129144596
6510,0.0330680074760473,-1.054921210882696,-0.5322576117104815
6511,0.3285034311743358,-1.089614593813783,-0.3963459498445232
6512,-0.1619424829233142,-0.4645105804516255,-0.3696619645833446
6513,-0.0908704381355592,-0.4032683914775881,1.5968250070878611
6514,-0.3427653511796154,-0.6270893877374679,0.4994252540146162
6515,-2.659399645045468,-2.4774811453419865,-2.478016004533249
6516,0.3877190230724414,0.316978888873146,0.8711305179932737
6517,0.2819660830823341,-0.7552793728838387,-0.3256147478244184
6518,-0.9357837972888796,-1.652060282703834,-2.2022088012035312
6519,1.6411970523411752,-0.0405469076666581,0.0257588140252923
6520,0.2384058710918171,1.142318100591419,0.0831317923363201
6521,0.3176291109807312,-0.8665583911091073,-0.481120245260543
6522,-0.6277617146204553,-1.9207841050527727,-2.846538944883107
6523,-2.218747113814314,-2.759888427762652,-2.312469318924088
6524,0.1313012563824015,2.0247333884973644,1.527603020399795
6525,-1.6014354462867622,-1.6006699816486871,-1.764614921794477
6526,2.057631693082393,2.446074628911971,2.975355933934119
6527,3.073884453962967,1.4419866524660894,2.803933674531065
6528,-1.8730012764769053,-0.6573045128845347,-3.1082192221378877
6529,-1.083595130393915,-1.4110938060009577,-1.3326022542332845
6530,-0.1914666533760718,-0.0472235651100565,-0.3230357088327796
6531,1.916956029737068,0.8077310951933852,0.6226215436562369
6532,1.3698324609924617,0.6784512185271042,1.0397338530811815
6533,2.1094962316456853,2.021711473443568,2.286688327136844
6534,0.4978621151892652,-0.2838909346854684,0.5892061926165869
6535,1.0890666455325682,1.0888569124406056,-0.0674613315155401
6536,1.090340293857666,2.130788651959588,0.8347994884715937
6537,-0.2089459225803143,2.473843147801849,3.2994150647290525
6538,-0.0658023514950223,0.7852993728288018,0.5384236877620888
6539,0.8078043969706761,-1.0388685367376296,-0.442354640478424
6540,1.7387847472677502,-0.3670141613597391,1.3578616119109386
6541,0.3284877142607599,0.0264834025115105,-0.3434098937530492
6542,-0.1425912144431184,0.0021377812730894,0.1303292733680872
6543,1.9932753211511287,0.4613023246003175,1.453163344590643
6544,0.4695762238277077,1.1706458051253112,1.9984023130737207
6545,-2.125444798310558,-1.8516594841716183,-1.601679973119239
6546,-1.1587015892845156,0.497430269030505,0.9616317792439748
6547,-0.7365292691254818,-1.334904020309423,-0.8235564738740585
6548,0.2192693886521114,0.6181915545006951,-0.0206907985754543
6549,1.7146227283425288,2.499127103634387,2.401571198506109
6550,0.4085352001829136,-0.8666339702159928,-0.3306743196475361
6551,-1.6814615735203096,-2.0323042335049157,-1.7649669962859726
6552,1.1808239485171672,0.4459595749898085,0.995752558292166
6553,1.8305173503547223,1.381755765775421,2.49891321394489
6554,0.7694211914775243,0.4993404363633648,0.3283711943720682
6555,0.9017914549435488,-2.4776003110386946,-1.828833097960312
6556,3.1100083531506058,2.8631620720730453,2.500868468238787
6557,-1.049448127387191,0.5877271094011978,-1.701864546465416
6558,2.8656914004188097,2.7585073572797225,2.693585806301843
6559,1.8027327492367984,0.6225391793379352,0.6226060695215859
6560,1.0531919943554693,0.071714449465654,0.4083027218766608
6561,-0.8167514774411613,-1.6813854194766946,-2.2185987299290093
6562,1.1295327203587062,-0.1593338520095418,-0.6259849335786745
6563,-3.125716471335708,-3.5591387252081583,-2.324139325168967
6564,-0.1904366994573364,0.561354778519134,1.927155496633194
6565,-2.29303123625314,-2.293048855712058,-2.293145883417332
6566,-1.3563991437203784,0.2844214157009172,0.2861270638010341
6567,-1.2359205631969843,-1.764874409646795,-1.940879280728537
6568,0.1699481650386662,-0.3528493169651582,-0.1011281536599078
6569,2.19355250163506,2.722692727526085,1.8514207622445529
6570,1.592817815979021,2.148478830075676,1.6135063191417998
6571,-0.3045609018818697,0.7754574615038463,-0.3728727345271768
6572,2.485068650236611,2.749556181069846,2.8050431699820217
6573,-0.5791149303886041,-1.6814433014550945,-1.851659116277688
6574,1.1423375989697355,-0.0555831353444338,-2.032232739451086
6575,-0.0993440304704515,-0.3415232974800135,-0.3451373525482095
6576,0.1140970328606647,1.3216428785151169,1.2453600345359137
6577,-2.4319295340651257,-1.4938486634206507,-2.385045843421577
6578,-0.8396558335961322,0.2882090563027651,-0.7133087452762362
6579,2.309980772948229,2.4875388314147973,2.2254632640463856
6580,-1.229846143879072,-1.2630060180427052,-2.2189921311720315
6581,-1.533580422599437,-1.2217276454897097,1.494098884011073
6582,-0.528824043258168,-1.4873227685093662,-1.828728169764392
6583,0.247235744578827,0.4993639371753149,0.5882871325570342
6584,-0.4470295067926367,-0.4176829573400306,-0.3018286366943492
6585,-1.3036552173169358,-1.9618378051587173,-1.620889695494956
6586,-1.130018482502926,-1.628567891075991,-1.5615128163207832
6587,-1.183638840514411,-0.8362400118499433,-0.9430234063690116
6588,0.247388947206984,-0.0392432090707352,0.1697568779728692
6589,-1.8730092691388376,-2.743128263113275,-2.324245973523705
6590,0.0661047714233031,-0.5738105584853904,-0.5603089752778068
6591,0.8689006190673312,-0.5448286263254133,-1.8513446895984145
6592,-0.5774407228653832,-0.1237399272605355,0.5616025370750146
6593,-1.3351697473050632,-0.1226997757782482,-3.300390974594476
6594,-1.764814197673502,-0.2881391591901711,1.1425964736655023
6595,-2.920208427285561,-2.750071070174474,-3.123095289913676
6596,1.0918419303461333,-1.6963820507393772,0.3780881488459769
6597,-1.0891187444249617,-1.1317101926536943,-0.7490069985523511
6598,1.4418421450094283,1.2707480289201665,1.6709752397289852
6599,0.9506291526975224,-1.7861382195315945,-1.069430020804793
6600,-1.4001995351445378,-2.052059092343661,-2.3242123327675124
6601,-0.3453477046692136,0.1867389528231766,1.1294649459162407
6602,2.515678011741784,1.4443816889432224,0.0962252828969331
6603,1.8858900763193656,0.6187463619801482,-0.2007745053879819
6604,-0.7462972233933631,0.9956889972052132,-0.7639688701146002
6605,2.5889359379679915,1.784054556442472,2.1817930563869687
6606,-2.5424842953563025,-2.743395241880505,-0.8905652814057601
6607,2.628238497495357,2.507441751726467,2.4796856262454314
6608,2.4733204823045947,3.006087945191331,3.239011769330053
6609,-0.4290008648697814,-2.8527477408078417,-1.028390206945274
6610,-0.3085909346279542,1.843398112413636,-0.3339723047875665
6611,-0.5346029852259515,0.7141817517863371,1.4422417599130446
6612,3.5496354774657406,3.3008832359557507,3.6352644190544736
6613,-0.2092847358583446,-0.6738672235748315,-0.4248678116198846
6614,2.7024561489880954,2.4220386895382444,3.2098874248596454
6615,-1.9618547448302757,-2.3241078316950845,-1.8730184547353868
6616,-1.807453295569644,-0.5786106572295203,-1.1662133643116055
6617,1.7206355257124395,1.9983989339994084,2.0346583322778757
6618,1.8397808220150085,1.5872797478806877,2.1547484858342667
6619,-1.6007644077575172,-0.2394115161210288,-0.4844104791422033
6620,-0.4370630240807219,0.1148796506078085,-2.9188210759176094
6621,2.5572331402384534,1.5877078108491347,2.894375693934896
6622,-2.1251703494384,-2.718616124537408,-2.0323783028162574
6623,3.281443022126558,3.158150843615493,3.410981406290962
6624,0.1590375688638437,-1.183868109388712,-0.2314336136066731
6625,-3.810870117927748,-1.8729675164272512,-4.204559537106797
6626,-0.9528149829693696,-1.7211655864001454,-1.4685146053537477
6627,0.4617695557132455,1.3761681597604531,0.1306116366967396
6628,-1.2090617310124554,1.3138530604175005,1.7939807601982756
6629,-0.4464861111303583,-1.6516824918785702,0.0027228391927619
6630,-1.33487252683554,0.3282947272631341,0.0264427830878099
6631,0.4126115249157082,-4.133859551283926,-0.2155798516065718
6632,-2.906136413709141,-0.3648830688997948,-0.7259895416259342
6633,-1.6268312882415423,0.0856951288316448,0.1959901961602279
6634,-0.0997474213111079,-0.1006573321900392,0.0251952717123363
6635,-0.3533948883617916,-0.3654028104720593,0.2507407162153512
6636,-1.384213701331972,-0.7786283462610573,1.1428510562654135
6637,1.3154095725385977,1.9890963424156245,0.9228028930680076
6638,3.109388083983771,3.070920113559472,2.6918407359892784
6639,-2.704905445057765,0.9508674413872196,-2.324248597979862
6640,-1.120404773060653,-2.0141079329835136,0.7143875392822135
6641,-0.3266375421793923,-0.1193183674942331,-0.3284067440912007
6642,-0.6614223346319976,0.0025107017531841,0.1335011010719053
6643,-1.6668403728764485,-1.339574249990878,-1.5039292868650107
6644,-1.1765711964483625,-2.564758281985437,-1.337192590825669
6645,0.1340639650135923,0.90173356565097,-1.7388301056355868
6646,0.9017615547232072,2.7252076890205124,2.338292179607624
6647,3.1889923560393494,2.821035540957444,3.144002153823354
6648,-0.261007183984599,-1.6509901630653012,-1.5663237127471823
6649,1.2292991399498925,0.681695401218267,1.1424288366645017
6650,-1.7393266342430729,-1.3391504695836207,-1.1486822437118194
6651,-0.6478037605215201,-0.4358546429701357,-1.05908501486432
6652,0.4459348533643302,0.8077499600746728,-0.211209199279943
6653,1.1294722537691675,1.4532880495647795,1.3762402953409556
6654,2.936577792355213,2.620149737978121,3.1578218322481915
6655,-0.2337099227952169,0.6784014731535855,0.9506698914146848
6656,2.810686562232777,2.132130838502051,2.484691056392452
6657,-0.6943102318245702,-1.6316089372764968,-1.777408149604277
6658,-1.339902968737206,-2.477232877403157,-1.82907895791644
6659,-0.5925522147260305,-1.5020966217750913,0.1999496566568323
6660,1.521980284019245,0.2053962425330706,1.1809841150582958
6661,-2.7036346241525,-2.201248095675146,-2.477303743940552
6662,0.2814852135593156,0.807549227873782,1.6702926516060543
6663,1.007808455342633,-1.031660025355443,-0.6011938050676332
6664,-1.6011606295206733,-1.2005845964344015,-0.8732392604756266
6665,1.7003351158584377,-0.2571792114480811,-0.5995660002596515
6666,-1.3923763892937069,-2.111367977341518,-1.5012631972320265
6667,-0.418377044266354,0.7754025226768906,-1.1997347614549303
6668,3.0468398731896205,3.222677422780232,3.0130801857772536
6669,0.0962088502225873,2.355443511192836,1.8111353602366704
6670,3.5067942951802373,3.232989110407312,3.323165742511909
6671,0.1587251656011881,0.681934103063511,2.4735918311805127
6672,2.170770221064364,1.8366078020790604,1.6627967672524684
6673,-0.0566925359722647,-0.5982579650356529,-0.7314641864564678
6674,0.6818188296319521,-0.2838923756033629,-0.0558310038801129
6675,2.866823174673687,1.0437682888193396,2.368098751689327
6676,-0.3201774946888543,-0.7513851804259246,-0.5902946008709407
6677,-2.1429936351359635,-1.9618524782545037,-1.6208906498426492
6678,-0.9941143323627664,-3.856925744676883,-3.35854915526971
6679,-2.111459695072872,-2.661996705017486,-0.1217286841272335
6680,0.0331571003907473,0.2000453568686265,0.5615645224889931
6681,1.8361463465273165,2.2339494384621976,2.011772557726031
6682,0.6226192626084995,0.2810500574659532,-0.0562332747528126
6683,-1.074701471813631,-0.7809548461619289,-0.4962271708744349
6684,-2.061177414694612,-2.767396945585205,-3.490396603431348
6685,-1.5610251185406958,-0.5286844902621098,0.4081303022545631
6686,2.023718992456777,0.6819588132725101,0.868935998200315
6687,-0.0385991734945136,-2.05204477712826,-1.8729483101799211
6688,1.2291508786958978,-0.3728726425536942,-0.4832223350358033
6689,0.8347459060074871,0.8347653356847871,1.1689064266226767
6690,-0.6963767660779945,-1.3885685802329035,-1.7212734361651123
6691,-0.3903353160021472,0.2056519664794143,-0.3307885956424037
6692,-1.012474311875426,-1.873028356092706,-0.9915795848890812
6693,1.6711058142994664,1.6704692170309163,0.8077839908409172
6694,0.0332775704240682,-0.8708220014350523,0.9232173123962564
6695,-1.3670536082310225,-1.786218981205149,-2.4999824208304857
6696,-0.3895056927750625,0.204951623174095,-1.069961683395886
6697,1.0438661197536814,-0.924424092217638,1.129494059459352
6698,1.0530922951003017,0.9619134633634328,-1.3221152905946538
6699,-0.6963797127928842,-0.7233287170147349,-0.538236419969702
6700,3.276912973315094,3.4129006813313025,3.413406335666003
6701,-1.635304207940904,-1.9795074989789323,-3.328316970715835
6702,2.2656093312910306,2.807818394495551,3.004648788869676
6703,-0.8942567869051372,-0.2614436016216381,-0.611133925395245
6704,2.2957433368841578,2.115298376645037,1.7547830376364586
6705,1.671530828977888,0.8077174705568997,-0.2996112351676802
6706,-0.0465327556051855,1.3845062115850055,2.5798789721970574
6707,-1.4373910897984714,-1.937840443244653,-1.7019447311459848
6708,0.3620412466796168,0.7144940703765438,0.6225279590490648
6709,3.149310115453779,2.980609037851901,3.5070853859312874
6710,1.043857810017692,1.4532097848173062,0.9574382058897254
6711,0.4694256136583267,1.091535158671,-1.3837531123280684
6712,1.644492068548649,2.007365790413947,1.0904519239912216
6713,-0.3544329403375093,0.5890152556666538,0.7753570264608179
6714,-0.1775104498196,2.263508454790661,-0.5064323645597355
6715,-1.2344493172127695,2.056597937705055,1.1778087185815913
6716,-2.2658228211619966,2.211767607141528,-1.6814323872684895
6717,0.3782989789468652,0.2879615994499481,-0.9281437129721776
6718,0.538768276601303,1.52679715281173,-0.3053516487983532
6719,0.2817833526635871,-0.3646779985770129,-0.551480395785003
6720,-0.8915958576211764,-0.7898615584499116,-0.6807632142426753
6721,-1.5815760580258835,-0.7813911262036288,-2.4133932616731824
6722,-1.2110055599099443,-1.4892089122603438,-1.3866388581218745
6723,-1.5333959010057,-1.501547039474321,-0.5706995299514922
6724,0.6535685700502016,1.7595450837021291,1.7737358683233937
6725,2.6038477297335696,2.325304436424807,3.012445345521393
6726,-0.9769658972468852,-0.5194578162882652,-1.334662928223376
6727,-1.0513908539575323,-0.6059255071525813,-2.032222438421033
6728,-0.4201163650180223,-0.1583835874117354,-0.6453043064007299
6729,1.270619920347239,0.9957404749041516,2.5980830491172884
6730,0.9018275201577752,1.9711323930987468,1.6712281277781418
6731,-0.0236794043486894,0.1586564000940109,-1.1068079430229123
6732,0.8711334647081634,0.0733654823937912,1.043826280168371
6733,-0.5039206643510683,-1.7010422769419538,-1.774421651317682
6734,-1.4344787499439722,-1.7019979165555696,-3.10134672581075
6735,0.8077750515997841,0.5327327886681981,0.0026223497924388
6736,-1.468580729635875,-3.059069030592675,-2.7434379122063994
6737,1.228850431985984,0.4085114403665684,1.6100756122215147
6738,-1.979676758282203,1.725572284710398,1.3761738174530416
6739,-1.3638351587898871,-1.5012819028219735,0.0329817505701459
6740,2.0730224111284605,2.3176473583087263,2.578582614473107
6741,-2.4327312389449784,-3.1545479577644957,-2.387508296202272
6742,-0.256431309748475,1.18083825130298,-1.9204906513438544
6743,0.2387499745481514,0.4082811081082435,0.2385722511218889
6744,1.0529413359574835,1.312458865052189,1.3127055992482488
6745,-0.1848945702068057,0.2036867513787397,-0.5488622461819835
6746,-1.2168364182459066,-1.0489098752881103,0.3283303960081751
6747,-0.951019372784116,-2.229505375807142,-1.4683923756201185
6748,-0.8070108983609701,-0.0481918509225791,-1.7017330562765185
6749,0.1998728732271299,1.751565037668222,-1.1209224368365265
6750,0.9575745798548256,0.2508739961298173,0.5387450564879713
6751,0.4695329596083783,1.6365104536588109,-0.1209020177327948
6752,2.9360283266707348,2.8380378142072384,3.323682451036688
6753,2.749783795498789,2.454230665393403,3.32383705536302
6754,2.550422610095385,2.30076395908529,2.0814392626252665
6755,0.901783995300948,0.133357148464694,-0.3307875784184126
6756,-2.38511921760666,1.0918696870279905,1.8364314544898852
6757,-1.6353121051368087,-1.4684652184121945,-2.792155124399435
6758,2.1160671037120755,1.5841034401701106,2.8683583947744267
6759,-0.6032799060097217,-1.038532915347775,-0.3046606441566931
6760,-0.6322479352539792,-1.1159049640717191,-0.3028760332878618
6761,0.4978797740979295,-0.9914419248248568,-0.8412974831159022
6762,0.4125604971374763,1.7677625241471593,0.0264874584892075
6763,1.0394717653458798,0.3284068631171092,0.8603195287042082
6764,0.6181544553602324,-0.9161801269047184,-1.1657103011456176
6765,1.85397029834924,1.8884494071896396,1.4470287408741798
6766,-0.9780770518511026,-0.8270958674361957,-1.3112089457051423
6767,1.2962277923321974,0.1878711690852877,1.043849441347405
6768,1.1808849819566274,0.9957221648723138,2.833960153947364
