item_id,cn_ftllm_output,de_ftllm_output,es_ftllm_output
1,-1.658430600850869,-2.329672108510575,-1.1183263872378233
2,-3.077993838597996,-3.412428855678974,-2.87673642789086
3,1.0063043993244487,1.9374953019493484,2.2795153174469847
4,-0.109334873777099,0.8183136933831644,1.820238217028185
5,-0.4701480279594708,-1.4487071483707166,-1.7517593946559633
6,-0.2532177712863266,-0.2643324612946985,-0.1103943386066712
7,2.531530830364252,2.024772150890547,2.6794596845286422
8,0.7691530656592288,2.452024194478738,0.5922080994440551
9,-0.2952480580636034,-1.4342104933051725,-1.5174591411930722
10,-1.0084468972220018,-1.8564635245611103,-0.1230531641319814
11,1.3296684002251602,-1.228907373322676,-0.3227713767712779
12,-0.303090843157592,-0.8290322747599673,-0.6345218334029972
13,-0.5858526369540652,-1.0684335126101991,-0.9395586874587888
14,-0.3335753918774685,-1.2308658430303048,-0.8268311431748566
15,-2.2477622125719687,-0.9062923602629678,-1.81889022603974
16,2.433101602308895,1.5105831612907965,2.4836792106528875
17,-0.2531009659954782,-0.7448212215579266,-0.4878376400892613
18,2.775344839700678,1.9405911329556296,1.7504131443598072
19,0.3275149895553803,0.7753023502856211,0.739191995192478
20,1.13602284418009,-0.59414302697643,0.7389261411433792
21,-1.388361260663005,2.1464862547299783,2.6257115966148623
22,2.506442433285288,2.090691960622844,2.556036870469562
23,-1.1940319524071363,-4.085026764387522,-2.77445031395766
24,0.0535309829948107,-0.0857858912643453,1.062040091887024
25,0.6722314359277852,-1.7751031750966964,-1.3308169425153742
26,1.353991592143703,-0.4134957416796803,0.0256132060411709
27,-1.9552557127019428,-3.280430194352361,-0.8098260952673634
28,-0.1486749929031586,0.574436907998712,0.4014874535824757
29,-0.608435844344411,-1.4425432327952352,0.338412701119802
30,-1.5747997655288102,0.8450667608742807,-0.0348181477406359
31,-2.278951328172097,-0.854039637370114,-2.885440388782585
32,2.427557340153874,2.7420374415587108,2.273714996511889
33,-2.581085013747252,0.2505982728671397,-1.0131577064575246
34,-0.9651638380949392,-1.175539702879962,-2.2861858595326776
35,0.3394514585627365,-0.8198683706008273,0.1462242849608936
36,0.7449984062141451,0.9703242838796196,0.9781352528585976
37,0.6069581208393975,-0.8296399814796311,-0.7854914847491603
38,-0.6316165900716681,-0.517445887973926,-0.073921191995037
39,-1.4131688379630325,-1.003705723641647,-2.6057323367542504
40,2.7591290199966085,3.1860867898976424,2.768198393975136
41,-0.6726785597228376,-1.3856426372820074,-1.729168251600201
42,-0.3221149618784397,-1.129467390447546,0.4473084292123297
43,-0.6090524290349726,-1.4276388925010917,-1.877917961340436
44,-0.3786362162340811,0.4899520228919463,-0.1153127240984407
45,1.0881385938770154,2.5549617415454984,0.6175177302839172
46,0.7159945097020557,-1.2403200656277504,0.2717315167418076
47,-1.3694871625296323,-1.7564779437404576,-1.3341172162737838
48,-1.4412926955243404,-3.03585900220019,-2.8935205205172227
49,-0.7817251560727052,0.0686963990577262,-0.0582516277297013
50,-0.4659332049737977,-1.115380151734318,-2.6312674900138404
51,-1.622695911350169,-1.217675690735864,-2.81142517341763
52,-0.9471183302190505,0.8169268343725485,0.1874272291955934
53,1.2847461452018014,-0.1591730253642494,0.7600776880937595
54,-0.6187729858443266,-1.2453650255138344,-0.0258651046369983
55,-1.0662382295190598,-0.7079604431327984,0.1883278515125624
56,-0.6348115126977245,0.0682435440107092,-0.8266539550149444
57,1.815685521183234,-0.0079070569555535,0.0834515980916137
58,2.020682380394037,2.051787140058809,1.821972730063538
59,-0.7399892653949404,1.409685546340509,2.329615063787958
60,-0.0110382346850841,0.0682261739065343,0.9018522768929972
61,-3.150702236850341,-2.815645536880348,-1.8238617509482509
62,0.2452187743551848,0.0680632529685486,1.0625397147542723
63,2.1758407214225115,-0.1746729170146603,0.8606805063072679
64,3.4884889323679857,3.04817381432815,3.4887863946710027
65,-0.8787712363392669,-0.6972947045385824,-0.3273214018182042
66,1.0880903171622154,0.3979717812402756,1.6092359761235873
67,0.3510200713800335,1.0766361873152603,-0.4471527073139939
68,-0.2774090215201892,-0.3789681850228086,-1.596607620563392
69,-0.7018720040847033,-0.0133188951150385,1.935716286529988
70,-0.7280497298648083,-0.3303315039866347,-0.8436013254116671
71,-1.9147285180250453,1.4448575143207671,0.5600250583117694
72,0.724212235498507,0.0113621610931608,-0.0653323765381062
73,-1.079502075690358,-0.5417238120482681,-1.9284673307554416
74,2.518275103108779,2.2005721815481696,0.1275833732527076
75,-2.226721838871458,-2.574759308311233,-2.612287226062896
76,-1.7434331272130894,-1.7979012746258398,-2.801422708017171
77,-1.9999939518366303,-3.348517681464596,-1.4375824832386612
78,1.747630715733561,2.1637906794222825,2.6124706613583277
79,0.4195567590731521,1.477503717665507,1.7161885028235324
80,-0.7868911154548978,-1.7216706287126873,-1.8629825449769013
81,-0.4179380889011141,-0.716174351908657,0.1054611833215241
82,-0.7836210609752187,-1.313402451521429,-2.1445862031914174
83,-0.3764337142621849,-0.9201368614353548,0.0092682090399625
84,-0.905911167912644,-2.0096784062841677,-0.2558019448732152
85,0.4795442053755653,0.0112406013022262,0.5363344366202464
86,-2.0971549533788614,0.7338177170865419,0.0575479255686175
87,-0.6663812440655701,-1.4496763921352325,2.6920986167295946
88,0.9286740454180504,-0.787902737377477,-0.3069883582106414
89,-1.0317286959901306,-1.1348069142754391,-0.2972171452982464
90,1.8224403872430104,1.5550042630362069,2.4105804453587
91,0.0628030082913737,-0.2641326335026034,0.2723761376829063
92,-0.3316813195798943,-0.3325182613187313,-1.4917275722735388
93,1.841839058539549,1.270466561469822,2.087878541147329
94,2.10143460740482,2.360327425563813,3.012530193694374
95,-2.7469160629406644,-3.4935788312897302,-4.101114209749829
96,-1.9153523455991617,-1.435082519480975,-2.9122518417148084
97,4.077032940949396,3.490695591183504,4.106375321423395
98,-0.7029485813670184,-1.3665488392784728,-0.9677932344190155
99,1.2139678533607092,1.8721917599184343,-0.9414538625256303
100,3.238401001953481,2.798128945417913,2.983678301132867
101,0.0955886421940374,1.7617985381040195,1.5351987570685015
102,-2.2197824983805137,-2.070747382480969,-2.1320029737403763
103,3.4889656361085057,2.964574130714915,2.9836731065661946
104,1.4093813881556254,1.516130653273001,1.5047047747180102
105,1.5515541970752982,1.4290351099010417,-0.0191689453803642
106,2.38892017746755,1.788796804485564,1.539218062950972
107,1.1711038915162009,1.0249168195003169,1.989307875659152
108,-0.6257939797642131,-1.7152688869627482,-0.7982725179697642
109,-0.9903640378095756,-1.148558999817717,-1.9507319992435668
110,-0.7192622650495943,-1.8829099655359616,-1.106810069102274
111,1.3541901591440642,0.4045855448176282,-1.0424001131383358
112,-1.3042839960460464,-1.303143325830454,-3.04191950658068
113,-0.7238828224849099,-0.0927067364288243,-2.3163018963390942
114,0.7160824175882385,1.163380794322597,-0.0678442720952529
115,-0.2188072509712886,0.2547928471583544,-1.700462968553416
116,-2.2777210848178675,-1.5739177349279103,-0.8736656345004608
117,-0.1804640531295749,-2.464581308367531,-1.549015965866364
118,-1.3063141732085426,-1.2964214922973691,-1.879746485573851
119,-0.5442954085335114,0.2334077663847829,0.7547818657779966
120,-0.6590203866532489,-1.3152348547271882,-2.955568857906096
121,1.4917939332090215,1.1639671519997687,1.4285067586379263
122,0.9287212470245074,-0.5895715920843984,0.3404646400086776
123,0.0630704473377921,2.816537660499512,0.1895230707074922
124,0.9309653160003344,-0.7168574846590716,-1.722404533622299
125,2.887086341697665,1.6560014123366549,3.3017251576273265
126,0.2162334597203412,0.9720552499703108,0.3968618416218598
127,0.5595833228284388,1.0927877053320494,1.8723989376479009
128,-1.7050197749397211,-3.069226183201333,-2.095127596176257
129,-2.73597509621232,-1.8195898161478972,-2.351098710498829
130,-2.4654359610183585,-2.8141022492192453,0.1165077004622359
131,0.0522562888660653,-0.2283864781755338,-0.1360240812288065
132,0.1135961307658297,-1.274496535452578,-1.359012965823659
133,0.8316772411746491,1.124957117721515,0.4464011787403806
134,0.799508669205027,-0.9909596138114004,0.8315349736519627
135,1.1373072163426492,1.55894201772313,0.7381487822688674
136,0.5864085509998425,-0.8666756687744103,1.570829361115747
137,-1.59111279514792,-1.8941092752908693,-1.3308986712393602
138,-0.7861846351424523,0.2504910287639616,-1.7950304257116665
139,-0.8617171796181421,-1.0195608730550532,-1.5958508328611227
140,-1.6583423164807307,-1.3298023180774208,-1.117868994545957
141,0.3925533147495389,1.103245671167559,1.822543778222536
142,3.661580314706855,2.878871463338777,2.0863963913213395
143,-0.6989548569755653,0.6896550667772692,-0.5425503430305454
144,1.559400339736998,-0.6963571678847197,2.0180562298739573
145,-1.871749680686612,-0.323675443859909,-1.083333564511873
146,-2.3530147320185493,1.6713426116687098,-1.626034812306575
147,0.4796949291790227,1.2309099701732027,-0.1357932975636313
148,-0.8850621045315527,1.2933705011625778,2.30213294336706
149,0.8917758554675544,0.1711748821650874,1.4294605166080516
150,1.360815511846244,-0.4773681848881331,-0.5914682471472256
151,0.1875169697182082,0.0902976302440878,-0.7484018981693354
152,1.0023294694058056,-1.1011561158572662,-1.5959643274698638
153,-0.3991671219784686,-0.557412702938902,-0.2558168675305367
154,-2.823106101646802,1.3528179997569127,-0.0877580604210784
155,1.350273443985088,0.9293195480783586,-0.4054878311258991
156,-2.1208557982784786,-0.9561878214183428,-1.8455571513779927
157,-0.8127828313832498,1.6091143834828443,0.7550292228038938
158,-2.7854663338584222,-3.4951457672266093,-2.5833911301153014
159,-0.8455788780161588,-2.115513894426228,-1.235870609673903
160,-0.0030977764178226,-0.0097927999871009,-1.3592175609155637
161,0.5507872418667952,-1.5640874811275762,-0.7616215654405706
162,-2.9326419568168896,-2.1690378397910908,-3.088488115419836
163,0.5587515672144783,-0.9278201461753454,0.4774820110439638
164,-0.3630123018620046,-2.3777212199685285,-1.975102872111174
165,-0.3078252118435357,-1.244572133764145,-1.2558808638626495
166,0.7693194007913031,0.9293063130862788,1.2838560434250303
167,-2.67307552678725,-1.5102851517297544,-1.31337550248018
168,1.7103061543063385,1.832807523970664,2.2621385545690558
169,-0.828197277653368,0.5830817428109368,0.1007229915510199
170,0.9707762805081293,0.9668905405933405,1.9413106978108257
171,-1.202451332771367,-1.9097068068258904,-1.119401536094661
172,0.4786227989228087,0.0898437647061336,-0.2250059139598686
173,-0.915093288643097,-0.2570611946758458,2.4466806445386524
174,1.3292929599063417,0.93272195376555,1.091614523389779
175,0.8865391441553115,1.6740654049838049,2.6739827223222647
176,-1.0323342914120182,-1.6536867524028491,-1.180549243450908
177,-1.2430259739210625,-0.8285324216161117,-1.2572504446495785
178,-1.1268039740094622,-0.9156298256474764,-0.5920484197437215
179,-1.5138249528418766,-1.534319323982691,-0.6659614497199152
180,0.5594295424091601,-1.0090601731382205,-0.5001548261294226
181,-1.1841131667330609,-1.0608503186349645,0.7164434220304496
182,-1.184384842755989,-1.5434563997051671,-2.615594373257467
183,1.8403202114154555,2.633239646547028,2.252411689854354
184,-2.1830375702359985,-0.6063098974981749,0.7192119825554768
185,2.455902234613257,1.8079056896750187,2.400936903497421
186,2.932980814605212,2.670711615320289,3.630936294730398
187,-1.658206971433949,0.3146328381831624,-2.710351290346208
188,-1.6399037256451536,-2.324360843015363,-1.8236549127480104
189,-0.2503033622904712,-1.1224534313191188,-1.773111134720589
190,-2.556702624798375,1.809700124857228,2.2719926967024846
191,-1.130480163693683,-1.7051794627284496,-1.6508956514264144
192,-0.6258082074927277,-0.6625573578540114,-2.152519186942356
193,3.1217856408328437,1.602452522317213,2.0812416927339368
194,-0.2774232187656625,-0.983942418154476,-1.7483430839364398
195,-0.5481796356193279,-1.7164675835523615,-1.928549413794705
196,2.685401105667536,1.7986317726347212,1.5745891501000937
197,1.410027541930252,-1.6757341630940084,-0.0422783432212978
198,-2.3726902855983014,-3.4390020409832918,-1.8925083037031811
199,-0.2283543197668747,1.221960161644183,1.223491946408348
200,-0.4588839770477802,-0.9070477044074944,0.0305941421295391
201,-0.333470859589168,1.4792283372894144,1.2228944531826522
202,-0.5807515669966954,0.8699947559483722,0.7198088266402506
203,-2.839500303088625,-3.1789979506286707,-2.6155910663148783
204,-0.6304717765278851,-0.8736555189536682,-0.641977387852772
205,1.0154114842152486,0.5831097115855726,2.213397360017156
206,-0.8879114835137469,1.5569295535573116,1.492593359029181
207,-0.9853789774681788,-1.3855689160541949,0.1464771963010126
208,-0.0057409596701209,-0.5656557562944018,-0.8946069094042343
209,1.617309636313073,1.1238527077195892,-0.8256684121002434
210,1.6912861128334653,-1.0321570978955106,2.1249614478300027
211,3.0962731176105387,1.669116826312231,2.5053388992877683
212,-0.8195262493744868,0.3160576561877722,-0.1861600812141709
213,-2.1391678697250525,-2.3246168077914247,-0.8269205151207698
214,-0.6317604121619808,0.3162557692678202,0.2317998713123462
215,1.898628997796279,1.0241951386180808,2.211585183150652
216,-1.8383621386205256,-1.6713091634651422,-2.0481962501371296
217,0.0635164164888766,1.654898714101292,1.4296711911982447
218,0.1138484192521918,-1.185581011936487,-1.2784931684132368
219,0.0252382702219595,-1.006432018861906,-0.0651120732544713
220,-0.7968826418389493,-3.630140369549909,-4.021158022823396
221,-0.8837795129218989,1.5493585358032558,-0.9413756770277734
222,-1.9148897646845533,-1.4769643053233985,0.0909469986153143
223,-1.5887456393713104,-1.5189735728437357,-1.3340773437348663
224,1.6026517543227623,0.2251288654297356,-0.2520169672284518
225,0.5577242475397213,-1.007566923779502,0.535649218683463
226,0.2157940443326084,1.3115116844623236,-0.760266731747696
227,-1.6230659102439489,-0.5220797168471057,0.4191763000430628
228,-1.4656588608071548,-1.5740889977560784,-0.2766098461128065
229,-2.057540751865589,-2.959283875720801,-0.9677453356764096
230,0.8843911185299252,0.2344339222040986,0.0595926670369857
231,3.02908594083123,1.6696143450789291,0.422032582898948
232,-0.268673890459107,-1.0815784914040556,-0.4980944426511666
233,-0.0462414050210646,-1.0490730859196584,-1.4707618002382037
234,-0.0676327083165936,-0.6632448169290429,-0.4195181966838543
235,-0.3888098513937653,0.7791225687614198,0.2679461234848129
236,2.2658450866997404,2.591147446414478,2.775034789147402
237,0.1209230743383149,-1.048163704423612,-0.6388019460791706
238,-1.9730149369732537,-0.2947729515933061,-2.9178271030887046
239,0.0241032320959067,2.6116651333308747,1.0479518623784976
240,-1.0854890563904651,-0.2280643270188196,1.7562493016453449
241,2.245161299018989,0.6894657762829783,-0.3514392650491722
242,-0.3894713992298119,-0.4677421112907045,-0.641930012984538
243,1.288504765576519,-0.3773392037748134,0.321105701752284
244,0.3270790805282122,0.7750492012275286,-0.4611644073614472
245,2.197620190576425,1.7756499051621786,-0.6416729891900126
246,-0.4514684295078998,0.5833287089189942,0.5294266064235519
247,-1.009041296672739,-1.4310021881178565,-1.9531627072232216
248,2.5068007850280125,2.693878350009264,2.3239188266962088
249,3.5714569358508026,1.458434859113669,1.5725708081143372
250,3.2014443559638224,3.0994470356383794,2.2846650721654957
251,-0.9608841604828474,-1.3393436476671905,1.5030709658257737
252,2.736049361383258,2.501365212371617,2.177026792826955
253,0.9309932808460352,0.1636550518815963,0.0043146313071761
254,-0.829256031205925,-0.0855899483037228,0.3995162335885138
255,-2.442850504407399,-1.4826970400351347,-0.6832282443997312
256,0.2216388341059691,-1.4799769008734724,-2.4025773153047405
257,-0.489266337861792,-0.0918822918625494,1.5332423878636772
258,-0.6749436855814566,0.5141628783114651,-0.5415070133250113
259,-0.6091548279860084,-0.6442779384364257,-0.6807466757972392
260,2.49561458293922,2.375902906014796,2.5716401646002227
261,0.8466755811347542,-0.0192475429115749,0.8898635596963307
262,-1.9150393373777628,-2.087653273387188,-2.6500037109390364
263,-0.8040620820273005,-1.0933398931291336,-0.6938160417811925
264,-0.6364278448594969,-1.1958184863169534,-1.106889931108376
265,-0.6975665633291056,-0.4125137414767813,-0.215849798939462
266,-0.780241650324083,0.0681318119892603,0.016683614473723
267,-0.4727271450145364,-1.3355274110005015,-0.9680486057533154
268,1.1305937109613515,2.88121910516301,1.5396961992015288
269,-1.142353666229443,-0.3554857997574721,0.3999578602994447
270,0.5864106360979868,0.1637629662604193,0.2212470608492996
271,-0.9160127191639208,1.5337014557553246,-0.866427423678762
272,-1.805015104796976,-2.4945586547614145,-1.7532143455576574
273,-1.7540979258819158,-1.8949271334459017,-0.026428740622514
274,-2.678831935627468,-2.464865688452851,-0.3349523142241638
275,-0.7659016038020431,-1.760975394419643,-2.1830851618165217
276,0.2147049301589867,0.1498948875547841,0.2656827654913032
277,1.2838661134089575,0.6579532045907982,0.1427056821499064
278,2.6332955246766936,1.905067240317075,2.1081723393467824
279,0.1535398458994211,1.1959101359988584,-0.5938462019181087
280,-0.611515108777697,-0.7731015738147983,-0.1020874579085169
281,1.9533314079753343,-0.5571520334676976,0.4782708729379512
282,-1.2021643814193148,-2.238847197223229,-2.230570348588479
283,-0.9154385024071984,-1.2366614396823477,-1.0365660560353338
284,0.50205167404664,0.0769672059167457,0.198926217029765
285,0.3273945054754359,-0.2639582920061012,0.0633158386177791
286,2.2854694556955395,2.092698554610479,1.9226712201236509
287,-0.756767032668871,-1.2507545004153124,-2.8470176811690897
288,-0.6165855730945141,-0.7718409879511446,1.7156474633949483
289,3.3554825435433293,0.9332004087076832,2.8270366975700947
290,-0.5822466436926249,-0.9299945371835536,-1.648118202037961
291,2.749138350616809,2.6124689849550897,2.6474626144272486
292,-1.9878417612317123,-1.606449440320168,-2.609754793664424
293,2.965244188171794,2.8561704667485417,2.9407378833477784
294,-0.5409443450583632,0.8701472741246533,1.491980393599286
295,0.7448139332258538,1.2810731589384723,-0.4862978102264762
296,-0.57765728135045,0.3362494766130598,-0.7982912376269199
297,1.8269618680611557,0.7393092270349159,0.8309082019595663
298,-0.3918581412594514,-1.6157923035622066,0.0521741438614426
299,-0.3315253665039787,-0.6042315859929774,-0.2289670271323839
300,3.489211492310513,1.5702197255166317,2.090081316442384
301,-2.2965732531033978,-2.3245304437363434,-2.983562927631912
302,-0.0932018557322749,-0.7822548673779288,-0.6407654005608301
303,-1.4925066937823566,-1.3943926983547643,0.3940591193375874
304,-1.1426064311813129,-2.8871027711449493,-2.131300998889559
305,-0.6503575143023722,-1.0090759156072289,-0.1105278057476173
306,0.0070599210216201,1.709159576978821,0.6688767231223055
307,0.5001180232930384,2.3257397438450624,-0.1723114725875717
308,-3.404142427527443,-1.4169879379542831,-3.088215994196555
309,1.1365426469249926,-0.7021130045838102,0.4783832755394261
310,-0.6386278846298012,-1.5738053794031304,-1.158903614407775
311,1.1362904019300353,-0.7033009896946931,0.8876103754726211
312,-0.0677049508346544,1.0449599761027917,-1.2502969060456206
313,2.8861492636605592,2.8792266115498104,3.1893054466242616
314,-1.251234352710201,0.1706949272934131,-1.0110623703941135
315,-1.7429214183569723,-0.558341416684411,0.502027606116616
316,-0.1040933362843531,0.4043091918697887,0.1712372823185446
317,1.8282022268942475,-1.9091698581603167,-0.7610526423315748
318,2.1766634287412767,1.6535472739190478,1.6394487794359267
319,-0.7068757578897205,-0.6115704578101695,-0.4907391109244481
320,-1.9732292273353715,-0.652612249806688,-1.89356032151274
321,2.368791734651014,1.8844142636389951,1.923238780272397
322,-1.0115631475579554,-2.289882813293868,-2.696920730881605
323,-0.8249518338715411,-0.8285351498820229,1.3593739305654988
324,-2.512585799798998,-0.8688790903022032,0.3065085798385513
325,-0.3186936094358407,-1.27690751194289,0.0595829050885369
326,-0.6832419292473256,0.3360253608110773,0.2994414161276344
327,1.6794724124222526,-0.8177467284794537,-0.0437526031632782
328,0.830594967215656,-0.0126413436866519,-0.0738496162364436
329,-0.2277206688265624,-0.0121476454217103,0.7560182977084934
330,0.256121317059675,-0.9256789164793634,-1.158821166369706
331,1.1535070676510355,-1.079646079456356,-0.9682427651400392
332,1.4827095345055836,1.7484178069765433,2.240878565505518
333,-0.8413138486700485,1.3189184743168791,2.057706137371982
334,0.2933893480996995,-0.9845258430896264,-0.7846893568401421
335,0.6412392416713436,2.330091051645348,1.4292651404498518
336,-0.1889706933841372,-0.9272419460650908,-0.2158094082321233
337,-1.590820881407708,-0.542521226796132,-0.0811166651829528
338,1.4646145203502492,0.5419044535812146,-0.5527311540072594
339,0.9164600902439576,1.7026315033929866,0.2001925793585472
340,-1.5424798662902444,-1.0459334789955723,-0.3997036867168102
341,-2.200372679564145,-1.786131803203404,-1.0105940748804365
342,2.3587308464299857,3.217350894359136,3.4118607651647657
343,0.1185450610668562,-0.6044810504011656,-1.8632124955919316
344,-0.2218053756295882,0.1695949222714259,-1.7751582050595536
345,-0.6159451417068555,-1.2630864945267133,-0.3956667044596903
346,-0.8230023574498405,-1.2558359434346826,-1.5492157797376611
347,1.66245351921853,1.3540394376144391,0.7380346863295002
348,0.2216403500265795,-1.7019992334473817,-1.9488616146907012
349,0.4228595927207688,1.3442173606776944,1.380301338605247
350,1.8014982681032747,1.256289112410629,2.6962865652748143
351,0.9753703809622928,2.014636094234864,2.3647308571883325
352,-1.193640996139927,-0.9228203077992264,-0.8951421824733643
353,-1.5885068967371394,1.739237094233236,-0.7315124274256977
354,-1.1873117911786697,-2.2022901922643774,-1.625561028042488
355,-0.6989584178369324,-1.2475049632333497,-1.7943393928156517
356,-1.14234520896668,-0.7157034774431619,-2.2320642587402184
357,0.8079826796203168,-0.6793493309194436,-0.129909897240848
358,1.4918608819982713,0.6894063611580098,0.231018009206954
359,-0.6989079097306213,-0.7476500640002786,0.0959512186667306
360,0.7690186540317734,-0.5301704515572248,0.2394568876900219
361,0.830802727334638,0.3158656461172993,-0.0970063059504568
362,-2.2195068630842707,-1.9104022900661108,-1.6765236521350273
363,0.1785540432779098,-0.2272067006779733,-0.4913280439695973
364,-0.8938324735208499,2.260666425745218,-1.3593398693490395
365,-1.0351094163004757,-1.5399463489554672,-1.990628521126914
366,-0.457357787868999,-1.8337729555167896,-1.8232559936392123
367,-1.787950450959495,-0.9842621027429592,2.48928204861255
368,-0.3836325689438624,0.4792823245140963,0.3522762675023458
369,-2.577103994205599,-2.0711933962918896,-2.019537535759424
370,1.0980316583934386,-0.1748038035678572,-1.2502063194396995
371,0.2155308632746589,-0.9618830900458732,-1.2767947652215412
372,-0.3664891875207333,-0.8139289054566495,0.0224423405270689
373,-0.1804622725766693,-2.3774990480268725,-2.2401663075871188
374,-0.6451849018955282,-1.2464246007621291,-0.4575213742330832
375,0.5589258833439347,0.2539892829842337,-1.3143487630315482
376,1.1295141592371307,1.449594039397692,-0.0514937020361105
377,-1.1942234784167336,-0.7804164380758916,-0.3742952906180315
378,1.660658009668542,-0.6287503059842872,0.181850746487885
379,1.2826663732604024,1.273674789428821,-0.0678533478296384
380,-1.915547276515596,-2.5776608606539364,-2.4040288704219908
381,1.2886588427546153,0.5150120829501716,1.5740479826660836
382,-0.5468964697636104,-0.5598472330307742,-0.8718866370671436
383,0.7457625037895759,-0.5576675035886556,-0.6423268193867384
384,-3.485614147604798,-3.092134004919774,-3.2161451944527744
385,-0.5128683616330296,-0.9632199425567058,-1.5171636313715575
386,3.282976867864989,3.020901769308841,2.525780512198781
387,-2.579291209118999,-2.578212706832723,-1.8232559936392123
388,-1.6588636320382817,-2.4951331484080144,-1.1969806234883351
389,-1.4815961548278531,-2.3246540958932003,-0.2359291012670085
390,0.580224172019432,-1.019706875822577,0.4478705748379382
391,0.50069634063916,0.5578780261344053,0.8274782237345836
392,0.4701358658090478,-0.5667113490349813,0.1680056125272817
393,-0.1038453657666551,-1.0556094841021082,-2.796080391163612
394,1.349996773611723,1.4428503596699418,1.2061711247192797
395,-0.987893681693296,-1.760577656681806,-1.1806797353964569
396,-0.5494228951652821,3.04902085565946,-1.5991417271699258
397,-0.7150842922295911,-1.118356072893403,-0.1537444309513844
398,-1.6236805571069557,0.6025609361071564,-2.7088848053916297
399,0.154311611170853,-1.0728395598163925,-1.1970825802634075
400,-1.1423455663158109,-0.0096336639914572,-0.0284638784598159
401,2.820202525867869,2.8435393748828224,3.995935789260148
402,-0.0680545727323325,-2.603957263017009,0.3021767891216789
403,-2.200614834759304,-3.538643249249874,-2.582074818000943
404,2.2932387565255112,3.048946520024307,3.145299215187721
405,-0.7683785102536906,-2.031338707849285,-2.3183170054267386
406,0.0073132640242025,0.775143021264605,2.2027800211640782
407,2.0053260559835304,1.6547956473856953,0.7191748975564427
408,0.8449178537369596,-1.0657774539662044,-1.7953478922002133
409,-0.5651744426874735,-1.472222916481479,-2.7526430501339263
410,-0.6124528271392653,-2.087781436588261,-2.3402846940623494
411,-1.406888388188545,-0.3570475096587875,-2.658559196953486
412,-0.3858134246312207,-1.1941411572622471,-2.485951066035838
413,-0.5573600968700704,-1.5680841161262788,-1.43760238011509
414,-2.6202548313255454,-2.291347878554845,-3.4494545712000093
415,1.3996299435688788,0.5830008831945066,0.7191128333303521
416,-0.2002549270217191,0.3979498045375274,-2.5682353191949447
417,0.0061716922046708,-0.7107951666752349,-1.0102341529918697
418,-1.140866855612459,-1.8347162242075212,0.1199020952337711
419,-0.7844976067644087,1.8385261230821404,2.6061499397561594
420,1.3292293030865223,-0.0082616327716861,-0.1773462290799406
421,-0.4204659069563868,-1.712532205836378,-2.242603546332865
422,-1.5872838163199492,-1.3919116118638022,-1.948819052801652
423,1.79239201315098,1.684714123571096,1.1369746663811615
424,-0.4577021944084641,-1.7116763995171196,0.4759016012717459
425,0.1884721176485255,1.5039658881488638,-0.2720025364670531
426,1.549699322993099,0.0697198069609941,-0.5376133153547408
427,-0.846216553363411,0.6003709555394053,-0.3134576085373424
428,1.5520483183480012,0.6027187416634298,0.2302069149542593
429,-1.838194472199152,-1.5815764380481268,1.5714293349854709
430,-0.4453437084818398,0.4787439099674614,-0.966671983032948
431,-0.4660622760866312,-0.7375797081396901,-0.7501692174102915
432,-0.2329081477622167,1.5310205998448758,-1.1808271819406655
433,0.9746833249477924,1.0179840629966437,0.8123223539222378
434,-1.186529336759638,-1.452182256541692,-0.8399363258227068
435,-2.5753534599300663,-1.6268701797929042,-3.0255768189974988
436,0.80021931750986,-1.1798167525387253,-0.7616636532364529
437,-1.481637607327029,1.1016730154041092,-1.2790656332722368
438,-0.420375272593411,-1.48268612697149,-1.2562228790425154
439,-2.097910985435444,-3.2491750794360548,-2.911039222473503
440,1.0814537559463613,1.5882488216943176,1.127869526335371
441,-0.2846273180584162,-0.4780743107964132,0.2716487906671806
442,-1.2026333425953335,-0.952770222530287,-1.0423999950800025
443,0.4707222459536367,0.8187571812258994,1.616004501682047
444,0.0064918356170943,-1.2551544468730775,-0.2306275184053986
445,-0.8586616405431283,-1.93343292083666,0.0769477138279792
446,0.8916831480129371,-0.0628773866823804,-0.0575925669643926
447,-0.7778596968218061,-2.8599123768134462,-0.0667594410644471
448,-1.081768878652198,-2.092608082458728,-0.3069969670542714
449,-1.3702236303749389,-1.8329393105991576,-1.648025017120006
450,-0.592654329381151,-0.1022258930575237,-0.0247044121246108
451,1.4937881524632726,1.3519950748850194,1.4314011986146074
452,-0.5373206562373941,-1.641042988004293,-1.625172728146484
453,-1.3904092526150045,-3.825234897554375,-1.912640074975518
454,-0.3591695125811791,-1.9461394008070116,-1.5485741798493464
455,0.5865048334729795,-1.439495915977089,-0.7982587587264919
456,-3.954982858924917,-2.8156333778493234,-2.963485718132406
457,0.0621606144789218,0.5149616499194157,2.636747254832186
458,0.8081988387430543,0.7765211220798478,0.6014185208132584
459,1.941962867044088,3.186113600923437,1.1721592438238575
460,-1.0862206691776402,-0.6442532798042184,0.2366112285550811
461,-2.278810070974921,-2.5503038764252555,-2.283098846163964
462,1.056660633590155,2.101904344229537,1.820262932453254
463,1.8828844321384937,2.0515889578124917,2.7334703001662453
464,0.8843340617853702,-0.0867095536305948,0.3999236233827381
465,0.5007950829374412,1.7223822507643016,-0.8948819336843372
466,1.9104735922149765,-0.175598750482665,3.1753503465875186
467,1.4085394874621169,-0.180445044538359,0.3400656807629677
468,2.166945408389668,1.5887185169870162,2.0937706352616106
469,2.074871438268199,0.6603017015554964,1.8522596238496556
470,-0.5748138611905117,-1.2769203823522128,0.9061170862096376
471,1.9973192478775847,1.3776814908618895,0.9686947261997644
472,-0.3531847671695921,-0.4428259107372385,-1.0415704778248027
473,2.160268334993738,1.9940501499426089,1.2768201194436264
474,-0.1040983987303732,-2.239251833269597,-3.0702061746827978
475,-0.7426706941562707,-1.118074512197145,-2.1319940013070324
476,-0.988999293125147,-0.401104782434264,-0.5951146397544104
477,0.6070131695643085,-1.4531543318810258,-1.5725492695163903
478,-0.3839946637360742,-0.8134928136740277,-1.0832493647449497
479,-0.8283474365909678,-1.818821838318004,-1.6512035235524267
480,1.1719318918967383,1.67788708580255,1.4603958026034038
481,-1.5588714749721355,-2.409928616697171,-1.2784599940215315
482,-0.1990366228175797,-1.505960863532069,-0.1170192425514694
483,1.7350162629511825,1.4577163275510516,1.1722777032316003
484,0.2623774614693231,-1.6250759868484594,-0.558984041908983
485,-0.0920859313548479,-0.01205856495503,-1.1184108017963994
486,-0.8137567177840825,-1.347304004859024,0.1222206408868008
487,-0.2360831263265362,-1.1006855066444383,-2.488887412905924
488,-0.591190635832504,-1.1007098040526926,-0.9677924409514644
489,-0.3964243175162685,-0.8143945917876363,-1.1184978064809012
490,0.8455008839739752,-0.0926940621257215,0.4295049739941403
491,0.1883981179806514,-1.959511847877444,-0.0345366736741831
492,0.2162710961012748,0.0686104874614021,0.7553140777892146
493,-1.2418095495274335,-0.175758337020292,0.1394600667632604
494,0.4243304820735207,2.6330858976519678,3.6315541431354736
495,0.6327186425111561,0.8191200786551187,2.698319975533936
496,-0.6545976695368015,0.1507189698957534,-2.4611055917170823
497,3.006971699055849,2.5611806201249765,1.8199418906111733
498,0.3393718568747544,1.2208317745339632,1.7851910487811542
499,2.877532912611488,2.5100392186540668,2.535178463802047
500,-0.7937199233565868,0.0695001078710143,0.1728083435912072
501,1.2884543165775275,2.147670494656702,0.3692968719583374
502,1.9831966948032969,0.8945506007323437,1.30406888405217
503,-0.0458382284914774,-1.0039118779507743,-0.748842808321926
504,0.2624857639199984,0.8705481598944311,-0.5597179469535629
505,0.1541892777323421,0.3165657904176699,-0.0696503966544581
506,-0.5533426108116166,2.4771016579687144,1.45696800640683
507,0.7690873163182443,0.0601058125615719,0.5918099002320781
508,-1.8294658811012192,-0.0913461659445051,-0.9663498655541974
509,-0.6257918333396528,-1.7736625699334367,1.252290005908845
510,1.706268390288938,-0.5183192715448777,-0.4907015674230345
511,-0.9150226645770124,-2.7364967163473777,-1.4129670912998769
512,2.0543392640607325,1.2490449141137263,1.6369198921319406
513,-0.3936287310181848,-2.1153084805967426,-2.8378751112961207
514,0.5865604565323015,-1.0458772138068138,-1.1702065359022562
515,-0.9563155846745328,-0.924427570580456,0.1933983258566383
516,1.462403891965218,1.2398648217564867,1.2838784936522214
517,0.5863006165076633,0.4210184148078912,2.388763580672713
518,2.4301322570623984,2.092697031145736,1.1219925136319042
519,0.6328601527669625,-1.123881111633052,-2.0189019096920173
520,1.755724103368069,0.9399410902741974,-0.0490318534564011
521,2.0915881086122536,0.3064292739920947,-0.3575566837689273
522,-1.2662240968910674,-1.6894667988019505,-1.6765665073100773
523,-1.4410916428378944,-1.340886305732178,-1.7281835986669876
524,-2.267573091039041,-2.030992967484834,0.1952186029145455
525,2.53600269738739,3.2195670104466187,2.888531784555414
526,1.4626955432010853,1.4596521821152373,-1.879450189346234
527,0.8451093761341616,-0.0082050249467699,-0.1118215385432834
528,0.7690557495008279,2.167310490736977,1.0479861223606175
529,-1.1277414563806458,1.0253358145807498,-2.529163740538852
530,-0.4456574398464426,0.8157306929392318,2.4835715126574947
531,2.308695304629871,1.5627859683372374,0.3964187534890826
532,-1.0336285255468007,0.9676306492714932,0.6249369630905716
533,1.2532318252810464,0.7787027521220056,0.0938639439812443
534,-0.0102240997293521,-1.101022619134196,-0.0997381031911943
535,2.4011020017866693,1.673223391764091,2.879754881317867
536,-0.3207113813030414,-0.0858561372367232,-0.0437005460067238
537,-0.4009448745278096,-1.184503007694128,-1.7004261822474789
538,2.101819737297368,0.1640193771616542,-0.5063838721404071
539,2.5411823539223146,1.6154410513716886,2.404577383208576
540,-2.18317052590591,-3.4394929023019163,1.852427805501326
541,0.2543494591874493,-1.18385832819714,-0.6413166696312325
542,-0.5901124429550564,1.0767024988616034,1.0562962467197723
543,1.48527695586471,0.8466402810544952,0.5602413338265593
544,1.3550919892338884,0.4898048551741306,0.075470627451307
545,2.259515492358342,1.6439966980699925,0.9686291294421904
546,1.006079567491173,0.6850457109256666,0.9686028205822006
547,1.1364352202330226,0.0898443994831098,0.9645724658979578
548,-0.7491179585221629,-2.7171065076478627,-0.7499462223271577
549,0.8496320424601016,-0.7863063535301683,1.4329297613920715
550,-0.8842310017869909,-2.0290956108026323,-2.093706827293614
551,-0.5962740463348599,-0.9815616890376742,-0.895834824176012
552,-0.7668565725875484,-1.3393623405762825,-1.5703539116907024
553,-0.3888068112983749,0.397798637684979,-0.084153622817198
554,0.5798518819379199,-0.3127809581584614,0.7556134727996177
555,0.7164616841324203,0.5745814294641436,0.0003294644127727
556,2.103401713524785,2.2879230317226984,1.0916035396161796
557,-0.196808431679496,1.6406394794421713,-0.1089405686937123
558,-0.5014773546751166,-0.9820738995507416,1.2811602028526785
559,0.1885771297889872,-0.332059122502,-0.6716522254952672
560,-0.4633574084918809,-0.9330985071652064,-1.7742049142171228
561,-0.6623686268739044,1.9813892487372429,-0.407892559897447
562,-0.4234405402512752,1.7334872267756267,2.0248000620628863
563,-1.2674053740011966,-1.118100493584189,-1.2785423987382942
564,0.8076461551211619,1.3530395369215926,-1.700689759049067
565,-1.4125594812429747,-0.9460075190235046,-2.176139937379624
566,-1.7220211265121086,-0.2328712144034842,0.2336932102412667
567,-1.0327626686028128,-1.5652585680917388,-4.179744837708051
568,2.089893761953542,2.3763048467961,0.8841536889247189
569,1.288835354899322,0.515030523221329,1.8202693554590528
570,-0.3672143513821197,-0.7822419421322097,-0.1396447308304439
571,-1.9068199065087157,-2.2477233505981062,-3.718063578246661
572,-1.805252384619844,-0.1590640178086544,-2.316798738655548
573,-0.6767196195989036,-1.3310567722583335,-1.6478360489720612
574,0.6067041001033883,1.7035566004539129,1.5717768162321966
575,-0.7497433266218896,-1.0393338028347927,-0.8429495087893898
576,2.4053683251547864,1.6657762248681434,2.5930282277730705
577,-1.440643405920153,-1.6070482656635674,-1.650236877572273
578,0.3928394025078582,0.1511581037974173,0.1224520076638235
579,-0.4644372910579524,-1.6920105690482643,-0.8267933072664551
580,-1.066627999596427,-1.474179103011422,-0.2807586322976056
581,1.0565740987189436,-0.6252746481290221,-0.0838660181608273
582,1.294514487743437,1.4094689249050787,-0.9390894373092552
583,-0.3393700335492614,-2.018187025415528,-0.9689842072786812
584,-2.0389741053271457,-2.3774668013564835,-2.970996928094096
585,0.1544297188767713,-0.1683718976930542,0.6844969739246662
586,-0.7683677168044727,1.7242146335045891,1.9173291521230875
587,0.3178974828505772,-0.2287342799377438,0.5056067281641263
588,1.0023265509142307,2.714081050301168,2.215271403274805
589,0.5001194521378719,0.3155856118702648,1.0579001233327183
590,0.9287356334083394,1.6121466896299737,2.4563272265348632
591,-3.525034742466443,-3.4068358809809838,-2.835368787842692
592,1.4279948233456103,-1.1471354644831375,0.4782815000929997
593,-1.622894858461486,1.2323166359523727,-1.1587954743465116
594,1.8418178950988704,0.9296513516517274,1.3595897801456809
595,-1.1936144865081224,-1.225853511685752,-0.1201472341595476
596,-0.5776394787852909,-0.8993901498476381,-2.0728932795962622
597,-0.9647229731955173,0.5142773920779643,0.5997174169229894
598,-1.5910594411659904,-2.516369785268453,-2.153720551942914
599,-0.5422734421995591,1.0182711091452632,-2.5060332026975023
600,2.635233908849256,1.5910776021412163,2.7075495659147752
601,-1.5429958705222817,1.9550126354627375,1.0418894565891457
602,1.349899279109721,1.1842272369814766,-0.1664897719926817
603,3.07903996589851,2.434310139232163,3.1467050538226915
604,-1.57435250669497,-1.4764426153703103,-1.7468602368440185
605,2.278978272022952,2.2877661541613405,2.0473706078089298
606,-1.01524082023267,-0.6277133977937303,-1.0103566572297369
607,-1.7432508430934792,-1.1479457776880555,-1.0403704253902613
608,0.8495119577686112,-0.2566994382256649,0.145563197272905
609,2.3032778336360016,0.7752298587549437,2.2515572614537698
610,-2.0845621093694664,-2.816331725563197,-0.4065734693364415
611,-3.0637632582946317,-3.582152894482186,-2.873145821428743
612,-1.033802237593688,-1.8829375964843384,-1.4129659220172106
613,0.6722933756079562,-0.4763002171801048,-0.4630703353186574
614,-0.5474476834438486,-1.8667851221391505,-1.437652769837643
615,-0.8184411785277345,-0.6604092051057436,-0.193767796139597
616,2.539853968086663,2.028742972877086,2.2413397783351727
617,1.2082717635760736,-0.2932225784777725,-1.2783362688880542
618,-2.533510263416138,-1.3830629305411728,-0.2318385854579273
619,-1.018130064080793,-3.2436504546212945,-2.5284256694220777
620,-2.138688068958732,-0.7962166685029443,-1.599035474669802
621,1.8524980515749223,1.1394527554130276,1.8550327314207429
622,0.9745904394378846,1.7311697068947884,2.302673410109528
623,1.641065539277475,-0.4050252715245317,-0.0568256300876597
624,-0.9523393985927326,-1.0817065587496204,-0.6366210465736393
625,-0.8408151264211925,0.3356172848116547,0.7870318241171503
626,1.428422274746477,0.7752547420124092,0.2716676509478437
627,2.498004559752617,2.6702733652959485,1.1998203084569636
628,-1.034373192676265,-2.104649314362254,-2.1022786978686923
629,-1.1316087220022246,-2.8914276233690126,-1.9492467764009505
630,-2.097450546704034,-3.313252699875183,-2.6531659652725543
631,-0.0446643396367094,-0.8764038458833833,-1.0113547923308337
632,0.4707773670570664,0.0692481726156282,0.0754598103565027
633,1.5269883514911726,0.7338423954171027,1.1723509283889288
634,1.3551567885429443,-0.1583474848335602,-0.339553549101208
635,0.5016187708760191,-0.4757030625146812,-0.3392765339170418
636,-1.4404025145369996,-1.7748437174879848,-1.5704616235350308
637,-0.5406594711257413,-0.4004493891093654,-0.2709964565296296
638,-1.2509295220527654,-0.8331566174530158,0.0824780005533707
639,-0.82788220247247,-2.239225611314155,-1.1985009736950958
640,-0.9027319577571477,0.7787656013840706,1.1377066124211443
641,-0.199573216031369,-2.246935250821143,-3.216144723520788
642,-0.5963298523574571,-2.4094845274334395,-0.4901588827786526
643,1.2138734840567134,1.4068437412424724,1.5017087046868596
644,-1.6229975370123746,-0.8418185301589011,1.7673993758745152
645,-1.440863838611265,-2.247969707205065,-1.728107010652351
646,-0.1368218408132059,-0.2650425228202308,0.6692288790129524
647,2.459255930014303,2.9763671396836093,2.5274930940178315
648,0.9288730768770156,0.8171600720838493,2.730486127002102
649,-1.4413851964055082,-1.7047694101668194,-2.1477917916208247
650,-0.6392370367858802,-0.76846724689395,-1.2500681364815152
651,-1.0077340556548535,-0.2427459304640785,-0.1168681347377041
652,-0.1406801505801918,-1.0431104988271949,0.1491313710403767
653,-1.3037172173092737,-0.9956310359701852,-0.0885419249646831
654,2.4029302321598576,2.3605465447655334,2.629374597558922
655,1.3328496130839211,-0.3147725051531667,0.9021817526840366
656,-0.4210335397492638,-0.1749649743933721,-0.5074003436187104
657,0.6881790070213597,1.1212422579630124,0.4586317616142595
658,0.8308635292424466,-0.4434094816864495,0.0396419535216817
659,-0.9236094724397732,-0.7302270229471343,-0.7500812806218129
660,-0.4193709192847925,0.5831360351381708,-0.5094798790342947
661,-1.915048700871565,-1.9371194907166271,-2.4281309340239208
662,2.6468602220394577,3.1016990862093645,3.0076600121014714
663,-0.3377824039492039,-0.9590643885458072,-2.080782540585814
664,0.2437355967876976,-0.0893734276498872,-0.2743696767815594
665,-0.7515053614019768,-1.520927011236144,0.7351650659276324
666,0.2157967500175059,0.1499526900973928,1.0572251600630995
667,2.5096597829172405,3.0161524149969683,2.427964786753638
668,-0.3190926492985947,0.6580193007583011,0.4520515131476013
669,-0.1699024930398466,-0.9657777490792318,-1.0415218540971989
670,-0.2804864492820141,1.5865455714403032,-0.1461056969355479
671,0.0529187545964255,1.6217323961306829,0.310230280257468
672,-0.2278396476812047,1.163205660528449,0.3990940569880222
673,-1.4067334177821442,-2.3245225049791918,-1.5200501994778337
674,-0.7176392809148391,0.069575044927164,0.3533677032681128
675,1.13084576121496,1.5464924643672129,0.8314682706935517
676,-3.006496377433638,-2.738260697275367,-3.4762390064222397
677,-0.2703024315205354,-1.3036884317205488,0.1933128427280148
678,-1.142070526601453,-1.235397434772331,-0.537185826129243
679,0.039682169591686,2.553929628733922,0.9015077312783903
680,-2.27775384699133,-2.3778865158931204,-2.1433080808363
681,1.5525384618375,2.264164771396996,1.6863900536890022
682,-0.4169572977800571,-0.2650912736919999,-0.5452118030696236
683,-2.5964650451764326,-1.6744003034051789,-1.819593327495551
684,-0.1818875161499419,-0.9424315060902878,-0.025918995539425
685,-0.904701757164423,-2.4131286518675745,-0.8265126754190012
686,0.6721856864214412,1.4229699693311373,0.9352032252341754
687,0.6883100895682589,-0.1023060576367439,-1.3337867769923135
688,2.166945883203776,1.8442568756177828,0.8873932778766297
689,-0.9559986851310344,-2.2484194558035395,-0.448883558963794
690,-0.3693889736593577,0.8181873949739233,1.1420691208052078
691,-1.0797136518255954,-2.2626928774547563,-1.250249782113727
692,-0.1715290093174815,-0.990643393028459,0.063676155224893
693,2.0342150633407927,1.2848647710024697,1.60836557607958
694,0.9287364656784785,-0.9264468666615818,-0.1340704307978499
695,0.4222704222341034,1.9370877707284797,2.165820954568732
696,-1.588606174675154,-1.6502934861878655,0.286334248276141
697,0.2552560870510895,0.8588407777237752,0.0096820760573497
698,-1.0325043051812268,-1.0976300474143994,-1.8234551580477776
699,-1.7536410440826349,-0.478842176629099,0.7176177409648329
700,-1.2671989453199568,0.7395899102139292,1.5407282651527303
701,1.551613053322057,1.026534469134381,0.4487102171365786
702,0.3273293075632099,0.6896307548190823,1.573095742860965
703,-0.8009626577273793,-2.019278680069267,-1.6510214662412983
704,3.159978114633744,2.721253148544273,3.208189361660949
705,0.7161643696555743,1.8393413075796332,1.5395470915263552
706,0.7162302410120229,1.6976027373825648,-2.431815181106137
707,-0.4635908474304654,-1.6716369310889896,-0.114409560719175
708,2.40093933139048,1.388860494842142,2.209457610342696
709,-0.5739377926353586,1.452654005908415,2.2106658493518965
710,1.3499828628108277,1.9292280757563485,0.1914566941916106
711,-1.0802322701840572,-2.81560133523692,-3.0502266141596657
712,0.8080238103924358,0.94036810474606,0.087164298572706
713,-0.6584560736603403,-1.2577897113806742,-1.950297143020004
714,-0.230380305558476,-0.2584242827636426,1.6389553793972744
715,1.892911603085839,2.962195871526806,1.995957657266122
716,-0.1953065098435421,-0.5314480346304007,-0.7853364963317546
717,-1.915460572995061,-0.3789884892662022,0.0359292361149767
718,-1.825721839620129,-1.087056339912189,-2.573674940002864
719,2.4242677240921897,2.0484713858215344,1.2231445007329436
720,-1.825603657260385,0.3864946488198501,0.2356329241225907
721,2.5068007850280125,1.6614041955475716,1.7555001213034935
722,0.9287046016217266,1.336509404140827,1.3600756170934898
723,-0.6752597861112111,-1.759775314311074,-1.2565818488210412
724,0.8915136393763259,0.940111908758482,0.8878098973891093
725,0.7587801803156329,1.0947376921978105,0.5336132547938109
726,0.9673632985178126,-0.9290771220934628,0.2692826917597897
727,1.6390275433467782,1.5179410817152073,2.376546317487725
728,-0.8317608943613448,1.3205958452520017,2.355812732295242
729,0.2464548747778011,-1.834743649004957,-0.7001559108190014
730,-0.7386765938192167,-1.538379366366076,-0.5074563844850852
731,-2.6296827854661053,-1.215190103057742,-1.6506477635011785
732,-0.7346229177208969,1.1395412317981497,-1.570543116048832
733,0.2459251046913537,0.2338527690952908,1.4622607938113648
734,0.4796141514288728,-0.9172240045454038,-0.2924894141531179
735,1.056522700091736,-0.7541336125570764,-0.1424434733990992
736,-0.1710168724173746,-1.1359980288222051,-0.867281914022749
737,1.4223088842764755,1.5717342238697305,0.6242080119105562
738,2.538165612559894,1.483649623602246,2.0953729270652124
739,-1.3194419928643042,-1.301041585791898,-1.470914434212362
740,0.1181201609935247,-0.9299807051316096,0.2014551718484531
741,0.6331335844102318,-0.3541012083395923,-0.2826851450141584
742,-1.406786305453506,-0.3564589590717242,0.6242159808480654
743,-0.7483756118170029,-0.0924317406119818,-0.0885005881823202
744,-1.7881442938191494,-1.149567422034201,0.4200895346856951
745,-0.6272097396951954,-0.3306400302274421,-0.0393287765911994
746,0.5506076143703674,0.1513734726562231,1.0621881370371964
747,-0.8976858883149078,-1.0119457183434912,-2.719910571108255
748,2.38014849064839,2.266457690876656,1.3783168312142304
749,-1.5138381166726569,-2.01992603371696,-2.2522905834997755
750,-1.079531082591914,-1.2931948244476,0.6629955366301151
751,-1.2413226177843069,-1.8944116305408525,-1.5708951873294712
752,-0.1373334826906247,1.3533641618672008,0.0665907395038415
753,-0.5839443428670543,-2.031513588858444,-0.1967662641971599
754,-0.0505238144417492,-1.394430372702333,-0.9666021084994544
755,-0.0024382885968859,-0.0096932046700994,-0.3727344635294264
756,2.134239834256442,0.8181883572475176,-0.8265499300120049
757,-1.5588973232259322,-0.5633185527680692,-2.3552930749837038
758,-0.8336542861292651,-2.0313439481861444,-2.4356938618919783
759,0.1136374343695341,-0.1595051601095035,0.1236810687017129
760,0.1187051536758526,-0.3316382503311754,-1.4118247530170096
761,0.6066265206368562,1.6910368784285383,2.180912984197184
762,0.550679679778417,1.654411929095506,0.5626289622596883
763,-0.4471251252869327,-0.2939213996045231,-0.8958982805302526
764,-1.0317214723519672,2.3185837488339827,1.8208998159289556
765,0.4469644116415997,-0.4006217922956679,-0.4232189357885006
766,0.0949258709979697,-1.8641217452875352,-0.5357842852295149
767,-1.1853156491054455,1.5212745374315917,2.78012404703487
768,-0.3403218979348911,-1.394758876607284,-1.3342060817564156
769,0.2948499821937192,2.377099743350819,0.1893327506925782
770,0.351026242773676,2.329411173566661,-0.0113793771250349
771,1.6400218898559789,0.4207706565558899,-0.6713024572639309
772,0.1543151376815059,-1.302584069028898,-0.2139420515083107
773,-1.1937123775796945,-1.7336963228762667,-2.2649869078124603
774,-0.3492531942068719,-1.0390846354164078,-1.0415578803941643
775,-1.1284898062619542,-1.4750472561234564,-1.5174804508654602
776,-1.666015382516035,-0.9795543621173384,-0.4328795345606725
777,-0.7777848009502585,0.4272490560414305,-1.3130871679107865
778,1.21387241572497,1.5861942628636194,1.4287285275108623
779,-1.185876072019136,-1.9461000446344896,-2.622856467108733
780,2.0031396465999105,1.547315972785487,1.912294213926196
781,-2.120348934218023,-2.0296486285042628,0.8126352126955898
782,-0.0515299340112122,-0.0123576711069862,-0.4491088704860744
783,2.0321158166717925,1.1239704253850442,2.085778057623094
784,0.153117127290999,1.0264725001140815,-1.0411275662915205
785,-0.8981915373350245,0.4045199297869224,0.7591977993344017
786,0.4796152791123797,2.181103436258664,0.8875446856405904
787,-0.5941797643924844,-0.3244085477896758,0.124454766671908
788,-0.6170265290503522,-1.6198935033324526,-0.3311413791706586
789,-0.3428600293270173,0.3193498156679243,-0.1262867036705935
790,1.426179690061567,1.64726716794264,1.941985873419945
791,2.036065227513509,1.5098008441662083,-0.1291563596167469
792,0.8495580893134609,-0.1022539883915879,-0.1505498549063599
793,1.050233276654284,0.404872963911801,2.611702465199748
794,-0.6805514440230839,0.1513213895979361,1.46284057828704
795,-2.4435004452677065,-1.627235964042906,-2.0776713480937805
796,-0.9057065086909604,1.2073130067747886,-1.5173936816469518
797,-2.4238994928179576,-1.149570215052896,-2.871191592719049
798,0.6620565781113736,0.0680777064620672,-0.761338749548414
799,0.1185939075572089,-0.8945792438700657,-0.7981833486249528
800,-0.5719116949411763,-1.4508738354230604,0.4215174564611588
801,-0.3613323444197611,-0.4437657742117785,-1.1183688888496028
802,1.6600145178484649,-2.029132173956459,0.8871824281135513
803,0.7243260128291736,1.897223809107108,1.571871751519606
804,-1.1840317252525985,-2.430153082147792,-1.647681449406024
805,2.4615352271338478,2.929774114511745,2.0854465546234904
806,-1.1934289190854903,1.2446895978952222,0.8263628801911097
807,1.717805287861231,2.881454381056796,2.0905884950429745
808,0.5507176779026614,0.1508380275431407,0.0213161261981466
809,1.2225662280826368,-0.7859894683469948,-1.0357332344563277
810,-1.4068360960990678,0.0682952811889543,-0.1490062182960059
811,0.5864544844854346,-0.8581766345316943,-1.1702355897550027
812,-0.0559140970700659,-1.0449612050768955,-0.7618668906575229
813,2.380688044657122,2.960998081470404,3.029985265736786
814,0.9313322319473274,1.514412263247451,0.5322965601704607
815,-0.3750955117085889,1.410001893784608,-0.2556146052659714
816,-1.251299046132437,-1.0100760702108662,-0.4652955679091606
817,1.3293062064122,1.62020467124709,0.6542393004578663
818,-1.1269403643620295,-1.640509394478133,-1.01134755185157
819,0.1185071000153454,-0.2575405574086877,1.0917544779243504
820,-1.8381795085536452,0.1643195997164034,-0.116015420850456
821,-1.130132306179124,-1.533953962822091,-0.9393589126948836
822,-1.5435549641346342,-0.7905773013569638,-1.158814276236213
823,-0.463636733868711,-0.6438999284871992,-0.2118150888858188
824,0.3394439767399831,1.437040639404704,0.7885390222546473
825,2.4030856582152103,2.4539007770399466,3.1329263272093497
826,-2.03874785640461,-1.7120886236854376,-1.1587276240488942
827,0.4796527300751604,-0.5617889523231493,-0.0981638115401887
828,1.081108839421595,0.9290080613787964,1.0479469513912996
829,-1.623271386049253,0.25433206255136,1.0418295474623336
830,0.7241685526005568,-0.2666711701079638,-1.1589225330793995
831,0.1228554490549788,-1.1207749540387573,-0.123249400802881
832,1.2561964101761465,1.99987780115279,2.4136107662357658
833,3.027153177504231,2.7573399770606284,2.29297562647959
834,-0.3302504091480009,-0.5583145399691675,0.4475435714398278
835,-0.7386680694473912,0.4208225724512922,1.49233317351048
836,-0.4929641274889881,0.7076985195608955,-1.7477266339661408
837,-0.3903489891369284,0.3173994675187443,0.9825590897528116
838,-0.2589526632067942,-1.159311811462391,-0.7613747169788811
839,0.3395478023622896,-1.3362131418601169,-0.34180956336142
840,1.689633365921972,0.077845084209068,0.7183142066951013
841,-0.9062399846300728,-1.5178662060323382,-2.4840741220275606
842,1.1300476814894518,1.162505606488656,1.6143069409050703
843,1.350438946847023,1.5848321040021398,0.9690146419372389
844,-0.1385702086060069,0.142303820608711,0.1883853394122837
845,-0.6343436999635557,-0.4134582731516054,-0.4904499555998248
846,-1.7049560311457013,-0.2654034570088752,-2.427532393646677
847,2.58638574562343,2.3292368957462277,3.7105965147188265
848,-0.9163358085128204,-1.8824407037992372,-3.008839152619657
849,2.15691048332827,2.1035964981755213,1.9733324610785072
850,-0.6347017637926418,0.3183098384809737,-2.6004886638858697
851,1.642186488259031,1.9842754263231688,0.3984545122696316
852,0.2218707105114931,0.9819769377069804,-0.1139470468803547
853,-1.639438695309574,-2.738334070636926,-2.3877293659881382
854,1.2899960413734612,1.4974955522318107,1.4345396297669055
855,-0.8278559373113544,-1.6921917170523757,-1.9573364957786656
856,-2.084507387652439,-1.468013537588344,-2.2688200587163947
857,1.5513657111610917,0.8461393648070755,0.6216115420423669
858,-0.2670805726443662,0.4042562066800071,1.1419790422967695
859,-1.0667044883964505,-1.2728368267049768,-1.6735695627204967
860,-0.296733786825513,-0.0922546659734389,1.2522283550505782
861,2.456421079087451,1.774395854060098,2.334861991114865
862,2.424583104580391,1.9243782985932687,1.4296418789354184
863,-2.224872296831037,1.3663796203007,-0.0693424210125429
864,-1.3040930255865886,1.0933230449822515,1.3335720564351852
865,-0.8521441799894096,-0.954684128601294,-0.7329063292920834
866,1.9038852729881093,2.694401712678524,2.8825931980618185
867,-0.0682312848000679,-2.4292410197975816,-0.612989426067712
868,-2.7479921602899537,-2.956094179324368,0.1437736083198998
869,-1.413449499569477,-2.1658443278678434,-2.741819436614628
870,-1.2434689794265017,0.753173877524191,1.7547474540512558
871,-0.6351662581045252,-1.833515667614536,0.6256663865039209
872,1.5873616323444204,1.0929930256283809,1.4925500144602464
873,0.5593231246971698,-2.115036288229365,1.765440008760182
874,-0.7179578321284339,-1.1141213285885616,0.0521778198824456
875,-1.787877329586839,-1.3970024716981029,0.0665843164980429
876,-0.8312047864209581,-1.180895041407928,-2.887634572509824
877,-0.3121005074944918,-0.8592000567978045,-1.3133279722372708
878,2.648289372838176,1.5390273441611086,3.175350110377334
879,-1.7050090916222875,-1.5744187009174957,-1.4706343911595443
880,-0.5901194351744544,0.9682749050009134,-0.0016600546804293
881,-1.2633141455054415,-0.6604187117168122,0.8251336888399049
882,-0.8041327920106952,-2.104831994942554,1.1715714347786574
883,2.2833462399367503,0.1416835754754979,0.7360936517570009
884,-0.0492067081541379,-2.202316852897376,-1.3921669817388715
885,0.3175922471346645,-0.6010310171990485,-0.1798317951850234
886,-1.1297890009022948,-1.7192430121952915,-0.0787893231386714
887,0.3389087811074561,-3.0312711483936043,-1.4918102458382647
888,3.095789864047276,3.0403202439029715,3.195862939069969
889,-0.5274976836315202,-0.5898424450363471,-0.8430709387942754
890,0.0878228148308128,-1.12332161136788,-1.0365344854033465
891,-1.906761053120312,-1.3654667045313174,-2.53679693399335
892,-0.4994856405984954,1.4280482980893336,-0.5198728787155666
893,1.5602678030133486,-0.787562052427844,0.2380246041201179
894,-0.0040088380268598,1.629845805940328,2.2416514523355358
895,0.5586408168237511,-0.2691751431069723,1.5834294249354677
896,-0.6317540279616609,1.2083317399115276,0.3517622746723547
897,0.4191666924041148,0.6610056737850514,-0.9384724158708384
898,-4.409783772357312,-3.331272616556354,-3.951344824416357
899,-0.6486463135989803,-1.6013634882760317,-0.8433192359684446
900,-0.6348230650602081,0.9091297002856678,-0.8943551373909636
901,2.290985074673778,2.1303455925961385,0.4500807358723899
902,0.2558834351914894,1.7976309832541078,2.773702788618439
903,-1.4399284613412355,1.2558271096888696,1.012760418301796
904,0.769236292673133,-0.2571475704136297,-0.9685320456716588
905,-0.6800315331864968,-1.0152451063610242,-0.8950818443125969
906,1.982215196109827,0.0775975087595153,-0.1160314979061679
907,-0.6536494191390152,0.4208041703381331,0.2282596540563876
908,0.4996876673895691,1.1234696265031932,-0.0785992228610003
909,-1.6711091799435005,-1.322728536436759,-1.3309408347573704
910,2.0477153125049696,2.8168779009587337,1.9251188524605989
911,0.4999920113391051,2.553485752152914,2.040316873774473
912,-0.9065513511999608,-1.3967769798838956,-2.8519972713749664
913,-0.9001516568757856,1.0363267597416863,-0.8958238447509992
914,2.55783306753669,1.9454713106697716,2.5933186484675064
915,1.2078821339070978,1.2731762114228171,1.8816209946996576
916,0.0247269888411856,-0.7433317537649754,-0.355328966433269
917,-0.6814322500723778,-0.0863754041250028,1.4623775535031671
918,0.1172081451978188,0.077850812019124,-0.1620924839676667
919,-0.0875967836026707,1.4448148272224168,-0.1719634983979149
920,-1.0334360387325092,-1.306247777338084,-2.198299891813784
921,-1.066370685922581,-1.799547913555385,-0.8265491137814549
922,0.8452197636829812,-0.1750168902887742,0.1218032668608665
923,-3.092201726527615,-3.030412391239356,-2.981518637479873
924,-0.2832649748650518,0.7791522035675289,-0.0055087463399175
925,-0.9912001126121108,-1.0698242641278783,-0.0187446660711519
926,-0.2590955575686539,0.931869606881882,-1.9899128042665732
927,-2.083563498835618,-0.610039893428117,0.1687609156024551
928,-0.4056381170217693,-0.7822304403064723,-1.8880988617044736
929,-2.3744169965984456,-0.1610364982505014,0.5030795124486838
930,-0.2628401178670708,1.37605493958118,-2.4314137333410333
931,-0.3712816435516756,-0.7916627087183098,-0.5880716241676599
932,-1.83818404670843,-2.775210496650176,-1.795396551498309
933,1.4916186080995852,2.426914345551363,2.7341749102425283
934,-0.7029708743171714,-0.8318937613151136,-2.254689249961233
935,0.1167327121576944,-0.1744874943976313,-0.3424165054315996
936,0.3180166290066129,0.8943310820686629,0.8315728113478401
937,0.7999354631836083,0.6581834285482148,0.3537099838914281
938,2.756873679721392,2.66961454439753,2.6596787108142443
939,-0.3688079782599677,-0.3309731108614502,0.524262252993412
940,-1.1875478924939498,-1.0941290478658954,0.2716612279420451
941,0.8309999079216613,1.123771490746015,-0.5379151347353295
942,-0.7758955299539237,0.3980889120778869,-2.7799213663105635
943,1.1779799632788663,0.5031954275511115,2.960864884785208
944,-0.9790477340029228,0.1503277218277072,-0.2318382324393285
945,-0.6518673961425708,-0.9956341436118116,0.93492272563957
946,-0.9449632855897336,-0.532870970423611,-2.144571821014623
947,0.88443221367997,1.609733445831787,1.882291329917105
948,2.633855848113827,2.644950145027591,1.9996998703204796
949,-0.1029306115499328,1.0359143052223647,1.1425179785890638
950,0.845263489417597,0.7342347504059459,1.3333026587192716
951,0.5021639627143559,0.077971522569349,-0.1075084586715401
952,-0.0931803703938809,-1.0690843031376989,0.0418074694458952
953,-0.4599583961685746,1.4141563897434428,-1.751372635555513
954,0.661876361256629,2.9616655954257585,0.2241021936608783
955,-0.6960689175019584,-1.4157225235795656,-1.651075837885277
956,2.0857014380300583,-0.7718137503863034,1.5701432886336153
957,-0.7030102541427717,-1.136010093783813,-2.2838218148601896
958,-0.4344383999011036,0.7790637099286923,-0.2516698110243658
959,3.406581734302548,2.9617510375598077,3.629003104564725
960,-0.0550391575023363,0.7390112830733062,-0.1065122943678811
961,2.190363062039554,1.6139987718537503,1.9711731456729624
962,-2.096930008084933,-1.5821189957155688,-0.7325407153903324
963,0.1878361635024154,0.6893096846245407,-0.6915909957906459
964,0.4240205443484663,0.6349636143230163,0.5596385997503662
965,-1.303797800219912,-1.8940650370983083,-1.0141197905407475
966,2.2905434743077224,1.3339780377609345,1.6977514720565785
967,0.1879753730637501,-2.1149413255937315,-0.1424522466411104
968,1.4277461394564643,0.1711529823594099,1.9767453381225335
969,1.0155004075184644,0.4205272246285055,0.7878236597095846
970,-0.5742424035062481,-0.2577628814489183,-0.1929001914899239
971,-1.0093707214092456,-1.6206393615218508,-0.8952788116159411
972,1.9381448409916573,2.10060775600473,1.943451552495796
973,-0.5081920779708868,0.9320446793861564,2.331313136420771
974,-1.032818791528675,-3.563415770792965,-2.142294292237384
975,-0.9181198334916388,-1.4399359824050164,0.7179862288533249
976,-0.6654712192144631,-1.653606065389731,-0.90415660384228
977,1.7432973229110351,-0.4710585072166366,0.4565348870089498
978,-1.8056230747848856,-1.044989231295327,-0.0951116888717941
979,-2.219359873475125,-3.021850423680028,-1.519902154327661
980,1.7929361558714358,0.57448715672296,1.6147685489889412
981,0.6872710002996643,-2.3284505330780623,-0.5146012555111708
982,-0.6151469649195802,-1.1370263295700829,0.1482036129256011
983,-1.5913356553437037,0.4205255184723186,0.0499114495921495
984,-0.6590391525365482,1.094154186781882,1.5705910250391515
985,-2.84308828438392,-2.958786062481093,-2.405408465676377
986,1.9973294729107212,2.16626539074836,3.0632041065322047
987,-0.4561155568749361,-1.473404607623249,-0.9670499059520964
988,-2.6568564185035166,-1.6728973199317825,-1.0415104339965269
989,-1.3898481410426924,1.7211916476065336,-1.313658114735317
990,-3.299450241952577,-2.9568156439516327,-3.859672167502033
991,-1.086273556849002,-2.7389316425389354,-2.5943057128453373
992,-0.534310823242721,-0.3128899614304368,-1.3571009131476195
993,2.548062444159478,1.5110701214893565,2.0416691549736434
994,-0.99148908869396,0.2242534984097212,-0.3578723316246699
995,1.0059731558091098,0.6855773164408715,0.6632034350881668
996,1.8352203302400307,1.4581531450916494,-0.0865098003362189
997,-1.1286837643478635,0.7080919876301257,-2.675536230449892
998,2.7422045418684453,2.7423324858972298,3.1820625492049808
999,-1.2635738912556,-1.4309256657670322,-2.8838713610157294
1000,0.2940829858127244,1.4403506876131873,0.9685796687854098
1001,2.343443363323631,2.000027455424043,3.3035295672300125
1002,-1.465701119262781,-1.7870187135944944,0.6022643722859676
1003,-0.986000437808622,-2.0710254795496987,-2.1850319437354555
1004,-2.09693344236423,-1.775545313285708,-1.4916445443935358
1005,-0.2997937296787923,2.160968681063438,0.7184338471537687
1006,-0.486668903065118,1.045194450710195,1.6442095904306904
1007,1.0155048230204171,-0.8119836744537032,-0.0470814201358737
1008,1.766632750860979,1.3168679793158855,0.9688597119839664
1009,-0.0096337409856233,0.0777159038120579,1.6442834061134812
1010,-2.000353412715595,-2.578523732315377,-3.110168308477809
1011,1.398967127664633,2.050965723331068,2.7279838462008583
1012,-0.5124694215467169,0.0682939580627622,-2.3524436190470523
1013,-1.5428553255462678,-1.037293910439248,-0.4265395888528329
1014,0.4469562078359435,2.043820352268683,1.359523481818507
1015,0.3267987621491102,1.5052407742277831,0.2250333443586601
1016,1.9630597674159935,1.4140203270526246,2.3726634944678326
1017,0.2465078815655401,-0.1590395399741015,-2.4711845658019778
1018,-0.6144429238298172,-1.4199066386195276,-1.7287155053518457
1019,0.2610970272294318,1.998726389463214,1.9717868197334127
1020,-1.5593878444661773,-1.7614579746271428,-0.9679420798891386
1021,-1.0686020915565095,-0.6600218954601226,-0.3969922732099078
1022,2.74121472395295,2.053340009071478,2.138875534015866
1023,-0.6999266084921548,1.6755766662330154,1.983346307784125
1024,-1.4813149210618943,-1.0514946819290347,-1.9569515075532176
1025,-2.0571667264419924,-1.4051856788198445,-2.9880831451038423
1026,-0.6992597758452098,-1.4780548020649853,-2.049095029890791
1027,-0.5680238576718396,-1.2567872202111556,0.6691511022518278
1028,-2.6863377917454163,-0.0233267648344837,-2.08194597683869
1029,1.735818878030461,2.6329999860556432,-0.3294453176213596
1030,-0.5764733905540609,-0.6431197215102302,-0.408932683329908
1031,0.6617695323046092,0.068530678874653,0.5016426780841688
1032,0.9750099377024396,-0.4745918608275034,0.0433172115565884
1033,-0.6195256382446168,-1.5115520396187738,-0.5025779342624122
1034,0.7691988405168761,1.9326870525460444,1.637793463211864
1035,0.9677630530788284,1.4538578736936698,1.142590702522482
1036,0.9275391856355988,1.9870668486877872,0.8897267536243845
1037,0.3992771474748955,0.6028411266644333,-1.9854448457022529
1038,-0.9393169429395892,-1.5060321920622404,-2.020605255327334
1039,-0.0107282641953776,0.1644351917980676,-0.6120643088784307
1040,-1.3197626110908358,-0.7266740492561731,0.2689274798922522
1041,-0.5008352992662592,-1.4294587135232415,-0.4912938099380204
1042,-0.9150151741457612,-0.3301882990504029,0.3388153668079922
1043,-0.482609369700543,1.9633599526992385,-0.3977959372127128
1044,-1.8713299450150027,-0.5715295415446228,0.3681972533656231
1045,1.4642523639440317,2.612824472198496,2.8274514645192124
1046,1.9695662188251344,0.3156971091605761,0.9777862333901194
1047,1.9716257299471984,1.8809092414500448,2.2783444546115934
1048,-0.2173494232798439,-0.7940981553329314,-1.0111242648136272
1049,-1.7431839609948898,-0.7010644620719578,0.6218806208061406
1050,2.318450605926315,3.124355399513902,2.5198071072423263
1051,1.7232112655123448,0.8179476685647639,2.049771479062115
1052,1.642196118813497,-0.6450071981096643,0.8117265963118243
1053,-0.8969670209800658,-2.7385789692666545,-0.0073965902113274
1054,-0.7738474749409735,1.2752794547299962,0.7357596461633988
1055,3.66189259330536,2.961819813783094,3.258152406523381
1056,1.5604988174248,1.9867965762179471,2.297484385748193
1057,0.9673249430444374,1.1015895381698109,0.39998814226198
1058,2.10301314935294,1.2888932696695603,2.883534158232389
1059,3.0965365114751657,3.043597560044712,3.9512844676466954
1060,0.5863897851165432,0.6606888771416293,1.0120643659393511
1061,-1.889085537780264,-0.7596114201263116,-0.538273143380509
1062,1.954499662598249,0.541279332398288,1.2830846676501333
1063,0.8079292630331494,0.0903102623059134,0.3204834292723267
1064,0.6723832188074123,2.104743035133134,0.7891924977312583
1065,0.222872020660562,0.8148896904600563,-0.6345226519008635
1066,-1.4412032859322603,-1.5214735931897554,-0.9029944538003364
1067,1.829320134091844,0.1509039432843446,2.276024136125558
1068,2.0785284551077603,1.9982681646587257,1.788297567028271
1069,-0.228214560313086,-0.7427421000388941,-0.3996551422501569
1070,0.0527017245576381,-0.3554475794531517,-0.1262684489007806
1071,0.0602504966735776,0.3396602436737964,0.4743941218108228
1072,-3.1130252503582327,-2.814344302412568,-2.679289059727623
1073,-1.492837577764651,-1.1209400776845369,-3.065701732984628
1074,-1.4398042140223974,-1.3273155373453056,-0.1423909896519659
1075,0.9747794154529305,-0.7476515239873237,-0.941107020212508
1076,1.4281490192272337,1.1642658780447497,1.97457763205648
1077,-0.5593973432212335,-1.103428587808955,0.1447274311105938
1078,0.3927804696803664,0.0697294296969363,0.354979258549156
1079,2.0135389052211337,0.858787583413173,0.8867122640890963
1080,-0.2978936839947349,-1.1784785149057475,-0.3758032501790879
1081,-0.5507853482847391,-1.3997692813263924,-1.1981962651364078
1082,-1.9147462721821251,-0.7860004571058197,0.1608229301882625
1083,0.500596899118939,1.075122406209539,0.0372965650627775
1084,-0.6528823605391723,-1.1812171554495556,-2.746088943126603
1085,-0.5899980171901996,-0.3240265390054229,-0.6913882039802967
1086,0.6413380623576034,0.5150814958125147,2.830694002287183
1087,-1.440342169343645,-0.2557476919269777,0.5319829911499651
1088,-0.0542161014962886,-0.3139042346755635,-0.4486169231597002
1089,-0.5516765876434502,-2.2479634379982905,-1.036797223218443
1090,2.282929644977718,2.511096548016764,2.479517423404592
1091,1.7352410855922782,2.161627013614993,2.8821315421542706
1092,-0.5907839129634371,1.3691355776485807,-0.2556243745930662
1093,1.491822896869619,1.407920069083249,0.1536995879372016
1094,0.470625880804691,1.1630192200195697,1.142569688139124
1095,0.5000886559715669,1.6025746566265953,-0.1822519932578883
1096,1.2885759507247865,3.020486144118967,1.128130627154735
1097,1.882086330160528,1.145434782740983,0.7890955925028904
1098,-0.3567594329334757,0.6345926217602015,0.8267692944954399
1099,0.7998636360083126,2.7204217441588687,2.0006972271216408
1100,-1.8891985792219816,-0.2932518977513463,-4.020804792289652
1101,-1.4414614085710975,-2.328175616751352,-2.474054863120396
1102,2.965467712151994,3.0207448069466314,3.001103504129932
1103,0.9674241669864296,-0.7670817304645211,-0.1630802031030183
1104,-0.2346782082186996,0.4044685082917314,1.142425184738956
1105,0.3261899911106919,2.427483359632793,1.2773753007084696
1106,2.0320682982549028,0.5831279918304324,2.9640029370920127
1107,-0.8192782991944433,-3.2113781269619177,-3.1089667255143114
1108,0.758943921846382,0.5835550183503598,0.3383456174272817
1109,-0.6363153870854626,-1.675666677891978,-0.761420691714061
1110,-1.068076472338782,-1.574099662009278,-2.7844712047568376
1111,-3.1201373419243748,-1.894226268857973,-2.409773573458786
1112,2.2704544141768928,1.5483675747497447,1.885313505195624
1113,-0.3830064568734766,-1.0680403489227066,-0.6933119526079287
1114,-2.182667403988957,-0.6068225974323458,-2.699078375127732
1115,0.2624984891513207,-1.2776682203302876,-0.6711852970122052
1116,2.7868055129073377,2.3330056114751603,1.2181656955098314
1117,-1.0173982568365996,1.3522550795344543,-1.62532139153524
1118,-1.0843136159828066,-2.7383008721979256,-0.895408043300515
1119,0.9676107627909084,0.8947942363779796,0.8312352235432804
1120,0.832622710841073,1.697900849413431,2.3611868536929697
1121,0.7690522420766704,0.4649071588911142,0.6627051452799626
1122,-2.350039949177204,-3.436475930690237,-2.591449676784399
1123,2.4116746860501297,1.939058424171825,2.3888301507715104
1124,1.087316552083443,-0.701040812909855,-0.0553385822692844
1125,0.8080027405163863,-0.4299787827775331,0.192304786932408
1126,-1.1432531139917284,-0.6421214227983292,-0.2330757346480611
1127,-0.7112155548614676,0.149647363570293,1.3788078955431298
1128,1.7084046041634482,3.407523404360308,1.928187180721535
1129,0.8442513189171005,-0.8064302816579147,0.0183298013823292
1130,1.6083686650591174,1.482452314682641,2.401223582071337
1131,0.5590241105125592,-0.9783109416360666,-0.3349451613313427
1132,-0.7431411166040722,0.3154952403823282,0.4476358741091774
1133,-0.3672080578133925,-2.328219733391618,-2.661040934543478
1134,1.33259521790165,1.62444526090065,1.6105524664917854
1135,-0.2797126062525489,-2.2023105051276146,-1.3922644946450862
1136,1.333493262079983,1.12494538116464,1.1376418592730035
1137,-0.7697612722058904,1.756268228190834,-0.1360393550256993
1138,-2.8827989832042458,-0.921396839498657,-2.341495695665577
1139,-0.659120054637698,1.54187517968441,1.8786187264944951
1140,-0.3256832738429573,1.2464479688462158,-0.1485615189452811
1141,-1.6711436453892985,-1.08051632792355,0.9353382193548634
1142,-1.3185337921789306,1.2311905415966653,0.1328845384480515
1143,-0.6591590286606033,-0.812800415267322,-1.1176630795348697
1144,1.6390232504976576,0.931729336469657,3.063433252336768
1145,-0.5898865497377483,-1.5630161097646142,-2.136520121695636
1146,1.9483655646251952,0.3405339507037827,-0.5906864505596167
1147,-0.6002264468381563,-0.4154898732773973,-2.4712159693186813
1148,-0.3830121843186562,0.0900178840306942,-0.3406913282961434
1149,-2.3224152813946395,-1.9379120604023876,-1.2767934701585784
1150,1.3603577669093418,3.0489898223360465,1.942452794128822
1151,-0.38363457540682,1.511460831467721,0.2657629710952502
1152,-0.2194128282548238,-1.6243457520004556,-2.5622970881806144
1153,-1.82593335513118,-1.5173020165633422,-3.008840321902323
1154,0.8078170882000977,-0.325297648161334,0.00213259182364
1155,-0.7716896715956361,-0.8158307607549217,-0.9408657487583292
1156,-0.391856086824515,0.7341066668236275,0.8610151570867686
1157,3.572401670108708,1.1292627909766315,1.8139114942225072
1158,-0.0055715257759555,-0.7418426172143873,-1.1194234949446866
1159,0.3395492741962739,-0.7168683309376884,0.5931955023662091
1160,1.5137355795394785,2.452294699141422,2.5806682775462866
1161,0.4707137886908739,0.4898091252632049,-0.640873686045808
1162,1.5133558265646068,-0.7496108867836735,-0.2218162302724985
1163,-0.8051654675299025,0.6604853570821889,0.7193615626550842
1164,-1.0086569070115723,0.3978384246127848,-1.67303835143975
1165,0.9287126865316488,1.3813689454095948,-1.0361376893305687
1166,-1.4815739991817425,-0.9233785378685068,-2.5230187854623325
1167,-1.336918381418414,-0.0122266324494782,-2.339997190084605
1168,2.6879235556171097,3.145230764792412,3.180760197192879
1169,-0.6684461341412905,-0.9916577638157352,-0.227191612329898
1170,1.2886038912223112,1.3951219597232467,1.4343376946504518
1171,0.7454597710905968,0.3163119873752508,1.533431467056248
1172,-1.3341403241826786,-1.0235510987423524,-0.4069333949671635
1173,-1.19789763279727,1.274837336214835,1.6872187051316336
1174,0.4474957566775114,-0.1023664858242661,0.1465061945111346
1175,1.0564580066694995,0.3407111804355265,0.4782607713015589
1176,-0.2600723340596673,-1.6248752697598976,-2.317863009451301
1177,1.7918835875978845,0.7078865978848153,-0.2139432288382769
1178,1.515762870702452,0.1422595878720232,0.1454628435880778
1179,2.539887200011809,2.8943686811896185,3.476569510389242
1180,0.3177794980792166,0.4897821214604673,-0.1885575456410168
1181,2.2158412904333638,2.482699307948652,1.4298942446723404
1182,-1.3193729074115677,-1.945764501524892,-1.1587097564145818
1183,2.203767242477089,1.732494105577848,2.74335280161906
1184,-2.147490078321807,-2.169475987686785,-1.4132670123037592
1185,-2.084550192195536,-1.4364398522835546,-2.1258272122063104
1186,-0.5651741360553935,-0.5434799951719593,-2.321610956455598
1187,0.4698434946618449,1.3269729586969432,3.014040543334887
1188,-1.1414078821965272,-1.1718419101266475,-0.5364383988200394
1189,1.5276018609569455,-1.4753278770050835,0.5350639986971095
1190,1.502401425851802,1.1025782141457698,1.8852358228122
1191,1.9105346358161224,0.5415698056455128,0.8125590086418973
1192,0.0860518034227972,-0.5895830275819409,0.2348741766004888
1193,-0.6013603803424064,-1.8190733031675204,-2.0828215356991464
1194,-1.5746250208457682,-0.5038483483832282,-0.3728250703894976
1195,-0.4564546772781227,1.7695206601303977,2.8512723383953635
1196,-0.2006518706680009,-0.517456533125562,1.0620168343953302
1197,-0.6550329430842209,-0.814049281188723,-1.0908984938913826
1198,-0.2217693787850137,-0.134583412590673,-0.1560386994271509
1199,-0.5170859544681641,1.9311204474309156,2.503357880078522
1200,0.2624319193267409,-0.0079466032186004,-0.0316352080122909
1201,-2.4469867433880306,-3.5519768100388065,-3.278656343408845
1202,1.7399977284969337,0.6155940451191628,1.4338876377522285
1203,-2.745671058568872,-0.9753695787430836,-2.582270137981323
1204,-0.6394246956188735,0.0778023084360958,-2.319392470398728
1205,-0.7204089876499731,-1.7213340284706669,-1.9290513604376829
1206,-1.3059098088167025,-1.8817642099496856,-1.0361800173630855
1207,-1.4409854689472994,-1.703509299605117,-0.902537381206116
1208,-0.1926277150517128,2.368778826329152,-0.5352369781894738
1209,1.1534848341487496,1.2393421556657565,-0.4800762847070661
1210,0.1228442315716736,0.4272833974758407,0.668903582964736
1211,1.4093781779708034,2.1031268161639174,1.8080836982289712
1212,0.1124112801643925,2.118529955416941,0.1985317196961589
1213,-0.9160485564191166,-0.6969541356853713,1.6368343006407742
1214,-0.2931490726216392,-3.288868114813472,-2.232072995056896
1215,0.0633053912936835,0.2548832393997595,0.7394523021002053
1216,-0.4456643952468903,1.5633123551696633,1.4331970594095664
1217,-1.559445615908994,-2.577757070285861,-1.1195714220365256
1218,-1.4128199566160269,0.1505060100712588,-0.2532169403329414
1219,-1.3060083733803116,-1.28236128685176,-0.2809574001706502
1220,0.246016109603337,-0.5598270031735505,0.1463218384187003
1221,1.399118726565012,0.4210509536437419,-0.6706597293507343
1222,-1.1940032539066507,-1.198009704155798,-1.357147535414281
1223,-1.6660566393357847,-2.410047045564101,-2.3948955959008247
1224,1.6637635313429298,0.3404910397801942,0.8882986881303802
1225,-0.1747949169389334,-1.3058602576898324,1.4134330664889818
1226,-0.1036228563745284,-1.035424833189801,-3.3417620643989907
1227,-1.829262437917692,-2.658952478729796,-1.276792057362619
1228,2.149043040071065,2.0485293322961398,2.416382928966113
1229,-0.0942784373707529,1.8134939329329445,0.7395656973480309
1230,-2.5964969053761244,-0.0136499833844787,-0.447587995635745
1231,-1.671378893521116,0.7342296928715346,0.9331755970067298
1232,-1.0344180580487126,-2.092878819314255,-0.8431720232807691
1233,1.2096200418466745,1.2734597212805134,3.207761990493785
1234,0.2550692180236488,0.2548680047523316,1.042134231501033
1235,-1.574518617507103,-0.2425852570004614,-1.6730975711370497
1236,-0.2509008564938207,-0.4762098438620369,0.2716247919818787
1237,1.4649411047864913,1.0435458163604294,2.6406999310856123
1238,-0.6449087850042393,-0.0632243240387005,-0.1433044773263968
1239,0.9281139276144748,2.045568532187433,0.5223695351416222
1240,-0.6121836856060845,0.0777854296766751,-0.732813715311566
1241,2.0775600137946557,3.552649823421182,3.706515919413011
1242,1.2552912322758258,1.1427211413256797,0.719925632576699
1243,-1.183361456502347,0.4275303891972645,-0.0062628022737406
1244,-1.9734246973099323,0.403722385403615,0.98195935341878
1245,1.4086688460208707,1.5670189656269575,2.356996430184016
1246,1.4879557063545972,1.1018665526807463,0.5642054542156907
1247,2.158845111513458,1.3954394505778491,1.3790591377579158
1248,-0.5378314969124706,-1.4756349055261817,-1.1969470695842983
1249,-2.848852305244175,-0.5049056947920858,1.5323765794065385
1250,-1.3351590074382824,0.2335355195196972,0.1437841892980372
1251,-3.0249980095657016,-2.324757540304579,-2.540324248215816
1252,-0.4925574843295642,-0.3800632351206267,-0.2578352231580814
1253,3.613835525246035,2.433400388893604,3.9156956618595378
1254,-0.17423506808717,2.224511543406265,1.0141291382183772
1255,-1.462078406321085,-0.6091613424107882,-1.847064922793725
1256,-0.337114967883592,0.5417238655971786,-0.2812241062387954
1257,-2.3505636767699367,0.7337662277301865,-2.657075480043344
1258,-1.3727504937448185,-1.0249971137607798,-2.811369526667893
1259,-0.4957058679178016,-0.3812888250722855,-0.8951727930524854
1260,-0.6449122867582869,-1.5112679134442448,-1.6257197346766743
1261,-0.2592940405140732,-1.1494483892535257,0.1713528854330175
1262,-0.4778853964687504,-0.4083534610480782,-1.8626382686323648
1263,-1.5748257887453525,-2.247841782474158,-2.6386057440703192
1264,0.2617097087885887,-0.8630974936455323,-1.6477110937842327
1265,2.041170119613575,1.772180777333991,1.6454049320715325
1266,2.368408856670336,2.8434009324950837,2.1761685089804037
1267,0.559063045269428,0.9405609499914172,0.0650537872049472
1268,-2.4913762753560835,0.8583840556894282,-1.6252430308644974
1269,-1.0353552125758472,-0.962291159789792,-1.5707572405814716
1270,-0.4475212896531678,-0.6575188428877295,-1.6264168059787043
1271,-0.5906986728980022,-0.8962453113140273,-0.4075208628976338
1272,-0.2488950042939199,-1.1495911626931092,-0.5460675810058396
1273,0.9309827327024812,-0.9956205552964656,-0.0393286254064638
1274,-0.8812508827972203,-1.304439029586124,1.4908100902380466
1275,-0.2171492089134459,-1.5058084791527897,-1.0913617020640318
1276,-0.0900566174464781,-0.1020614424761112,-1.4929892891271097
1277,-0.4627906881779162,0.689376907506316,-0.2737125741744783
1278,-0.3256819666019395,-0.3804976050905658,0.4423201998785624
1279,2.107935698113302,1.6116866864838693,2.280671910366917
1280,-0.9555465621445696,-1.5193460684886912,-0.8263585040599281
1281,-1.1287099845558064,-1.1866837876606184,-1.3343525928744917
1282,0.0866811185436476,-1.2931641749922576,-0.8430120654120319
1283,-0.750043506353251,-0.407111531679371,-0.6134849950356968
1284,-1.7537833213677798,-2.4298281812624816,-2.5881484032398068
1285,2.7443813271472823,2.1752778340376557,2.3406310387405758
1286,1.996435765402084,1.4482768071314074,1.46423484720533
1287,-1.492136166956171,0.4788645911135273,0.5563396034520941
1288,-1.4400422831693518,1.3461918441048415,2.1677452537857724
1289,2.069374534727434,-0.1587613226211734,1.3043325083108102
1290,-0.987761231845454,-1.647711850057354,-2.476005928177229
1291,-1.2633417495715868,-2.16664006642396,-1.5959134668153243
1292,2.6429399922223777,1.4612681791273314,2.254959959316833
1293,-1.3180558917790728,0.7751499403336451,-0.4666675219477341
1294,3.4436599345293826,1.6421890767833052,3.064814676476639
1295,0.6618667545551952,-1.3945020830648385,-0.8953684652928668
1296,2.149043040071065,1.5473314500594684,-0.5586915546474925
1297,-0.139412465986718,-0.1021457865265145,0.2877498695680516
1298,1.5536049964015874,1.4067977833893983,1.877231023301123
1299,1.4872037246669654,1.777937787543218,2.3216529736620206
1300,-0.9371974918180616,-0.6976516429872607,-1.1056839914305832
1301,1.715314974087614,-0.0218970374006009,2.0529805984047718
1302,1.178332712823761,0.5030432749797276,0.3755664668440198
1303,-1.0352769600690173,-1.3204243725063174,-0.4193366396304619
1304,3.007507484519332,2.645167137723087,2.895672660913729
1305,-2.0969828714555345,-2.774212395280825,-2.549991246176276
1306,1.1782215893579493,1.5277697600348832,0.3393908474956003
1307,-0.5151160338212883,-0.8578152908243121,-1.4708128339388211
1308,-2.5074855545713186,1.9810635027189625,-0.904441616492168
1309,2.321734807648203,2.742167189972638,3.399279729886256
1310,1.0876730336689249,-0.6579181795918357,0.6866868076617871
1311,0.0643595676414329,-0.8239441626757072,-0.2020214942622532
1312,-2.349640591556141,0.0769285127317923,-2.884693047076881
1313,-1.3028050481975275,-0.2555250994787336,-2.198818745290635
1314,1.5621708481341363,0.141939219796197,1.0480091572291417
1315,1.049298689560801,2.0499276666221835,1.7552299859941578
1316,2.11624861645641,1.525263172859693,1.7163740459237955
1317,1.1534964859306962,1.451797562605146,1.3597575722082815
1318,-0.2774183242120839,1.5697665202697069,2.3997486484737007
1319,-1.4646771826385443,-0.965603849171906,-0.3692541139320722
1320,0.2793061971817847,1.126421957385068,0.5017674161940872
1321,-0.3768219817386424,-1.214843903528076,0.5239443835006036
1322,-0.2595228493722098,-1.0228733536751085,0.0986951935475038
1323,-0.6986502033381989,0.5421546413700914,1.9886838492988284
1324,-2.583386668391002,-0.8449944372780303,-0.9672159621091264
1325,0.4194542519687899,0.5831448096557036,0.1952318749743113
1326,1.7417947186228608,0.8171201929629773,2.1126200946512106
1327,-1.1866734383894264,-0.8290414463772858,0.4591101736171382
1328,1.1295744321238632,0.4031097779766963,0.0187216615045007
1329,-0.6154507109750509,0.657422390419388,0.689833865116136
1330,0.5020903710151429,-0.5420887771368962,-0.5086170622812888
1331,-0.94508325138549,0.1415570884239985,-0.677012922387506
1332,-0.0095693175856038,0.989824685844232,0.0498894820449509
1333,1.5520254085672829,-0.0631220297289923,1.1991632933547325
1334,0.4794970800753309,0.0899319352281222,-0.545998854843795
1335,0.3179439680166786,-0.4670697827588447,0.3547215076926059
1336,-1.4654358168798491,-0.8239438452872192,1.3542668548519456
1337,2.3623447086904856,2.538517786570282,2.360799043384222
1338,1.4251171719792488,-0.5204306802368899,0.3074299070729573
1339,-0.8541368130458787,-1.199770524609832,-0.6380728863961356
1340,2.7363980560500587,2.2660994911608348,3.1861605628185643
1341,-1.5137448605425663,-1.2241146587253058,-2.102630887254424
1342,-0.690829969353185,-0.9613670934121238,-1.0914395333199665
1343,0.3926821986693896,1.6846854172221872,0.145578129947001
1344,-0.7834678135867539,-2.6013258827035752,-2.410712981364256
1345,2.385441741028104,2.72127359685815,2.8559295035341195
1346,-2.5983314205385257,0.479141192417676,0.1588102846110539
1347,3.0791988695833328,2.816469358496877,3.5535122150152594
1348,-0.422692669347708,-0.7892964168724056,-0.8397146882933272
1349,1.9655752758171592,0.6847029362404421,1.5038066487020965
1350,2.2969001305352634,0.0099245181975543,1.9692012258573104
1351,-0.6901980384341528,-0.9136371972416132,-2.722321266394533
1352,0.5017796913916317,-0.6107211033853187,-0.2786368914518012
1353,-0.0678224829109393,-1.958048818947156,0.1372131026159699
1354,-1.141537004349132,-0.3559162969066851,-0.3736557317346658
1355,0.1177569552947002,-0.2547806669738887,-1.014198094217052
1356,1.99229204221294,2.151156943720561,0.4783151916779613
1357,-0.3767959873267117,2.374752139665257,0.452135216506032
1358,2.345664251663946,2.5397655041946217,3.248963409783598
1359,1.0568810660398658,-0.3229008889935988,0.2284664409579931
1360,0.499637201806088,0.6348115672287024,0.1343800697142964
1361,1.0566069795959334,1.7059472246132672,2.077172887586577
1362,-1.5137787127242044,-1.5421118267615717,-1.9300645840259436
1363,-0.9517650727489262,-0.5325211138566597,-0.9039753650290178
1364,-2.7299098259051893,-0.4318362671651717,-0.0575960193300093
1365,-0.5871479455059991,-0.8808567428934462,-0.8097785066334922
1366,-1.336179759842355,-0.7032868377989998,1.4575745668054132
1367,3.490731574709661,2.554793204588776,2.4173016964056804
1368,-2.354187285458638,-0.7709192105707611,-1.6259068193182982
1369,-1.7433580976588536,2.2631416440972285,1.754975533444802
1370,-1.4133045478212614,-1.8647255911387477,-1.196897503992722
1371,-0.5611077352777367,1.702263268967759,0.1475619674253526
1372,0.255572283571239,1.4072653601100378,1.3548443414641984
1373,-1.0330962347243116,-1.0076799392993243,-1.3340216858799547
1374,-0.3888078449308076,-1.032762152227913,1.0573711489789075
1375,-1.830266277415612,-2.891805532396181,-2.014413651913454
1376,-1.6711958954957395,-1.5435300081578032,-2.152942711803937
1377,-1.201622401904231,-1.055609844954706,-3.0255775273475
1378,-1.0330024246255896,-1.4779714441484242,-1.7223474888626384
1379,0.5591831732387911,-0.7755783466203783,-1.2359000387186527
1380,-1.666071144615351,-1.3642214543115991,1.3597079946232342
1381,0.7690311975317261,-0.4674911544172349,1.3600201930951117
1382,-0.8078363768057318,-0.6957281574716643,2.507577119651265
1383,-0.5317512648040263,-1.3461837504514973,-1.0829955976249446
1384,-0.5307531820130237,-1.0345381280142187,-0.243056170659199
1385,0.7691754180572488,2.166799898674109,0.969332452965914
1386,2.45875454327549,1.8031710454031056,2.279891358752437
1387,0.3394827043716941,-0.1754034565334117,0.5329111200191043
1388,1.4653020720711316,0.5037870372089276,1.9134223537694253
1389,-1.491836899965937,0.9686683143873592,1.137917001286103
1390,2.2357244948231605,1.9544684542377933,1.7858608227605253
1391,1.0154260799022592,1.0445506204862287,-0.6115154745137441
1392,1.0812271406770737,2.0332769396308024,-0.1626606562735025
1393,-1.4651073642205328,-0.6555672210745265,-1.0830033052319028
1394,-0.0929174717573718,-0.8294502816446144,-0.5450790220224786
1395,-0.0942108972308509,1.5354622076424094,1.37882426042966
1396,-1.5141552569185113,-1.0793613820533012,-0.224936247957906
1397,-0.2019530635049057,-0.7425739056475256,-0.8951553685689857
1398,-1.888974640433332,0.4039483392719573,1.9396585894922356
1399,1.0979801442039896,2.5088697704562293,0.6536219651395497
1400,-0.0549405887004172,-0.414107687543503,1.1421390113386227
1401,-1.3904179179724785,1.021538560152348,0.2664268869529473
1402,-0.5312270347728276,-1.1079442972182192,-2.713083021566972
1403,-0.3110965724145615,0.2536680858342969,2.36416469842267
1404,1.7897719484343615,0.4046089400943875,0.4507947231586379
1405,-0.2278252362316153,1.182962598659326,1.1270293967397012
1406,-0.3615554237987763,-0.5197104752612872,0.5376141329391677
1407,-1.4815608963802789,-1.3171823906710711,-0.0588631061241183
1408,-1.6231455603105918,-1.4514230444628338,-3.201938554001897
1409,3.1081825444510987,2.929805069059708,3.674226257161291
1410,2.524614066809273,0.8460474675667452,3.4001468772221326
1411,-3.0026106696147306,-0.7471146976195717,-2.432282006013605
1412,-0.5659336072642142,-1.255759516286753,-1.7753097879963995
1413,1.8705646615264009,1.7411381175730056,1.4314750047903289
1414,1.7088397712935723,0.171250991924529,-1.235832305202959
1415,-3.285074086419506,-2.2394356275260927,-2.277831696760176
1416,-2.0968418206987094,2.2906097402439083,-0.1483877461956225
1417,-0.636293984813914,-1.1513638151467256,-1.118435054793703
1418,1.9000330495208255,-0.3234220726298747,0.1576700711557677
1419,0.7690728704865453,0.4654041676726369,1.902871363708537
1420,1.7084255878753487,1.1637655834760845,0.8309513522804498
1421,-2.349767905195779,-1.7206630216160093,-2.702807897737604
1422,-0.9235667391700392,1.9132057159912768,0.4761965340198237
1423,1.7364953600567397,1.1704471906095495,1.0575020680711482
1424,0.5799247226234746,-1.104355501261357,-1.1182410308152744
1425,1.5525474666791992,2.4265614095526185,1.5053420238942223
1426,-1.6660146691416302,-1.3424875075809894,-2.3921828601152235
1427,2.257106189201548,2.2337222878363114,0.3380862021373453
1428,-0.2019512394476715,0.1503005616431642,0.4483667605521906
1429,-1.242162544377992,-1.2477120174734628,-1.722391542062128
1430,2.1796932175654136,2.426363866957637,3.0491754640734623
1431,-1.3908388406793577,-1.7118615004833675,-1.7734166362327537
1432,-0.3942698638954955,1.9058768822975845,1.3336774061776644
1433,1.9725373970519808,2.1014911014408564,2.314668225022892
1434,0.928673807626582,-0.2565231458092336,0.4591160784946025
1435,-0.5701825600440649,-1.0583628770832003,-1.1804507898504133
1436,-0.7127985325312647,-0.3122483532074795,0.7534960448554178
1437,-0.1618459884925239,-0.942749345888504,-2.022821446363248
1438,-2.917559563986781,-0.7482433003105246,-0.4913145853195816
1439,-1.829576540573431,-1.9359691907773209,-2.715794086779922
1440,-0.0680753317241522,0.5030371815647742,0.1713408534767226
1441,-0.4609805780941022,1.0183705152197298,1.278808098129244
1442,0.9327941923786108,-0.0936540187174646,1.1730215291039474
1443,-1.0346151867138438,-1.3031436914353511,0.0168454708942289
1444,2.562290375321196,0.8180612705577036,1.1276334481650638
1445,1.546721770918692,0.2348368141295775,0.9831277767451404
1446,-1.9876936171469628,-2.574538957302747,-2.2519252995948524
1447,2.098561858802167,1.9696268974583249,1.8857380429627848
1448,-1.5911434583559254,-0.6063220233939319,-0.2528511837714731
1449,1.4880735124513922,1.0362750976780968,0.6896354680867384
1450,-1.0187964656815889,-1.5729583330061427,-2.198489641816779
1451,0.5865250711902632,1.4825837977120748,0.7190829527419584
1452,1.8506463789423655,1.7624544049445785,1.903537854828275
1453,-0.8166919684419885,-0.9008054025583948,-1.356475044537591
1454,-0.23227062759265,-0.9637100611718006,-3.021025121825478
1455,1.6915742305799562,2.167516677982009,2.134959239989102
1456,0.8307525657606959,0.3983332085092374,0.3061048299183687
1457,-1.1300796881141866,-1.832581870877997,-2.243327358016769
1458,-0.0670916866745455,-0.1748194027101377,-0.0392977335432159
1459,-1.1303399574237367,-0.3323513626831603,1.976191194841632
1460,1.0061493592871185,0.7532099254631451,1.3602277407683634
1461,1.6088458193725583,0.602725978120958,1.1994170604747374
1462,-3.222199707117665,-2.8592208960845458,-3.520972894645248
1463,-0.4710989854424126,0.1715111235293593,0.1208655910316699
1464,-0.1382300776345403,1.6781668934987368,2.140762857574556
1465,-0.3665239973300374,-1.0132951512123674,-0.2040579374461691
1466,0.3678183749162707,-1.050464315077476,0.2369812239649944
1467,-2.8192717403163963,1.80392670130366,-0.5906514159825336
1468,-0.3342372611690132,-2.377609753131515,-0.2334773476872601
1469,-0.2954885182647705,-0.3541201230299287,-1.198801432153779
1470,-0.5373478979664243,1.1476740463998394,0.9679242858510004
1471,0.1861595652106382,-0.3765507790315743,0.0690903397967958
1472,0.0906572426593125,0.9693723317514986,-0.4040635195815126
1473,2.0291910016985675,0.7078983344416903,1.608222059556701
1474,-0.778848921823819,-1.1407097209124202,-0.1396436270836006
1475,1.951676357369788,-0.9691863694792396,1.883103807368051
1476,-0.7776293104527829,-2.1688286340390928,-1.2565817318927746
1477,0.7444925343411775,1.5969122373967428,2.496695178141965
1478,-0.4312512500713645,-0.8272934999127165,0.4196684774601183
1479,-1.3722028599933285,-0.5311896910678959,0.0430854374023267
1480,2.520322932225071,2.6445034095114752,2.57133997380275
1481,-1.3191057057722035,-1.9450875753575148,-2.726478235747365
1482,-3.1165815796857954,-1.6405666513613826,-2.363375674709054
1483,-1.4130564760374025,1.5284438639968028,0.9004693262482073
1484,0.0534771721715273,1.101444595709682,1.995245057165292
1485,2.2867512619178525,2.101493538806837,2.0268298161819964
1486,2.8938066559299758,1.5902739234627448,0.4985776172501794
1487,-0.6805070824867089,-0.4819569876487919,-1.0113549091127574
1488,-2.830320427206109,-3.5423881794984258,-2.610323664630726
1489,-0.6090442846771834,0.7540615507649111,-0.5518142025404196
1490,-1.0158694741118677,-1.181416595080644,-1.700901951804267
1491,-0.7711634654575771,-1.2257050400281178,0.3370245529155101
1492,-1.8718312300096875,-1.574009904544849,0.366587852480869
1493,0.3925720755789072,0.069275837981462,-0.0577154832003862
1494,-0.364087947683555,-0.7796787367935213,-0.761605061586767
1495,-1.1943245311875117,-2.087567361790864,-0.9659279104943136
1496,0.9289987496680112,1.8370296380358664,3.3520545759872724
1497,-0.5703433245901768,-0.7476502544333714,-2.14518453278487
1498,-0.9066099642390884,-2.659528508941215,-0.4486060622907621
1499,2.502238478320443,3.490594187332105,3.707837119101074
1500,1.937372981943028,1.7746878287629473,1.7549327151104783
1501,-0.2846323332824336,-0.8828284236590959,-0.940867617269107
1502,-0.0339667820394442,-0.7444991613339083,-0.2360975600908969
1503,-0.1214216785148324,-0.8564953394777792,0.0852098876556921
1504,0.1536969646848158,1.1238473089034269,-0.1201492797703639
1505,2.368435398829248,2.5326675553421887,2.6163505751013365
1506,-1.439993467342207,-1.4723828076898535,-2.200740551355232
1507,0.9749177050619304,2.428136418185866,2.4606034445038807
1508,1.7379190875266417,-0.9123699437726231,2.905891924656456
1509,0.5801055170963435,-0.7020174704901977,-2.5534807845926086
1510,-0.9902850315942336,-0.7478618361417603,-0.359527787407453
1511,0.4240712531395788,1.0822854616014128,0.1709943252649497
1512,1.0979337814334853,0.2506843728204299,-0.2473929273969124
1513,1.8300036663372583,0.5152005164955447,1.277262489370262
1514,2.866973268305474,2.799047435563593,2.9382600796633165
1515,-1.0662104120935976,-0.44503660859019,-0.447992673378375
1516,-1.440410364318249,-1.895145765174426,-1.7941988477556177
1517,-0.1050331942775159,0.2338240211716636,-0.7604066861599893
1518,-0.8999231321066232,-1.9898233005964563,-2.020143175010129
1519,0.0416297763026113,0.3965249278501332,-0.7556608403204502
1520,1.887942454479838,1.3665320762638944,-0.4910462763126281
1521,-3.089134424435469,-0.181487590405697,-0.783759718656374
1522,-0.4415862601686972,-0.8945698600110377,-1.3312201533010508
1523,1.0811266737817176,1.6755687716763363,-0.5880743595891093
1524,1.9041005617210864,2.2581190469729258,2.41740347667351
1525,1.0979628501546743,-1.1182313979087133,-1.4115537018298014
1526,0.0396238909630514,0.9684155089522744,1.6796076960619244
1527,3.946839681324811,3.101951353588431,3.6746438767682488
1528,0.3697303372171198,1.493335933536838,-1.1796645641856556
1529,-0.8268620302621544,-1.9900111845157276,-0.0630845142647107
1530,-0.5203982840614517,-0.942715425744308,-0.0564116875480869
1531,0.3272457699560563,1.4091627084917793,-1.0111381618625368
1532,2.009076127418585,1.093186472228473,2.6453998611163185
1533,-0.4932178439052993,-1.395748482506303,-0.733447064061071
1534,0.5020585426052332,1.093710951778179,1.7189684604899824
1535,2.823348675538467,2.4047746567650217,2.3560739451157824
1536,2.4572150813097293,2.303021402944632,3.508741727250523
1537,1.854999151769558,1.7822856474190854,3.132259134520012
1538,3.866799632121032,2.9295674258765296,4.432221197451336
1539,1.3500851131421958,-0.4672800330742778,0.0708717298888451
1540,0.3699176574462713,-0.0213520807968944,0.8119038595640213
1541,0.8494498941953854,-0.0219050480537019,0.2329632764032394
1542,0.6407588484974178,-1.5110161608955,0.2740155515220282
1543,-0.6491231239907622,0.7393858480698554,-1.119537421236486
1544,-3.245692737883608,-2.660852862018976,-2.1264803948715545
1545,-2.616725538059629,-3.008065167637552,1.3543699732904937
1546,-1.0796816045913464,-0.9331354717598012,-1.8044531007052944
1547,0.1185444784659041,1.0947730340045394,-1.330994572574442
1548,-1.1261184611408133,-0.631251581181147,-0.2347997569947419
1549,0.6880120179627476,0.306459371989434,1.2840757516380106
1550,-0.3625616844244335,1.395428464952007,-0.5598433745617611
1551,-1.8054965731925736,-3.021822517745796,-3.7003038064498015
1552,-0.3697691908226947,-0.1022457455456434,-0.903801901945486
1553,-0.338531720194395,1.077526757250926,0.9010066596447784
1554,-0.905432778502006,-1.432601880819902,-0.5382028741790672
1555,0.7243924868043153,-1.257191446189574,-0.0789352517821544
1556,1.9217878449212185,-0.3223875765918272,2.1486186670682588
1557,0.4194025231368847,-0.4054977211960637,-1.013606505808893
1558,-1.1938201185603312,1.7734137389808085,1.0576074391031227
1559,1.0980490750955858,-1.6183124181185933,-0.733072542621704
1560,-1.0188466772735263,-0.7965440144997724,-0.8096663959868263
1561,2.061368592184967,1.5056513479759632,2.4888863914553583
1562,3.406800621170659,2.796217700472019,2.3271467123804026
1563,1.817706078004934,2.376584507431081,0.7349697372582424
1564,2.636578344996497,3.319957443963816,3.2510547404716106
1565,-0.8631345155537451,-1.564621182119769,-1.598995334836422
1566,-1.639705396877546,-1.2403430399098123,-1.750968403821709
1567,-0.6212982628592869,-0.4757841658677096,-1.9906122226241536
1568,1.0564879199583137,0.6030849127621275,-0.0058754658286062
1569,0.3500921734649663,0.779439690528179,1.3782633804337652
1570,-1.825614476772193,-2.168858819108749,-0.5468305151925772
1571,0.9163828110191328,1.0783626348315545,1.2988828493271083
1572,-1.955137365285485,2.0257956004311475,-0.1357940858416157
1573,2.2520854013922094,1.578629179152412,1.4923819509136682
1574,-0.4976042858853098,0.3159083671843238,0.2657143473676464
1575,3.3642528027718623,3.2486968803579748,2.347508870630409
1576,0.0837550053544416,1.1505285091214694,-0.6286567115493011
1577,-1.3896741216720534,-1.3443124279257783,-0.3283391290629995
1578,1.864653344583398,0.9400275468983502,2.366034844147365
1579,-2.581339150415201,-1.3952527268158554,-1.411617006159363
1580,-1.805598298578482,-2.9564648952265404,-4.0210607427566165
1581,0.0420076905605957,-0.5040008649398172,1.9584340455576672
1582,-1.6659806649616635,-0.4695955471820272,-0.159621573695763
1583,-0.3446757125420256,-0.3327449972891436,-0.3106110402408573
1584,-0.379182927239913,0.4272940617290403,-0.0441710467488409
1585,1.4088419582097915,1.765485218130851,3.132645465512927
1586,0.4989112574278071,0.6345822935901516,0.9790763515670748
1587,-0.2311209851198049,2.3325791049983278,1.2177551605506196
1588,1.8939619972245705,1.883893119640504,3.2012166443334578
1589,-1.2665636976817278,0.7392082484496226,0.0064191346125717
1590,-2.491743069254633,-2.464685411791621,-2.556668676955681
1591,1.329272967494722,0.4209254292957038,-0.070291233604827
1592,-0.0873286439982313,-0.6448036810823321,-0.3425032656440072
1593,-2.068302903672463,-2.491683495219223,-2.985353174842749
1594,-2.2011862735384686,-3.3242783026683607,-2.933153045056645
1595,-1.5138233583550604,0.0774173874134957,-1.4918011517461447
1596,1.9298834206264532,2.318340053046247,1.3837959197533354
1597,-1.7883473955539126,-2.634627142116733,0.7387274950913181
1598,-2.581652405748185,-1.7206817893340651,-2.583025004328659
1599,0.5865207783411424,0.804549224786377,1.2522974465296706
1600,0.7161887885128473,-0.840655786210102,0.0112913503843907
1601,-1.370197995933046,-1.6698841574441632,-1.3310367360924522
1602,2.50172695992247,2.721020278334472,0.5055131669348507
1603,-0.6766045712424672,-1.2110149133903982,-1.7946148138912807
1604,0.4235337946755045,1.4003879350530029,-0.1375222845172631
1605,-0.3003486110908588,-0.7161963491366383,0.2245305448143394
1606,-1.658161005191645,0.5578610081269367,0.0062255689835167
1607,-3.112010781673641,-2.464496502163516,-1.548927795514038
1608,-1.130454392516013,-0.8938724077354827,1.2519099437212915
1609,-0.0059597260484078,1.1623408171356462,1.0617343208033347
1610,-0.469077167618125,-1.2582107710578914,-2.4916134378978003
1611,-0.3645717190356063,0.8037141832011765,-0.0293315534206171
1612,0.8080504593342559,0.3406336741667374,0.7390379014442743
1613,-0.6182486473973051,-1.1209102668300748,0.8264495316766216
1614,0.0513142603752706,0.8051483902787352,0.5326538280751685
1615,1.1711595860637536,1.4018528920821247,-0.587369468630291
1616,-0.6134316162511683,-1.2561042522996049,-1.5960547464112675
1617,1.812923734890261,1.2418991793548568,0.4589039121548193
1618,-0.8611120790316308,-1.5644085786097743,0.090915335797536
1619,0.6071555472059519,2.693382153902693,0.283362340987575
1620,0.5507992726208663,-0.0866130255606749,0.0618962581328971
1621,-2.0007442473789885,-1.0536217694927656,-1.0414372040726296
1622,0.0407483918470177,1.280977153903236,1.0572678971408722
1623,-2.1206905629688406,-3.0702834677328243,-3.2618005009168285
1624,1.5134776946921094,-0.5297895101733492,-0.3879058976994389
1625,0.0228272728009538,-0.467224597032891,-0.7324490228413297
1626,1.9674572394024707,0.8049401173556313,1.7186403645431136
1627,-0.0890504028483756,-0.6959164658677469,-0.3929159085233042
1628,-2.1477418994867348,1.0720712438796198,-3.214320235687207
1629,-1.6397464920275908,-2.071235736330035,-1.9585694970134349
1630,-2.300359436233667,-0.7875600787886743,-1.1805287810042493
1631,-0.3421070243783106,-2.32824869889279,-2.0144499136764127
1632,-0.555140919753556,-0.1751290700580645,-0.3016618040169316
1633,-1.638616434959547,-1.627116642117223,-1.198166986669707
1634,-2.5762511209466976,-2.65940742816561,-1.7548633843595776
1635,-1.304118414722817,1.80425553870178,1.6430717659698788
1636,-0.2121512458978278,-0.6169409888705436,-0.3723608491838273
1637,-0.6036451104937459,-0.0215002198310507,-0.7333759132108323
1638,0.7689894651290398,-0.1029177116347472,1.4344478410776085
1639,0.0526927610502732,0.6577061408454828,-1.198413256353327
1640,2.104834500087802,2.1451748054972324,1.041917250686965
1641,1.6086044951020886,-1.8634981671469617,0.1905730423849317
1642,2.5507708044599644,1.8651846916345367,2.627547747988668
1643,2.241134170333996,-0.5054928747325358,-0.2516896196010471
1644,-0.5325959624357602,0.8748582522485456,0.0344507087773519
1645,-2.2502105837956057,-0.4462463541900677,0.2679350271498815
1646,-0.6258316955100599,-0.6073771895943205,-0.6133325804138702
1647,-1.3191421477550045,0.0891393526956892,-0.2888510733230398
1648,3.0817308048536187,3.1343437307115405,3.341700822633073
1649,-0.5007551623517675,0.3980457215485873,-2.636945002420006
1650,1.398965165219321,-0.8962562735335134,-0.3100829037936252
1651,-0.2747619496618337,-2.248051632111081,-1.115106507513279
1652,0.6408875231207278,-0.0640402346250074,-0.0518901129333732
1653,-0.3358995260099005,0.0893123928993903,-0.3950088490193109
1654,0.5020024289345832,1.0957045952826,0.2300433657416191
1655,0.2545648170613793,1.4570058491849385,-0.1453214179290698
1656,-0.0032790715435276,0.4046191041092265,1.6143804912468227
1657,0.6411475431967062,-0.2006288148140612,0.8871122421774615
1658,1.1541545738192105,1.0745048570723972,1.359528392805705
1659,-1.5427477801507707,0.0116010911469874,-1.5484336911952432
1660,0.8454926049078136,0.0780681641305083,0.4300549894097516
1661,-0.0032856229442594,0.4897610717255937,1.9950431774150568
1662,0.5005520577119302,-0.7026328768499318,1.6083031775913716
1663,1.5485116135986152,0.1512776662914988,0.5636068984649937
1664,1.8843820163623817,1.4399772192410565,1.0569700326594251
1665,1.288697777511484,1.9103581064762245,0.6682289337920394
1666,2.3253176230486674,2.4541297191836424,2.557111441239807
1667,-1.2429773455657955,-1.760313305129475,-2.0175982470085003
1668,-2.778007070618968,-3.491155837574155,-3.9037610118117767
1669,-0.6191132026568189,0.1633430690359872,0.6542652245256624
1670,1.6606631139202046,2.25010305879025,2.784048032103379
1671,-0.7399203988579726,0.3065316420119749,-1.334182813031358
1672,0.3394020294714317,1.660019410156862,-2.199012910062648
1673,1.0566603961831007,0.4273680767244604,1.764197682656816
1674,2.073486323039192,1.5866218486347603,0.6693022180609796
1675,-0.0704535394738465,0.4204879221020567,-0.1466167898603772
1676,-1.6716189251133826,-1.23393968099601,-2.049896018627892
1677,-2.7384424204873787,-4.113973330270514,-3.951103952187119
1678,0.1522999714597824,0.9823282454792036,0.8898637935528639
1679,-1.1284325308647984,-1.163685556747382,-1.7471842380507152
1680,-1.0857838694233957,-1.274543326006097,-1.2783885687297818
1681,3.406846344205331,2.333653234683516,3.010418164104855
1682,-0.3779177976289313,-0.1679664583358117,-0.4491309748561897
1683,-1.3065520835725748,-1.330219714790818,-0.9689060991965786
1684,-0.5748819850570852,0.8698769093031754,1.0124772613426103
1685,0.0068101688007305,-0.2639687658262079,-0.2678237872854685
1686,-0.4644307396572206,1.5681303889751863,0.5629309554767067
1687,-1.3192831675451264,-2.029566869229733,-2.7275486588591766
1688,0.845286241517937,0.2507607233097947,-0.5073383974977124
1689,1.8961363624106864,1.639647842207563,2.1449587114939743
1690,-0.6310064798194747,-0.4757190577289336,0.2333420705004504
1691,1.856569764417666,1.6640350565609063,2.385071842425787
1692,-0.955346280660248,0.7082719677298019,0.0420367898391661
1693,-0.8227395409462318,-0.0220993934637157,-0.277982803531952
1694,2.494348822763198,1.727455612204604,2.4039547775109256
1695,1.222944673204433,1.1512234623020805,2.829831188601477
1696,-2.577400593984183,-3.328492616876161,-2.6662714756457992
1697,-2.297000880896618,-3.3677516955414477,-2.229931889121069
1698,3.0818291023354574,2.976399894175579,3.044072794703235
1699,-0.2583964670893378,0.1645249478003297,0.935889592979038
1700,0.4705405636997067,-1.3970346200558257,-0.0448275161007444
1701,1.4084944259788743,1.1142722931866755,-0.0507238161902566
1702,-0.5388176982671457,-1.6714215260368812,-1.7956983100095585
1703,1.213874908499038,2.895051193394385,2.6097890820221434
1704,-1.306444720724638,-1.3628711368301951,-1.6506615610366395
1705,-1.0083744213478938,0.1498418383177096,0.1641394834196556
1706,-1.2418711212491085,-0.9319083569520866,-1.1702307474462117
1707,-0.7053138049190313,1.0179311225968322,-1.2356452205613353
1708,2.889790815157663,2.6122040529206503,2.881404739159885
1709,-0.6384924990069267,0.3868178032097983,-0.9678937927283096
1710,0.152773057585961,0.8747959084700645,1.0476872537111348
1711,0.0965051701523443,-1.0986316998390493,-0.700375249969428
1712,-0.6135859141081735,1.2561990517376191,1.1699918972720251
1713,2.508891685408756,2.857679720231325,3.2032844038003785
1714,-4.292915014889631,-3.618691926783893,-2.388004748834613
1715,-2.3730088027902427,-0.9600841032673366,-2.420759726526598
1716,1.8398452269116548,0.2332893445259155,0.97833645854982
1717,-1.3038884406627762,-2.103931997553952,-0.5073769588104023
1718,1.482447356679113,1.2786752630033666,2.34600094539102
1719,-0.0068678014275378,0.2334356993901451,-0.3128638612439817
1720,-0.2289768815109595,-1.1318849425371558,-2.275594727457571
1721,0.8081083273036873,-0.2635467978313056,-0.2925198066487374
1722,-0.8260607879723807,-0.0081972253756297,0.8608110124344421
1723,0.1543169617387402,0.6345578228690675,0.3981792444207817
1724,0.4785020180840468,-0.8134947814826539,0.599131405230313
1725,0.0929582300584214,-0.2427151806850663,-0.0097121528015953
1726,1.130152742133914,1.2199207430454384,1.3039122206436542
1727,-0.391351829914399,-1.4047687737851495,-0.0172089864618152
1728,-1.0675523962669058,-2.941396573117819,-2.3445763542101195
1729,-1.131454098099964,-1.7603865619716013,-2.2004190997180184
1730,-0.8598500138312476,2.087608995283184,1.136789590110476
1731,1.056320547985189,1.1640733501878804,0.6019644763061365
1732,0.8303422744868034,-0.3127943378332987,-0.5852867130535956
1733,-2.278555095798842,-2.941031957222713,-2.739902317866365
1734,1.3597350723431372,0.6892434773859273,0.8125913026923123
1735,-0.642142479149565,-0.9357989558676484,0.7362533757692049
1736,-0.2652358343085362,-0.8551932985705577,-0.8672961456863911
1737,0.1209018857587385,2.0651388235027373,1.705396699517884
1738,-1.1307920272043557,0.1414805228338527,0.144237639978359
1739,1.827735052463883,1.5928621434727692,0.2721866316173376
1740,-0.849313807590127,-0.3308042486160111,-1.4922013095383524
1741,-0.7789284500815133,1.163700482192084,0.1537011061022085
1742,2.46635440093122,2.670890622427566,0.1595639965996578
1743,1.5568027393611528,1.0248863044524423,0.9752373728798076
1744,-0.7769318376706137,-2.246973511996555,0.1832633544257802
1745,0.9284370862198916,0.3869585120729624,-0.1273754251878465
1746,-0.3686255567995395,-1.210576429398885,-0.1612968729467752
1747,-0.0478089147714931,-1.4470273408583227,0.2285459840457122
1748,-0.2993210256641804,-0.7668472515944651,-0.9393244850604298
1749,1.7699699163270717,0.1426688858069119,-0.2972099615178659
1750,-2.78124150432372,-0.9095875740445046,-0.7490826783930215
1751,-0.4083246629066066,2.025029318508602,1.061433508169651
1752,0.5020405739653421,-1.345192641871901,-1.570718502111143
1753,-0.092916581480919,-1.0505880446509612,-0.1456552974486716
1754,-1.263355612406567,-3.025654860544557,-1.819193977171018
1755,3.042403239388026,2.692356093727244,2.42069661127366
1756,-1.622450313752726,-2.029771013505266,-0.6933232804545189
1757,1.1534473819924926,0.2246416667958509,0.9686677157701752
1758,-0.5678488886729844,-1.259075972076397,-2.2436471096022466
1759,-0.3634835463189835,-0.5579779942007804,-0.5879997522276931
1760,-1.9171704442464548,-2.329732199681774,-1.8888231550996764
1761,0.1871843762181718,-0.7718476297734438,-1.5712791469850762
1762,-0.0101017535294104,-0.4765456904014986,0.5919671503520229
1763,2.458218323514478,1.4465007794591074,1.5046349685428375
1764,0.4194271150297051,-0.6641239748385053,-1.0913124522404738
1765,0.0875362761115138,-1.4189012436071504,0.2822314984890193
1766,-0.6566267438947248,-0.6973006835043027,-1.3343158773987724
1767,-0.4317435476619288,-1.416946760346946,0.5905985233898873
1768,-2.0845266010553063,-2.5769843655156683,-2.6791680579296075
1769,0.1180046220257602,1.691258764334553,1.4924874187612398
1770,0.2463548170211703,-0.4654793850760016,0.6255697557579751
1771,0.3925942312250183,-1.214394971589139,-0.1027921360859453
1772,0.6880003067329339,-0.2572029484068057,-0.1318321022219958
1773,-0.6364247238464755,-1.1646537950545397,-1.3341697170654965
1774,-0.9899158603397012,0.541666862254098,-0.1369846851429552
1775,-1.3697336323110116,-2.4297379987211727,0.3828258258786776
1776,-0.6001787438902054,0.4275050615959157,0.4774802593151097
1777,-2.4923657879574783,-2.7929331565580475,-2.5820806570971238
1778,2.275020144905061,2.720115500587509,2.319168081859128
1779,-0.7806226958803195,-1.5211939893686404,-1.1173897035167193
1780,-1.5133159266082747,1.5908319670783122,-1.3340935967639265
1781,-0.121419501427064,-0.2550754663893295,0.7193350480618258
1782,0.5009335592824753,0.7088078002339243,-2.3526636122589
1783,-3.053710629403134,-2.656611465117971,-2.3502212807861067
1784,0.1774394713388681,0.0687624048768473,-0.2350791402951855
1785,0.7161324464665539,0.5741959186054602,0.1996141080120025
1786,-0.6989215012844673,-0.2015182008353586,-1.235792716130855
1787,-0.5873593564876552,-1.3010361267099029,0.3672571588805604
1788,-0.3322859980417617,-0.0080250254690494,-0.2296666817001488
1789,-2.3530975870804225,-3.132927830134495,-3.053898313590404
1790,0.0965784668522076,2.0856832610311544,1.5348049401948098
1791,-0.9063836595382248,-0.7432125503898719,-1.673261690934337
1792,1.4819935312392294,1.7206715302342197,0.0092671126514315
1793,-0.2282192864185185,0.8739596659441807,1.0473754060240574
1794,-0.4761405616428026,-0.901210676200915,0.00368493014097
1795,0.2161072045587767,-0.3140202211988794,-0.2516657492359825
1796,0.4707738233448524,-1.1438426353557,0.0548505884418808
1797,-0.8022637235926633,-0.5980771842415751,-1.235508936056482
1798,1.1302167076283318,-0.3543922961018431,-0.0630849791193988
1799,-1.5430539165470036,-1.2582074702176154,-2.668333917364893
1800,1.5136094311655464,2.7759422666892783,1.7027360071343536
1801,-1.3367844956174195,-2.5788169115061117,-2.5480996802491225
1802,-1.914783482949704,-1.8002510506777585,-2.375457897734381
1803,1.0495471663231009,1.660871912301887,2.4724930368209885
1804,-1.3061138338965017,-1.8815738118180116,-1.5716378136780815
1805,-0.7793646436058517,-1.3282118972553063,-0.0696633104925248
1806,0.392170742725897,-1.2043245378572538,-0.5875301496211961
1807,-0.3736894322160771,-0.7916770225380237,-1.6767826721186625
1808,-0.0097775820943768,-1.2709921530391508,-0.033238233669187
1809,-0.0057258503960304,-0.3123213545912413,0.3511432051428808
1810,-0.4044216414830112,-0.8218118833350891,1.0427907794755698
1811,1.410380557806989,2.331210153004442,3.252773656839827
1812,-1.0671043217421996,-2.0102255645656744,-0.0491232734199391
1813,-0.0882337972223072,0.9292894791051248,0.7358685063796228
1814,1.7096403078799216,1.9111715096934756,0.7401337246244712
1815,-0.1848739188349464,-0.9707319584515098,0.7411014964254296
1816,-0.297410002551657,0.1643518338815063,-0.0332843389446582
1817,0.63280923051582,0.7393029722565535,-1.042597270555232
1818,-1.3702177430390017,-2.431138996687236,-2.9578480499804924
1819,-0.3634813270493485,-1.3040920992217506,-1.1184330533327604
1820,0.8000353422656737,1.7422393617449357,1.8214033347212084
1821,0.7688008964946796,-0.1806023551898337,-0.5168104689486362
1822,-0.7054594472189987,-0.1757696707721051,-1.5705200855558012
1823,1.282496513306884,1.5159814149469588,0.5633310551688392
1824,-1.4653380051735692,-1.5111466710417982,-2.8258559157181518
1825,1.5466599495190594,0.1507206903067458,0.9065815867226784
1826,1.2900890178375657,1.5809918665634086,0.6598688747806767
1827,-0.5239669594786893,-1.0256559017713134,-1.4378259550756702
1828,-2.492522951427278,-3.4276410689827737,1.1995550967084447
1829,-0.7212428092676523,-1.7123259033191265,-2.78280379245153
1830,1.552280621150416,-1.0258427877001168,-0.29081552045105
1831,-1.1426738510506618,-0.1585398493392542,-2.5470611289569933
1832,2.169224882888296,2.856524328642043,2.163969142937707
1833,-2.069223513341978,0.1417766267575326,-2.8423365749431952
1834,1.7144962580622642,1.5529394881753371,1.760778497115287
1835,-2.4918506146501302,1.2942919434211713,1.641117125996623
1836,2.821013997004525,2.672810418672237,3.834313930635157
1837,-0.4185865630404274,-1.1834742881265634,-2.092683350515094
1838,-0.3118728258819611,-0.1752439309299342,-0.1483607296557211
1839,1.7496994124855827,2.023678767519118,2.5287355546531427
1840,1.0982840779217395,0.4209117191120589,0.089423988078381
1841,-0.9391914327276064,-1.049847726981548,-1.180924466258494
1842,0.580144126307802,-1.274806690410856,-2.176868704628698
1843,-0.6304504350582443,-0.4437418022943616,-1.437404470947773
1844,-0.8068499201984736,-0.476746712160808,-1.250695156417414
1845,0.2625463850822251,-0.1746695047022864,-0.1561907429708985
1846,-0.5317633132120207,-0.9992615018234282,-0.6935395021860833
1847,3.487734863416261,3.059850214569442,3.939286351575574
1848,-0.0678240160713396,0.9900825591650556,0.6524742789035174
1849,1.9112109147519616,0.9333433339598806,1.359295588626863
1850,-0.2334311788684989,-0.4714957601554481,-0.7596867074133177
1851,-0.1493500254112861,0.2343503246856009,0.0768512089815603
1852,-1.6712580804815746,1.141883906111096,0.1495094445419327
1853,-0.3193339434171818,0.2336882700940925,-0.0455745727941495
1854,1.1300685268554167,1.2205761716472998,1.6143402333551091
1855,-0.3791249587065634,2.087195633750051,1.131487013675735
1856,0.6408373708805539,-0.8497979941377171,0.47716553203098
1857,-1.4814586945288628,-0.8834817123786536,-1.519940759402706
1858,-1.5912499210141202,-1.3682292845760549,-0.6131449704744889
1859,-0.1889476741442933,-0.9909628614847809,-1.0426087222135787
1860,0.8851040300459202,1.7831284115946264,1.0621709005205098
1861,0.7163398280788091,0.4898352269344481,-0.6994712315140376
1862,-1.3190501525215492,-1.452774611600473,-2.0931815422012154
1863,-0.8060892886606905,-0.766855233968054,-2.4583946055045645
1864,0.3921751202527496,-0.0859094832791026,-0.1750927565920054
1865,1.422176188632563,0.3188250758485776,-0.0094175201423263
1866,2.49864398985447,3.0492130698099054,3.034521303025401
1867,-1.481433680089705,-1.9105788672706496,-2.50374151242322
1868,-0.8103484082526468,-0.6058326917061071,-1.7220955707004098
1869,2.337000051960565,1.4804675189003944,1.21777117223816
1870,-1.1939645838932844,-1.0109056318221077,-0.2162643642998775
1871,-1.4047385758175046,-2.1544168309297853,-1.1988399191704906
1872,2.9647384057187245,3.4480532441274447,3.3521371273435068
1873,-0.6257993151624062,0.660374700666637,-0.1136338759503012
1874,0.5590311140206545,1.7447413656004789,2.325535573730864
1875,0.2462152721855833,-0.913091712862122,-0.6997769435685602
1876,0.6874665837823393,0.3866600281726365,0.8898367831232745
1877,-2.3722617048740657,-2.8870912238618187,-3.0709881930837084
1878,-1.974624913923995,-1.7612902984533505,-0.9677448044139088
1879,-0.5885383671324494,-1.6064071812226497,-2.348922675457017
1880,1.7079318080152528,2.817033548273288,0.272380721373408
1881,-2.990099582886565,-1.8315628081612068,-1.570611144582092
1882,-2.638081096958482,-2.494656806668025,-3.22194537010948
1883,-1.3718347588004034,-0.7453601904458361,-1.805429568659844
1884,-0.9521069945712896,-1.0211846246549503,-1.250176202641121
1885,-0.5277629678538147,0.2504990111375504,-0.4614797549858799
1886,-0.5695917396672074,-1.5646470432226136,-1.1984682715367243
1887,-2.2264062895930268,-1.113683983012513,-2.684758898001361
1888,0.2560596505773784,-0.2033552771432137,0.5379772079396721
1889,-0.5963698106678526,-1.331854278407422,-1.0140405420237033
1890,3.0314987673427627,3.186325408027214,3.9957685524492175
1891,0.7243772927528545,-1.0293886518889452,0.3692083220647599
1892,-1.009108786790406,-1.29722327931073,-1.276247306787261
1893,1.2884742948720889,0.4652183553496219,0.8119957651815852
1894,-0.9157680219343922,-1.199778535262933,-1.492429904299596
1895,-1.4412519142875273,-0.5331552034881667,0.1106023178908382
1896,-0.7121545673385672,-0.3559002690371314,-2.685962425085393
1897,-0.7822318791723821,1.3451047617430036,1.5335377799521954
1898,2.0890103930007347,1.8162984635241015,1.6140724770547974
1899,-0.2187997726490852,0.0121525853838749,-0.1232589769206171
1900,-0.532602054670052,-1.5653203941701674,-0.8269033376332497
1901,-0.5545604038995969,0.4204324110918321,-0.4631096643144483
1902,0.7691562163961837,0.6151344193854444,0.5238398496302447
1903,0.5020112599384888,1.3717064349339054,1.0134238736587202
1904,2.8210127704762047,2.590958306814328,3.16924006152373
1905,-1.588678225490048,-2.0195336278114357,-2.7622028275496064
1906,-0.5423937072629816,-0.3798082290811278,-1.7472544069167002
1907,0.5263087070036222,2.041873183083049,1.12704085570983
1908,0.3925166566845351,0.3192629103339466,0.4507491526419181
1909,-2.1668013106256017,-0.1683487766760107,-1.118253510512916
1910,1.255139878681111,-1.097435303882888,-1.01435942577336
1911,-0.5890524653622653,-1.1056520302108177,-1.64790785686828
1912,-2.350287953203552,-2.26255151022784,-2.242287324572519
1913,1.705219808822722,-0.7937964902713875,-0.1515212149739343
1914,-2.0968034303622867,-0.0082732102600974,-0.1257362376434579
1915,-1.492567252482534,-2.16690085271772,-0.0810686577484676
1916,-1.440342169343645,-1.7198110403372386,-2.5964544981827125
1917,-0.6369215213044066,-0.5028294391981359,-0.8264369142356766
1918,-0.6410145829539557,-1.833065809893588,-2.6456412536214
1919,0.0423237388773848,1.1685243904967388,1.5442889217374856
1920,-0.26353408759065,-0.6039761805052097,-0.0043504883536874
1921,0.9163653608715916,-1.030933127204532,0.621638738364586
1922,-0.8999230725484348,-1.154571384510229,-1.3590768353820666
1923,-0.2334103632816284,0.5743441388100194,1.062046348978698
1924,2.463096804182076,2.376167644122351,1.3857477781806082
1925,0.087356357141813,1.8871398721712365,0.0390728831568696
1926,-0.6956995320901137,-1.5809411386050956,-2.5455597068967903
1927,2.085793979536678,-0.8828300106015362,0.5385072810909391
1928,-1.8262057452581155,-3.224213836851544,0.2318222026813543
1929,3.324985817231028,2.87787596858465,2.472323976909763
1930,-0.0028006108364478,0.5746288815807584,-0.8958671131302163
1931,-0.4274431186816952,0.5413627476773172,0.001390264512672
1932,-1.2649717073039044,-1.5053109680033745,-0.6993547669680686
1933,-0.4368534927058402,-0.7672704490340974,-0.6931149415027982
1934,-0.430455510128193,-0.5028069636917206,0.1858228256224122
1935,-0.6505474580680403,-0.2320041156819448,0.8314319677560095
1936,1.3989628348155123,0.3365046078971545,0.6546334762039695
1937,0.1774449804713016,-0.0860998931665584,-1.3592030397405468
1938,-1.0668806923252796,-2.0106429165281448,-1.2767149422498332
1939,-0.8269264126638913,-1.6248147633956551,-2.078975656561966
1940,-0.501280668944809,0.8149198174815011,-0.0604681794494288
1941,-0.3144874870438324,-0.8158317129203859,0.4751935524688969
1942,0.4470710611151313,0.3856026219633142,-0.4550655331013574
1943,-0.0036173918331357,-0.0095327455482636,-0.1750915760086707
1944,0.1876787923014437,-2.465233605188233,-0.001562942953526
1945,-0.0956478591190456,0.7784969515972047,0.5020300196430467
1946,0.3688976509430076,-1.343539573354911,-0.9034597698373537
1947,0.7241963885776473,-0.201166058307834,0.7391515886469089
1948,1.3334931404761674,0.8465529023885617,-1.3572679762698228
1949,2.349042721028769,1.075180736897207,0.900402924838114
1950,0.2226044458108598,-0.7438498920952571,0.3987180101184613
1951,1.153364630561525,-1.3935335949721073,-1.107090696942164
1952,-1.008363598608304,1.499038977036922,-2.0150098518083346
1953,1.178049998045951,2.51092739481766,2.401350749007304
1954,-0.7254467455570855,-1.240642734273508,-0.7858218071023639
1955,-1.6394155867324474,-1.2062582266448338,-2.0191614019089865
1956,-0.1299943704248656,-0.7796368959682624,-0.2844723725097187
1957,-0.7768864186454806,0.1503943954153788,3.0161576476900507
1958,-0.4934040903941568,-0.3225717253926112,-0.1984026414156776
1959,0.2218411351976236,-0.8969059580020102,-1.0358347281917544
1960,-1.6660156203075034,-1.2844330274979343,-1.180635770368207
1961,1.3990170473672658,1.751490464991755,-0.6122642017474283
1962,1.350026854232463,2.040930015752731,0.5919245483974998
1963,2.542417351830896,3.2794077565812896,4.181906219006591
1964,0.3506109657433433,-0.5022325765982643,-0.8267206507575293
1965,0.2624262159700519,-0.1748699780542501,-0.1285314456299727
1966,-0.9127389924244274,-1.5025934715551283,-1.014046329173234
1967,0.0860730560352764,-1.1320665743363918,-1.0358957647469305
1968,-0.6653330325700544,-0.0627951513251189,-0.1232542764481918
1969,0.4196192200278592,0.5834052422108077,0.7880639445202053
1970,2.2146456975933604,2.1441705143679948,0.0192546161457115
1971,-1.3350367940355403,-1.5650020018946806,-0.8272254597961248
1972,0.8079048101065793,0.1711917037549557,1.2776064121352944
1973,-2.725042269075438,-1.5741123575488012,1.2777577615082931
1974,-0.2607734789739199,1.044278001101218,0.8602986725433273
1975,1.2230036454885709,-0.6448051322876039,-0.6812450240695769
1976,0.4998022789857884,0.9092348598352666,-0.042476682849884
1977,2.5821803050035523,3.547590201201071,3.034798740109057
1978,-0.9255527678809246,-1.346498853742463,-2.1945010719977938
1979,-0.4853039991337207,-1.5185565503077183,-1.5957262713506994
1980,0.1136096504746125,-1.6264651828939378,-2.979162893543456
1981,-0.2849440195491865,-0.1679576559181555,-0.1925628725023203
1982,-1.6227706945722036,1.093159049863103,-2.038068415427972
1983,-1.8052526228525976,-2.494606768441125,-2.841472875916466
1984,-0.6351528367304172,0.8742543186625887,0.8897600781803714
1985,3.6139790290595,2.360770051226021,3.443851881059427
1986,-0.5307528172015769,-0.9477496348432268,-0.05515328524923
1987,0.1878574411096371,1.505990064970442,-0.6402077084846293
1988,-0.7806105963006656,-1.9375887182604845,-0.9668190315457258
1989,-0.8278707077420951,-1.1058220028061725,0.4523775607500643
1990,0.3924908084307389,-0.562436087740072,-0.2813077584375546
1991,1.5279402601204937,1.3421984636810456,1.716123190707399
1992,-0.3558432616982626,-1.786647496018836,-1.548557830380041
1993,-0.1313040739200169,-0.7833308598790606,0.5002344737116042
1994,-0.5405346603288184,0.6153192448888746,-0.1107078708063605
1995,-0.4440528392838631,1.6449035975505049,0.6543967345461226
1996,0.5021027589511771,0.3359863629553762,-1.014121207801857
1997,-1.9732760400715093,-2.4100710331891158,-1.6763952046682111
1998,-1.266991087242194,-0.2952870763320666,2.2707717208694422
1999,1.7502056406480249,2.3774531408586337,2.6928894798659373
2000,-0.6099624417973325,-0.0123368974013177,-0.1376339836978058
2001,-1.335206415756305,-0.3570345189652656,-1.278516780079931
2002,0.8080625077422503,1.702804316848905,0.3198079626261648
2003,-0.8292526959473706,1.1625121018354168,-0.2846081381788975
2004,-1.1848286521783715,0.3862802767770839,-2.081870791963253
2005,0.3915591099093966,-0.2972555573242876,0.6899090682745569
2006,2.6601283861025724,2.87930548121201,1.1375230666794147
2007,0.7588074092443418,0.1642214348015057,0.0373465071596473
2008,-0.7807293012902183,-1.7117739012606576,-0.5025550450053845
2009,0.8004199690468179,2.4234068577044825,-0.7614605929028831
2010,1.2531221386393596,-1.7984740186013335,-0.1089343950697021
2011,-0.5534410003382204,-0.7453270449174257,0.6621168207064604
2012,-0.4656554370120145,-0.9681156125259224,-0.4466647040430065
2013,0.4195783153083799,1.1853589593833165,1.9135127041651607
2014,-0.9067456191485,0.1423735365099734,-0.6813773868673915
2015,-2.371337361789,-1.9896229071204603,0.5040584521498236
2016,-0.4671090713927505,-0.819314061442848,-0.4472437931245165
2017,-0.9556383730253608,-2.0875708827579262,-3.399836454166239
2018,-0.0962137728759742,-0.7833341461149855,-0.4094493038116145
2019,-0.9093730365295905,-1.02588676064067,-1.2566776130714037
2020,1.4830485659435244,0.9113937994723998,-0.5876593272679681
2021,-0.8768134991807705,-1.9493394092914025,-0.5560135643078367
2022,2.957560696532066,2.3587214451187206,2.4408630439017824
2023,1.4652211212019972,2.1625600373126423,1.0919117939075142
2024,2.46278662513652,1.4843193660238214,1.882337490725492
2025,-0.6244069646835044,-1.346485904292149,-1.3922601737139126
2026,-0.1854666988853759,-1.28782838344851,-1.0357807657967089
2027,-0.804126046104934,-1.8271519069448103,-1.647693141810178
2028,0.5019387721147639,-1.0684231538047784,-0.4180133311219336
2029,-0.8315869886593239,0.93086908701949,0.3412319817583762
2030,-0.6387189062086799,-2.410034042764865,-2.634123813710852
2031,-1.7452509477291784,-1.0965817030277214,-0.7318916257943486
2032,0.9167233017028608,0.3980424059712701,0.1185310450255123
2033,-1.2445981322137138,-3.035911477782822,-2.2554055525225523
2034,2.1784546649642915,1.5046749340312342,0.8875602176364306
2035,-1.7218600811704838,1.0356176843869471,-1.958551906321748
2036,0.3177051099018166,2.79932096183275,2.0955183749320483
2037,-0.5318112505903771,0.0598851713120312,0.6629955366301151
2038,1.7103118137323798,2.603560082477093,0.81295998322515
2039,-1.413081526423419,-0.091517637040447,-0.9667451540903472
2040,-0.3815608259694351,1.231445975851872,-0.1358008591931851
2041,-0.2166238868338966,-1.4169662453970495,-0.6139266490289711
2042,0.1526516582857702,0.2331745023168948,0.262497234368523
2043,1.408815563356811,2.775483918016199,2.46564453853227
2044,-0.8616126251637518,-1.8344352403180095,-0.3102442986899977
2045,2.015244206549347,2.167559633658058,2.827204512020109
2046,0.2945822884482829,1.8077689280901943,-0.595749472545961
2047,1.7123482877291296,2.611564593829637,2.3414779444946445
2048,-0.5128046387427897,-0.1340559129234843,-0.2510250871153824
2049,1.5492746731093026,1.4515023482192246,1.2232325722497126
2050,-1.7049560311457013,-2.2024113077114285,-2.3863462119555003
2051,0.3177535307090434,-1.317155567294633,-0.2148508188362154
2052,-1.0336250711718695,0.8180168921214479,-0.0045370993163312
2053,0.0048009929020726,-0.4745791018102825,0.7381251923202982
2054,-0.277417351381559,-1.5158218151903038,0.2012885558240772
2055,0.1235390329913132,0.0896276231457512,-0.6935682305392914
2056,0.0638711026276684,-1.0075706054859637,0.9640513849548088
2057,2.111760258721405,1.7948124516803488,1.2527435294639122
2058,0.7241014257560163,0.1715234382026967,0.1600502035408687
2059,0.8001893001828707,0.9670136514713008,1.2222720496485944
2060,1.560624846902998,0.1424767462289114,-0.1991360161428993
2061,0.0518615967510696,0.0693592550736607,0.1666518081027887
2062,1.7122196168189467,1.760592635382954,2.308573232890319
2063,-1.973046741045897,-1.8338579964456787,-2.020205745926869
2064,-0.0942146061472272,-0.8981347490415171,-0.5874139717030132
2065,-1.4399549543529522,0.5833020806956483,-1.64778042147351
2066,0.745826649802314,1.0250479168406093,1.7482978356095464
2067,0.1879686366385906,-0.1334594764766846,-2.599649796812747
2068,-1.184018724052404,-1.1459517440167228,-1.7954952873556105
2069,1.2529964002940115,-0.9460135046675108,-0.3388780558772567
2070,0.053540393188589,0.5741558338960511,1.2229100368826704
2071,0.6722676798396476,-0.2554572797703034,-0.0995064105260503
2072,0.9311252552932906,0.0772315991915695,-0.2219181313724994
2073,1.836093750791982,1.8415400301598197,3.3249165043889417
2074,2.3714298018359234,2.817296853762999,2.8756585463348463
2075,-0.6322245415672227,-1.6413361280118834,-1.2358327723306533
2076,-2.5342214025298677,-2.4131894472321864,-2.341052077734315
2077,0.4796144778635722,0.0121039614675011,0.8119380830025983
2078,-0.5317579122015406,1.092252017041868,0.1883515728407958
2079,-0.3407245869769717,-0.2645340982011757,0.8876511907549229
2080,-0.1216429135605917,1.4789722306692528,0.654444035635655
2081,-1.7883459711115883,0.6025834706898101,-2.9735084401432585
2082,3.270935248068413,3.016170207768632,3.5956705445894217
2083,0.3161981090589411,-0.356423535375037,-0.6416909448592596
2084,-2.651381276669558,0.3364258200418084,-2.0483086861851567
2085,-1.1864919059174128,-1.2557539302493628,-0.2334707495085761
2086,1.3597709208083029,-0.3796697557039351,-1.0114552247851387
2087,-1.2439657258037755,0.2241528428120618,0.0361640002040123
2088,-0.7966566703715742,0.059849587758764,-0.3405714206709994
2089,0.4798044628585977,-0.5909765689862523,-0.6942714328923107
2090,0.0952797685023697,-0.9657765754235442,0.6871224786157771
2091,-0.8839161288370535,-1.3842912826563607,-1.648739671034514
2092,-0.4866771821312795,1.616190816949051,-0.0600015783971021
2093,-1.130798556362666,-1.3974990033042407,-2.686771115862284
2094,0.2465532649051548,-0.0861210631856312,-1.599293786303436
2095,-1.36985910615817,0.2504673863139428,-3.1348377432370795
2096,-1.9243263196109577,-2.601962522697896,-2.477686127518045
2097,-2.267507103815413,-1.9609061430870585,0.2993546679372186
2098,-0.1316327386326763,-1.3636347037527794,-0.5872174164651571
2099,-1.721967762375239,-1.9110335415439168,-2.881016750829177
2100,-0.5317320348326461,-0.3234247386931747,-0.6410673402243244
2101,0.5260359007416174,-0.1808520205448126,-1.8054633609288973
2102,-0.8820940748693944,-0.9003177996444744,-0.1259069303953734
2103,-0.6353274648399485,-0.5302959517891392,-1.3340088237706265
2104,1.885238350431958,1.7975108854595958,1.9953626482092943
2105,-0.6491191335921347,-1.6906631454479613,-2.184968428352048
2106,-0.2256588761327725,0.3164226044237965,-0.9668477583969008
2107,-0.4103233962314234,0.2242238938221744,3.0008783002884205
2108,2.29961606723391,0.6026575174240791,2.2050278396297287
2109,1.961890272662666,1.381331471325842,2.662267338230901
2110,1.2562049169690717,1.4949742552944465,2.255330761772536
2111,2.0980515642433493,1.3243599047518455,1.9958268486326365
2112,-0.8831145312533752,-1.388946286075786,-1.3309786283869591
2113,1.9702756242389543,0.42752385099441,-0.3194515283530824
2114,2.175129541764882,2.603444806978223,3.476488697298104
2115,0.1779607543834583,1.2208191457298396,0.093160643090134
2116,-0.6813337578131469,-0.3336604719517277,-0.3779861866031255
2117,-3.310736916403837,-2.16619736349864,-2.9815179310818927
2118,1.081264355041862,-0.6439833437662285,-0.4602760028223106
2119,-3.0333599726576383,-2.263476978090947,-1.49165529195695
2120,-0.8447913988177836,-0.5590427166911894,0.8877800596076268
2121,-0.5573523142258708,-1.2285017483789986,-0.1523581431870143
2122,-0.2257162791458453,0.5745341277027778,0.0133078309919469
2123,-0.4609899556727382,-1.946159332804063,-2.091825470504253
2124,0.6880246209105674,-0.5309319570116051,-0.0908475024085953
2125,-2.1476159889042714,0.4657309210516595,-3.167237432136635
2126,-1.924002148175924,-1.4450610318539396,-2.0490300720899355
2127,0.2163576780179942,1.2085946387855249,0.7566241517090969
2128,-1.4400861928832156,1.4685225114975362,-0.079108288085579
2129,0.3483359103579147,-0.0122809140250245,-0.0436035163979967
2130,1.0979099867840731,1.493086163988988,0.1494907470294818
2131,-2.5329197552875007,-0.5070807135121376,1.217645551130767
2132,-0.4329065707559199,-0.9389901261917354,-1.0838375952941748
2133,1.0060297501785649,1.4684837530143766,1.7542144950119984
2134,-1.9552095370299245,1.688976716066427,-0.810217548275305
2135,2.096523342705004,2.5912900323243853,2.74167624199074
2136,-0.1520243667481885,-1.0625059786676658,-0.4082591900520406
2137,-0.9171933139985464,-1.7752419830893325,-2.5091769607424594
2138,-0.683058677770564,-1.6712617133656995,0.08913993692514
2139,-1.574081208582328,-1.172989829575508,-1.196919990995076
2140,-0.4486603542451772,-1.7185333730898302,-1.2504179637653976
2141,0.0538884512420121,0.5740362112598699,0.2344169373400261
2142,-0.1708325865372619,0.5835208952266213,-0.3100386143839506
2143,-1.1943422853445915,-1.468017175920975,-2.307761424678227
2144,0.8491193640544514,-0.5314386308202388,0.5218059993606435
2145,2.073795658173996,1.2192721706429357,1.303625575009987
2146,-2.0836002231879345,-0.9042422185080646,-0.8264286140594149
2147,-0.4390924819343134,0.7085407935650209,-0.1979460371732474
2148,-0.1376412512603544,0.514960443843161,-0.0526249923831717
2149,2.289279796220795,1.025415153705224,1.7507642241557262
2150,-1.1931938589099025,-1.79622130387477,-2.266342485535536
2151,-0.1729535327736825,-0.1678922832963625,0.9021145860094651
2152,-0.9451229031128286,-2.738569501861348,-1.4129660389454772
2153,1.4650209517801376,1.710504693596258,2.555301209456299
2154,2.8683177804720126,2.7415336825504304,2.344655343828185
2155,1.9312081761210904,1.0448116623828283,1.4918497693670192
2156,-0.3724117006197197,-1.5046015317960375,2.4375727984803284
2157,0.5019637319660804,1.4273645401954589,0.0834384515185086
2158,-1.390586239573819,-0.5242907085327677,-1.9757176121570583
2159,2.936357217728302,1.504570830607144,2.123277690336371
2160,0.2552598262121913,0.3403710034540025,0.7396396786966379
2161,-1.201244922105703,-0.2947356033494305,0.2021309641086831
2162,-0.5261853751247062,-0.8960396559977227,-0.50316528894721
2163,-0.4671221146360256,1.0368178801273351,0.6254596663620136
2164,0.4193970650858597,-0.8631110819608782,0.9352018079730658
2165,-2.139513307218183,-1.1781515380839318,-1.6773953948693756
2166,0.3928259423572638,0.4041854795708322,0.2712215047412138
2167,-0.7766050659467838,-1.786788035641358,-0.3396202920792328
2168,-0.6740943834618384,0.1506368522198496,-0.3059845769308711
2169,0.6874564181970696,1.2671191533414308,2.422168036580815
2170,-0.3672090832890995,1.25508459826256,-0.0604266552987451
2171,-0.1070293986426928,0.4788243347234465,-0.1195081794538975
2172,-2.267162204051768,1.2565118876613215,-2.496354527063678
2173,-1.825747996681642,-1.8821222513143705,-2.483563002048928
2174,3.699859070207165,2.843157683370148,4.366782945079227
2175,0.9186097416945308,1.0778384802015226,0.141393424322914
2176,0.3270352195749714,0.4275215023195983,0.1424818083100078
2177,1.3987674488541015,0.6601871453543744,1.0117542219665372
2178,-0.4083266581059204,-0.3546984795311032,-0.7615398100446421
2179,2.108388721667088,1.5884555318322493,1.4624303255782287
2180,2.328253634307741,2.3778395097502263,2.781046143345441
2181,0.0630932087391017,0.6893833822314729,0.53865384240507
2182,-0.4440529312734871,-0.4762471435358615,-0.070291499341285
2183,-0.7260342758114039,-1.0833289873318446,-1.6479219113742836
2184,1.136428216724927,-0.3797136187929878,-0.1410183543898021
2185,-0.7103583519324776,-0.0094749489905109,-0.2330567124990806
2186,0.8000438590866251,-0.2291528689512284,0.2027560534698276
2187,2.8391265274071698,1.1691823418751444,2.04088081482828
2188,-0.62743763972442,-1.7990266930645715,-2.073867873342277
2189,-0.2970277856638692,-1.3907996591679823,-2.6825566537427497
2190,-0.2812983073184961,1.9459550027899144,-1.0838984386763757
2191,-1.369786495681613,-2.031267902367527,0.0191498119717527
2192,1.0811597267958108,-2.492026908434767,-0.681356573635933
2193,0.8496239575501794,-1.1584686420892505,-0.1804910330344651
2194,0.5800397902340024,-0.8444503881917977,-0.8944537387756324
2195,-0.1382377761333265,1.1826938354429686,-1.651241057526012
2196,0.758797780997028,1.1812212868934262,1.0912142652314138
2197,-0.1984150004895228,-0.3809010198917474,-1.43738645779929
2198,0.3180622505789815,-0.2938971623383688,0.8310374758347168
2199,-0.9252747048688362,0.4272868887492096,-1.7733977175611286
2200,-0.5048914461680417,-1.7106583442027543,-2.044272104773997
2201,-0.4785150898458792,1.6682456945701765,1.8201416453114057
2202,1.7982486722157258,-0.6446143858666645,0.8899993134138775
2203,-2.8372361318095027,-0.0927755310836471,-0.5083430584667692
2204,-1.7047247966750296,-1.1495712306960577,-2.532513971003826
2205,-0.6053222454437142,-3.0214318346665427,-2.0816093018650323
2206,-1.2026452542330277,-2.738289806051592,-3.0198023497907758
2207,-1.6658601046872366,-1.9483727904838908,-1.3341173332020504
2208,1.9706895434377385,1.8615520091102309,0.0003913295493895
2209,0.7587167688014776,-0.2546268691804674,2.028240227196218
2210,-0.4510570205509834,0.6343806008602569,0.8269062179705082
2211,-2.1205146443417693,-1.7871836286529006,-2.589815123897832
2212,-0.8787542936971507,-2.248208169255345,-1.9487920423720624
2213,-0.1406947807898993,-0.3792378217105072,-0.5896646671189886
2214,1.927135096009466,1.1842343188632034,2.4657808768911496
2215,0.0948951660345263,1.990066471096097,2.4163431143472054
2216,-0.7037098113049071,-0.4005312661108064,-1.7280649164763675
2217,-0.2510325154927832,1.4448282902941487,1.6096970185383488
2218,2.68517118330023,2.572518849317243,3.273253906520042
2219,-0.4814868349969103,-0.0101016296687451,1.6141119085381763
2220,-0.4025745849264064,-1.5112836559132536,-0.8741922625849813
2221,0.0866597767593678,-1.3464786703679987,1.1276226907645348
2222,-0.5041729658927406,-0.9876536025942668,-0.8955734430257076
2223,-0.7286842169500941,-1.1469932073775402,-1.951305415463075
2224,-0.9855125371286696,1.0363159943058509,1.994687585714643
2225,2.27674548918718,1.5644714951133123,2.4309148157532383
2226,-0.4721384366979539,-2.102521859465458,-2.918609522690349
2227,-0.0550597944146414,-1.0630347480076885,0.6900356268080376
2228,-0.0024476690115701,-0.4664731731304298,-1.6759429231926846
2229,1.1780476676421423,1.043294280191157,-1.4916445443935358
2230,-0.3016668530662209,-0.409398542646719,0.2648817401805994
2231,-0.9202001481755602,-3.6841922599966144,-2.15269421868939
2232,1.967840417473895,-0.9530521525565108,2.1331053094681334
2233,-1.081124523220978,-1.2063446005879928,-2.081821214378206
2234,0.672185318462945,-0.0079407535402452,0.5310852743421357
2235,-0.903483001307719,-1.277465732939298,-1.5723207916834132
2236,-0.2311186442463542,-0.3795136121621763,-1.1183149671371513
2237,-0.4881924713912838,-0.6252846776052454,-1.0836559994029606
2238,1.890418750303928,3.101333237575568,2.025704983281356
2239,-0.2508913008598941,-0.0632636802112224,0.2333826825849171
2240,-1.4132923874396996,-1.3956918178352449,-0.7000381215336083
2241,0.4018287688162388,0.2549425275693328,0.3684820260863468
2242,1.9503775123956173,0.3183624628181575,2.4789971065285616
2243,-0.5164451093017053,1.1625116206986197,0.9061758202305394
2244,-0.5739350580334731,0.5420229299796131,-0.6365734860011912
2245,-0.5104781089645937,-1.3937064557270908,-0.5881368092123953
2246,-1.6230659102439489,-0.8186378714988952,-2.355669235570012
2247,-0.8430593956547612,-0.6698033008411631,-2.149717773495573
2248,-1.6397657888806554,-2.409861738682373,0.7598396824934824
2249,0.3272920643316015,-0.9792121979868184,-0.8101742221816456
2250,-0.6135302977475415,-1.5671397927601265,0.0253162098513455
2251,1.6820826652271124,0.14206263029252,1.8103918622120645
2252,-2.056520400980708,-0.9251623525437872,-0.2545107008188528
2253,1.8316137199298523,1.1629788045286122,1.820765347487132
2254,-0.0438048964250671,-1.7120764359674954,-1.3922371676749614
2255,-2.4648641798773263,0.5574179531049103,0.618418269975059
2256,-0.5883598154636913,-0.4001871853408373,0.2388331630838003
2257,-0.2303968023415892,0.1423238472414633,-0.4858744358960551
2258,2.056385459645436,1.6355271158138782,2.2591712021941763
2259,-1.2423275124370614,-2.515155002063363,-2.6570787869859323
2260,1.3518985108794357,2.376950443352445,1.989590978791272
2261,-1.838666808255268,1.6119986693294783,0.1448379230961253
2262,-3.003032080611824,-2.888762243198526,-2.983243425880347
2263,-1.7537152490460075,-2.0302882031113354,-1.491651985014361
2264,-1.131574539478657,0.2249480452528559,-2.016883932227714
2265,2.8422712020790306,2.2660997258919724,2.54693961817724
2266,-1.0351573122313802,-1.4470706401055389,-0.7982417515931769
2267,-1.1288193526022767,-1.4371481534909534,-1.7474071066133157
2268,-1.3163084571575352,-1.4526103313190428,-0.8096864824776873
2269,0.8842654507522519,-0.4125258901809083,-1.1985430024618116
2270,-1.4412119653208533,-0.3300473579943953,-0.2996399135986614
2271,0.2559537670312598,1.8879766320292035,-0.467675875467147
2272,-0.7349531604711156,-1.2935988443842,-1.9905484458742224
2273,-0.1819040159402002,2.214563038493624,0.6697451718972334
2274,-0.5932429606947054,-0.8910894841921602,-1.6474686240294014
2275,2.8036018045657545,1.8269174346923989,2.987974028494721
2276,-1.0299053110112224,-1.4156224484640147,-0.4550978929991447
2277,2.1401713530519686,1.8370984956576293,2.7469751433256038
2278,0.2221944933195142,2.1675134272822003,2.034565799551205
2279,-0.5191810718500829,1.0441077510874228,0.860773927435408
2280,-1.7046007514892745,-0.8098980081803375,-2.8199579614481385
2281,1.6179850239050109,0.9682027251761328,2.378755913312489
2282,2.274022408682934,2.632371610800562,2.7395223092613947
2283,0.4243433720779762,0.0682102121891845,-0.8262316467560706
2284,0.4237301544367725,1.4216177233216891,1.298407208020766
2285,-0.4103177189601178,-0.743117497818631,-0.3613014868998563
2286,-0.3788464045420296,-1.2630679190992329,-1.0346380843111578
2287,0.0080379787326559,-0.4278265079621659,-0.0732066677957272
2288,-2.245249877741317,-2.7391392173414557,-2.8248473359565534
2289,-2.010445043169737,-1.5058157912507335,-2.5171686599292222
2290,-0.955848869230194,-2.4948153224478427,-0.9671422674879444
2291,0.3684083355491176,0.4647521121198636,0.3981232544902949
2292,0.1131029889652918,1.2731609353295088,-0.2341486045107687
2293,0.6330823643681469,0.489762515135985,0.0373844851897729
2294,-0.8631670938828386,1.367560456059046,-0.3091490125012224
2295,0.0531120209180131,-0.6045239500618589,-0.3060050895663116
2296,0.6723809497300198,-0.1748399375185303,1.6444837123503024
2297,-1.588530438092501,-2.16930602252534,-2.472355193836797
2298,-0.0348336211131906,-0.5904756058964801,-0.9682616490550984
2299,-1.4924912500977732,-0.8763258790566242,-1.747323516185716
2300,0.9170544288927864,0.9095036269877012,0.2672693059204971
2301,1.4930802046280134,1.2314685739122233,1.9669282992780832
2302,-0.3335760606984544,0.9095411839697009,-0.7607476710388863
2303,0.4017784385207744,-0.1343781574554317,-0.1741375035573092
2304,-0.6576443315332753,-0.312349052865466,-0.1783607116868731
2305,-0.7503391804083376,-1.6406504419222356,-0.8740452925341178
2306,-1.74388537180337,-1.9353851797072268,-2.495588173630945
2307,0.8914548811304417,0.5140822616354929,-0.1020845091649457
2308,0.0420000295202118,-0.7481472444106975,-0.8259143563301814
2309,-0.1891579588016567,-1.2995510024964796,-0.5907977437328172
2310,-0.6029231820539236,0.818515289701153,0.62541362361196
2311,-1.7213784936585093,-1.3590228885370446,-2.7816012449134195
2312,-0.0678236174496355,1.2563137298070404,0.9357767435631872
2313,-0.904415258574829,-1.7994144689037177,-1.7474328901395753
2314,-1.1866570225235238,-1.2189604793356117,-1.3133564670266316
2315,-0.4663945220265726,-0.9771049188860556,-1.3592211026655678
2316,-3.285081948100384,-2.324352423121413,-2.7815981753967494
2317,2.0980456084245023,1.688692685321107,2.104041714375306
2318,-0.0680820776299134,1.045185676192662,-0.0063388577102407
2319,-1.1934528750371671,-0.944187883245624,-2.5432547319722407
2320,-0.5459718387356103,-0.2413572610546432,-2.633249363656123
2321,0.0057307086017219,-0.9072780014944452,0.1559293781933948
2322,-1.1821311457620003,-0.7941763558161418,-0.1664992724143446
2323,-0.937211224275356,1.4507807901434373,-1.8785118400066028
2324,-1.1831125649294272,0.9914997656148944,-1.9924062389787027
2325,1.288238167944069,0.9814863142286542,0.2832475174297535
2326,-0.5093202663028583,0.6345803570582673,-0.1139271276905901
2327,-1.5596148802806278,-1.0719789607817412,-0.8958723667260556
2328,-2.7090531539037874,-2.329857076646923,-1.6728397358744531
2329,-1.481523732070673,-2.7384574822253844,-0.7615633036530027
2330,-1.4926126107057591,-1.6753716208521436,-2.344793396900886
2331,-0.2292112883983982,-1.1105656656005598,-0.826533926224891
2332,-2.375135579146085,-0.9824512580811192,-3.1635937134922
2333,1.422933530557157,-0.0098898091938179,0.4010125934506727
2334,-2.2962640269888577,0.1509749109619181,-1.119668347928305
2335,-0.6099498558024161,-0.9042280759570304,-0.0351134368127819
2336,-0.5575178059094734,-0.517437047085279,0.1128891645943554
2337,-2.070293812740787,-1.75958956003627,-2.146907463140372
2338,0.687955720832628,0.3065889936443207,-0.1734471354009154
2339,2.686065993558462,2.878170556162209,3.547429443197041
2340,-0.8837053232174997,-0.3225671867372317,-0.5469829761140588
2341,2.464150031186993,1.7166532285798872,2.752368025063535
2342,-1.5429299900647753,-0.7839620365776128,0.1508816839137071
2343,-0.7575117146422251,1.2867929914034564,1.569337221377539
2344,0.262466507425371,1.1819349476527568,-0.2234985546673249
2345,0.6878738611196665,1.5179125011540595,0.3408516725711923
2346,1.680855169409636,0.3982535759708414,2.0877281869790982
2347,2.0982787500369,1.0458893437514691,1.0129698186307372
2348,-1.4810484577266765,-1.0235610823308925,-1.3590801410154036
2349,-1.7217429897719505,-2.95607060362131,-2.8535467016805245
2350,-1.085512284083969,-0.0099384040103259,-2.716603757187738
2351,-1.559463840714666,-0.6079400814634307,1.1420417312718427
2352,-0.0693098324784514,0.2508833837528047,-1.3310947256928527
2353,-0.4306318550672762,-0.1335162890160509,-0.0314263653670535
2354,-1.1938201185603312,1.167387000769995,1.6818366171539227
2355,1.2139134871453254,1.163812901194562,0.1524095418203003
2356,0.5785178272786913,0.5580365870177849,0.0192602526129246
2357,1.1709353486277554,-0.5023816308705751,-0.8952008135056808
2358,-0.9692779836385752,-2.289999866168272,-1.6253443975741912
2359,-0.5820651888527716,-2.580044320624086,-1.9536556552800672
2360,-0.0071992326270025,-0.3125661791676511,1.3761465411545484
2361,-0.7147871485119625,-0.8273126545609685,-0.6361452362246929
2362,-0.6062472885362304,-1.893043537015537,-3.039429142600955
2363,-1.8895198360905927,1.2742196768515468,0.8312717035683228
2364,-3.0457953428138294,-0.3788277875227568,0.2744620672069521
2365,1.2887095291606607,2.3751970340173063,2.2519627282925447
2366,-0.003489014157887,0.1511092082704111,0.3536699030872148
2367,-1.871885833632125,-1.7122440170892017,-2.5944247399865765
2368,1.900731770975932,1.8948139838864355,1.2168167108345664
2369,2.4444088109731514,2.3309258935969326,1.942573409452092
2370,-1.0784857129978094,-0.9657764712747816,-1.491796899962816
2371,0.9679090897569586,1.825954999326274,1.3036070398516322
2372,-1.1869994821990306,-1.7112415772884502,-1.1588448731001988
2373,1.6391429596617109,-0.8120054279450865,-1.8629249096917784
2374,2.69295533612844,1.9880287700914807,2.696384703834054
2375,-0.1784594176408261,0.3405915249755203,0.8121444950525795
2376,-1.3043817503531678,-0.1750515008857089,-0.0866898230493458
2377,-1.7450953132131777,-1.818293947888296,-2.142615143400992
2378,-1.008437290520568,-2.010642681797007,-1.819076479640392
2379,0.4241638848461251,-1.201799555736264,-2.0748076181212936
2380,3.1990187454090786,3.387182320434189,3.0341189602249323
2381,-1.1295786512953776,-0.8953794311217333,1.4129297025848944
2382,1.7177989199968222,2.28513309926423,1.042190870733984
2383,-0.8824198233714335,-1.7118121148346226,-2.8473636425894555
2384,0.8001689312824137,-0.0094355559152476,1.3045772432360951
2385,0.1182993261179005,2.360770538699217,0.7196469045584806
2386,-0.5525064012569786,1.2732986607376813,-3.113056863516025
2387,-2.372020613327136,0.3184031790196128,-0.8958240218384994
2388,-0.2975924708306884,0.4039274699633827,0.353239521432547
2389,-0.8857868298310497,-2.105065494603565,-2.3488707928475328
2390,-1.0803584780058562,-1.8188592213658088,-2.823470666837006
2391,-0.6029587848683712,-2.0928871782566207,-1.6504364741233948
2392,-2.0969630016967478,-0.8147530706158294,-0.5069713859228762
2393,-1.066346243555642,-0.0918862236091025,1.4589488640749515
2394,-1.0664228539594809,-1.7341571000991742,-1.2766028604370516
2395,0.4019730232774727,-0.5590448749329083,1.3543942639306044
2396,-2.375751459048977,-1.6523510630705864,-1.5726127615651653
2397,-0.2339711647973087,-1.21990919040914,-1.412966155873744
2398,3.613570840434532,2.7575761578242184,3.443440639127463
2399,1.8468774115875144,3.54759212574826,3.0856417420015907
2400,-0.5579205088960415,-1.145312179183224,-0.2297365703886152
2401,-0.7775382758990967,-1.736847471031602,-1.8189705199434345
2402,-2.494971092968925,-2.202478594070901,-1.548927678732115
2403,1.0062065481352442,0.9813213412133438,0.9687176441400224
2404,-0.3929744966733056,-1.3842800707728464,2.5513872066919965
2405,1.914237365398809,-0.0856377612729354,-0.1975893032973665
2406,-0.9535274370189338,-1.3452940362967236,0.3809125529070116
2407,0.8496883990380881,0.8150126365706922,1.5719683447329214
2408,3.576099398933996,2.8791526712414988,3.3997475268976
2409,-1.3365628118615491,-3.475466148901683,-2.621689396184057
2410,0.724335865221918,-2.869399660660201,-0.9405234025492656
2411,-1.5138299128670003,-0.5319554920898812,-0.68184784774814
2412,-0.7806777216068863,-0.8993882133157538,0.9021572642207396
2413,-0.7794227094278089,-2.086158740234741,0.8265259403914276
2414,-1.1426985081406886,0.9668173476580804,-0.6419370964845462
2415,-0.6583696520529574,-2.688926765965028,-1.7944101377660382
2416,-1.0689509612224763,-1.2553351044004926,-1.011350821745431
2417,2.095248261606704,-0.3802112331028188,-0.2139506901669377
2418,0.2809903492261753,0.9104758246764316,0.6876062434988863
2419,1.602283534234103,2.165551397754582,-1.572149608701081
2420,2.674024510978797,-0.2300934011764266,-0.9671592941090604
2421,-1.5137189807950098,-1.7207224933459535,-1.4922167635665304
2422,-0.3358959055523258,-0.9925682864314048,1.6387031268536751
2423,-0.3265653038370897,0.3404422254307276,-0.5026171145977834
2424,-0.2179894421392111,1.634235490386862,0.2987057099803945
2425,0.0525278181585021,-0.963290418907984,0.1672080610286277
2426,-2.372636153022807,-1.3655340404559335,-1.8782593918789685
2427,2.2847641027716303,1.921163190727552,2.60949501048051
2428,0.4195258505594826,0.8696930709740343,0.1024960442516565
2429,-0.3214877307921253,-0.2683846553385606,-0.6386683475585605
2430,1.7475724568238284,2.103829431708364,1.9840897377032995
2431,2.5127370221379395,1.420176826234161,0.12012267740681
2432,-1.4410461057717154,1.3950700646227232,-0.3205577446996611
2433,1.214095340948749,-0.0629738093050591,-0.2104055459153033
2434,-1.3348862600556346,-1.225830977496552,-2.5885623919932708
2435,0.0621352416000172,0.6894072498457764,1.3548187662229276
2436,-0.5910612446818858,-0.0636177270696755,0.9635098671750278
2437,0.8003483205460876,1.902114383509019,1.4627274784035749
2438,0.6327324004526927,0.6575757527734664,0.2356710710164864
2439,-1.3043051919886282,-1.1355217199441694,-1.0354315010643127
2440,-0.993131177908942,-1.4761651122196673,-2.461368019312473
2441,-0.0102266754388245,-0.7177646722773192,0.1247395809066042
2442,-0.1389656558177862,-2.169578849116458,-1.4924192638273337
2443,1.4349427820403058,1.0867707923198204,1.767878966105831
2444,0.1536868307507627,-1.0422064926946382,-2.257113874497881
2445,-0.4032128809240534,-1.2974271433036464,-0.0224402744244308
2446,-0.2291733057893296,1.9753982295302808,-0.2399510882397415
2447,0.8916820796811938,0.255150099640537,-0.6909461843994318
2448,-0.9851018834191636,-2.3247026907097084,-0.1730922286167594
2449,-1.492695301300379,-3.204500974095516,-3.110168308477809
2450,-0.1850677145255056,-0.7879119670430063,-1.1805719275346325
2451,0.0960894979096108,-0.2416303120503372,-2.343227548045848
2452,0.0871777757491212,1.760972782410172,-0.8415574193111367
2453,2.683301264580644,-0.5296970683975286,-0.0172013591120915
2454,0.4241423001688531,-0.7432079144499063,-0.3102949861242448
2455,-3.0921854316163224,-2.0873429588234163,-3.021025121825478
2456,-0.1245986934962765,-0.6179127040485795,0.3394416031590873
2457,0.9310043196009172,-0.4061298520633193,0.0834365027844829
2458,-0.0678685697125715,-0.3337694831452423,0.5852764378113128
2459,0.1885982874025109,-0.1747998428481376,0.0521675595025377
2460,-0.9908665160184916,-1.3191576734058248,-1.0142625795975382
2461,1.682301890004034,1.3099490792800026,0.8265570807690334
2462,-0.4368636715332838,-2.114886226952201,-0.4630666389196541
2463,-0.1385619976551304,-0.6115365391608011,-1.1182403244172945
2464,-0.6363176370040419,-0.7401843191010523,-0.1240019502575165
2465,-1.6711958954957395,-1.6721176377611464,-1.3309237095189628
2466,1.1708790460611247,-0.1694345842352898,0.3981681186526011
2467,-0.5373505101744444,-0.9456018996977176,-2.0368585546993696
2468,-0.8425993881927246,-3.3311018217268824,-0.4078611268661604
2469,1.609105067875611,1.7793487715637313,3.114531066238868
2470,-1.829350600684014,-1.567431915660742,-2.657503302823692
2471,1.797009897561628,1.4596665780715343,1.8072726837716897
2472,-1.0807072586419824,-2.656137791717221,-2.72381457604842
2473,-0.4464734542502289,-0.9069652065773436,-0.7975625882589548
2474,-0.769541136448425,1.4767176671365312,2.508878821811856
2475,0.3272077254756405,-0.9256785356131776,-0.1270514406943798
2476,0.1121625651693386,-1.4017904167268471,-0.3085351681963409
2477,-0.7567771388062737,-0.1809507605515132,-0.4211876579407653
2478,-0.4303383222964135,-1.761023267530955,-0.6417019833134391
2479,-0.4671058254714788,2.3163705195672826,2.1934305260293883
2480,-2.1831401080035686,-3.5468598487254885,-1.4919706325538329
2481,-3.0525724978966458,-2.3246168077914247,-1.278515835613263
2482,0.5005558274302143,1.8646844819051,0.060146604470471
2483,0.5504805171961707,-0.2932543034353319,0.1712200162872744
2484,0.8917842834179742,2.0229530691319044,1.9682806339534904
2485,-0.7610918036175217,-1.2043357242877866,-2.3612800491906745
2486,-1.3365872542284882,-2.247389690303338,-1.2768178408888786
2487,1.282258280553001,2.217715825004116,2.5286002598029853
2488,2.275761100038629,1.2815277157862364,1.815537033706831
2489,1.4915546268985114,1.829625393272696,1.04190674031384
2490,-0.9154289907484664,-1.391868656187754,-2.626174562432908
2491,2.0470273068622533,2.595808186044231,1.9502083977109528
2492,-1.3193729074115677,-1.786986847790291,-0.2359822615577387
2493,2.0103099420591293,2.8787231132598783,0.9791573518687487
2494,0.3931973769996617,-0.0854750167513134,-1.278692332821802
2495,2.368785665662051,1.6910519709633665,2.078986380327356
2496,-0.812805861805955,1.4914818736814497,-0.901648258666732
2497,1.8936573643800472,0.2551139173528959,0.8126307749824926
2498,1.2137583416354858,0.6895884151947724,0.3677614232267095
2499,-1.6712848187989553,-2.262093772896548,-2.317468774652652
2500,0.2137749041771463,-0.6105263737105806,-1.8879326227132476
2501,-0.8153317689624022,-1.4681943979297856,-1.0394358608630965
2502,-0.3634847015552319,-0.3134348897661372,0.303608242858556
2503,-0.5319792524839843,0.968624067567941,0.1625901171841443
2504,-1.0777947292904029,-1.2892489392650743,-0.7324370961581343
2505,1.5517037697685072,0.0683703575077422,-0.5369043380928535
2506,-3.020528048404594,-1.6915034508641116,-1.5990686490615071
2507,1.8191540206199777,1.911235675144116,2.7402608705626346
2508,-0.7683837229990516,1.045678511594085,0.5919823268564047
2509,-1.40656260489761,-2.324868923473109,-2.6291454354025703
2510,-0.6354285436987719,-0.93755140760619,-0.939555498621292
2511,-1.7536720752491362,-0.9657708043988752,-1.01429954649148
2512,3.7385625688172577,2.800103530833247,3.4887082400542453
2513,0.0067976159027462,-0.0650314706121296,-0.005880312278436
2514,-0.3708491950858034,-1.0125340467892208,-0.968185294896995
2515,-1.0856740441238557,-1.7601787521678298,-1.0425944371552287
2516,-0.8605923933952478,-0.8375772324138016,-0.7614863296195798
2517,2.7369589340375837,2.375770946833135,2.277124439793506
2518,3.007852352063744,2.1476802702221347,2.7853865865118
2519,1.2555375191625255,-1.960605493993263,-0.0783769813530334
2520,2.9539375318741428,3.015976680909715,2.918767978047217
2521,-2.0384738886642046,-0.9352926137833024,-1.7010582060180577
2522,-0.6830952805190647,1.1260412234800472,2.6453556911093075
2523,0.6724565038745453,1.1400027470467125,-1.250079238360207
2524,1.941959678070455,1.806376412710426,1.4131921321003524
2525,0.3271734795080898,-0.8067376440491311,-0.5038029766410839
2526,1.4624338536902235,1.3602263938513923,0.7360372338683564
2527,-2.120716677744789,1.406959016741343,1.9344673622275248
2528,-0.6084378681161394,-0.7699587320720697,0.3777708098160669
2529,0.4240045230457588,1.890913691305777,0.3073566260049244
2530,0.244674025384337,-0.0861140867020731,-0.2725637974836234
2531,-1.131712755769605,1.0288116273990244,0.2369756698723299
2532,1.4890270390488092,1.367310024356151,2.0926346820786907
2533,-0.0890763518423536,0.6146235951297332,2.1104173999646094
2534,-0.8845975266453505,1.6161885014513688,1.012099856519637
2535,-0.5246082141716956,0.1494224028018475,-2.183596590517117
2536,1.0875151311143458,1.3407845351573622,-0.5377191681624565
2537,-0.3068763347132265,-1.1798462889015011,-1.1807731610814869
2538,-1.3365774043194234,0.3161034287595842,-1.1184108017963994
2539,-0.745436982578882,-1.28004075157377,-0.9683423880232
2540,-1.13057736095635,-1.5579307720306028,-1.179884506255169
2541,-0.0561901492736279,-0.8539026249343994,0.1728117377682945
2542,-0.4778239052274746,-0.939654110007644,-0.3732789310914653
2543,1.6207625766575238,-0.7020373639541007,0.0979774245084417
2544,-1.9884998491202268,-1.8192544135854545,-2.837586714896528
2545,-1.805235470094318,-3.140728500667669,-2.649898673726735
2546,-0.6150633445172371,-0.6812018192855883,-0.0472838673015212
2547,1.4119193324898092,2.8786665430557417,3.7907600006100153
2548,-1.2638622139024285,-2.330875809783662,0.685981233813047
2549,2.9353284394461148,2.2672851840946446,3.0889745287554717
2550,1.5854532769309937,1.139496384264093,2.918757821009265
2551,1.422884811958988,1.0367876887933165,-1.2784793555882208
2552,-0.6540588301857106,-0.8750467829043405,-1.278522328821604
2553,-2.9249883892759483,-3.011291865962767,-1.7745081968727388
2554,1.9882573333045783,2.3325791049983278,1.221274435285567
2555,-0.2278304757201802,-2.8148377081980027,-1.957883223920969
2556,-1.3186676897574303,-2.0298713082674995,-1.625803233752056
2557,0.2464649103325584,0.9669710107226568,1.3840333350619451
2558,-1.4660429854206525,-2.464479997962136,-0.6412306013535316
2559,0.0873540981228641,0.3867974863359915,-0.0171940949435276
2560,-0.2283664398582285,-1.0185156413080114,-0.255615608761806
2561,0.716448223981826,-1.1998287956250695,0.4496357149843717
2562,-0.4270202760585193,-0.0862925884538005,2.0667860460819263
2563,-0.3082688121377677,-2.40873395402995,0.2344563097942386
2564,-0.4561097198917865,1.3364125503559023,1.7533310389480223
2565,-2.2003605718043877,-1.0413986322778872,-2.6055423791142744
2566,0.7691057451570374,-1.1414081568162897,-0.4827585899112792
2567,1.207468323613603,0.9668933071299238,0.5635554250316004
2568,0.883892616492425,0.3175494017731433,0.9058503924343272
2569,-1.2672275332504228,0.6576204984955976,-2.4256267993822647
2570,-1.0332422311363794,-0.0859532065855399,-0.8266180496704176
2571,-0.1379252884200495,-0.8318937613151136,-0.1960852224684561
2572,2.1032722301985385,1.1537778157734802,2.691466462861163
2573,-0.8501472666865111,-0.8318895237957197,-1.0358344358710878
2574,-1.788131117727648,-1.5114071835128142,-1.313551726402908
2575,2.3134253233484365,1.985428736007803,3.9401066278070127
2576,0.8495199237827991,2.104444974936496,1.284030617327095
2577,-0.3099582765005171,1.045076847801596,-1.4914279396539545
2578,-1.588492985936244,-1.156386917150805,-1.651558634698154
2579,2.042869834531248,1.892765262581957,0.3173086542880196
2580,1.3622696300524686,2.244434500393144,2.1843125948920443
2581,-0.1472063488755828,-0.8310502627628704,-0.4540208667353012
2582,-0.4727113318818946,0.2238071657162935,-0.5543117610833718
2583,2.5852492193390733,0.7393234205704305,0.2033403831913413
2584,-1.7451268205827268,-1.3422706394651556,0.9682236222135496
2585,-0.6771767579479538,-1.0484261117212743,0.1217041154999318
2586,1.882083018534064,2.9296112984641933,2.3146186208840565
2587,-0.4016589439151533,-1.6042036711377865,-0.7309863086900377
2588,0.7681474455397971,1.3642773462956046,0.734983593257837
2589,0.768745372186832,0.3059235870030459,-1.8055247482688732
2590,1.5521622737339584,1.6615580324027883,1.0426003081581614
2591,0.746108405843099,-0.5070188031746227,-0.490153094933775
2592,-0.0876063844332032,-1.3909114411904042,0.5222272919052781
2593,-1.3716410776494747,-1.6051771396341814,-2.0194484029712405
2594,2.006646291067413,1.1414344558241405,1.413896274661631
2595,-0.1798650454562556,0.2549404962830091,-1.3920448278467752
2596,-0.4671287431004405,-0.6641147128477762,-1.99059143612788
2597,-1.7050249978949108,-1.6413705329239914,-0.7502782333359816
2598,-2.430171252088008,-1.3424125822336064,-2.381699048139025
2599,-1.0782903883628148,-4.0397106055542285,-2.2823027471609
2600,0.9309171134373496,2.673729305647196,2.7541169600106734
2601,0.4241216275201981,-0.4438783571336008,0.1979651887955048
2602,-0.0931965140735582,-0.7730516168667745,-1.0114616477909373
2603,-0.0713926308822212,-0.0922979901537568,0.1157183153394113
2604,0.5593567177953218,1.4577527277750877,1.1210772936965705
2605,1.528720577437816,0.42092853693733,-0.0954785101632013
2606,0.1770613364002672,0.3193148731080343,1.3838852899117728
2607,-1.2668047892286574,-1.7585873922113926,-1.8234811308811407
2608,1.660992850995354,1.5678463979806931,1.7548279973686896
2609,0.4240042190362197,0.15028172446938,-0.0937186267364847
2610,-0.0491495820817505,2.000357167022337,-0.5010701628466799
2611,-0.6837174787272355,0.4270482760838712,-1.470512003703601
2612,0.9684513670629848,-0.2273698060521931,-1.0425293870134862
2613,1.6079023637396543,1.774890478949371,1.2780953780494506
2614,0.8493654782241398,1.1132116362775442,0.0709128301745623
2615,-1.923932481367336,-0.1772459833469911,0.3282980038434281
2616,-1.2636868612003085,-1.5661764561718368,-1.5170955816995115
2617,-1.2662254071712138,-0.3564563428903899,0.1666068573923197
2618,1.5518275624528055,0.233751999597923,-0.2606302927975734
2619,-0.9391666180718892,-0.9290820537456332,0.8301176243294791
2620,-1.743730326938458,-0.3792055275442108,-0.3060422348203588
2621,-0.7128213155026099,0.0775625325576833,0.5346178567103215
2622,1.0871911785495416,0.1504554841939125,-1.5963758042930487
2623,-1.7536856897134905,-1.2512705718061912,-3.832133043674912
2624,0.1132873215586088,-0.5654379603593334,-1.1196227774115852
2625,0.8918901669640927,1.7411457348967196,1.0415811523108147
2626,-0.4734797627324654,-0.8996279232885583,-0.2788722331234274
2627,-2.1209320059428376,-2.714959945825281,-2.500006087619976
2628,0.5508694321668849,-0.2958173792956299,-0.1862651479508476
2629,-0.6172789295539333,-0.476531675547106,-1.9902751506902572
2630,0.5785083117801192,1.3148488570441257,0.2967198323926007
2631,-0.4815859398225256,-2.4099711973037152,-2.6388677752805574
2632,0.4192198317435882,-1.2557846954718963,0.2595573559283481
2633,1.0812877775014893,0.9315915550520564,0.0302473860649031
2634,-0.2167334771393081,0.3361636813305173,-2.4346150899774
2635,1.4284017390362993,2.3302723439497397,2.053986303781452
2636,-0.1711256654793779,-0.4058053472499812,-1.5705063853650751
2637,-0.0098807024628991,-1.9579421841854732,-0.1944505924123277
2638,-0.3922819501437468,-1.2757625266499706,-0.7613104227027083
2639,0.4012678056233354,-0.8014519196463467,1.0420445429837002
2640,-1.440246990745996,-1.323492772540202,-1.9902449157865865
2641,-2.795961216490634,-2.867650723135486,-2.2839966655926798
2642,-1.2636667965707316,-0.6116271453798752,-0.5877597535140844
2643,-1.2636067242858169,-2.247846946559183,-1.9526127763960128
2644,-0.8455615771161207,0.6159150517253087,-1.3344716258499114
2645,1.5594136560592229,2.293273947374287,0.2823928302648892
2646,-0.8448125873973601,1.1651948106716616,-1.3138769640601626
2647,-0.5605216744723023,-1.4322928572773863,-0.6976163537931473
2648,-0.2640854509043604,-2.1542438622512248,-1.598886248936295
2649,-0.0547113171376243,0.3402522366817629,2.10110500719203
2650,-1.1425275761397775,0.4895110008752964,0.9054164690296552
2651,-0.6479669439713388,-1.7866981512215336,-2.146390890055764
2652,3.091184727549852,2.3316591936704745,2.372198420866782
2653,1.087594477604036,0.1497815710981572,0.7544137735640659
2654,-0.0448996100273002,0.8589405646644275,-1.0107442564341993
2655,-1.0093596554620246,-1.7994144689037177,-1.3570221497728814
2656,0.6876086641846473,0.6859756432639046,1.8125573737098803
2657,3.7836915449770583,3.101860683573926,3.594964039926294
2658,-0.7709050359405072,-0.0930248736235362,-0.4590406486162848
2659,1.486410409596535,-0.0095599297773002,0.2013654443598751
2660,0.1885432776073491,-0.718915718361998,0.1687184480036212
2661,0.1510254389136393,0.5415613886549359,0.6628233597575162
2662,0.7456388327090931,-0.8507881875870147,-0.9669436519226474
2663,-0.4472430928049199,1.1155784940278135,-0.0693304431732309
2664,-1.745455805079117,-1.2683304538008544,-1.5719843890603455
2665,3.3220466659365955,2.3196027965702597,2.629060818086625
2666,-0.3440150520909921,-1.3446744158775426,-0.1146978505883431
2667,2.148133036017512,2.0832655148339545,1.882876378270367
2668,-0.6818888177686852,-0.6458547600366689,-1.4131327786536785
2669,1.2891846968836287,-0.4006578692587276,2.5216456948345383
2670,0.0423412498268337,-0.0921616805989558,0.1175779081181308
2671,-0.2964152722878053,1.0237648764430478,-1.4374543897383394
2672,-0.4625677945296778,0.5581589993059899,0.6862089882950072
2673,-0.9839215592400502,-1.1283417308790475,-2.021697531028606
2674,-0.1507575938585098,1.4495413549184086,-0.1152118432524899
2675,-1.5141777023867713,-2.105787808012129,-1.0914841770449184
2676,-1.5135314845742869,1.6972162265727402,2.311015324761544
2677,-0.4931409840264754,-1.5719114588170602,-1.235539766484315
2678,1.527880773496963,0.3364269777906494,1.0124214566864205
2679,-0.0380258824032889,0.3065306261682846,0.9690462125692264
2680,1.0059717290603,0.8146253389077257,0.3394178981658888
2681,0.6410869450461529,1.0189520978852873,0.152373368619462
2682,-1.1202560222748803,-1.9461464094039416,1.048374090349265
2683,-1.4067475926310002,-1.7610847327567858,-1.43985553471779
2684,0.0633075279571702,0.8586664679661217,-1.6254573256943223
2685,0.7234711100274406,-0.5176044122097845,0.6683560509158891
2686,-0.603924550529818,-0.4778692410635053,1.4941219932409606
2687,-2.8706109610223005,-3.103798860402632,-2.816776289716436
2688,1.6428273362660937,1.9347345290400724,1.5040403883070712
2689,-1.2438515858989927,0.751398937380227,-0.5157624993590479
2690,-0.1093511331625515,-0.4141101533695882,-0.3378312255887858
2691,3.159564780805757,3.049145470089911,3.088840650605316
2692,2.2251111093506,2.3777294503424047,1.8133950478119516
2693,0.3259375977363258,0.9399167148383129,0.6693948845173643
2694,0.6622062116064906,0.910508158890622,2.238750423858625
2695,-0.3974598438243482,0.4650855990913478,-1.180354440958718
2696,2.7387583060276617,2.570488933170241,2.5531712685149284
2697,-1.8254871394409191,1.6953646047422088,2.411248807330704
2698,-1.1812533385567787,-0.7496525653990826,-0.6830008773852871
2699,0.1776384552465489,0.818061818269878,1.8824542504172943
2700,0.3394964108256725,1.095490228944543,0.3815815887295548
2701,1.5468966337600425,0.6580327124465205,-2.420803408109982
2702,-0.1414539491970757,-0.2666642510389236,0.4220433546586568
2703,1.1298302941015337,0.0690807370102344,0.3107001229100984
2704,-0.5032270660512661,-1.4330048447639343,-1.722465948270381
2705,-0.5436257127795846,-1.5741706300752123,-1.083766475102696
2706,-1.7216450761101043,-2.9561937746413696,-2.3156771844875754
2707,0.7587144383976693,-0.93088362735939,-1.4116082663825205
2708,0.9756497497131784,-0.0632496516400493,-0.3950517955717186
2709,-1.542980201656713,-0.8392038837940992,2.343391296287028
2710,-1.4413919734623546,-1.3698002356660752,-1.25647427481575
2711,-0.4635889625713233,-1.5610493413010476,-0.7617110212837245
2712,-1.743458420806738,-1.4321824162771937,-1.517260407894779
2713,-2.05645059878382,-3.406853442474078,-2.633543344441025
2714,-1.301487756781614,-1.7174193749680675,-0.6684785054505374
2715,2.887194766801172,3.268593090784939,2.126784990457668
2716,-2.0839105561253897,0.3985064107473183,1.5347800985325233
2717,2.1330902128499987,1.6902964173998634,1.5068923039301487
2718,1.3294206415044765,1.0449928805435396,1.1716983977530575
2719,0.5258190349225298,1.3572373753769509,2.312675238434492
2720,0.3274671520339837,0.171312311380426,0.3667819732333902
2721,-0.2175190685284075,-1.8323336251527995,-1.862804560602556
2722,2.743264240334605,0.1513234344293238,2.4880493473057688
2723,-1.5133159266082747,-1.1584633016538497,-0.5942913770612004
2724,-1.5428351459466711,0.7750032433744547,1.968576209002148
2725,0.2814781325315698,-0.1683707240373667,-0.1338067783102006
2726,2.367447782894565,3.3874647477340925,2.7869716309538264
2727,0.9309819354590732,0.8046287438515176,1.9129583188611288
2728,-2.684148666603533,-3.184904384585616,-2.90491190603382
2729,3.746419405540886,2.7965822379285523,3.3278053665173566
2730,1.8918948771373096,1.5364716440613946,0.8602378484207076
2731,1.2139895761061574,0.5149458122338605,1.3545889393972628
2732,-1.6399748381221877,-2.324638940084092,-1.5198491461359327
2733,-0.788525832400084,2.2222725790158235,-0.7984719974709382
2734,-0.8820901513101674,1.1532399410515008,2.284909218386199
2735,-0.6830629339041105,-0.4434638219447802,1.751307797401118
2736,1.5133181366168815,1.6788363054665618,2.4981634587621624
2737,-0.0677160815791604,1.0447495095503043,-0.7974037959621351
2738,1.39941100826372,0.9348245475293362,-0.1811778092528391
2739,-0.4561391480151659,-1.5135183985380407,-0.9670268891512572
2740,-0.0901212372779881,-1.3157622273899716,-1.107131037194148
2741,1.283139979975122,0.4900720665228248,0.4504811011957728
2742,-0.9044406129703852,-0.3796814742668792,-1.820128777164176
2743,1.2075766004002428,1.5156810653013637,1.3039279224020055
2744,0.9165023475698844,-0.3129712370867953,-0.4891044176996369
2745,-0.3766823187393146,-0.327153228218044,-0.9410610081346056
2746,0.370171202599344,0.141774072636254,0.1908105193581978
2747,-1.8257378905442392,-2.1693608200364065,-0.9043409997187408
2748,-0.6517775133345268,-2.070548672983764,-2.1821765848821304
2749,-3.3786174776948767,-3.99308259068526,-3.168754459467773
2750,-0.7806009895992319,-1.2781228545558518,-1.953098425007068
2751,-1.3195653258288975,-1.9462215409477268,-2.4042617268565523
2752,-0.1684188048855009,1.367203524682706,1.4562528961853638
2753,1.0981595852972377,1.7156800746526957,2.355058749384943
2754,0.8841806398918696,1.5831559302962954,0.9842249518672512
2755,-1.440589069494505,-1.269072971065459,-2.7382791087882863
2756,-1.0675519214527975,-1.7863749227852732,-2.0362241952903184
2757,-0.6289610691223225,0.894602623648531,2.0474523411594148
2758,1.7818139603977636,1.1448875940781766,2.9530156203399582
2759,-1.9240986759547247,-2.262989504894683,-2.048783468656868
2760,-0.5609909692296667,-1.9614427292078465,-1.7220434863546326
2761,-1.9554548972203136,-3.395273790968389,-0.3308402475209607
2762,-2.4920165621809303,-1.641171720775058,-2.2823488726505383
2763,-0.7675239688559864,-0.7401794475909816,-1.0426277296052675
2764,1.332568221854583,1.4834490738088877,-0.1376246239245745
2765,-1.5591008931141253,-1.2445718715038006,-0.280435750071956
2766,-1.193528877421928,1.4352287256950509,-0.8255147705396552
2767,0.8490010627989732,-0.7427610237556398,-0.2931186122367397
2768,1.6551837835246703,2.569483838401081,2.743323576136337
2769,-2.219453737180155,0.2343939277078389,-2.9417067621998427
2770,-0.6200703418637851,2.502645757957122,-0.5364470761075495
2771,-1.9069649593043767,-1.39575359074886,-0.5535427823379405
2772,-0.4633588922859689,-2.7151600275281664,-1.1588285236308935
2773,2.74105153451654,1.6955002898633988,3.643970768385029
2774,-0.3667897351981169,0.8938919244571017,-0.8957722532592725
2775,-2.726111787854057,-2.377644792820599,-1.6252660369034486
2776,3.40388530339368,2.8164701202292486,3.7095611261840977
2777,-0.7400128504375748,-1.7616483845145987,-0.3114302241642952
2778,0.470768343991513,-0.4114251694733227,0.7595477832639759
2779,-0.5912475139024935,2.2636954224514163,-0.6414806829673481
2780,-0.1708410802458794,-1.014495639324113,-0.6133097861310244
2781,0.2210889413355303,-0.5314358445061167,-0.2303485297359135
2782,-2.507288663235568,-1.3409039523882846,-1.4128547232356543
2783,2.0146521068977035,-0.3224139198363379,0.8125778143801353
2784,1.2883828570542502,-0.2025848483272486,-0.2485133706978536
2785,0.2816628487274924,0.39809002705079,-0.3060457373770083
2786,0.9287491875220324,0.0602116344499994,1.2845107247898395
2787,1.463221419033226,0.7532325062171761,0.2841927947691822
2788,-1.671193197133435,-0.6063263801856236,0.0045631613295647
2789,0.6881016058984287,-1.446787836304959,-1.5716153634508905
2790,-0.0477859753148928,-0.9760375513736482,0.4779613424494222
2791,-2.5086388919852687,-0.9330634246906346,0.4795773109424065
2792,0.672264122907519,0.6600043429057753,1.6450477822719172
2793,-2.373842855661587,-2.0714524884571324,-1.6762104433763294
2794,-1.4129674620443704,-1.397672596539017,-2.6301548695729786
2795,-0.8249445812317581,-1.5588245983816758,-2.394921086262948
2796,1.1788478547182524,1.474316496040033,0.1247391749203489
2797,2.3952873115142803,2.37590519121191,2.2421813079347954
2798,-0.1301612716618002,-1.3598121071786329,-0.2770073352595708
2799,-3.366920670813013,-3.580780760570519,2.574844193456394
2800,0.8305144654897174,-0.8818039756607565,-0.2024176541178488
2801,-0.3931676335117376,0.386587119619776,-0.1781303609516424
2802,-0.5972591983303547,-1.8335610147576635,-2.6168472988049176
2803,0.0948845865025676,0.9690349644241304,0.5021130214056634
2804,-0.6253115692995077,-0.7883039085628429,-0.6345333216051927
2805,1.098388578134622,1.1394460526565788,0.0410720584857849
2806,1.8522106759894956,0.8698364490278855,0.0168714613961396
2807,-0.6258193075740257,-1.121502038384898,-0.9392725778722912
2808,0.5801036626381554,0.3982673664251693,-0.5383565746061538
2809,-0.4286751086637413,-1.1245507120415237,-0.9673631934561006
2810,2.467964929303993,1.435259944936338,1.6078358953277894
2811,-1.7052990843388431,-3.5997247907362397,-0.5460366921870446
2812,0.1887184258514762,-0.0923680034915703,-1.014437611344572
2813,0.3169430628803333,-0.7157035977273611,-0.3070066964674779
2814,2.897625258947987,1.4352349460701943,2.319165121607587
2815,1.559436484040179,0.3868293548037627,-0.5518139394518197
2816,-0.4656514848880069,-0.4425729585951928,2.083450947211915
2817,1.0154839720389734,0.7337257065207471,0.3819730775848045
2818,0.6329195322808678,-0.4125031564672449,-0.4078571719119891
2819,1.0155851606253914,2.2237934953881675,1.0126834728340548
2820,1.5284633744490663,0.6601535097038321,1.243977887606224
2821,1.1785214755322426,-1.5047721111375318,-2.199679731414708
2822,-0.5900170097545259,0.6023894193681981,-0.591550520012409
2823,1.95619416460134,1.6501166048462572,2.2916480282480856
2824,-0.1214062242579977,1.222817130994048,2.3016811528452137
2825,-0.003292918822347,-0.7121839617723112,-1.599022960486454
2826,0.9745835546333164,1.7553100213873527,0.4790511513605532
2827,-0.5038381897726268,-0.0626910161621799,-0.0490407580780764
2828,0.1773456671920266,2.2586978545398475,2.514211782352898
2829,-0.9172921721811558,-0.2555686064615002,-0.6122217429666871
2830,0.3270474163623746,-0.9246430239319684,-0.0576002818702211
2831,-0.468280924193098,0.2328707015421887,-0.4476227268697477
2832,-0.7179215882165715,-0.254724912227066,-1.3314088852388106
2833,2.039483643173276,0.5830754665935349,0.1713300173344888
2834,0.6615058344304433,-0.5596519206250594,-0.0162376513054713
2835,1.7684102420865055,1.341203298568705,0.9673064368901764
2836,1.252856069490789,0.846109671318182,0.34977317569447
2837,-0.3146485484014505,-1.435082519480975,-0.6993203623197182
2838,-2.0565268332650626,-1.3985386536835875,-3.023135372661323
2839,-0.0956468558875668,-1.7989576821101472,-0.4475842281798531
2840,1.0064558724897543,0.386756910636589,-1.412817540046869
2841,0.672342682046429,0.4204695199888978,-0.1160158932708259
2842,-1.658485808983159,-1.0439705640434185,-0.4040678757023875
2843,2.320377539988585,1.5923761755301724,2.211578354636848
2844,-1.8292888259456803,-0.1677308469565485,-1.887866574502144
2845,-0.6205500032143775,-2.1688286340390928,-1.1067197420163095
2846,-0.1617601651429375,-0.1600226828768936,-2.391447967375801
2847,-3.1041514902806875,-2.2476786443335977,-2.791236920081648
2848,-1.1843046278038467,0.3361330619203769,-1.6475658245205005
2849,2.7380068745306745,3.124469244115589,4.322450219186992
2850,0.1515203171871755,-2.4958145729001697,-2.433589742145176
2851,1.9284774288480075,1.312027571203756,1.755392664226469
2852,-1.5591354368634385,-1.3557308302870272,-2.319802614892379
2853,1.463477639340317,0.3869704700044029,1.8572997410757717
2854,-0.3688157956544879,-0.1808460415790924,0.0731205235445618
2855,-0.5618339012466277,-0.6584472048929707,-0.1443789953738786
2856,0.0057468819572809,1.687810884672012,0.9638770295428584
2857,2.472935562564608,1.4795268532983024,1.0917548322396278
2858,-0.1684244898638811,0.3151888575651096,-0.1265984284259322
2859,-2.246129073328229,-0.5038690047233281,-0.1257682930667688
2860,0.1867937388038428,0.6022339624867366,1.7052098484401077
2861,1.153500290594189,1.2752362668611044,-0.5927184287865517
2862,-2.1483106966789034,-2.2477233505981062,-2.348948399675673
2863,-1.440850997871977,-2.409912373714868,-0.8425466324467481
2864,-1.0858639156287002,-2.814429223057257,-2.021079377594553
2865,0.6333338785980589,1.03598328821065,1.14194504149673
2866,-0.711200171978792,-0.0915188106961345,0.057427281297679
2867,3.490696552810763,1.7258441829456834,-0.8949139570594177
2868,1.4874624454376824,0.3189991270849317,0.3986034360687009
2869,0.0630860271757159,0.9398450485177045,0.4221777122617704
2870,2.107682435108516,2.327095666050245,3.86474842032054
2871,-0.2974049124591281,0.3363100756247704,-0.1827771736518687
2872,-1.391219641594098,-3.130992522089579,-1.7731760654701163
2873,-1.8894648043244464,-2.324743346769064,-2.9128906119329567
2874,2.561989569113799,2.30313657059501,2.5826534856569734
2875,-0.5055971785730862,-0.8659086777797637,1.433151574313851
2876,-0.3716257900372589,1.374831747463454,1.9136886807529347
2877,-1.075614181526111,-0.8267047736966721,-1.2566472117220822
2878,0.758836968576859,0.6603876796404875,1.3332300240874055
2879,1.2093085525209724,0.8183295708974689,0.9837599200917098
2880,1.794607014774478,0.1424559649694177,0.0762555457650636
2881,2.506801973985354,2.776720809293551,2.3711438150189914
2882,1.6392810667505673,1.1871516420625776,1.569407021487186
2883,2.964953606997534,0.2154068930239653,2.2898155284536053
2884,0.2927438334350714,0.1420799286593611,0.5920695394481095
2885,2.562610680428993,2.166499673327457,2.7296601457266934
2886,0.3266430527975171,0.7749318944423343,1.1992464420843427
2887,-0.5121914039229354,-2.6593884232621243,-0.967709741088868
2888,1.5521377021038614,2.540622960934018,3.048739867498396
2889,1.4819833165187175,1.5399749137607988,1.2179478894660856
2890,-0.5038544788004035,1.547378803299745,-1.953145400472719
2891,-0.1398381080962174,1.5969416961544989,0.8276358093505587
2892,0.2621726925662628,1.315156253723189,0.860842959861954
2893,-2.463985957120939,-1.354414699403015,-0.2072360536039927
2894,-0.1320051199170501,-1.0628303893823614,-0.6416878235475866
2895,-1.0670515456862215,-1.9373523440050249,-1.4375650587551616
2896,-0.5959812255024666,-2.087463845359227,-0.8267129981127491
2897,-0.6796100077379266,-0.5616586909601436,0.0411767623561677
2898,-1.1426127443492906,0.7394159191196747,1.7550877257023254
2899,0.2216520315324597,0.6153358466771852,0.6627391714055492
2900,-1.5430539165470036,0.9398745021693982,1.3546476807048389
2901,-1.787882789949083,-0.7144439282118987,0.2294837282945622
2902,-0.1221014205098971,-0.7177805151561978,-1.0141480176578468
2903,1.8296080274816384,1.8345216820006067,-0.6946048452842181
2904,3.571092753429848,3.407525435646632,3.554050579683103
2905,-0.7179106107881055,1.494671670559837,2.1946576249956737
2906,1.5129078274383334,0.3864794982368112,0.5921210463495559
2907,-0.0907664844272144,-0.6986497239250674,0.3342518319541848
2908,1.137711152716361,-0.01093453760664,2.134706658144345
2909,-1.1276588868180628,-2.6565926574976477,-3.503144747067085
2910,2.534048235874534,1.5937805133342506,0.6901014443289476
2911,-1.078301344013611,0.8179570740191807,0.1465158410931308
2912,-0.7963707987672316,-1.206212638933308,-0.9677567873347562
2913,2.508968967635953,1.8901163522321287,3.0652678904380606
2914,-2.096910260978978,-1.4460465807884866,0.4764856739369403
2915,2.0135894157214618,1.4844623357330249,3.588315154390465
2916,0.6410794667239494,2.816753738582197,2.435213652927924
2917,0.0426159832472669,-1.2018933308256945,-0.3736522624237455
2918,-2.280148097131702,-1.0372964495471526,-2.19962149222041
2919,-1.0663199771314686,-1.2213528942209435,-1.7473474159840297
2920,-2.6161006826932973,-0.989731595080342,0.089085945125713
2921,-2.5081254672304256,-0.5443144274156644,0.1701609540767203
2922,-2.010489320842097,0.6617752111595039,-2.319374990845043
2923,-2.691648626398381,-0.7014354575650201,-1.0346385520242245
2924,-0.7309109147861412,-0.707953904929944,-0.0978321508771355
2925,0.392776241048985,0.2334916759290607,0.5055235560681962
2926,0.5021250817666051,-0.0077772062828986,-0.1840739085145924
2927,0.0500450720027115,-0.6055313302308053,-0.0821943363150867
2928,2.400410555741273,3.4946475599813933,2.4532578615087948
2929,1.9217594454862883,1.2734881083515428,0.202099088358646
2930,-1.7538421947271503,-1.183043579520462,-1.6476482618750412
2931,-0.0057341498564463,1.9872276327192024,0.0112818479893301
2932,-2.6862942759067177,-1.8830697142122927,-2.6621657844683697
2933,-1.033011164826528,1.2900185920500142,1.7552431129734611
2934,-1.87185117220223,-2.6350577748173603,-3.520972288346635
2935,1.985853656650666,0.3062046564401089,0.812070482343956
2936,-0.489059854582874,0.3156865462593887,-0.4097605898546761
2937,2.32597107400355,1.4596430104979188,2.171480147072356
2938,-0.2628319001273254,0.9333928387519084,0.9350535860820218
2939,-1.2443111179114783,-3.1023525311804385,-1.4127305454165031
2940,3.0251592062375914,2.3309503056352323,1.7533861379904403
2941,-0.5125074792291497,0.6581427123467595,-2.135670101694646
2942,1.944421075103468,0.9903902766201972,1.4926140274203628
2943,1.6023244343666505,2.453870591970291,1.983072461783699
2944,1.4081703162075845,0.1425198180013816,1.5053967561998718
2945,-0.1059084316361879,1.220180917768475,-0.159307088279875
2946,-0.3670459639527736,-0.6081097094729317,-1.01435942577336
2947,-0.5728338492148014,-0.7121713920734868,-0.4057799945637371
2948,0.6330604469547897,1.164066534542676,0.0235869708638116
2949,2.4439578994333755,2.880929220242752,2.514226893819582
2950,-0.2282147089327537,-0.4675969472815569,2.6524479680028903
2951,0.1779120953434778,1.446646354810205,1.141545059862931
2952,2.035851452983509,2.5322022408838043,2.2773448949619706
2953,0.4020364703126749,0.6024943480023572,-1.4714218516704487
2954,-0.6609424858637085,-0.917010402092926,2.51530853523603
2955,0.1518878647198785,0.1498822707561436,1.0578300721997298
2956,-0.5901553083000615,0.1506600523802416,0.2330206889041665
2957,-0.9399570743492728,-0.6746284682213888,-0.3727295936231707
2958,1.2534166630807846,-0.6093007837589218,-0.4102537733775148
2959,-1.9189148509814835,-3.311662310834976,-2.223282583885964
2960,1.1296107626188303,-0.4650467829533012,-0.8270435319042464
2961,-0.6513104296323599,-1.2321485826046363,-1.7942567192509258
2962,0.4240556574502258,0.6347541754655842,-0.3417842948988066
2963,-1.4126694110922926,-1.6751332513820147,-0.1752932078932038
2964,0.745786946156515,0.77875674028363,1.2175752645317852
2965,-1.2627576864451773,-1.8638455841042691,-0.1485499369617386
2966,-0.235191926747683,-0.6961227692092012,-2.305464414315155
2967,1.2825971666453997,0.818772216750809,1.3834980585779886
2968,0.7587097775900524,1.840051304844952,2.440745411229687
2969,-0.6728924992184985,-1.989033273975604,-1.5209178101705103
2970,0.0426163176577598,1.5053111103964238,-1.0416256946002171
2971,2.438557596004556,2.1258441961530306,-0.3483358730156719
2972,2.682629979265639,1.8027303433861328,2.4393298321292733
2973,0.7687217119357364,2.1671087151559707,-2.081870791963253
2974,2.216021292683445,1.836249237888845,2.879756050600533
2975,1.6177617592995377,0.3161007293515031,-0.2832234608815802
2976,1.4283321787694545,1.625252217162123,2.8251984785259308
2977,2.6464355532564428,2.878409277729044,2.394837063320733
2978,-0.492678324787665,0.6853270706037838,-2.200252126153284
2979,1.2550873832690057,1.1817254560466623,2.674073831904295
2980,-2.2250713282900025,-2.893318369693675,-1.412633144170408
2981,0.1547096204593682,1.405907989847963,0.9017658608734784
2982,-1.1271272037135889,-0.5590404314940752,-2.417652175781553
2983,-0.9259127956784332,-2.46437284760856,-2.389127023120508
2984,1.1299093873758228,-0.0098935981460951,-0.7617819476865907
2985,-3.5001589547714858,-2.4947400433339246,-1.3595249848159217
2986,-0.6388388801491126,0.7751461951494858,-0.0699417152697823
2987,1.1293658593478386,-1.5017660723664763,0.3096445043213693
2988,1.408435097007534,-1.4504027305890688,-0.6380730910206022
2989,1.4092573033621327,-1.0745552097003617,-0.0206355894691258
2990,-0.2262668648191632,0.2335431575663513,2.135949104045792
2991,-1.5138957235259531,-1.354807075721819,-1.1701383892639037
2992,-0.3052963887499883,0.0596191363615852,1.3593950945817572
2993,-1.6593166062514555,-1.1349629158386376,-0.7603357821502134
2994,-1.5886859537127678,-2.019100355965455,-0.1552425224146165
2995,-0.5105547914430607,-0.2009912089897508,0.1253626001505734
2996,-1.2445509306072569,-0.8318892916028762,0.812342691348649
2997,-0.4618387796550526,-0.5049271726911668,-0.0696421921362561
2998,2.006357701587587,1.2474964200403913,1.5041546272235595
2999,-1.3059583182762349,0.685241623637374,-0.594820243611126
3000,0.4243943544776737,0.4792158956021846,0.7559696151143913
3001,1.954426804122848,2.540632101722475,1.2767783115149738
3002,-0.6064285080955426,-0.4768109672214906,0.532854193364536
3003,2.288758551355987,1.492421228550336,1.9424971840622072
3004,-0.9161267249712848,-0.718308814232649,0.5336331555018914
3005,-0.5065875245564004,0.9702871963598952,-0.3352549112060421
3006,0.052042910187104,0.8043617304082639,0.5335820159968538
3007,-1.1941964823696665,-1.735157758938326,-1.819272151880773
3008,-0.5831352021342067,1.2228823305340484,0.5922318238642378
3009,0.5509636532210456,1.541463261711234,1.0628990843213575
3010,-0.4633590703412595,-1.51060292108402,-0.1790486359750752
3011,0.6723154531177201,1.8050569446364384,1.0131248906171442
3012,0.4239811143112525,-1.2170255083356083,-1.196881374572185
3013,-1.0354697089945395,-1.1854320763138575,-2.69050276436382
3014,-0.1221021257636812,0.5829166721998519,0.2014634392049257
3015,-0.4839067712922789,0.8461350809638162,0.1403286176682389
3016,0.0538945559563304,1.8797184278772003,0.8316313682812416
3017,0.8840400825670786,-1.404655225501032,-1.8921963935861517
3018,0.2554982125703668,-0.8331545861666921,-1.0838338582726192
3019,1.408176379890026,0.8758072243999511,-0.053560291314009
3020,0.4471696256787408,0.3064089861423934,0.8894732531423508
3021,0.2207900374598799,1.4950047035031098,2.4543228421884504
3022,-1.7450559587251742,-2.247553153243817,-2.762182014318148
3023,-1.7046527436341172,-1.397514990628654,-1.6260283893007763
3024,-1.3710750150591915,-1.0421830992656549,0.4572254068874786
3025,-2.682524564946589,-1.1480522093921075,0.2316365300676154
3026,1.282744990069184,1.2738273097935044,-0.447902588139867
3027,-1.0804520489486316,0.1423008601499563,-0.452546196668747
3028,0.6417077644925656,0.9401361572389711,0.9642742048650572
3029,-0.3948118974234078,-0.8984234574958049,-0.6124543509462976
3030,2.020861488397101,1.163882853617335,2.654970840447722
3031,-0.5128822852699177,0.7089680042352664,0.6214877457964216
3032,-1.5911930101000622,-0.1750762401504194,-0.4180991639978828
3033,1.0565881057351345,1.0927209267941576,1.7654115139708213
3034,-0.132904197727816,2.2581458612978693,-1.276802653332315
3035,-0.0055742104379557,-0.7457558035818729,-1.595941016336533
3036,-0.6426300307254919,-0.0859011235272528,-0.3410359190508507
3037,-0.6052969332136141,-2.238759630326155,-0.6987532597590349
3038,1.4287827773580937,1.880549360541949,2.727600788634812
3039,-0.8601418629887289,-0.3805777070912368,1.4588407851840548
3040,1.4274950814967773,0.5150252228335781,1.7074368797233554
3041,-1.20091985351303,0.1507200888857494,0.6908195931714505
3042,0.220422887432828,-0.93438873263262,-1.8045523728036557
3043,-1.1284940623955009,-0.241676671449993,-1.1183539367590325
3044,-0.2292137508756644,-1.2051974063171091,-0.965951751426129
3045,0.9282829973484346,1.0722323857130125,1.127468462380862
3046,-0.3736881219359307,0.967376729326819,0.0125038684983025
3047,-0.8803804901009729,-2.1693160068176103,-1.72867002025613
3048,-0.4231881012954613,-1.5169562707778292,-1.5175109437115848
3049,-1.077474379071374,-1.384426922073221,-1.4918526455664598
3050,-2.57673902162665,-2.239298984675714,-1.8230571834056477
3051,-0.992686868024943,-0.4059458309317296,-1.0145084744000512
3052,-0.8020258828300061,2.4499876310483546,2.3819154807966267
3053,-0.6052991964247759,-1.9108170299852183,0.4490731375108
3054,1.4095537734646075,-0.0135840826176263,0.3498014904801569
3055,1.1322010673518006,0.2344482961659122,-1.1196224232365848
3056,-0.5101312266255434,-1.7609378657494683,-1.4399600163429116
3057,-2.354891672188086,-2.290459190788221,-2.9416816289379035
3058,-1.591022890622048,-2.182168886320068,-2.048199320869534
3059,-1.0334858560451177,-1.6061690674616351,-1.8787789041675644
3060,1.0154395717137816,-0.0921882477504479,-1.2501228191393268
3061,-1.260759249339324,-1.521117936480091,-2.3048432946240185
3062,1.4660175060403144,1.7197648563007908,1.4136213260063717
3063,-0.5660720749285049,0.2525640182396623,-0.0978260417227566
3064,0.4989714817174915,2.1341580576980386,1.13820756632176
3065,-0.8249272224545723,1.4665726898159075,-0.90416473035681
3066,0.0958826802201998,1.8675566521035192,-0.2816557871650946
3067,-0.0060160383156069,-0.0095044787614334,-1.3594964146992217
3068,-2.447693127659285,-2.492349888680083,-4.030206626125646
3069,-0.7122860346349431,-0.9733810097284198,1.5769690489213473
3070,-2.9161427937994397,-0.010562438436176,1.061624054319873
3071,1.849852223985252,0.3190453162174541,0.9067511775187094
3072,2.584838744304133,1.040758029643058,2.845857002639058
3073,-1.319312249909251,-3.323240569267735,-2.5506350220904324
3074,-0.8439562601533025,-1.2171295286255763,0.0937397339770633
3075,2.0691838720521645,2.376245738072407,1.5716775441338355
3076,-1.9998424334823717,-1.2506721043156377,-0.3989235029818537
3077,0.3905192834968857,-0.717829380381187,-0.5871181850665497
3078,-1.5596507343100872,0.8180662687852512,-0.7619544309117915
3079,-1.141929969276662,1.5497063378876998,2.408855108863557
3080,-1.8381072660355844,-1.5830442198420782,-0.4169915449144693
3081,0.1783170612459846,1.0364890231265111,1.6144195685552014
3082,0.7243958105030724,-0.8751916757697086,1.928187180721535
3083,2.1807460987863903,1.547304882770272,3.51744812458849
3084,-2.4039311831554837,-1.110546417647285,-2.126461322126102
3085,-0.4839342661855684,-2.03121147734506,-1.928829559074033
3086,0.8003473080568836,0.8183764817351871,2.557858184353719
3087,0.4245846340481607,-0.4450017510162716,-0.4904298852088273
3088,-1.1258440720455705,-0.939647361487441,-0.5316928281309976
3089,1.9153870766690484,1.48298000146487,2.9371994435954147
3090,0.580045627217152,-2.0864103720141385,-1.7481447038371365
3091,0.7455704913647163,-0.8144128421335767,-1.5958702588055649
3092,-1.2424199623641057,-2.574703349835948,-2.5415294886565576
3093,-2.18280894535711,1.4937399874134771,-3.594746059602824
3094,2.352365423686694,1.023943272107546,-1.5961462249496408
3095,-1.3351590074382824,-1.5078621958700436,-0.2318434712778763
3096,-0.0358636148581228,-0.2569426021810256,-1.036280926457179
3097,-1.6396315447238423,-3.022039269872893,-2.0205832964773087
3098,-1.2025812887386105,-1.5086219108726784,-2.7131049804169978
3099,0.9309517015359798,-0.8953568854864061,-1.250219074789686
3100,0.5510474515922239,1.164177797427007,0.5057280921309343
3101,0.2624601601413139,1.0432065350158295,2.671318912517448
3102,1.359789438558521,2.0749637745843423,-0.8742136920679637
3103,3.007154375324756,2.671050078403977,3.6326487848582194
3104,-0.2857725103355226,1.6555055608905007,-2.569008789259731
3105,1.3990106694200009,2.222781257296125,1.9138548546180332
3106,-1.3715010184746472,0.8162009995437515,-2.017563753169848
3107,2.5868456030871783,1.230940185557268,2.6932096799508227
3108,1.4885593881529366,1.734807361924196,1.7552735495192084
3109,-0.3995040214407314,-0.7079613318205651,0.6691177026216754
3110,0.3395795387825753,-0.0077440581055526,1.5705594909794631
3111,-1.0041536734001963,-0.680689154683024,-0.8098143586840405
3112,1.9031515653028988,1.759198773390666,2.1331290915334504
3113,-0.8999168189386454,-1.6268172547452222,-1.1197173421366955
3114,-0.8956981933328848,-1.4026038987665588,-2.396183523247982
3115,0.7239907347170528,0.6892064064105196,-1.97743851058338
3116,0.4195293155019872,-1.2339329782395612,-0.0453687486637601
3117,2.886062190550283,2.591020703383449,1.8511729388938811
3118,-1.8051190933940464,-2.410037113044919,-0.5880759923259983
3119,1.9822913887634523,-0.2638067707418918,0.4199332804719046
3120,1.7041915962569627,1.5116954483583138,1.9980418590852156
3121,-0.9190824742437615,-1.775166912217108,-1.0913750479394804
3122,-1.3702010622538467,-1.671348770662339,-2.6573837343346782
3123,-0.5377834427645455,2.3028927681093303,2.825307935535521
3124,-0.2256502422618637,-0.3135416924336986,0.6853965717518351
3125,0.7588684903546886,1.9120796131151487,2.7031508332489023
3126,2.2891309531504795,2.714431503889452,2.516272762683812
3127,-0.0088067563527812,1.7094112777940054,2.6542018124325657
3128,-0.5057198622092768,-0.4767275483707799,1.1712318826378194
3129,-0.3345934590218158,0.5578218667097591,0.5593051210374418
3130,1.2827454665346918,0.657819448561202,2.4393332843490447
3131,-1.6584595425589856,-1.5633317495165044,-0.0642969154153036
3132,-1.8718021476455629,-1.8634265643040508,-0.5460128102836664
3133,-0.0107049601572935,0.3363373741237612,0.861263236833492
3134,-0.4390863409416248,-0.0911863727226537,-0.7003899665940054
3135,0.0070772814124495,-0.3784497778334538,-0.5920969426329815
3136,-2.450162147764537,-2.2389484765190204,-0.7616987165614938
3137,-1.248698251855018,-0.5555077071886535,-0.8725755920254824
3138,-0.0677203437650732,1.0453514170793918,-0.7980679599496141
3139,-0.6569967806249403,-1.0017253251786944,-1.844251763035877
3140,-0.2277066235858586,-0.4445175006796142,-0.6980499055531982
3141,2.4695157563021763,3.268594796941126,1.0910816332125752
3142,0.9310281755767454,-0.3324820054997591,1.009777497033944
3143,0.6622163047231869,-0.0918999553806461,-0.2154559506785904
3144,-0.4986034222425411,0.8042575939467119,0.4290751600363857
3145,-0.5618206464307254,1.5565780339438409,0.1152852125335261
3146,-0.8803491016271575,0.059790494680092,-0.3575432224022326
3147,-0.132004207888433,-0.4433636210904609,-0.5818009922226851
3148,-2.1669776361582467,-2.3302098775465816,-1.4377162279228208
3149,-0.4619119808592662,-1.3079021610406838,0.120000805992206
3150,0.5021201143269082,-0.9657640407082768,0.3415889013714736
3151,2.3801621102757395,2.4025149001043333,2.3721972435368155
3152,-2.4929975281283787,1.839776873630838,0.0937006266303943
3153,-1.4406677795456535,-1.5189792615684017,-1.18039103950617
3154,-0.6119865825050256,-1.6196511413838337,-0.9393313351557928
3155,0.5595316867941769,1.017651122472648,2.5154297548727373
3156,0.0971770312336295,-0.7010674548939609,-0.235478580664283
3157,0.7157902846737895,0.4898337835240568,-0.1541059693696523
3158,-1.0323465971205024,-1.949101295530388,-3.0852361064685803
3159,-0.2635333516736579,1.5558038560788383,-0.0393305446142164
3160,1.2138514052006844,1.093287147856892,0.6693874104742533
3161,1.7039987468426945,0.1512570375513228,0.3121767670305678
3162,-0.6058360352853455,-0.945599995366789,-1.773145585388054
3163,0.1135540529056751,0.6574641290365372,0.831010440476352
3164,-1.6230606872887592,-1.711750541467935,-0.0205881050949824
3165,1.4849362219733504,0.6359941426994148,1.2182462248795192
3166,0.3700116445241161,-0.8310473023041157,-0.3688896344584088
3167,-1.8255049738010412,-1.1240121528844642,0.0413186805257541
3168,0.0529256335671939,-0.0103998141987532,0.6911354582426515
3169,0.579907454881657,1.9875147089003613,-1.0417382473449854
3170,-0.881882096393948,-1.5108630526888502,-2.632365084892929
3171,0.294433579608796,0.8737913261326395,1.5728584026984385
3172,1.0808837697968512,1.627595524376165,2.280194670676051
3173,1.1364371194894551,0.011875378278386,-0.0518838359049791
3174,1.1363331351997692,-1.346767237447983,-1.9107550979465249
3175,1.7350134419360457,1.8714066776433536,2.3145749219998444
3176,0.4434102614606855,-0.400703204911422,0.2868466864046064
3177,-2.7808729852992067,-2.6902356314969977,-2.350633157037301
3178,1.2950566205571048,-0.8120464901225202,0.4513555592717909
3179,-2.24635963416264,-2.411748432779089,-2.723555752315053
3180,0.1183881574314923,1.1853228863667926,0.3394353435891867
3181,-0.9524285902968508,-1.0915248132464843,-0.0736060892350529
3182,2.3063014498767327,2.742587412330856,3.113597511541528
3183,1.8397106114877664,1.2092746548908553,1.3777857376664802
3184,0.2947292435756909,-1.0992254507438708,0.0403115773653497
3185,-1.3196746517773,-1.6415475087449447,-2.035474221776893
3186,1.6174959333585983,0.3160898143536094,0.6184036710834782
3187,-1.266991087242194,-2.239384867593998,-2.183080203366516
3188,0.3180142168999799,-0.1590617023378183,-1.359475990607531
3189,2.348732025616735,0.4274991581700375,-0.0879766834809471
3190,-0.4839340822063204,-1.895514416779101,-2.0488418125725456
3191,2.120816371506149,2.377248999073853,3.035273098492943
3192,1.617302948103214,2.629195229047946,-1.1971381502378118
3193,-1.7054647944625894,-1.6409061300882328,-1.8451675668808287
3194,-0.1385690493725989,0.1422938943646511,1.206107164957438
3195,-1.465619451236178,-0.2063839885295646,0.047050379308638
3196,3.6619346682255633,2.796778238428363,4.107883245644096
3197,-0.9511923519975308,0.8148549195817414,-0.2420724556628998
3198,-3.00811078627646,-2.57459746989931,-2.1992105291542265
3199,1.42467703696645,0.6577940084530549,0.7584399238626859
3200,-2.820551601744928,-3.0702834677328243,-2.871197898942923
3201,-0.2907535231649684,-2.659201261048049,-3.279579795693254
3202,-0.2168537995675214,1.626097003506933,0.5923688257714976
3203,1.5852646368753442,0.1637716189096529,0.5335522535135526
3204,1.4692728348550046,-0.7168805787017446,-0.4596097084780561
3205,0.7689724035911895,1.3950625183553091,0.5227095625409554
3206,-0.2271083328130219,-1.2893688233533571,0.5019242954120825
3207,2.157589979395533,2.6410969609879453,3.4136255011334877
3208,1.255293440026802,1.098105035169304,1.1721460160535015
3209,2.291334368731281,2.3773488862719,2.780360943703044
3210,-3.114869407381557,0.7785106246859639,2.1214028850701583
3211,-1.574390325481627,-2.4126709261494543,-2.1756195575345663
3212,0.2561333951435512,-1.093322627195382,-0.9411982852858094
3213,-0.7433796152736382,-1.8338579964456787,0.4012671862468026
3214,0.4792272669583718,1.0926038739197537,2.4730007799505
3215,-0.7913281856239781,-2.239294413876141,-0.448768280384625
3216,0.4240576639131835,-1.567657140187171,0.5593712869815419
3217,-0.0886322762753074,0.9341086415720736,-0.2780490945511092
3218,-0.3791768140082705,1.5083542283404514,0.1176773423329263
3219,-2.58436082558489,-1.2512542414541163,-2.381040966563808
3220,-3.0570240157223973,-2.093022778877228,-3.1635902056442013
3221,1.3547453605769886,0.403908765770395,1.3039243806520016
3222,-0.5576768858308788,1.2204259366824026,-1.2783319007297158
3223,1.462728239527976,1.0285364788794706,1.4335749715672848
3224,-0.3664185027273583,-0.7158927752036648,0.0240365430407369
3225,0.4195295914708593,-1.2080889773981218,-1.8630430147842436
3226,-2.651656754930279,-2.182411891708405,-1.4115669296001576
3227,-1.1826293127712613,1.725369579374838,1.5693654484946382
3228,-1.0327790209056025,-0.8290462063305777,0.1081570847471988
3229,2.095399192474664,2.532717941189229,2.6531348046410206
3230,0.0009579068624294,1.0181236504537012,0.3669105501312851
3231,2.8319171235944878,2.138791415621102,0.2310942533137324
3232,-0.9700417814833062,-0.6534186914433185,-0.3969687708477812
3233,-2.942850768323808,-1.1716024617358434,-2.048187746570472
3234,0.4238862329341171,1.2172174871214956,1.1375271873342965
3235,-0.2554891129294308,0.8461455264994349,-0.2807080365423084
3236,-1.4401800222997123,-0.9928215451376664,-1.7942186894111518
3237,-0.5529218014443341,-1.5740667805619128,-1.0114819678456453
3238,1.056759276221124,-0.5185422317143629,0.2744243758411069
3239,0.9169520384800368,-1.0109193635936513,-0.1485695689389249
3240,-1.1838243193136495,-1.8957440166545412,0.1204221311464397
3241,2.2696643711388447,1.0771482532917112,2.4529149860190755
3242,0.1187307267913292,-1.7182313834447445,-0.0522121267996183
3243,1.7537983760489193,1.8844067732706764,2.7387030125485934
3244,1.087598308124228,-0.9657708245106756,0.5598531092702068
3245,1.6177911874229172,0.8459577415894368,1.6807548863809838
3246,1.099789886740471,1.0492813041193745,0.6505058213273969
3247,-1.4924599979171596,-2.087393426017978,-0.8265749561742128
3248,-0.6308219647210913,-1.1034419393550747,-0.4909244320420439
3249,-0.7658634865614218,-0.9275053684615078,-0.1119155660382351
3250,2.11482246299516,0.5587038102761216,-0.4077855599698874
3251,2.867740854238485,2.5716667560495634,3.028851905735466
3252,-3.1184717275775062,0.319217082054022,-0.4479366774836567
3253,2.1225323620323686,1.8105619897763732,2.0961282642827586
3254,-0.0536366289139187,-0.7006537412641216,2.2133598903416924
3255,-1.1281873775725142,-1.1625900665286812,-0.760673499251016
3256,-0.4381468557681212,-0.6458553405187777,-1.1072430544735707
3257,-0.2689120648053977,2.304080434503859,-1.1802902473403432
3258,-1.008242846019396,-0.7040225438667014,-0.8942524742179115
3259,-1.671226436050913,-3.247159134032904,-1.57059236587239
3260,-0.2010573297990693,-0.0124074341081357,-0.6409033685911115
3261,-0.7389428280235092,-1.6913286779225618,-1.3591309060987962
3262,1.2547704783600508,1.7489547544535688,0.5013746589173649
3263,-2.9211511790608937,-1.711401921952628,-2.1486893918762613
3264,0.4020778088159661,-0.7353710016511423,-0.3699797384144246
3265,-0.2884629257758559,-0.9424289035046854,-1.083382029010171
3266,1.0499651456897887,-0.0856860553789452,1.223317928424812
3267,-0.0472394642764064,0.9399337903389716,-2.1997441132402007
3268,-0.3686246932058067,-0.2295551293846612,-0.1938837916274269
3269,1.9123147338764557,0.7345962727151253,0.8610993069651501
3270,0.8915246788043404,0.0115275839731481,0.2699506939114445
3271,0.580011669351641,1.657959351153562,0.4487468909650255
3272,0.3684869850772572,-0.744494575525249,-0.7310833591513328
3273,0.0871517970312097,0.1424000645423438,-1.1806593898780648
3274,1.0982097503055344,0.5038491291073017,-0.5582804898731668
3275,-2.397418325998657,-3.753057314257129,-3.274037334482452
3276,2.1767031182521084,0.5581431549542087,1.9431112137806488
3277,2.3384164932048743,1.4003833577958216,2.544621690939797
3278,-1.3720498411834787,-1.819128100678588,-0.5193025318630573
3279,-0.9203663140257836,-1.0913915086785089,-1.47069862121753
3280,-0.4365550359157369,1.832413879853081,0.2127036528438025
3281,-2.2470469389285084,-2.6581661294191794,-2.4298587834823078
3282,-0.527860044484169,-0.8914615174902635,-0.7505448464675839
3283,-0.1768385506549937,0.0119450767903683,0.7394292376702922
3284,2.6515351308681665,1.169202646118538,0.8276982078387669
3285,-1.2508879758183018,-2.290150435267017,-0.6926845417233325
3286,0.5800300923297069,0.5582507791807514,-0.3405782675146866
3287,0.7590528375612173,1.2243515747475886,0.7891486807419537
3288,1.4087053470112545,0.2247281586300566,-0.1463997930193567
3289,2.6879900295922514,2.5402314304951226,1.972063550804998
3290,-1.8256757080752792,0.685523099411913,0.5915922382637636
3291,-0.4185999171872193,-1.3976970446654169,-0.64121372636557
3292,-0.4483731951908432,-1.8646001399775751,-2.488649746240419
3293,0.7587398275338978,-0.4768032285844999,-0.6131941612455007
3294,-0.0938446873401196,-1.4757020386315056,-1.8199073213975347
3295,1.3331027922280363,0.1501770343820561,1.934345638983345
3296,0.4705388662913353,0.3191135775005439,0.4517570461493417
3297,0.188784750370392,0.6600686893676821,0.4761290260839679
3298,-0.2626365490743381,0.7393412226319236,0.6253625043535671
3299,-0.7778821971941938,1.861538805749127,-1.548867652823379
3300,-0.5701911205369237,1.3940254290197935,0.399043246092067
3301,0.3176738418528695,0.5743275095194694,2.5435098467370123
3302,-1.987635477132964,-1.7049744364476345,0.1454386102048206
3303,0.1783381448447033,-0.0097940629711933,-0.3097274393060625
3304,-2.0386419728584912,-0.3229212335956848,-1.236028849180395
3305,-1.7214025551666514,-2.1545135394260044,-0.1952672286936211
3306,1.954429059489862,1.870412480054259,2.444870817318952
3307,-1.872880687892237,-1.2968845583304232,-2.819955859373513
3308,-1.1847824017377877,-1.818770291506746,-1.8775983963877616
3309,-0.4932890047406522,-1.5065347394468205,1.3834621688446136
3310,-0.8438966709827291,-0.2639710510233219,-0.3624766749953499
3311,-1.0679491034542692,-0.2684806970950536,1.9225758092920613
3312,-0.6862978282781304,-0.4001166567646226,-0.2015379529418142
3313,2.127001434134073,2.603444299156642,1.5030338291740657
3314,0.2216934666958106,0.6852943314128497,0.1893063249043219
3315,-0.2497726981728444,-0.2009893046588223,-0.0468086248845407
3316,2.0202808676393644,1.9896955038691089,2.475301644072476
3317,0.0528110733916704,-0.9874479166135026,0.091397050811518
3318,0.7227098049567775,2.062338314439316,3.632248222860236
3319,-0.3903532773264983,-1.8344352403180095,-1.1195259695781392
3320,-1.0345065163046725,-0.2557525666589404,-0.6719585901051224
3321,0.967461033505093,-0.3538584748254509,0.6906484085879178
3322,-3.0507983972908908,-2.5745482450164867,-0.9032300642575772
3323,0.1230977526295467,-0.7644239821176019,-2.2823633536090657
3324,0.891985723303359,0.7752656601763991,0.6695261473995022
3325,0.8918791868878416,1.6512492543099544,0.7397322283710991
3326,-1.4130617050014738,-1.435803026707524,-2.3439450129272466
3327,-0.3492499413048041,-0.0128452663623529,-1.953772093213724
3328,-0.2616603816022693,1.6536887176252784,0.1414976748710194
3329,2.1072923753186665,2.2144029477402367,3.181568094540415
3330,1.4281796447372097,2.4816257731265705,1.1203656246540894
3331,-2.120781489870552,-2.464765647601408,-3.0998484970733378
3332,-1.1867968552783754,-0.9095877009999,-0.639431692602239
3333,0.7162976608813718,1.0369634240084604,1.6881669496660712
3334,-0.8820739220424562,-0.8977830084201399,-0.9688348314180733
3335,-1.1857722087245774,-1.3212689128665391,-1.180108657742281
3336,0.2624623065658743,-0.4757178695130177,-1.0911293893471523
3337,-0.0057332378278292,-1.3624712588697732,-1.4371561720579025
3338,0.0528907622478443,-1.097625957751624,-1.2784714456798782
3339,1.6548867072805782,-0.563317410068176,-2.229936611454408
3340,0.0534041836115564,-0.3550522955032771,-0.2341239745909483
3341,0.1885883831863251,-1.6195158675718704,-1.2499414097172998
3342,3.4028735599757662,2.502029902856824,2.7867947795702874
3343,0.2619303305701879,1.1444393624742115,0.9341477790753584
3344,-1.1864172413989056,-1.7872496454584212,-2.648287599485648
3345,-0.5317428368536066,-1.397854342400109,-2.420150141127577
3346,-0.4358132683297762,-0.3550117897991705,-2.804869361857179
3347,0.087359567326635,-0.9276739477912956,-1.3344144479275335
3348,-0.2339772284797504,-0.9092439891273418,0.5911091491302201
3349,1.2141652573261748,-0.3252942521045114,0.0650704286290616
3350,2.1481679348544613,1.4117256840107215,2.635297524032488
3351,-1.6393852120563273,-2.3241460154354536,-0.9675050279386296
3352,1.3992162355664692,-1.224825516513758,-0.2510443825406646
3353,2.0153267201888463,1.7343202946755931,2.588914292764914
3354,-0.7793661393372306,-1.3642377078106445,-0.5186226816888577
3355,-0.2766276562029408,-0.8454241116329217,-0.4907268961260488
3356,-0.0032790715435276,-0.4140882616453197,-0.9678511159431994
3357,-0.6692256357250276,1.3605452586020206,2.435457066348365
3358,-0.0555177487386553,0.3978624845543783,-0.640710521942649
3359,-0.7126625794654047,0.1507204956481472,-0.5884619719724208
3360,2.6452061386805528,1.2118737154107964,0.3486495614079836
3361,2.1481629493063257,1.0192656777115103,1.4306854422048
3362,-0.0693505532186826,0.8048410384284906,1.333668430190637
3363,-0.7863329837427826,-1.7742910447517202,-0.0394680706128241
3364,1.0061994143911952,0.0601218338677738,0.4605111496436546
3365,1.8178340308417595,2.093213319095095,0.2987940821158317
3366,0.0527360213408591,-1.3258575050152794,1.0916963702188571
3367,0.5021110993437545,-0.606843954851757,1.0124369284535333
3368,-2.000989643878904,-3.494687812289078,-3.06452628674638
3369,1.6176101193414631,0.2339019341119995,1.5339054601006377
3370,-0.0671477696819875,0.6605182615229368,-0.1026640535150682
3371,0.586552422771804,0.870636636279553,0.4733617056624115
3372,-1.2670839980162083,-2.239049034109616,-2.751587510911805
3373,-0.4142456607045103,-1.3263978950247255,-2.9023295402257188
3374,-0.5795695137448594,-2.247323965584839,-0.7607791057489837
3375,1.1713885660485608,-0.9504120140875078,-0.8938734328352954
3376,-1.4926644139312122,-0.1682641561009429,-1.0408865668474407
3377,2.089908243783841,2.180545340341224,2.990852469347867
3378,-2.4680246630452176,-1.0464279643218797,-2.8820832322630743
3379,-2.374680958489748,-3.0835838832750606,-0.5880913989385163
3380,-0.0981158256410982,0.7750772583698748,-0.0012710173399813
3381,2.0295681546983397,1.293833380533593,2.3387622943989634
3382,3.404565727226597,2.5024150528629088,3.088565338571662
3383,-0.138025227494443,-0.2657673746493076,-0.8106537287599893
3384,0.5019818232588036,-1.469467230502998,0.0350003199715493
3385,-0.2678247930405392,1.2204423547829704,-1.0364000178967323
3386,-0.6021652474151991,-0.9278268113335952,-0.0879777564148703
3387,0.4194425386233318,-0.4754271222185209,-1.4116455875917395
3388,1.9236072138801408,2.3733340905476727,0.7390546012593505
3389,-0.1385837924436334,-0.0219429535354041,-1.492134309641579
3390,0.5864907283972971,1.094508579795566,1.6449675889141333
3391,0.0945151541107225,2.4031676873977137,-0.9668472874649144
3392,-0.2640663327258613,0.5742393111303494,2.376217882575555
3393,2.8999070329442285,1.366511185192657,1.9370717465200675
3394,0.6073773471980066,0.9317115987521484,1.206456429689834
3395,0.3923858073444649,0.967930036643494,0.9835663044248176
3396,-0.7032088946258166,-1.045933986817153,-0.5467218517328661
3397,2.359488939236987,2.601351058600058,2.9259231212036387
3398,-1.3906087932439566,-0.7277187652035367,-0.939951579860308
3399,-0.8190236608045409,-1.5679805996946423,-0.8941207898611927
3400,-0.6567530408883244,-2.2481080941397944,-1.4926248237200526
3401,-0.725787019772204,-1.502869920463243,-0.0125026057552935
3402,0.5020085615761843,-0.7718509202175186,-0.0278705269927058
3403,-1.924108978792615,-1.832893609987008,-2.381042383824917
3404,2.3880062745727773,1.0929966104349036,3.114004379763386
3405,1.9479936664749828,0.689872795280092,1.199317445493898
3406,-0.1216337145981901,-0.5434893790309874,-0.0210380698871165
3407,1.513696819530146,1.552943435453677,1.4335018914006468
3408,0.9312924311033364,2.160844131661793,3.1122602596638065
3409,1.0057948122078864,1.4645093081120997,-1.8045331965679292
3410,-1.7536661879131992,-1.2376967587879169,-2.28276123112985
3411,-0.9862296764460146,2.692984871947456,-1.1807877771148143
3412,-0.8607003285119509,1.8689421526425984,-0.8950144421720323
3413,-0.6366698516852483,0.3363839278140044,-0.2088761846162344
3414,-0.8886624254778003,-1.388962860164459,-1.330893828930569
3415,0.5588301489493779,-0.1342178762689514,0.0591436584193976
3416,0.9154959543918364,1.8948158617355355,1.2161776561289162
3417,-2.7808670979632697,-2.430905253289627,-2.5750777126566637
3418,-1.9239686639527824,0.1625579325192543,0.7900389569289576
3419,1.0566995683470235,1.2320924327243932,0.8878081456602551
3420,-0.7019982373535483,-1.6412075221965134,-2.8432036369066105
3421,0.0521714482265887,1.272707223329835,1.2230286855078083
3422,0.974732290152696,1.5460245601690696,2.741388296100088
3423,0.2155656419659254,0.7089283346730293,0.9790096558244898
3424,1.7902691753417503,0.6344098248868754,-0.408721978791749
3425,-0.829891542548501,1.5144012951005352,0.6502235501564045
3426,0.967491765530344,0.2342189141978906,-0.3102419670379116
3427,-3.6372658734686296,-2.9660553320429326,-2.3541395470005675
3428,0.7587688962550869,0.336236924178256,-0.018723235910284
3429,-1.838133145783141,1.6151326345082606,-0.2303644465864343
3430,-0.4515761171650119,1.82816895029817,-1.5988887281612978
3431,-1.3192325998426078,-1.6400730487847208,-0.4253920020849956
3432,0.6414579529199126,0.8588216709367927,1.1207893094729475
3433,0.0437417305703433,0.4794638890489506,-0.0422761283692989
3434,-1.1304634688255828,-3.1034054820839887,-2.352386545240042
3435,-1.666034405833499,-0.1812098877648649,0.1045496138654159
3436,2.2406982838093867,1.0934153093283785,0.9636538008958776
3437,-0.3473535105481934,-1.0762075936850994,0.4591671761471159
3438,-0.4634207844943247,0.1504554841939125,1.1377956185665885
3439,-0.4886485896939302,-0.8734076985559093,0.2652668337147646
3440,0.8081123038718431,-0.8099025785745659,-1.6253280481048855
3441,0.5021003672209526,0.8040429229379071,0.3283282977996454
3442,-0.3986924362016082,-1.018545351505233,-2.523023743912338
3443,0.1178555988348538,0.6608852069714246,-0.1423364693886565
3444,-0.7523937604060879,-0.9302234752847836,-0.749929347339196
3445,0.2779466057212764,0.8458285220982444,1.2166832016164
3446,-2.424522448927857,-0.6259899148257589,-0.4670517928673737
3447,1.9784027370969088,2.3192275098685142,2.144889425522868
3448,-0.4654349800521202,-1.1007184645150403,0.163276313746775
3449,-0.0333595815251455,-0.102578593986808,-0.6353782452597941
3450,1.1295977789337437,-0.2278019571091463,0.4003541230957395
3451,1.087962997967264,0.634975937707735,0.6859699903118699
3452,0.1141488009757441,-0.2932421246601551,-0.6419615345595746
3453,0.3700892239906483,-0.8302947652983156,2.3245848501028807
3454,3.970890247429783,2.798693078312523,3.488784505737667
3455,0.724088130960988,0.0899347917245149,2.659638380370577
3456,-2.992475858854155,-1.624656394294775,-2.956778726473311
3457,0.849712178184918,0.8761278827168316,0.8896088899316308
3458,3.3218201065876527,3.0490396199945478,3.2077074475437213
3459,0.1544675376634282,-1.1105663697939725,-0.6403932315167596
3460,-0.6054919923966403,1.043245898476428,-0.939479852309568
3461,2.899804399323848,2.478096683260566,1.933541993548421
3462,-0.2988671649594338,-1.5018104572360096,-2.0221999872958576
3463,-3.887540442686273,-2.7370008070106278,-3.008834007775925
3464,-0.2311319941136992,-0.4005524246836708,-0.7314387041535932
3465,-0.6482872827329774,1.8694647815202363,2.234046048779708
3466,-0.9150355647641676,-2.8932837729599927,-0.636599619468781
3467,-1.4409679912743796,-1.7041386583074378,-0.5517919861697616
3468,-0.6885872128418772,-0.8951857043955672,-1.9523908496973847
3469,2.801271533577583,2.6451065144866512,3.205343211357635
3470,1.1364447165151856,-0.1335402518469009,1.8185713462897592
3471,-2.650971370904941,-1.6235005953464328,-3.086671179587108
3472,1.171554676860694,-0.6604165991365748,-0.3096414208267613
3473,2.093583748578536,0.3977345560844422,2.100562496406572
3474,-0.8609241403345944,-1.3544813630460644,-0.5885369678912674
3475,1.3508669714899593,2.1609333142901086,1.433168295055978
3476,0.8493009178404969,0.5417032004341066,0.9684310529585348
3477,0.1782117921478626,-0.9130840146733684,-0.5367691392412578
3478,-1.7435645809377718,-1.7346543780139627,-2.341485099695881
3479,-2.268094120269469,-1.895637991234354,-2.633869246635005
3480,-0.5668438439675436,0.5741576983011398,0.755042972404564
3481,1.288186091612512,1.0745283085495911,2.4123339016449448
3482,2.4060391590314514,2.403440444979486,1.9330424524437648
3483,-0.6581330339506577,-0.4022464456216733,-0.3528785592138316
3484,-0.5077617040972344,-0.293894636370184,0.831905440702394
3485,-2.618962862137256,-2.7151107688348164,-2.238549578636658
3486,0.1493002320872046,-0.4682845573634919,-0.5943685204851035
3487,-1.0342076125992687,1.800060590071511,-2.979976111573928
3488,0.7587783405231526,1.1395342853051027,0.9360358661360564
3489,-0.990934380646288,-1.6504109757666794,-0.8428453841679641
3490,-0.1726687914222519,0.5828185682191037,0.4250920067404444
3491,0.0525268675990539,-1.2256867597832577,0.6538588839550352
3492,1.49077257043651,0.2344010244755963,0.3115107114277089
3493,1.3505197959462445,0.1424945089814395,2.7781727481215035
3494,3.169715985260187,3.0436271361680363,2.860520277343043
3495,-0.7529759515876437,-1.089075138566958,-1.4114456356701957
3496,-0.6108872434580446,0.4043756488898894,1.061722869144988
3497,1.7721731731765853,-0.257789293384867,-0.7845353623130026
3498,-1.5432058570616134,-1.9460888725597087,-1.9768410542621893
3499,0.1781977661944777,-0.0860952020827866,-0.2565650338795782
3500,-0.5373523862803885,0.3869148598183833,-1.948638983271056
3501,-1.1941726480218056,-1.357083240339655,-1.2766793868848545
3502,-0.2187991197796864,-1.0715300988268424,0.2748617241450273
3503,1.8878440983282028,2.939596426648557,2.998560080474398
3504,1.67809728021844,1.737718204747447,2.82602493966644
3505,-0.3193322713647171,1.584487566192294,2.365797042374592
3506,-2.8004719771773376,0.4038648620376588,1.6864598261640833
3507,1.84042229697143,1.4526902279920018,2.0818738069432885
3508,-0.8601394309124165,-1.25269325677506,-1.4375017184029804
3509,-0.466041562321163,-0.8919885093358714,-0.365335642462734
3510,-1.5137173863081936,-2.602234289004813,-2.583390185274561
3511,-0.7649020982831268,-2.070837595630428,-0.8953726848296405
3512,-0.7978352155053506,0.4898775669725936,-1.2786478248300837
3513,1.3509258248783629,-1.5607599257322913,3.202784652388841
3514,-0.7950899403659796,-1.7565477330442494,-1.6761699493679487
3515,1.2138613762969557,0.6027113782505062,0.6028214220615886
3516,-0.1847313584935983,-0.6448267842702609,-1.0363550005140834
3517,-0.5451863674013266,-0.6327269298291374,0.0908343456950443
3518,-0.4753472003147987,-2.73706865397759,-2.2220515676733115
3519,-1.3719736290178894,-1.1584867531310437,-2.5389937822666204
3520,-0.2954827708995831,-0.3584310786609733,1.6150573196726108
3521,2.007340493726062,0.6152961997491567,1.4331290071583933
3522,2.3289610639259277,2.5321140076032727,3.27684304090535
3523,-0.5632900068614937,-0.2280804751725726,0.6914414654430079
3524,1.0155250607377009,-0.9291980669150076,-0.2793808944817869
3525,1.9584170340245308,0.967603044047759,0.4511628880715665
3526,-0.1901177811095483,1.7233040213119146,0.661831574200039
3527,0.7459140829457428,-0.0128256663123719,2.134238136361605
3528,-1.6586241941253312,0.3165542885919326,0.4468084171756871
3529,-1.441105434743056,-0.5340173645402067,2.9376886280108425
3530,2.506547099346192,2.0480835380581555,0.9345036297189568
3531,2.841685314895387,2.3333605249550566,1.2977749818289197
3532,-1.5913202010868688,-1.83124534124214,-1.5704059960364796
3533,-2.708004929013167,-1.8646110423436488,-1.8878250147543367
3534,-0.2265635781200107,-1.3312050713551058,-1.1183306256257015
3535,1.894643031989776,1.1849730403948149,-0.9679869260926728
3536,0.0430730311882642,-0.1683709587685042,-0.0642877690331288
3537,2.6822243070207232,1.845607306060632,1.9018891662689223
3538,-0.4727195951354179,1.5739152091754811,2.133895426619387
3539,-1.3702799280248368,-0.995617874193886,-1.7222058808567724
3540,1.0980761813714626,1.4260841918454707,-0.8671302080314772
3541,-1.4132923874396996,-1.6183278466453443,-1.887416716722061
3542,0.9746929399334826,0.0899449481561335,0.230173296358
3543,1.926802356420484,2.319870308629452,2.702961556972674
3544,2.19314079242435,1.573157798378702,2.601000020098942
3545,0.8306220848665387,0.2331046698034893,2.3610775974721068
3546,1.99674318706984,1.018327159952258,-0.8103898016126301
3547,0.5018382581189221,0.932037663266294,0.2246232277856516
3548,1.2551530025341373,2.3606001668171226,2.3650199690936584
3549,-2.432927997140529,-1.4330563950544395,-1.091194229042916
3550,-1.889099117047236,-0.1593458737586107,1.3028400148590724
3551,3.1218258275909854,1.8881726659391476,2.365359607525797
3552,-0.7400467390468147,-1.5637007674269,-2.0776789038271226
3553,-0.6766142608161969,-1.4697806757681957,-1.3312297198135403
3554,-1.5748368546925735,-0.976093713109972,-2.0150209187100168
3555,-1.57438996067018,0.1503209245693421,0.0390849366397385
3556,1.098348470658551,0.9322344805692856,0.7891733647062789
3557,-0.8741703281149055,1.3483727169976127,-1.6506561823363752
3558,-0.0952332291904891,-0.9453890589776112,-1.0108960729348926
3559,-2.727648286308047,0.1698508643482135,0.8110807285104135
3560,2.1079602286797066,1.953618788456705,1.0915883040592516
3561,-0.4104612533598065,-0.4677469226586755,-1.6758148299008686
3562,-0.6791770304148759,-1.3497658716626528,-1.4116876330046573
3563,0.4795242928589045,-0.773103605101122,-0.1877331383220936
3564,-1.588464332064314,-0.1022862051486242,-0.1464146721412842
3565,-0.4996040349631545,-1.2195937328470283,-0.8106886465551488
3566,-0.1411036983571195,-0.0218481608070431,-1.4129660389454772
3567,2.1281172524816485,1.6709014494060177,1.6861090748553416
3568,-0.4469364144568863,-0.2422987676471457,0.5594757750160416
3569,-0.09185780259675,-1.1398319438237483,-0.1089332618896096
3570,0.5862641272901369,2.673395630244353,3.370744120192801
3571,0.5802609571736562,-0.7796755679231651,0.2012798582989519
3572,-0.3504058159731997,-0.168024202195636,-1.437505839057862
3573,-1.4066863668132523,-1.692210000250666,-0.4902013542641187
3574,-0.8112092807420673,-0.9530704316884224,-1.2356521106948282
3575,1.973257842574927,2.939154795860211,1.1276640833709186
3576,-2.267997224532172,-2.5156361381080754,-0.7980423311445491
3577,1.1782266181240622,1.2228666095234688,2.9187620727925934
3578,-0.9559011588709092,-0.6105276647318368,-2.014221276196978
3579,1.7540011813224483,0.2349156002801041,1.755313807410922
3580,1.130262924782585,0.5737382973693101,1.543387765230827
3581,-1.3346284630953849,0.7390580736268251,-0.8268725244082139
3582,2.0150742577669574,0.8039351913615328,1.570746451340836
3583,2.207569571562595,-0.0134103228930938,-0.966639076660393
3584,1.1532596456282715,1.2718709798837629,2.2985743910496312
3585,-0.6414924383875126,-1.541335160091624,-0.0900022722883127
3586,0.6722962579495088,-0.6632361642798092,1.012611369675105
3587,-1.743691292113645,1.126734032432371,0.0971233304844663
3588,1.2829337895266362,2.1301824872219184,0.906571433706
3589,-3.030259063758464,0.0772247136326723,-2.5964526085012327
3590,1.282429212553912,-0.2929960231884339,-0.0019486924909215
3591,-1.3184902279845074,-1.1825482754737415,-1.2358911632924583
3592,-0.3706906092582151,1.5902989223288884,2.134286171424226
3593,-1.4924519720653289,-1.0409145993643385,-0.0075911560759354
3594,-0.2985146752832612,-1.2183550410431458,-1.793979880914187
3595,-0.3988599928178706,-1.211032828030361,-1.250447017618144
3596,0.0642682549532584,0.5149133433915299,-0.0515430443552737
3597,3.325639559343786,2.5540413607553707,3.9514853201389273
3598,3.0806311463405827,2.8153303146908564,3.3214058062013696
3599,0.0527239397619377,-0.7107172763884249,-0.4464232877068945
3600,-0.3948120814026559,-1.458979488421973,0.3824679674485075
3601,-0.815410021017752,2.404316931046901,2.568356663058268
3602,-0.7609939511961554,-1.5809989041788528,-1.99059143612788
3603,0.1886633547298985,0.4208856392960588,-1.9293234745707235
3604,0.72434821038873,-0.3225608389674701,0.4226949977924021
3605,-0.0931988584682172,-0.7858993124311546,-0.2888829547881854
3606,-0.4032166506423375,1.170719361363478,0.3969486697068665
3607,-1.6584116306556325,-0.8981301131015516,-0.3663411022001791
3608,1.1533369278554682,1.1314507324241363,0.5912425642824344
3609,-0.3591628058319014,-0.7428404223296139,0.0633137219454136
3610,-1.2503870469341982,-0.7504953883182169,2.0210659466434104
3611,0.4783096590184805,1.1637184463805097,0.090872635568248
3612,0.8307579163285831,-0.559131756424365,-0.6394717942187179
3613,0.6870214381536857,1.074552572701737,0.5219191274585991
3614,-1.1935867608381618,0.3983976128650883,-0.1414238824421071
3615,-0.3022802243150235,2.633430717692951,0.5598405118395685
3616,0.2446114297282543,-0.925169569595744,0.4006808200190365
3617,1.6611049284478427,2.121738839537415,2.4088611111737244
3618,-0.1493502338649457,-0.1593424456589313,-1.3591002109320938
3619,-2.000133309809328,1.024650517024826,-0.8249092697380416
3620,-0.006583400503763,-1.129837444085811,-0.4102537439442656
3621,-0.6609721023937046,-1.640588106823177,-0.2510237149277801
3622,1.2536666805256935,-0.5586990295723884,-0.2832163086020355
3623,3.321995445894511,2.437854192879666,3.034266769258437
3624,2.887512192330444,2.223306265928501,2.463476153535759
3625,0.9311993989302478,0.932952772323981,1.6448434604619522
3626,0.3274853136736206,0.7749128511330495,0.4192661053423191
3627,-0.5506555363497275,-0.6620190655770367,-1.41167003534588
3628,-0.2187921459474729,-0.7851429121863627,-0.6882197352198646
3629,-0.4074434697290875,-0.5633159666577847,-0.6994710544265373
3630,2.8208211867525868,1.512005851814093,2.8465686815518345
3631,1.35857566679392,1.1643484807057818,-0.370866190402251
3632,-1.0184318084465258,-1.9462520102425824,-1.7006404770773036
3633,-2.0686808732113224,-1.3838504568194132,-1.4125288441565824
3634,-0.9518983007776044,-1.147760391443162,-0.732888062467273
3635,-0.3335601762507842,-1.259079272916673,-1.62546339835435
3636,0.724140241809358,-0.5566763950794612,0.6678423272339276
3637,-1.016351766542226,-2.029606479313045,-1.54887933101574
3638,-0.5041843415067385,1.760345140841135,0.6910143303925105
3639,0.3928572104062109,0.0700036175291886,0.6257934172707356
3640,-2.1673531487408724,-2.166590538153948,-1.2764815954505335
3641,-1.0668714504352927,-2.247626064558798,-0.5372060288966908
3642,0.3395197455269646,0.5831259810034979,0.1346216111508214
3643,1.3291163398282302,-0.4055268477195405,0.2971195290623113
3644,0.4708252816196911,0.5743315390401452,0.4020463417331265
3645,-0.5166776380712467,2.071746344002979,1.353929004746941
3646,1.3291571832212936,0.0780985093369758,-0.0264981089104167
3647,-1.124475841733651,0.7751211849366252,-0.1738042663382873
3648,0.672320113925337,-0.25535594627963,1.0107582417217766
3649,-0.604949567706144,0.1502010356408652,0.1390936574001998
3650,-0.1376644609032603,-0.9815844821963144,1.206492677452487
3651,-0.5873428566973968,-1.2181691663571306,0.095944211751314
3652,-0.5859167230587965,-1.5406852364527046,-0.7327117906167684
3653,2.538505600290121,2.5549969512161232,2.2199764847517027
3654,1.4658135343806624,-1.122836739996269,-0.5571336894253279
3655,-2.442326174219802,-2.816145827454939,-1.413619784884154
3656,-0.8096462821157382,1.9335162469208649,-2.103304558701846
3657,1.4824955117900973,0.3161046024152718,1.6106198097658515
3658,-1.465490895316395,-0.5220918410873504,-0.1132795236159057
3659,2.742937384996278,2.5717461436210862,1.8211125570458695
3660,-1.2673296159854617,-0.3543787942004742,0.906355682101582
3661,-0.5764816691422583,-1.6914202141982118,-0.8267688691914266
3662,-0.5579528189180638,0.4039503841033449,-0.1114704861210502
3663,0.6722497111997565,-0.3342124744123473,0.0814121445917849
3664,-1.0806938319326975,-0.6054460949943948,-0.0575827344324331
3665,1.711015347653586,1.3415016663726091,0.9690796540534798
3666,-1.4818507065253772,-0.9290744758410788,-2.757727488718955
3667,-1.2514394724049238,-1.1512490731994431,-1.2354021973783025
3668,-0.7514679915987126,-0.6910987353596723,-0.1844414938277335
3669,1.0810817311942091,2.694352487795701,1.6995320557006788
3670,-2.511862763390963,-3.1402442364813785,-3.700479005016672
3671,-0.1847288319592476,0.8162564936333492,-1.333904874541601
3672,-0.4056083330468323,1.1625570881259464,0.3106838603746629
3673,2.309402309213869,1.310709490799926,0.6216841833012811
3674,2.6530043481684538,1.44085018434141,1.6111198218024942
3675,-1.6398885978652822,-2.57788866119987,-1.2784599940215315
3676,1.7688668017056377,1.7664527657097366,1.4331546144487832
3677,-0.4025643170713175,2.095898592302696,0.1559159774676605
3678,1.1300796046784722,0.8184386686662134,0.8311223007473155
3679,-1.0302288250325131,-0.9771058811596498,0.0754648056997377
3680,-1.4926568744946438,-2.3300298387641214,-1.3572453715344717
3681,-2.395988508334629,-2.0113773902573744,-0.0535042322779874
3682,2.308973703677429,1.931716066526885,2.453261364966503
3683,-1.202728278347756,-0.7202152174738501,-0.1592750501996293
3684,-1.033228532753031,1.1016784883351765,-2.3861740655029937
3685,0.4240830183087397,-1.4721858835573618,-0.8953441534290649
3686,-1.5597993915485102,-0.2952806411274052,-0.8956066174174129
3687,-1.5747136700273532,0.2334922109114977,1.298111109534268
3688,1.792917335483879,0.3189489084317334,1.9404194754514543
3689,-0.638483879066201,-1.9499376541526936,-1.492093150891728
3690,-0.4696199038068592,-0.84358299795596,0.827111073384626
3691,0.2624434793561589,-0.0928329310525072,0.0679936345113306
3692,0.3168416352853676,1.9036815663414015,0.6902161970290812
3693,-2.14993659584339,-1.1583454637857709,-3.008834709345525
3694,-0.8809960339163673,-0.427825492319004,-0.545685996070443
3695,-0.1219310863894269,1.867203196271968,2.5249250520945727
3696,-1.8292326449828653,-1.5690071963244878,-1.8877457804476123
3697,0.8308721023114476,0.8468820541261176,1.9416970050252569
3698,-1.242037315836498,-1.4410658234056577,-2.5171667702477425
3699,0.338891088436437,0.5032063956980274,2.2079975951896387
3700,-0.121644814679488,-1.2536593123361846,-0.4589792634944759
3701,0.2464647018788988,2.0924739921695155,0.0582053414244329
3702,-2.492897579758612,0.0887038956900436,0.6680976709099015
3703,0.3926101630404343,0.7394575374526247,0.0961417414472509
3704,-0.8272978031097363,-2.031729295747791,-2.1030626794724774
3705,0.5264894285195285,-0.0212997793588949,1.1276307588149317
3706,0.4196242181307641,1.4719473763061892,0.1634345295086759
3707,-0.8112174119336695,-1.7870326786879698,-1.3923795248398425
3708,1.8847041508531488,2.2093064503540454,3.864876179744969
3709,-0.4989224612297654,-1.0542106885592202,-0.7839137131835134
3710,0.5593304843158462,2.211020094278886,1.5041169815155506
3711,-1.7046007514892745,-2.202258453415569,-1.7008511516674965
3712,-1.2663598895607808,-0.0105605138889876,-0.2813454190459319
3713,0.2557413767455057,0.4276622958529105,0.1244735247683879
3714,-1.5911776784960594,-1.4505161006567335,-0.461824680908425
3715,-0.991195654893222,-3.5665413352880555,-2.6224125802454936
3716,1.746050710322456,1.8000667431818642,0.0755963334299225
3717,-1.6711820357257212,0.2502408940801285,-1.491983151693634
3718,0.1776442621699248,-0.4659425393853185,0.1712286050310345
3719,1.05640387786117,-0.2692433498930606,0.5375132917481302
3720,-2.73844646294234,0.6154751623832883,-1.9488738921586968
3721,-2.444571063263657,-1.6264845486500217,-2.387712601704785
3722,0.0836521010965357,-1.2683164061338226,0.3329380844145675
3723,-1.5881925364160496,-0.9614092460241546,-0.586576391565431
3724,0.007900401344818,1.0187335441723957,0.4203237408334955
3725,2.032893015897417,2.10381586111384,2.355065363270121
3726,0.0852475629530803,1.4596642561430997,2.057687194992789
3727,-1.671198225899548,-2.345532366271699,-1.9900049262386963
3728,0.3688969375686027,-0.3309408941044139,-0.1328207234082575
3729,-3.116828444851151,-3.349902829906969,-3.61599164583353
3730,-0.5486231175967107,-1.0730604863208395,-1.331012878863774
3731,1.6101912051480156,-0.1336766654190776,1.042361372342455
3732,-2.678808907143222,-1.091406235504356,-1.1592153053618908
3733,1.2533553747577135,1.9448846001915965,3.630864227775284
3734,0.0960933892317105,-0.3127585706762225,-0.1899995308334245
3735,-0.9192944796639112,1.450442374384697,-0.2074753844039122
3736,-1.838120635194275,-3.105933761816413,-2.242253074095704
3737,3.322099315375204,2.720908895165941,3.4886463774875063
3738,0.8310715325690599,1.316296326603504,0.5598167297742515
3739,-1.591105068019503,-1.833165132557327,-0.7986045704372305
3740,2.196830725684129,0.8945975717121615,1.2228115762325558
3741,-0.4725025952978824,-0.7079533336306655,-0.1291473258774134
3742,-0.5621856621014926,-0.8718256438982264,-1.2358934989309307
3743,-0.6158140782067407,1.0824225445857112,-1.9525739245071283
3744,-1.263720059041972,-1.3345255780261454,-2.267690528346828
3745,0.7456151807669557,0.909626156641475,0.9011741936989676
3746,1.6034866803501695,0.7391392053192376,0.120858345598947
3747,-0.3500573683918601,-0.158779184824766,0.1427259881832634
3748,0.6328516359460112,-0.2932518977513463,-1.750801351279848
3749,-2.938841655978352,-1.4197712701917644,-2.591132096352806
3750,-0.4064362582518559,-2.1049244929815454,-1.4124084283839735
3751,-0.3377791491784815,0.0601195119393387,0.8121629726028529
3752,2.683643396649578,2.88136055938136,3.146675539239324
3753,1.0497938563397469,0.1516145823336742,-0.0242407252694819
3754,0.8452982614954752,0.9327750883439428,1.091138205551866
3755,-1.829512820174048,0.1504300745482784,-0.7613408098758548
3756,1.223105301341268,1.8022606172637223,0.519377223870531
3757,1.0979985421287928,0.0780017459075173,0.5338488154007331
3758,-0.4832250261844025,0.5032486839978033,0.8602859762458873
3759,-0.3335463172172015,-1.0247651152815105,-1.2502100988026583
3760,-0.8590839705947669,-2.739047202735557,-1.5175453217465975
3761,-1.9242523599532484,1.2855043560091322,-2.1982742808143696
3762,-2.224838530442539,-2.6565348414796146,0.8117130326328963
3763,-1.481608900280186,-2.494554805667038,2.1004902835878374
3764,1.097943348354383,0.7338403236560187,1.2525811349617724
3765,-0.4977041723683663,-1.5089022933411935,-1.3593663144157369
3766,-2.147654035539199,-1.421209937050122,-2.3902729538082403
3767,-1.3178324917411857,1.0179723831002825,0.2748412289174337
3768,-0.0542020562555849,-0.0128286004515906,-0.0348039020480449
3769,0.5863677689331952,0.503087452238139,1.6442773827537656
3770,-0.6741217206703465,1.3694568567448502,-0.3060148293788229
3771,1.356982604368704,0.4898241607881146,1.994563388347832
3772,-1.658314225999323,-0.9929594974358738,-0.4071990730472279
3773,1.527333251254818,1.9544199506547653,1.7165644313328496
3774,1.427598472268828,0.2547929741137495,0.7396044689466694
3775,-0.3344607554063398,-0.2549672473397588,-1.4917275722735388
3776,0.3393038765426063,-0.0928100807464323,-0.0099830383184539
3777,-2.8031337517364725,1.958545475031515,-0.1321835846118347
3778,0.2562147664113363,1.7570437242646402,2.402097569285912
3779,1.215011613473961,1.1646485850836763,0.3647203635449362
3780,-1.987921183582124,-3.4367972981441266,-2.081838636689932
3781,2.083770714091961,2.612846298325785,3.4305106366113867
3782,0.2153556017754005,1.7696340982048238,1.7505850345348717
3783,0.0426106630803337,0.4788606006841899,-0.0016573836130685
3784,0.6711909106273285,-0.2551471858833298,1.0917626271757306
3785,1.944424141424269,0.077518477167571,1.914272001804621
3786,-0.5388668290288374,0.1706272600677544,-0.8722100646045823
3787,-2.9457588950301354,-2.1154440689588503,-1.8439975287881776
3788,0.8001288486215729,-1.2402577584125247,-0.4476474345666532
3789,-0.4013337777869179,-1.825426739303232,-0.6105548076916306
3790,-0.7776719345734753,-0.9294149877801078,-0.4105284917716524
3791,0.4714713390691276,1.0360449338627795,2.5190219510918324
3792,-0.7400037380347388,0.069704170015088,-2.078485714478062
3793,1.5152545914389652,0.2247993257365909,1.9512986084687136
3794,-2.894722723740776,-3.0275709708199487,-2.808149971444004
3795,1.9676951277408825,1.6167372339030996,1.686572571872548
3796,-3.201479536186238,-1.9368967308671416,-2.628684148979209
3797,1.466341309516852,-1.0096510088313404,-0.556151822739117
3798,1.4082360655485686,0.752436316956797,-1.107530171832258
3799,-0.3591800771950855,1.5862079740463044,0.2744530749988341
3800,-0.3937602439397795,-0.2291505835514421,0.5035446032533919
3801,-0.6159373540362687,0.81497803983701,-1.8049881644533508
3802,0.1182839331874818,-1.422163684615618,-1.8639575025152029
3803,-1.8051176639975228,0.8942465824186706,-0.1127423949553437
3804,-0.5117663512548057,-0.6963686614304732,-0.5209335642541499
3805,0.8000750675773838,-0.0101083655839046,1.3036618189183626
3806,0.0944757240735086,1.0242647364003488,0.2624928488143989
3807,2.935625039224699,2.085979607682141,2.617680466973374
3808,0.9309339782017528,-0.4765428264964705,-0.3047322116320273
3809,-1.0711378760311376,-1.4155926116836244,-1.651034094494093
3810,1.0813806350698596,2.103826877587085,2.9399626489400825
3811,-1.077101923847517,0.5426399244130171,-0.6817482248649792
3812,1.0811458159949154,-0.2567729272606342,0.7359978875066385
3813,-0.9180912553817776,-1.297900673472932,-1.863528781029553
3814,-0.6210354420398049,-4.050891223448085,-4.091750920638515
3815,0.2817568484769645,-0.0125364775509749,0.3514786558834986
3816,0.3395774536844309,-0.1744921253929958,0.3008476048848004
3817,-1.590695652866214,-2.688796854358224,-2.6901028605207324
3818,-1.4384191045256949,-2.0186677806980047,-1.1066301164999448
3819,1.7919867905853035,-0.2570130727090294,0.0721027214477616
3820,0.6870479519024009,-0.4688854724424831,-0.3900713945812216
3821,1.4276047635557612,1.7866917446685515,-0.2016794400079987
3822,1.926646881725932,1.311578230739804,2.1283634952962904
3823,2.2698518842225264,1.026007497730699,2.0395954059711894
3824,-1.5429269037730722,-0.8186320315507145,-3.5932219945904498
3825,-0.1222934641816352,-0.9330601342465598,-0.4180134492270261
3826,-1.0838621649141982,1.6563350328735498,0.9830364586242007
3827,1.58506115582702,1.0963210051392762,1.0124997013101786
3828,-1.193356686419014,-1.734380564142072,-1.952350585012541
3829,0.7994124231724582,-1.0365911087859927,-0.5873522947418223
3830,2.095399795459877,0.4897028541731435,0.9058330378593068
3831,-0.8494149284120207,-0.182887655203822,-0.350045153457078
3832,-0.2936332809960224,0.4787842250403266,-0.4863119676193197
3833,1.9111212673684137,1.0744939440087524,1.2063456986213443
3834,-0.3043753648925498,-1.282784860866575,-1.3310368541975446
3835,-0.2565021639163839,-0.2429772580000823,0.0544764656202841
3836,-0.2978900044097743,-0.7154243743962045,-0.671443592849427
3837,-0.8567821334202036,-0.8962626106850649,-0.3033194975685026
3838,2.136613156768314,1.7926761003977212,1.4923774629201545
3839,-0.3938323201134973,-1.262614678668711,-0.9686285699557542
3840,1.9484752157489225,2.6125901896193997,2.3414660178114493
3841,-0.1989592383663177,1.402610956290673,1.5334288769303224
3842,-0.8870112117267072,-1.2060658417653265,-1.6475357077219217
3843,-0.7622730941173084,-2.96569148585716,-1.8050495517933267
3844,1.5851378138470336,2.511202085963755,2.77974954443862
3845,-0.4624078275605475,-0.2571424041228617,1.6962231026835786
3846,-1.0859364575022576,0.1504599141627129,-0.0821824271806979
3847,-1.1416317018688005,-1.0012649625844736,-0.9675629355511972
3848,2.090883617144517,1.8005538632597138,2.182423475366572
3849,-0.386509546335799,-0.9361813650276236,0.478039294383432
3850,-0.4155130319665765,-0.7436971808143367,0.366970517649059
3851,-3.303166766425865,-3.485928867768245,-1.2501601403485458
3852,0.5505637795436529,-0.2273655961052184,-0.255619386628477
3853,2.3012426940212256,1.2243345131857193,1.786422884895568
3854,-1.4925038968945974,0.2321775404931585,2.133025251030432
3855,2.0432909968606765,1.2953571699078843,2.0190150416602477
3856,2.689486708891774,3.423925145466652,2.2376618645718827
3857,-0.3500476008489508,-0.3559307009395486,0.5061737033106198
3858,-0.4727197437550856,-1.88210831974376,-2.744072398240462
3859,-0.5759723958859823,1.118560895006215,0.2862649682781683
3860,1.1710833404713616,1.3914950285433412,1.9338699976770024
3861,0.7458209952248878,2.033335165864424,1.1376070103060043
3862,2.5276862656070263,2.035671210144799,1.2986330199082818
3863,0.3925051619541603,0.6577300774011391,0.4508155014253288
3864,-0.2967347680481692,-1.669164159533281,-1.1702342905989858
3865,1.9858412914943144,1.1528444005425895,0.2356273407978596
3866,-1.9734856848949265,1.6238267846084973,1.303732653918445
3867,0.6069655518227818,-0.1814159589134757,-0.5570648663530237
3868,-1.2669183071358827,-2.0709573986929075,-0.0332025776351252
3869,-1.6660747114873755,-0.1825564901607728,-1.2563221511408764
3870,-1.5887565777788522,-2.7367556113678857,-1.805030375557601
3871,-0.99032777461066,-2.7372081552198773,-1.413424397750631
3872,3.030927205145541,2.3592291484526298,2.922265778465672
3873,0.3159041893988379,0.6572094873866674,0.62452617911926
3874,-1.923997119409811,-1.4761302578861344,-1.7226003518656068
3875,2.2599681230492235,2.056623406859148,1.1425293121890772
3876,-1.906680085125356,-0.022674941474554,-0.9033991425311108
3877,1.689373832529414,0.8036258896185031,1.091229382683249
3878,-2.0681910227866287,-2.169226844765704,-0.3273216649068041
3879,-0.4656606659760861,-0.6622040180658338,-2.128207066999974
3880,-0.1850729756617417,-1.2029760629108424,-0.7858880469654046
3881,-0.5614782925188218,-1.7605576880972644,-0.4278011791649673
3882,2.01593980275902,0.775221225788068,1.9251188524605989
3883,-1.1849342315902958,-3.465670246041145,-2.6543676045108997
3884,0.7675759137457431,-1.3196715421996457,-0.4524985191680325
3885,2.344016884115702,1.0183423311219884,1.5726057259094963
3886,-1.332426715983998,-2.494327227962005,-0.5376280726464246
3887,-0.9112493301101948,-2.817374127597081,-1.256702401863927
3888,0.0498494789288505,-0.7678606474353488,0.2605860217574485
3889,-0.1215238483239066,1.093653795545917,-0.5585045352335736
3890,2.0066381959804995,0.5034146686211313,1.971725995610793
3891,-1.0085880792519333,0.7782128682380482,-1.952151145316268
3892,-0.8093887840996375,-1.9460793509050671,-0.5917712378480324
3893,-3.69893417055988,-3.338773066819985,-0.2820432323404943
3894,0.0852633760857221,-0.1019447655722499,0.5239200039570131
3895,3.169374764953565,2.1429050788057458,1.5350157999917553
3896,1.349974183422235,0.4658646641295184,0.7364483536537949
3897,0.3390640902560038,0.9323653671224827,0.7884585336341322
3898,-0.6029117468817372,0.5746175447949765,-1.5196505720190348
3899,-0.3646146510976191,-0.5607317312693553,0.6694422395873882
3900,-2.512335178941913,-2.494406134396731,-1.1194859478030927
3901,1.2886468536983844,-1.5740045724182492,-0.1132298329074095
3902,0.3512449776370175,1.7760206629938555,3.020565335617488
3903,-2.038607074021542,-3.1323148894863158,-2.619675794637284
3904,0.9288592849718544,0.3866786036001169,0.3984650358136273
3905,-1.7536523281431806,-0.6628709859216578,-1.4918695345946822
3906,3.107784413358356,2.1006662967927774,1.252500114868341
3907,-1.5421223312668035,-0.9253958059479962,-1.626011222358006
3908,-1.4134166665392605,-2.248205850468417,-0.9669488910409968
3909,-1.180253187641118,-0.022255020717075,-0.063368913963706
3910,0.1874794594036639,-0.7288922773993632,-0.7488975206531374
3911,2.322605383080123,2.163009243863,1.569474223284799
3912,-0.1989525805574126,0.7780423360666564,0.1171331422901519
3913,0.8917167411110891,-0.9052393517578105,-0.2678530995482946
3914,1.2540930235032477,2.0842922443103444,3.39850285365734
3915,0.9747480183700286,0.0900208674824822,1.0420961605939358
3916,1.3600555718661418,0.8587770461153688,1.200183967367086
3917,-1.2421416933965483,0.3361741315371622,0.0881869996293083
3918,-0.168421662575168,-0.8109955088683194,-0.4491013650075399
3919,1.4085342560498142,-0.1816597033509452,0.6609535598459839
3920,0.1878251240744008,0.4273251023231744,0.3198540914859909
3921,-1.1291450240470575,-0.8744738073909806,-1.8051858901522064
3922,-0.0372094253968882,0.2244600919922299,0.8123421067073159
3923,0.7450503310434137,-0.0128820604681556,-0.1485726005635879
3924,2.326812380218388,2.3038405792965184,3.064732592833471
3925,3.1590896669791717,3.231976593335706,3.3990938130638675
3926,0.3926749325703962,-1.6257793223896593,-0.0335679903131549
3927,2.175468573471393,0.6872885196492934,1.0491080490788434
3928,-0.2339785066088925,0.2247045910564408,0.7358205073261749
3929,-0.4185655807897376,-0.987607409962126,-1.170044731925579
3930,0.4242839686140471,0.96916817434466,0.1988075978195657
3931,2.1045260157956283,1.4106895585518755,1.6153764313479824
3932,1.288058635385504,2.045621936541439,1.696941977666763
3933,-4.165385802749208,-2.5778270756898403,-3.70081192951706
3934,-0.8846526367150325,-2.029999533216684,-1.1594364903252086
3935,-1.035178347192072,-0.9613589282360864,-0.5591815136235851
3936,-0.6795919020486315,-0.9924725484699088,-0.2832614762835795
3937,-0.5807933302859988,-0.7678735045409002,0.1687598438385303
3938,2.5273703878996807,1.4621099638948434,2.008888394777025
3939,-2.200001374931568,1.87032830862722,-0.2418883321714428
3940,-0.9850530457046176,-0.8020104576716284,-0.1965120947909039
3941,0.3177497785431697,-1.006942737642955,-0.8269505609666381
3942,2.8169254875019107,1.5940252888466209,2.57312492138062
3943,-1.5590430025549316,1.5395735969405893,-1.750811740413193
3944,3.096360672357783,2.084680254880628,2.812096931299477
3945,0.5865099848919245,1.818828671772396,-0.1209216687859701
3946,0.6723214631064892,-0.4778528802443557,0.3815622490206637
3947,0.5799292523656064,1.2504070615768177,0.4453743998436137
3948,1.6102740602098886,0.6026298728867674,0.9641432339377282
3949,2.4331003757805747,1.9518709533115,3.5186428757038697
3950,-1.5139776556177438,-1.6219905252527054,-1.091409416521388
3951,-0.549895629054131,-1.4752195487783797,-1.1184436493024563
3952,-0.9005239972769857,-0.8491849152351224,0.5590402217950482
3953,1.8531232130597373,0.0779990648049379,0.5924746479343466
3954,-1.6660164525776424,-3.0355608665891296,-2.0158748412867773
3955,-0.7922693020783449,1.458815090522389,0.1883069183527553
3956,2.5626111560119296,2.166707021536707,3.668082916309531
3957,3.023013628514841,2.477105648398052,1.3785150935805377
3958,-0.1942374537697004,-0.6847096673891091,-0.4057539036720401
3959,-0.9393170024977776,-2.324341838111877,1.6863888731056675
3960,-3.260840335996263,-0.2295747657801931,0.3479974953097766
3961,-0.2149848193453502,-1.4525557404990932,-1.6261577836721368
3962,2.0785215865491677,1.83643315691398,0.1068873392208849
3963,0.7162168999778055,1.0369000342354413,2.3951929262809823
3964,-1.973196232098959,0.0690382766878895,-1.042528088371818
3965,0.5508098739784141,0.2343025117163882,0.9831251204326372
3966,-0.1043352020877329,-0.5148592364105696,0.451032640215165
3967,-1.0085492876347513,0.1505482616760084,-0.8262070405597772
3968,-0.007168588465467,0.8460029860161895,0.0352889010629884
3969,-1.753930259460542,-0.1754526303920848,-1.794120780289498
3970,-0.9671831037933954,-0.7033025131594359,-0.0865123695385383
3971,-1.306391812122942,-2.019867869409661,-2.4333579799230494
3972,2.5086529427745847,2.776780482854332,2.4997200078474178
3973,0.4792683977304907,0.602774411604239,0.8872969327896512
3974,3.6618052817657465,3.353396654238465,4.610497181511973
3975,0.8001165200765594,-0.6005483167073491,0.1720771788174392
3976,-1.591862326604405,0.5831720472205448,-1.4918015060614225
3977,-0.525423955595507,0.2336297046752868,-2.915562493579746
3978,-2.513242131035946,-3.403517239922926,-2.5482216423750117
3979,-0.5160745822470514,-0.1750044597222694,-1.928586616898832
3980,-0.5451576411477832,-0.1335321901793037,-2.476601355181547
3981,-1.0832017837204344,0.7392588279554188,-0.1482193742607147
3982,0.0644680626651463,1.5489027659343733,0.8876521834012736
3983,-1.6657245635503068,1.1123123533946488,-1.334008940698893
3984,2.430881780038244,2.167978549171395,2.5532475341983503
3985,-2.3568749707178496,-1.7862634559482595,-2.0368966256064667
3986,-1.5435472484053767,-1.946205925434113,-1.5489390065787048
3987,-0.0063235635507429,0.6347129801509533,1.298789251594796
3988,3.031268425324226,2.433473509873044,2.960351363843168
3989,-3.2512748394357,-0.5048626216283549,-0.8260054228030664
3990,0.0511831992052934,0.3186863280247113,0.3090072549518773
3991,0.931184067326245,-0.0080167993588624,1.0918862832075418
3992,-1.5142926280903757,-1.9623066535799252,-0.7308854134668837
3993,-0.2925249028064657,-0.7916689033545725,-0.0630845290220024
3994,2.131022395379097,1.2300982743900477,2.335753054760367
3995,-0.3370507073239929,-1.2456810161390284,-0.5871344735690388
3996,-1.6582658276807074,-3.151452441214493,-0.1990548465354089
3997,-0.5371179947526585,-1.9898634755190148,-1.9573434612203404
3998,-0.5406624732430285,-0.4676958324087846,-0.9678767212013828
3999,0.0960952132889448,-1.3917296735998554,-0.8954846677605302
4000,2.7686695198461866,2.553346556588378,2.3449046157265
4001,-1.6659188391799062,-0.0219247844453998,-1.0362561961287888
4002,0.8079592356737266,-0.4762017821944396,1.9732365084457395
4003,-0.7412369313222037,-1.817779640739932,-1.571596070286898
4004,-2.120643081558025,1.017900716779674,-2.146375007714153
4005,2.650961647273716,2.3333534830209315,1.6825460761915512
4006,-1.316862446518225,-0.9673119070593564,-0.0333988704477928
4007,2.191278444397342,0.7758853294605262,1.5748127874838072
4008,-2.0107058030906155,0.5033735380701965,0.0080304537263219
4009,1.3551566694265675,1.6812395154812942,1.8879090176569795
4010,-1.7218180330894235,-0.7178313650704751,-0.587558719737896
4011,-0.7775771283181864,-0.8477691343793061,-0.699676151435502
4012,-2.147596608899605,-2.7369627273842925,-2.0169342113823614
4013,-2.219111158480071,0.7398283736389962,-1.751308411822105
4014,1.0810054001328857,0.4655808664265443,0.0344221928963298
4015,-0.0996229966487107,1.3401737647375935,0.5010295246377751
4016,-2.084729193012125,-1.9358897342872776,-2.568001736929652
4017,-0.2836369745323318,-0.9484140886575004,-1.7024138105873257
4018,1.0876226288873514,0.7086974765993005,-0.1698710441671465
4019,-1.4630134340035692,-0.9734017034578424,-0.8720053458924935
4020,1.883370505311796,1.997141126628963,3.225261086243019
4021,1.9112153829158027,1.860783770363782,2.4125342787678408
4022,1.766280819487898,1.214888069773484,0.238018494618187
4023,1.21400109034828,1.0184605265949491,2.5112466263690174
4024,-0.5563981119662231,-0.2927329315735648,0.5052707341470685
4025,-0.9158196226830128,-2.1693062547181827,-1.9504891392337955
4026,0.2162387494863206,-0.9024127827051934,-1.0416754956577872
4027,-1.1856766165543218,1.4596154956459635,1.2837717381447966
4028,-2.831432438705542,-2.96543050110106,-2.7946202540440725
4029,0.4706722170753213,-0.9736229318853796,-1.4400617826263635
4030,-0.8615633109836981,-1.315539789645742,-2.3197849061423583
4031,0.9172527647160582,0.2333980250425768,0.7546215134366009
4032,-0.0996164300426673,2.5516689331486835,1.0582158832296518
4033,-0.500489209534876,-1.2710190859332444,-0.611912130466789
4034,1.350037435952802,1.1137001700202789,-0.3802579413325098
4035,0.3164920584981385,0.8182254047808949,0.0973496110142824
4036,1.4916195577278015,0.6895750214005755,2.7322503441414314
4037,-0.5307425416791571,1.166730575143983,-0.2838648996804118
4038,-0.5436320634182812,-0.3808697063608186,-0.1642709053840267
4039,-2.0386875550128742,-2.7931400938522755,-2.5778335320992647
4040,-2.010812756360138,-2.429442833700835,-2.5104087968568733
4041,1.7414217427048355,-0.1809297470991759,0.4575183121953635
4042,2.643996910338055,0.3165402047236827,0.398150429269859
4043,-0.6988590077165786,-0.0093817852425516,-0.7972803170879624
4044,-0.7798300214082188,1.1227840942161318,1.534131860653137
4045,-1.492606895326425,-2.247855396880133,-2.591232811822592
4046,0.2624081860037447,-1.1454569587225147,-0.5579402881543202
4047,-0.501283492718495,-2.6563356200198878,-1.6506357198897166
4048,1.7925404770932467,-0.4335249008771518,0.8123263245076406
4049,0.6414105308608605,1.1636286254383827,-0.3969734713202065
4050,-1.2658599581267571,-0.7138318553024088,-0.6989788692342976
4051,-1.8255112752749516,1.577254142265085,2.5216580892308
4052,2.2197518136334766,2.127790275066694,2.9818177017973677
4053,2.500805725583678,2.148717622756575,1.1215340277998105
4054,0.9310108202010144,0.6603286953837396,1.171456636628781
4055,-0.7524957860875777,1.546608174120951,2.396759467557686
4056,0.7587198351222783,0.1642832829632817,-0.2807382763094915
4057,0.1540784966563148,0.0685607244602526,0.448083053463587
4058,-1.3042830148233902,-0.3325155802161518,-0.6716789762987105
4059,-1.0847063426775827,-0.9817794034383658,-2.5594929075881354
4060,-2.3534532228474303,0.7751795844184318,-3.6692923382470974
4061,0.1536781160933951,-1.0494953134611285,1.0575431568869684
4062,-1.4046758014868563,-1.023554346415733,1.462769625228624
4063,2.1574917762595422,1.8890180800823493,2.207541993780857
4064,-0.5940663302179423,-0.991841120931267,-1.5963171732607322
4065,-2.6395176404643967,-2.071339902446609,-1.751840736847725
4066,-1.3912275947304096,0.3376412085457251,0.6687817210274486
4067,0.2948241520954753,0.6852512015921686,1.047684798217536
4068,-0.0683817184985426,1.4899649949816076,0.202213436068354
4069,0.3930271894761065,-0.2291214447041672,0.8311249570598186
4070,0.3694630001588859,-1.1819800250368917,-0.2561649244066558
4071,-0.0339836652336933,0.4654369068635711,0.2340583096201426
4072,-1.6224466339433876,-0.9706564199913468,-0.2062820783768077
4073,0.9748563946902148,-0.9530327259360386,0.1895115530902762
4074,-2.000333712897465,-1.3646747974230309,0.0630561326576139
4075,-1.4401200450648537,-3.3902983260179287,-1.9284375682721404
4076,-2.4308394647168625,1.0935191310754488,-1.013112354102018
4077,-0.6800318979979436,-0.557955518694365,0.5593167177376088
4078,0.1498731014582678,0.7519109806483667,1.1274335008291425
4079,3.026921488733516,2.879226376818673,2.3109548933553365
4080,-0.8282957149750225,-1.6237133209828742,-2.275553643157523
4081,-1.138722522594758,-1.1407904237990412,-1.119884276620223
4082,0.6722823981794903,0.2509610747934593,1.0911383236569585
4083,-0.6994172149194574,0.8940104043933899,2.571280000169347
4084,-0.427180536967898,-0.0915067220425534,-0.7614075056184397
4085,-2.7252744531743263,0.688162325240132,-1.1588760538738028
4086,-1.1305620234066445,0.8741550562219903,2.1750434190693566
4087,-0.4671118706276086,-0.4129454414679872,-0.4086252004003834
4088,2.7488903341153748,2.9402405295964407,3.5085644639983258
4089,-0.5554802234844438,-2.0103610044320104,-1.672735542172445
4090,3.405404782985773,2.438255460968455,2.6650712070785554
4091,0.3507462499882174,-0.1675239901416289,0.166739896265862
4092,1.422748185474636,1.513984095817961,3.088737703738529
4093,3.270652410637771,3.268327905366172,2.797539950726865
4094,-1.825992446311052,1.3765162310767596,0.5223239331176401
4095,1.7082274985011063,-0.4290505484052948,0.1923029768125921
4096,-1.1284691336132993,0.6339499865885178,-2.7937783045466738
4097,0.9743442483228062,-0.3248324518543553,0.964055764276944
4098,-2.139587159371887,-1.9896893039984616,-0.6419614755304079
4099,0.0974207860820342,1.541869898233816,0.3969172938632675
4100,2.326424411323967,2.03767933502609,1.3779678706122505
4101,-1.9155235637715504,-2.0880187497682714,-1.276796413483494
4102,0.1538808904559369,1.2835962839354331,0.9782340897092596
4103,1.6028321191514665,1.5242571706028367,0.5230570733493521
4104,-0.7164533111644387,-2.181473505805597,-1.863807745257957
4105,-1.0686289185536202,-1.510563564911498,-2.453313638230575
4106,1.1532641636661691,2.302898572930418,0.9678866349491486
4107,0.1884379801510584,2.359712721863324,-0.613777659454826
4108,-2.010511888963189,-1.322758516038329,-0.9393904467545716
4109,-0.4519935637378799,-1.1495537108515157,-1.1591563304904675
4110,-0.1477379341448539,-0.7916701663386649,-2.1849762202020573
4111,3.747555185178751,1.1237716081115838,-0.1799323736086192
4112,0.446964649433068,0.9819764733212932,0.3421166610236287
4113,-2.2694921172488534,-2.182157918173152,1.0122121744625716
4114,1.2078179301799263,1.745135203842534,1.8236178729404533
4115,2.539562427161832,1.6711417682334528,2.2668746121183405
4116,-2.250834411369722,-2.010041535353876,-2.404018509918288
4117,-0.0929751592565488,-0.7010635818301922,-0.4486140387012831
4118,-1.8890370574148487,1.6544321368409844,2.6603958609564446
4119,-1.305613401751469,-1.2508124325297674,-1.3339587784725129
4120,1.7936579520967897,1.5861838525212104,1.7635925187286676
4121,2.687852333500887,3.059889062920383,3.6320293735353903
4122,-1.5745394117595737,-2.962615466258228,-3.770161827576667
4123,1.0871062990862408,1.5080490143841947,0.7554312809873491
4124,-1.5744929591020078,2.333357473450269,0.0137735785630322
4125,-3.2217282143085075,1.7467610989832238,-2.035054741107285
4126,2.775348001399884,1.28423346160817,1.378213343910202
4127,-0.093486862900695,-0.6600240537018415,0.8118141773816477
4128,0.2462506497495349,0.4893659982730678,2.4478195534755924
4129,1.790668894752731,1.9656936041419608,1.3834180150278954
4130,0.0866686047676284,0.752436316956797,-1.4129670912998769
4131,-0.9841976710018006,-1.075894331752413,-2.633526580157672
4132,-1.5138019723694756,-2.8158451377226,-3.2168206297406248
4133,-0.2998229152109387,-0.1679092426210466,-0.0075911192843739
4134,1.3499350667257,1.839836385128156,0.5223695351416222
4135,-0.7670577556987971,-0.7451119762961291,2.2594480883295343
4136,-1.034886372125444,-1.0864808671505897,1.1719155930181016
4137,2.7357939282940724,1.3872776141959235,0.162597092864194
4138,-2.14147086575684,-3.023250531759614,-1.7508737210382654
4139,-2.200325910374492,-1.0017410676477032,-2.481941091856703
4140,2.219843077161929,2.4526492576134538,2.687783456319143
4141,0.4242501931542595,-1.2765087258888503,-1.595969507721715
4142,-1.92418085335218,-2.774865365627221,-1.0143236399303428
4143,0.0530911457729541,0.1515892023676268,0.2013749480557195
4144,-0.5012922789525386,0.8708048145322642,-0.2785110209495062
4145,-0.9363666089573134,-1.5641897226969617,-0.1965168613961178
4146,-0.48819763499471,-1.1207806670315426,-1.5490116449351905
4147,-0.9511563265900836,1.593011793493138,2.544011032104153
4148,2.0799994773178634,2.1310841375797005,1.6879118256074408
4149,2.0868508269808235,1.0354032339368695,1.9066565655555836
4150,-2.5073307523254567,-1.7041711653055285,-1.5717643300625652
4151,0.1242535095205595,-0.9361757789902336,-0.941049797069939
4152,-0.654628434044213,-0.6632396375263325,-0.142334417312675
4153,1.554692669952563,-0.1687252854205567,0.0044146441793909
4154,2.199196028390434,1.291276769862694,1.9724946235525576
4155,0.2223667435143625,0.3868482785205083,-0.7855944985520532
4156,1.8392019511561253,1.409522095491747,1.7563738093116836
4157,-0.4961765893234374,0.0896685662607135,-2.0362790827944157
4158,-0.231967652781165,-1.319611868638865,-0.4029718563809541
4159,0.0241239199536486,-1.7026261541248455,-0.5548363012874324
4160,-1.658221442288007,-1.274703878172632,-1.437389872056192
4161,2.5647237999627737,1.450840424270602,2.285039778819389
4162,-1.7430489807595546,-0.5090299208779169,-1.1191126081892475
4163,-2.580594342282739,-2.1543218064123564,-2.8208332097091
4164,-0.8831976875841185,-2.634721596930786,-2.640795805522202
4165,2.2947471518842923,2.940699342655207,2.582662839918303
4166,-0.9053925276390368,-0.9657654843772976,-1.887430138283676
4167,0.1522979799562354,-1.0817121894260753,0.6620578888600835
4168,0.0527263518685707,0.1505269124617103,-0.6997682072518834
4169,0.0526735237553972,1.32483839529657,-0.0840539911839187
4170,-1.8382616859511,-2.4295600710045364,-1.9286604325816223
4171,1.056713219252633,2.041955879645617,2.471016655068361
4172,0.1779899974539975,-0.3550726836750545,-1.8918229750773836
4173,1.905103478680199,1.59807359748155,1.949435707324912
4174,-0.008972064253932,-0.6170590586327048,0.4970450279666863
4175,-0.938172055882616,-0.6442602562877765,-1.5201983626863391
4176,-1.2514956191732132,-1.450815689852044,-1.0828830198505843
4177,0.5504358485548178,1.6608474946094336,1.75522904152749
4178,0.8081244116316011,-0.9330997767191588,-1.0841024566969228
4179,0.4192040708546735,-1.2719099431994172,1.012590642231377
4180,-1.3703781729432862,1.507473447903528,-1.3310609476364077
4181,0.891684275696444,0.6895068463533359,-1.7006423455880813
4182,1.7548130537980464,1.8318180399037471,1.762637125811612
4183,-0.9134956866633376,-1.652668470687658,-1.5715561977479804
4184,1.3602533319421883,2.1299198452061616,2.2237468141652195
4185,-0.964503312318732,0.6894076307119621,-1.391435693333224
4186,2.347481127848801,1.955403531124657,2.250054978788448
4187,-0.6545948118471345,1.1262524815037949,-1.8877566118833011
4188,-0.0095695935544759,-0.3316915067778673,0.533694983517797
4189,-2.58168969220912,-1.961408606084108,-3.594746059602824
4190,-2.35566799325492,-0.2647751547578724,0.1177126688648184
4191,2.934366932051443,2.881421423186194,0.6252145772617282
4192,-0.4570320239706851,-2.5500814505728093,-0.3434934229667292
4193,-2.512615905499845,-0.7441377531729925,-1.4933247563240444
4194,-1.9731033213249445,-2.409800153172343,-2.0781074555776216
4195,-1.0860408034484583,-2.2394553541347744,-0.9676465798804612
4196,-1.7437365287330544,-1.5668949681837163,-0.0424806269052707
4197,0.8494685608256467,0.7529231092532055,-0.0135516771260585
4198,1.4656615675217874,1.3187627022974502,1.9147480834323487
4199,1.9270069506239744,2.8787231132598783,2.584695883795101
4200,0.4439048677147451,1.8920103492566,-1.0352462866899856
4201,-1.671334370543092,0.4205064460835148,-0.559611888580529
4202,0.5786283043451795,0.7085474834024396,1.2178683019603709
4203,1.7123256975396413,0.3872123568991243,1.7541728685490816
4204,-0.9235869187696356,0.9401077192304392,-2.195139401992248
4205,-1.492812162567187,-1.1729766846318082,-1.7473817940190426
4206,1.9190984577554024,1.5557194169942026,2.4733155005356564
4207,-3.277945419271563,-3.8178881212236098,-2.6938014395963785
4208,2.097153915001241,0.067893970664191,1.9378967016273796
4209,-2.9364480277762697,-1.8647495664777631,-2.035391073047283
4210,-1.1937757331676309,-1.3324686290682548,-1.6727417820212658
4211,-2.057181735105487,-2.409722930716407,-3.342793422000192
4212,1.9756640544426336,2.6945333660207917,3.00031985088704
4213,1.399074448892652,1.3172431264763955,0.7875273930851351
4214,-0.6593462460219135,-1.6051874722157176,-0.1139665446688137
4215,0.1540512574016166,1.076262143247658,0.9019558230635238
4216,3.3220488100313808,2.3196027965702597,3.20831048951109
4217,0.8080973472274362,0.5145663425575122,-0.0676439068419563
4218,-0.3159554638868388,-2.464615840235034,-1.701166229297397
4219,3.3220266543852697,0.8187183294295328,2.4127774789347907
4220,0.4237932972180317,-0.5602663880602435,0.1105805872719903
4221,-0.4683010496245827,-0.4446669363900236,0.5593571590219476
4222,0.7588605792470232,1.9512092084475712,-1.0143802122696337
4223,-1.1421834489267937,1.595010900408657,0.983068511461738
4224,3.031336865604494,2.5910484893556363,3.4429693998085256
4225,0.2558696359064711,0.939900147159235,-0.0200300918684916
4226,-0.3796011288475666,-1.0070933634180108,-1.2768370313673276
4227,-0.5882428032941439,0.3186530694436112,-0.5369788698706687
4228,-0.5683770921108102,-1.255800660219074,-0.6705606391781558
4229,-0.9059645519877,-1.2748945972218486,-1.7481232764317514
4230,-0.9251649041063252,-1.5113707473143827,-1.548859945216421
4231,0.6610866660780108,1.1691177908123325,1.2980330525575094
4232,-0.3331657868058539,-0.8116288549009725,-0.798430070163113
4233,1.359789675965575,1.352744746493864,0.2739939760616412
4234,-1.4132270861907132,-1.5654492591078697,-2.2247201037746867
4235,-2.068279719004304,-2.8159069010189723,-0.178644684548407
4236,-0.051805731465032,0.1504726782497342,-0.3108549242561667
4237,1.0060298690742988,1.73604838991338,2.3738614617917904
4238,0.9283593284097582,0.8146907011931724,1.5720582625699526
4239,2.9363750232573578,2.895295455574812,3.632730298640899
4240,-0.8339279859239216,0.5827852981734587,-1.4116409814931334
4241,0.7691474775597238,-0.4676955131436248,-0.4264535370440634
4242,-0.6144354928464328,0.0593691807655519,1.5045313700986118
4243,-0.6625687944100549,0.4207789436002265,-0.0624279958508254
4244,2.306171698035559,2.6438991016943065,2.094040756830328
4245,0.6070418234362384,-0.3303386439165725,-0.1690879765411277
4246,-2.9411829351139755,0.7336903037798683,9.535640512350202e-05
4247,-0.954029761692479,-3.4413389632961686,-2.6614569427636243
4248,2.074487335169612,2.021967754995042,3.1283691649460734
4249,-1.2670941229082484,-1.2415824482991644,-2.593668670077929
4250,-1.0088602285912849,-1.7340187260936195,-2.0733321882076594
4251,-0.5810452368492822,1.123220342035171,0.6220279636514098
4252,0.8917722943617433,0.170837752113049,1.042652276114168
4253,2.136780700536856,1.2568791987147068,1.4124970836311936
4254,-0.4814889195335067,-0.5624406585396446,0.3115127479339613
4255,-1.140204925905795,-0.7762253142988758,0.1347783897177594
4256,-0.1721305294689243,-0.0920281128054751,-0.0576013655107695
4257,-1.3038152169220592,1.3245958065639472,-1.492208259999873
4258,-2.5341715449654645,-1.331289339833467,-1.6728522155720948
4259,1.6170425943339777,1.076650975376923,1.218084812941154
4260,-0.7341612083915321,-1.2066425040062096,0.7358803161345514
4261,-0.7429062868775219,-1.446855404422419,-0.39771267142092
4262,2.733452325220547,1.709687873482868,2.0064674599164296
4263,-1.069774288886017,-1.7116945541386377,-2.6387855214891744
4264,1.921593527247456,0.0903510149877829,1.1211762079858685
4265,-2.246737335613947,-0.780413210522751,-1.517233682504546
4266,0.3394939577690321,0.4203247404496073,-0.9389851100772304
4267,-0.7164752660213706,-0.7691692082965703,-1.0914265417597953
4268,-0.7100375017241807,1.2166923242639407,-1.7286369295566764
4269,-0.908050024247848,-1.0064392168400549,-1.948546025299092
4270,-1.184556088798465,-0.6564814268755916,0.0908302729254584
4271,-0.380728018929551,-1.2779087576176735,-0.8958270323260029
4272,0.8451749953992932,0.0778200402736099,0.2291755295221835
4273,0.1187022713343001,-0.6037907578881808,-1.647693141810178
4274,-0.4256431398087222,0.7342293272666375,-1.2496808698833213
4275,-1.4402883247503877,1.5785353405621312,1.3342426571502035
4276,3.3220671539534297,3.04924386256492,3.4889330231211737
4277,3.355248031328504,2.9285780990247114,3.7539693983328073
4278,3.159707482225333,2.7169743990075848,2.816525881921572
4279,-2.0387920141166687,-0.0643398810966036,-2.443404692012244
4280,-0.4103271711709826,0.2249598870878747,1.047854928845469
4281,-2.46572781017584,0.0684411289456977,-0.1089561977490135
4282,2.9468422144503736,2.0865221901165705,2.476022441265565
4283,-0.4650356313527738,-1.561660833965091,-1.1802935213318084
4284,-0.7503171609040719,-0.3234179465795297,-1.3929287502265817
4285,1.4094387362550336,1.6397279010697,2.809777120334089
4286,1.3991439930484084,1.3995938015457852,-0.9386161497683688
4287,0.7999838244326466,0.5745095295840257,1.3843648428623312
4288,-0.6151089660896056,-1.1690990695305297,-0.4907014788792844
4289,0.5509858088671566,-0.1590501550546877,-0.5880154874300945
4290,-0.0095584378528382,0.1499206492971244,1.300191687050526
4291,-1.923985099432273,-2.5156636803436645,-2.519448324423989
4292,-1.129418221391093,-0.8147449054397919,-2.956778726473311
4293,-1.305375610283171,1.656746755396124,2.402681707091936
4294,-0.6257949609868694,0.5032327801847752,-0.2281350358085115
4295,-0.3024468024250474,-0.8140517794888539,-1.1701807889920988
4296,0.4786969886272079,1.584912013371777,1.5718841304035087
4297,-1.9878745764543373,-1.1265503689532403,-0.5543387422808945
4298,0.5010006541877421,0.8470029993447132,1.0581209904343765
4299,-0.3370541122308302,-1.2746754757049947,-0.9665034482482876
4300,2.2177728141469704,1.9670139637974264,1.8231969949816305
4301,-1.6711326066344163,-1.6030830242575067,-1.8637054662478816
4302,-0.1486498163579285,-1.9462460433390063,-1.2357949349874036
4303,-0.780599043938182,-1.2051877823404715,-0.6416876469480917
4304,-0.7675103895890151,-0.6811940008126353,-1.278647942888417
4305,2.185934558886576,2.509272667052941,0.5319838769381586
4306,0.053254722337589,0.4046096016574836,0.5633668268438808
4307,-2.220009534194964,-0.1587725992648556,-0.1646741381777909
4308,-0.7675028852572677,-1.054235597977964,-2.0198765992931524
4309,-0.4733303402308794,-0.7796396540591279,-0.5883090368098122
4310,0.0524634918037551,-1.2043969489452186,-0.4083126704771028
4311,-0.0448917162427522,-1.3967664616183666,-0.431136796862194
4312,-0.485643801358288,0.6603006656749544,0.9357640472657474
4313,-0.6266866659202838,0.7754350186736385,-2.5140554201579866
4314,1.7093728688335033,1.2936468830579977,1.821100725973234
4315,-2.0392820222762844,-0.3257595118891878,-0.6909326960872548
4316,2.261124311928107,3.059987834217873,2.6683825436828204
4317,2.24930974988194,1.9601030389899576,2.091773897931722
4318,3.4403438302682217,1.4696601520693178,2.535158858356698
4319,-0.6138873987655665,1.8059050472275595,-1.313574498878012
4320,-0.1899260960644909,-0.0093609195695961,0.1740523537655724
4321,1.282914254440818,-0.2932559573430719,0.6258502623583017
4322,2.2892763913139578,1.6012567586551154,1.8758120895880848
4323,2.6896664393312566,1.5644512683922134,1.99076682295326
4324,-0.3442632728358812,-0.6100439425402389,0.2318038889508558
4325,-1.3721676668560203,1.3443582188298309,0.5895132536832469
4326,-0.5104312210714134,-0.4294923531807019,0.0334206880153808
4327,-1.8382197386825485,-2.3451818730435856,-2.243772614215364
4328,-0.2614885054333758,0.8185225668952092,-0.001948013655504
4329,-0.628968335221316,-0.5204363335942559,0.6905295828752794
4330,-1.4133703354855105,-1.4733758530589054,-1.8191855003952613
4331,-0.8555225501617559,-0.3330866550655753,-0.0997381031911943
4332,-0.9553415381114392,-1.937139090766608,-1.819028091378781
4333,-0.508085402851573,-0.293924587135804,-0.3738772386828404
4334,-0.9925737207874028,-2.262768192063579,-1.9904447496030375
4335,3.2455296408991083,1.5565694662573222,4.322665906036798
4336,1.0983561977869682,-1.1831179191828924,-1.1700894937556232
4337,-1.9732981957176208,-3.543798446761552,-3.9404160396293824
4338,2.3914667197930117,2.048852350625407,1.573724847083454
4339,2.355839992815816,1.4087694006773506,2.9882465975044274
4340,-1.8384494674369247,-1.3982612895148987,-1.7954043464344118
4341,-1.1299816885014011,-0.9657665999425572,-2.3523881987113366
4342,-1.4132548118606738,-1.4322927399118175,-2.01453185584206
4343,1.8565252346615253,1.6463461526065497,1.7867338556040295
4344,-0.7530880419671004,-1.1133127066557482,-0.4552582308847483
4345,1.681639878831814,-0.1672559271826067,0.621839061058334
4346,3.1598287426970595,3.04930544807495,2.820500669892867
4347,3.006310603163824,3.2194296458910445,2.5402186165165133
4348,-0.5464739183846274,-1.1400218494441423,-1.107165355640401
4349,2.804149502639511,0.1714923341308649,2.701946369219954
4350,-1.7049560311457013,-1.8645937922078133,-2.423402284136276
4351,-0.3415167888533047,-1.3360945640051256,-1.7222113136910258
4352,-0.4503998127294802,1.2437957417236316,-0.1585612740295218
4353,-0.5072004658710276,-1.185396368902231,-0.7327878502963161
4354,2.736928735101412,2.713879650985195,0.2647457874377077
4355,-0.5224265685892605,-2.5501078572950173,-1.4707159049422245
4356,2.1529352161440185,1.713801413095046,1.5044121032666586
4357,-2.651082739676417,-1.832696670815717,0.0511544761640745
4358,2.178541318539029,1.1650437337513355,-0.0146623859226308
4359,-1.0631956102968154,-1.7325504828285727,-1.1177298341439528
4360,0.9680187959401216,0.151050329154865,1.3038292256352242
4361,0.2623155524523602,-0.0923511247321496,0.6540835198409044
4362,0.1537351618666942,-0.2569514835572897,-0.7858218071023639
4363,0.3277020959898751,2.249821979545207,-0.7499645570891644
4364,-0.5077527108107753,1.5533341093379,-3.549017718906981
4365,0.0533772930894619,-0.2275618397763392,-1.1982258977781088
4366,2.1727098852323232,1.0456465820997296,0.5922702080192891
4367,-0.652868568634011,1.3601830898860787,-1.0361379816512353
4368,-2.4693525767117577,-0.8115187832565857,-1.116610899744082
4369,-0.4203734297095317,-0.102026845742429,-0.2919953408434476
4370,-3.034183051577736,-1.572443909744663,-1.7006995687306503
4371,0.9674315522018,0.5745012901163752,1.941191222777353
4372,-0.456431181572771,-0.515976616479755,-1.6760044315844227
4373,-0.5234886683974398,-0.883355034638518,-0.5469879393458121
4374,-1.8051342211739176,-1.5065347394468205,-0.2366802474137164
4375,2.787193429079157,2.632492262605236,3.186864370672355
4376,-1.8258956651834548,-2.6564115470797134,-1.036396568512867
4377,-1.9243481518150576,1.3473544676779317,1.5704960685448093
4378,-0.3830229863396167,0.3403078431448746,-0.2888323882152622
4379,-0.0448869384257889,-0.2009811477746787,-1.4710368216683056
4380,0.0437277765325012,1.5137649523133965,1.1370337683454643
4381,-0.4240930233045141,0.7522161981411541,1.0482654639895743
4382,-0.2514573688235959,-0.0911633690711789,-0.8952574430770548
4383,-1.202787360070719,-1.7610847327567858,-2.316850684322276
4384,0.526117047080174,1.2383104067656414,-0.2763051606105776
4385,-2.7962145196326937,-2.2393357916406926,-2.717571599405532
4386,-0.7761422815057821,-1.881972138641044,-0.6828227371710904
4387,-0.613729908532967,-0.9870576011308896,-0.1387578260344092
4388,-0.9884498759376448,-0.9002886594426146,-0.4827812155308703
4389,1.1363404948184457,2.1788071940251035,1.354479047607145
4390,0.6615417683579582,0.2327526317800274,-0.5586268412336107
4391,-2.4434139667780466,-1.0941999029036116,-1.3589999794069771
4392,-1.1282476930650602,-0.9760914831641656,-1.276734485927272
4393,1.607718051408263,-0.0101397597599159,2.0436947805217063
4394,1.4281978063768468,-0.8001265053201251,-0.2924819109145259
4395,-0.5999184637303226,1.0947294051534735,1.0912142652314138
4396,-1.8888540946598669,-2.2392037195898866,-1.75157900152242
4397,2.34835781699708,2.510991253806371,3.1676718621059745
4398,3.0417883106510075,2.940637114973147,2.4922094714258347
4399,2.1423307053335616,1.556545758412435,1.937740940872852
4400,0.0860554000187552,-0.4686048964152126,-0.3717945126181344
4401,-1.2634993481166266,-2.4946810562371944,-1.117854748853366
4402,1.0060624465054555,0.3065587795505596,-0.3641868380390561
4403,-0.4084044214213374,-2.087007058565657,0.3931766222281776
4404,0.9681807942127622,0.5744406969509892,-0.1672704475328973
4405,2.153762194676744,1.9019402020399747,1.822982900236061
4406,2.153785878781529,1.6053969598794453,1.3040399597604695
4407,-0.274374967102339,0.616687673412072,1.5042719062749803
4408,-0.9551044106709856,1.1240652567645932,0.7541150849516426
4409,-0.0924513526825724,1.165859612598794,-0.8104571263915914
4410,2.410684424788029,-0.0910487615932958,1.8161918646340285
4411,0.7161451919188867,0.73909884997038,0.0411785996389823
4412,3.0962731176105387,2.3325753493001278,2.823167129505606
4413,2.0065457946390106,1.0730033820498712,0.5910423246258463
4414,-1.1828617398879426,-2.515732414064338,-2.7451530613799564
4415,-0.0882398311808152,-1.7053507049505343,-0.3527637648880767
4416,0.7691950953012504,0.2246647699837797,-0.4586361423470881
4417,-0.7802477913167717,-1.2971567330332494,-0.6420731047790236
4418,-1.193957409268163,-1.6198749595725903,-0.8267494364752028
4419,-1.5426748961851688,-1.946016381029032,-1.3923150612180095
4420,-2.120555003540962,-2.5501578777207388,-2.6822961305878903
4421,0.8080974065791997,-0.5909630482366601,0.0977060714373413
4422,0.6328957090054795,-0.3576676348481611,0.3096398410171972
4423,-2.2002698823097293,-1.864031887628517,-2.702992223090103
4424,0.0624971093021949,0.4273829305057026,-0.2866209473188162
4425,-0.0471617728179595,-1.146099000636464,-0.6384472209862044
4426,1.0060949050408785,-0.4685883526751129,1.048190980683737
4427,0.3929898464919353,-0.7082792359532755,-0.6422753926391068
4428,2.4607290158595068,-0.4445827559358385,0.4458792094998685
4429,2.759271297281754,1.7444524488523927,2.4463020196199983
4430,-2.8267850422491283,-1.948109367702934,1.1273502479033084
4431,-2.121007738793088,0.0110330927087196,1.874144243496256
4432,-1.3718334509473278,1.9851145712595963,-0.4231587323472243
4433,0.2560587009491621,-0.5197109196051706,-0.1678890575390607
4434,0.1883096546255556,0.0780359908995549,0.7865931227511878
4435,-1.336581295641523,-1.3039644054829518,-2.606091657859933
4436,-1.4065936942719917,-1.2696383769279715,0.0913856434250464
4437,2.3672319362081926,2.694684523561913,2.734618605801012
4438,3.2831345236084704,2.5310823747995794,2.6922024093712738
4439,1.5213691612547768,1.2851562417141738,1.69655003411705
4440,1.715942903307751,3.219450575341719,1.7554846378194542
4441,-1.6715147928589962,-0.1750532679760454,0.3828865318962049
4442,-0.8788218859220144,-0.7445195362559258,-1.87777250257676
4443,2.291300256607165,1.802158213909673,0.7598957602018811
4444,-0.0677219689150974,-0.1745795049634262,-0.3111075540495817
4445,0.0535491482422942,-0.3576749421132671,-1.5198829108193053
4446,1.1781532717305132,0.4208847252838158,-0.4180675708856484
4447,-0.9502793516550012,2.1044407954653126,1.434873109183308
4448,-0.902288651047315,0.1500529789758886,-0.2807519509500474
4449,2.1900456365102814,1.0448546818923985,-0.3324703145959006
4450,-0.0112060276393104,0.5833821481681346,0.3828363962844533
4451,-2.372122815178552,-3.0215612604649653,-2.8810165147125097
4452,1.350035890308258,-1.6501359433435474,-0.9683060817964142
4453,1.4918125696627669,2.4813162558729958,-0.8717936786559498
4454,0.1871601216206395,-0.5434932178824079,-0.6096263245072141
4455,-1.8052526228525976,-0.3550642337100553,0.2351000228574881
4456,1.398644918674912,0.8698259683541657,-0.2520038092593071
4457,0.2462614297816481,-0.9599842673819364,-0.198542122592226
4458,-0.3581985474058838,-0.4295147608079603,1.2775523421046628
4459,-2.557922897056333,-1.179941500343444,-1.6276800360463966
4460,-0.6697838052835134,0.4657971540602693,-1.728710711292914
4461,-0.0947352975704433,-1.5729243089602205,-1.3131752214811885
4462,-3.061716334674375,-3.132290767961221,-3.824765981660232
4463,-0.5400543325606437,-1.031527504849021,-0.489437782477813
4464,2.456643192828473,2.6943771002371126,2.939108838737218
4465,-1.0094329825628416,0.8465716221967772,-0.6412525646590846
4466,0.4469499063620336,0.6150801443082752,0.7366634432002438
4467,-1.8911423202609132,-0.9795180604919548,2.3275329870188672
4468,-0.852757648695905,1.254163119933422,-0.0954975841356344
4469,-0.1483959925692673,0.3195725218628861,-1.278581239930006
4470,-0.1708262699164127,0.8048411602967896,0.0113593564809829
4471,1.91443527868928,0.2502984768514373,2.43413317952292
4472,1.138151673234003,1.1639312871006158,0.6685535291487141
4473,-1.372146622311076,0.6149423959038658,-0.0882854798506517
4474,3.2388929525902497,3.045192450164866,3.145179976270916
4475,0.2456721312858242,0.4899986931612659,0.5053742713055224
4476,2.6475919688353,2.047842238826005,0.4278308047821704
4477,0.8079430919940493,0.5150323323357111,1.121461623007172
4478,-0.6151587058733274,0.7532691926864499,0.6626460965053191
4479,1.81539409805435,1.4421680043513092,2.960349237951504
4480,1.9141478771769087,0.3063422306998857,0.1874109177023998
4481,0.1133416684055884,-1.2787622942957444,-0.4094225368700618
4482,-0.1370325003523251,0.5416370254737076,-0.1291553072623473
4483,-1.5881618613166393,-1.520412936280624,-1.180062120292166
4484,-1.0864194744107556,-2.3249235324995814,-0.9676976401096872
4485,1.8085235226651428,2.5325465828707223,3.0015207041852348
4486,0.1159543879488922,1.7478380720687463,2.16841916144338
4487,-1.0856653486283387,-1.5653203941701674,-2.315666559237563
4488,1.8519576431970344,1.219352780856498,1.7872746588224284
4489,1.9510331385734028,1.152010944330828,1.5040150148732143
4490,0.1882110589166855,-0.0627730928251973,-1.235603062286912
4491,-0.6348149176045618,-1.0390687910646268,-0.4057952542287873
4492,0.7998845409324659,0.8945460299327711,0.9834633575580312
4493,0.4796207691505053,1.5046398943421502,1.355073117252551
4494,-1.1274382069544302,-2.290779880116577,-1.4709749272487922
4495,-0.4309119272095754,-0.7626599028727926,-0.10981566246079
4496,-1.2635895781478146,-1.3976625031001049,-2.532965809931678
4497,2.868741789470595,2.480352410512394,3.938627701526413
4498,0.7589077392609356,-0.8938762465869032,0.3409141669782188
4499,0.5804023824112191,1.5801564246087587,0.7553743570834837
4500,-2.556189825561568,-2.0295815960555803,-1.9101280957986613
4501,-0.9213706645680588,-0.6815023039894846,-0.2510193939966065
4502,2.337564397792929,2.540957615355849,2.988248466015205
4503,1.2076748714112195,0.2343886953451703,2.389725880974616
4504,-0.9404861892956472,0.1502897120207356,-0.7615057502154358
4505,1.4664259399709472,0.5832382217069376,1.333705515189671
4506,0.8076846150639224,1.0179278852342537,1.4296713079801682
4507,1.862990522129147,-0.158600622930939,-0.139816232958222
4508,0.3695323758197617,0.5419041633401602,1.812598766316264
4509,-0.6580053939865368,-1.0410102299832376,-0.8272101122127736
4510,1.638783464211055,-0.0925645161238143,0.3388837928073733
4511,-2.1835532027418183,-1.412089807278221,-1.99045443422062
4512,0.1186245094387983,-0.4054039130728576,-0.4596367840705038
4513,-2.352685923248652,-1.7121951392620374,-1.8438348515685885
4514,0.7691171591475158,0.3866948570991623,2.3388987407895243
4515,0.3694446902158269,-1.703521141440136,-0.8993436609957706
4516,-0.5451276042456878,-0.5590915000342842,-0.2816499005152636
4517,1.607539724464551,1.092887428795004,1.4289759884069928
4518,1.793407368951211,2.208283824645452,1.430562937966933
4519,1.819155860412458,1.4232859738306154,0.3409531416587323
4520,-1.124601786175839,-0.8014503327039062,-0.0653214501293784
4521,-1.4410216132504807,-2.3285682548497197,-2.4005794789412587
4522,-0.6774393232617624,-1.1633399318495656,-1.180418517648826
4523,2.8210147329215167,2.591125266384048,2.164494056800385
4524,-0.5596555614664513,1.459548972396299,1.8112510511151936
4525,2.04809662530876,-0.0917961455350878,1.1363110054792178
4526,-0.5181797034662491,1.5739650356105566,0.2292393062721148
4527,1.51510513950114,0.3864541892168692,0.0073224447272751
4528,2.1654902539798018,2.369645353700745,2.7793403402782744
4529,0.7689675883139564,0.685091046578361,0.3364068783721382
4530,-0.5339472954730409,0.8181190134066343,2.2277892789360614
4531,-0.8515451238329002,-1.2500435259285,-0.5204332574333466
4532,-0.5038398255406217,-1.5696604530801437,-0.02390813263472
4533,0.1124200054390034,-0.0098121056010849,-2.1849906233187406
4534,-0.379141922438842,-0.7812658713797107,-0.3675708527831179
4535,-1.1409536914512493,-1.831877276536181,-1.751696587622557
4536,0.4001216637180128,-0.5958328032869671,-0.0565256327125487
4537,2.6846773268014306,2.571335493364754,3.088405487588142
4538,0.9286763044369992,2.0481168486449017,1.283749872558939
4539,-0.2271057183309861,-0.7448356575228827,-1.5960410893836596
4540,2.7980015507977845,2.126793961044081,2.7034071091231926
4541,-0.5937568790573319,-1.5641410075962543,0.68938211490311
4542,-0.0559059673773397,-2.0711933962918896,0.0994088287385551
4543,0.392446288684857,0.5743301257008037,0.0780761158418407
4544,-0.9853521469271176,0.8940643518567656,-1.0425659850968625
4545,-0.3335760606984544,1.4928191887210818,2.3677735439218384
4546,-1.7432920667869736,-1.6207554360693437,-3.335007956907733
4547,-0.618662663603045,-0.6299278172750634,0.3185771395422744
4548,-0.9067301088089182,-0.443103744379859,-1.5960253131621127
4549,-0.6369172043689522,-1.5676275640638462,-1.517002925831172
4550,-0.8483816055865323,1.6177412600978074,0.8897520101299745
4551,1.9294140981541172,0.0686646516713797,1.218461558530336
4552,0.2554334301204854,-0.4275999560593745,1.50468594304738
4553,-0.2303988928188873,1.101775076547196,0.6902961815500076
4554,-0.4186043685694833,-1.5741037245819254,-0.8098235260650439
4555,-0.9527809105568332,1.5752429465945632,0.7173586183919638
4556,-0.0079722072809733,-1.0894783591323345,-0.3034412774590431
4557,2.9604136866885176,2.3314434757551146,3.3954839441580247
4558,1.098015713525276,-0.7159100805021322,-0.6713430263631928
4559,0.023750646796288,-0.1021016118380376,-0.8428940263268783
4560,-1.3350543041429508,-2.154143785797426,-2.022821682479915
4561,-0.1385680778459112,-0.2420178531583456,0.9774098998664256
4562,-1.1251643221904757,-1.3961327002853687,-0.7475359602057653
4563,1.0024918104996543,-1.936296640714129,0.3517273962721062
4564,1.971715931077616,2.036640884473801,0.5025673530396176
4565,-0.2659491457379873,1.1032568575980917,1.4637257796714038
4566,0.7587700001305752,1.2197490965650606,2.885755478811478
4567,-2.218802170598285,-0.8302983543787416,0.272177600154827
4568,-0.8821124442603204,0.814341367060119,1.12678618594513
4569,2.3972161566560186,1.878495859275747,-0.0842742437623002
4570,0.0628073409701107,0.0898344334845841,0.4770872297511992
4571,0.2158155074060649,1.0295592145721737,-0.1353563947283298
4572,-2.2248066663857866,-2.8153429046020984,-2.2021175997189517
4573,0.9675389951738012,0.7393490411048766,0.6251816980158565
4574,0.3515365531859137,-0.8681665660344267,-0.6999721910555015
4575,-0.7005376498050999,0.3406221847034689,0.1576467293687861
4576,2.8175744974014703,1.9884189076155177,2.337276010305362
4577,0.6876284603243831,0.7553196876874436,0.889442617936496
4578,-0.1502372041867465,-1.0511547587818773,-1.1982953160781895
4579,-0.646541967481002,-1.0017220243384184,-1.470913850302744
4580,0.8452227073509497,2.4338759189965598,1.413398579801982
4581,1.0059981239132811,1.5079661724132525,1.6971976997858624
4582,0.9747054631555852,1.1637146377186525,2.134294663445917
4583,-0.925111962333266,-0.8764148275250708,0.4762081246257421
4584,0.6414051892021438,0.5149014730620758,0.3197905621195469
4585,0.9751557056336432,2.671188967606361,1.7638002737707703
4586,0.6621830460796155,1.2086107178684435,-0.1316977241253853
4587,1.491129204869073,1.83546611153152,0.9055452706714718
4588,-0.059306832430426,0.3977607579476653,1.0585724964764118
4589,1.2887166513722832,0.5148881110067276,1.5022808193306263
4590,-0.6536550341914726,0.9333249907252438,-1.1806994962735156
4591,-0.9548846725761652,-1.6184983788167362,-0.3711117315229446
4592,2.2420846257568603,2.08866364228396,1.0568427632900796
4593,-2.395476799478512,-3.262964989049744,-2.6676097387194946
4594,1.6093435432614318,2.5413643804421726,1.3543702068543406
4595,1.2823738234386342,1.762427621183221,1.4623862898198443
4596,1.6787835268067812,0.4793991912791779,0.6207133570111576
4597,-2.1386570987007274,1.8034871137432875,1.758820966323339
4598,0.9673350083782888,1.963441643363093,2.8425926897185905
4599,-2.182760620141293,0.3361024729773114,-0.2686324157529706
4600,-1.574206703720045,0.9694502624891478,0.4971014809385654
4601,-0.5809032497073079,-0.7317353799978851,-0.8742816007565432
4602,0.6328437147069447,-0.609386498959739,0.3995290724322787
4603,3.0067082874701443,2.741962283964733,1.042513305625072
4604,-1.6399574471311542,-1.6265061998058914,-2.608145455161452
4605,0.3928324044207129,-1.121144164962699,-1.359829221141276
4606,3.571544539053757,2.6038604589422123,3.399093112372326
4607,-1.5912251451420518,-1.5385976324897033,-0.3785969670888102
4608,0.8493994824041062,2.3776625788034758,1.2064592359682331
4609,-1.0163622124526053,-0.1340557542292402,0.2715978153575247
4610,1.3994182447808092,0.3365703558445007,-0.6718089509529687
4611,1.2554364532289397,2.358711695654795,0.5863283408173557
4612,1.553585410319626,2.816620181506413,2.2149503325511994
4613,0.7161308383954653,1.5994442151414163,2.981090934696521
4614,1.864974675031092,1.6630582643082443,2.1298978240219903
4615,1.4285535608473818,0.4275510829266873,0.1895814762670378
4616,-0.1489969644700315,-1.6914202141982118,-0.1537405345556851
4617,-0.9842688479984304,-1.31783884408586,0.6620679446910129
4618,0.2170260660321263,-0.4007638652917877,-0.6745487176326073
4619,0.3387488724777078,-1.2830309129623896,-0.9401175017037886
4620,2.171113190665064,1.0440499855136656,0.2583785932898609
4621,-2.512559594196071,-3.4368900910123825,-1.958148973229612
4622,-1.743143223716658,-2.2476690203569603,-0.3739968374716013
4623,-0.7112412740684706,0.0682421943066685,0.4447165372917536
4624,0.3386752807784947,-0.007702379147272,0.0727424852664297
4625,-1.5433572040585877,-2.029700934127098,-1.2353526818426914
4626,-0.2503272437631573,-0.7003234158708782,0.6216629324953913
4627,1.350616933761044,2.5322721309296994,0.3973439275932677
4628,1.7105816160154106,-0.3303255250209144,0.2370101052468497
4629,1.7379336832136525,1.5099041111284002,-0.0829726719479097
4630,-0.6221885144666771,-1.7118669595653626,-1.8434339392248345
4631,1.2535164998134063,1.5697567789275009,1.1375822863767142
4632,-0.6324676765849153,-1.4017311166166035,0.0893833814680275
4633,-0.0040376344109854,1.797032062189077,1.6146107049970906
4634,-0.3986890176479134,-0.3302911604800757,-0.7858083018875692
4635,2.3678530475233868,1.9374987848420009,2.119280328717928
4636,-1.1276751823011344,-0.0918099359894158,-0.0224383833381726
4637,1.0493860018650991,-0.90149306837842,0.2684147859212791
4638,2.010108624208517,2.0454547576941158,3.133166264012456
4639,0.3920960269784604,-0.5667082817878998,2.367795601065748
4640,-1.5883327144866113,-0.4680950299549808,-1.180479788060535
4641,0.1370055511821318,-1.252659758792694,0.5895761026265556
4642,0.370096119943229,-0.7448636460500004,-0.0482061459854456
4643,-1.0330976238547724,-1.8347162242075212,-1.9581794322796475
4644,1.8397447821599549,1.751192211656195,1.7486139487054695
4645,-0.1456423141209928,0.5146770476621545,3.112723048497534
4646,-2.7175838786703053,-2.430805077547795,-2.803200060855397
4647,1.1780693771934103,-0.3341508699871695,1.41428377747001
4648,-0.5388770968839263,0.7750443769225098,0.3194251514805704
4649,0.8452604230967964,1.5321603092453355,2.591359875236905
4650,-2.537834495099486,-2.330261048934556,-1.5963755688270551
4651,-0.0097081299282445,1.6867139298574831,1.0126095980987178
4652,0.1886205182283149,-0.931912866079152,-0.93960114623953
4653,-0.7147345868797064,-2.328931062309495,-2.339997190084605
4654,-3.4050087638039166,-1.6036241178003974,-0.7325223953286342
4655,0.0440152175516664,0.1509179632175669,-0.3102760899782874
4656,2.0445603277184508,1.396107037861817,1.7568105363875122
4657,0.0525250278065736,-1.026924316870213,-1.4114963027548633
4658,3.4044320518392204,3.3200102574082324,2.6291690422452683
4659,-2.9063790781007306,-3.036084461451233,-1.806044962127069
4660,-0.4269516002207306,0.8040853331059821,-1.0138942098141388
4661,-0.1077077142889837,-2.239094260968544,-0.6991792142261976
4662,0.5595254548590074,1.8597592719741605,0.2337664571813813
4663,-0.9852532452293165,-2.019577047873171,-1.877884753712716
4664,-0.1903455346067962,0.2341142068024198,-0.6414635054798281
4665,-0.3634212133954937,-0.6949937258589104,-0.1239976854002199
4666,0.5018837009931861,0.8715367555364548,1.3330856996644127
4667,-1.3043963460401784,-1.7751998166578558,-2.406448442685516
4668,-0.0331255649964069,-0.257648062087805,-0.4849493286826185
4669,-0.9903559528996536,0.930572576758334,-1.180551698944507
4670,-0.4647150273558759,0.2506712719782803,0.0697689828797019
4671,-0.3022781266492041,0.2333019026417715,0.5021284444282206
4672,2.153122382666005,0.7754219422679296,0.739682537662603
4673,-0.1678092049578119,-0.9398835596945478,-0.282460845395978
4674,-0.8093699695906018,-1.2995510024964796,-2.42338429972004
4675,1.5530005580419062,1.9779966402155291,2.661583032962536
4676,-0.0053255914369264,0.3980935773592446,-0.4907865867553349
4677,0.9167042707057168,-0.3798389201773556,-0.2331693068020918
4678,-0.5301709802416903,-0.604017646193967,-1.7941127491432105
4679,-1.3348509724875115,-2.07100527180422,0.3515417245389034
4680,2.4041716001383877,1.7694311686861357,2.395170259080956
4681,0.0389390182734953,-1.0447599648588226,-1.356969052191406
4682,1.7779034201544133,1.5566044089354032,2.68214135456042
4683,-0.9894635809669986,1.6104839566776334,1.1271837420516406
4684,0.3265434902142133,-0.7353746198799064,-1.9114199374376384
4685,0.2561079925887649,0.7752652158325157,-0.0568134709587671
4686,2.064450632875695,1.5670221002303446,3.131478521412052
4687,-0.725452690343793,1.118603038007311,0.969188514269704
4688,-0.2329024407669775,2.1526314913634264,0.6598701025274762
4689,-1.8716086608964897,-2.634512120528653,-0.8742888996267687
4690,-0.3882799931681672,-1.0195587604748158,-0.8956084640064754
4691,2.2163850868812944,1.8005422116292376,-1.4119158120433004
4692,1.5846636379984371,2.1628744575242327,2.4677031347950957
4693,-2.349689652688949,-1.961028864464218,1.9131581526775805
4694,0.0522083995207094,0.98967746893896,1.0125407428298103
4695,0.8001021069949495,1.6935949881468482,2.7500399147274908
4696,1.548306256964768,1.225091881056564,1.4625691621783905
4697,2.603252822292613,1.5378342831523903,1.0569297679745813
4698,2.2996343611206007,0.7788536842434165,1.6941453664844877
4699,-1.0318300546034924,-2.1693608200364065,-1.8773763496094489
4700,2.0063605550852066,-0.1022982791764865,1.8070701640139024
4701,1.354437206509841,0.967273886336437,1.2226684895323892
4702,-2.6737338565482074,-1.864794762598465,0.5386070712446641
4703,-0.4009335086650956,1.0177634145197307,1.276931412616827
4704,1.1366116136742022,0.1706451607784821,-0.6386396775963141
4705,-0.6770573205839087,-1.510328824385714,-2.0932037307667013
4706,-1.6228837003299443,-0.4832462196873722,-0.2348567465734637
4707,1.6098568173123475,-2.377410940982581,1.6417792795034931
4708,0.6715440894571352,1.9515670137736287,2.83123108182391
4709,0.6722847899097147,-0.0935607894686791,0.2643858168973372
4710,-1.0771383059421664,-0.3309914540960871,-0.7858081264951693
4711,-0.7819411244492414,0.2335467859009658,0.9758557065780528
4712,-1.838120635194275,-0.664112275481795,1.7178247307745478
4713,-2.59945333734141,-1.736188345997509,-2.0150209187100168
4714,-0.4640922882644933,-1.188939445960978,0.1742864682984919
4715,-0.8607119416763424,1.0778197017105229,0.6859963036366143
4716,-0.9895966252935112,-2.0194327400209326,-2.082236777437776
4717,0.6880685528843353,1.80007510212423,2.584858285052374
4718,0.716246559955664,-1.5649641123719082,-2.78433807319994
4719,2.7579697054283385,2.4330530642412653,1.855610029112713
4720,-0.7724497366903186,-0.8290460321859451,-1.1810429145925807
4721,-1.4815711403886955,-0.7509720075132272,-0.2805034270116181
4722,1.6390303643619148,-1.1854101400200256,0.5347154705692442
4723,-2.2784850607178893,-2.115341996821084,0.0381349990986421
4724,-1.744108359724007,-2.0876133822020893,2.431063471392254
4725,-0.44260269767592,-1.3335499180531372,-1.0417171731385906
4726,0.526308588107888,0.2237824952266711,0.5920859094054364
4727,-1.0649164258916146,-1.3220916349417653,-0.8269769554911698
4728,-1.3702888816815744,-0.603540592737273,-0.0829766801394853
4729,0.9747043354720782,2.2863833559964744,2.2907681936890025
4730,-1.1406598313493346,-3.3693500319814422,-2.7557733871833463
4731,-0.7341327065652635,2.0379159050585463,0.369234977538824
4732,-1.3904930573050938,-2.550929258702168,-2.2875402962827094
4733,-0.227925403049007,1.1654895376216927,1.8748280016589944
4734,1.1711538706844196,2.087000102712516,1.8168630604477556
4735,-1.3906920044164108,-2.5503351074524825,-2.03516358186009
4736,-0.6970422126422561,0.2499613282020711,-0.462845404170057
4737,-0.2196435469951584,-0.7504932935541956,-1.0098599837086222
4738,-1.666015382516035,0.3055786355099136,1.2061852730395406
4739,-0.3046290864420774,0.059783935232263,-0.6831403728073656
4740,1.0872213970977225,-1.566152044133537,0.304551019262235
4741,-1.5909534691191236,-0.775715973322398,-0.0739654387420154
4742,-1.4128336978471916,-0.8818146559275126,-0.3363603946110491
4743,-1.5594771817488835,-0.996627164712943,-2.876735483424192
4744,-1.5595299503038684,-1.2093038225705324,-0.0624759383129604
4745,-1.5883952536427737,-2.0195434960072847,-1.036216089733338
4746,0.4796784590646461,-0.8557230659108896,-0.8747384516417065
4747,-0.9256498673660424,-0.9070508148146776,-0.2700494171856331
4748,0.2466090411486577,1.162891478199937,1.4626483793201497
4749,-0.0685687334041678,0.4209129987291992,0.8605715543594685
4750,-0.5742430871567195,-0.6972891899585492,-1.2568335953790757
4751,0.7587097775900524,-0.0927712656931798,-0.6119786826863933
4752,-0.2278258307102861,0.9832315917368604,1.807807513663213
4753,0.3270493156188072,1.8318028052563196,1.0424187122669475
4754,-0.5082873539419887,-1.1458860570035263,-1.1699529642687332
4755,2.430279420428956,1.859185787643652,1.137467614438007
4756,2.175266977189669,1.3115336318236797,1.3007097122356517
4757,1.4278749327833014,1.2313516479932147,0.4215039389535009
4758,0.7243958105030724,1.4592727647222,-0.5914201913856599
4759,0.1546342260936855,1.0242797591931487,0.9020623714254644
4760,1.3509506740868,1.1878986702229797,1.0483578373202047
4761,-0.91953494054109,0.4206479351787304,-0.4195181081050351
4762,-2.129930682920591,-2.5508794921872373,-2.5330819982802666
4763,0.7160471591406639,1.5125432113948196,-0.1380560865072141
4764,-0.3658730655833574,1.095000805855494,2.703146109045204
4765,-0.8447329927448367,-0.997623957488172,-1.2564871369250783
4766,-0.762263998593646,-0.6976958176757375,0.1495871081762577
4767,2.2276630873883727,2.858661663766508,2.348864069240544
4768,-0.9839399031620992,-1.5659304756289012,-2.612785383783521
4769,-0.6985959075004458,-1.038510002617062,-0.9678880091724088
4770,0.0871575634743159,0.1423142692866687,-0.6356599254540835
4771,2.2228760870419646,-0.7025896863206322,0.9785250668104044
4772,0.1868148383557739,-1.2141180196952792,-1.158476542913132
4773,-1.7452118310326434,-1.6050918087641932,0.0662979345796418
4774,-0.1212434639499048,1.8371022138758528,0.4287344563708962
4775,-0.4238307166590905,-0.656401992491955,-2.4372842035790927
4776,-1.5885389985853595,-2.093053660525414,-1.8780954584491665
4777,1.0875943560002204,2.332419018362554,0.6184463492947527
4778,-0.7103991676453214,-0.7032704653021594,-0.9663067752774348
4779,-1.2025580610451063,0.319206918039183,0.7586245080670675
4780,0.4704941976499822,0.5744363065777156,0.6908764972881833
4781,-1.4128724894643734,1.7260226959757503,1.7481292419583874
4782,-1.0321845968255157,-0.9325528543157766,-1.4402002650515249
4783,0.7454904152521323,0.8463014466575175,0.0544712044269976
4784,0.1237319855745147,2.328977652829164,2.7773206926118856
4785,2.508075822881026,2.3774002008903143,2.3814204065157547
4786,-0.1034341462543588,2.799322164674743,1.7552289234691565
4787,0.8001032386005305,1.1013420534297982,-0.4464453941298369
4788,0.6878901498352449,0.4655031979203918,0.105901100003085
4789,-0.2304069927325193,-0.9015136369764968,-0.3677547335090447
4790,-0.8290704431645312,-0.9672380377854808,-1.250313440758566
4791,1.6186664916877298,-1.5653895200333765,0.9010772405762516
4792,-0.4835931996694613,-1.1603517619906938,-0.6417824990968662
4793,-0.3221105841410775,-0.5043593580695603,-1.1175235659338756
4794,-1.1940032539066507,-2.495639698202734,-0.8949619332555401
4795,-0.0451797503511117,0.0901659774992323,-0.0205800909354746
4796,-0.3572923943563517,-0.0629857748510597,1.276751918800238
4797,-0.9535014959449613,-1.1963511103052773,-1.1701720492152563
4798,0.5018998911670131,0.6599392042999245,-0.3790206100554836
4799,-1.591091453555148,-0.0082771100456675,-0.7980160527614756
4800,-0.955362210760094,-1.937505858168948,-0.7614558938800503
4801,-0.7708716930588267,2.858541620066416,0.8900667810237175
4802,0.7161853341379161,-0.0848064170296311,0.1414735073234717
4803,-0.2985063042274757,-1.718737868095663,-0.0700787699250501
4804,-1.303972580505543,0.0770511731748022,-1.9287719237889096
4805,4.042710275742898,3.0485228790744525,3.208551092394704
4806,-0.951850650152364,-3.3752744021090675,-2.8515924414421625
4807,1.1365974879544845,0.6027071569836149,2.741387361844699
4808,-1.132198742082939,-3.3824841413484696,0.398718711688061
4809,0.7240749548694867,0.3402548392673652,0.8876485631616418
4810,-0.1307629977424281,0.3159057851418114,0.3510902547276512
4811,-1.0327550451546883,-1.151087713530763,-0.6411088582460818
4812,-0.0446444271200487,0.3404727582032809,0.7397137768271687
4813,-0.2669769475603231,-1.8829564041046625,-1.2563645961016598
4814,-1.4408314989715767,-0.5902158982010196,-2.562867026462576
4815,-1.3698685504262356,-2.8639413427805693,-1.2503846581293223
4816,1.4884605215600752,0.4042525380119293,-0.1470051443009676
4817,-2.0384299683592,0.4274076233300752,-1.8444728312172716
4818,-0.4430045920175834,-0.5643087924386186,0.0973532634439741
4819,-2.5573524079053853,-0.0658170388589761,-3.202632939319684
4820,3.031157547164078,3.016131941122725,3.11826968297863
4821,-2.3726817092191617,-1.9104354885051116,-3.220548031674519
4822,-2.0968816828691166,-0.0078384451031793,-3.3788957753519826
4823,1.359953961646997,-0.8842343277058945,-0.0334045562676986
4824,-1.3902657400508147,-1.299918919231862,0.0149921355261684
4825,-0.490081582505985,-1.4834848703531476,-0.3177392034488016
4826,0.2949716125297535,-1.5189027540264664,-2.4322862154312035
4827,0.2545435691300394,2.2480297502307174,0.3202065393314467
4828,-1.4815971077588688,-0.5159907498731702,-0.588116899538546
4829,2.3996516100989647,2.8001056959488344,2.8174833350060204
4830,-0.8803869104706169,-1.2844583365178766,-1.3338061870845728
4831,0.3165341363582931,-1.0235615634676896,-0.1027818207390583
4832,-1.3187957708631053,0.7747733271536896,-0.9407673015967256
4833,3.614133571627848,3.268541174889537,3.754426701250833
4834,1.7559658868437218,0.4891298803898867,1.6140853454131456
4835,0.0617531052705977,-0.5166127636176278,0.0433258388211951
4836,0.2801171730281359,0.9711138607433768,0.1403162851368431
4837,0.0252175526402841,0.3062502242856468,1.5723440352535738
4838,0.4471547637119721,-0.3307987920841888,-0.1752152661846208
4839,-1.2419010485401216,-1.4695001349437458,-0.9391648069754166
4840,2.6929550929208084,3.203027652826428,2.184285726826532
4841,-1.1272895766018125,-2.0870997773649687,-0.7601577698593248
4842,-2.952247651926131,1.2068268785890313,0.3479134064133716
4843,1.5525425998345903,0.858991219867125,-0.1216634438892917
4844,0.500108629398282,1.5286555914828257,1.2978471521558474
4845,-0.9553885987880828,-3.1488218093565585,-2.788933120803798
4846,1.7909124877435765,1.7889919054567918,2.5591582427218995
4847,-1.2029001632796823,-0.9080687649845058,-0.7613232910610567
4848,1.3991502483428415,1.1435884780101326,1.8526418119288732
4849,1.677725493257756,-0.0214910482137322,0.0055903570817555
4850,-2.20072404200418,-2.464443180897519,-2.9062537303361022
4851,1.5136094311655464,1.8901163522321287,1.985015108005336
4852,-0.7688162028712364,-0.94636617147657,-1.3590379941903543
4853,-1.0849145581044763,-0.6811903321445574,1.3826648028603516
4854,-1.9240107338741657,-2.7761376706694705,-2.684735220278366
4855,-0.7485253079462478,-0.2415645873318379,0.6104840078668844
4856,0.6609586172601658,-0.1678779060141907,1.3786258803303564
4857,2.398598665104553,2.05621601745965,2.486582284102528
4858,-1.4815507714882383,-1.834352845641505,-1.676311383251447
4859,-0.2597707307457258,0.9321971888697717,-1.4116473591681264
4860,2.18831299288486,0.689887014284358,0.737460002483414
4861,2.5864518182806746,1.3232697690537962,0.9066342997685732
4862,0.369156546404117,0.7522529426586388,2.513162081378137
4863,-2.6530059360825184,-1.2496834809474542,0.4789078617520397
4864,-1.6412911932037684,-2.739131554878134,-2.7061433166088915
4865,0.7587576735209569,2.843690004100468,2.924512609744733
4866,0.2802356455455009,-1.2860727287206173,-0.9657830400419734
4867,2.1531204834095723,0.3404727582032809,1.35421103309246
4868,-0.9548887608015436,-1.5830858988003589,-1.647415004317422
4869,-0.5004908040216923,-0.0922920795412521,-1.0912895398525355
4870,-2.200911118762793,1.353155828063625,0.6024160136137756
4871,0.4794431589981735,-0.9052019633939148,-0.398529415279428
4872,-0.7957917145007305,-0.8884887827419652,-0.5875137985420104
4873,0.8841888589218785,-0.2935729964213167,-0.3399787066746197
4874,1.9050732791637253,-0.5907787046295706,-0.3390270759735727
4875,-0.3642482221911489,1.0948045978939975,-1.3309043402837986
4876,-0.1384123790478799,-0.064648414445866,-1.6255013524795234
4877,0.641304528611215,1.0180929907257528,2.1201075282380466
4878,0.1780560177059174,0.7398146612402786,1.142529548305744
4879,-0.9899392827993284,-0.9003135040768696,-0.6817000504191314
4880,1.6808247684557318,1.3977555427115371,4.029878542335934
4881,-0.2515904052823888,-1.0518107520624402,0.1208844659100734
4882,1.0564324854111864,1.9052781132914127,-1.7019986508488911
4883,-2.039232166794928,0.3394291213767766,-2.532539195899326
4884,-0.3479131247114416,-1.6237133209828742,-0.1975874438786144
4885,-0.7439083728708815,-0.853897873708528,-0.4082871698770731
4886,0.4469381356843528,-0.8629876337602583,0.1495613547255344
4887,-0.4856488607876089,-0.0081220935692555,0.5324065750640922
4888,1.208354430341671,2.023674557572143,1.3832509624860343
4889,-1.3890382268777068,-1.0700091731919634,-0.290776281724717
4890,-0.1210511443092946,-0.9991851421099978,0.0106470499051876
4891,-0.7649633034724602,-1.958175683846484,-1.5706104359515372
4892,0.3394819071282859,0.2505198506166907,-0.0187329869619807
4893,-1.1865674013606096,-1.8651991155322796,-0.3075532312615306
4894,-1.9554579835120167,-0.7053064405954745,-0.6380930798028562
4895,-0.8003682699638667,-1.540604803375321,-1.41178069981752
4896,-1.4400951776899922,0.6149912724974236,1.807222638473576
4897,-1.06671725679709,-1.5644370984429803,-0.535263669918464
4898,2.840933803314873,1.709715337025955,1.682603058961915
4899,-0.3688145175253459,-0.6954192248933807,-0.1962430390883108
4900,0.3510372175180355,-0.4430438585984049,-0.0094177393686116
4901,-1.033999366720907,-0.5312257680309554,-0.7865896750292622
4902,2.454961055981734,1.9861891597393375,2.334743811763423
4903,2.130794011822961,2.330087242983491,3.0514653240316125
4904,-0.6653491568577349,-0.8165809638668717,0.0441415391486823
4905,1.986083480198474,1.220123181352822,3.273577150237085
4906,0.2923144414911924,0.4652484823710667,0.2832823035890732
4907,-1.4819242013299505,-0.9463656903397728,-1.6764580117016177
4908,-0.9192543721878402,-2.0314505829478278,-1.0146168948749343
4909,0.1510174134515842,-0.7435525691591487,0.7363202587377119
4910,-0.7228042284177584,-0.256617706344751,-1.0353152159031584
4911,-2.7677029173836014,-2.4131464914340244,-0.2140699978423869
4912,-0.7560104396646142,1.0295655575618854,1.5040324371849412
4913,1.0811374932935252,-0.5904219113014195,0.8123181364126586
4914,0.9309612071304616,-1.2709574205739171,0.9345145544400096
4915,1.0060322469889815,0.8155398304218706,0.8110541418504885
4916,1.4094928499529833,1.1245691071512316,0.3964425649876489
4917,0.5866035076763411,0.8042709385254597,0.7886599028167857
4918,-0.4645639211630344,-1.7983712063631097,0.16549946141348
4919,2.240959293384144,1.370349846640284,2.615863313104592
4920,0.8915503187661808,2.176449505380251,-0.12164689005162
4921,-1.0080355115137687,1.408220561014588,-0.9667406802364756
4922,-1.3902410497171906,-1.574268258774146,-2.034084516885931
4923,-0.7255795832762496,-0.5629311065363535,0.6694955505355163
4924,-1.0334450863263107,-0.7138235556926587,-1.440043601643009
4925,1.3998082807866383,1.771504652010773,0.2631965429056205
4926,1.7520215029526762,-0.1334716007169293,1.1996354426718887
4927,-0.6092495123914757,-0.1590748433865893,-1.2786088655800385
4928,1.1296171949031852,-0.5153929975448621,-1.4396370087425356
4929,0.3389725605801075,-0.0935289818426229,-0.5070877784915009
4930,1.7101303814621358,1.036401696797836,0.0581920155900424
4931,0.894013654359289,2.816092808794619,2.659648423616008
4932,0.4994516951853639,-0.9063094369532207,-1.195954933621787
4933,0.2548353720753824,2.604031086993404,3.1796360543962066
4934,-1.492524691147068,-1.434245585610228,-1.5176230255243663
4935,2.5783902597859565,0.5033969977177667,0.7890053011597007
4936,2.1807512502053354,1.8374529508405648,1.9130337880152144
4937,0.3394750998961087,-1.1648083040629118,-0.0085719998709286
4938,2.700741120535297,1.8297938938491616,2.171680751676904
4939,1.3352645432582635,1.0243546384260105,1.4570989254990707
4940,-3.391702682502829,-2.738958474365582,-2.015690819460781
4941,0.2617083289442284,1.044095320520918,2.9529981407862733
4942,0.6066014336369507,-0.8682039040378118,-2.0180378972909945
4943,-2.120644743407404,-1.3964026074556315,-1.9106905175427684
4944,-0.4662260182567602,0.1634504350074644,-3.3104354498738693
4945,-0.5551514372339018,-1.5405564216605918,0.2271986569582248
4946,1.4280427795705342,1.5466358503971116,1.428336140247532
4947,-0.4185634956915932,0.3362127637879661,-1.2501517548869807
4948,2.146773743944768,2.3336529999523785,1.6821699192673525
4949,-3.039173716895471,0.9905962340456188,-0.0887639699200863
4950,0.255036099739605,-0.3792317595903849,1.5738805173876265
4951,-0.148399238490539,-1.6914202141982118,-1.6768230480687092
4952,-1.5134760791621733,-1.6051196719054135,-0.2105379106615872
4953,-0.6862679854488589,-2.656400866208912,-2.3047001711645216
4954,-1.5748473126207163,-2.494949823389629,-1.116972222310707
4955,0.9747312218209526,-0.0629854257237228,1.3540445020693916
4956,-1.588568009144492,-1.2028009895068394,-0.3976875172275632
4957,0.7687620175896129,0.1423098576226421,1.902317357581288
4958,-0.5205070102906544,0.2505505614280554,-1.4126134588244934
4959,-1.0666816268791142,-2.010755352743006,-1.8883517521812123
4960,-1.3908443010416016,-1.5729772493600322,0.2592348429919277
4961,2.293763408579944,2.6938212305697613,2.4085905601173483
4962,-0.0577148388984792,0.4898149590468699,-0.2826757298620641
4963,-0.5400059674260649,-3.1832694530058188,-2.146986244302329
4964,-1.5135773783276685,0.3868438088082708,-1.1073199348088738
4965,1.171461528337931,3.042952284147731,1.8171948320322289
4966,-0.6053736324137393,-0.8541488263134123,-1.99045443422062
4967,-1.5914139078505334,-1.8311271289920457,-2.6018226108454487
4968,-0.0438880662994359,-2.3278356864284606,-1.7303247890853466
4969,-0.2817833843765256,2.4039885421855423,1.218739290669361
4970,1.056661345811317,-1.1192612648614066,-0.7498464905643945
4971,-0.1384391466932271,0.6021591857589449,1.2782206850534843
4972,0.5007467454207334,2.267210708365748,-0.6985654583453946
4973,0.524731198402934,2.103511327512762,0.3969840223886092
4974,-2.793276156846301,0.8943346304525415,-0.6995099546474159
4975,-0.8803276409471436,-2.1693561761795364,-2.923488299825984
4976,-0.950305627612248,-1.41796318451939,-2.505927403892409
4977,-2.097017582206997,-3.549274790939781,-2.682841995646146
4978,-0.6552359335212169,-0.8616464078085531,-3.038369976131725
4979,-0.1215229284276664,-2.861433049449192,-1.570706809706989
4980,-0.5842878433737639,-0.4767495312471679,0.0149955805929149
4981,2.1732390693932624,1.7637912765658228,1.7053185724109887
4982,-1.591123465944306,-1.2911948703168237,-2.648407274886939
4983,-1.3037172173092737,-1.6685556711160443,-0.798297083828997
4984,-0.4347613727176639,0.514788863626505,-1.4711557056665407
4985,1.2832911386574608,2.0189165957855346,1.539836688618359
4986,-0.4973087602741353,0.2504273525776996,1.2524685808086529
4987,-0.7798025997477971,1.0759429089006614,1.055213691815857
4988,3.245956713499556,2.7133421166803258,4.2539159581268935
4989,-0.5979567543349664,0.2503825050436433,2.2527898963478745
4990,-0.4561214546599936,-2.0872624460432543,-1.9529272412299832
4991,-2.593979463185217,-1.0347836567840412,0.3078325616437584
4992,-0.2592975974462018,0.1639233449419901,0.1199874601167575
4993,0.2138074331978239,0.0681143832023012,1.378105382752302
4994,2.547447615267717,1.4466512123079542,1.4572522138606692
4995,-0.4440555376461675,0.1642498301151881,0.6544618695046173
4996,1.602858989587384,0.8152738535196355,1.3601158404172071
4997,-1.0697141061978084,-1.091396586894318,-1.1583867376138757
4998,-1.7217624057413918,-0.2939103635292395,0.2033340080413339
4999,-1.4806284533815806,-0.1596376531550073,2.501801490338448
5000,-0.5485492383223345,-0.961467515439854,-0.6919022196170673
5001,-0.6898325984543783,-0.5304355577362967,-0.2075133089188669
5002,0.2461253691000867,0.1509915101814184,0.7595713359015033
5003,-0.1031105666163972,-0.0100914656539061,1.1421102051052558
5004,-0.8601528681340422,2.7961076115685324,0.3953932990885276
5005,-2.040161615411641,-1.8649566307273864,-1.843435574171765
5006,-2.138646139994049,-0.8166141623058722,-0.5877209909172516
5007,1.5857205374519692,0.163714462677391,0.7870462329384311
5008,-1.7430871643576584,-0.5596644787409156,-0.1353608244323276
5009,1.834758630513862,3.219156841327084,3.488679433820878
5010,1.422931505578749,1.4879826213128085,2.981584890763763
5011,0.5595896141153718,1.819541834051004,0.0891371539992161
5012,-0.8413917848237832,0.0598590496171368,0.5920339347909235
5013,-0.2173285017832033,-0.327005134749506,-1.625837684419521
5014,-1.2486697630085286,-0.518049136959282,-0.5037302215026747
5015,0.4014257109901787,-1.509443183548576,2.220178659271231
5016,0.4244884150290536,0.9094325034530396,0.1970359664030616
5017,-0.3356301888332514,0.9325295237213248,-1.8630458493064623
5018,-0.0031053998659469,-3.0830296136847912,-3.779520003742039
5019,0.1538704325277938,-0.0132529356654017,0.1608354246025288
5020,-1.788308935611152,-1.7120361911072068,-2.35487698700024
5021,-2.000091234889124,-2.65809946577613,-2.826620865817628
5022,-1.008446775618186,-2.087968047842572,-1.818959806240742
5023,-0.905137950051042,-2.4964438870798005,-2.380224200369521
5024,1.222362797481508,0.3865425385938229,2.7811719581603254
5025,1.4917125025894729,-0.5571533664993475,-1.6258536835430557
5026,0.661877942106232,-0.7796596062058153,-0.0236468978318462
5027,-0.9915648399176076,-0.255754699354174,0.5329313750424621
5028,-0.2603977626862291,-1.2429982735338876,-0.0482938574888502
5029,0.4227908561639912,1.0253490768900186,-0.3103125872072393
5030,1.413117981300348,1.3539121087530477,2.334697400385591
5031,3.188101657962505,1.182367214509544,2.1693793558451238
5032,-0.9861906786452136,-1.0260967210194092,-0.9675807757585658
5033,-0.4456704589293319,0.9832789590769354,0.3393970849344303
5034,-0.6726623304551264,-1.019566587536882,-0.5559520892716607
5035,-0.5261853778869943,-1.7335379967240243,-0.1298761003351917
5036,2.2820059423858354,2.961928259568618,3.4749645483118083
5037,-1.241284718059212,-1.7190845834065058,-0.7981594323437285
5038,-1.9150184215214767,-1.8650860208003748,-1.2765338689010326
5039,-0.9492685001232668,0.615184863280696,-1.0365488675801406
5040,-1.0700477818123144,0.0109377492069004,-2.1478485620262675
5041,-0.5409425359290909,2.510635398373098,2.480609895509897
5042,-2.3974586984654414,-2.888744403632076,-1.041201620346394
5043,0.6411417860756449,-1.0969513932572967,-1.2358055621424522
5044,-0.480632041339615,-2.0103509109930977,-1.747888634569489
5045,-2.096688136700186,-1.3578623139794042,-1.7222978847238029
5046,0.1113724066828971,0.069348549779925,-0.0840385993286925
5047,0.3926888394074041,-1.031942485336527,-0.0284454318452111
5048,0.4668136504979606,0.8181559406558123,0.758953890817451
5049,-2.085202475062507,-0.8144114337467517,0.5016894180838268
5050,1.4638189889930586,1.703098716166521,1.6965294547421248
5051,-0.2312791330653908,2.318726405894325,2.2537429868496144
5052,-1.1856051602180984,0.9812945229399188,1.283897202174881
5053,1.527373236078057,1.580491204893842,2.6784125405811032
5054,-1.5751552134818594,-1.2195174140912817,-1.3568068161220646
5055,2.3270575432222027,2.298615311546279,2.936959697196729
5056,-0.2182654416744681,-0.8984389957039357,-1.0911489947925015
5057,0.0019061996640602,0.0113941538527593,-2.569014394792064
5058,2.467066277106582,1.3107003362855634,1.535022981704549
5059,-1.8384104638363423,-1.2074591620285486,0.8594969161231261
5060,-0.4179390701237703,-0.8174328935781421,-0.0829677115340262
5061,-0.5610483094286369,-0.4056695250306721,-1.2501049852703645
5062,-0.4932889312805017,-1.0275490083952306,-0.7610616649408702
5063,-0.5171794659630722,-0.5952294931502985,-0.4001623624547243
5064,2.866667853914996,2.0538130868272355,1.3038282811685564
5065,-0.5843286180353018,-1.45008544241867,-1.701288850317188
5066,0.2623454490801655,0.420763344457946,-0.0100513399697403
5067,2.2704465524960145,2.720810743259332,0.6913108929261892
5068,1.7754701518845355,1.766445567731588,2.1272660616150576
5069,-1.787877329586839,2.0785018944940616,0.3199018552927475
5070,0.4795734657949803,0.3404398132782181,-1.235218499412463
5071,-0.8578326549264701,-0.2550967324075165,0.7199551588498152
5072,1.4226421718991582,2.3755046376159354,0.0064296122896673
5073,1.2881989323518,0.7529132410573565,-0.34993798870072
5074,1.9381852655412684,1.5778206928032374,2.882906565816362
5075,0.7160870035687508,2.265916590475269,-0.5364564617450605
5076,-0.3645826351376563,-1.3477346927221192,-2.499216922084669
5077,2.5088343293577338,2.046703988912728,1.0129254701685164
5078,1.4279728631931083,-0.8787739761569684,-0.0695659037407342
5079,-0.8956831251112016,0.3191089465588718,-1.3587156949399797
5080,-1.805963390273808,-2.410028452582571,-1.3590593627487129
5081,-0.0532018648721333,1.0249081344482296,-0.0491291600697701
5082,0.0525636327854525,-1.415448741337079,0.7883959969876717
5083,1.816580764204161,0.5833562511545831,0.380991063267228
5084,-2.2462000899565497,-3.46846153702762,-2.6591348466908435
5085,-4.657066449320832,-2.815675172561154,-4.3427795023127285
5086,-0.4531572363520076,-0.8603575286776306,-0.1918546277168021
5087,1.2880687415229068,1.401412179950222,2.3345801121901544
5088,-0.546463217768554,0.8753233345140864,1.504846374848888
5089,-1.658416859619704,0.4784730302347893,2.4288769691673067
5090,-0.2614993152445832,-0.7881254511280658,-0.1798451800485807
5091,-1.1286363095869545,-0.961364595111993,-1.491807529421138
5092,-2.6173719974678824,-0.9561978508945662,-3.20378534334187
5093,-0.63291382435311,-1.6161142146531742,0.1696271802749561
5094,-1.243542219198737,0.3057233787237337,0.108166731329195
5095,-0.849313807590127,-0.8302905277789216,-0.2716169071443859
5096,-0.8190740047842064,-2.9585994512267826,-1.953218983595606
5097,-1.1872714319794764,0.4269814340682816,-0.8078819098030995
5098,1.6794924027629434,1.4086726179737834,2.6537063500082625
5099,-0.279334861148119,1.4980255253507764,1.875478787474656
5100,-0.1712430749028307,-1.475507510877907,-0.3381940416920503
5101,0.4013044256614269,0.6898909499016102,0.668981184552975
5102,-1.7222106406678226,-1.1489519472883971,-0.2574306080660027
5103,-0.3121170666365137,-2.115270393978173,-0.7497309932419439
5104,3.23930771581476,2.9647920856840053,3.4144934660011645
5105,-2.3499874537650984,0.0776841571201512,-2.4764630311804736
5106,-1.5743017979038576,-0.012792921318691,0.6872675845341106
5107,0.3698462605579149,1.29719648551771,-0.8418422565686248
5108,1.7775716442437943,1.415921472518055,0.0349920526150768
5109,-0.1214164044430555,0.8043132877593852,-1.4917678461100696
5110,-2.2671084821113423,-0.8155407054326932,-1.722130884123057
5111,0.8314711835090858,2.267145687840661,1.2179238719347751
5112,0.3924154375432291,-0.0877791207305676,0.9825508846986354
5113,1.2825548803315854,0.8184437206025831,-0.76126609179849
5114,-1.4649341757745833,-2.7929448364544087,-2.2416087979075527
5115,-0.7138474870447787,0.779743315254532,1.057744951243174
5116,-1.1264409786237777,-1.4518897324957063,-1.392350913268558
5117,-2.61810487304382,-2.868647576898847,-3.7469102759554302
5118,-0.0466925080996936,-0.3256128784076949,-0.5407281362854925
5119,0.0073165283711961,0.1704167680224599,0.3185621914560522
5120,0.9163767308283518,1.1241342677190174,0.4471732717322106
5121,-0.9552113004249128,-2.329853086217585,-1.1967277330115966
5122,1.408468744500298,1.6910819238401786,2.4038161451346904
5123,1.959894833738504,0.6606886334050311,1.9745441012221097
5124,-0.1712422469962146,-0.8147438086251004,0.1966356573402183
5125,0.7588713113698251,-0.606316143248502,-0.7333245198364788
5126,-0.7515053019541097,0.1423115990689684,-0.6812577107865052
5127,-0.5057125950289795,-1.244165528102342,-1.0913783548820697
5128,0.6067978493897648,2.1637925369650306,2.187676816708127
5129,-1.1848009494723148,-1.418903333342742,-2.979979619421927
5130,-0.1221050694316498,-0.8537251511717091,0.7196091109288917
5131,-0.3423600248207482,-0.6312249840258458,0.120913208861022
5132,-0.3111179093735468,0.7754521576519948,2.202610687374844
5133,0.9748190624309612,-1.6411145908472036,-0.2924891805892706
5134,2.308745802941265,2.3186049188530555,2.7826126811654177
5135,-0.9189082458958748,-0.4063259686235913,-0.6138514160850707
5136,0.401782444764812,0.6027323258907196,0.6687459857588238
5137,-0.0929220715190445,-0.0625980530740213,0.1595769155999571
5138,-2.493375242751416,-2.464646817351471,-2.193516366817912
5139,2.0754344585878424,-0.6450261798746209,0.1908234983957926
5140,-0.8413518358571092,-1.4127520805326044,-0.1830270829011856
5141,2.291498466258396,1.596334868590101,2.755237078683542
5142,-0.5461605246985854,1.81194762200223,0.0498716777022617
5143,-0.5764731765897061,-0.2428483319228118,-0.3400742231229098
5144,-0.9157950707139112,-0.6972894221513927,-1.5720074239288695
5145,-0.3251976794062439,1.9030448312227852,2.394829292942956
5146,-1.481880128270482,-2.738389160800195,-2.7557927487500358
5147,-0.3647873520290774,0.0680327554492364,-1.1182254900597206
5148,1.2884134202562043,-0.2579943777138929,-0.2420770889454647
5149,-1.3361279566169022,-1.5178052933021575,-0.7595300175213502
5150,1.1711778266360962,1.7451698322269904,1.942891994940944
5151,1.91806767161574,2.5037232638142477,0.563136790181113
5152,-0.6567686624570157,-0.9839393666496884,-2.224278369571371
5153,-0.9848145151597922,-1.3590228885370446,-1.892245033619541
5154,-1.0628354197949572,-1.6731448439162735,-0.3019126027976876
5155,-1.1279372385237896,-1.6768577036836405,-3.1614393802436043
5156,0.5865368458621373,-0.0926815096909177,1.1710277970380392
5157,1.9266885200350128,1.1648949420281238,1.5753949453730045
5158,-1.5595091049379035,-1.0688156066249503,-2.4712159693186813
5159,1.0872496699848535,0.0682934243774274,1.5334585456454706
5160,0.6621830460796155,1.249360395434716,-0.1376403559962478
5161,-0.914061035879216,-0.181217317935857,-0.0126340825537522
5162,-0.6985711908522304,-1.1529470666831898,-2.2352376667439136
5163,0.8310013671674487,2.1436897849984,2.5966302421964165
5164,0.8001063356263309,-1.1763020482358455,-1.8928320196535584
5165,-1.1316970615326976,-1.4205534117851113,-1.1802858040662114
5166,-1.588798785764475,0.4648597335028283,-1.5713595244035243
5167,-0.4588962331869469,-0.97133956697309,-1.0842373398186926
5168,-2.0972799366146915,-0.7168729619330529,-2.385312591548096
5169,-0.386059781103582,1.6112496152750904,0.0092700339014101
5170,-0.8127130170225942,-1.0982403713850868,-1.3136185256632131
5171,-0.7029765246139658,0.8700032867293068,1.4936169758655788
5172,0.9308583627308112,2.843712427867496,1.2502634406272315
5173,-0.8661682421880847,-1.2186289987986607,0.0150812839271044
5174,1.9475972928415044,1.2962106079503828,-0.5029492579464214
5175,2.427666397638973,1.9882635012289789,1.6799863253790523
5176,4.076726742541672,3.5537701951404577,2.2956915167416114
5177,0.9672484107722524,-0.6036458152650357,-0.0792807599460692
5178,2.267794737926523,2.894830291006682,2.425359127085995
5179,0.1169435523759398,2.510999053377511,2.240154541135558
5180,-1.071523147949879,-0.9253772069825946,-0.3174563967746435
5181,1.4920446350581271,0.2549778846469049,-0.6402915579057814
5182,0.1183937381353493,-1.2948086309890283,-0.6135781799536519
5183,-0.2868290610969768,0.3157688782058659,-0.3380968091449395
5184,-2.200390959907309,0.3400056258265249,0.5379803610516095
5185,-0.4925615580573874,-1.0894571159643909,-0.0437546119825331
5186,0.4467027221307379,1.558429687960016,0.2856729020001342
5187,0.8916404740949667,1.5046254214270938,0.2308960304877431
5188,-0.5858724469511963,-1.0410743414614525,-0.1810697548697983
5189,0.9748180534509814,1.352738779590288,1.8734171592398583
5190,-0.7493969419492482,-1.2935202393313026,-2.283816854446306
5191,1.0498108899816494,0.5746094256115254,1.686089122996985
5192,1.69017438756402,0.7340552993355711,2.693369605701104
5193,3.2392575184071184,3.3196095861808805,3.474093032917162
5194,3.5758564345103925,3.4238162302188533,3.791331476575606
5195,-0.563525499938707,1.2750365268488382,-2.41878083274096
5196,0.339060012049339,0.3361655702891528,1.2509334508167878
5197,-1.70487270126972,0.6895995872695528,-2.745950687253989
5198,0.8916166740377954,1.352584909651267,3.4763216991473413
5199,-1.142284102265309,-2.7387160932538306,-2.482178393931445
5200,1.1784502142368378,1.753469728036887,1.0125128700279886
5201,0.6877291055633401,0.8813561689740363,2.1828376234657614
5202,1.2079699226769038,0.8941923342447966,1.0656586978662377
5203,-0.6356092337281735,-0.5038698262823093,-0.9651979659152732
5204,-0.9895220182203328,-2.328459588598959,-3.171269118769718
5205,0.2550642918272767,0.0112866226329978,1.0423632408532326
5206,-0.4693235542030541,-1.304456944226087,-0.5585268570960495
5207,2.3482549715112007,1.5080576994362822,2.41404755637912
5208,0.6068110468162553,-1.139341756605516,-1.256582199605841
5209,-2.615946842922255,-0.4326390696069209,-1.3135554634244635
5210,-0.5999194449529789,-1.2650471736741111,-1.3307747789973638
5211,1.252746504452918,0.1504186314053254,1.9866826653005327
5212,2.392868249761951,0.4793057389450617,0.9018387964648842
5213,-0.489146980883286,0.0778936487262458,0.1485378825250394
5214,1.9779739066369089,2.327788711944278,0.901079242037194
5215,-0.5014983651994025,-2.11498423651732,-2.0367779751720785
5216,0.215783708008281,-0.6622054851354432,0.9015463477012816
5217,-1.0803287557781849,-1.331073833820203,-1.1700891394403456
5218,1.2116008280788348,0.490035439984145,0.8296754368414642
5219,-0.6272277821228527,-0.102295667006997,0.968283606414326
5220,-0.5960943099333487,-1.3654578812032638,-0.3329085267180095
5221,-1.9153659652265107,-1.7993877095540427,-1.0414400296645483
5222,-0.8326817718241644,-1.7720737729185128,-2.509489703027308
5223,-0.7924329588638003,-0.5302881733288818,-1.492319524015906
5224,-0.2180050190488778,-0.7664373475705565,-0.8676002662994894
5225,0.8081461937288127,-0.679978712291306,-1.8435535239146112
5226,2.099046516109392,1.3543300385141253,3.1772340837913906
5227,-0.4684051661824883,-0.6465812914439965,-1.877698603912256
5228,-0.662365410731727,-1.2779087576176735,-1.2785859622633449
5229,1.1534124266466528,1.246099315701021,0.7370155726751721
5230,3.159600329552492,2.975709510736308,3.475039900753795
5231,-0.4824689137521744,-1.1512189847707732,-2.332744243273774
5232,2.2829311168117026,1.533502810427847,0.3815525939293546
5233,0.7691624584222265,0.3868898990877066,-0.4561203137624764
5234,0.606602444250691,0.1421856924995777,0.7354718272351118
5235,-0.08790912269628,0.1421382090630809,0.8123626860822412
5236,0.4195324431492038,0.9902317259631124,-0.4618146715018385
5237,0.4186538195870157,1.0932294501285689,0.1130993939665377
5238,2.463146082002417,2.214227622339421,1.705262633869579
5239,-1.033232820942601,-0.9183456064023504,-0.181058982046869
5240,0.5486036004447034,-0.2990741040621096,0.9832035701952286
5241,1.0573206252004903,-0.0631496107886065,0.1548585755403313
5242,3.0821037822970254,2.2854781640284703,1.1991511480346768
5243,1.5571776439247007,0.3155119649758749,1.943088962244288
5244,0.0373154857311898,-0.0917974952391284,-0.7609839611631014
5245,-1.492441757344817,1.7396657391493802,0.6862239992520762
5246,-0.9877610535018528,-1.949500086739108,0.0344343680520917
5247,-0.4269405518377774,-0.5029851246250812,-0.3710809443443287
5248,1.912220413060184,1.8010575555816144,0.447521761402204
5249,2.867922497726973,2.976080220490385,3.398148580174166
5250,-0.2523540250718291,0.1713587770550809,1.6424491406173218
5251,2.361314480645847,2.644661703517724,2.7834428673663845
5252,-0.9438246211437892,-1.4771752620237395,-0.7853759011576058
5253,-1.1224086198102712,-0.7218851013149312,1.1207240283776494
5254,-1.0177504502013237,-1.1834694638215446,-1.8428128929550749
5255,-1.9068196687172472,0.7554037414967925,-1.4927487676826705
5256,1.6039061043180336,1.886347630189197,0.9679942089544398
5257,-2.2679314826142085,-1.021179323383941,-0.7978711968655667
5258,-0.7966303944143273,-2.574683845637094,-2.3939442675235982
5259,2.125603182229921,1.5160798074219677,2.5402264083665225
5260,-0.7415499914786288,-1.245715169519534,-1.7484878955222818
5261,-0.6354247414609793,-0.6625331060624973,-0.4618051640418951
5262,-0.6124446188817111,-0.3120108639791164,-2.490136900421473
5263,0.154318937800744,1.0760046431898234,-0.0248769206723396
5264,1.0979465373280155,0.2506497012893456,1.2527213257065286
5265,-0.3191157280966271,1.4469948181355112,-0.8271017936918142
5266,-1.5913530720458506,-1.3516375249997092,-2.4144148673824906
5267,2.333938678431641,2.02023863941979,2.9818120349973607
5268,-0.0326862749826601,0.2245077495733594,0.1058811052694928
5269,0.2814084535452212,0.8458042861082978,0.3083037585294784
5270,1.7673611061283754,1.2157513627656362,1.9450787262540905
5271,-1.406224671736227,-0.8961695302868102,-0.6417135530301192
5272,2.469749287294346,1.533488186231959,1.1716646196966125
5273,0.2216479296296316,0.8164091604279539,-0.4067019265502888
5274,-2.056746722096897,-0.8487639636570785,-1.3592352696655845
5275,-0.8176751352912538,-2.165436365150873,0.1152879056758238
5276,0.2162588445168513,0.4789905830515791,0.075864349509712
5277,-0.3737056916015296,-1.0976613213062114,0.9049548609457844
5278,-1.0346285558725343,-1.24322238933587,-2.496351220121089
5279,1.5275440914730634,1.6015476096064722,3.835149878479627
5280,-1.1841721627452633,-0.9916568498034922,-1.4916304898875323
5281,1.6084062602119338,0.5150889861808333,0.1884125476026608
5282,2.1278986730531666,1.1852913224773345,1.2533387791299375
5283,1.2839958311434467,2.721301743360781,2.6641659357775014
5284,0.2557633665738896,1.0201562698090625,0.4780445787654754
5285,-2.883657627721932,-3.1042379370697,-2.725662042661027
5286,3.245956470291925,2.795860439680748,2.7419518473796325
5287,1.098010316800667,0.6602920739598702,-0.1654407485759237
5288,-0.2165328784325364,-0.0079074225604506,-0.0212097873099929
5289,-2.4413077133610823,0.61499765780062,-1.878156611932609
5290,-0.6464130950244608,0.3867780982335589,0.4580391106948923
5291,1.0892620307275949,0.9692617733857372,0.6871189466258786
5292,-0.8908028307086017,-0.5951537402351049,0.2842934115426093
5293,-1.871970706653958,-2.20267461320114,-2.8490917814950403
5294,0.5869373073586883,1.044248021499648,1.9146545441991163
5295,-1.193840183189908,-2.1664924205384737,-2.786689129888233
5296,-0.039994884932596,0.1422494294351199,-1.5719834536342123
5297,-3.355072954326154,-2.8599752608557645,-2.921199094947745
5298,1.9282421160685763,0.2346359996588842,0.6903426375042284
5299,-0.4683013536341217,-1.274723008760338,-1.196753869736846
5300,-1.4919850134133588,0.9675969427930362,2.0866262061307403
5301,-1.3346632450774518,-1.5653582836929396,-1.89356032151274
5302,0.2558514742668342,0.939910557501644,0.7372418538501101
5303,2.3237382121162327,2.23415741722504,1.1277186888714303
5304,2.5602717104550776,2.6323565880077626,1.5340762906787324
5305,0.4234209767355657,-1.0439546023260686,-1.0408120418605806
5306,1.208319648359604,0.3191396190296874,1.062487414912545
5307,0.8491431432012813,1.3322305544207147,-0.2294130780248893
5308,0.3394786568282374,2.43289585413547,0.5921872391918321
5309,0.3173037472697122,-0.611029821690264,-0.5374708779754083
5310,1.0021485229281673,2.5528918823750453,-0.4493409222224112
5311,1.937903548915495,1.3474022400511654,2.126792312973401
5312,-0.1443835819202739,0.0115583071787942,0.2664444626324506
5313,-0.4185658260954016,-0.0078923108913665,0.6545925527894302
5314,2.801849724471257,2.125578609494584,2.319250250459223
5315,-1.7045802157790966,-0.4767535938198153,-2.202371940085279
5316,0.2624256027058917,1.547308416950945,0.0287669620198431
5317,-0.6329090818043009,1.1254029895171913,0.4475325045381456
5318,0.8079678416794369,-0.7454310106470193,-0.0117925285408702
5319,-0.5057110312053712,-0.6628678782800316,-2.3517201963083525
5320,-0.9402758297739684,-2.2391568087521683,-0.6416163910216728
5321,0.9288025717066652,1.6226178902935238,2.776731490307136
5322,-1.0145732315966045,-0.8497643509579805,-0.5447073635505889
5323,-0.044444708435806,-1.2195861155233143,-0.6416222295343587
5324,0.4704108161861231,-0.356435684079164,0.1199070315478393
5325,1.178186510647991,-1.4099071460419483,-0.8668800023930893
5326,-0.5444750986580741,1.0362743158308014,1.945746149399324
5327,1.9219875041681889,1.5364766406616563,1.413960996252302
5328,1.5464104007093669,1.9956063599550096,1.614461833438584
5329,0.8494720088019372,0.6852175336298603,0.6622864251571937
5330,0.2229666616649445,0.5414319991928925,-0.2845568030020363
5331,-1.413190969857475,-0.4441313679584309,-0.4913102336910488
5332,0.3273642360760411,0.515056485599654,-1.235719960992446
5333,-0.1798574484305251,-0.8700191321017734,0.6027609290251585
5334,0.4016457576534268,-0.9755676894558948,-1.6262049635692752
5335,-2.002339932647518,-2.41240309792157,-2.55830901478397
5336,-0.7410346902771676,-1.2022893292054837,-0.0952886361777293
5337,-1.2432951538631758,-0.5904539829379287,-0.6802378039809058
5338,-0.5220648916792521,-0.1019243326020215,0.1118095730116307
5339,0.8062432574868544,1.459285968083304,-0.6855245835958249
5340,0.3273032521390249,-1.150190392158604,-0.5917314736030431
5341,-1.872096532392619,-3.534091390509228,-2.0918380829520027
5342,0.8001566622955887,-1.006464126814031,-1.0423211321132435
5343,-0.6722739278730413,-1.128314185797413,-1.3589999794069771
5344,-0.8615216202517685,-1.2416071065600165,-0.1798341415944012
5345,1.4091990551344522,1.6650585596760366,1.6847546294751343
5346,-0.0708988612437095,-2.18236826285734,-0.0393628685017105
5347,-2.575702470914505,-0.8964644671434379,0.5036186258284782
5348,-0.3076526863363497,-0.992569429029962,-0.0838683392015591
5349,1.3502340894970843,-0.7872391882789502,2.481167467495772
5350,-0.3100908889534778,-0.2579023132514431,-2.0812449918802987
5351,0.1213193363874521,0.0898175484170182,0.0679066382190821
5352,-0.0079745785553779,-0.7789805877078194,-1.2767579147935992
5353,3.0076253909200457,1.7178127297624353,0.963594942806378
5354,1.9083140449741032,0.6896675718836995,2.924552101420454
5355,-1.1234875161675264,-0.5197217742914628,-0.6924150674346018
5356,1.255247567867626,0.0774719844114773,0.1131167111257204
5357,-0.3313772018828963,0.1639480842067006,-0.0393073664898201
5358,-1.6229917205395497,0.4268857731779742,-1.974769109373496
5359,-0.4926205831914449,-1.2078386407391368,-0.5380050329051969
5360,1.4633060727959402,1.4217537822947532,1.7546446741048962
5361,-0.5419128731464232,1.999718884890808,0.0727466927603488
5362,-1.4803145817283396,-0.5633159666577847,-0.2556285951784878
5363,-0.1837251654520288,-0.7190864331047405,-1.911529712445832
5364,-0.544417973349724,1.2204532678466151,2.554254883686262
5365,-0.0969255504097357,0.2331516747137731,0.4468686964699562
5366,0.9747668922308276,1.1643059324719451,0.7390116839024238
5367,0.5004470224161909,0.1506626931055384,-0.2854093799965634
5368,0.0963378129011011,1.5297948590586696,0.6871576807817664
5369,-0.7968989012244019,-1.505981672698544,-0.8267842758039445
5370,-0.968324200798819,0.4273394482828356,-2.19348296718776
5371,3.661648169635969,3.043684175834448,3.9523254628028033
5372,1.0495047608929098,0.9669493595667872,1.9947189892313464
5373,1.4225197202636624,-0.2300672995051834,1.2231054234245646
5374,-0.1713805380643192,-0.7173036445019524,-1.794513597827038
5375,1.087177437318377,-0.1677966890406166,0.3514766544225561
5376,1.2883173525030125,-0.64752550364211,1.7547250038240647
5377,0.2622648968327352,-1.419493306446483,1.171658123916527
5378,-2.097508684146412,-1.3736009954622876,-1.648355711378909
5379,0.0407779415742127,0.232967938915897,0.6850646235678667
5380,0.294991557289157,-1.1820142734813088,-0.1781317129347252
5381,-0.9548846725761652,-0.5579255904743341,-0.8268653446103745
5382,-1.3035648282520826,-0.9927230050920984,-0.5532186864149345
5383,0.9677508436501916,0.151313089988186,-0.15830224953183
5384,-0.5811835502710762,-2.0261613769000624,-2.3852932223129315
5385,-1.2018165615986456,-2.239410127275846,-1.8226936817968908
5386,-0.4145950975919859,-0.844621133986344,-0.6920468540294586
5387,1.6079601723573222,1.6837869064647404,-1.084348399428046
5388,-0.9551181215974244,-1.103458949234975,-1.7224738613115762
5389,1.7887735149628377,-2.2384132118322366,-0.2166630142549922
5390,-0.0099769542728282,-0.9330874327455506,1.3332201032596385
5391,2.1586685890224704,2.758108722291137,2.8824523155854065
5392,-3.230158319249804,-0.4018107647749414,-1.6520145380097082
5393,-0.7345815605563611,0.1503351193059628,-0.8955514841756821
5394,0.5865270336355755,0.8039337898760935,-0.6709722354253977
5395,2.803466610171861,2.5726730536607163,3.414438450817767
5396,1.492478615152981,-0.7822506778498861,-0.4652186670124633
5397,-0.0084412635987628,0.4786648642569092,2.255290026155705
5398,-0.7125178450821287,-0.8267137131211469,-1.412919618423629
5399,0.2622897646944276,-0.1752661109603642,0.7195243114725015
5400,1.3502212487577965,0.4653217392131925,-0.2598414560459116
5401,1.254921188681616,0.5831097115855726,0.0636772255522934
5402,-2.371683752213145,-2.887666182334364,-3.025568791030823
5403,2.934689195766353,2.4822465850092548,3.4756672532474293
5404,0.8495887644128715,0.3866867303496396,0.8893038240840172
5405,-0.451056554582013,1.1528159569192602,0.8900653778845182
5406,0.1124492782886368,0.9678383800836448,0.5640068800987927
5407,-2.57776914005444,0.4896979826630728,-2.0205832964773087
5408,2.5043096663844504,1.5415706136943177,1.717457069621703
5409,-0.2974082854120088,-0.0078385060373288,0.3403052171214673
5410,0.5007463502083326,0.3161216791055247,-0.5380834929204952
5411,-1.705013127542207,2.152589508400359,-0.8739615598948891
5412,-1.721967762375239,-2.814546620435752,-2.3146333127030267
5413,-0.5048025372262896,1.353425100456912,1.769718431313568
5414,-0.7799031840937921,-1.183035657236037,-0.9406696135176256
5415,-0.848399796633857,-1.6047587281301854,-2.8823063981786943
5416,-0.7267562319880213,0.7751806635392913,-1.5494694300757426
5417,0.7587301379601681,0.2505854766957378,2.8298891717633183
5418,0.9674985551638297,-1.3566777075037373,0.0427515867382097
5419,-1.7051343238433134,-1.6408748990610058,-0.5446592493980615
5420,-0.9103278287226734,-1.818574320746828,-2.9538901168604417
5421,-1.59125961058785,-2.942728710653567,-1.928665865415876
5422,-0.3320617273384099,-0.7668589509511755,-1.3308116277862132
5423,-0.5969667006748866,-1.2755057892316597,-0.7328099950011534
5424,2.266680111807629,1.5052401394508068,2.5506096086687906
5425,0.1538837785465578,-1.3265100965084495,-0.7607005778402385
5426,-0.296733633509473,-0.0924764662777391,-1.6474770094909663
5427,-1.008244426868999,-1.3625346362768973,-2.077112123797122
5428,-0.3885881934736564,-0.967316985275166,-1.910847589230024
5429,-0.6104468702124919,-2.0703846053359496,-2.0211266009279414
5430,1.0566107781087986,-0.4738124181784768,-0.2597811329883526
5431,-2.2672380035019573,-1.0499576081961428,-2.0499713696768844
5432,0.8004956675043643,0.7396241310686236,1.8835134697851943
5433,-0.5969600774219574,0.0772503669096257,-3.0899200144706453
5434,2.3656903398691704,1.6666663630336669,0.5058020556768538
5435,1.0153567810521669,-0.254866096651534,-0.462100810614609
5436,-0.7472197315280297,-1.543943019823338,-1.014065580303306
5437,-0.1907848358049564,0.2340495540453083,-0.2820353224321518
5438,-0.3591707886440947,-0.7755799335628187,0.0400685428101169
5439,-0.5078402791867385,1.2938859400672194,1.5023979516000074
5440,-1.017325966388633,-2.377515806139044,-2.7513102768561586
5441,1.7706275286326492,1.626913225705525,0.8124771588552628
5442,0.8847145194933215,0.4898259049090041,1.9402602147596024
5443,-0.332057035867585,1.4083695377615306,-0.0203593273022863
5444,-0.1971398324780068,-1.4341793914294538,-1.747277718050031
5445,1.703891303870693,1.9675642640091195,2.9844537082671034
5446,1.4815176955087193,0.3156042729956958,-0.8949170181173297
5447,0.6331649120173674,2.5716730108279258,3.4138283253503903
5448,-0.9243266791501412,-1.5114890697427388,-2.0374013570803102
5449,1.4094990517475798,1.6344679283750871,0.2636669116899367
5450,1.3322413507982038,2.086256943931198,1.6827019546790754
5451,1.830832810473624,1.5855971916398437,1.502119426712197
5452,0.8320553074374031,1.592057762742157,0.5583952804395671
5453,3.083052837191897,0.315856198189015,0.6873977972283717
5454,0.9311238447857224,2.0494082464690035,-1.2501710060170526
5455,-0.4092454334101461,0.779411170694973,0.3953798186604148
5456,-0.922992273450935,-0.3784529199794857,-1.2353421714695665
5457,-0.5180123743401635,-0.990632059276646,-0.798763303681504
5458,-2.0106733000901293,-2.859568220736884,-1.330731670638614
5459,-0.8555502697017929,0.9906675270005724,0.6538755367730729
5460,-2.056806994983629,-2.6593884232621243,-0.2772375498182321
5461,2.1298527983163438,1.0291541118431944,3.001052523405685
5462,3.4413135235581858,3.268545074675107,3.371474482084607
5463,-0.5554917758469274,-3.215893884585095,0.9010762987122788
5464,0.0057438253414596,1.9651325039274667,-0.4306437727761923
5465,-0.0448929329539043,0.0117827643175643,-1.626034812306575
5466,-1.1301984160555836,-1.6257214013603132,-1.7223373318246864
5467,-0.60528762533708,0.1421434334020598,-0.3425314892043628
5468,2.148149891918352,0.2544106479410085,1.639788381269785
5469,-3.173551669047203,-2.262511781162344,2.86684874318925
5470,3.3248238409486257,2.08568466941798,2.346005890176878
5471,-1.306332007568665,-2.169415617547474,-2.8423365749431952
5472,-0.5168411521797426,-0.5212185149235499,-0.2700789046213447
5473,1.8943108272963955,1.6851269206614137,2.7801365383539767
5474,0.3698486384725979,1.7649531482299587,1.8110641997451336
5475,2.3419018246709253,2.376308909368748,2.667876410825893
5476,0.0530909968774829,-0.7710883370003447,-0.3407479747755154
5477,-1.4402991181996054,0.6602634349095897,-1.091543938221706
5478,-2.7796197186616083,-2.6029177264259755,-2.6271946554394168
5479,-0.1937740627260964,-1.3381470106609266,-0.3656768110925043
5480,-1.3701502839813895,-2.345181141833791,-1.5703983192054694
5481,-0.0878950038278498,0.9815883629833748,-0.7323706809026939
5482,-0.8613895181369615,0.5578946920451676,0.4475395979511919
5483,-1.6582378588031157,-0.0915125903209908,-0.8242695086344117
5484,0.7240946596549752,0.6896529085355503,0.5320356356211904
5485,2.173405254331117,2.09075588315264,2.2185033057951182
5486,0.9289225375024216,-0.3299432195040833,0.6630630042399553
5487,1.6734015613304822,1.9917781950288136,2.5578270169536825
5488,0.7244512450501995,0.4265713681416824,-0.4311624888853883
5489,0.2451220816362025,1.2727069827614368,-0.7614897533112505
5490,1.5597640417877596,2.532278864522161,0.4606352105345391
5491,1.359893185441153,0.4273379248180928,-0.7502665551436206
5492,-0.915040558385002,0.30614477971059,-1.9486677476246443
5493,-0.2273686913058722,0.1510888200986337,0.3528115009445486
5494,-0.8821888703301068,-1.4774595972923468,1.171068779505125
5495,-0.0343791124454727,1.925173756515906,-0.9680486642174488
5496,1.0909843055681816,0.9702651316329703,0.3502974995949144
5497,-0.6905854609325496,-1.1108341140237037,-2.319390344507064
5498,-2.3730144792488685,-3.386579558722213,-3.572849428504237
5499,0.188423271147149,-0.201006380159481,-0.8746308370990996
5500,-0.4496191370865237,0.1711889107362606,-0.10208561859322
5501,-1.574572974412684,2.036467183432053,1.934484799385349
5502,0.0426033364504427,-0.9411537485623312,-1.517378258624395
5503,-1.7050090916222875,-2.377847413631389,-2.840702168102878
5504,-0.0942119612642375,-2.247964546859069,-1.5177199197805842
5505,-0.9140843988909764,-1.2322609209122386,-0.1626623590413852
5506,-0.0882533258466412,-0.2572748701400814,-1.035853495178547
5507,-0.5459681906211418,-1.0628394265311552,-2.267182628199412
5508,-0.4559373730884946,-0.904495645477662,0.1892852778163302
5509,-1.4926079897607658,-2.008451936090743,0.5596237653927922
5510,-1.8053187324418003,-2.15432782062232,-2.9847019544332385
5511,-0.7370969224112706,-0.4668193914968691,-0.2277597159888805
5512,1.3328621382769297,1.3885485659399035,1.5338618988918886
5513,-1.7222320816156722,-2.239332423683113,-2.232046077756864
5514,2.072617324521303,2.0443468122721926,3.300100267765188
5515,0.419584693255645,-0.7158951516354967,1.0907488130620078
5516,-0.7494104337607707,-1.2827638995191355,-0.558984041908983
5517,1.3995255660088282,1.5023334086538198,1.4949272337613897
5518,-1.4129630843070082,-2.01064244706587,-2.2232715169842816
5519,-1.4405985137625703,0.8039973441940564,-2.103589664395058
5520,-1.955352337372952,-1.2105905640387595,-1.08216282572768
5521,-0.3882779259033017,-1.6188743007334383,-1.8193033511248773
5522,-1.4400167713802912,-1.8272992457183812,-1.2499929035376147
5523,2.4604517591598998,1.4678474340239789,1.1371937674878705
5524,-2.267522803377912,0.6603989524581512,-0.9385412711397456
5525,-0.5938384142173484,-1.1490206295661844,-0.6991401959469854
5526,0.8492881959969429,1.2336934842653855,-1.0362813357061122
5527,-0.6965048195032375,0.1505342497978662,-1.8935092022543467
5528,1.5604934671167634,1.5143118867298258,1.8086206328292933
5529,-1.8256947313927432,-2.019582388308572,-1.8040844258806392
5530,-2.0387124827535525,-0.9589917582774358,-0.6935789744762636
5531,-3.0312643263697145,0.2505726805243359,-0.8666131439366638
5532,2.8028691224251223,2.438040873956944,3.0884043070048075
5533,1.6105442294374288,2.1810869320572834,1.573559600661545
5534,-3.527057375031017,-3.5005314473721603,-2.84701697959949
5535,0.845516706189306,1.6267860468698525,1.571062146252996
5536,-0.9484219515596112,-0.4079250635097863,1.7182743568615635
5537,-1.1855295425311796,-1.9491710694798607,-2.6183651573618416
5538,-1.745012680677944,0.3866817382035042,-0.2105423648977437
5539,0.8916432636278522,-0.3220642529390203,0.2708826428573354
5540,0.7236943913618005,0.0103163025472401,0.2285528449837243
5541,2.200499337383498,0.1627570653199282,-0.028516259204192
5542,-1.3023145207117723,-1.948976840166269,-0.1548395437597415
5543,1.7528196654684849,1.0931243275625069,2.2985449355460577
5544,0.479234033059413,-0.2641448846982434,-0.3381847502832534
5545,-1.829095962294112,-1.2393717952598018,-0.7613439298002652
5546,-2.966885273958385,-0.8221257805498001,-2.092683350515094
5547,-2.182926692075851,-2.51544894840071,-1.169945287437723
5548,-0.862916770816696,-0.1590735503314471,1.2227657695991692
5549,0.351375701738806,1.1677426184433033,0.8252044463708731
5550,-0.2351703768958685,-1.2106442315675987,-2.307387884301066
5551,-1.826401923219461,0.1420378437064758,0.5912947142893472
5552,2.7477313384988906,3.0207856728870883,3.277278715626779
5553,0.1882338796697587,-0.8087765476965562,-0.6398440495745069
5554,-0.444271175034133,0.6849510923419382,-0.3119479802596099
5555,-1.126525258127975,-0.9072703841707312,-1.1590519274507598
5556,0.2806840900165434,1.5336845887381407,0.3062001053458829
5557,-0.5057162746139401,-1.5098012502350902,-1.7227038119266065
5558,1.1533658195188663,1.6738654049763824,3.4299811854201283
5559,-2.6285088089871187,-2.4923603373580403,-2.142213845589949
5560,1.2226184233099282,0.7539164882859313,0.8900597653277202
5561,1.333493018872352,1.4418312431305806,0.9787292746930408
5562,-1.084992579331373,-1.0793647714699586,-2.461999391341283
5563,2.5099646978576464,2.433323124391996,4.431725628483352
5564,-0.1876017186430427,-1.1813047883679832,-0.1282459997728749
5565,1.863385590914624,0.427189133094881,-0.2418896751635643
5566,-1.4126002185212063,-1.3829495554017617,-3.273807990605037
5567,-0.7771071798362679,1.6156666170410894,2.2775315124754973
5568,3.027369720397881,3.203433502963161,2.424126442753714
5569,0.3700581327561684,0.9307809698353798,-0.1585117344370989
5570,0.0233452717907072,2.377399039926097,0.8108809710876231
5571,1.360231371789686,1.714980608805601,1.927028120129703
5572,1.925174693954688,-0.6632302487307267,-0.8083660292674258
5573,0.3179901553918376,0.8181024743292337,0.2350726628387063
5574,1.4086434023337628,1.076773381153442,2.176254562055014
5575,-1.5884800263012218,-1.2830823617272653,-1.8783186745101448
5576,-0.1059258821854098,-0.4677520948792445,1.142171477380327
5577,-0.034401702634961,-1.3612031795388764,-1.728250364707228
5578,0.4472712815314381,-0.6446320325227709,0.6634739486329939
5579,-0.7637550671313685,0.5746528482074644,-0.3708050952146798
5580,-1.0178017301250042,-1.8647192241383024,0.6690946965827241
5581,0.4995976197641046,-0.9929533944262988,-1.8189485038730664
5582,-0.6708092249294381,1.5767131657544955,-0.8669795059334914
5583,2.173445802224454,1.829789262853797,1.2523182330259444
5584,1.7578352455964532,2.323192295468444,2.399354829028001
5585,-0.3873966897344331,-0.2932731279125188,-0.1151844094472496
5586,-3.1821866011380133,-1.7610520154545823,-2.6370423573284323
5587,2.4159281483097605,1.6380942949057613,0.6247693202570431
5588,-0.4496211550464833,0.0899380290870933,0.3195130298780871
5589,-1.2507614378584786,-2.202447109132884,-2.860482690323986
5590,0.4244530891206168,-1.3968446998170636,-0.1646021982359369
5591,-1.3704029488153546,-0.0926754772101139,-0.5092521724160214
5592,-0.3319568477110717,-1.300246845017746,-2.096090579918348
5593,-0.9399370627979468,-0.2280947589212368,1.8831348567097537
5594,0.1221815691319798,-0.4773803726060754,-0.5457004770289707
5595,-0.6175621678727161,-1.0897060852186158,-1.0423396672715988
5596,-2.7012694314142447,-1.9491162719687944,-2.669571787019594
5597,1.5600794721704567,-1.060720272975097,0.5241321702967965
5598,1.1532703462443448,-0.745311894334387,0.8127748582220792
5599,1.4276563995900229,2.1511545315680523,0.7396360000660442
5600,-1.4655693583477676,-0.5994064072296535,-2.605102344826111
5601,0.4385593155074088,-1.0960517228624211,-1.4923294629185686
5602,2.887194276189844,1.718392009911812,2.0855960756705514
5603,2.53347743019623,1.888069880117215,2.140627755801239
5604,-1.1937994459116763,-0.6109613305083635,0.6164779124577746
5605,-0.6418084255155379,0.8180143060111634,-3.0242087590292392
5606,-0.0886218134507022,-0.5314659134793507,-0.0406923501884305
5607,1.6738309758693564,-1.1211600424770034,0.1728183933068439
5608,-0.6396676095526926,0.2506635942754391,-0.4190572620342351
5609,0.0525650432930207,0.6602871992279076,2.3433913835104727
5610,0.8493697584705691,0.059916691490537,1.6362364464135424
5611,0.4467010575904598,2.770688207026444,2.829135465415084
5612,1.3600079717517992,-1.452774611600473,-1.0113155536045006
5613,-2.7994735437058136,-2.577990902769256,-2.61696134315505
5614,-0.255489021726569,0.9095010449451888,0.9022218407693854
5615,-1.5589286508330678,2.0484627253591867,-0.1708094674380597
5616,1.8706496532517607,2.4243102364843656,2.808344044182802
5617,-0.3750388578277105,-0.8647962999147415,-1.0342349741119827
5618,0.3180336924276098,0.4897493440161642,0.4016735135160256
5619,0.5591276793399005,-0.8874119577708525,-0.5474755622678469
5620,0.9304873992403614,0.5832737463161154,-0.4130130862959537
5621,-0.6039887376038539,-1.166117585083046,-1.0423231391049128
5622,-0.1850739268276149,-0.1807785315098433,0.4587922456601965
5623,-0.5505390161593069,0.5834007330837422,-1.3310835057090684
5624,0.2939626038818986,-0.5897448369697587,0.8894564154719573
5625,1.8625288186132107,0.5414641579017181,2.362020136231109
5626,1.7378610925099367,2.034928051363482,0.902103165908793
5627,0.7590641829481793,0.3364605220399674,0.5925910405029713
5628,-0.0352727030594026,0.5412753851199483,1.0476353375607552
5629,0.0633196950686917,0.8587908207757514,2.7715395202654824
5630,-1.2442602305372623,-0.5321055467149964,-0.5549175079686005
5631,0.0875194226411982,-0.901177145358287,-1.1076646393388716
5632,-0.7966529846038156,-1.6048852732298955,-1.2568666860785291
5633,1.6567253876750474,-0.906451183072626,-0.2250910215939722
5634,0.2622338043398177,1.096224851051313,1.6450033747571502
5635,0.5511914632919462,0.8951946624773734,0.2027510064760717
5636,0.5019262615258977,1.044615332553033,0.7199714573525755
5637,-0.8070405315759933,1.0924446718541327,1.7034208661523216
5638,1.7426804918422705,2.377286426396997,0.8113248307877154
5639,-1.0097168058684922,1.3353118960521766,0.6861561850460235
5640,0.9287268351240126,0.2244627622099302,-0.0535898449333974
5641,2.249840273909294,1.367907483364061,2.0409031840976373
5642,1.0563131883665124,1.7731673133698878,2.217183202930628
5643,2.1010792643124487,1.8753866330086308,0.6241767854813531
5644,0.188429977053769,0.734315244417479,-0.7332545425691931
5645,0.8843350147163858,0.8942044829489235,-0.1750845220232458
5646,-1.2667066373340576,-0.8487598739943031,-2.019230820209067
5647,1.7579644214160464,1.67545240208567,2.252055224914316
5648,-1.4815608963802789,-1.1718345727904915,-2.4975493528326767
5649,-0.202955595761808,0.9699729500495704,-2.268905297405947
5650,0.6875376239834933,0.7525167717770715,-0.1291542475999311
5651,0.6338518561631891,1.0370282571918708,0.3532881909805203
5652,0.0516137172646518,-0.7161874527508065,-1.4115387024830583
5653,-0.9899017117473374,-0.3303027701222509,0.5919522603966889
5654,1.2827054434320393,-0.2935580210385068,-0.1282838374687523
5655,0.2938279544629749,1.67779747468472,1.127740086744222
5656,1.4664606507224092,0.2504996204790458,0.7852838096961164
5657,-1.4062677918646798,0.6574149327990328,1.2227673043575042
5658,-0.7147829871612672,-1.1475490770448915,-0.1830325566056667
5659,-0.4367117832340675,-1.3301014829121611,-1.041223283217772
5660,1.0025394183934686,-0.9201349835862548,-1.2766669071872123
5661,2.645757490380561,1.6050787684014185,2.475975818998904
5662,-0.7844903702473194,-1.2183401731106598,-0.8675546186812516
5663,0.4020370044785466,2.073454021024244,-1.775656046399904
5664,-0.0938401879989418,1.587684956381716,0.6869125606828048
5665,0.339409296651729,1.2188136355014296,-0.6131725480135796
5666,1.329223170444921,0.250894047228973,0.1713486779390984
5667,1.097956226901745,0.5832424261632554,0.4809532647959014
5668,-0.963879703339434,-2.3779291729059184,-1.0841133174158186
5669,-2.512056684852624,0.8944057184143143,-2.391411133175758
5670,1.6436820776988903,2.694264718900856,0.0695310303837718
5671,2.41059749069874,1.7035624052750005,1.1274301099094104
5672,2.113987254243652,2.5394044430505818,1.278348794823685
5673,-0.4926186177712254,-1.2778637713271437,0.5056985775475666
5674,-2.0840049206863083,-1.563214736044462,-0.0696514047432416
5675,-1.591091453555148,0.9323691450397538,-1.4118379807873656
5676,-0.0926767410045372,-0.929446381310569,0.6019854386614245
5677,2.021886396057447,0.5840137306280444,1.4137237231215392
5678,-0.7556827630212998,-0.7458870360077492,-0.5548987117497413
5679,-1.0322918456349268,-0.9331485326072484,-1.650956220268524
5680,-0.6317483733842346,0.6344298943991313,0.1988303791544116
5681,-1.4411859271550749,-2.409997820681278,-1.9488738921586968
5682,-1.871983526634878,-2.3781924783956296,-0.3330954232477986
5683,-0.8180491636819233,-1.2065987356552093,-1.334739859293539
5684,3.320240388251713,3.145402662397556,3.3234779846539104
5685,-0.1411045009033251,-0.58942562985815,-2.560882519921489
5686,1.620775223454348,1.0796855795224904,0.3093356882448474
5687,-0.7460213637788737,-0.379244434230251,-2.0724663797505203
5688,1.4669740754772524,1.0457889242730387,0.582908962180298
5689,2.1734240424269684,1.6440355903712796,2.05016683659681
5690,0.4471941181999754,-0.5304250219860227,2.2801944368195177
5691,-1.0334817741704088,-1.6261786659312596,-2.184278495451245
5692,1.8936657380618624,2.4778100765416817,2.417313940637329
5693,0.5005676534012831,1.367913116911361,0.6862336533577991
5694,-1.1862489806185148,-2.09333693579449,-1.877908724007373
5695,3.108444530900297,2.672674657387078,2.847463445732352
5696,-2.577739837425713,-3.3324131600674023,-3.546567300137461
5697,2.3028472383697345,2.03490396898736,3.17353766962836
5698,-1.1323040242555278,-2.4925047613067006,-2.8663627613118905
5699,-1.914782266911548,0.3161281928945902,1.2983946105901276
5700,-0.2616683846995588,1.327029882101193,0.4307411504707024
5701,-0.5441098613368053,-0.6044575602865206,-1.0143712362826065
5702,-1.6588671585489343,-1.7997745464686383,-2.4358935414230243
5703,-2.579886791003706,-3.1934124988142814,-0.5376064679713994
5704,-1.008242846019396,-1.11054688710956,-1.437404470947773
5705,-0.1895701763301896,-1.023842066220404,-1.7515656609307375
5706,0.8840097674491469,0.3191307179989409,0.1995974765442748
5707,-0.4521406929538562,-1.3565865492527107,-0.2478764833065379
5708,0.6411214877725212,-0.4773743422248019,0.9649188994743476
5709,-0.6530950000216884,1.324046083275931,0.2356771510206601
5710,-0.912094084301323,-2.3284340473861733,-2.3495323394391776
5711,0.967536076822566,1.5659896910806503,2.852737206197069
5712,-2.495524251404926,-1.573953028527785,-2.933153045056645
5713,0.6880824636852308,0.1424160278003348,-0.3784809532326079
5714,2.8999534856017943,2.476693460520606,3.1212070331176487
5715,-1.2634897414151929,-1.7354227703925609,2.201085989978127
5716,-1.2024219110262624,-1.5663917655331292,-0.0739165877200316
5717,-1.2405386751626668,-3.809606127675949,-0.268383592099756
5718,0.9169087475216772,0.4798400456967904,0.755635017937999
5719,0.4704485462985193,0.967277855715013,-0.2350993577847923
5720,2.868040014218742,0.2545456650038377,1.198686355978708
5721,-0.1046877865634798,-1.0315804298967028,-1.1194469885530474
5722,-0.0879102522057544,-0.7905411446582257,0.5921202278516896
5723,0.6619898176165998,1.6832256934282244,1.4580553883636067
5724,-0.3494248683935695,0.1504632303214499,2.51753109295168
5725,-2.038460119055068,0.7750434882347432,-0.6379225198034234
5726,2.23220828343476,1.6481484628814371,1.7858615313910802
5727,-1.4643645175483242,-1.946392042043523,0.8112641929124051
5728,2.2685809807708184,2.289524868645622,2.165640148617669
5729,-0.7225530017315016,-0.401108555567971,-1.8044520483508948
5730,0.0960992566158141,0.7787458252857363,0.8278903480892498
5731,1.17808998286919,2.591185956796983,1.171647966878575
5732,-1.413028263952179,-0.9967905443309704,-1.1183146139381617
5733,1.288998453545473,1.0179279487119512,0.6696237186966787
5734,2.2741810637752686,1.870668886960808,1.3333168313303676
5735,-1.492830281535714,0.6350658397333965,1.5341992039272032
5736,-1.588470633538224,-2.4924455521316067,-2.082821652627413
5737,-0.2292137204747105,1.432874255020382,-1.118178279128076
5738,-0.9150356242120348,-0.2565977377602096,-1.804533079639663
5739,0.0630692009507581,-1.1224468296385668,-0.141697090929825
5740,-1.66578769718514,-1.5570685239062465,-1.4924287350169296
5741,1.5909364717865273,1.3427797754675908,1.5689363726937116
5742,-1.3367568915512744,-1.674969643779179,-2.3065047426723115
5743,2.28952685198726,2.438537647699959,2.7566554315018603
5744,-2.2006765605933643,-0.384260018451639,1.043252768765372
5745,-0.3054291551204313,1.1715281274977256,-1.1966475568408987
5746,-1.666157462918343,-1.315770121946651,-2.6261261541305263
5747,-0.3736894322160771,0.3186115713948606,-0.1985626204703748
5748,-0.4564158574976029,-0.3813147922043712,0.6853445337673293
5749,-1.1301456753378143,-1.351657511400756,-1.6474359089187884
5750,1.3293997905230326,2.510578607745733,0.9329468864951704
5751,-0.5902169658458226,-0.4767471190946585,-0.5042106623364073
5752,-1.8893939300801657,-2.738220762921207,-2.808180189761034
5753,-1.263408753273992,-1.0278649565063025,-0.5864955365963853
5754,1.015520522582916,0.5033211956357476,1.0125435773520295
5755,-2.2976476828234103,-0.9692131928556784,-0.09711856986111
5756,-0.0941896469640718,0.1503200443275764,1.2183362906219328
5757,1.512959428186954,3.0183632049508,0.236361884168771
5758,-0.3647924897902873,-2.889327006315345,-1.8198914274429911
5759,0.024432008524762,-1.0930223028332098,1.12707441412235
5760,-0.5786478176243888,-1.6159832346784504,-0.8255147705396552
5761,0.0263092829951732,-1.295820461121956,-1.4924109619204031
5762,-3.2722604995191538,-2.956721100571001,-3.0644855400761366
5763,-1.9558952873056277,-1.9462711805072623,-2.6161361345326566
5764,-0.9622920436652906,2.327457742837447,2.8166570486330755
5765,1.4086045340798996,0.2333565363140241,1.137379432423539
5766,1.9676944130426208,1.1021074217897988,0.2013737379578014
5767,-1.622049095831335,-2.202826197943047,-1.2354277726195728
5768,1.3598498586537835,1.6209932445182769,2.588885818387446
5769,-0.9906542622966332,0.3865428868830882,-2.2530536573677424
5770,0.1140794752443641,0.8940082994199025,2.4428825900865108
5771,-0.7137866999354198,-1.6912841727688293,-2.415461032403761
5772,3.270953155381888,2.222106594392496,1.6441556164034337
5773,1.9261002725747327,0.7789431754895874,1.2179534229169269
5774,2.664269482439601,1.673784807078075,0.5580416693842207
5775,-0.0103677261956496,-0.0920608344437743,1.333741773453058
5776,3.2012672013199404,3.099090851816442,3.3518462098161543
5777,2.2892666630087084,1.740738343082175,1.6170813498193142
5778,2.8664820323669677,2.9647264105112,2.9843934985170333
5779,0.6723038010986782,0.2507672432637948,0.1302708262283086
5780,-0.751146952556535,-1.2873117807036822,-1.2498042897049475
5781,-0.4372553805263129,-1.2769515359598256,-2.0229432825633897
5782,2.108046854936525,1.6630309688982694,1.7653440140189745
5783,0.255856311435561,-1.1219575435453428,-0.5914376502832397
5784,2.1954123517000794,2.333561924271029,1.53426513440531
5785,2.0846242226514904,0.708047036617295,1.217207466650346
5786,0.2214049067490311,0.224412202218257,0.6603910764194049
5787,0.4194292001278494,0.6602732453076645,0.7878289744387454
5788,-0.1054442946734353,0.0696253838645615,1.540653180052643
5789,-2.0105712529338877,-0.8953621258232659,-2.7199073892349266
5790,-0.3788446359679842,-0.4004114546035578,2.269380443009366
5791,2.0367381773687923,1.5416453960744048,2.050152571348282
5792,0.0517743924746003,2.103910187177317,2.3913871671967395
5793,-2.7838689033741706,-1.4138436139700803,-2.719908570285851
5794,-0.0075564438353781,1.1232417025686832,0.755165910812969
5795,1.752531523463744,0.6569676560040205,1.6866625323226527
5796,0.8452335008001677,1.047856298098395,0.4267357343648315
5797,0.0067972301162833,-1.2999276791541328,-1.5494203816678265
5798,0.6410439743693649,0.4270817288305147,0.3159377804822395
5799,-0.6517222978422891,-1.7706733842939448,-1.8634516584041736
5800,1.21408608207364,1.2936160328969564,0.7391910609370891
5801,0.0967053604338042,-0.7804023542076417,-0.4895633409204593
5802,0.9308930121558574,-0.812895797738063,-0.0303168857531351
5803,-1.7049443982000514,1.458163936300244,0.5374001884551137
5804,-1.3906478467043524,-0.7040130825065491,-1.7020338022078978
5805,-1.128696014307044,-0.5303205932546562,-0.3765100249864821
5806,1.8671857267283565,0.9805692685932308,0.3989886990556883
5807,3.916145985527564,3.203156520220914,4.560678228526481
5808,1.9858146588498649,1.2552559565810668,1.8604135408158813
5809,0.1785081536936931,1.8294591186196167,0.6910303272966958
5810,-0.0065697808764139,-0.0918808834757244,-0.0390076102005266
5811,-0.5944782791147962,-1.7055854519153182,-1.8778669806161892
5812,1.8278488352937117,1.426024040879656,2.43566389711418
5813,-1.4129337777874444,-1.8659731871345464,-1.2764147231084535
5814,1.4662512390265434,1.3238689418368303,1.754789665155506
5815,-0.7201986878517515,-0.5299050551370983,-1.180807888776673
5816,-3.862429593511281,-2.6586569522276866,-2.524285591556924
5817,-1.8056399893104116,-0.6404462247549957,-1.5994145599785767
5818,1.286085251511378,1.3716092222067162,0.4485676707560447
5819,1.5522401432476958,1.6226388403512737,1.4303305419389485
5820,2.619694904938721,2.539200298775049,1.7745028699419574
5821,1.527069302360307,1.317260066169966,-0.0230977082854045
5822,0.4460870205714476,-1.6014958381968296,-0.2972106265473823
5823,1.5518657523234156,-0.8675661634327994,-0.1424410501741843
5824,0.5862191750272009,-1.328693258466247,-2.543715613983036
5825,-0.631662747667733,-1.100713893715468,-0.0726059778882973
5826,1.081252465468447,-0.1019188180219882,-0.3483795979952655
5827,-0.0922401673280569,0.0596579706146614,-1.1807171524417754
5828,-1.0672874570885191,-1.5195945313977324,-1.5176051301088802
5829,1.5131830710628882,2.6121385745387817,2.334686049199713
5830,-0.827438255735609,-0.9071746925312784,-2.6759045634236824
5831,-1.40656260489761,-0.1590246848754908,0.3990847598942614
5832,-0.1301598124160128,0.6350841487621213,1.8182723244172896
5833,0.501742466257113,-2.262865199229636,-0.0212274292581799
5834,-2.3226453558137874,0.2335625128871782,0.9782423310190228
5835,2.092231334534,2.453444982488146,2.617730328647461
5836,0.051871006944848,-0.6486470210354157,0.0913866247849434
5837,2.6815382786346835,1.8824226423625867,3.0002176555820137
5838,0.2623639696578008,0.8700410659020174,0.6540612570309747
5839,-1.9731439400094808,0.1491478541169972,-1.520101200677893
5840,-1.465046706718216,0.7751500038113428,-1.975350449789228
5841,1.288611717454381,1.6531293367579445,1.042094642428929
5842,-1.0347979299193182,-1.4222938132436038,-1.7287798158984868
5843,1.9994470160087283,2.540234477424608,2.0886245230158003
5844,-0.5971943990212986,0.2339028073221901,-1.2784931684132368
5845,-0.0050989911086285,0.7398098498723076,0.1943604236288019
5846,-0.5133414522168773,-0.1806300441864217,-0.2270751411819077
5847,-2.2005445622712974,-0.3802293116084199,-3.745975086311159
5848,-0.4942441259500311,-1.388946286075786,-1.6473364644309327
5849,0.4470847935724256,2.4416830218075507,0.0431023920009867
5850,-1.6584402075523026,-1.1591966758394483,-1.437671960316092
5851,-1.2424035547527927,1.2167168206089305,0.5919614392656186
5852,0.641165230022235,0.0897282352964725,-0.5923169013861015
5853,-2.147647258482352,-1.3435741700885933,0.3408361211117316
5854,-0.4092468926559335,-0.8127932559676283,-2.0148085283841155
5855,0.7692217279456998,0.3871123978799954,0.5915948106856292
5856,-2.9759799274971144,-3.474566947032887,-2.512641191105238
5857,-1.7052170602016594,-2.7185487209376977,-1.314423737026506
5858,0.6412001288591844,0.0896429212708767,0.063351807450251
5859,0.4788383942037928,-1.2177563074118365,0.4180891771161747
5860,-1.989877969574747,-0.5314526494631654,-2.147930234688504
5861,-0.4247697704121126,0.1713422093760032,2.3182497830806663
5862,-2.556279090613901,-2.86936614443586,-0.8097710909813429
5863,-1.5135738114556438,-0.5339779207809162,-0.6832614520274514
5864,1.9270042753400312,1.364160587581757,1.4570946871111925
5865,1.7517073572516857,0.4900172770700541,0.7597653647725626
5866,1.678619470282822,2.453648151226213,2.3809367912050114
5867,-3.4230595141624085,-0.8273089975236833,-1.7285797516342989
5868,-1.1237977230363638,0.5582890403561634,0.9780868057304888
5869,1.656432956969656,-1.1510363521776716,-0.3371017431462698
5870,-0.9531079030070032,1.256850194059529,0.6511702215250609
5871,-0.5806884621146202,-1.5067583206757102,-0.5594874648656167
5872,0.1541777861717663,-0.7468991789526233,-1.040170279296008
5873,-3.1504799833093067,-3.4627147821127133,-3.003812181500888
5874,0.8005827415759085,0.6576446756196522,1.142464616222335
5875,-0.5940687622942546,-0.2426964608768508,-0.5376883221173422
5876,1.1308479053097449,1.1635209254147547,1.463289436070896
5877,-0.0696743566952201,-0.1755381210038796,0.1448731774662262
5878,1.929859954700196,0.8184837752409424,1.0623641620124014
5879,-1.4411167298377998,-2.8160334461186824,-0.7325222199362342
5880,-0.9402913744611592,-1.2437230259095011,0.0947356814529054
5881,1.906331196031021,1.9842928407864315,2.268812171633589
5882,-1.704692390612148,1.6525803816289613,2.187061174246136
5883,-3.2528204685695448,-3.49853622427874,-2.134808039743642
5884,-0.8582872676483588,-1.2256509305033323,-0.4627926997725443
5885,-1.8716277721643428,-2.1153257465304938,-0.9411110491888726
5886,-0.4309155007008836,-2.659197411953672,-1.3591041068570984
5887,-1.0666816268791142,-1.6735267514769818,-1.5960547464112675
5888,-0.1742669271602877,-1.3258949185830926,-0.6106736214146509
5889,-2.085038796326686,-0.6644443507248944,-1.0405803433232337
5890,-0.19081741413405,0.4899586986650062,0.5063153733107848
5891,-0.6149426384095824,-1.1139776458639628,-0.1160847337765966
5892,1.329007792071891,1.6452475098904693,1.4921589684990937
5893,-0.7323766428698235,-1.521515039612321,-1.9486585102915808
5894,-2.056630226280248,-0.295857794786587,0.4504346452415519
5895,0.1480603846233267,1.3679272007796108,2.1845367335753245
5896,2.145030918059342,1.5329653725328485,0.6863965958251202
5897,1.015357884927655,-1.265929012686153,-1.6478138452146778
5898,0.3163071303229368,-1.4025885023890514,-0.0939801587746432
5899,2.0164918662532343,0.4898405194392163,1.6141499233215542
5900,-2.267924123444287,-1.4440715831338224,-2.593160074733483
5901,0.0216413175767517,-0.75197490017161,1.5039584215921702
5902,-1.1233254858531183,-1.451200491654992,-0.5902753781885085
5903,1.4654801639832271,1.871016211613146,3.2333519937074526
5904,-1.829262437917692,-0.5024164884444935,-0.0514395634328976
5905,0.4460743581757608,1.5485511595295125,0.9681396677181158
5906,-1.9243220267618368,-2.4296487911262563,-2.6570783145655628
5907,-0.8611582884815654,-2.1664961762366737,-2.307076925035882
5908,-2.069842246742489,-2.656752406173979,-2.2009345195172827
5909,0.640856007334299,-0.90725603821107,-0.344591727762803
5910,0.7456761650804876,-0.312667113556775,-0.0642896380444501
5911,1.1363464299947976,-0.2009980328422445,-1.1588555002552474
5912,-0.0096977351007306,1.7277199313906255,-0.3773731030681377
5913,-0.898598855785976,-1.0016440983805954,-0.0258715757094017
5914,-0.5701825600440649,0.1423506655148881,1.2839081934319432
5915,-1.6659119432273255,-4.03739055785428,-1.4127429398127649
5916,-0.751500665020478,-1.8195762328665523,-3.268881069601241
5917,-1.1272530954571272,0.5582561779969138,0.6871480855425419
5918,1.9409352816174092,1.7157078606248826,2.1782176323346776
5919,-0.7461055597647369,1.4077729277801752,2.0850699148249507
5920,-1.1838667856891067,-0.0241818730289022,-2.4322300898632254
5921,-0.3541756862621029,-1.0995014960690463,-1.1944355893004135
5922,0.8916279508728642,-0.1334697916025472,0.0224164733309893
5923,-2.8389583008857016,-3.431411120753338,-2.146001035217528
5924,-2.5759728650901623,-1.9893977350994132,-2.8789929948768203
5925,-0.2901154569275259,0.0894521707895407,-2.325518011404617
5926,2.4346087603087785,2.4317059320633896,1.4136740008776112
5927,-2.946636222517688,-1.1563605632630671,0.1883846670747506
5928,-1.788131117727648,1.092746190917809,1.8212678409059204
5929,0.0483917664698576,-0.8309854177250129,0.8299725896668102
5930,1.9913018085173289,2.1034734111934643,1.9728546078743925
5931,-0.0031005756526807,-0.0862242068865114,-0.2174071802027337
5932,-0.0467012921606945,-0.2691808560997577,0.2302824582610947
5933,-0.0932312264912847,-1.8665381849825031,-0.4072265931351877
5934,1.4657339326926802,1.0937504371070763,2.8458763494998025
5935,-1.6391460263714288,-1.9896229071204603,-0.1127478182600375
5936,-0.9405259741655456,-0.7362772477401306,-0.2603373222943872
5937,-0.9057185474687064,-1.4320774914587324,-1.1181581467856545
5938,-1.0086446250261951,-1.8661992332199568,-3.022933809166672
5939,-0.3009776650440398,1.3713210609311184,0.501709609292747
5940,-1.4922170334935565,1.317898953444768,-0.1005341163276588
5941,-0.4204556984530614,1.7382766699198728,-2.0971276034000064
5942,-1.3191055870686763,-2.715732088539082,-2.195139401992248
5943,-0.6726732094148009,-1.3628192417296718,-1.3340817870089978
5944,2.1087127182123684,2.017500369623245,0.2706388278363687
5945,0.92868177364077,0.1425170316872595,-0.5548897959694113
5946,-2.3724428285590804,-0.5908049424208867,1.6363413310687012
5947,0.0974894922378579,2.329438637109748,0.2012913372661223
5948,-1.5911667623940096,-2.1830080714274365,-2.9999955056980587
5949,-1.541287608064667,2.475344020170494,2.7764838333472945
5950,-0.2493071429397984,-1.7124473996323633,-0.7503561268790298
5951,-2.7080744863957,-3.310231859283066,-2.715796441439855
5952,1.6079007018902758,1.5459712389030722,0.739624964174263
5953,-0.9672007312671608,-1.3982645352821037,-2.3931569337404515
5954,0.6064745718886138,2.035526888284367,0.1884021478506104
5955,0.9164550436856094,2.4778901198595684,2.41025325736407
5956,3.006631130177569,1.922964015490385,3.3235898617367288
5957,0.3927122457754731,-0.2287716281816193,-0.0908720075147741
5958,-0.0676331682647137,-1.5449052919127633,-1.928988646633584
5959,-0.0026665453542001,-0.5183071829828503,-0.1784461887969518
5960,-0.7667362522552722,-0.5159818488424236,-2.019865029576472
5961,-1.0806747406586923,-0.927664776173977,2.2286964219213474
5962,0.368402271866676,-2.0149825319823136,-0.2285531546660855
5963,-0.8879655120862525,-0.7173038882385505,0.0664903412234532
5964,1.1537490204700285,1.708017141074068,2.1740184258841597
5965,-3.071495681801178,0.1635184375183432,0.7880509529600341
5966,1.1710407791358957,1.7140477696307466,0.2330112408311878
5967,-0.3335480343568497,1.2191089223900666,0.5327973848150601
5968,-0.8094100320309774,-0.8454078765705964,0.0418009442559135
5969,0.4194339835882983,1.371720084183401,1.012750733684214
5970,0.0523565334785837,1.4305170293556988,-1.3309566608397607
5971,0.632909050039697,-1.277857516548781,-0.3091613200824866
5972,-1.0086991035355917,-3.1560078683999078,-2.558322671811578
5973,-1.009699538126675,-1.3082083444489068,-2.458497334909976
5974,-2.225013544963206,-2.491844869245459,0.5234139968832119
5975,-0.3724162568211377,0.2339102048004457,1.820840314528886
5976,0.294267868679326,1.4467022067508482,2.222731209471424
5977,-0.8419640588590112,-1.5091084021713497,-1.2357428502494734
5978,-0.7043553332899568,0.0112209866936629,0.7395738136917218
5979,-0.9066595785958604,-1.034744456684079,-0.5878116148990953
5980,2.1012831915497725,-0.1587280640400732,0.2351212143283461
5981,0.3266075604429325,1.9461001128066648,-0.7494445271833279
5982,2.1105854212476096,2.55361180277375,3.2471978221199325
5983,2.0002521678475707,2.233910596232394,3.2772480804209243
5984,0.6411180453702371,-0.0630764210032553,0.7390819282294753
5985,-1.5595642558204277,-2.1544757701874317,-1.5989470489780324
5986,2.306442438181957,2.757647085174275,3.117509558603522
5987,0.1138647084167386,-0.2943103686339358,-0.5878360977923857
5988,-0.5376176566027077,1.2861293850057374,1.8183565035098723
5989,-1.0347417644364902,2.504290447250524,-1.722294932096491
5990,-0.408326360314978,0.7395825127356737,0.982630160869561
5991,-0.2125536329237052,-0.5034338131944077,-0.2532240631792369
5992,0.0535434604352953,1.0364721833386124,0.1740361797738869
5993,0.4473433323463324,0.0601394805238802,0.4570736339974048
5994,0.2147133208222643,0.479045891575852,1.1372874829531792
5995,-0.949837832346239,-3.610810045237856,-1.878107852845428
5996,-0.6243820569181254,-1.9903770890499288,-1.119547692311498
5997,2.2210274475296865,0.8589621470816169,0.318561373982587
5998,1.0061347351118182,-0.7875658836097619,-0.3553333950913673
5999,-0.8820712468884377,-0.9281886032289246,-0.5946915055895766
6000,2.054633644848168,2.317473525674654,2.3254971891164966
6001,1.3553295072895095,-0.7482325950167888,0.3508373590068333
6002,1.7537446033511708,1.0184520840611664,-0.2594011538044057
6003,2.0814161934594884,0.9406336954328852,1.041587341752766
6004,-1.8256104343172317,-2.32841059590898,-1.2564432888250956
6005,-0.636313015811058,-0.8177066481377261,-2.431809854702284
6006,0.4794172519533973,0.1711854194628917,0.964417729849174
6007,0.7457426823676303,1.486707611459628,-0.2546053066955757
6008,-2.1827444299674665,-2.1051305722752662,-2.6095336923325134
6009,-1.721478432298763,-1.761023267530955,-0.0242419206101083
6010,0.2624304168295486,0.9908243715014706,0.7889725269965415
6011,0.4473595021661767,0.8151006376583807,1.433431851368941
6012,-0.5820184321856667,-1.395831365496487,-1.6728978959747831
6013,-0.5236874595513951,-1.0869147182952648,-1.01415439533284
6014,0.0529482358997185,-0.3570435703512612,1.6868493006062035
6015,0.4706613774850196,1.4099873393964957,0.1734807595867818
6016,0.580335682718353,1.8305624380060688,2.338102474113817
6017,1.153524307532487,0.0599129764050409,-0.0224500936082963
6018,0.5511063546406215,0.2343474980069179,-0.053492293116823
6019,0.6323406862471206,0.3185710356197042,-0.3694430267068439
6020,-0.7346204646642565,-1.1516660266916303,-1.0138584239711217
6021,-0.4808067860226571,2.143251541964692,0.1988362363709934
6022,-0.9560503667526716,-0.0119311646301533,-1.4375409234908545
6023,0.5006143188655262,-0.6096620349795304,0.9020542478486976
6024,-0.0331026478436497,-1.124849672470987,-0.5213696774565787
6025,-0.0676190631890312,-1.0974418238368882,-0.151360288978474
6026,0.3699028549273698,1.5231801440982382,1.12783877420125
6027,-2.8385432388771217,-0.6455385766155949,-1.8231616650307687
6028,-1.0183636726220058,0.1702265253627048,0.7393643653117268
6029,-1.6397206437737946,-1.761525814915535,-1.2785791148800036
6030,0.7686817629690623,0.464860778370624,-0.6819387594754377
6031,-0.6546187069969034,0.3977345854258344,0.6861614830308713
6032,1.4627238403858127,1.4095240691309168,0.5925821529689748
6033,0.97443588744568,1.983384373278383,1.1201812259967088
6034,1.3336763974263026,-1.0745965223805614,-0.639064850115903
6035,0.7587067112692518,1.139702707294412,1.2526275502631112
6036,-2.182954166310224,-1.6233288829130486,-1.5705043775785033
6037,0.5583623383493181,0.4271726923711985,-0.1719052170874989
6038,-1.390978436027155,-3.567362083116083,-0.5026800600546093
6039,1.6803327578119085,1.9384928024050463,0.8116572578497182
6040,-0.2589169443820222,-1.4470017845165664,-1.4916335606199365
6041,-0.5327410039237542,1.7369383167985906,1.9396636660005744
6042,2.9343638350256422,2.7173674877708223,2.335429436711395
6043,-0.4440305453576574,-0.4762098438620369,-0.8737827667698418
6044,0.4461278018082607,1.0300213521136858,0.4587922456601965
6045,-0.3115050942633124,-0.3317882818867858,-1.651412240508345
6046,-0.2041072142966569,-1.9357647399565605,0.1880745427658811
6047,0.1885777430531473,-0.4071829769696984,0.0168965956361299
6048,-0.1380324980854742,-0.3808850044859441,-0.3624863678950096
6049,-1.0145285990704376,1.8059465616418,-1.7734345038670658
6050,0.6067542741031992,-0.828072970027026,-0.7858879885012713
6051,-1.5887234058690247,-2.328400843809552,-2.8663665030164225
6052,0.9287017481241072,0.9845791229041424,0.5233589236696335
6053,-0.8221423416167895,-0.2981292716767874,0.0721005195067579
6054,0.9746357841852136,-0.2033425181259928,0.1176423077558432
6055,0.916509461393098,1.313636353353382,2.087803771562928
6056,-0.5872534764479879,-0.7023065418860259,-0.2302248781397635
6057,-0.5610574470646226,-0.0078782351028243,2.686452426645592
6058,3.8828179740112696,3.385571775290121,3.746733779425836
6059,-0.2595227573825858,-1.0477866463165806,0.2631272299794799
6060,0.580232441078894,-0.5030170480597809,-0.0825033005370856
6061,2.0753978642232367,1.1871420144669511,0.5343938113499147
6062,-0.3673310297940334,-0.4125053817249315,-0.339084857517329
6063,0.7587891952987865,0.5032152920838592,1.491527932990051
6064,-1.032681073884608,1.1013586526492984,0.6900720478039133
6065,-0.4418983926049873,1.1641860231011487,-0.5440049202800732
6066,-0.7099299605326429,-2.090626548732255,-1.0360636152736644
6067,-0.045186011962163,-0.8441998959849644,-2.3576554625267754
6068,-1.129693073933617,-0.2574873265918886,0.8901068874191684
6069,-1.2445515250859276,1.149966718536609,2.445204074387766
6070,1.0028701199700396,0.2331791969396447,1.533510348163983
6071,1.964124448076264,0.845489100873423,1.217362521006894
6072,1.0498468631274858,-0.2280753630941033,0.6255114349412405
6073,-0.1827783564444859,-0.6547540717680658,-2.287555945060473
6074,1.6655979756497867,-0.3231474998488369,2.238069649968325
6075,-0.420374113360003,-1.2703235971695026,-0.8435941927874032
6076,-1.7877042598444168,-0.2671880055219531,-0.2679047463540113
6077,1.006348390746084,0.6853382158602721,0.7365559861232194
6078,0.2919709517152362,0.0598677568487683,0.6623552959062333
6079,-0.1025701356142136,0.5750214892071992,-0.2373356777665629
6080,1.2543601870861585,0.3156268658676799,-1.1967227882257383
6081,0.9677932490803828,1.8026773605137532,1.2228992935743246
6082,-0.4611764036713856,0.4790991755440639,-0.0466856337998713
6083,-0.0075400273202697,1.2848106654752764,-0.8260055994025615
6084,1.5133853127066756,2.3762482921936856,1.9035102597573528
6085,2.224511396048274,2.376484361724958,2.146621462610676
6086,-1.202021441766985,-0.3584631043290309,1.5387922265421428
6087,1.7641175451703746,1.7435619239351323,0.9027109036373424
6088,2.3686227785062672,2.937884701006238,2.5518386779848115
6089,-0.7957918336171075,-0.9290825348824304,-1.5200851447445407
6090,0.6059033373338952,0.3871046774679488,-1.4923258381423037
6091,-2.14751908888094,-1.2257549935336467,-2.14258544362127
6092,-1.4818985913089078,-1.4496782027114812,-1.4401744102764946
6093,1.170862994357463,-0.3799056425031893,-0.0390141517401513
6094,1.4649814575682265,-0.4767994506672288,0.3726075504362115
6095,-0.3623252091733218,1.7054865382183688,0.1995653421024328
6096,2.2698574779980447,2.1443667495989427,2.2299152688603194
6097,-0.2806933644688248,-0.70795853880187,0.0172054449333921
6098,3.04257872949163,2.776638148641263,3.509111688286111
6099,-0.9471924617092922,-1.9496376609988848,-2.081589345625497
6100,2.083931557663984,1.6393258073705514,2.027870085836432
6101,-0.8473175879284589,-0.917221148049011,-1.159034526944142
6102,-0.9657975039803864,-0.9706803579760488,-1.650528262812692
6103,-0.4935644855266903,-1.4708716239185131,-0.7611966458214944
6104,-0.196349833819287,0.4896241281647167,1.0619369089035706
6105,-0.1479196461778782,-1.2403199453435512,1.8827116175842609
6106,1.8804382440566516,1.5473332780839544,-0.0653130818127063
6107,2.6866866648653662,1.7570521033207254,1.871717281559788
6108,-0.6576651257857459,0.3989478226513824,-0.8264083639839964
6109,-0.4391004469842364,-1.2808159248963606,-0.1396491311011926
6110,-0.60550137533829,1.835622732725191,-0.3417639157431822
6111,-0.229213568469941,1.1222940929666056,1.29817303709049
6112,-1.753868319780371,-1.8943147452430948,-1.014040423918611
6113,0.8453842411307224,0.8047929004503596,2.5361502325028527
6114,0.3490624931562275,0.2335398613324097,1.2181455631674094
6115,1.7073851063227647,2.0094397645770825,2.381096761264569
6116,1.0873795428599329,2.2634406915664007,1.5336208994478089
6117,3.3221412443398872,2.881501773031311,3.0887735934719043
6118,-2.4241836690616885,-3.335847747835848,2.1657005925985806
6119,1.4828439067218406,0.9687097444331276,2.4193389481791825
6120,-0.1721283523811559,0.2508169655298137,-0.5587594060231139
6121,-0.1481440912111303,-1.0119627986997886,-0.074689700095411
6122,0.2804622846568576,-0.0915284933555563,-0.3710912165482837
6123,1.4920389792397364,0.7103601359289797,0.191833286415952
6124,-0.8312480215442457,-1.021189743123511,0.3767751838865837
6125,0.6723152691384722,0.6600118987403174,2.212426772367276
6126,0.4668685333686364,-0.162872756836667,1.303783300943504
6127,-1.481779832281097,-2.070487087473734,-2.5309289299215427
6128,-0.2720869078704433,-0.5302643735624225,-1.5719019546323778
6129,-1.080247310494427,-1.2721437568697391,1.0479849530779513
6130,-0.622475777979742,1.4593540196112424,0.0450641650247566
6131,-0.4066652526594344,1.7696920651143675,-0.1027838941385399
6132,-0.5402691670003332,-1.0839470372427742,-0.5374416126229262
6133,-0.0568567542980868,-1.6924492455230282,-0.1098147917805807
6134,-2.148149117376195,-2.57472796227736,-2.349562974645032
6135,-1.3044316700558003,-2.0309236244226656,-1.9285588622021024
6136,-0.6351787653241041,-0.5216829590355646,2.457148522986455
6137,1.2827878719648829,1.5711710532487146,1.2230331717244805
6138,0.6326989883089607,-0.1583426133234894,0.4009862664423088
6139,0.6875106940997086,1.027770590785169,1.8104533664803069
6140,-1.671586912724225,-1.4694998912071475,-2.622398407634398
6141,-0.8227118382401751,-1.9493428921840552,-0.7850890761195851
6142,-3.068442076516391,-3.070172508717392,0.8882506907597763
6143,1.6904969645122372,2.0492622482467224,2.990799565311298
6144,1.1710052708217351,0.7088075655027868,1.2982603949739815
6145,2.1068070003747863,2.376117567622792,2.225954921782157
6146,-1.183213876168677,-0.7691751798432246,2.3342455613601385
6147,2.6214654955815275,3.318982582858349,3.588384609780838
6148,-0.5801729069891104,-0.6015641769123447,-0.4050454946420486
6149,-0.5084484100103023,0.8947060680599095,-0.3708939636252
6150,-1.8256791560515695,-1.48092006820379,-1.7290067736639976
6151,0.6723006121250455,-0.4757030625146812,0.2631350249155826
6152,1.9251585733249736,1.847774129676222,2.217254055606376
6153,2.0657513104676988,2.085685373611392,1.8201201437992311
6154,0.6882807223219242,0.3867299182185315,1.12752458794884
6155,-1.5140902509175398,-2.2626928774547563,-1.170039299091325
6156,0.1184848078631255,0.3356859880652532,-0.2786237522602645
6157,-0.1718991449013152,1.9993625419843388,0.0307118945378582
6158,0.1182164741298698,0.4209769795862088,1.2524880681489097
6159,-0.296733756162305,-0.0919400020252503,2.92143502724527
6160,2.283266793047808,1.8390830623958956,2.0539082934564803
6161,-2.281581560924222,-3.624903854272592,-2.670904053939708
6162,-1.244593495280082,-2.2478884397098384,-0.967299797133876
6163,-1.2421134832451834,0.5030501605386247,-1.2501485660494842
6164,-0.4886733940296398,-0.9753674136274966,-2.019836223343105
6165,-2.147433959535289,-0.8762985528998763,-1.4928051271071818
6166,1.6054045472555127,1.6855059287998246,0.5921052610335621
6167,1.8536679951300263,0.6853317725088648,0.6622878282963932
6168,-1.3721859767990794,-1.6064853141144892,-2.8107858207609224
6169,-1.906588654305796,1.450794605617626,-2.350986459362873
6170,-1.440460038715218,0.5028431062985116,-2.379510088355272
6171,-0.9134827864761824,0.2239741123707737,-0.680688971697662
6172,-1.4930489251961938,-1.866637241522527,-1.2768569282437563
6173,-0.9838627157498412,-2.239094260968544,-2.019858418309798
6174,-1.008764161576947,1.411321007244224,-0.4471782553742603
6175,2.315105041751054,1.1218570235885854,2.27683987385692
6176,-0.6737378061054122,-1.8662595591222937,-0.0224476180200949
6177,0.1180057565644564,1.044638243793257,3.235789210395568
6178,-0.7138376817447508,0.2346353982378878,-0.3399865280392121
6179,0.6331479974918417,0.658015150953426,0.7600345968020428
6180,-1.745209809805163,0.3860559784902579,-3.4396148135336406
6181,0.5596432681095933,-0.8932498111875006,-0.5036883551830604
6182,1.2224620754195223,2.0964361793783173,-2.4741240846542354
6183,1.0984321198899898,0.2505442242765039,1.1715826547624415
6184,0.4195201472027936,-1.894364833114011,1.4946711819209246
6185,-0.0572410832882886,0.6572997005361253,0.140103071431251
6186,0.7462099450291394,0.9131154350003752,-2.570581266885583
6187,-0.6373120205187496,-1.7612223378807588,0.2373825921913959
6188,2.077812500637217,1.8611971871566977,2.374239224906584
6189,0.123107337939355,-1.2189846008607057,-2.243601798215886
6190,-0.6519100428059377,-1.7347048452085247,-1.9538811139685932
6191,0.1520072798862412,-0.8260733252587599,0.2369957815341887
6192,-0.8568667309154596,0.8930536037302393,-0.1807935278840599
6193,-0.5859071450878663,-0.9601804234481144,-1.4129197353518954
6194,-2.0008186689141465,-1.937176530383039,-1.357021090175912
6195,1.974484363543957,1.4678537717646911,0.3514432182515161
6196,-1.5594052354572108,-1.7608198669499773,2.0438749375385825
6197,0.7239023005894089,-1.71143035996116,-1.6257595573126258
6198,-0.9558818238642264,-2.8167525984927297,-2.404010504074518
6199,2.438066685573451,1.0250366497460093,2.546800928707222
6200,0.4705954167912882,0.8944938867323845,0.5052951131929302
6201,1.7352478314980393,2.673041724703865,1.493289942864542
6202,-0.459625651012727,-1.2131958698273364,-0.3748320942161177
6203,0.8001817362929349,-1.3984409829137745,2.66127634000747
6204,1.7413947533731835,1.6544842683290102,2.175051837904553
6205,0.2623780134070673,-0.1757058117833945,0.93522572425429
6206,0.3272326532163186,0.0112383161051121,1.119511481664804
6207,0.0228272728009538,0.4651492199304683,-0.086064880523224
6208,-1.319931407506285,-2.3778420815047894,-2.144306332719321
6209,0.5020339507124129,1.0941142139797884,0.4798420730334408
6210,-2.147396982961969,-2.328446353606879,-2.5886209448988597
6211,-1.5137692760425847,-1.1694972216736348,-0.5527669925209786
6212,-0.3318586755749978,-0.1747763832005674,-0.1361324974602694
6213,-1.080876155367498,-1.7190504602827674,-0.7328991643459648
6214,-0.5482146995108542,-1.7984946749414334,-0.8252003057056847
6215,0.3680849391522326,0.816069868635382,0.2822493008176123
6216,-0.4836142534890857,-0.7654199441094071,0.5047425411631201
6217,-0.3751334204955505,-0.4163751048419777,-0.215806899492537
6218,1.1294886683324654,0.8180437154978868,1.1424850403140254
6219,-1.8720562918969528,-1.29749305553977,-3.139207275223861
6220,0.0540814197726574,-1.1781856987965265,0.3121535685680408
6221,3.239629330032502,3.2196314827774315,3.342434437117261
6222,0.5506980832586544,0.1507825163851743,0.2027826608667336
6223,-0.1729528639526966,-1.3598342892711262,-0.3340835267561775
6224,2.2820393985782275,1.9037516016191445,-0.2985143103740955
6225,-2.4290564488466293,-1.9463479885213777,-2.5060332026975023
6226,-2.842833572541801,1.101049883109754,-1.6769537386438615
6227,0.9675308952601692,-0.3554689599695733,-0.9678303967056752
6228,-0.0714276789289714,2.7569546294989817,3.301440051934115
6229,1.005973274704844,1.489483622070245,-1.7296902193823958
6230,0.2620970770953215,1.1834681727233067,1.0915112995389642
6231,-0.0025473991981644,0.7392365753785525,0.0002092293787786
6232,-0.1036141906581059,-0.7654216882302967,-0.7616312462239152
6233,-0.93711060984769,-1.1238280663011708,-1.119481579644754
6234,1.4820036243559256,1.0239212073806212,0.9787965002341104
6235,-1.6707834140216504,-1.529999214649099,-1.7948827943460848
6236,-0.8184872055719455,-0.092977429984544,0.4985989857890658
6237,0.2938957844793069,-0.8673288853070626,-0.8432326505870119
6238,0.2560390555154371,-0.4274065395147386,-1.083973879799028
6239,0.1186332177898718,0.4208055108894228,0.3820461551107674
6240,-0.4306147914352644,-0.913261028405541,-0.1283287721793481
6241,0.0079077016117308,-0.2009869559840105,0.2708481337989086
6242,-0.9503210840576872,-1.882856096796268,-1.6509271051301353
6243,-0.0548242725791442,0.7785641433853133,1.2178522902728306
6244,-2.4245998436274863,-3.66067785336263,-3.205054295723819
6245,-0.0095817857854367,1.126040636652203,0.3497887458832729
6246,-0.3221754109129353,0.1509186179566564,0.3544281917630977
6247,-0.3238621574434815,-1.7119033957637944,0.1050227071131126
6248,1.8253511764121524,0.4895693387119458,1.6858184152383366
6249,-2.277451865218544,0.602055050596006,-0.4621647905145737
6250,-0.6840432810549358,-0.7107064508104899,-0.4483653177779058
6251,-1.336472581830361,1.024540193390202,0.9022127753286456
6252,-0.3094695921970866,-1.1495435544198973,-1.1589827925519829
6253,-3.0321279623660145,-1.3886886590995298,-1.1799525585063424
6254,1.4666972480353793,0.2508430453458138,-0.7981032733722613
6255,-2.0565489889111737,-2.409979617197665,-1.5200850266862074
6256,-0.6766670015339662,0.1642317936069263,0.532888207631166
6257,1.514981487937625,0.9311654811842244,0.3408726027309173
6258,1.0980238086121892,0.8703095417648598,0.5313696714047923
6259,0.6410653410042318,1.2944233422552365,0.1549484830237708
6260,-0.5394860878844443,1.2217719168723145,0.5629208614891948
6261,1.4085651689406928,1.7350779399239509,2.0538056442540475
6262,-1.263357922879064,-2.2474814701781,-0.9669437107891456
6263,0.4006289432408129,0.7749795027155463,0.368124760986542
6264,-0.0353259386243678,-0.7458338057983757,-0.6338321027902681
6265,-0.5254417310193438,-0.2276680807953508,-0.5881033228301967
6266,1.2550803920575804,0.4211860446532566,-0.7330438430842349
6267,-1.3345480595409491,-2.154910717852017,-2.660864167856169
6268,0.0057315098505294,0.6027588595683231,0.3688636694127051
6269,1.8631385159379263,1.4806669115130902,2.253806533321617
6270,-2.4431351407949515,-2.736609794262165,-2.709700632697697
6271,-0.7462470604606593,1.3365282728066885,2.0444622525854417
6272,-0.1394166108866278,-0.8764093684430758,-0.6402922002063614
6273,-0.9180864719213288,-0.6081185144575392,-1.7225820455762746
6274,0.4469835538547977,-2.019356232478997,-1.492081808849866
6275,-0.7186478988365914,0.9667760300356286,0.1176108781269366
6276,-0.2173234679245408,-0.174720445651296,-0.0161333241007472
6277,-0.1713782996501348,-0.4765424608915733,0.0938385349876886
6278,-1.3156812277206624,-1.4511869074277022,-1.159310015501939
6279,0.327207784827404,-0.7880944346924126,-1.5497571807355184
6280,2.069850575092155,0.7097976614407513,-0.1937893265613538
6281,-1.306507616568003,-2.4921346459141533,-2.530190954642345
6282,-2.6367567610796465,-0.4155339574364323,0.5040804109998491
6283,-2.913957729986852,-0.7014562388245139,-1.3340088237706265
6284,0.0053123676965555,0.0897566098273069,-1.3136027601035256
6285,3.006973128452372,2.5723172529992544,2.567608858231739
6286,-0.97416556409339,-1.5160275100453426,-2.69328273478148
6287,0.758729524696008,-0.4054098236853624,0.9352670019841068
6288,-1.8056521391808595,-1.9108478227402332,-2.2791551306783835
6289,-2.267437682312489,-3.4932738701529558,-1.7227038119266065
6290,0.1137359138341705,-1.1262196770353994,0.3554173730246661
6291,0.479458412401398,-0.2650506162266768,0.0665494716915857
6292,0.3394730147979643,1.5299404781778476,1.5703105254445462
6293,-1.0328193679982371,2.163571817246676,0.452105023087247
6294,-1.6711280684796317,-1.8319826444514893,-2.242002455089492
6295,-1.3044023560289475,-2.43069222750286,-1.6479217932691912
6296,-0.6409886010237845,-0.9256789164793634,-2.1463469800524866
6297,0.6328751018722687,1.4804943284868068,1.5393604413011377
6298,0.4244062716516041,0.2326518147564722,1.4564893040425757
6299,1.1710423599854989,-0.167650040762465,0.0951025760471155
6300,1.5599466844101202,1.6012528855913468,1.377731109556049
6301,-0.5764977405604608,0.3158151789227373,0.2002103423244121
6302,2.0119331981447672,1.8486169896981453,-0.6361849333712105
6303,-0.0100947623179851,0.0778790245303578,-2.1038887064891805
6304,1.2900570515996048,1.018126506950094,2.6301105381134144
6305,-0.2497626677248096,0.0891635376984809,-2.091095116353994
6306,-1.4657121586907953,-2.716468937653008,-0.8722528067886236
6307,-0.2278247309247452,1.587464590365379,-0.5919953736178357
6308,2.2487347499969643,2.6022224804329297,3.70977273502968
6309,1.6604727134628343,1.0930124798593075,2.826881773172849
6310,-0.2298943978037623,-0.064604456140267,0.6011311204992535
6311,-0.6610822426362222,0.1419908827038769,-0.7322442814464768
6312,1.6781027494222107,1.0767034911075468,0.7355720347596059
6313,-0.9102328271077263,-1.4599005690263138,-2.693393977027373
6314,-0.2938143078077633,0.739366963450569,0.7590976268384517
6315,-3.0427407065563283,-1.442587105382899,-2.15238667302861
6316,-0.7514965991487289,-0.201134319459026,1.0427912466032645
6317,-2.267392300764641,-3.612327255247166,-1.249990423330673
6318,0.4467795287749981,-1.606181373682341,-1.3340188796015555
6319,-0.6411984395491565,-1.2241101495982405,1.089747163772809
6320,1.1540396016442884,-0.0227949271264353,0.073134233383823
6321,-0.2976250436293992,-0.0928960588314234,-0.2776247012830998
6322,-1.5594052354572108,-2.2388885749877803,-0.8950683304459528
6323,-0.7390423497564439,-1.6190882732364669,-2.13411031499283
6324,2.0096969916469827,2.5721731525285203,2.611793606233187
6325,-0.9471065595413696,0.3059655558595095,-0.1107074323253606
6326,-1.9734958097869664,-0.9354975317982814,-2.736116202427125
6327,2.6865448333591195,2.170286321818728,2.172653912155196
6328,0.4473537951709375,-0.78632434847554,-0.1366199858793651
6329,-1.9734000402199052,-2.239509722592848,-0.8268582983790307
6330,1.153100444240246,0.5418845430448841,-0.0969570335715954
6331,-0.4249002255883282,0.6896417364607699,0.4781968915893441
6332,-1.193899890663376,-1.866135973178401,-1.5965681800095246
6333,-0.8467704240205738,1.163797031770158,-1.843068762149705
6334,0.5589828016851497,-0.0632547933335562,-0.0978268591962219
6335,-0.2322781366282644,1.416308574453771,1.218731873490574
6336,2.867508100837941,2.7206401802647564,2.935766687660413
6337,0.3694436796020867,-1.1355399470823846,-0.3041817071028939
6338,1.1364828203473651,-0.0628706263075843,0.4780530162594562
6339,-0.1774991654588462,-1.0498679536492057,-1.0837108869070575
6340,-0.8219138168476271,-2.494436446014949,-3.166280629761331
6341,1.982103209612672,-0.3317158377196122,0.5236131841854004
6342,-0.4634413022096156,-0.6268060475840075,-1.911798427652059
6343,-0.0696216159774508,-0.332530691885236,0.028357447374856
6344,-0.6236747911753464,-0.1827162968853152,-0.2446701048020794
6345,0.1876718778209937,-2.029787771617437,-1.0840384602027844
6346,-0.6611251705771586,-1.1702459456989394,-0.4185037625183961
6347,1.6034671452643512,-0.3554640884595025,-0.8270195660625518
6348,-0.9547307226274836,-1.206116417109439,-0.1841014417642734
6349,-0.7262758834161206,-0.953049511831214,0.4463627683502335
6350,-0.31957635112626,-0.4693758112852874,0.5633075615604785
6351,-0.6580579243087681,-0.7654228910722893,0.2717274142147196
6352,-0.3589152861786455,0.3157687021575128,0.2689782003664276
6353,2.1571585399923765,1.5084199912351814,2.0861085732535405
6354,-0.131633802666063,-0.1683593395771981,-1.118164386634475
6355,2.026180091223885,0.0676705653040777,-0.2717582684717932
6356,1.481992071993442,-0.8951803055794048,-0.9668302161804044
6357,-0.5844883880865758,-0.7833634288243884,-0.09897961399017
6358,1.208940721148977,1.921913764131041,1.686293481972223
6359,0.0637174409119168,0.5150369344687883,0.7397650440916336
6360,-0.0682145426884969,-1.508169555578895,-1.411636611604712
6361,-0.8330300445406902,-2.5165391822041547,-1.250661968886431
6362,-3.411696939203118,-3.2899487480597784,-0.124142897150389
6363,2.4289713915848563,3.304224473308297,3.03353008525758
6364,1.708826713905598,-0.1339495243022799,1.1211869519228406
6365,1.7952972478051947,0.2548871750170117,0.3692663334853134
6366,0.2813060935334254,0.1505227346648055,0.0746420970469954
6367,1.282335587081636,0.7391348149459639,-0.6998909288895262
6368,0.0866898871040411,-1.1915125861305724,0.341274894432226
6369,0.7162735993732297,1.6607647390803308,2.281326135881732
6370,-1.0342212261608288,0.1414114454629099,1.6362537517970022
6371,-1.8889752360152168,-2.738685059930417,-2.273112196821347
6372,0.3179116874785274,-0.5654325475703659,-0.8952769985503625
6373,1.5530792584803328,1.784493385044715,2.019172210970146
6374,-1.8306838649184412,-1.2347682481912006,-2.22581737530318
6375,1.9676951277408825,1.827708502383337,1.3836210753614653
6376,2.201393074928165,1.7064429896915252,2.018625202819333
6377,2.2645947080657627,3.0425351669163976,2.461857513510299
6378,1.2531335693980277,1.025047564743903,-0.0256856102303375
6379,0.4788790501618036,0.0117976180988064,-0.1159289843123329
6380,2.6345587231874594,2.32119249408275,2.0159595402516275
6381,-0.7133256850719654,-1.7988329225105673,0.4478208032136173
6382,-0.4275247973699103,1.400383240430253,-0.8268292005804124
6383,-2.446014753752188,-2.154625403731332,-2.8893705585055702
6384,0.8841589607112662,-0.8787479277160997,-0.1214099352742901
6385,-1.3720318879276223,-2.16951406731312,0.6615492509002833
6386,1.2881325885321449,-0.4004958567021719,0.7365068762512387
6387,0.4195737158271791,-0.0921399269698682,-0.2510447073296689
6388,-2.149018958567229,-3.105137452145439,-2.690952822140795
6389,-0.5428306558509686,-2.891666317612136,1.2837989824309193
6390,3.404639102914793,1.368956835328455,2.820686965943084
6391,1.7456167408928125,1.8922574024420893,2.653868880298865
6392,1.332660032735374,0.7079179344916713,0.3460705906837865
6393,0.051299388719388,-0.255430712481107,0.2595164472769454
6394,-0.781590554730648,-0.5949695065993899,-0.6924496348839905
6395,0.3261921871259421,2.377107204893966,0.812411633702838
6396,-0.2920054362866237,-0.6066546042257553,0.2013637620286231
6397,-1.1284471233226725,-1.2042071930135758,-0.5387034748806929
6398,1.491924150978183,0.8586549785028532,1.7646204332202853
6399,2.060476661857501,1.576159004718693,2.0195264858984463
6400,0.5866022198216049,-1.0998637125442277,-1.3309449684356065
6401,-0.5915911453529618,1.3614791364325542,-2.22318345270281
6402,-0.1376673957121847,-1.0969764034701577,-0.2447789183446443
6403,-0.7638307272215711,-0.8603447325062287,-1.014552055179171
6404,1.5465701357708457,1.6690120252037717,1.2227242130657874
6405,1.2142422959152228,0.940285456783764,2.0637361930198264
6406,-1.142701724282866,1.412487085625874,-0.8270193299458849
6407,2.0331202742415155,0.9672070083216388,1.0625642708876344
6408,-1.186255638779627,-1.0076889367720103,-2.0165585208617087
6409,0.3174937081118397,-0.9924767584168837,-0.3395580353178798
6410,-0.859854634776241,-1.215714417567116,-1.1966938259085702
6411,-1.0687926107174066,-0.382326900387291,0.0613442531946882
6412,-0.7862424046263345,-2.694807398868161,-0.6119117761515117
6413,1.1535405962480654,1.5485563838684913,2.498160886340297
6414,-1.0849223006689777,1.1633818768803903,-0.8955774570090457
6415,-0.7082794138057175,-0.4670576941968173,0.0351070366360794
6416,-1.6580434143019436,0.634493154440687,-0.0567863449287132
6417,-0.6885761083358922,0.2246872926895997,-0.4065187145725275
6418,0.5864719625139977,1.4930870170670814,-0.078408869727999
6419,-0.9478380060978538,-1.0463960642664225,-2.8761410045363163
6420,1.0496270934120286,-0.4685115693134807,-0.8958239628093326
6421,-1.3344231064615375,1.9091437921147785,2.9824193270647346
6422,-0.9902783139852542,0.8751315432253511,1.5714691779627177
6423,1.3500883233270178,2.233218893751592,1.127394212931558
6424,-0.5975514068792774,-0.6963830573867704,-0.9039851285392806
6425,0.1184918297377587,-0.6054474660127593,1.854073836175016
6426,2.131339350477917,2.0583236240159306,1.462670102053508
6427,2.124465645573605,2.0872158206278755,2.0000926890814754
6428,2.0026883414402823,0.752368748839337,2.348869681797341
6429,0.2218491903836121,1.4596651849144735,1.4335954340139434
6430,0.1128949819920577,-1.6272478721786343,-3.280293812494085
6431,-0.6609597572268926,0.5151994373746852,0.4211170404405801
6432,2.8672622446359344,1.844436907113613,2.983334043032466
6433,-2.068938282475755,-2.41012645551658,-1.5716585099812734
6434,0.3172412409509121,-0.4664586788844168,0.0411825988650287
6435,2.076553989817874,0.8040855768425802,0.1671420993344858
6436,1.0567443195767172,0.0118931520337185,-0.3684643177826959
6437,-1.465472377566177,-1.4504585643252563,-0.7435284133241933
6438,-1.5139725041987988,1.3701054510890749,2.325452401015906
6439,0.1159147648013776,-1.3936799220494875,-0.1265120541847048
6440,1.5273720095497367,2.102171370286243,1.4933930486102645
6441,0.5800274778476712,2.7963524361449426,2.2100518286026807
6442,-0.6726713070830546,-1.1033820509318777,-0.1626625417418018
6443,-1.7452584381604297,-1.5197300571278751,0.0413418030904783
6444,0.4701037937245564,0.7389996155059764,1.9965746301168403
6445,2.6843021102140647,3.3037996295164507,2.302547121323108
6446,0.5261194844427242,-0.6470021990210604,1.0475268281293313
6447,2.8042945583495524,2.540378698753592,2.741382457003908
6448,2.49892373522471,2.0489227231655245,3.367209943405867
6449,-1.7879155521225456,0.1707573258701696,1.70484408745536
6450,-0.6775076883088981,1.4150823014187424,-1.4923789235753493
6451,-0.5222726535156947,-1.7361969136840276,-1.953352963745759
6452,-1.3057649938125089,-0.864801698398353,-0.4042931165617017
6453,2.6204788987795595,2.8586609671879777,3.973221961017933
6454,1.0814261721360388,1.2642000249128844,1.5044695150455694
6455,0.9311338409915322,0.3363648858922753,-2.242921312708873
6456,-0.8547612440333968,-1.3768764497362855,-1.648019702390845
6457,-0.010736175303043,-0.4063004981490865,0.4789169263178864
6458,-2.5116971916270145,-1.691652843839614,-0.0779724227372542
6459,2.1551328848940274,2.3042250906453625,-1.3339474364306505
6460,-1.7221065329543757,-1.9892098511801424,-2.7902773518401887
6461,0.5863390068440861,1.778563751365874,2.8113419480425548
6462,1.0809603386496431,0.8753356407347921,0.8897963259430239
6463,-2.139038747572448,-2.659526028386097,-3.0631479391579126
6464,1.2140866755912751,0.1714556440216429,0.4773860163027562
6465,1.0985746424807992,0.503852480485526,1.335238873605149
6466,-0.8299398064379014,-2.105442798857473,-1.1702342905989858
6467,-1.82980685820021,-2.248958633226372,2.1328173345584025
6468,0.0530929622977025,-0.0854794672666866,0.9063464735515714
6469,0.215145470382014,0.9697550021884038,0.445299963156501
6470,-0.7695490475560904,-2.8599752608557645,-0.6709580628143018
6471,-0.6029414664177841,-1.990046307501916,-1.8927774767034948
6472,1.9338553127080893,-0.171011977479273,-0.7573274686205944
6473,3.4040519631456423,2.671050078403977,3.321874568842741
6474,1.6076278024816135,-0.0625976404689868,1.5038643822147817
6475,-0.1310183049533164,-0.9865865470528166,-0.6424116460108027
6476,-0.7029704532987807,-0.7664310713531546,-0.2004058645422559
6477,-0.2283667078700766,-0.5654463201111831,0.3977922867740064
6478,1.946638276656321,0.5417432536996112,-0.4578360899148024
6479,0.9287546567258034,0.2246276191288189,1.4330898361890754
6480,1.8700275725659845,0.614928638477888,1.57152238032403
6481,3.245194257575636,2.587962357435135,2.6340851113429324
6482,-0.8831825422487313,0.5027907029299131,-1.929203361691686
6483,-0.165992656759168,-0.7414562333363311,-0.64195342918796
6484,-0.7822038365030937,-0.2636718171567602,-1.5484972205616871
6485,-0.5199756968664914,-0.4762130812246153,-2.330684210141289
6486,0.6410787545027873,0.9400211991285888,0.2689102837540006
6487,-0.1040843727769883,-2.3249579337805746,-0.5871660577207721
6488,-0.0688020804170892,0.4202310846617751,0.141491371011709
6489,-1.4412119653208533,-1.9493925814525648,-2.4708552380325863
6490,-0.3860592946883195,0.6348737709801392,0.1361602073398062
6491,3.6544969378189793,3.494441130508746,3.632378551486985
6492,-0.1656337734983277,0.7088520470533426,0.4480863205542432
6493,-1.4652602543633588,-0.8948481161357732,-2.092206646702917
6494,1.711033063117974,1.2141344878998883,0.8899209714752416
6495,0.3512012610653031,-0.4426061437097565,0.3068225302657605
6496,0.0863902401300522,-0.7431043208747621,0.1131115984925192
6497,-0.379591765353764,-0.167761948832267,-0.1813329694862773
6498,2.339829274975277,2.2910094682648445,0.8606338547957441
6499,1.0155466476361366,-0.406861122791865,0.0309387375126428
6500,2.744548461713353,3.060224986896167,3.252331166896671
6501,-0.2186219014675314,-0.5431281613925556,1.7888191191165983
6502,-0.3415104109060396,-3.5583642161573223,-1.9904447496030375
6503,-0.7750611031472987,0.6149927817509063,-2.6410260892894737
6504,3.1588972526293766,2.2102969361610967,2.648879742759702
6505,2.2582703368231427,1.8328069371428204,0.9013446122115742
6506,-0.6159340249557126,-0.1024425870287249,-0.1552335481701534
6507,2.1672031474802207,0.8946533835806261,0.2706979750614375
6508,-1.243214780346891,-0.8702498712783571,-0.5527051374679363
6509,1.087956613766944,-0.0116598154352061,-0.1212819889308391
6510,-0.2968737950332659,-1.206077784858635,-0.7984479040320752
6511,0.3509990947218395,-0.7058113711827855,0.0420322718354208
6512,-0.1475647687118752,-2.0700942392788946,0.172058097639292
6513,0.3272297449799061,0.3403402167706587,1.878185949090484
6514,0.5800769401996735,1.3975185816282334,1.3780584072866509
6515,-2.838709192322084,-2.8601929176378964,-2.666831905521724
6516,0.187843374741683,0.5149415592281202,0.8112644848672143
6517,-0.4397666515431823,-2.239277333519844,-1.278692332821802
6518,-0.4309250597901332,0.2337829441176104,-1.278291997013003
6519,1.6790978726701518,0.9689514001391812,0.4997176847229433
6520,0.5255051501843766,-0.0221605182297684,0.1070700318844925
6521,-0.7717468866956687,-1.4496355124979678,-0.0699715019591731
6522,-1.4820361707242753,-1.8340748688569757,-2.391439939409125
6523,-2.7872267669574984,-3.2798862505530795,-2.3949708977045283
6524,0.0638777203493008,1.5059814320035665,1.7666541904199582
6525,-1.3041449205389952,-0.4669302345555374,-2.144556386483429
6526,0.9310981490174138,1.7763116251991335,2.029389625956091
6527,3.738529454464468,2.7205939911322337,2.6046676052248894
6528,-1.4129274543890324,-1.198065335435385,-1.1177862282493336
6529,0.3395307842818466,-0.8603264522613687,-0.6086575674862668
6530,-1.1302722530604608,-2.029519823485724,-0.8661821194017114
6531,1.3541419170114029,0.9670609833037164,-0.0074501518014939
6532,1.482647516559619,1.7245867282421092,2.128286968848488
6533,1.2887168887793372,2.0562095427344937,2.153677192871361
6534,-0.1417806906673636,-0.2572681365476197,0.523405168799082
6535,1.5492148766880778,1.5440610395630234,0.9831682707535208
6536,1.015583566138575,2.1021701516032523,0.8604496108514981
6537,-0.6456281877298577,2.482770910791563,3.467929750116707
6538,0.2553060018842093,1.0179965046253765,0.8874826160481916
6539,-0.3462665194747906,-0.9071935771505648,-0.4913188649341699
6540,1.207879751579559,-1.2788366299308978,1.0624254342874726
6541,-0.3589090235821413,-0.2411372006132393,-2.578946902693371
6542,-1.7221600162076225,-0.4163929069034707,0.2684796589755213
6543,1.3600634062989263,1.354663677292795,0.6011218947272884
6544,0.1881097305093601,-1.1034499919149934,0.48058696185162
6545,-2.883606978139184,-2.966398745258477,-2.50593395187534
6546,-1.2441868718692928,-0.181553300980409,0.5907726295788855
6547,-0.9551469720064516,-0.5030076001314966,0.233025162758038
6548,-0.2196679999217284,0.3403632591748933,-0.9408359693678086
6549,1.0810484403886476,2.3045262447633887,1.80806124800178
6550,0.3699224132756373,-0.0223921886393756,0.1925345974174538
6551,-1.186412818940172,-1.1304913780860528,-1.650740370688342
6552,0.8002296210764654,1.0361367107068282,0.5638621996111243
6553,2.7586747139068,2.045636178876312,2.7275803992049967
6554,1.2539198596698085,0.2328288020341453,0.6866192289217276
6555,0.4704888374130198,-2.2390167979442097,-2.679301101677637
6556,2.8177078984151853,2.775668743519629,2.0843166722895288
6557,-0.9557092680498654,-0.7010448620219768,-2.4336168207343984
6558,2.5867000725630285,2.2468551589140318,2.121571272868578
6559,1.354179676902893,-0.0860480506766699,0.6911304997926457
6560,-0.5111238684313985,0.6866816256045819,1.7578334248639105
6561,-0.5988674043127049,-1.7038379685750988,-2.304021051791989
6562,0.6414754616901508,-0.556674935092416,-0.2247778972540196
6563,-2.5607850264285545,-2.579396462684593,-2.3509075068813248
6564,-0.4826008152590357,1.2894495984547971,2.624233246673719
6565,-2.0106691298938406,-2.34503514361151,-2.5455592344764204
6566,-2.0105513831751,1.1409597787992782,1.171264243433155
6567,-1.4406757455598416,-1.5618341659227677,-1.7282470907157628
6568,-0.2271017662069785,-0.4423939761028509,0.0586531319751047
6569,0.7453859575745172,0.558208879672708,1.6820712590161853
6570,2.1628714109645286,2.75779259592336,3.167065746771442
6571,0.8534344469339188,0.687048954683007,-0.4473364285173935
6572,2.283373823747073,2.5318428063620586,2.443457867654052
6573,-1.7452854274920817,-1.949355082308339,-2.640998494218551
6574,0.6071493051799091,-0.5904866931047574,-2.7211406604473365
6575,-0.7803774209842197,-1.733073933265192,-1.6734535957188266
6576,0.188210091189162,0.2507055169703178,0.191904101599597
6577,-2.652146875647038,-2.6889801442800194,-3.912800947720432
6578,-0.7711787970615798,1.044649090071874,-0.5585521906383834
6579,2.316881916704853,2.2658203958383503,2.2553022703873533
6580,-0.2703021937290671,-1.4834174183321096,-1.5718785689790538
6581,-1.440411345540905,-2.7776054524634217,1.7972719005843456
6582,-0.9838982124301696,-1.6270337663039212,-2.0816423581984043
6583,0.0963129753217613,2.0356707406825243,1.2176089361688185
6584,-0.4925692798996791,-1.4760009687351088,-1.1184083294034703
6585,-1.1940217376866245,-0.9865915937722728,-0.1376307754736479
6586,-1.1286363095869545,-1.2086990501032464,-0.3110966883810749
6587,-0.8175207165843683,-0.4063529624518344,-0.6133532488050516
6588,0.3512151543012374,0.2329550287033346,0.500181964795112
6589,-2.2462000899565497,-2.9589041322432545,-2.267167793841838
6590,-0.4644162074592337,-2.07100527180422,-2.4858637028690698
6591,1.6422036092447485,0.142401399651194,-0.2475673935864997
6592,0.2623969019431986,0.8048412821650888,1.970235273133695
6593,-1.5912943213393125,-0.0082202584841532,-2.587482526728487
6594,-0.5516694241754678,0.3866040116491409,2.157198294730766
6595,-2.652187105775941,-3.983809616772637,-3.138974255995587
6596,0.9316814858865096,0.163414727595838,-0.063457990362216
6597,-0.9912385159342412,-1.144002331360351,-0.1469417263030772
6598,-0.1952417835018828,-0.4693725034698072,1.1443907379329112
6599,0.8306371029377674,-1.7354802795212476,-0.9665520719758912
6600,-1.3371021247838115,-1.2922803110173076,-1.5974232747639714
6601,-0.2857379676091542,2.0229402466369857,2.098396834383508
6602,2.3086933589688208,0.5585086900180768,-0.0628374015311498
6603,1.7941966287024913,1.759262523707109,0.1568351825861374
6604,-0.1477390061922464,-0.0096443091430932,-2.018754572891846
6605,0.8921922674404064,2.179914879848502,2.164432808035868
6606,-2.5935110452874595,-2.32993430319116,-2.913089394252759
6607,2.0258249757227293,2.232002899830156,2.1851326914829934
6608,2.111126679830922,2.4046802948477475,2.9508725818706547
6609,-0.6838413807297841,-1.6741733183952188,-1.5970256904343878
6610,0.6877870672337377,1.8392217706713976,0.5900031246562545
6611,-0.5230715533509616,1.3236188338000987,1.6150831744476408
6612,3.321102413265069,3.059850722391023,3.398012646015084
6613,1.0560335228568092,1.2939529725159018,0.2699276294815315
6614,2.4201879881819437,1.8021595370358647,3.031673027672084
6615,-2.084334223819,-2.577186234293916,-1.8879010702701533
6616,-1.0136769012639346,-1.3453476222184997,-1.3922688155762597
6617,1.3999563227548886,1.1816759775172414,1.4134344837500914
6618,2.127260466067936,1.9452877509202484,2.291406271130658
6619,-1.58844673549566,0.9806238339114542,1.2834322953867967
6620,-0.6002763033677463,0.1642565328716367,-3.0899195420502754
6621,2.2122526676648167,1.6832060727371665,2.582548290498248
6622,-2.4423233207221826,-2.6568596792676784,-2.4313615466987666
6623,2.7401524522534246,2.714249587257891,2.763590936692285
6624,-1.244249529921189,-1.3885726787741983,-1.572395508845784
6625,-2.166725673052288,-1.2949580064683102,-3.399147009738036
6626,-0.4155104798407452,-0.9388559343389752,-1.08399723618375
6627,0.3261877654195599,-0.1359675755260381,-1.2357715786026815
6628,-0.61444672849331,1.4952936674968518,0.5910241422803868
6629,-1.1412635131476745,-2.4946933730646053,-0.175107248252439
6630,-1.4926438628863727,0.970302395201048,-0.1523422786657198
6631,-1.9171809021745976,-2.412403332652707,-2.6628627442958006
6632,-2.1215912853320105,-0.5598425356811507,1.0420552869206725
6633,-1.7534103341056015,0.7337681776229715,1.0915151970070156
6634,-0.4956625161575341,-0.959406265765784,-0.2933581526965713
6635,0.1882319210615625,0.2547192765068174,0.963572170331274
6636,-2.7331089956449257,-0.6461685686646661,-0.0816374794038298
6637,1.7346501442475972,1.912264365456533,1.3347828698431403
6638,2.6809138382389337,2.858546263923286,2.302177886370349
6639,-2.0841014741159083,1.5695983354096898,-2.3419541479544126
6640,-0.5007309195064502,-1.761264557634705,0.3115129840506282
6641,-0.0353212719668024,-0.4012985473621691,-1.1809325343088908
6642,-1.4813754321813806,-0.2284173010015986,-0.3077700321371167
6643,-1.8382197386825485,-1.3661531362331658,-2.4997030426452564
6644,-1.481160665353755,-2.239256885205967,-0.3077826938933814
6645,-0.1032676811175831,0.967006133708846,-0.8958821655677337
6646,0.6325319275903002,2.56925433614886,2.641103476450648
6647,3.355492601075555,2.7578657169028,3.0081097562935795
6648,-1.3355810367617862,-1.506574072379984,-2.132957829541488
6649,2.368224477796868,1.244830149618422,2.0508700431922677
6650,-1.5599840219327696,-0.4684212358798235,-1.439887882701161
6651,-0.953759618829951,0.5833725815066579,-1.0140488093801758
6652,0.4713233667498721,1.1633595040193243,1.820764993312132
6653,0.5592413379670401,-0.3224252506053623,-0.2434114312146489
6654,3.02717247900895,2.633647374532861,3.1926893284130964
6655,-0.3596118328345009,-0.1682814675223333,2.206120488379565
6656,3.3220488100313808,2.3758623628245856,2.893965301295074
6657,-0.662568917062887,-2.344688793905564,-1.647444884905816
6658,-1.084914677220853,-2.154523643298744,-0.6993672221222498
6659,-0.1230625894280358,-0.858183337288143,0.1936804612428226
6660,0.3921277714929154,0.318917694682021,0.8313206387475465
6661,-0.6767261201990007,-2.029449505477163,-2.434604696729263
6662,0.4710575585547271,1.5129415926628256,2.4189953752420306
6663,0.3395251115883656,-0.7660524265479565,-1.0913295774788814
6664,-1.3720912168989627,-0.6966301105722599,-0.4249370212740924
6665,-0.0542174391382604,-1.1821752110824917,-1.2766925729804754
6666,-0.9912761764774444,-0.8972800891139673,-0.7335678163269576
6667,-0.4753078363721062,0.8754549878563538,0.3975391393343911
6668,2.8685803526738223,2.8932771187014144,2.919242494481589
6669,-0.953251533332426,1.6406319680457715,0.8267843054525088
6670,3.2707502875977243,3.2686586559298365,2.394306488872299
6671,-0.1399027325464811,-0.864789508274069,2.5102924278587317
6672,1.795741911217482,1.9353747940620745,0.9640136060025208
6673,-0.6210688348934973,-0.6036478600964235,-0.8267840396872775
6674,0.9286279138732004,0.7513385091927047,-0.4850928581298955
6675,2.3898447547995536,2.427074563260146,2.3588067437674307
6676,-0.8862901357272511,-1.3768203903187153,-1.0912003705077242
6677,-2.0837755758900545,-1.0409268053834884,-0.6423268782532368
6678,-0.8613326075512526,-2.8148630128358745,-2.598897465368508
6679,-2.351075629690796,-2.1803140508082826,0.1494955745751363
6680,-0.4486546508884882,-0.4760677838667111,0.3329128717526934
6681,1.6093822406112466,1.8490109743030336,2.3228703766702306
6682,0.5508114820495028,-0.0098628053910802,0.0566431197694888
6683,-1.588034761776834,-1.4456338378727387,-1.4124689768840726
6684,-2.575877810221362,-3.672316821184463,-2.983565052681915
6685,-1.076397585518419,0.5418482048648755,1.3602243498486315
6686,1.2883369702991467,0.4659700216322588,-0.2561857668701809
6687,-1.009036432520114,-2.5791051613429583,-3.157403022187505
6688,0.1525437968865883,-1.206328927571056,-0.3117483106283216
6689,1.9431165395820849,-0.1749090368441007,0.6544811796872354
6690,-0.5944691042396414,-1.3975798648356177,-1.3140084605061475
6691,0.2435894112140961,0.8942446578714821,0.310188782753253
6692,-0.8577413428665372,-2.010174627908837,-1.5182094535805275
6693,1.7057758440702848,1.3677794935859298,-0.0406035512593677
6694,0.2620317031358538,-0.1768446710381666,1.7858974353391897
6695,-0.8582674009728973,-2.167371019186127,-1.1182403244172945
6696,-0.4905230033516933,-0.4650627206097054,-1.1195566647448416
6697,1.1364035263913033,-0.8324045336916618,1.2782442750020535
6698,0.9286054425794464,0.2246461945562993,-0.9036816412232666
6699,-0.3802966037305906,-1.3002351651213846,-1.9106905175427684
6700,2.360518354680711,3.0162523470022022,3.834566911743218
6701,-2.6730724404955475,-2.464488630929012,-3.0556124386651558
6702,2.739861575926468,2.8790939884571243,2.284573518938855
6703,-0.75298876880859,-0.0927764450958901,-0.5089377176073323
6704,2.2524508646229653,2.3312096835421667,0.2698035675392279
6705,0.3159848609651216,-0.4129651680766686,-0.1613010935321968
6706,-0.442880952800311,1.491866384183636,0.8604995102530647
6707,0.5865982949309801,-1.7732945276702572,-2.653166673903109
6708,0.8007147820797482,0.4896721215602282,2.9348151374926386
6709,2.934421875423462,3.059626773073834,3.476061509021537
6710,0.8079458815269348,2.0429892965628054,1.119864163074107
6711,1.1782825478154642,1.1418634322368528,-0.0332597287960157
6712,2.2792000176616,2.9294567694609777,0.3778427948699245
6713,-0.3414109977216621,0.0592001443754802,1.6963873868981807
6714,0.2933496072005602,1.344416615329972,-1.0357808242608422
6715,-0.0688113407059069,1.818568726690488,1.0897008665765624
6716,-1.5136300491378962,1.600670093954046,-0.338332361293479
6717,0.2619923622399829,-1.0499346969559185,-1.0908984938913826
6718,0.0078779960540894,1.2331578424011798,-0.0409467270334422
6719,0.3178342618335155,-0.7418385876937116,0.2344279462796223
6720,0.0428588564680084,-0.661239097042366,0.0848704086692358
6721,-2.4660585725543185,-1.7990196511304466,-2.7821950259412773
6722,-0.8226850866999916,-0.8643420726646346,-0.5910973060660552
6723,-1.0350992974418338,-1.6679279275075551,-1.4119076627919205
6724,-0.3632675821359268,1.2191358552841602,1.5700515209767696
6725,2.7446500719324978,2.4277382860664187,3.5540510468107973
6726,-0.7799164209192148,-1.182171690115429,-1.5958755567904128
6727,-0.1446385874291016,0.9832784946912484,-0.1394827881331489
6728,-0.5261943765693499,-1.2313054944508377,-1.1182403244172945
6729,0.5508715762616698,1.5938950238919625,2.210197878898912
6730,0.177609629083329,1.1631567048593432,1.3838753730117612
6731,0.2210839179907625,0.1422704428874571,-0.4264347408252041
6732,1.0565454911689274,1.7629442301688352,1.4292059320145811
6733,0.3395355677422954,0.5832460822122274,-0.065522681443991
6734,-2.16605028546035,-1.475617300690869,-2.3033334866753714
6735,1.354133340632263,1.6753991161853905,-0.4098372757955447
6736,-0.4312756139702892,-2.793348808522037,-1.9100764781884252
6737,0.6070415856447701,0.0599934892735263,1.7555513358842734
6738,-0.807009075141328,1.4592576570301672,0.1233942408281222
6739,-0.52845715221985,-0.7660698537147229,0.7193058170514406
6740,2.1472844437655367,1.6991262161173593,1.8540740723852007
6741,-2.51228467359809,-2.95630684178869,-2.563356956842634
6742,-0.9788471420241532,1.410733342000413,-1.0422404982714832
6743,0.1478281245548395,0.4649487214101016,0.4596693245881186
6744,1.4080294247626175,0.8751598707522588,0.8122395606174895
6745,-0.2257313771466226,0.8191079299509917,-0.4901517992786444
6746,-2.246176742023952,-1.866300402340218,0.4479369173815332
6747,-0.8842150361626041,-0.4797736722392904,-0.4284694393359736
6748,0.3393175829965847,1.3858209775951358,-0.867196405935804
6749,0.2621209943975656,1.4697779987145143,-2.2479495189154943
6750,-0.0454965107130146,-0.1350238525955814,0.5989914420948661
6751,0.2621216996513498,1.4657824246613356,0.2940353326776703
6752,2.8978093671248315,2.475815331335228,3.39332071807814
6753,2.7894985510079966,3.043215652484003,2.2816683395142747
6754,2.127002621169344,2.287569373298731,1.8782529819146363
6755,0.633044544918468,-0.4147725584550077,-0.9676644066888151
6756,-2.4299992928175134,0.9342952735064924,0.1102042395455241
6757,-0.9697201542767948,-1.7871282761005796,-2.8506174205450847
6758,1.9744702575013453,1.3602020816789993,3.549266784342284
6759,-0.7491538663390921,-1.3946174876432753,-0.8084753371479251
6760,-0.3171615216521342,-0.7010512584454737,0.3093410745294427
6761,-0.0323421907280331,-1.2444192347766974,-0.9043830938947244
6762,0.2804607038072545,0.6353124247933376,0.6178458521454955
6763,1.4823844875064387,1.0758484296178188,1.936943417553752
6764,0.4783187695141807,0.602502663580745,0.2293597058916881
6765,2.190878449239709,2.5906299936166435,1.7855499701571564
6766,-1.1855238786544118,-1.0288771486015555,-1.1589402839317884
6767,1.6101561876075392,0.8591403924565226,0.2309653259616653
6768,1.8325790390485863,0.6575264362517628,2.5210747493942227
